product_id,name,name_en,price,currency,brand,category,availability,url,thumbnail_image,gallery_images,description,specifications
2513,نيفيا ستيك مزيل عرق للنساء انفيزيبل أوريجنال للملابس السوداء والبيضاء | 50مل,nivea invisible black and white deodorant stick for women 40ml,350,EGP,نيفيا,العناية اليومية>العناية النسائية,in stock,https://chefaa.com:443/eg-ar/nowProduct/nivea-invisible-black-and-white-deodorant-stick-for-women-40ml,https://cdn.chefaa.com/filters:format(webp)/public/uploads/products/nivea-invisible-black-and-white-deodorant-stick-for-women-40ml-01708604736.png,https://cdn.chefaa.com/filters:format(webp)/public/uploads/products/nivea-invisible-black-and-white-deodorant-stick-for-women-40ml-01708604736.png,مميزات المنتج   يتميز نيفيا ستيك مزيل عرق بما يلي: مضاد للتعرق ويحافظ على منطقة تحت الإبطين جافة لمدة تصل إلى 48 ساعة. له رائحة جميلة وجذابة. يعطي إحساساً بالنظافة والانتعاش. يفتح البشرة ويساعد على توحيد لونها وإكسابها ملمس ناعم. خالي من الكحول ولا يسبب الحساسية. سعر نيفيا ستيك مزيل عرق مناسب مقارنة بفوائده العديدة.   عن هذا المنتج     مكونات نيفيا ستيك مزيل عرق    يحتوي مزيل نيفيا ستيك على:  خلاصة اللؤلؤ: يساعد على تفتيح البشرة وتوحيد لونها ويمنح البشرة النعومة والترطيب.  زيت الأفوكادو: يغذي البشرة ويزيد ترطيبها ونعومتها.  بودرة تلك: تساعد على التخلص من رائحة العرق والحد من الالتهابات.  حجم ستيك نيفيا للنساء  يتوفر مزيل عرق ستيك نيفيا بحجم 50 مل.  يوصى باستعمال نيفيا مزيل عرق ستيك ل  يساعد نيفيا ستيك للنساء على التخلص من العرق وإكساب البشرة رائحة جميلة وجذابة ويساهم أيضاً في تفتيح وترطيب البشرة ويحافظ على ملمسها الناعم لأطول فترة ممكنة.  أنواع مزيل عرق nivea stick؟  نيفيا ستيك مزيل عرق غير مرئي ابيض واسود ستيك  مزيل عرق نيفيا الوردي ناتشورال فيرنيس ستيك  مزيل عرق نيفيا الوردي بيرل اند بيوتي ستيك  مزيل عرق نيفيا ستيك دراي كومفرت   مزيل عرق نيفيا ستيك بروتكت اند كير  مزيل عرق نيفيا ستيك فريش اكتيف,ماركة: نيفيا
18136,نيفيا | ستيك مزيل عرق للرجال انفيزيبل أوريجنال للملابس السوداء والبيضاء | 50مل,nivea men invisible black and white antiperspirant 40ml ao0y,350,EGP,نيفيا,العناية اليومية>العناية الرجالية,in stock,https://chefaa.com:443/eg-ar/nowProduct/nivea-men-invisible-black-and-white-antiperspirant-40ml-ao0y,https://cdn.chefaa.com/filters:format(webp)/public/uploads/products/nivea-men-invisible-black-and-white-antiperspirant-40ml-ao0y-01708607045.png,https://cdn.chefaa.com/filters:format(webp)/public/uploads/products/nivea-men-invisible-black-and-white-antiperspirant-40ml-ao0y-01708607045.png,"مميزات المنتج   نيفيا | ستيك مزيل عرق للرجال انفيزيبل أوريجنال للملابس السوداء والبيضاء | 50مل   عن هذا المنتج     لا يترك علامات بيضاء على الملابس الداكنة ويمنع ظهور البقع الصفراء على الملابس الفاتحة.   معطر الجسم لحماية تدوم حتى 48 ساعة وعناية فائقة للرجال من نيڤيا.   مصرح به كمنتج لطيف على الجلد ومتطابق مع البشرة ولا يسبب أية تفاعلات جلدية.   بدون كحول أو ملونات.   معطر الجسم إنڤيزيبل من نيڤيا للملابس البيضاء والسوداء: صُمم معطر الجسم الجديد بمساعدة خبراء النسيج لتوفير حماية قوية تمنع ظهور علامات بيضاء على الأقمشة الداكنة وتقلل ظهور البقع الصفراء على الملابس الفاتحة، مع المحافظة على اللون الأسود للملابس السوداء والأبيض للملابس البيضاء.   تحمي هذه التركيبة الفريدة ضد التعرق، وتساعد على الحفاظ على اللون الأصلي لملابسك، حيث لا تترك الحماية الشفافة أي أثر على الملابس، فهذا المنتج معتمد من قبل ""معهد هوهنشتاين الدولي"".",ماركة: نيفيا
2514,نيفيا | ستيك مزيل عرق للنساء بيرل آند بيوتي خلاصة اللؤلؤ | 50مل,nivea pearl and beauty deodorant roll stick for women 40ml,350,EGP,نيفيا,العناية اليومية>العناية النسائية,in stock,https://chefaa.com:443/eg-ar/nowProduct/nivea-pearl-and-beauty-deodorant-roll-on-stick-for-women-40ml,https://cdn.chefaa.com/filters:format(webp)/public/uploads/products/nivea-pearl-and-beauty-deodorant-roll-on-stick-for-women-40ml-01708610493.png,https://cdn.chefaa.com/filters:format(webp)/public/uploads/products/nivea-pearl-and-beauty-deodorant-roll-on-stick-for-women-40ml-01708610493.png,مميزات المنتج   نيفيا | ستيك مزيل عرق للنساء بيرل آند بيوتي خلاصة اللؤلؤ | 50مل   عن هذا المنتج     لبشرة مفعمة بالنعومة والجاذبية تحت الذراعين، يحتوي على خلاصة اللؤلؤ. لحماية أكيدة من التعرق طوال 48 ساعة مع العناية ببشرتك. خالٍ من الكحول الإيثيلي. قدرة البشرة على تحمل التركيبة مثبتة من قِبل أطباء الأمراض الجلدية. يحتوي مزيل رائحة العرق ومضاد التعرق نيفيا بيرل آند بيوتي على خلاصات اللؤلؤ الثمينة التي توحد لون بشرتك وتضفي عليها جمالاً ونعومة مخملية. يجمع هذا المزيل لرائحة العرق بين الحماية الأكيدة من العرق ورائحة الجسم الكريهة طوال 48 ساعة والعناية ببشرة منطقة تحت الذراعين. يتميز برائحة ذات طابع عصري خفيفة كنسمات الهواء العليل بنفحات عليا مشبعة بتوليفة من روائح التوت البراقة الباعثة على الانتعاش الفوري، ثم يفوح قلب العطر بعبير الخوخ الناضج وباقة من روائح زهور البنفسج، والياسمين، والفريزيا، وزنبق الوادي. تتألق النفحات السفلى بروائح خشب الصندل الكريمية، والفانيليا الدافئة، والمسك الرقيق لتضفي على هذا الابتكار جوانب تغلب عليها رائحة مساحيق العناية بالجمال.,ماركة: نيفيا
2524,نيفيا | مزيل العرق بروتكت اند كير ستيك للنساء | 40مل,nivea anti perspirant protect and care deodorant stick,150,EGP,نيفيا,العناية اليومية>العناية بالجسم و الاستحمام,in stock,https://chefaa.com:443/eg-ar/nowProduct/nivea-anti-perspirant-protect-and-care-deodorant-stick-40-ml,https://cdn.chefaa.com/filters:format(webp)/public/uploads/products/nivea-anti-perspirant-protect-and-care-deodorant-stick-40-ml-01655297494.png,https://cdn.chefaa.com/filters:format(webp)/public/uploads/products/nivea-anti-perspirant-protect-and-care-deodorant-stick-40-ml-01655297494.png,مميزات المنتج   نيفيا | مزيل العرق بروتكت اند كير ستيك للنساء | 40مل   عن هذا المنتج     لبشرة تفيض بالنعومة، تركيبة تحتوي على مكونات كريم نيفيا.   خالٍ تماماً من الكحول الإيثيلي.   لا يسبب تهيُّج البشرة.   لحماية أكيدة من التعرق طوال 48 ساعة مع العناية ببشرتك.   يقدم لك مضاد التعرق نيفيا بروتكت آند كير حماية أكيدة طوال 48 ساعة وفي نفس الوقت يعتني بالبشرة الرقيقة في منطقة تحت الذراعين.   هذه التركيبة خالية من الكحول الإيثيلي، وتم تطويرها خصيصاً باستخدام مكونات كريم نيفيا الثمينة.   تركيبة لطيفة لا تسبب تهيج البشرة وتتحملها بشرة منطقة تحت الذراعين بسهولة.   لعناية فائقة بالبشرة، وحماية من العرق ورائحة الجسم الكريهة تدوم طويلاً.   قدرة البشرة على تحمل التركيبة مثبتة من قِبل أطباء الأمراض الجلدية.,ماركة: نيفيا
18684,سنسوداين | معجون عناية متعددة + تبييض الأسنان | 100مل,sensodyne multi care and whitening toothpaste for sensitive teeth 100ml 4ztd,135,EGP,سنسوداين,العناية اليومية>العناية بالفم و الاسنان,in stock,https://chefaa.com:443/eg-ar/nowProduct/sensodyne-multi-care-and-whitening-toothpaste-for-sensitive-teeth-100ml-4ztd,https://cdn.chefaa.com/filters:format(webp)/public/uploads/products/sensodyne-multi-care-and-whitening-toothpaste-for-sensitive-teeth-100ml-4ztd-01751890215.png,https://cdn.chefaa.com/filters:format(webp)/public/uploads/products/sensodyne-multi-care-and-whitening-toothpaste-for-sensitive-teeth-100ml-4ztd-01751890215.png,مميزات المنتج   يتميز معجون سنسوداين الاصلي بما يلي: يساعد على إزالة تراكم البلاك وتبييض الأسنان. يحافظ على صحة اللثة. يحمي من حساسية الأسنان. يوفر نظافة فعالة مع أقل نسبة من التآكل. يعطي شعوراً بالنظافة والانتعاش. سعر معجون اسنان سنسوداين مناسب مقارنة بفوائده العديدة.   عن هذا المنتج     ما هو معجون سنسوداين للعناية المتعددة والتبييض؟ هو معجون أسنان يومي يحتوي على الفلورايد ، ثبت طبيًا أنه يمنح  راحة من حساسية الأسنان وحماية متكاملة للأسنان. كيف يعمل؟ فهو يعمل على تهدئة العصب بداخل السنة لتخفيف الشعور بألم الحساسية. كما أنه يحتوي على سترات الزنك وهي عامل مضاد للميكروبات مما يساعد على تقليل بكتيريا الفم ويحسن من صحة اللثة. لمن يُنصح باستخدامه؟ معجون أسنان سنسوداين للعناية المتعددة وتبيض الأسنان مناسب للبالغين والأطفال فوق سن 12 عامًا لتخفيف حساسية الأسنان كما أن به جميع فوائد معجون الأسنان  المعتاد بالفلورايد. فوائد استخدامه: بالإضافة إلى تخفيف حساسية الأسنان  وذلك باستخدام الفرشاة مرتين يوميًا ، يحارب سنسوداين للعناية المتعددة تسوس الأسنان ، ويقوي طبقة المينا ، ويساعد على إزالة البلاك ويحافظ على صحة اللثة ، ويترك فمك نظيفًا ومنتعشًا. متى يبدأ تأثيره؟ يمنح معجون الأسنان سنسوداين للعناية المتعددة وتبيض الأسنان راحة من الحساسية في أقل من أسبوعين ، وذلك مع استمرار  تنظيف الأسنان بالفرشاة مرتين يوميًا ، فتتحسن الأسنان مع الاستخدام المستمر.  سنسوداين هو المنتج الحاصل على أكبر رصيد من توصيات  أطباء الأسنان للأسنان الحساسة: ينصح أطباء الأسنان باستخدام سنسوداين منذ أكثر من 10 سنوات. سنسوداين هو المنتج الأول الموصي به من أطباء الأسنان للأسنان الحساسة: ينصح أطباء الأسنان باستخدام سنسوداين منذ أكثر من 10 سنوات. طريقة الاستخدام: اغسل أسنانك بمعجون أسنان سنسوداين للعناية المتعددة مرتين يوميًا وذلك لحماية طويلة المدى للأسنان وللتخفيف من الحساسية ولحماية متكاملة للأسنان اقرأ الملصق دائمًا قبل الاستخدام. مع تنظيف الأسنان بالفرشاة مرتين يوميًا,ماركة: سنسوداين
31801,بودرة الو ايفا بالصبار للعرق | 70 جم,eva deodorant powder with aloe vera extract 70gm p7ph,60,EGP,إيڤا,العناية اليومية>,in stock,https://chefaa.com:443/eg-ar/nowProduct/eva-deodorant-powder-with-aloe-vera-extract-70gm-p7ph,https://cdn.chefaa.com/filters:format(webp)/public/uploads/products/eva-deodorant-powder-with-aloe-vera-extract-70gm-p7ph-01721406322.png,https://cdn.chefaa.com/filters:format(webp)/public/uploads/products/eva-deodorant-powder-with-aloe-vera-extract-70gm-p7ph-01721406322.png,مميزات المنتج   تتميز بودرة الو ايفا بالصبار للعرق بما يلي: لها تركيبة مميزة تساعد على امتصاص العرق. تساعد على التخلص من رائحة العرق وإكسابك رائحة غنية بالصبار المنعش. تكسبك شعوراً بالنظافة والانتعاش. تحمي من تكون البكتيريا والفطريات. آمنة على البشرة ولا تسبب الحساسية. لها ملمس ناعم ولطيف على البشرة. سعر بودرة الو ايفا بالصبار للعرق مناسب مقارنة بحجمها وفعاليتها في الحصول على رائحة جميلة ومنعشة.   عن هذا المنتج     مكونات بودرة الو ايفا بالصبار للعرق تحتوي بودرة الو ايفا بالصبار للعرق على: خلاصة الصبار: يساعد للحصول على رائحة جميلة ومنتعشة. مواد لامتصاص العرق والحفاظ على جفاف البشرة، مثل أكسيد الزنك. عطر. حجم aloe eva powder deodorant تتوفر aloe eva powder deodorant بحجم 70 جم. يوصى باستعمال بودرة الو ايفا بالصبار للعرق ل تساعدك بودرة الو ايفا بالصبار للعرق على التخلص من رائحة العرق الكريهة والحصول على رائحة نظيفة ومنعشة تدوم لفترة طويلة وتحافظ على ملمس البشرة جافًا ونظيفًا، وتتميز بأنها آمنة على البشرة ولا تسبب الحساسية.,ماركة: إيڤا
6030,إيڤا | بودرة للقدمين بالنعناع | 50جم,eva foot powder deodorant with menthol 50gm zdet,45,EGP,إيڤا,العناية اليومية>الحماية,in stock,https://chefaa.com:443/eg-ar/nowProduct/eva-foot-powder-deodorant-with-menthol-50gm-zdet,https://cdn.chefaa.com/filters:format(webp)/public/uploads/products/1619194666eva-foot-powder-deodorant-with-menthol-50gm-chefaajpg,https://cdn.chefaa.com/filters:format(webp)/public/uploads/products/1619194666eva-foot-powder-deodorant-with-menthol-50gm-chefaajpg,مميزات المنتج   تزيل رائحة القدم التي تسببها البكتيريا نتيجة العرق وتتركها نظيفة ومنتعشة! يمتص العرق الزائد للقدم ويبقيها جافة. يساعد في السيطرة على رائحة القدم. يساعد على الحماية من البكتيريا والفطريات. يعطي إحساسًا منعشًا بالبرودة.,ماركة: إيڤا
6029,إيڤا | بودرة قدم بالصبار | 50جم,eva foot powder deodorant with aloe vera 50gm ijzk,40,EGP,إيڤا,العناية اليومية>الحماية,in stock,https://chefaa.com:443/eg-ar/nowProduct/eva-foot-powder-deodorant-with-aloe-vera-50gm-ijzk,https://cdn.chefaa.com/filters:format(webp)/public/uploads/products/1619193926eva-foot-powder-deodorant-with-aloe-vera-50gm-chefaajpg,https://cdn.chefaa.com/filters:format(webp)/public/uploads/products/1619193926eva-foot-powder-deodorant-with-aloe-vera-50gm-chefaajpg,مميزات المنتج   تزيل رائحة القدم التي تسببها البكتيريا نتيجة العرق وتتركها نظيفة ومنتعشة! يمتص العرق الزائد للقدم ويبقيها جافة. يساعد على التحكم في رائحة القدم. يساعد على الحماية من البكتيريا والفطريات. يعطي إحساسًا منعشًا بالبرودة.,ماركة: إيڤا
46026,مقشر القدمين من ايفا سكين كير - تروبيكال | 60 مل,eva skin care foot scrub tropical 60ml 2csw_duqTspzC,85,EGP,إيڤا,العناية اليومية>العناية بالجسم و الاستحمام,in stock,https://chefaa.com:443/eg-ar/nowProduct/eva-skin-care-foot-scrub-tropical-60ml-2csw_duqTspzC,https://cdn.chefaa.com/filters:format(webp)/public/uploads/products/eva-skin-care-foot-scrub-tropical-60ml-digc-01687286389.png,https://cdn.chefaa.com/filters:format(webp)/public/uploads/products/eva-skin-care-foot-scrub-tropical-60ml-digc-01687286389.png,مميزات المنتج   يتميز مقشر القدمين من ايفا بما يلي: له تركيبة مميزة غنية بالمكونات الطبيعية التي تساعد في ترطيب وتنعيم القدمين. غني بزبدة الشيا وبذور المشمش ومزيج من المكونات التي ترطب البشرة وتحميها من التشققات. يساعد على إزالة الجلد الميت والخلايا الجلدية الزائدة من القدمين. يترك بشرتك ناعمة وملساء ويحميك من الجفاف والتشققات. يمنح القدمين شعوراً بالانتعاش والانتعاش بفضل رائحته المنعشة. سعر مقشر القدمين من ايفا مناسب مقارنة بحجمه وفوائده العديدة.   عن هذا المنتج     مكونات مقشر القدمين من ايفا  يحتوي ايفا مقشر على:  زبدة الشيا: تساعد على ترطيب وتنعيم البشرة الجافة والخشنة، كما تحتوي على فيتامينات A و E التي تساعد في تجديد الخلايا وتحسين مرونة البشرة.  بذور المشمش: تحتوي على حمض اللينوليك والأحماض الدهنية الأخرى التي تساعد في ترطيب البشرة وتحسين مظهرها، كذلك تحتوي على فيتامين E الذي يعمل كمضاد أكسدة ويساعد في حماية البشرة من الضرر الناتج عن التأكسد.  زيت الجوجوبا: يرطب البشرة ويمنع فقدان الرطوبة، وهو يحتوي على فيتامين E والأحماض الدهنية التي تساعد في تغذية وتجديد البشرة.  حجم Eva foot scrub   يتوفر ايفا مقشر القدمين بحجم 60 مل.  سعر مقشر القدمين من ايفا   يتراوح سعر Eva foot scrub ما بين 55 إلى 60 جنيه مصري.   يوصى باستعمال مقشر القدمين من ايفا ل  يعد ايفا مقشر القدمين الخيار الأمثل للتخلص من جفاف وتشققات القدمين، فهو يمنحك الترطيب الفائق ويزيل خلايا الجلد الميت وبالتالي يخلصك من خشونة الجلد ويكسبك بشرة ناعمة وملساء مما يعيد إلى بشرتك النضارة والحيوية.  ما هي طريقة استخدام مقشر القدمين؟  ابدأ بتنظيف القدمين جيدًا، ثم جففهما بلطف باستخدام منشفة ناعمة.  خذ كمية مناسبة من مقشر القدمين من إيفا وضعها على اليدين.  قم بتدليك القدمين بالمقشر بلطف.  اترك المقشر على القدمين لبضع دقائق لتسمح للمكونات بالتغذية والترطيب.  اشطف القدمين جيدًا بالماء الدافئ لإزالة المقشر.  جفف القدمين بلطف بمنشفة نظيفة وناعمة.  يُفضل استخدام كريم ترطيب بعد التقشير للحصول على أفضل النتائج.  ما هي أنواع كريم تقشير القدم من ايفا؟  مقشر القدمين تروبيكال  مقشر القدمين باشون  ما أفضل مقشر للقدمين من الصيدلية؟  قناع بيورديرم للقدمين  ماسك التقشير من سكين ريبابلك  مقشر القدمين من ايفا  مقشر فيت أب  مقشر ليت أند جلو,ماركة: إيڤا
45852,ايفا | بادى سبلاش مورنينج بلوسوم | 240مل,eva skin care senses body splash spring lilies 240ml tvyr_duC51pXM_duzn8pBh_du6vcuX8_duqbj1iK,200,EGP,إيڤا,العناية اليومية>العناية بالجسم و الاستحمام,in stock,https://chefaa.com:443/eg-ar/nowProduct/eva-skin-care-senses-body-splash-spring-lilies-240ml-tvyr_duC51pXM_duzn8pBh_du6vcuX8_duqbj1iK,https://cdn.chefaa.com/filters:format(webp)/public/uploads/products/eva-skin-care-senses-body-splash-spring-lilies-240ml-tvyr-duc51pxm-duzn8pbh-du6vcux8-01714290386.png,https://cdn.chefaa.com/filters:format(webp)/public/uploads/products/eva-skin-care-senses-body-splash-spring-lilies-240ml-tvyr-duc51pxm-duzn8pbh-du6vcux8-01714290386.png,عن هذا المنتج     ايفا | بادى سبلاش مورنينج بلوسوم | 240مل,ماركة: إيڤا
45854,ايفا | بادى سبلاش - مسك وياسمين | 240مل,eva skin care senses body splash spring lilies 240ml tvyr_duC51pXM_duzn8pBh_duR4Pzi4,200,EGP,إيڤا,العناية اليومية>العناية بالجسم و الاستحمام,in stock,https://chefaa.com:443/eg-ar/nowProduct/eva-skin-care-senses-body-splash-spring-lilies-240ml-tvyr_duC51pXM_duzn8pBh_duR4Pzi4,https://cdn.chefaa.com/filters:format(webp)/public/uploads/products/eva-skin-care-senses-body-splash-spring-lilies-240ml-tvyr-duc51pxm-duzn8pbh-01714290229.png,https://cdn.chefaa.com/filters:format(webp)/public/uploads/products/eva-skin-care-senses-body-splash-spring-lilies-240ml-tvyr-duc51pxm-duzn8pbh-01714290229.png,عن هذا المنتج     ايفا | بادى سبلاش - مسك وياسمين | 240مل,ماركة: إيڤا
45849,ايفا | بادى سبلاش - نايت اوت | 240مل,eva skin care senses body splash spring lilies 240ml tvyr_duC51pXM_du0pw3uB_duRPm9pB,220,EGP,إيڤا,العناية اليومية>العناية بالجسم و الاستحمام,in stock,https://chefaa.com:443/eg-ar/nowProduct/eva-skin-care-senses-body-splash-spring-lilies-240ml-tvyr_duC51pXM_du0pw3uB_duRPm9pB,https://cdn.chefaa.com/filters:format(webp)/public/uploads/products/eva-skin-care-senses-body-splash-spring-lilies-240ml-tvyr-duc51pxm-du0pw3ub-01714291918.png,https://cdn.chefaa.com/filters:format(webp)/public/uploads/products/eva-skin-care-senses-body-splash-spring-lilies-240ml-tvyr-duc51pxm-du0pw3ub-01714291918.png,عن هذا المنتج     ايفا | بادى سبلاش - نايت اوت | 240مل,ماركة: إيڤا
49688,ايفا | سكين كير بادي سبلاش ريد جلامور | 240مل,eva skin care senses body splash red glamour 240ml slke,200,EGP,إيڤا,العناية اليومية>العناية بالجسم و الاستحمام,in stock,https://chefaa.com:443/eg-ar/nowProduct/eva-skin-care-senses-body-splash-red-glamour-240ml-slke,https://cdn.chefaa.com/filters:format(webp)/public/uploads/products/eva-skin-care-senses-body-splash-red-glamour-240ml-ifqm-01730196643.png,https://cdn.chefaa.com/filters:format(webp)/public/uploads/products/eva-skin-care-senses-body-splash-red-glamour-240ml-ifqm-01730196643.png,مميزات المنتج   ايفا | سكين كير بادي سبلاش ريد جلامور | 240مل,ماركة: إيڤا
32197,إيفا | معجون أسنان سموكرز إي لاين بالمنثول | 50جم,eva smokers line toothpaste with menthol 50gm iomk,50,EGP,إيڤا,العناية اليومية>العناية بالفم و الاسنان,in stock,https://chefaa.com:443/eg-ar/nowProduct/eva-smokers-e-line-toothpaste-with-menthol-50gm-iomk,https://cdn.chefaa.com/filters:format(webp)/public/uploads/products/eva-smokers-e-line-toothpaste-with-menthol-50gm-vyik-01696694259.png,https://cdn.chefaa.com/filters:format(webp)/public/uploads/products/eva-smokers-e-line-toothpaste-with-menthol-50gm-vyik-01696694259.png,مميزات المنتج   إيفا | معجون أسنان سموكرز إي لاين بالمنثول | 50جم,ماركة: إيڤا
49695,إيفا | غسول الفم للمدخنين لمستخدمي السجائر الإلكترونية بالمنثول | 250مل,eva smokers line mouthwash with menthol for cigarette users 250ml ycid,110,EGP,إيڤا,العناية اليومية>العناية بالفم و الاسنان,in stock,https://chefaa.com:443/eg-ar/nowProduct/eva-smokers-e-line-mouthwash-with-menthol-for-e-cigarette-users-250ml-ycid,https://cdn.chefaa.com/filters:format(webp)/public/uploads/products/eva-smokers-e-line-mouthwash-with-menthol-for-e-cigarette-users-250ml-gbjk-01730201645.png,https://cdn.chefaa.com/filters:format(webp)/public/uploads/products/eva-smokers-e-line-mouthwash-with-menthol-for-e-cigarette-users-250ml-gbjk-01730201645.png,مميزات المنتج   إيفا | غسول الفم للمدخنين لمستخدمي السجائر الإلكترونية بالمنثول | 250مل,ماركة: إيڤا
6002,إيڤا بي وايت | كريم لتفتيح المناطق الحساسة | 50جم,eva white whitening cream for sensitive areas 50gm urib,40,EGP,إيڤا,العناية اليومية>العناية النسائية,in stock,https://chefaa.com:443/eg-ar/nowProduct/eva-b-white-whitening-cream-for-sensitive-areas-50gm-urib,https://cdn.chefaa.com/filters:format(webp)/public/uploads/products/eva-b-white-whitening-cream-for-sensitive-areas-50gm-urib-01721410025.png,https://cdn.chefaa.com/filters:format(webp)/public/uploads/products/eva-b-white-whitening-cream-for-sensitive-areas-50gm-urib-01721410025.png,مميزات المنتج   غني بالمكونات النشطة الطبيعية ؛ هذا هو الحل الأمثل الآمن للحصول على بشرة أكثر إشراقًا ونعومة وموحدة في المناطق الحساسة.,ماركة: إيڤا
18733,ديوركس كوندوم للرجال الترا فيثرلايت واقي ذكري | 3 قطع,durex fetherlite ultra condom 3pcs 3sdv,169,EGP,ديوركس,العناية اليومية>العناية الرجالية,in stock,https://chefaa.com:443/eg-ar/nowProduct/durex-fetherlite-ultra-condom-3pcs-3sdv,https://cdn.chefaa.com/filters:format(webp)/public/uploads/products/durex-fetherlite-ultra-condom-3pcs-3sdv-01720895254.png,https://cdn.chefaa.com/filters:format(webp)/public/uploads/products/durex-fetherlite-ultra-condom-3pcs-3sdv-01720895254.png,مميزات المنتج   يتميز ديوركس كوندوم للرجال الترا فيثرلايت بما يلي: مصنوع من المطاط الطبيعي عالي الجودة. تكنولوجيا سينسي فيت تجعله رقيق جداً لتوفير إحساس أعلى أثناء العلاقة. آمن وسهل الاستخدام. متناسب مع معايير الجودة العالمية. سعر ديوركس كوندوم للرجال الترا فيثرلايت مناسب مقارنة بجودة تصنيعه وفعاليته.   عن هذا المنتج     مم يتكون ديوركس كوندوم للرجال الترا فيثرلايت؟  يتكون الترافيثرلايت كوندوم من:  المطاط الطبيعي الرقيق جداً.  مزلق لتسهيل العلاقة.  حجم durex condom fetherlite ultra  يتوفر durex condom fetherlite ultra على هيئة عبوة تحتوي على 3 أو 10 قطع.  يوصى باستعمال ديوركس كوندوم للرجال الترا فيثرلايت ل  الترافيثرلايت كوندوم مناسب للاستمتاع بإحساس أكبر أثناء العلاقة فهو مصنوع من المطاط الرقيق ولذلك يمنحك شعوراً أفضل بالإضافة إلى وجود مزلق سيليكون لتسهيل العلاقة.,ماركة: ديوركس
18414,ديوركس | واقي ذكري بيرفورماكس انتينس لمتعة اكثر لكليكما | 10 قطع,durex mutual pleasure condom 10pcs efud,425,EGP,ديوركس,العناية اليومية>العناية الرجالية,in stock,https://chefaa.com:443/eg-ar/nowProduct/durex-mutual-pleasure-condom-10pcs-efud,https://cdn.chefaa.com/filters:format(webp)/public/uploads/products/durex-mutual-pleasure-condom-10pcs-efud-01724584106.png,https://cdn.chefaa.com/filters:format(webp)/public/uploads/products/durex-mutual-pleasure-condom-10pcs-efud-01724584106.png,مميزات المنتج   يتميز كاندوم ديوركس ميتوال بليجر بما يلي: واقي ذكري مطاطي طبيعي وشفاف. يحتوي على بنزوكايين 5% لإطالة النشوة. مصنوع بجودة عالية وسهل الاستخدام. مصمم بحلمة في النهاية لمزيد من الراحة والملاءمة. مزود بنقاط وتضليعات لتعزيز النشوة أثناء العلاقة. سعر كاندوم ديوركس ميتوال بليجر مناسب مقارنة لجودة صنعه وسهولة استخدامه.   عن هذا المنتج     مكونات كاندوم ديوركس ميتوال بليجر  يحتوي كاندوم ديوركس ميتوال بليجر على:  5% بنزوكايين: لتسهيل العلاقة وإطالة النشوة.  المطاط الطبيعي (Natural Rubber Latex).  يأتي بعرض 56 مل.  حجم Candom Durex mutual pleasure  يأتي Condom durex mutual pleasure على هيئة عبوة تحتوي على 3 أو 10 أو 20 قطعة.  يوصى باستعمال كاندوم ديوركس ميتوال بليجر ل  كاندوم ديوركس ميتوال بليجر مصنوع بجودة عالية ومن مكونات طبيعية آمنة ومصمم للشعور بالراحة والاستمتاع أثناء العلاقة بفضل وجود البنزوكايين والنقط والتضليعات المزود بها.,ماركة: ديوركس
23395,ديودرنت ستارفيل مزيل عرق للتفتيح برائحة الفانيليا starville deodorant | ٦٠ مل,starville roll vanilla 60ml opsw,130,EGP,ستارفيل,العناية اليومية>العناية النسائية,in stock,https://chefaa.com:443/eg-ar/nowProduct/starville-roll-on-vanilla-60ml-opsw,https://cdn.chefaa.com/filters:format(webp)/public/uploads/products/starville-roll-on-vanilla-60ml-opsw-01703080757.png,https://cdn.chefaa.com/filters:format(webp)/public/uploads/products/starville-roll-on-vanilla-60ml-opsw-01703080757.png,"مميزات المنتج   يتميز ديودرنت ستارفيل مزيل عرق للتفتيح بالفانيليا starville deodorant بما يلي: يحتوي على مكونات تساعد على تفتيح لون البشرة وتقليل ظهور البقع الداكنة. يوفر حماية فعالة ضد التعرق والروائح الكريهة طوال اليوم. غني برائحة الفانيليا المنعشة والمميزة التي تدوم لفترة طويلة. يحتوي على مكونات ترطب البشرة وتمنحها نعومة وملمساً حريرياً. يأتي بتصميم رول أون سهل الاستخدام، مما يجعله مثالياً للاستخدام اليومي. خال من أملاح الألمونيوم ويحتوي على مكونات طبيعية وآمنة للاستخدام على البشرة، ولا يسبب تهيجًا أو حساسية. سعر مزيل عرق ستارفيل للتفتيح برائحة الفانيليا مناسب مقارنة بحجمه وفوائده العديدة.   عن هذا المنتج     مكونات ديودرنت ستارفيل مزيل عرق للتفتيح يحتوي ستارفيل مزيل عرق على:  ألفا أربيوتين: أحد أهم المواد التي تساعد على تفتيح البشرة وتقليل ظهور البقع الداكنة.  خلاصة العرقسوس: تعمل على تفتيح البشرة وعلاج التصبغات .  فيتامين سي: يعمل كمضاد للأكسدة ويساهم في التفتيح وتقليل البقع الداكنة.  فيتامين هـ: يساعد على ترطيب البشرة وتحسين مرونتها.  الجلسرين: يعمل على ترطيب البشرة وتنعيمها.  البانثينول: يساعد على تهدئة وترطيب البشرة وتحسين مظهرها.  حجم مزيل عرق ستارفيل للتفتيح بالفانيليا يتوفر Starville ستارفيل مزيل العرق بحجم 60 مل. سعر مزيل عرق ستارفيل في الصيدليات يتراوح سعر ديودرنت ستارفيل starville  من 100 إلى 130 جنيه مصري. "" سعر ستارفيل مزيل عرق قد يتغير من وقت لاخر تبعاً لتغير سعره فى الاسواق "" يوصى باستعمال ستارفيل مزيل عرق starville deodorant ستارفيل مزيل عرق مناسب لجميع أنواع البشرة ويمكن استخدامه للجنسين للتخلص من رائحة العرق بفعالية تدوم حتى 24 ساعة، بالإضافة إلى دوره في علاج التصبغات والبقع تحت الإبطين وكذلك زيادة رطوبة ونعومة الجلد. ما أفضل نوع مزيل عرق ستارفيل للتفتيح؟ تشمل روائح مزيل عرق ستارفيل ديودرنت ما يلى: رول أون برائحة اللافندر للتفتيح. ستارفيل البينك برائحة جوز الهند.  ستارفيل للتفتيح بمزيج من العطور العربية.  ستارفيل للتفتيح برائحة الفانيليا.  رول أون مزيل عرق بدون رائحة للتفتيح.  رول أون بمزيج من الروائح الطبيعية.  ستارفيل برائحة التوت الأحمر.  ستارفيل الأزرق للتفتيح وتقليل الشعر.  ما هى اضرار مزيل عرق ستارفيل للنساء ؟ فى بعض الحالات النادرة starville مزيل عرق قد يسبب تهيج خفيف أو حكة في الجلد هل starville مزيل عرق جيد؟ أجل يساعد starville مزيل عرق على التخلص من رائحة العرق بفاعلية بالإضافة إلى المساعدة فى تفتيح منطقة الابط. هل مزيل عرق starville ستارفيل رجالي ام نسائي؟ يتوافر من مزيل عرق starville نوع بدون رائحة مناسب للرجال والنساء. ما أفضل مزيل عرق طبي ومبيض للنساء ؟ ميلاتيكس رول أون. ديرماتيك رول أون.  كولاجرا رول أون.  ستارفيل رول أون.  بيزلاين رول أون.",ماركة: ستارفيل
46250,ستارفيل | وايتنج رول أون مضاد للتعرق فريش بريز | 60مل,starville whitening roll antiperspirant fresh breeze 60ml 9j0q_dueLvNle,130,EGP,ستارفيل,العناية اليومية>العناية بالجسم و الاستحمام,in stock,https://chefaa.com:443/eg-ar/nowProduct/starville-whitening-roll-on-antiperspirant-fresh-breeze-60ml-9j0q_dueLvNle,https://cdn.chefaa.com/filters:format(webp)/public/uploads/products/starville-whitening-roll-on-antiperspirant-fresh-breeze-60ml-9j0q-01719819389.png,https://cdn.chefaa.com/filters:format(webp)/public/uploads/products/starville-whitening-roll-on-antiperspirant-fresh-breeze-60ml-9j0q-01719819389.png,مميزات المنتج   ستارفيل | وايتنج رول أون مضاد للتعرق فريش بريز | 60مل,ماركة: ستارفيل
46485,شان | كريم مرطب لليدين | 60جم,shaan hand cream 50gm ilr3_duZmuiJt,100,EGP,شان,العناية اليومية>العناية بالجسم و الاستحمام,in stock,https://chefaa.com:443/eg-ar/nowProduct/shaan-hand-cream-50gm-ilr3_duZmuiJt,https://cdn.chefaa.com/filters:format(webp)/public/uploads/products/shaan-hand-cream-50gm-ilr3-01711027103.png,https://cdn.chefaa.com/filters:format(webp)/public/uploads/products/shaan-hand-cream-50gm-ilr3-01711027103.png,مميزات المنتج   شان | كريم مرطب لليدين | 60جم,ماركة: شان
46336,شان مرطب جل للبشره الدهنية والمختلطة | ٢٠٠ جم,shaan soothing face and body moisturizer gel 200gm yqoe_dufhansZ,220,EGP,شان,العناية اليومية>العناية بالجسم و الاستحمام,in stock,https://chefaa.com:443/eg-ar/nowProduct/shaan-soothing-face-and-body-moisturizer-gel-200gm-yqoe_dufhansZ,https://cdn.chefaa.com/filters:format(webp)/public/uploads/products/shaan-soothing-face-and-body-moisturizer-gel-200gm-8zmm-01683710092.png,https://cdn.chefaa.com/filters:format(webp)/public/uploads/products/shaan-soothing-face-and-body-moisturizer-gel-200gm-8zmm-01683710092.png,"مميزات المنتج   يتميز مرطب شان جل للبشرة الدهنية بما يلي: يرطب البشرة ويكسبها المزيد من النعومة. غني بالفيتامينات ومضادات الأكسدة المغذية للبشرة. له قوام خفيف تمتصه البشرة بسهولة. يحافظ على نضارة وحيوية البشرة ويساعد على حفظ رطوبة البشرة لأطول فترة. سعر مرطب شان جل shaan gel مناسب مقارنة بفوائده للبشرة. جيل مرطب خفيف الملمس و سريع الامتصاص لا يترك أي آثار دهنية على البشرة. مناسب للوجه لجميع أنواع البشرة  يعمل على تجديد خلايا البشرة يحتوي على مجموعة مرطبات ومهدئات للبشرة  يحتوي على الفيتامينات لتغذية البشرة ومضادات الأكسدة للحفاظ على نضارة البشرة و حمايتها من عوامل الجو الضارة.   عن هذا المنتج     مكونات مرطب شان جل للبشرة الدهنية (shaan soothing gel) يحتوي كريم مرطب شان جل على: زيت اللوز: يساعد على ترطيب وتنعيم البشرة. ألانتوين: يعمل كمرطب ومهدئ للبشرة. فيتامين ه: يغذي البشرة ويحافظ على نضارتها. البانثينول: يكسب البشرة المزيد من النعومة والترطيب. مستخلص الصبار: يهدئ البشرة ويحميها من الحساسية والالتهابات. الجلسرين: لترطيب مضاعف للبشرة.   سعر مرطب شان جل للبشرة المختلطة سعر مرطب شان جل للبشرة الدهنية  في الصيدليات هو 220 جنيه. "" shaan gel سعره  قد يتغير من وقت لاخر تبعاً لغير سعره فى الاسواق "" حجم شان جل مرطب للبشرة الدهنية والمختلطة يتوفر shaan gel مرطب بحجم 60 جم و 120 جم و200 جم. يوصى باستعمال  مرطب shaan gel مرطب شان جل مناسب لأصحاب البشرة الدهنية والمختلطة إذ يوفر ترطيب عالي للبشرة بدون أن يترك ملمس دهني على البشرة ولا يسبب انسداد المسام، وهو يتميز بتركيبة مميزة تحافظ على نضارة ونعومة البشرة لأطول فترة. فوائد مرطب شان جل shaan soothing gel ؟ مرطب شان يوفر ترطيب عالي للبشرة ويكسبها المزيد من النضارة والنعومة بفضل تركيبته المزودة بمجموعة من المرطبات والفيتامينات المغذية للبشرة وكذلك مضادات الأكسدة، ويمكن استخدامه كمثبت ومرطب قبل وشع المكياج إذ يمتاز شان جل بقوامه الخفيف غير الدهني.",ماركة: شان
21281,افوفا | عجينة أسود أفريقي لأزالة الشعر بالفحم للوجه والمناطق الحساسة | 100مل,avuva african black paste 100ml sweo,36,EGP,أفوفا,العناية اليومية>العناية النسائية,in stock,https://chefaa.com:443/eg-ar/nowProduct/avuva-african-black-paste-100ml-sweo,https://cdn.chefaa.com/filters:format(webp)/public/uploads/products/avuva-african-black-paste-100ml-30k1-01656438650.png,https://cdn.chefaa.com/filters:format(webp)/public/uploads/products/avuva-african-black-paste-100ml-30k1-01656438650.png,مميزات المنتج   افوفا | عجينة أسود أفريقي لأزالة الشعر بالفحم للوجه والمناطق الحساسة | 100مل,ماركة: أفوفا
31867,افوفا | بودي سبلاش بازهار الكريز | 55مل,avuva body splash cherry blossom 55ml niqg,55,EGP,أفوفا,العناية اليومية>,in stock,https://chefaa.com:443/eg-ar/nowProduct/avuva-body-splash-cherry-blossom-55ml-niqg,https://cdn.chefaa.com/filters:format(webp)/public/uploads/products/avuva-body-splash-cherry-blossom-55ml-d3i1-01694986119.png,https://cdn.chefaa.com/filters:format(webp)/public/uploads/products/avuva-body-splash-cherry-blossom-55ml-d3i1-01694986119.png,مميزات المنتج   افوفا | بودي سبلاش بازهار الكريز | 55مل,ماركة: أفوفا
31869,افوفا | بودي سبلاش باشن فروت | 55مل,avuva body splash passion fruit 55ml gecw,53,EGP,أفوفا,العناية اليومية>العناية النسائية,in stock,https://chefaa.com:443/eg-ar/nowProduct/avuva-body-splash-passion-fruit-55ml-gecw,https://cdn.chefaa.com/filters:format(webp)/public/uploads/products/avuva-body-splash-passion-fruit-55ml-xy1h-01694986410.png,https://cdn.chefaa.com/filters:format(webp)/public/uploads/products/avuva-body-splash-passion-fruit-55ml-xy1h-01694986410.png,مميزات المنتج   افوفا | بودي سبلاش باشن فروت | 55مل,ماركة: أفوفا
34877,افوفا | سبلاش للجسم بالفانيليا وجوز الهند | 55مل,avuva body splash vanilla coconut 55ml yova_duxrxcCe,55,EGP,أفوفا,العناية اليومية>العناية النسائية,in stock,https://chefaa.com:443/eg-ar/nowProduct/avuva-body-splash-vanilla-coconut-55ml-yova_duxrxcCe,https://cdn.chefaa.com/filters:format(webp)/public/uploads/products/avuva-body-splash-vanilla-coconut-55ml-if1j-01708178764.png,https://cdn.chefaa.com/filters:format(webp)/public/uploads/products/avuva-body-splash-vanilla-coconut-55ml-if1j-01708178764.png,مميزات المنتج   افوفا | سبلاش للجسم بالفانيليا وجوز الهند | 55مل,ماركة: أفوفا
28811,افوفا | بودي سبلاش للجسم برائحة أزهار الكرز | 253مل,avuva cherry blossom body splash 235ml a5ee,185,EGP,أفوفا,العناية اليومية>العناية النسائية,in stock,https://chefaa.com:443/eg-ar/nowProduct/avuva-cherry-blossom-body-splash-235ml-a5ee,https://cdn.chefaa.com/filters:format(webp)/public/uploads/products/avuva-cherry-blossom-body-splash-235ml-fepj-01680965933.png,https://cdn.chefaa.com/filters:format(webp)/public/uploads/products/avuva-cherry-blossom-body-splash-235ml-fepj-01680965933.png,مميزات المنتج   يتميز بودي سبلاش افوفا بما يلي: يتميز برائحة قوية ومنعشة تدوم طويلاً. له تركيبة آمنة على البشرة ولا تسبب الحساسية. غني بالجلسرين ويعطي إحساساً بالترطيب والنعومة. يتوفر منه روائح عديدة غنية ومميزة يمكنك اختيار ما يناسبك. سعر avuva body splash مناسب مقارنة بحجمه ومميزاته العديدة.   عن هذا المنتج     مكونات افوفا بودي سبلاش  الجلسرين: يرطب وينعم البشرة. حمض الستريك: مضاد للبكتيريا والجراثيم ويعطي رائحة منعشة. زيت الخروع: يرطب البشرة ويحميها من الجفاف. مستخلص أوراق النعناع: تكسب البشرة النضارة وتعطي إحساساً بالانتعاش. حجم avuva body splash  يتوفر افوفا ميني سبلاش بحجم 55 مل، أما حجم افوفا بودي سبلاش العادي يكون 253 مل. يوصى باستعمال بادي سبلاش افوفا ل: بودي سبلاش افوفا مناسب لجميع أنواع البشرة فهو الخيار الأفضل لمن نبحث عن رائحة منعشة ومميزة تدوم طويلاً. كم سعر بودي سبلاش افوفا؟ يختلف سعر افوفا بودي سبلاش حسب حجمه ويعد سعره مناسب مقارنة بفوائده العديدة. ما هو الفرق بين العطر والسبلاش؟ العطر له رائحة قوية ومركزة تدوم فترة أطول أنا السبلاش له رائحة منعشة تدوم فترة أقصر وتعطي ترطيب ونعومة للبشرة. ما هو الفرق بين البادي سبلاش والبادي ميست؟ كلاهما يعطي الجسم رائحة جميلة ومنعشة ولكن يعطي البودي ميست ترطيباً أعلى للبشرة أما البودي سبلاش يحتوي على نسبة أقل من الزيوت العطرية. كيف يستخدم سبلاش الجسم؟ يرش البودي سبلاش على الجسم مباشرة بعد الاستحمام ليعطي الجسم رائحة منعشة وجميلة ويكرر عند الحاجة. ما هو افضل بودي سبلاش؟  باث أند بودي وركس بودي سبلاش. إيفا بودي سبلاش. افوفا بودي سبلاش. فيكتوريا سيكريت بودي سبلاش.,ماركة: أفوفا
46418,افوفا شفرات للجسم - أفضل شفرات حلاقة للنساء | 5 قطع,avuva feminine disposable razors pcs tn4r_duKMHfWm,75,EGP,أفوفا,العناية اليومية>العناية النسائية,in stock,https://chefaa.com:443/eg-ar/nowProduct/avuva-feminine-disposable-razors-5-pcs-tn4r_duKMHfWm,https://cdn.chefaa.com/filters:format(webp)/public/uploads/products/avuva-feminine-disposable-razors-5-pcs-klvf-01702383569.png,https://cdn.chefaa.com/filters:format(webp)/public/uploads/products/avuva-feminine-disposable-razors-5-pcs-klvf-01702383569.png,"مميزات المنتج   شفرات افوفا للجسم (Avuva shaving razors) شفرات حلاقة نسائية للجسم تضمن لك حلاقة ناعمة وسهلة كما يمكنها التحرك بسهولة على طول المنحنيات الطبيعية للجسم.   عن هذا المنتج     مكونات شفرات افوفا للجسم  تحتوي شفرات افوفا للجسم على رأس محوري يتحرك بسلاسة بدون عناء والذي يتضمن:  ثلاث شفرات مطلية بالبلاتينيوم لحلاقة ناعمة ودقيقة.  شريط من جل الصبار المنشط بالماء ليضمن لك ترطيبًا فوريًا أثناء الانزلاق على الجسم.  حجم عبوة avuva shaving razors  تحتوي عبوة شفرات افوفا للمناطق الحساسة (avuva razors) على 5 قطع. سعر شفرات افوفا في الصيدليات  شفرات افوفا سعرها حوالي 60 جنيه مصري.  ""سعر شفرات avuva قد يتغير تبعًا لتغير سعره في الصيدليات"" يوصى باستعمال avuva شفرات يوصى باستعمال افوفا شفرات للحلاقة النسائية والتي تضمن حلاقة ناعمة ودقيقة بدون ألم بفضل تصميمها بثلاث شفرات مطلية بالبلاتينيوم. كما توفر ترطيبًا ذاتيًا من خلال احتوائها على شريط جل الصبار. طريقة استخدام شفرات افوفا (avuva razors) يُفضل استخدام مقشر للجسم أولا قبل استخدام الشفرات. استخدمي كريم أو جل الحلاقة ويمكن الاستغناء عنه لأن شفرات افوفا تحتوي على شريط من جل الصبار المنشط بالماء ليوفر ترطيبًا للجلد.  استخدمي شفرات الحلاقة النسائية في اتجاه نمو الشعر.  اشطفي الجسم باستخدام الماء ثم رطبيه.  هل تٌستخدم شفرات افوفا للوجه ؟  لا، بل تُستخدم شفرات افوفا للحلاقة النسائية للجسم. هناك شفرات أخرى مخصصة للوجه متوفرة بالأسواق.  ما هى مميزات ماكينة حلاقة افوفا shaving avuva ؟ سهلة الاستخدام.  تزيل الشعر بدون ألم.  تمنحك حلاقة ناعمة ودقيقة.  مزودة برأس محوري يتحرك بسلاسة خلال منحنيات الجسم.  تُستخدم لجميع أنواع البشرة والبشرة الحساسة.  مزودة بشريط من جل الصبار المنشط بالماء ليوفر ترطيبًا أثناء انزلاقها على الجسم.  ما أفضل شفرة حلاقة نسائية للمنطقه الحساسة ؟  شفرات جيليت فينوس الموف.  شفرات جيلت بلو 2.  شفرات جيليت فينوس الوردي.  شفرات افوفا.",ماركة: أفوفا
46513,افوفا | معجون ذهبي لإزالة الشعر | 100جم,avuva gold paste hair removal 100gm dskf_duz6JkHC,36,EGP,أفوفا,العناية اليومية>العناية النسائية,in stock,https://chefaa.com:443/eg-ar/nowProduct/avuva-gold-paste-hair-removal-100gm-dskf_duz6JkHC,https://cdn.chefaa.com/filters:format(webp)/public/uploads/products/avuva-gold-paste-hair-removal-100gm-urnn-01704025794.png,https://cdn.chefaa.com/filters:format(webp)/public/uploads/products/avuva-gold-paste-hair-removal-100gm-urnn-01704025794.png,مميزات المنتج   افوفا | معجون ذهبي لإزالة الشعر | 100جم,ماركة: أفوفا
919,أفوفا | لإزالة الشعر بالشمع البارد فانيليا وجوز هند | 228جم,avuva coldwax hair removal vanilla coconut,36,EGP,أفوفا,العناية اليومية>العناية النسائية,in stock,https://chefaa.com:443/eg-ar/nowProduct/avuva-coldwax-hair-removal-vanilla-coconut,https://cdn.chefaa.com/filters:format(webp)/public/uploads/products/avuva-coldwax-hair-removal-vanilla-coconut-01664978085.png,https://cdn.chefaa.com/filters:format(webp)/public/uploads/products/avuva-coldwax-hair-removal-vanilla-coconut-01664978085.png,مميزات المنتج   أفوفا | لإزالة الشعر بالشمع البارد فانيليا وجوز هند | 228جم   عن هذا المنتج     ﻿ ﻿ ﻿ ﻿ ﻿ يحتوي منتج أفوفا الشمع البارد علي تركيبة مكونة من الفانيليا وجوز الهند التي تعمل علي تقليل نسبة القلق ويترك الجلد ناعم و به رائحة الفانيليا جوز الهند المميزة ﻿,ماركة: أفوفا
31878,افوفا | العجينة الحمراء المخملية الحمراء للوجه والمناطق الحساسة | 100جم,avuva red paste red velvet for face sensitive areas 100gm od30,36,EGP,أفوفا,العناية اليومية>العناية النسائية,in stock,https://chefaa.com:443/eg-ar/nowProduct/avuva-red-paste-red-velvet-for-face-sensitive-areas-100gm-od30,https://cdn.chefaa.com/filters:format(webp)/public/uploads/products/avuva-red-paste-red-velvet-for-face-sensitive-areas-100gm-iz6s-01694988133.png,https://cdn.chefaa.com/filters:format(webp)/public/uploads/products/avuva-red-paste-red-velvet-for-face-sensitive-areas-100gm-iz6s-01694988133.png,مميزات المنتج   افوفا | العجينة الحمراء المخملية الحمراء للوجه والمناطق الحساسة | 100جم,ماركة: أفوفا
46512,افوفا | عجينة سكر الدلكا السودانية للوجه والجسم | 100جم,avuva sudanese dalka sugar paste for face body 100gm pahn_duvej3tv,40,EGP,أفوفا,العناية اليومية>العناية بالجسم و الاستحمام,in stock,https://chefaa.com:443/eg-ar/nowProduct/avuva-sudanese-dalka-sugar-paste-for-face-body-100gm-pahn_duvej3tv,https://cdn.chefaa.com/filters:format(webp)/public/uploads/products/avuva-sudanese-dalka-sugar-paste-for-face-body-100gm-5qzb-01704025580.png,https://cdn.chefaa.com/filters:format(webp)/public/uploads/products/avuva-sudanese-dalka-sugar-paste-for-face-body-100gm-5qzb-01704025580.png,مميزات المنتج   افوفا | عجينة سكر الدلكا السودانية للوجه والجسم | 100جم,ماركة: أفوفا
925,افوفا | سويت للمناطق الحساسة والجسم لازالة الشعر بالكرز | 100جم,avuva white paste hair removal cherry,36,EGP,أفوفا,العناية اليومية>العناية النسائية,in stock,https://chefaa.com:443/eg-ar/nowProduct/avuva-white-paste-hair-removal-cherry,https://cdn.chefaa.com/filters:format(webp)/public/uploads/products/avuva-white-paste-hair-removal-cherry-01672909521.png,https://cdn.chefaa.com/filters:format(webp)/public/uploads/products/avuva-white-paste-hair-removal-cherry-01672909521.png,"مميزات المنتج   سويت افوفا للمناطق الحساسة والجسم (Avuva White Paste) من أشهر منتجات العناية بالبشرة المستخدمة لإزالة الشعر غير المرغوب تقوم بإزالة الشعر من جذوره لبشرة ناعمة خالية من الشعر لمدة ثلاثة إلى خمسة أسابيع وتتميز عجينة افوفا بمكوناتها الطبيعية ١٠٠٪    عن هذا المنتج     سويت افوفا للمناطق الحساسة والجسم سويت avuva افوفا عجينة بيضاء شيري بلوسوم تقوم بإزالة الشعر بشكل فعال وتعمل على تقشير الجلد الميت ، مما يترك لك بشرة ناعمة ورائحة خفيفة من زهور الكرز. مكونات عجينه افوفا سويت  يحتوي  معجون أفوفا الأبيض  لإزالة الشعر على مكونات طبيعية 100 ٪ وهى السكر وعصير الليمون والماء ولا تحتوي على أي مكونات تسبب الحساسية.  فوائد سويت افوفا للجسم (avuva سويت) إزالة شعر الجسم بالكامل : بفضل جزيئات السكر الدقيقة التي تزيل الشعر من جذوره بشكل أفضل  أقل ألماً من الشمع : لأنها تزيل الشعر في اتجاه نموه ، وهو أقل ألماً من الشمع تنفصل العجينة من الجلد بسهولة أكبر من الشمع ، مما يؤدي إلى تقليل تهيج الجلد. ينمو الشعر بمعدل أبطأ على عكس الحلاقة يكون الشعر عند نموه مرة أخرى أرق وأخف سعر سويت افوفا للمناطق الحساسة سعر عجينة افوفا لازاله الشعر حوالى 30 جنيه مصرى. "" قد يختلف سعر افوفا سويت avuva من وقت لآخر تبعاً لتغير سعرها فى الاسواق "" حجم سويت افوفا للبشره الحساسه تتوافر افوفا العجينة البيضاء بحجم 100 جم طريقة استخدام عجينة افوفا لازالة الشعر خذى جزءًا صغيرًا من أفوفا العجينة البيضاء لازالة الشعر ، واعجنيه في يدك حتى يصبح طريًا ولينًا. ضعى عجينه افوفا على البشرة افردى العجينة في اتجاه نمو الشعر. تعمل أفوفا العجينة البيضاء بشكل أفضل عند إزالة الشعر الذي يتراوح طوله بين اثنين وأربعة ملليمترات. يجب أن تكون البشرة نظيفة وخالية من الزيوت الزائدة أو مرطبات الجسم يمكن أن تساعد بودرة الأطفال في الحفاظ على نظافة البشرة وإزالة الزيوت ( إذا لم يكن لديك منظف خاص لتستخدمه قبل إزالة الشعر ، خذ حمامًا واغسل البشرة جيدًا) يمكنك إعادة استخدام قطعة من العجينة حتى تصبح العجينة ضعيفة للغاية بحيث لا تكون فعالة.  قومى بتقشير البشرة عدة مرات في الأسبوع بفرك الجسم أو بإستخدام مقشر كيميائي لإزالة خلايا الجلد الميتة التي يمكن أن تسد المسام.  ما هى انواع سويت افوفا العجينة البيضاء ؟ عجينة افوفا البيضاء بالفاكهة الاستوائية سويت افوفا بجوز الهند والفانيليا سويت افوفا بالفحم والنعناع سويت افوفا بالورد افوفا عجينة بيضاء شيرى بلوسوم ( ثمار الكرز ) ما هى اماكن بيع سويت افوفا للوجة ؟ يمكنك شراء عجينه سويت افوفا اونلاين عبر تطبيق شقاء لتصلك حتى عندك. ما أفضل انواع السويت لازالة الشعر ؟ سويت افوفا ايزي سويت لإزالة الشعر حرير سويت طبيعي لازالة الشعر  ما أفضل وقت لإزالة الشعر من الوجه والمناطق الحساسة ؟ فى حالة السويت :  يمكن إزالة الشعر القصير الذى يبلغ طوله ربع سم فى حالة الشمع : تحتاج عمومًا إلى نمو الشعر إلى نصف سم حتى يتمكن الشمع من إزالته بنجاح. ويعتمد ذلك على نوع الشمع المستخدم ، ونوع الشعر ومدى مهارة الشخص ، لكن في بعض الأحيان يمكن إزالة الشعر أقصر قليلاً من نصف سم. أيهما أفضل العجينة أم الشمع ؟ شرائح الشمع المعدة مسبقًا قد تترك بعض الشعر خلفها والشمع الطرى يمكن ألا يزيل الشعر جيداً إذا لم يتم وضعه على الجلد بشكل صحيح ، أو إذا لم يكن الشمع دافئًا بدرجة كافية أو لم يكن مطبقًا بشكل كثيف  قد تكون العجينة مؤلمة أيضاً ,كما أن الرطوبة قد تسبب تلفها ولكن العجينة ، تتميز بمنع نمو الشعر لفترة أطول وتترك إحمراراً أقل من الشمع   إذا كان أي جزء من جسمك حساسًا للحرارة بشكل خاص ، فإن العجينة أفضل من الشمع لأن العجينة تستخدم في درجة حرارة الغرفة أما الشمع فيجب أن يكون الشمع ساخنًا على الأقل بعض الشيء عند إستخدامه روتين العناية بالبشرة بعد إزالة الشعر ارتداء ملابس مريحة من القطن لتجنب تهيج البشرة  تجنب السباحة سواء فى البحر أو حمام السباحة لمدة 12 ساعة على الأقل بعد إزالة الشعر استخدام الثلج لتخفيف الألم والتهيج بعد إزالة الشعر تجنب التعرض للشمس  تجنب استخدام منتجات التجميل التى تحتوى على عطور لبضعة أيام تجنب الاستحمام بالماء الساخن مباشرة بعد إزالة الشعر.",ماركة: أفوفا
923,افوفا | سويت للمناطق الحساسة برائحة الزهور | 100جم,avuva white paste hair removal floral,36,EGP,أفوفا,العناية اليومية>العناية النسائية,in stock,https://chefaa.com:443/eg-ar/nowProduct/avuva-white-paste-hair-removal-floral,https://cdn.chefaa.com/filters:format(webp)/public/uploads/products/avuva-white-paste-hair-removal-floral-01664975283.png,https://cdn.chefaa.com/filters:format(webp)/public/uploads/products/avuva-white-paste-hair-removal-floral-01664975283.png,مميزات المنتج   تتميز سويت افوفا للمناطق الحساسة بما يلي: مصنوعة من مكونات طبيعية 100%. تساعدك على إزالة الشعر من الجذور بسهولة وبدون ألم. مصممة خصيصاً لتناسب الأماكن الحساسة. آمنة على البشرة ولا تسبب التهيج أو الحساسية. تترك بشرتك ناعمة وملساء بأقل مجهود. لها رائحة غنية ومنعشة تدوم لفترة طويلة على البشرة. تكسبك إحساساً بالنظافة والانتعاش وتوفر لك تجربة مميزة لإزالة الشعر. سعر سويت افوفا للمناطق الحساسة مناسب مقارنة بحجمها وفوائدها العديدة.   عن هذا المنتج     مكونات سويت افوفا للمناطق الحساسة  تحتوي افوفا سويت على:  السكر.  الليمون.  خلاصة الورد.  حجم Avuva White Paste برائحة الزهور   تتوفر سويت افوفا برائحة الزهور بحجم 100 جم.  سعر سويت افوفا للمناطق الحساسة  يبلغ سعر avuva سويت للمناطق الحساسة حوالي 40 جنيه مصري.  يوصى باستعمال سويت افوفا للمناطق الحساسة ل  افوفا سويت مناسبة لإزالة الشعر من المناطق الحساسة والوجه، فهي تساعدك على التخلص من الشعيرات الدقيقة من الجذور بدون ألم وتترك بشرتك ملساء وناعمة، وكذلك لا تسبب أي حساسية أو تهيج للجلد بالإضافة إلى رائحتها المميزة التي توفر لك تجربة فريدة ومنعشة.  ازاي استخدام عجينة افوفا لإزالة الشعر؟  في البداية تأكدي أن بشرتك نظيفة وخالية من الزيوت قبل استخدام السويت.  يمكنك أخذ قطعة صغيرة من العجينة وفركها بيدك حتى تصبح لينة.  افردي العجينة على الجزء المراد نزع الشعر منه.  تأكدي من فرد العجينة مع اتجاه نمو الشعر ثم انزعيها عكس اتجاه الشعر.  بعد إزالة الشعر اشطفي جسمك بالماء الفاتر، وضعي الكريم المرطب المناسب.  يمكنك عمل سكراب للجسم قبل إزالة الشعر للتخلص من الجلد الميت و الشعر تحت الجلد.  يساعد استخدام السويت على تفتيح البشرة مع تكرار الاستخدام.  هل سويت افوفا يستخدم للوجه؟  نعم، سويت أفوفا مصممة لإزالة الشعر من الأماكن الحساسة والوجه فهي تحتوي على مكونات طبيعية آمنة لا تسبب الحساسية، ويمكنك استخدامها لإزالة الشعيرات الصغيرة من الوجه.  ما هو افضل سويت لازالة الشعر؟  ايزي سويت.  سويت حرير.  عجينة أفوفا البيضاء.,ماركة: أفوفا
21213,افوفا | عجينه بيضاء لازاله الشعر باشن فروت | 100جم,avuva white paste hair removal passion fruit 100gm kzkl,36,EGP,أفوفا,العناية اليومية>العناية النسائية,in stock,https://chefaa.com:443/eg-ar/nowProduct/avuva-white-paste-hair-removal-passion-fruit-100gm-kzkl,https://cdn.chefaa.com/filters:format(webp)/public/uploads/products/avuva-white-paste-hair-removal-passion-fruit-100gm-pipf-01656344215.png,https://cdn.chefaa.com/filters:format(webp)/public/uploads/products/avuva-white-paste-hair-removal-passion-fruit-100gm-pipf-01656344215.png,مميزات المنتج   افوفا | عجينه بيضاء لازاله الشعر باشن فروت | 100جم,ماركة: أفوفا
46623,ديرما اكتيف | اكتى وايت بادى لوشن | 200مل,dermactive acti white 2in1 body milk 200ml qmxn_duufMtNq,250,EGP,ديرما اكتيف,العناية اليومية>العناية بالجسم و الاستحمام,in stock,https://chefaa.com:443/eg-ar/nowProduct/dermactive-acti-white-2in1-body-milk-200ml-qmxn_duufMtNq,https://cdn.chefaa.com/filters:format(webp)/public/uploads/products/dermactive-acti-white-2in1-body-milk-200ml-ne5q-01708423941.png,https://cdn.chefaa.com/filters:format(webp)/public/uploads/products/dermactive-acti-white-2in1-body-milk-200ml-ne5q-01708423941.png,عن هذا المنتج     لوشن مصمم خصیصا لتفتیح وترطیب الجسم والمناطق الحساسة مثل خط البیكیني والإبطین.  یساعد على محاربة فرط التصبغ ويعمل على توحيد لون البشرة في مناطق الاحتكاك .  یھدئ ویقلل من احمرار البشرة في المناطق الحساسة.  أمن في الاستخدام للمناطق الحساسة والحميمية - لا يسبب الحساسية - ملمس خفيف وسريع الامتصاص لا يترط اثر دهني على البشرة,ماركة: ديرما اكتيف
46404,لونا | كريم ايمولاينت كريم مرطب ناعم بالجليسرين وزيت الجوجوبا | 160جم,luna emollient soft cream glycerin jojoba oil 160gm teg5_duzY9BhK,65,EGP,لونا,العناية اليومية>العناية بالجسم و الاستحمام,in stock,https://chefaa.com:443/eg-ar/nowProduct/luna-emollient-soft-cream-glycerin-jojoba-oil-160gm-teg5_duzY9BhK,https://cdn.chefaa.com/filters:format(webp)/public/uploads/products/luna-emollient-soft-cream-glycerin-jojoba-oil-160gm-wjha-01701770505.png,https://cdn.chefaa.com/filters:format(webp)/public/uploads/products/luna-emollient-soft-cream-glycerin-jojoba-oil-160gm-wjha-01701770505.png,مميزات المنتج   لونا | كريم ايمولاينت كريم مرطب ناعم بالجليسرين وزيت الجوجوبا | 160جم,ماركة: لونا
46710,لونا | كريم ايمولاينت كريم مرطب ناعم بالجليسرين وزيت الجوجوبا | 50جم,luna emollient soft cream glycerin jojoba oil 160gm teg5_duBh5Tv2_duOQKbEu,32,EGP,لونا,العناية اليومية>العناية بالجسم و الاستحمام,in stock,https://chefaa.com:443/eg-ar/nowProduct/luna-emollient-soft-cream-glycerin-jojoba-oil-160gm-teg5_duBh5Tv2_duOQKbEu,https://cdn.chefaa.com/filters:format(webp)/public/uploads/products/luna-emollient-soft-cream-glycerin-jojoba-oil-160gm-wjha-01701770505.png,https://cdn.chefaa.com/filters:format(webp)/public/uploads/products/luna-emollient-soft-cream-glycerin-jojoba-oil-160gm-wjha-01701770505.png,مميزات المنتج   لونا | كريم ايمولاينت كريم مرطب ناعم بالجليسرين وزيت الجوجوبا | 50جم,ماركة: لونا
20938,لونا صابونة الجلسرين الأصلية | 72جم,luna glycerin soap 72g w99u,30,EGP,لونا,العناية اليومية>العناية بالجسم و الاستحمام,in stock,https://chefaa.com:443/eg-ar/nowProduct/luna-glycerin-soap-72g-w99u,https://cdn.chefaa.com/filters:format(webp)/public/uploads/products/luna-glycerin-soap-72g-i3hu-01655605246.png,https://cdn.chefaa.com/filters:format(webp)/public/uploads/products/luna-glycerin-soap-72g-i3hu-01655605246.png,مميزات المنتج   تتميز لونا صابونة الجلسرين الأصلية بما يلي: صابون شفاف غني بالزيوت الطبيعية والجلسرين. يرطب البشرة ويحميها من الجفاف. يحافظ على ملمس الجلد ويكسبه النعومة والنضارة. يتوفر منها روائح مختلفة ومنعشة. سعر لونا صابونة الجلسرين الأصلية مناسب مقارنة بحجمها وفوائدها للبشرة.   عن هذا المنتج     مكونات لونا صابونة الجلسرين الأصلية  تحتوي صابونة لونا على:  الجلسرين: يرطب البشرة ويحسن ملمسها ويكسبها المزيد من النعومة.  ايثانول: يعمل كمادة معقمة ومطهرة ويحافظ على تركيبة الصابون.  قاعدة صابون: تساعد على تنظيف البشرة وتكوين الرغوة.  حجم luna glycerine soap  تتوفر luna glycerine soap بحجم 115 جم و 72 جم.  يوصى باستعمال لونا صابونة الجلسرين الأصلية ل  صابونة الجلسرين من لونا مناسبة لجميع أنواع البشرة فهي غنية بالزيوت الطبيعية والجلسرين مما يساعد على إكساب البشرة النعومة، والحماية من الجفاف وكذلك آمنة على البشرة ولا تسبب الحساسية.  ما هي أنواع لونا صابونة الجلسرين الأصلية؟  تتوفر بروائح مختلفة ومنها:  الورد والحليب.  تويست التوت.  جلسرين وزيتون.  زهور القطن.,ماركة: لونا
18096,أولويز | فوط صحية 3 في 1 انتعاش الاعشاب الترا رفيع طويل | 8 قطع,always ultra fresh long pads 8pcs 5xd0,45,EGP,أولويز,العناية اليومية>العناية النسائية,in stock,https://chefaa.com:443/eg-ar/nowProduct/always-ultra-fresh-long-pads-8pcs-5xd0,https://cdn.chefaa.com/filters:format(webp)/public/uploads/products/always-ultra-fresh-long-pads-8pcs-5xd0-01729682996.png,https://cdn.chefaa.com/filters:format(webp)/public/uploads/products/always-ultra-fresh-long-pads-8pcs-5xd0-01729682996.png,مميزات المنتج   أولويز | فوط صحية 3 في 1 انتعاش الاعشاب الترا رفيع طويل | 8 قطع,ماركة: أولويز
46668,اولويز | فوط صحية كول & دراي مفيش احساس بالكتمة وبانتعاش الالوفيرا ماكسي سميكة طويل | 8 قطع,always super 8pads romw_dup7zXWO,30,EGP,أولويز,العناية اليومية>العناية النسائية,in stock,https://chefaa.com:443/eg-ar/nowProduct/always-super-8pads-romw_dup7zXWO,https://cdn.chefaa.com/filters:format(webp)/public/uploads/products/always-super-8pads-romw-dup7zxwo-01729686358.png,https://cdn.chefaa.com/filters:format(webp)/public/uploads/products/always-super-8pads-romw-dup7zxwo-01729686358.png,مميزات المنتج   اولويز | فوط صحية كول & دراي مفيش احساس بالكتمة وبانتعاش الالوفيرا ماكسي سميكة طويل | 8 قطع,ماركة: أولويز
1894,أولويز | ماكسي سميكة بنعومة القطن فوط صحية طويلة جدا بالاجنحة | 7 قطعة ‎,always cotton soft maxi thick long sanitary pads with wings pads,38,EGP,أولويز,العناية اليومية>العناية النسائية,in stock,https://chefaa.com:443/eg-ar/nowProduct/always-cotton-soft-maxi-thick-long-sanitary-pads-with-wings-8-pads,https://cdn.chefaa.com/filters:format(webp)/public/uploads/products/always-cotton-soft-maxi-thick-long-sanitary-pads-with-wings-8-pads-01743948121.png,https://cdn.chefaa.com/filters:format(webp)/public/uploads/products/always-cotton-soft-maxi-thick-long-sanitary-pads-with-wings-8-pads-01743948121.png,عن هذا المنتج     تمتعي بنعومة ومرونة تدوم طوال الليل مع أولويز ماكسي سميكة قطن ناعم. إنه أكثر نعومة للبشرة من العلامات التجارية القطنية الأخرى ، وأطول في الخلف لحماية طوال الليل مع نواة ماصة إضافية تمتص السائل على الفور وتحبسه بالداخل لتوفير حماية مريحة طوال الليل. 2x ليونة ومرونة. طبقة علوية ناعمة مع لوشن يحمي بشرتك من التهيج والضرر. وسادة طويلة لأيام التدفق الكثيف.,ماركة: أولويز
2394,أولويز | نعومة القطن ماكسي سميكة فوط صحية طويلة بالاجنحة | 8 قطع,always cotton soft long maxi thick pads,35,EGP,أولويز,العناية اليومية>العناية النسائية,in stock,https://chefaa.com:443/eg-ar/nowProduct/always-cotton-soft-long-maxi-thick-8-pads,https://cdn.chefaa.com/filters:format(webp)/public/uploads/products/1616585747item-xl-33112716-9557d6ec4a1e5-1jpg,https://cdn.chefaa.com/filters:format(webp)/public/uploads/products/1616585747item-xl-33112716-9557d6ec4a1e5-1jpg,مميزات المنتج   استمتعي بإحساس النعومة وحرية الحركة طوال الليل مع فوط أولويز ماكسي سميكة بنعومة القطن، فهي فوط أكثر نعومة من أي فوط قطنية أخرى، وتأتي بطول إضافي من الجهة الخلفية ونواة داخلية تقوم بامتصاص السائل وتحبسه بالداخل لضمان الراحة والحماية التامة طوال الليل. 2× أكثر نعومة ومرونة. طبقة علوية ناعمة تحتوي على لوشن الحماية بشرتكِ من الالتهاب. فوط طويلة مناسبة لأيام التدفق الزائد.,ماركة: أولويز
32247,أولويز | فوط صحية طويلة فائقة النضارة بالأعشاب | 26 فوطة,always ultra quattro 26p long g3j5_dugBc02J,109,EGP,أولويز,العناية اليومية>,in stock,https://chefaa.com:443/eg-ar/nowProduct/always-ultra-quattro-26p-long-g3j5_dugBc02J,https://cdn.chefaa.com/filters:format(webp)/public/uploads/products/always-ultra-quattro-26p-long-g3j5-dugbc02j-01722334590.png,https://cdn.chefaa.com/filters:format(webp)/public/uploads/products/always-ultra-quattro-26p-long-g3j5-dugbc02j-01722334590.png,عن هذا المنتج     أولويز | فوط صحية طويلة فائقة النضارة بالأعشاب | 26 فوطة,ماركة: أولويز
48372,اولويز | ماكسي سميكه طويله جدا | 14 + 2 مجانا,always maxi thick extra long free pads ug7t_dud9VFdQ,55,EGP,أولويز,العناية اليومية>العناية النسائية,in stock,https://chefaa.com:443/eg-ar/nowProduct/always-maxi-thick-extra-long-14-2-free-pads-ug7t_dud9VFdQ,https://cdn.chefaa.com/filters:format(webp)/public/uploads/products/always-maxi-thick-extra-long-14-2-free-pads-9wau-01713278230.png,https://cdn.chefaa.com/filters:format(webp)/public/uploads/products/always-maxi-thick-extra-long-14-2-free-pads-9wau-01713278230.png,عن هذا المنتج     اولويز | ماكسي سميكه طويله جدا | 14 + 2 مجانا,ماركة: أولويز
45946,اولويز | ماكسي سميكه طويله | 14 + 2 مجانا,always maxi thick extra long free pads ug7t_dubHdZjH_duUBHoTi,55,EGP,أولويز,العناية اليومية>العناية النسائية,in stock,https://chefaa.com:443/eg-ar/nowProduct/always-maxi-thick-extra-long-14-2-free-pads-ug7t_dubHdZjH_duUBHoTi,https://cdn.chefaa.com/filters:format(webp)/public/uploads/products/always-maxi-thick-extra-long-14-2-free-pads-ug7t-dubhdzjh-01713278682.png,https://cdn.chefaa.com/filters:format(webp)/public/uploads/products/always-maxi-thick-extra-long-14-2-free-pads-ug7t-dubhdzjh-01713278682.png,عن هذا المنتج     اولويز | ماكسي سميكه طويله | 14 + 2 مجانا,ماركة: أولويز
46766,اولويز | ماكسي سميكة و طويلة للبشرة الحساسة | 28 قطعة,always maxi thick long sanitary sensitive skin pcs qlde,100,EGP,أولويز,العناية اليومية>العناية النسائية,in stock,https://chefaa.com:443/eg-ar/nowProduct/always-maxi-thick-long-sanitary-sensitive-skin-28-pcs-qlde,https://cdn.chefaa.com/filters:format(webp)/public/uploads/products/always-maxi-thick-long-sanitary-sensitive-skin-28-pcs-gcvs-01725782428.png,https://cdn.chefaa.com/filters:format(webp)/public/uploads/products/always-maxi-thick-long-sanitary-sensitive-skin-28-pcs-gcvs-01725782428.png,مميزات المنتج   اولويز | ماكسي سميكة و طويلة للبشرة الحساسة | 28 قطعة,ماركة: أولويز
50398,اولويز | ماكسي سميك بالصبار طويل جدًا | 16 قطعة,always maxi thick with aloe vera extra long padaGgO,70,EGP,أولويز,العناية اليومية>العناية النسائية,in stock,https://chefaa.com:443/eg-ar/nowProduct/always-maxi-thick-with-aloe-vera-extra-long-16-padaGgO,https://cdn.chefaa.com/filters:format(webp)/public/uploads/products/always-maxi-thick-with-aloe-vera-extra-long-16-padaggo-01733743174.png,https://cdn.chefaa.com/filters:format(webp)/public/uploads/products/always-maxi-thick-with-aloe-vera-extra-long-16-padaggo-01733743174.png,مميزات المنتج   اولويز | ماكسي سميك بالصبار طويل جدًا | 16 قطعة,ماركة: أولويز
50400,اولويز | الترا رقيقة هيربل | 24 قطعة,always ultra thin herbalextlong24pcMtaw,110,EGP,أولويز,العناية اليومية>العناية النسائية,in stock,https://chefaa.com:443/eg-ar/nowProduct/always-ultra-thin-herbalextlong24pcMtaw,https://cdn.chefaa.com/filters:format(webp)/public/uploads/products/always-ultra-thin-herbalextlong24pcmtaw-01734530862.png,https://cdn.chefaa.com/filters:format(webp)/public/uploads/products/always-ultra-thin-herbalextlong24pcmtaw-01734530862.png,مميزات المنتج   اولويز | الترا رقيقة هيربل | 24 قطعة,ماركة: أولويز
56940,مولبيد | مسك الزهور عبوة اقتصادية طويلة | 18 قطعة,molped limited edition floral musk value pack long pads esyk_ducZEM0X,65,EGP,مولبيد,العناية اليومية>العناية النسائية,in stock,https://chefaa.com:443/eg-ar/nowProduct/molped-limited-edition-floral-musk-value-pack-long-18-pads-esyk_ducZEM0X,https://cdn.chefaa.com/filters:format(webp)/public/uploads/products/molped-limited-edition-floral-musk-value-pack-long-18-pads-x1i9-01734262124.png,https://cdn.chefaa.com/filters:format(webp)/public/uploads/products/molped-limited-edition-floral-musk-value-pack-long-18-pads-x1i9-01734262124.png,مميزات المنتج   مولبيد | مسك الزهور عبوة اقتصادية طويلة | 18 قطعة,ماركة: مولبيد
46221,مولبيد | فوط حواجز 7 ماكسى طويل جدا | 6 قطع,molped barriers maxi thick extra long 61pads vu06_duFWBfqw_duGRqJSY,31,EGP,مولبيد,العناية اليومية>العناية النسائية,in stock,https://chefaa.com:443/eg-ar/nowProduct/molped-barriers-7-maxi-thick-extra-long-61pads-vu06_duFWBfqw_duGRqJSY,https://cdn.chefaa.com/filters:format(webp)/public/uploads/products/molped-barriers-7-maxi-thick-extra-long-61pads-vu06-dufwbfqw-01710147293.png,https://cdn.chefaa.com/filters:format(webp)/public/uploads/products/molped-barriers-7-maxi-thick-extra-long-61pads-vu06-dufwbfqw-01710147293.png,عن هذا المنتج     مولبيد | فوط حواجز 7 ماكسى طويل جدا | 6 قطع,ماركة: مولبيد
21175,مولبيد | فوط حماية كاملة طويل | 6+1 قطع,molped total protection free long 61pads dmcv,32,EGP,مولبيد,العناية اليومية>العناية النسائية,in stock,https://chefaa.com:443/eg-ar/nowProduct/molped-total-protection-free-long-61pads-dmcv,https://cdn.chefaa.com/filters:format(webp)/public/uploads/products/molped-total-protection-free-long-61pads-s4gr-01656331893.png,https://cdn.chefaa.com/filters:format(webp)/public/uploads/products/molped-total-protection-free-long-61pads-s4gr-01656331893.png,عن هذا المنتج     مولبيد | فوط حماية كاملة طويل | 6+1 قطع,ماركة: مولبيد
46665,مولبيد | حماية ضد البكتيريا - طويل جدا | 20+4 فوطة مجاناً,molped protection against bacteria very long cqbz_duT4uhps,90,EGP,مولبيد,العناية اليومية>العناية النسائية,in stock,https://chefaa.com:443/eg-ar/nowProduct/molped-protection-against-bacteria-very-long-cqbz_duT4uhps,https://cdn.chefaa.com/filters:format(webp)/public/uploads/products/molped-protection-against-bacteria-very-long-cqbz-01713352203.png,https://cdn.chefaa.com/filters:format(webp)/public/uploads/products/molped-protection-against-bacteria-very-long-cqbz-01713352203.png,مميزات المنتج   مولبيد | حماية ضد البكتيريا - طويل جدا | 20+4 فوطة مجاناً,ماركة: مولبيد
46010,مولبيد | فوط صحية للحماية الكاملة طويلة جدا | 14 قطعة,molped total protection extra long sanitary pads pcs venb_duCD0pRQ,69,EGP,مولبيد,العناية اليومية>,in stock,https://chefaa.com:443/eg-ar/nowProduct/molped-total-protection-extra-long-sanitary-pads-14-pcs-venb_duCD0pRQ,https://cdn.chefaa.com/filters:format(webp)/public/uploads/products/molped-total-protection-extra-long-sanitary-pads-14-pcs-n8mw-01686837297.png,https://cdn.chefaa.com/filters:format(webp)/public/uploads/products/molped-total-protection-extra-long-sanitary-pads-14-pcs-n8mw-01686837297.png,مميزات المنتج   مولبيد | فوط صحية للحماية الكاملة طويلة جدا | 14 قطعة,ماركة: مولبيد
46708,فوط صحية مولبد الترا طويل molped ultra thin | ٢٤ قطعة,molped ultra fresh comfort long pads zuzm_durTJ39z,95,EGP,مولبيد,العناية اليومية>العناية النسائية,in stock,https://chefaa.com:443/eg-ar/nowProduct/molped-ultra-fresh-comfort-long-24-pads-zuzm_durTJ39z,https://cdn.chefaa.com/filters:format(webp)/public/uploads/products/molped-ultra-fresh-comfort-long-24-pads-jgzh-01709902043.png,https://cdn.chefaa.com/filters:format(webp)/public/uploads/products/molped-ultra-fresh-comfort-long-24-pads-jgzh-01709902043.png,مميزات المنتج   تتميز فوط صحية مولبد الترا molped ultra thin بما يلي: تمتص السوائل بسرعة وكفاءة، مما يمنحك الجفاف والراحة طوال اليوم.  السطح العلوي ذو ملمس قطني ناعم ولطيف على البشرة، مما يقلل من احتمالية التهيج أو الانزعاج. تم اختبارها من قبل أطباء الجلدية لضمان ملاءمتها للبشرة الحساسة. مزودة بحواجز جانبية لمنع التسرب مما يوفر لك الراحة والأمان. سمكها صغير لا يتعدى 2 مم؛ مما يزيد الشعور بالراحة. سعر فوط صحية مولبد الترا مناسب مقارنة بفوائدها العديدة.   عن هذا المنتج     مكونات فوط صحية مولبد الترا   تحتوي فوط مولبد على:  طبقة خارجية مصنوعة من قطن طبيعي 100%.  طبقة متوسطة تساعد على على امتصاص السوائل.  حواجز جانبية تساعد على منع التسرب.  أجنحة كبيرة لضمان الثبات على ملابسك الداخلية.  حجم عبوة molped ultra thin   تتوفر فوط مولبد الترا على هيئة عبوة تحتوي على 24 أو 16 فوطة.  سعر فوط مولبد الترا   يبلغ سعر فوط مولبد الترا حوالي 65 جنيه مصري للعبوة 16 قطعة.  سعر فوط مولبد 24 قطعة حوالي 85 جنيه مصري.  (سعر المنتج قد يتغير تبعاً لتحديث سعره في الصيدليات أو حسب العروض المتاحة).  يوصى باستعمال فوط صحية مولبد الترا ل   فوط مولبد الترا مناسبة لحمايتك من التسرب خلال الدورة الشهرية، فتوفر قدرة عالية على امتصاص السوائل، بالإضافة إلى ملمسها القطني الناعم مما يناسب البشرة الحساسة ويوفر لك المزيد من الراحة والأمان.  طريقة استخدام فوط صحية مولبد الترا  افتحي الغلاف الخارجي للفوطة بلطف، ثم أزيلي الورقة اللاصقة عن الجانب الخلفي للفوطة.  ضعي الفوطة بحيث يكون الجزء اللاصق موجهًا للأسفل، وقومي بتثبيتها في منتصف الملابس الداخلية، بحيث تغطي المنطقة المناسبة تمامًا.  أزيلي الغلاف اللاصق عن الأجنحة، ثم لفيها حول جانبي السروال الداخلي للصقها بإحكام، مما يضمن ثبات الفوطة أثناء الحركة.  يُنصح بتغيير الفوطة كل 4 إلى 6 ساعات، أو حسب الحاجة، للحفاظ على النظافة ومنع الروائح الكريهة أو الالتهابات.  ما شكل فوط مولبد من الداخل؟   تتكون فوط مولبد الترا راحة وانتعاش من عدة طبقات مصممة لتوفير الراحة والحماية خلال فترة الدورة الشهرية.  الطبقة العلوية (السطح الخارجي): مصنوعة من قطن طبيعي 100%، ناعم على البشرة لتقليل التهيج والانزعاج.  الطبقة الوسطى: تحتوي على مواد عالية الامتصاص تعمل على حبس السوائل بسرعة وكفاءة، مما يحافظ على الجفاف والراحة طوال اليوم.  الحواجز الجانبية ثلاثية الأبعاد: تعمل على منع التسرب الجانبي، مما يوفر حماية إضافية.  الطبقة السفلية: لاصقة ومقاومة للماء وتمنع تسرب السوائل، مما يضمن الأمان والثقة أثناء الاستخدام.  الأجنحة الجانبية: تساعد على تثبيت الفوطة على الملابس الداخلية، وتوفر الأمان وسهولة الحركة.  ما الفرق بين أنواع مولبد؟  مولبد الترا راحة وانتعاش (Molped Ultra Fresh & Comfort): لها تصميم رفيع يتيح حرية الحركة.  مولبد ماكسي مضغوطة (Molped Maxi Compressed): لها تصميم سميك يوفر حماية إضافية ومناسبة للنساء اللواتي يفضلن الفوط السميكة.  مولبد حماية ضد البكتيريا (Molped Antibacterial Protection): تحتوي على مواد مضادة للبكتيريا للحفاظ على النظافة كما تقلل من الروائح الكريهة وتمنع التهيج.  مولبد حماية كاملة (Molped Complete Protection): لها تصميم يوفر تغطية كاملة لمنع التسرب ومناسبة للاستخدام الليلي.  مولبد فوط يومية (Molped Daily Liners): مناسبة للاستخدام اليومي للحفاظ على النظافة والانتعاش.  مولبد بيور أند سوفت (Molped pure and soft): ناعمة على البشرة مما يقلل الاحتكاك والتهيج.  ما أفضل فوط صحية للدورة الغزيرة؟  فوط أولويز always.  فوط كوتكس kotex.  فوط مولبد الترا molped ultra.  فوط سوفي sofy.  فوط فام fam.  فوط برايفت private.,ماركة: مولبيد
48101,مولبيد | فوط صحية الترا طويل راحة وانتعاش | 16 قطعة + 4 قطع مجانا,molped ultra fresh comfort pads long pads vnaw_duzYrAMT,68,EGP,مولبيد,العناية اليومية>العناية النسائية,in stock,https://chefaa.com:443/eg-ar/nowProduct/molped-ultra-fresh-comfort-pads-long-16-pads-vnaw_duzYrAMT,https://cdn.chefaa.com/filters:format(webp)/public/uploads/products/molped-ultra-fresh-comfort-pads-long-16-pads-3vze-01709902464.png,https://cdn.chefaa.com/filters:format(webp)/public/uploads/products/molped-ultra-fresh-comfort-pads-long-16-pads-3vze-01709902464.png,مميزات المنتج   تتميز فوط صحية مولبد الترا molped ultra thin بما يلي: تمتص السوائل بسرعة وكفاءة، مما يمنحك الجفاف والراحة طوال اليوم.  السطح العلوي ذو ملمس قطني ناعم ولطيف على البشرة، مما يقلل من احتمالية التهيج أو الانزعاج. تم اختبارها من قبل أطباء الجلدية لضمان ملاءمتها للبشرة الحساسة. مزودة بحواجز جانبية لمنع التسرب مما يوفر لك الراحة والأمان. سمكها صغير لا يتعدى 2 مم؛ مما يزيد الشعور بالراحة. سعر فوط صحية مولبد الترا مناسب مقارنة بفوائدها العديدة.   عن هذا المنتج     مكونات فوط صحية مولبد الترا   تحتوي فوط مولبد على:  طبقة خارجية مصنوعة من قطن طبيعي 100%.  طبقة متوسطة تساعد على على امتصاص السوائل.  حواجز جانبية تساعد على منع التسرب.  أجنحة كبيرة لضمان الثبات على ملابسك الداخلية.  حجم عبوة molped ultra thin   تتوفر فوط مولبد الترا على هيئة عبوة تحتوي على 24 أو 16 فوطة.  سعر فوط مولبد الترا   يبلغ سعر فوط مولبد الترا حوالي 65 جنيه مصري للعبوة 16 قطعة.  سعر فوط مولبد 24 قطعة حوالي 85 جنيه مصري.  (سعر المنتج قد يتغير تبعاً لتحديث سعره في الصيدليات أو حسب العروض المتاحة).  يوصى باستعمال فوط صحية مولبد الترا ل   فوط مولبد الترا مناسبة لحمايتك من التسرب خلال الدورة الشهرية، فتوفر قدرة عالية على امتصاص السوائل، بالإضافة إلى ملمسها القطني الناعم مما يناسب البشرة الحساسة ويوفر لك المزيد من الراحة والأمان.  طريقة استخدام فوط صحية مولبد الترا  افتحي الغلاف الخارجي للفوطة بلطف، ثم أزيلي الورقة اللاصقة عن الجانب الخلفي للفوطة.  ضعي الفوطة بحيث يكون الجزء اللاصق موجهًا للأسفل، وقومي بتثبيتها في منتصف الملابس الداخلية، بحيث تغطي المنطقة المناسبة تمامًا.  أزيلي الغلاف اللاصق عن الأجنحة، ثم لفيها حول جانبي السروال الداخلي للصقها بإحكام، مما يضمن ثبات الفوطة أثناء الحركة.  يُنصح بتغيير الفوطة كل 4 إلى 6 ساعات، أو حسب الحاجة، للحفاظ على النظافة ومنع الروائح الكريهة أو الالتهابات.  ما شكل فوط مولبد من الداخل؟   تتكون فوط مولبد الترا راحة وانتعاش من عدة طبقات مصممة لتوفير الراحة والحماية خلال فترة الدورة الشهرية.  الطبقة العلوية (السطح الخارجي): مصنوعة من قطن طبيعي 100%، ناعم على البشرة لتقليل التهيج والانزعاج.  الطبقة الوسطى: تحتوي على مواد عالية الامتصاص تعمل على حبس السوائل بسرعة وكفاءة، مما يحافظ على الجفاف والراحة طوال اليوم.  الحواجز الجانبية ثلاثية الأبعاد: تعمل على منع التسرب الجانبي، مما يوفر حماية إضافية.  الطبقة السفلية: لاصقة ومقاومة للماء وتمنع تسرب السوائل، مما يضمن الأمان والثقة أثناء الاستخدام.  الأجنحة الجانبية: تساعد على تثبيت الفوطة على الملابس الداخلية، وتوفر الأمان وسهولة الحركة.  ما الفرق بين أنواع مولبد؟  مولبد الترا راحة وانتعاش (Molped Ultra Fresh & Comfort): لها تصميم رفيع يتيح حرية الحركة.  مولبد ماكسي مضغوطة (Molped Maxi Compressed): لها تصميم سميك يوفر حماية إضافية ومناسبة للنساء اللواتي يفضلن الفوط السميكة.  مولبد حماية ضد البكتيريا (Molped Antibacterial Protection): تحتوي على مواد مضادة للبكتيريا للحفاظ على النظافة كما تقلل من الروائح الكريهة وتمنع التهيج.  مولبد حماية كاملة (Molped Complete Protection): لها تصميم يوفر تغطية كاملة لمنع التسرب ومناسبة للاستخدام الليلي.  مولبد فوط يومية (Molped Daily Liners): مناسبة للاستخدام اليومي للحفاظ على النظافة والانتعاش.  مولبد بيور أند سوفت (Molped pure and soft): ناعمة على البشرة مما يقلل الاحتكاك والتهيج.  ما أفضل فوط صحية للدورة الغزيرة؟  فوط أولويز always.  فوط كوتكس kotex.  فوط مولبد الترا molped ultra.  فوط سوفي sofy.  فوط فام fam.  فوط برايفت private.,ماركة: مولبيد
46706,فوط صحية مولبد الترا طويل جدا راحة وانتعاش | 14 قطعة,molped ultra pads fresh comfort value pack extra long pcs znhb_duL224nX,68,EGP,مولبيد,العناية اليومية>العناية النسائية,in stock,https://chefaa.com:443/eg-ar/nowProduct/molped-ultra-pads-fresh-comfort-value-pack-extra-long-14-pcs-znhb_duL224nX,https://cdn.chefaa.com/filters:format(webp)/public/uploads/products/molped-ultra-pads-fresh-comfort-value-pack-extra-long-14-pcs-i82h-01709899220.png,https://cdn.chefaa.com/filters:format(webp)/public/uploads/products/molped-ultra-pads-fresh-comfort-value-pack-extra-long-14-pcs-i82h-01709899220.png,مميزات المنتج   تتميز فوط صحية مولبد الترا طويل جدا molped ultra thin بما يلي: لها تصميم طويل جدًا مما يوفر حماية كاملة، ويجعلها مثالية للاستخدام الليلي أو الأيام ذات التدفق الغزير. مزودة بطبقات امتصاص فائق تعمل على حبس السوائل بسرعة وكفاءة لمنع أي تسرب. لها سطح قطني ناعم مما يقلل من التهيج وعدم الراحة. مصممة بحواجز جانبية تمنع التسرب حتى مع الحركة الكثيرة. رفيعة وخفيفة الوزن رغم قدرتها العالية على الامتصاص، لتمنحك إحساسًا بالراحة والأمان. تم اختبارها تحت إشراف أطباء الجلدية للتأكد من مناسبتها للبشرة وتقليل احتمالية التحسس أو التهيج.   عن هذا المنتج     مكونات فوط صحية مولبد الترا طويل جدا  تتكون فوط مولبد من:  سطح قطني ناعم يوفر الراحة ويقلل التهيج.  طبقة متوسطة تساعد على على امتصاص السوائل.  حواجز جانبية تساعد على منع التسرب.  حجم عبوة molped ultra thin  تتوفر عبوة فوط مولبد الترا طويل جدا بحجم 8 و 14 فوطة.  سعر فوط مولبد الترا طويل جدا   يبلغ سعر فوط مولبد الترا طويل جدا العبوة 6 فوط حوالي 35 جنيه مصري.  سعر العبوة 14 فوطة حوالي 65 جنيه مصري.  (سعر المنتج قد يتغير تبعاً لتحديث سعره في الصيدليات أو حسب العروض المتاحة).  يوصى باستعمال فوط صحية مولبد الترا ل  فوط مولبد الترا مناسبة لامتصاص السوائل بفعالية عالية وحمايتك من التسرب خلال الدورة الشهرية، بالإضافة إلى ملمسها القطني الناعم مما يناسب البشرة الحساسة ويوفر لك المزيد من الراحة والأمان.  طريقة استخدام فوط صحية مولبد الترا  أزيلي الغلاف الخارجي للفوطة الصحية.  انزعي الورقة التي تغطي الجانب اللاصق في الجزء السفلي من الفوطة.  ضعي الجانب اللاصق في منتصف الملابس الداخلية واضغطي بلطف لضمان التثبيت.  أزيلي الورق اللاصق عن الأجنحة ولفيها حول جوانب الملابس الداخلية لتثبيت إضافي.  يُفضل تغيير الفوطة كل 4 إلى 6 ساعات أو حسب الحاجة، خاصة في الأيام ذات التدفق الغزير، للحفاظ على النظافة والراحة.  ما افضل فوط صحية قطن ١٠٠؟  فوط سوفي sofy.  فوط مولبد الترا molped ultra.  فوط برايفت private.  فوط فام fam.,ماركة: مولبيد
55916,مولبيد | فوط صحية طويلة مريحة ومنعشة | 7 قطع + 1 قطعة مجانا,molped ultra thin long 7padsSVYu,35,EGP,مولبيد,العناية اليومية>العناية النسائية,in stock,https://chefaa.com:443/eg-ar/nowProduct/molped-ultra-thin-long-7padsSVYu,https://cdn.chefaa.com/filters:format(webp)/public/uploads/products/molped-ultra-thin-long-7padssvyu-01733702112.png,https://cdn.chefaa.com/filters:format(webp)/public/uploads/products/molped-ultra-thin-long-7padssvyu-01733702112.png,مميزات المنتج   مولبيد | فوط صحية طويلة مريحة ومنعشة | 7 قطع + 1 قطعة مجانا,ماركة: مولبيد
20738,برايفت | فوط صحية ليلية ماكسي بالاجنحة | 16 قطعة,private maxi night ihfl,78,EGP,برايفت,العناية اليومية>العناية النسائية,in stock,https://chefaa.com:443/eg-ar/nowProduct/private-maxi-night-16-6-k-ihfl,https://cdn.chefaa.com/filters:format(webp)/public/uploads/products/private-maxi-night-16-6-k-ihfl-01655305792.png,https://cdn.chefaa.com/filters:format(webp)/public/uploads/products/private-maxi-night-16-6-k-ihfl-01655305792.png,مميزات المنتج   برايفت | فوط صحية ليلية ماكسي بالاجنحة | 16 قطعة,ماركة: برايفت
20854,برايفت | فوط نسائية رقيقة عادي | 18 قطعة,private sanitary napkins pieces qxj1,92,EGP,برايفت,العناية اليومية>العناية النسائية,in stock,https://chefaa.com:443/eg-ar/nowProduct/private-sanitary-napkins-18-pieces-qxj1,https://cdn.chefaa.com/filters:format(webp)/public/uploads/products/private-sanitary-napkins-18-pieces-nz1h-01655382354.png,https://cdn.chefaa.com/filters:format(webp)/public/uploads/products/private-sanitary-napkins-18-pieces-nz1h-01655382354.png,مميزات المنتج   برايفت | فوط نسائية رقيقة عادي | 18 قطعة,ماركة: برايفت
20897,برايفت | فوط صحية ليلية بالاجنحة | 7 قطع,private ultra night 718k t1vu,40,EGP,برايفت,العناية اليومية>العناية النسائية,in stock,https://chefaa.com:443/eg-ar/nowProduct/private-ultra-night-718k-t1vu,https://cdn.chefaa.com/filters:format(webp)/public/uploads/products/private-ultra-night-718k-t1vu-01706347179.png,https://cdn.chefaa.com/filters:format(webp)/public/uploads/products/private-ultra-night-718k-t1vu-01706347179.png,مميزات المنتج   برايفت | فوط صحية ليلية بالاجنحة | 7 قطع,ماركة: برايفت
24027,برايفت | فوط ماكسي حجم ليلي بالاجنحة | 24 قطعة,private pads maxi night with wings hqkw,95,EGP,برايفت,العناية اليومية>العناية النسائية,in stock,https://chefaa.com:443/eg-ar/nowProduct/private-pads-maxi-night-with-wings-24-p-hqkw,https://cdn.chefaa.com/filters:format(webp)/public/uploads/products/private-pads-maxi-night-with-wings-24-p-twmi-01665676524.png,https://cdn.chefaa.com/filters:format(webp)/public/uploads/products/private-pads-maxi-night-with-wings-24-p-twmi-01665676524.png,مميزات المنتج   برايفت | فوط ماكسي حجم ليلي بالاجنحة | 24 قطعة,ماركة: برايفت
20666,برايفت | سانيتا فوط نسائية كبيرة بجيب ثلاثي الطيات | 9فوط,private sanita feminine tri fold maxi pocket super napkins 9pads xdlh,45,EGP,برايفت,العناية اليومية>العناية النسائية,in stock,https://chefaa.com:443/eg-ar/nowProduct/private-sanita-feminine-tri-fold-maxi-pocket-super-napkins-9pads-xdlh,https://cdn.chefaa.com/filters:format(webp)/public/uploads/products/private-sanita-feminine-tri-fold-maxi-pocket-super-napkins-9pads-h5zo-01655226771.png,https://cdn.chefaa.com/filters:format(webp)/public/uploads/products/private-sanita-feminine-tri-fold-maxi-pocket-super-napkins-9pads-h5zo-01655226771.png,مميزات المنتج   برايفت | سانيتا فوط نسائية كبيرة بجيب ثلاثي الطيات | 9فوط,ماركة: برايفت
21700,فوط دراي بوست للنفاس أفضل فوط بعد الولادة | 10 فوط,dry super absorbent postpartum pads 10pcs stjw,65,EGP,دراى جو,العناية اليومية>العناية النسائية,in stock,https://chefaa.com:443/eg-ar/nowProduct/dry-super-absorbent-postpartum-pads-10pcs-stjw,https://cdn.chefaa.com/filters:format(webp)/public/uploads/products/dry-super-absorbent-postpartum-pads-10pcs-l5rd-01657119384.png,https://cdn.chefaa.com/filters:format(webp)/public/uploads/products/dry-super-absorbent-postpartum-pads-10pcs-l5rd-01657119384.png,"مميزات المنتج   تتميز فوط دراي بوست للنفاس وبعد الولادة (فوط دراي بوست للنفاس (dry postpartum pads) بما يلي : مصنعة خصيصاً للتعامل مع النزيف بعد الولادة. لها قدرة على الامتصاص حتى 120 مل. لها ملمس قطني ناعم مضاد للبكتيريا والالتهابات. تتكون من 6 طبقات ومزودة بحواجز لمنع التسرب. تعد من أفضل أنواع الفوط الصحية المخصصة لفترة النفاس. سعر دراى بوست مناسب مقارنة بفوائدها العديدة.   عن هذا المنتج     فوط دراي بوست للنفاس ( فوط ما بعد الولاده) فوط صحية دراي بوست رقم 1 للنساء بعد الولادة ( فترة النفاس ) ، لها قدرة فائقة على امتصاص الكتل ومنع أي تكتلات. شكل فوط دراى بوست من الداخل تتكون فوط دراي بوست للنفاس dry postpartum pads مما يلى: سطح قطني ناعم يحمي من الالتهابات والبكتيريا. 6 طبقات سميكة ومضغوطة مع حواجز الحماية لمنع التسرب. سعر فوط دراي بعد الولادة سعر دراي بوست في الصيدليات هو 60 جنيه. "" قد يتغير سعر فوط دراي للولاده من وقت لاخر تبعاً لتغير السعر فى الاسواق "" حجم عبوة فوط دراي بوست بعد الولادة تتوفر دراى بوست فوط للولاده القيصرية على هيئة عبوة تحتوي على 10 فوط صحية. يوصى باستعمال  دراى بوست فوط صحية للولادة  فوط دراي بوست مناسبة لفترة بعد الولادة فهي تتميز بقدرة عالية على الامتصاص ومنع التسرب، وينصح بها الأطباء. ما هى أفضل فوط بعد الولادة ؟ فوط ريلاكس فام. فوط صحية مولبيد. فوط سوفي. فوط أولويز الليلية. دراي بوست فوط صحية. ما أفضل فوط للولاده القيصرية ؟ فوط أولويز الليلية. فوط دراي بوست بعد الولاده. فوط دراى جو بعد الولادة. فام ريلاكس فوط النفاس بعد الولادة ما اسم حفاضات النفاس؟ فوط dry بعد الولاده تعد أشهر فوط صحية بعد الولادة للنفاس.",ماركة: دراى جو
50394,اولويز | فوط دريمز ماكسي سميكة اكسترا لونج | 16 قطعة,always maxi dreamz softelongvp 16pcpulg,75,EGP,أولويز,العناية اليومية>العناية النسائية,in stock,https://chefaa.com:443/eg-ar/nowProduct/always-maxi-dreamz-softelongvp-16pcpulg,https://cdn.chefaa.com/filters:format(webp)/public/uploads/products/always-maxi-dreamz-softelongvp-16pcpulg-01734431578.png,https://cdn.chefaa.com/filters:format(webp)/public/uploads/products/always-maxi-dreamz-softelongvp-16pcpulg-01734431578.png,مميزات المنتج   اولويز | فوط دريمز ماكسي سميكة اكسترا لونج | 16 قطعة,ماركة: أولويز
46462,جليسوليد | لوشن الجسم للبشرة الحساسة | 500مل,glysolid body lotion for sensitive skin 500ml wjtd_duW7zO0x,210,EGP,جليسوليد,العناية اليومية>العناية بالجسم و الاستحمام,in stock,https://chefaa.com:443/eg-ar/nowProduct/glysolid-body-lotion-for-sensitive-skin-500ml-wjtd_duW7zO0x,https://cdn.chefaa.com/filters:format(webp)/public/uploads/products/glysolid-body-lotion-for-sensitive-skin-500ml-wjtd-01723109050.png,https://cdn.chefaa.com/filters:format(webp)/public/uploads/products/glysolid-body-lotion-for-sensitive-skin-500ml-wjtd-01723109050.png,مميزات المنتج   جليسوليد | لوشن الجسم للبشرة الحساسة | 500مل,ماركة: جليسوليد
50399,اولويز | بروتكت بلس طويل وسميك من الألوفيرا 26+4,always protect plus maxi thick long aloe vera 264Tr0x,85,EGP,أولويز,العناية اليومية>العناية النسائية,in stock,https://chefaa.com:443/eg-ar/nowProduct/always-protect-plus-maxi-thick-long-aloe-vera-264Tr0x,https://cdn.chefaa.com/filters:format(webp)/public/uploads/products/always-protect-plus-maxi-thick-long-aloe-vera-264tr0x-01733743036.png,https://cdn.chefaa.com/filters:format(webp)/public/uploads/products/always-protect-plus-maxi-thick-long-aloe-vera-264tr0x-01733743036.png,مميزات المنتج   اولويز | بروتكت بلس طويل وسميك من الألوفيرا 26+4,ماركة: أولويز
1183,مينوكسيلوك مينوكسيديل بخاخ منبت للشعر للرجال | 100 مل,minoxilook minoxidil anti hair loss,144,EGP,No Brand,العناية اليومية>العناية الرجالية,in stock,https://chefaa.com:443/eg-ar/nowProduct/minoxilook-minoxidil-anti-hair-loss,https://cdn.chefaa.com/filters:format(webp)/public/uploads/products/minoxilook-minoxidil-anti-hair-loss-01719597504.png,https://cdn.chefaa.com/filters:format(webp)/public/uploads/products/minoxilook-minoxidil-anti-hair-loss-01719597504.png,"مميزات المنتج   يستخدم المينوكسيديل الموضعي للمساعدة على إعادة نمو الشعر.   عن هذا المنتج     محلول مينوكسيلوك يحتوى على مينوكسيديل تركيز 5% الذى يحفز نمو الشعر من جديد ، لذا يستخدم للرجال لعلاج الصلع وتساقط الشعر.   مكونات محلول مينوكسيلوك  Minoxilook :   يحتوى على مينوكسيديل بتركيز 5% المينوكسيديل ينتمي  إلى فئة من الأدوية تسمى موسعات الأوعية الدموية الطرفية   والتى تعمل على توسيع الأوعية الدموية الصغيرة فى فروة الرأس بحيث يتدفق الدم عبرها بسهولة مما يساعد على زيادة وصول الدم بما يحمله من مغذيات وأكسجين لفروة الشعر مما يحفز نمو الشعر.   دواعي استعمال مينوكسيلوك مينوكسيديل 5% :   يستخدم المينوكسيديل الموضعي للمساعدة على إعادة نمو الشعر.   "" لن يسبب المينوكسيديل الموضعي إعادة نمو دائمة لشعر فروة الرأس ، لذا يجب عليك الاستمرار في استخدام المنتج للحفاظ على نمو الشعر "".   كيفية استعمال minoxidil 5% لفروة الرأس والذقن :     استخدمه بالضبط حسب التوجيهات الموجودة على العبوة ، أو على النحو الذي يحدده طبيبك.    لا تستخدم بكميات أكبر أو أصغر أو لفترة أطول من الموصى بها.     "" استخدام الدواء أكثر من الموصى به لن يسرع من نمو الشعر ، وقد يسبب آثارًا جانبية خطيرة ""     جفف شعرك وفروة رأسك قبل وضع المينوكسيديل   ضع الكمية الموصى بها على المناطق المصابة من فروة الرأس    عادة ما يتم وضع المينوكسيديل مرتين يوميًا ، في الصباح والليل   اغسل يديك بعد وضع المينوكسيديل     "" قد يستغرق الأمر حوالى 4 أشهر أو أكثر قبل أن تلاحظ نمو الشعر الجديد. وقد يكون الشعر الجديد ناعمًا وعديم اللون وبالكاد يمكن رؤيته. ولكن مع مزيد من العلاج ، يصبح الشعر بنفس لون وسمك شعرك الطبيعى "".   الأعراض الجانبية لدواء مينوكسيلوك :   قد يحدث حرقان أو لسعة أو احمرار في موضع الاستخدام.   توقف عن استخدام الدواء و أخبر طبيبك على الفور إذا كان لديك أي آثار جانبية خطيرة مثل  :     نمو شعر الوجه أو الجسم غير المرغوب فيه    الدوخة    سرعة أو عدم انتظام ضربات القلب   الإغماء    ألم في الصدر ، صعوبة في التنفس   تورم في اليدين أو القدمين     موانع استعمال محلول مينوكسيديل :     لا تستخدم المينوكسيديل إذا كان جلد فروة رأسك أحمر أو متورمًا أو متهيجًا أو مصابًا.   يجب إستشارة الطبيب أو الصيدلى فى حالة كنت تتناول أدوية أخرى أو تعانى من أى أمراض.   MinoxiLook محلول موضعي مخصص للرجال فقط.     حجم مينوكسيدل محلول :   يتوافر minoxidil للذقن بحجم 100 مل.   سعر مينوكسيديل في مصر :   يبلغ سعر minoxidil 5% حوالي 81  جنيه مصرى  "" قد يتغير السعر من وقت لآخر "".   ما هى أضرار المينوكسديل Minoxidil ؟   قد يسبب حرقان أو احمرار فى موضع الاستخدام ، ولكنه نادراً ما يتم امتصاصه من عبر الجلد لذا لا يسبب آثار جانبية خطيرة.   ما هي فوائد مينوكسيديل للصلع ؟   يساعد مينوكسيديل على زيادة نمو الشعر في حالات تساقط الشعر أو نقص الشعر في الجزء العلوي من الرأس، ويعمل على توسيع الأوعية الدموية في فروة الرأس، مما يحسن من تدفق الدم إلى بصيلات الشعر.   هل يُستخدم دواء minoxidil بعد زراعة الشعر ؟    بعد عملية زراعة الشعر يمكن استخدام المينوكسيديل لتعجيل نمو الشعر الجديد وزيادة تدفق الدم في الأوعية حتى يزداد تدفق الدم لبصيلات الشعر المزروعة حديثاً.   ما أفضل بخاخ مينوكسيديل منبت للشعر ؟     بولد ستوب bold stop بخاخ لانبات شعر اللحية   هيرجرو Hairgrow بخاخ لتساقط الشعر   افوجين Avogain بخاخ لانبات الشعر للرجال   هير باك hair back 5% بخاخ الشعر للرجال     ما أفضل الأدوية لعلاج تساقط الشعر ؟   قبل محاولة علاج تساقط الشعر بالأدوية يجب أولاً :     العناية بالشعر جيداً بإستخدام الشامبو و البلسم و كريمات التصفيف الجيدة التى لا تحتوى على مواد كيميائية كثيرة تضر بالشعر    إتباع نظام غذائي يوفر للجسم المواد الغذائية والفيتامينات اللازمة لنمو الشعر    علاج الأنيميا أو الأمراض التى قد تسبب تساقط الشعر     من الأدوية المستخدمة لعلاج تساقط الشعر :     دواء مينوكسيديل Minoxidil   دواء فيناسترايد Finasteride   دواء الكورتيزون corticosteroids   دواء انثرالين Anthralin",raw_specs: المواصفات
46184,فوكس | فرشاة اسنان للكبار انتردنت متوسطة بينك وابيض | قطعه,fuchs interdent toothbrush for adults medium pink and white 12pcs wmo3_duYCgznt,30,EGP,فوكس,العناية اليومية>العناية بالفم و الاسنان,in stock,https://chefaa.com:443/eg-ar/nowProduct/fuchs-interdent-toothbrush-for-adults-medium-pink-and-white-12pcs-wmo3_duYCgznt,https://cdn.chefaa.com/filters:format(webp)/public/uploads/products/fuchs-interdent-toothbrush-for-adults-medium-pink-and-white-12pcs-tme9-01671032837.png,https://cdn.chefaa.com/filters:format(webp)/public/uploads/products/fuchs-interdent-toothbrush-for-adults-medium-pink-and-white-12pcs-tme9-01671032837.png,عن هذا المنتج     فوكس | فرشاة اسنان للكبار انتردنت متوسطة بينك وابيض | قطعه,ماركة: فوكس
4896,بيتادين غسول مهبلي للالتهابات والحكه | 120 مل,vaginal betadine vaginal douche,80,EGP,بيتادين,العناية اليومية>العناية النسائية,in stock,https://chefaa.com:443/eg-ar/nowProduct/vaginal-betadine-10-vaginal-douche-120-ml,https://cdn.chefaa.com/filters:format(webp)/public/uploads/products/vaginal-betadine-10-vaginal-douche-120-ml-01738238525.png,https://cdn.chefaa.com/filters:format(webp)/public/uploads/products/vaginal-betadine-10-vaginal-douche-120-ml-01738238525.png,مميزات المنتج   غسول بيتادين betadine vaginal douche من أشهر الغسولات للمنطقة الحساسة ويُستخدم فى حالات الالتهابات والفطريات.   عن هذا المنتج     مكونات بيتادين غسول مهبلي يحتوي بيتادين غسول مهبلي على بوفيدون ايودين (POVIDONE IODINE): محلول مطهر يعمل على قتل الميكروبات المسببة للعدوى والالتهابات لما له من فاعلية في مواجهة العديد من سلالات البتكيريا والفيروسات والفطريات المسببة للعدوى في مختلف الحالات. دواعى استعمال غسول مهبلي بيتادين betadine vaginal douche هو غسول حميمي (مهبلي) يستعمل للنساء بغرض: التنظيف والعناية أثناء وعقب الدورة الشهرية. تخفيف الحكة والتهيج والالتهاب المهبلي بأنواعه المختلفة. التخفيف السريع من أعراض التهاب المهبل. التعافي الفوري من الجروح بعد الولادة. الحماية من الالتهاب والعدوى قبل وبعد العلاقة الجنسية. يخلص من الرائحة الكريهة الناتجة عن الإفرازات المهبلية الزائدة. كيفيه استخدام بيتادين غسول مهبلي تخفف كمية صغيرة من غسول بيتادين دش مهبلي (بعض النقط) في راحة اليد مع الماء، وتستعمل لتشطيف المنطقة الخارجية من المهبل لمدة 15 دقيقة ثم تشطف بالماء مرة أخرى. يكن تخفيف حوالي 30 مل من المحلول في 250 مل من الماء واستعماله كتشطيف مهبلي خارجي. يستعمل حتى مرتين يوميًا لمدة لا تتجاوز أسبوعين أو وفقًا لما يحدده الطبيب لكل حالة. هذا المنتج مخصص للاستخدام الخارجي فقط. بديل غسول مهبلي بيتادين جولد غسول نسائي Gold. فيردول Verdol. كلنفا Klenva. مالفا Malva. كيرفري Carfree. هل يمكن استعمال بيتادين غسول مهبلي للبنات؟ لا مانع من استعمال بيتادين غسول مهبلي للبنات لكن يستعمل خارجيًا فقط في حالات الالتهابات أو العدوى ويمنع استعمال داخل المهبل. هل يستعمل بيتادين غسول مهبلي للاطفال؟ لا يجب استعمال هذا الغسول للأطفال أقل من عمر 12 عامًا. هل يمكن استعمال بيتادين غسول مهبلي للحامل؟ لا ينصح باستعمال بيتادين غسول مهبلي للحوامل وفي حال حدوث عدوى مهبلية، ينصح باستشارة الطبيب لتحديد المناسب حسب كل حالة على حدة.,ماركة: بيتادين
623,مضمضة اوروفكس اتش orovex h لالتهاب الفم وآلام الاسنان | 150 مل,generic orovex mouthwash,175,EGP,ماكرو للأدوية,العناية اليومية>العناية بالفم و الاسنان,in stock,https://chefaa.com:443/eg-ar/nowProduct/generic-orovex-h-mouthwash-150-ml,https://cdn.chefaa.com/filters:format(webp)/public/uploads/products/generic-orovex-h-mouthwash-150-ml-01664286635.png,https://cdn.chefaa.com/filters:format(webp)/public/uploads/products/generic-orovex-h-mouthwash-150-ml-01664286635.png,"مميزات المنتج   مضمضة اوروفكس اتش orovex h تتميز بتركيبة فريدة تجمع بين مضادات البكتيريا والمكونات الطبيعية المهدئة تساعد فى الحفاظ على نظافة الفم ومنع الالتهابات والتقرحات،   عن هذا المنتج     مكونات مضمضة اوروفكس اتش orovex h تحتوي اوروفكس مضمضه على مجموعة من المكونات الطبية والطبيعية التي تعمل معًا لتحقيق نتائج فعالة: حمض الهيالورونيك (Hyaluronic Acid) يرطب أنسجة الفم ويحسن مرونتها ويساعد في تسريع التئام الجروح الفموية والتقرحات. الكلورهيكسيدين (Chlorhexidine) : مضاد بكتيري قوي يعمل على تقليل البكتيريا الضارة في الفم. يوجينول (Eugenol) : مكون طبيعي مستخلص من القرنفل ، له خصائص مسكنة ومضادة للميكروبات. آذريون (Calendula) : نبات عشبي معروف بخصائصه المهدئة والمضادة للالتهاب.  البابونج (Chamomile) : مهدئ طبيعي يخفف من الالتهابات والتهيج. الزعتر (Thyme) : يساهم في تحسين صحة اللثة والأسنان. فوائد مضمضة orovex h mouthwash تعمل على تطهير الفم وتقليل تكوّن البلاك والبكتيريا. تساهم في تسريع التئام التقرحات الفموية وجروح اللثة بعد خلع الأسنان أو الجراحة. تساعد في تقليل الالتهاب والتورم في اللثة والأنسجة المحيطة. تحتوي على مكونات طبيعية تقلل من التهيج وتحسن راحة الفم. تساعد فى القضاء على رائحة الفم الكريهة الناتجة عن البكتيريا. orovex h طريقة استخدام اشطف الفم بـ 10-15 مل من المحلول غير المُخفف لمدة 30 ثانية إلى دقيقة. يُفضل استخدام orovex مضمضة مرتين يوميًا أو حسب توصية الطبيب. orovex h سعره يبلغ سعر orovex h حوالى 120 جنيه  "" قد يتغير سعر مضمضة اوروفكس اتش من وقت لاخر تبعاً لتغيره فى الصيدليات "" ما الفرق بين orovex و orovex h ؟  يحتوي Orovex العادي على الكلورهيكسيدين وخلاصة النعناع والزعتر ويُستخدم كمطهر للفم في الحالات البسيطة والروتينية. أما غسول orovex-h mouth فيحتوي على تركيبة متطورة تشمل الكلورهيكسيدين وحمض الهيالورونيك ومكونات طبيعية مثل البابونج والزعتر والآذريون، مما يجعله مناسبًا لحالات قرح الفم وآلام الاسنان إذ يساعد على تطهير الفم وتسريع التئام الأنسجة. ما أضرار غسول اوروفكس للاسنان  ؟ غسول orovex خال من الكحول وعادةً لا يسبب اضرار خطيرة عند استعماله بطريقة صحيحة",ماركة: ماكرو للأدوية
25299,Minoxidil MUP | 5% Foam 150ml,minoxidil mup foam 150ml jdmo,181,EGP,No Brand,العناية اليومية>,in stock,https://chefaa.com:443/eg-ar/nowProduct/minoxidil-mup-5-foam-150ml-jdmo,https://cdn.chefaa.com/filters:format(webp)/public/uploads/products/minoxidil-mup-5-foam-150ml-jdmo-01670932336.png,https://cdn.chefaa.com/filters:format(webp)/public/uploads/products/minoxidil-mup-5-foam-150ml-jdmo-01670932336.png,مميزات المنتج   Minoxidil MUP | 5% Foam 150ml,raw_specs: المواصفات
55103,دوف | مرطب بيوتيفول كيرلز | 300مل,dove curl defining leave 300nxbe,240,EGP,دوف,العناية اليومية>,in stock,https://chefaa.com:443/eg-ar/nowProduct/dove-curl-defining-leave-in-300nxbe,https://cdn.chefaa.com/filters:format(webp)/public/uploads/products/dove-curl-defining-leave-in-300nxbe-01734478789.png,https://cdn.chefaa.com/filters:format(webp)/public/uploads/products/dove-curl-defining-leave-in-300nxbe-01734478789.png,مميزات المنتج   دوف | مرطب بيوتيفول كيرلز | 300مل,ماركة: دوف
46334,دوف | بودرة سوفت مزيل العرق 48ساعه | 40جم,dove powder soft anti perspirant deo stick 48h 40gm xvxf_dumRYPgS,250,EGP,دوف,العناية اليومية>العناية بالجسم و الاستحمام,in stock,https://chefaa.com:443/eg-ar/nowProduct/dove-powder-soft-anti-perspirant-deo-stick-48h-40gm-xvxf_dumRYPgS,https://cdn.chefaa.com/filters:format(webp)/public/uploads/products/dove-powder-soft-anti-perspirant-deo-stick-48h-40gm-xvxf-01720889456.png,https://cdn.chefaa.com/filters:format(webp)/public/uploads/products/dove-powder-soft-anti-perspirant-deo-stick-48h-40gm-xvxf-01720889456.png,مميزات المنتج   دوف | بودرة سوفت مزيل العرق 48ساعه | 40جم,ماركة: دوف
218,سبراي زاك zak برفان للرجال | 175مل,Zak Ace Perfume For Men,250,EGP,زاك,العناية اليومية>العناية الرجالية,in stock,https://chefaa.com:443/eg-ar/nowProduct/Zak-Ace-Perfume---For-Men---175-Ml,https://cdn.chefaa.com/filters:format(webp)/public/uploads/products/bdQJF35OdFuektstZJbNw69unH7bk86gL7hBUbXO.jpeg,https://cdn.chefaa.com/filters:format(webp)/public/uploads/products/bdQJF35OdFuektstZJbNw69unH7bk86gL7hBUbXO.jpeg,مميزات المنتج   سبراي زاك (zak) عطر فاخر للرجال غني برائحة الفانيليا والتبغ مع خشب الصندل والمسك، ليمنحك مزيجاً من الجاذبية والدفء.   عن هذا المنتج     مكونات سبراي زاك   يحتوي زاك سبراي على  مزيج مختلف من مجموعة من الروائح منها خشب الصندل والمسك والزعفران والهيل ولحاء القرفة مع رائحة الفانيليا والتبغ.  حجم سبراي zak  يتوفر سبراي زاك بحجم 175 مل.  سعر برفان زاك  يبلغ سعر برفان زاك حوالي 195 جنيه مصري.  يوصى باستعمال زاك سبراي ل  سبراي زاك مناسب للرجال ممن يريدون التعطر برائحة قيمة وجذابة فهو يمنحك شعوراً بالثقة والانتعاش مع تركيبة مختلفة من العطور.  ما هي طريقة استخدام مزيل عرق زاك؟  يُرش سبراي زاك على بشرة نظيفة وجافة يومياً.  ما هي أنواع برفانات زاك؟  سبراي زاك بالفانيليا والتبغ.  سبراي ريبيل للرجال.  بخاخ فيرس.  عطر ايك للرجال.  عطر جينتل مان.  عطر بلاك.  عطر فينتاج.   انتنس ايكون أو دو برفان.  انتنس توكسيدو.  انتنس اكسبلود.  عطر شامبيون.  عطر بولد.  برفان أن ليمتد.  عطر إنرجي.  إنتنس رايدر.  ما أفضل نوع برفان زاك؟  زاك برائحة الفانيليا والمسك.  زاك جنتل مان.  إنتنس رايدر.  سبراي أن ليمتد.,ماركة: زاك
2518,نيفيا | مزيل العرق دراي فريش سبراي للنساء | 150مل,nivea dry fresh deodorant for women 150ml,155,EGP,نيفيا,العناية اليومية>العناية النسائية,in stock,https://chefaa.com:443/eg-ar/nowProduct/nivea-dry-fresh-deodorant-for-women-150ml,https://cdn.chefaa.com/filters:format(webp)/public/uploads/products/nivea-dry-fresh-deodorant-for-women-150ml-01655289383.png,https://cdn.chefaa.com/filters:format(webp)/public/uploads/products/nivea-dry-fresh-deodorant-for-women-150ml-01655289383.png,مميزات المنتج   نيفيا | مزيل العرق دراي فريش سبراي للنساء | 150مل   عن هذا المنتج       تم اختبار الحماية القوية في مواقف الحياة الحقيقية. تركيبة مزدوجة فعالة مع 2 من المواد الفعالة المضادة للتعرق ورائحة منعشة تدوم طويلاً.   حماية موثوقة ضد التعرق لمدة 48 ساعة تهتم ببشرتك.   تجفيف سريع.   خالي من الكحول الإيثيلي.   تم إثبات تحمل البشرة من قبل أطباء الجلدية.   مزيل العرق نيفيا دراي فرش مع 2 من المواد المضادة للعرق ورائحة طويلة الأمد لحماية قوية تم اختبارها في مواقف الحياة الحقيقية.   48 ساعة حماية موثوقة مضادة للعرق تهتم يبشرتك.,ماركة: نيفيا
2224,بارودونتاكس | معجون أسنان بالفلورايد لوقف نزيف اللثة | 100مل,parodontax extra fresh toothpaste for bleeding gums,135,EGP,بارودونتكس,العناية اليومية>العناية بالفم و الاسنان,in stock,https://chefaa.com:443/eg-ar/nowProduct/parodontax-extra-fresh-toothpaste-for-bleeding-gums,https://cdn.chefaa.com/filters:format(webp)/public/uploads/products/parodontax-extra-fresh-toothpaste-for-bleeding-gums-01751888900.png,https://cdn.chefaa.com/filters:format(webp)/public/uploads/products/parodontax-extra-fresh-toothpaste-for-bleeding-gums-01751888900.png,"مميزات المنتج   بارودونتكس معجون أسنان یومي بالفلوراید ثبت طبیاً أنه یساعد على وقف ومنع نزیف اللثة   عن هذا المنتج     بارودونتكس أقوى أربع مرات في التغلب على أسباب نزيف اللثة عن أي معجون أسنان عادي بارودونتكس فلوريد يساعد على وقف ومنع نزيف اللثة.  تم تصمیم بارودونتكس خصیصا ً لإزالة سبب نزیف اللثة مادیاً عن طریق استھداف تراكم البكتیریا على طول خط اللثة ، مما یساعد على إبقاء العازل بین اللثة  والأسنان مشدودا. للمساعدة في وقف ومنع نزیف اللثة، استخدم باستمرار مرتین یومیاً.""",ماركة: بارودونتكس
21360,شفرات فلامنجو الأصلية للمنطقه الحساسة والجسم والوجه | 3 شفرات,feather flamingo razor for face body shaving mdq8,235,EGP,فلامينجو,العناية اليومية>العناية النسائية,in stock,https://chefaa.com:443/eg-ar/nowProduct/feather-flamingo-razor-for-face-body-shaving-mdq8,https://cdn.chefaa.com/filters:format(webp)/public/uploads/products/feather-flamingo-razor-for-face-body-shaving-mdq8-01722261377.png,https://cdn.chefaa.com/filters:format(webp)/public/uploads/products/feather-flamingo-razor-for-face-body-shaving-mdq8-01722261377.png,مميزات المنتج    شفرات فلامنجو الاصلية (flamingo shaver) : تعمل على إزالة شعر الجسم والوجه وتحديد الحواجب. تساعد على إزالة الشعر الوبري والخفيف. تعمل على إزالة خلايا الجلد الميتة. تتميز بأنها مصنوعة من البلاتينيوم المقاوم للصدأ، لذا يمكن استخدامها لفترة طويلة.  تساعد على إزالة شعر الوجه والجسم دون الإصابة بالتهابات أو خدوش نتيجة الحلاقة. تحتوي على مقبض غير قابل للانزلاق مما يسهل إمكانية استخدامها. تم تصميمها لتغطية مساحة كبيرة في المرة الواحدة. توفر حلاقة ناعمة وتساعد في تأخير ظهور الشعر لفترة من الوقت. تتميز أنها قابلة للطي لذا يمكن حملها في أي مكان. مناسبة لجميع أنواع البشرة. سعر شفرات فلامنجو الاصلية في الصيدليات مناسب لفاعليتها   عن هذا المنتج     مما تتكون شفرات فلامنجو الأصلية (flamingo shaver) ؟ فلامنجو شفرات الاصلية مصنوعة من معدن البلاتينيوم المقاوم للصدأ بالتقنية اليابانية والذي يساعد على توفير حلاقة آمنة وفعالة دون الإصابة بجروح. سعر شفرات فلامنجو في الصيدليات سعر شفرات فلامنجو للوجه الاصلي هو 150 جنيه. حجم عبوة شيفينج فلامنجو شفرات للجسم والوجه تحتوي عبوة شفرات فلامنجو الياباني ( Feather Flamingo Shaving Razors) على 3 قطع. يوصي باستعمال شفرة فلامنجو الأصلية لـ: فيذر فلامينجو اس شفرات حلاقة مناسبة لجميع أنواع البشرة لإزالة الشعر الوبري والخفيف والداكن وإزالة خلايا الجلد الميتة للحصول على بشرة نضرة. ما الفرق بين شفرات فلامنجو الاصليه والتقليد ؟ شفرات فلامنجو الاصلية مصنوعة فى اليابان وتتميز بأنها عالية الجودة وحادة ومكتوب على عبوتها صنع في اليابان مكتوبة اما الشفرات التقليد فهي ليست حادة وغير مكتوب عليها صنع في اليابان. هل تُستخدم شفرات فلامنجو للوجه ؟ أجل تُستخدم شفرة فلامنجو للوجة لإزالة الشعر بفاعلية. ما هى طريقة استخدام شفرات فلامنجو للجسم ؟ فى البداية ضعي كريم مرطب أو صابون على المنطقة المرغوبة ، قومى بالحلاقة باستخدام شيفينج فلامنجو فى اتجاه الشعر وبعد الحلاقة قومى بغسل ماكينة الحلاقة بالماء وتعقيمها وحفظها في مكان جاف. لا يجب استخدام شيفينج فلامنجو شفرات في حالة ظهور البثور أو أمراض جلدية أخرى. بعد الاستخدام ، ما هى عيوب شفرات فلامنجو ؟ يمكن أن تسبب الحلاقة باستعمال فلامنجو شفرات تهيجًا خاصة لمن لديهم بشرة حساسة. فلامنجو شفرات تقدم وسيلة مؤقتة لإزالة للشعر.  هل شفرة فلامنجو تكثف الشعر ؟ لا تسبب فلامنجو شفرات الاصلية زيادة كثافة الشعر. ما هى أضرار شفرات فلامنجو للوجه ؟ فى بعض الحالات قد تسبب flamingo شفرات احمرار وتهيج بالبشرة وقد تظهر بعض الحبوب بعض الحلاقة لدى اصحاب البشرة الدهنية. هل تُستخدم شفرة فلامنجو للجسم ؟ أجل يمكن استعمال امواس فلامنجو شفرات لإزالة شعر الجسم. هل تُستخدم شفرات فلامنجو للمنطقه الحساسة ؟ أجل تٌستخدم الشفرات لإزالة الشعر الموجود بالمنطقة الحساسة. هل شفرات فلامنجو تزيد الشعر ؟ لا تسبب flamingo razor زيادة ظهور الشعر. ما افضل انواع شفرات الحلاقة للنساء واسعارها ؟ شفرات الوجه فلامنجو شفرات حلاقة للنساء من سيرونا بلينك  شفرات ازالة شعر الوجه وتشذيب الحواجب من ويلكينسون  شفرات للوجه للنساء من ايبيلين شفرات حلاقة الوجه من تينكل,ماركة: فلامينجو
2534,نيفيا | راحة جافة رول اون مزيل عرق للنساء | 50مل,nivea dry comfort deodorant 48hr roll for women 50ml,75,EGP,نيفيا,العناية اليومية>العناية النسائية,in stock,https://chefaa.com:443/eg-ar/nowProduct/nivea-dry-comfort-deodorant-48hr-roll-on-for-women-50ml,https://cdn.chefaa.com/filters:format(webp)/public/uploads/products/nivea-dry-comfort-deodorant-48hr-roll-on-for-women-50ml-01655203943.png,https://cdn.chefaa.com/filters:format(webp)/public/uploads/products/nivea-dry-comfort-deodorant-48hr-roll-on-for-women-50ml-01655203943.png,مميزات المنتج   نيفيا | راحة جافة رول اون مزيل عرق للنساء | 50مل   عن هذا المنتج     التنظيم الفعال للعرق - باستخدام نظام Dry Plus والمعادن.   48 ساعة حماية ضد التعرق ولطيف.,ماركة: نيفيا
28832,أكس | سكيت بورد & فريش روز مزيل رائحة العرق | 150مل,axe skateboard fresh roses body spray 150ml h3ig,194,EGP,اكس,العناية اليومية>العناية الرجالية,in stock,https://chefaa.com:443/eg-ar/nowProduct/axe-skateboard-fresh-roses-body-spray-150ml-h3ig,https://cdn.chefaa.com/filters:format(webp)/public/uploads/products/axe-skateboard-fresh-roses-body-spray-150ml-nh9b-01681060572.png,https://cdn.chefaa.com/filters:format(webp)/public/uploads/products/axe-skateboard-fresh-roses-body-spray-150ml-nh9b-01681060572.png,مميزات المنتج   أكس | سكيت بورد & فريش روز مزيل رائحة العرق | 150مل,ماركة: اكس
46449,فلورو | معجون أسنان جل سباركل للأطفال بالتوت | 50جم,fluoro kids sparkle gel toothpaste with blueberry 50gm xw6d_duGg5tvF,27,EGP,إيڤا,العناية اليومية>العناية بالفم و الاسنان,in stock,https://chefaa.com:443/eg-ar/nowProduct/fluoro-kids-sparkle-gel-toothpaste-with-blueberry-50gm-xw6d_duGg5tvF,https://cdn.chefaa.com/filters:format(webp)/public/uploads/products/fluoro-kids-sparkle-gel-toothpaste-with-blueberry-50gm-xw6d-01722762871.png,https://cdn.chefaa.com/filters:format(webp)/public/uploads/products/fluoro-kids-sparkle-gel-toothpaste-with-blueberry-50gm-xw6d-01722762871.png,مميزات المنتج   فلورو | معجون أسنان جل سباركل للأطفال بالتوت | 50جم,ماركة: إيڤا
32452,فريش توك | معطر للفم برائحة النعناع | 20مل,fresh talk mouth spray with spearmint 20ml cbeb,95,EGP,No Brand,العناية اليومية>,in stock,https://chefaa.com:443/eg-ar/nowProduct/fresh-talk-mouth-spray-with-spearmint-20ml-cbeb,https://cdn.chefaa.com/filters:format(webp)/public/uploads/products/fresh-talk-mouth-spray-with-spearmint-20ml-cbeb-01722768771.png,https://cdn.chefaa.com/filters:format(webp)/public/uploads/products/fresh-talk-mouth-spray-with-spearmint-20ml-cbeb-01722768771.png,مميزات المنتج   فريش توك | معطر للفم برائحة النعناع | 20مل,raw_specs: المواصفات
61192,وايت | مناديل منعشة برائحة العود | 10 مناديل,white oud wipes 10wipes woou,5.8,EGP,No Brand,العناية اليومية>الحماية,in stock,https://chefaa.com:443/eg-ar/nowProduct/white-oud-wipes-10wipes-woou,https://cdn.chefaa.com/filters:format(webp)/public/uploads/products/white-oud-wipes-10wipes-dztf-01751312552.png,https://cdn.chefaa.com/filters:format(webp)/public/uploads/products/white-oud-wipes-10wipes-dztf-01751312552.png,مميزات المنتج   وايت | مناديل منعشة برائحة العود | 10 مناديل   عن هذا المنتج     وايت | مناديل منعشة برائحة العود | 10 مناديل,raw_specs: المواصفات
20990,سيجنال | معجون اسنان مكافح التسوس | 25مل,signal cavity fighter toothpaste 25ml lwve,18,EGP,سيجنال,العناية اليومية>العناية بالفم و الاسنان,in stock,https://chefaa.com:443/eg-ar/nowProduct/signal-cavity-fighter-toothpaste-25ml-lwve,https://cdn.chefaa.com/filters:format(webp)/public/uploads/products/signal-cavity-fighter-toothpaste-25ml-dvpz-01655656272.png,https://cdn.chefaa.com/filters:format(webp)/public/uploads/products/signal-cavity-fighter-toothpaste-25ml-dvpz-01655656272.png,مميزات المنتج   سيجنال | معجون اسنان مكافح التسوس | 25مل,ماركة: سيجنال
49723,نيفيا | مزيل عرق رول اون للنساء حماية لمدة 48 ساعة لتفتيح طبيعي | 50مل,nivea antiperspirant roll for women 48h protection natural radiance 50ml g436,96,EGP,نيفيا,العناية اليومية>العناية بالجسم و الاستحمام,in stock,https://chefaa.com:443/eg-ar/nowProduct/nivea-antiperspirant-roll-on-for-women-48h-protection-natural-radiance-50ml-g436,https://cdn.chefaa.com/filters:format(webp)/public/uploads/products/nivea-antiperspirant-roll-on-for-women-48h-protection-natural-radiance-50ml-fcgd-01730235381.png,https://cdn.chefaa.com/filters:format(webp)/public/uploads/products/nivea-antiperspirant-roll-on-for-women-48h-protection-natural-radiance-50ml-fcgd-01730235381.png,مميزات المنتج   نيفيا | مزيل عرق رول اون للنساء حماية لمدة 48 ساعة لتفتيح طبيعي | 50مل,ماركة: نيفيا
54661,اكس | سبراي 72 ساعة بلو لافندر | 150مل,axe spray 72h blue lavender 150mlHp9O,220,EGP,اكس,العناية اليومية>العناية بالجسم و الاستحمام,in stock,https://chefaa.com:443/eg-ar/nowProduct/axe-spray-72h-blue-lavender-150mlHp9O,https://cdn.chefaa.com/filters:format(webp)/public/uploads/products/axe-spray-72h-blue-lavender-150mlhp9o-01734604567.png,https://cdn.chefaa.com/filters:format(webp)/public/uploads/products/axe-spray-72h-blue-lavender-150mlhp9o-01734604567.png,مميزات المنتج   اكس | سبراي 72 ساعة بلو لافندر | 150مل,ماركة: اكس
49465,لوكس | شاور بالكركديه | 250مل,lux shower gel romantic hibiscus 250ml owx9,65,EGP,لوكس,العناية اليومية>العناية بالجسم و الاستحمام,in stock,https://chefaa.com:443/eg-ar/nowProduct/lux-shower-gel-romantic-hibiscus-250ml-owx9,https://cdn.chefaa.com/filters:format(webp)/public/uploads/products/lux-shower-gel-romantic-hibiscus-250ml-tocx-01729768524.png,https://cdn.chefaa.com/filters:format(webp)/public/uploads/products/lux-shower-gel-romantic-hibiscus-250ml-tocx-01729768524.png,مميزات المنتج   لوكس | شاور بالكركديه | 250مل,ماركة: لوكس
161,نيفيا مزيل عرق رول أون للنساء الأبيض والأسود | 50مل,nivea invisable black white roll original for women 50ml,96,EGP,نيفيا,العناية اليومية>العناية النسائية,in stock,https://chefaa.com:443/eg-ar/nowProduct/nivea-invisable-black-white-roll-on-original-for-women-50ml,https://cdn.chefaa.com/filters:format(webp)/public/uploads/products/nivea-invisable-black-white-roll-on-original-for-women-50ml-01668077513.png,https://cdn.chefaa.com/filters:format(webp)/public/uploads/products/nivea-invisable-black-white-roll-on-original-for-women-50ml-01668077513.png,"مميزات المنتج   نيفيا | انفيزيبل الأبيض والأسود مزيل للعرق للنساء | 50مل   عن هذا المنتج     نيفيا مزيل عرق رول أون Nivea Roll On يحتوي على تركيبة فريدة تتضمن مجموعة من المكونات الطبيعية التي صممت خصيصاً للنساء والتي تساعد في القضاء علي رائحة العرق وعدم التسبب في حساسية البشرة وتوفير نعومة ورائحة منعشة ل48 ساعة.    مكونات رول أون نيفيا للنساء:     الماء.    الجليكول.    عطر.   زيت الأفوكادو.    اللينالول.    زيت خروع.    التلك.    أملاح الألومنيوم.     مميزات نيفيا رول أون:     لا يسبب حساسية البشرة.   يستخدم للقضاء على رائحة العرق وتوفير رائحة منعشة تغطي رائحة العرق الكريهة.   لا يحتوي على ملونات أو مواد حافظة أو كحول.   يستمر مفعوله طوال اليوم     طريقة استعمال نيفيا رول للنساء:     قم بتنظيف تحت الإبطين مع تجفيفهم جيداً.   قم بوضع Nivea roll on على تلك المنطقة.     حجم وسعر نيفيا رول اون:   حجم مزيل عرق رول أون نيفيا:   يتوافر nivea roll on for women بحجم 50 مل.   سعر نيفيا رول أون مزيل للعرق:    يتراوح سعر Nivea for Women Deodorant Roll On  بين 28 إلى 50 جنيه ويرجع اختلاف السعر لاختلاف النوع والرائحة "" قد يتغير السعر من مكان لآخر ومن وقت لآخر"".   أنواع رول أون نيفيا:       نيفيا إنفيزابل للأبيض والأسود فريش رول أون   Nivea Fresh Natural مُزيل عرق رول أون. نيفيا ناتشورال فيرنيس رول أون مزيل لرائحة العرق للنساء.   نيفيا أوريجينال انفيزبل للأبيض والأسود رول اون.     أضرار مزيل عرق نيفيا:   عادةً لا يسبب رول أون نيفيا Nivea Roll On أضرار خطيرة على البشرة.    أنواع مزيلات العرق:     الإسبراي : يفضل استخدامه لذوي البشرة الدهنية لكونه لا يسبب الحساسية ويمكن استخدامه للجسم كله حيث يمتاز بسرعة جفافه ويوفر للبشرة شعور بالحيوية والانتعاش، ولكن قد يترك علامات على الملابس بعد جفافه.   الستيك : من أفضل أنواع مزيلات العرق التي ينصح بها خبراء العناية لكونه لا يترك أي آثار على الملابس ولا يسبب الحساسية كما أنه يمتاز بكونه ملائم لكل أنواع البشرة.   الرول أون : ينصح به لأصحاب البشرة الجافة ويمتاز بإمتداد مفعوله لفترة طويلة، ولكن قد يسبب انسداد المسام وظهور حبوب تحت الجلد.     الفرق بين مزيل العرق ومزيل التعرق:   مزيل العرق ( Deodorant ):   يعمل  على القضاء على البكتيريا المتفاعلة مع العرق والتي تسبب رائحة كريهة.   مضاد التعرق ( Antiperspirant ):   يحتوي على الألومنيوم الذي يعتبر العنصر الأساسي المستخدم في تقليل إنتاج العرق من الغدد العرقية، وتستخدم مضادات التعرق للقضاء على العرق والرائحة الكريهة التي يسببها.",ماركة: نيفيا
45599,موود | شاور جيل فينسيا | 750مل,mood vienna shower gel 750ml nlmo_du07CGn4,89,EGP,مود,العناية اليومية>العناية بالجسم و الاستحمام,in stock,https://chefaa.com:443/eg-ar/nowProduct/mood-vienna-shower-gel-750ml-nlmo_du07CGn4,https://cdn.chefaa.com/filters:format(webp)/public/uploads/products/mood-vienna-shower-gel-750ml-wvow-01724774022.png,https://cdn.chefaa.com/filters:format(webp)/public/uploads/products/mood-vienna-shower-gel-750ml-wvow-01724774022.png,مميزات المنتج   موود | شاور جيل فينسيا | 750مل,ماركة: مود
2528,نيفيا | مزيل العرق بروتاكت اند كير سبراي للنساء | 150مل,nivea protect and care deodorant spray for women 150ml,150,EGP,نيفيا,العناية اليومية>العناية النسائية,in stock,https://chefaa.com:443/eg-ar/nowProduct/nivea-protect-and-care-deodorant-spray-for-women-150ml,https://cdn.chefaa.com/filters:format(webp)/public/uploads/products/nivea-protect-and-care-deodorant-spray-for-women-150ml-01674995944.png,https://cdn.chefaa.com/filters:format(webp)/public/uploads/products/nivea-protect-and-care-deodorant-spray-for-women-150ml-01674995944.png,مميزات المنتج   نيفيا | مزيل العرق بروتاكت اند كير سبراي للنساء | 150مل   عن هذا المنتج     ﻿ ﻿ ﻿ ﻿ يتميز بتركيبة لطيفة وقوية لمنع العرق حيث يحتوى على مكونات كريم نيفيا التى ترطب الجلد مع حماية تدوم 48 ساعة ضد العرق والروائح الكريهة، كما انه غير مهيج للبشرة مما يجعل البشرة ناعمة ومنتعشة.,ماركة: نيفيا
60171,فيبيكس | ديو رول أون فريش ويف لونج لاستنج للرجال | 50مل,vebix deo roll long lasting fresh wave for men 50ml v2oa,65,EGP,فيبكس,العناية اليومية>العناية بالجسم و الاستحمام,in stock,https://chefaa.com:443/eg-ar/nowProduct/vebix-deo-roll-on-long-lasting-fresh-wave-for-men-50ml-v2oa,https://cdn.chefaa.com/filters:format(webp)/public/uploads/products/vebix-deo-roll-on-long-lasting-fresh-wave-for-men-50ml-dzhw-01739702136.png,https://cdn.chefaa.com/filters:format(webp)/public/uploads/products/vebix-deo-roll-on-long-lasting-fresh-wave-for-men-50ml-dzhw-01739702136.png,مميزات المنتج   فيبيكس | ديو رول أون فريش ويف لونج لاستنج للرجال | 50مل,ماركة: فيبكس
46061,فريش دايز | فوط صحية طويلة ومعطرة للنساء | 72 فوطة صحية,freshdays long scented women pads pads 2p8s_du2GkoIB,180,EGP,فريش دايز,العناية اليومية>العناية النسائية,in stock,https://chefaa.com:443/eg-ar/nowProduct/freshdays-long-scented-women-pads-72-pads-2p8s_du2GkoIB,https://cdn.chefaa.com/filters:format(webp)/public/uploads/products/freshdays-long-scented-women-pads-72-pads-gu1j-01691321471.png,https://cdn.chefaa.com/filters:format(webp)/public/uploads/products/freshdays-long-scented-women-pads-72-pads-gu1j-01691321471.png,عن هذا المنتج     فريش دايز | فوط صحية طويلة ومعطرة للنساء | 72 فوطة صحية,ماركة: فريش دايز
20941,فيبكس | كريم مزيل عرق للرجال صغير | 10جم,vebix mini cream blue 10g tcqv,36,EGP,فيبكس,العناية اليومية>العناية الرجالية,in stock,https://chefaa.com:443/eg-ar/nowProduct/vebix-mini-cream-blue-10g-tcqv,https://cdn.chefaa.com/filters:format(webp)/public/uploads/products/vebix-mini-cream-blue-10g-wned-01655606122.png,https://cdn.chefaa.com/filters:format(webp)/public/uploads/products/vebix-mini-cream-blue-10g-wned-01655606122.png,مميزات المنتج   فيبكس | كريم مزيل عرق للرجال صغير | 10جم,ماركة: فيبكس
18110,نيفيا | مزيل للعرق ديب بلاك كاربون إسبريسو للرجال رول اون مضاد للبكتيريا | 50مل,nivea men deep black carbon espresso antiperspirant for men antibacterial roll 50ml irbr,75,EGP,نيفيا,العناية اليومية>العناية الرجالية,in stock,https://chefaa.com:443/eg-ar/nowProduct/nivea-men-deep-black-carbon-espresso-antiperspirant-for-men-antibacterial-roll-on-50ml-irbr,https://cdn.chefaa.com/filters:format(webp)/public/uploads/products/nivea-men-deep-black-carbon-espresso-antiperspirant-for-men-antibacterial-roll-on-50ml-irbr-01655212190.png,https://cdn.chefaa.com/filters:format(webp)/public/uploads/products/nivea-men-deep-black-carbon-espresso-antiperspirant-for-men-antibacterial-roll-on-50ml-irbr-01655212190.png,مميزات المنتج   نيفيا | مزيل للعرق ديب بلاك كاربون إسبريسو للرجال رول اون مضاد للبكتيريا | 50مل   عن هذا المنتج     بشرة جافة ونظيفة تدوم طويلاً تشعر وكأنها بعد الاستحمام.   تركيبة مضادة للبكتيريا مع الكربون الأسود تعمل بقوة ضد البكتيريا.   لا توجد بقايا سوداء مرئية.   حماية موثوقة ضد التعرق لمدة 48 ساعة.   يحمي مضاد التعرق ديب إسبريسو للرجال من نيفيا البشرة من العرق والبكتيريا لجفاف طويل الأمد وبشرة نظيفة كما لو كانت بعد الاستحمام.   تعمل التركيبة الفعالة مع الكربون الأسود بقوة ضد البكتيريا ويكملها عطر عصري وذكوري.   نيفيا للرجال ، يبدأ الأمر معك!,ماركة: نيفيا
23000,بيزلين | مزيل رائحة لتفتيح البشره ومؤخر لنمو الشعر | 50مل,beesline whitening roll hair delaying 50ml s47d,290,EGP,بيزلين,العناية اليومية>العناية النسائية,in stock,https://chefaa.com:443/eg-ar/nowProduct/beesline-whitening-roll-on-hair-delaying-50ml-s47d,https://cdn.chefaa.com/filters:format(webp)/public/uploads/products/beesline-whitening-roll-on-hair-delaying-50ml-vpvg-01663505633.png,https://cdn.chefaa.com/filters:format(webp)/public/uploads/products/beesline-whitening-roll-on-hair-delaying-50ml-vpvg-01663505633.png,عن هذا المنتج     بيزلين | مزيل رائحة لتفتيح البشره ومؤخر لنمو الشعر | 50مل,ماركة: بيزلين
61293,وان بوند | غسول للرجال للمناطق الحساسة بالنعناع | 300مل,one bond mens wash for sensitive areas mint 300ml pxfw,200,EGP,No Brand,العناية اليومية>العناية الرجالية,in stock,https://chefaa.com:443/eg-ar/nowProduct/one-bond-mens-wash-for-sensitive-areas-mint-300ml-pxfw,https://cdn.chefaa.com/filters:format(webp)/public/uploads/products/one-bond-mens-wash-for-sensitive-areas-mint-300ml-ywvy-01751803039.png,https://cdn.chefaa.com/filters:format(webp)/public/uploads/products/one-bond-mens-wash-for-sensitive-areas-mint-300ml-ywvy-01751803039.png,مميزات المنتج   وان بوند | غسول للرجال للمناطق الحساسة بالنعناع | 300مل,raw_specs: المواصفات
20836,فيبكس | كريم مزيل عرق للرجال | 25مل,vebix due cream men vnsc,65,EGP,فيبكس,العناية اليومية>العناية الرجالية,in stock,https://chefaa.com:443/eg-ar/nowProduct/vebix-due-cream-men-25-ml-vnsc,https://cdn.chefaa.com/filters:format(webp)/public/uploads/products/vebix-due-cream-men-25-ml-vnsc-01736332287.png,https://cdn.chefaa.com/filters:format(webp)/public/uploads/products/vebix-due-cream-men-25-ml-vnsc-01736332287.png,مميزات المنتج   يتميز فيبكس كريم مزيل عرق بما يلي: يساعد على التخلص من رائحة العرق. يقلل من تكون الجراثيم والبكتيريا. خالي من الكحول والألومنيوم ولا يسبب الاسمرار. لا يسد مسام البشرة. له قوام كريمي مميز. سعر مزيل العرق vebix في مصر مناسب مقارنة بفوائده العديدة.   عن هذا المنتج     مكونات كريم فيبكس للرجال والنساء   يحتوي كريم فيبكس للرجال والنساء على:  اللانولين: يعمل كمرطب وملطف للبشرة.  زيت الخروع المهدرج: يساعد على التخلص من البكتيريا والجراثيم.  زنك أوكسيد: يرطب البشرة ويخفف الالتهابات.  السيليكا: تحسن ملمس البشرة وترطبها.  حجم vebix deodorant cream  يتوفر vebix deodorant cream بحجم 25 جم وحجم 10 جم.  يوصى باستعمال فيبكس كريم مزيل عرق ل   فيبكس كريم مزيل عرق مناسب للتخلص من رائحة العرق والحفاظ على رائحة تحت الإبط نظيفة ومنعشة.  ما هى طريقة استخدام فيبكس ؟  يوضع كمية مناسبة من الكريم على بشرة نظيفة وجافة  تُدلك البشرة بلطف حتى يتم امتصاص الكريم.  ما هى اضرار كريم فيبكس ؟  لا توجد أضرار تذكر للمنتج ولكن من ضمن عيوبه أنه قد يسبب ملمسًا دهنيًا على البشرة ولا يتم امتصاصه بسهولة.  ما الفرق بين فيبكس الازرق والاخضر؟  فيبكس الأزرق مخصص للرجال أما فيبكس الأخضر يمكن استخدامه من قبل السيدات والرجال معاً.  ما هى أنواع فيبكس كريم مزيل عرق ؟  فيبكس الأخضر كلاسيك.  فيبكس الأزرق.  فيبكس الوردي.,ماركة: فيبكس
55300,إيفا | لوشن للجسم جولد سبيل | 240مل,eva body lotion gold spell mlsY7W,110,EGP,إيڤا,العناية اليومية>,in stock,https://chefaa.com:443/eg-ar/nowProduct/eva-body-lotion-gold-spell-240-mlsY7W,https://cdn.chefaa.com/filters:format(webp)/public/uploads/products/eva-body-lotion-gold-spell-240-mlsy7w-01733086648.png,https://cdn.chefaa.com/filters:format(webp)/public/uploads/products/eva-body-lotion-gold-spell-240-mlsy7w-01733086648.png,مميزات المنتج   إيفا | لوشن للجسم جولد سبيل | 240مل,ماركة: إيڤا
47414,كريم تترا جلو للمناطق الحساسه tetra glow cream | ٥٠ مل,tetra glow sensitive zone cream 50ml zqcs,345,EGP,مقام,العناية اليومية>العناية النسائية,in stock,https://chefaa.com:443/eg-ar/nowProduct/tetra-glow-sensitive-zone-cream-50ml-zqcs,https://cdn.chefaa.com/filters:format(webp)/public/uploads/products/tetra-glow-sensitive-zone-cream-50ml-oak1-01726341712.png,https://cdn.chefaa.com/filters:format(webp)/public/uploads/products/tetra-glow-sensitive-zone-cream-50ml-oak1-01726341712.png,مميزات المنتج   يتميز كريم تترا جلو للمناطق الحساسه (tetra glow cream) بما يلي: يعمل على تقليل تكوّن الميلانين بنسبة تصل إلى 70%، مما يساعد على تفتيح المناطق الحساسة وتوحيد لونها. يحتوي على السيراميد الذي يحافظ على حاجز البشرة الطبيعي ويحتفظ برطوبة الجلد. غني بالزيوت الطبيعية مثل زيت الجوجوبا وزيت اللوز، التي توفر ترطيبًا عميقًا وتحافظ على نعومة البشرة. يحافظ على درجة حموضة البشرة في المنطقة الحساسة. يحافظ على ملمس ونعومة البشرة. سعر كريم تترا جلو للمناطق الحساسه مناسب مقارنة بفوائده العديدة في تفتيح وترطيب الجلد.   عن هذا المنتج     مكونات كريم تترا جلو للمناطق الحساسه   يحتوي تترا جلو كريم على:  لوميسكين™ (Lumiskin™): يعمل على تقليل إنتاج الميلانين في البشرة مما يساعد على تفتيحها وتوحيد لونها وعلاج التصبغات.  حمض الترانيكساميك (Tranexamic Acid): يقلل الالتهابات الجلدية والتصبغات المفرطة.  حمض المانديليك (Mandelic Acid): يحافظ على درجة حموضة البشرة كما يساعد على ترطيبها وتحسين ملمسها.  نانو فيتامين سي (Nano vitamin C): يعزز إنتاج الكولاجين ويقلل من ظهور التصبغات.   السيراميد (Ceramide): يدعم حاجز البشرة الطبيعي ويحافظ على ترطيبها.  مستخلص عرق السوس (Licorice Extract): يساعد على تفتيح البشرة وتقليل البقع الداكنة.  زيت الجوجوبا (Jojoba Oil): يوفر ترطيبًا عميقاً للبشرة ويحافظ على نعومتها.  زيت اللوز (Almond Oil): غني بفيتامين E ويعمل على ترطيب وتغذية البشرة.  زيت الزيتون (Olive Oil): يرطب البشرة بعمق ويعمل كمضاد للأكسدة.  بانثينول (Panthenol): يعمل كمرطب وملطف للبشرة، ويساعد في تقليل التهيج كما يجدد خلايا البشرة.  حجم عبوة tetra glow cream  يتوفر تترا جلو كريم بحجم 50 مل.  سعر كريم تترا جلو في الصيدليات   يبلغ سعر كريم تترا جلو للأماكن الحساسة حوالي 265 جنيه مصري (سعر المنتج قد يتغير تبعاً لتحديث سعره في الصيدليات أو حسب العروض المتاحة).  يوصى باستعمال كريم tetra glow ل  كريم تترا جلو مناسب لمن يعانون من الاسمرار والتصبغات في الأماكن الحساسة فهو يساعد على تفتيح الجلد وتوحيد لون البشرة بالإضافة إلى الترطيب العميق مما يزيد نعومة الجلد ويحسن ملمسه.  طريقة استخدام tetra glow كريم   ابدئي بتنظيف المنطقة المراد تفتيحها باستخدام منظف لطيف مناسب للبشرة الحساسة.  جففي المنطقة تمامًا باستخدام منشفة ناعمة.  ضعي طبقة رقيقة من الكريم على الجلد ودلكيه بلطف بحركات دائرية حتى يتم امتصاصه بالكامل.  يُنصح باستخدام الكريم مرة واحدة يوميًا أو حسب إرشادات الطبيب.  ما فوائد كريم تترا جلو؟  يساعد على تفتيح المناطق الداكنة، مثل الإبطين والمناطق الحساسة، من خلال تقليل إنتاج الميلانين.  يوحد لون البشرة ويقلل التصبغات.  يرطب الجلد بعمق.  يساعد على تعزيز حاجز البشرة الطبيعي مما يحسن ملمس ومرونة الجلد.  ما اضرار كريم تترا جلو؟  يعد كريم تترا جلو من المنتجات الآمنة للاستخدام والمختبرة على أيدي أطباء، ولكن قد تحدث بعض الأثار الجانبية مثل التهيج أو الاحمرار في حالة فرط الحساسية تجاه أحد المكونات.  ما أفضل كريم تفتيح المناطق الحساسة؟  كريم ستارفيل للتفتيح starville whitening cream.  بيوديرما بيجمنت بيو bioderma pigment bio cream.  إيزيس نيوتون للمناطق الحساسة isis neotone cream.  كريم تترا جلو tetra glow cream.  كريم دراكون للتفتيح drakon cream.,ماركة: مقام
46089,كير أند مور | سوفت كريم بالجلسرين وجوز الهند | 75مل,care more soft cream with glycerin coconut 75ml 5mpu_duukUQND,45,EGP,كير & مور,العناية اليومية>العناية بالجسم و الاستحمام,in stock,https://chefaa.com:443/eg-ar/nowProduct/care-more-soft-cream-with-glycerin-coconut-75ml-5mpu_duukUQND,https://cdn.chefaa.com/filters:format(webp)/public/uploads/products/care-more-soft-cream-with-glycerin-coconut-75ml-9dko-01697637265.png,https://cdn.chefaa.com/filters:format(webp)/public/uploads/products/care-more-soft-cream-with-glycerin-coconut-75ml-9dko-01697637265.png,مميزات المنتج   كير أند مور | سوفت كريم بالجلسرين وجوز الهند | 75مل,ماركة: كير & مور
21076,حفاضات ساني لكبار السن مقاس XL كبير جداً | 20 قطعة,sani sensitive pants value pack no4 extra large 20pcs ummu,750,EGP,ساني,العناية اليومية>العناية النسائية,in stock,https://chefaa.com:443/eg-ar/nowProduct/sani-sensitive-pants-value-pack-no4-extra-large-20pcs-ummu,https://cdn.chefaa.com/filters:format(webp)/public/uploads/products/sani-sensitive-pants-value-pack-no4-extra-large-20pcs-lazc-01655989274.png,https://cdn.chefaa.com/filters:format(webp)/public/uploads/products/sani-sensitive-pants-value-pack-no4-extra-large-20pcs-lazc-01655989274.png,مميزات المنتج   تتميز حفاضات كبار السن ساني بما يلي: لها تصميم مبتكر يوفر حماية فعالة ضد التسرب، مما يمنح الراحة والثقة للأشخاص الذين يعانون من مشاكل السلس البولي. تتميز بالملمس الناعم الذي يزيد من الراحة والملاءمة للارتداء اليومي.  تمتص السوائل بسرعة وتحافظ على الجفاف لفترة طويلة. تحتوي على مواد لطيفة على البشرة تقلل من احتمالية التهيج والحساسية. لها تصميم سهل الاستخدام يجعل وضع الحفاض وخلعه سريعًا ومريحًا. تمنع الروائح الكريهة لمدة تدوم حتى 8 ساعات. سعر حفاضات كبار السن ساني مناسب مقارنة بحجمها وفعاليتها.   عن هذا المنتج     مم تتكون حفاضات كبار السن ساني؟  تتكون حفاضات ساني من:  طبقات حماية فائقة الامتصاص.  تكنولوجيا لمنع الروائح الكريهة.  مزودة بالصبار وفيتامين ه للحماية من الالتهابات والحساسية.  حجم Sani pads   تتوفر Sani pads على هيئة عبوة تحتوي على 14 أو 20 قطعة.  سعر حفاضات كبار السن ساني   يتراوح سعر Sani pads ما بين 410 إلى 600 جنيه مصري.  يوصى باستعمال حفاضات كبار السن ساني ل  حفاضات ساني مناسبة لكبار السن ممن يعانون من السلس البولي أو غيره، فهي مصنوعة بجودة عالية وناعمة على الجلد كما توفر قدرة عالية على امتصاص السوائل بالإضافة إلى مرونتها وتكيفها مع شكل الجسم مما يوفر المزيد من الأمان والراحة.  ما أفضل سعر حفاضات كبار السن؟  يختلف سعر حفاضات كبار السن تبعاً للحجم والمقاس:  حفاضات فاين يبدأ سعرها بحوالي 170 جنيه مصري.  حفاضات ريلاكس يبدأ السعر بحوالي 150 جنيه مصري.  حفاضات جيرماني سبدأ السعر بحوالي 107 جنيه مصري.  حفاضات ساني يبدأ سعرها بحوالي 340 جنيه مصري.,ماركة: ساني
2223,ايفا سموكرز بودرة تنظيف الأسنان بنكهة القرنفل | 40جم,eva smokers tooth powder with clove flavor,45,EGP,إيڤا,العناية اليومية>,in stock,https://chefaa.com:443/eg-ar/nowProduct/eva-smokers-tooth-powder-with-clove-flavor-40-gm,https://cdn.chefaa.com/filters:format(webp)/public/uploads/products/eva-smokers-tooth-powder-with-clove-flavor-40-gm-01721490083.png,https://cdn.chefaa.com/filters:format(webp)/public/uploads/products/eva-smokers-tooth-powder-with-clove-flavor-40-gm-01721490083.png,مميزات المنتج   تتميز ايفا سموكرز بودرة تنظيف الأسنان بما يلي: تساعد على إزالة البقع وتصبغات الأسنان التي تحدث نتيجة التدخين وكثرة شرب القهوة. تحافظ على صحة الأسنان وتحمي من ألم والتهاب الأسنان. تتوفر بنكهات مختلفة لتناسب الأذواق المتعددة. تساعدك للحصول على أسنان بيضاء ونظيفة. تحمي من التسوس وتكسبك إحساساً بالانتعاش. لا تسبب ضرراً لمينا الأسنان. سعر ايفا سموكرز بودرة تنظيف الأسنان مناسب مقارنة بفوائدها العديدة.   عن هذا المنتج     مكونات ايفا سموكرز بودرة تنظيف الأسنان   تختلف المكونات بين الأنواع المختلفة لبودرة إيفا للأسنان، وتشمل:   بيكربونات الصوديوم: تساعد على تبييض الأسنان وتقليل البقع.  الفحم النشط: يساهم في علاج اصفرار الأسنان والحصول على أسنان أكثر بياضاً.  طين البنتونيت: يحافظ على صحة الأسنان واللثة، ويقلل فرص تكون البكتيريا والفطريات.  المسواك.  المنتول.  حجم eva smokers tooth powder   تتوفر eva smokers tooth powder بحجم 40 جم.  يوصى باستعمال ايفا سموكرز بودرة تنظيف الأسنان ل  بودرة ايفا سموكرز مناسبة لمن يعانون من اصفرار وتصبغات الأسنان، فهي تساعد على تبييض الأسنان وعلاج البقع وكذلك تعطي رائحة جميلة ومنعشة للفم.  ما هي أنواع ايفا سموكرز بودرة تنظيف الأسنان؟  بودرة بنكهة القرنفل.  بودرة بنكهة المينتول.  بودرة ايفا بالفلورين.  ايفا سموكرز بالمسواك.,ماركة: إيڤا
50391,اولويز | فوط صحية ماكسي سميكة للبشرة الحساسة | 20+ 6 فوطة مجانا,always extra long maxi thick pads for sensitive skin freefjW8,90,EGP,أولويز,العناية اليومية>العناية النسائية,in stock,https://chefaa.com:443/eg-ar/nowProduct/always-extra-long-maxi-thick-pads-for-sensitive-skin-206-freefjW8,https://cdn.chefaa.com/filters:format(webp)/public/uploads/products/always-extra-long-maxi-thick-pads-for-sensitive-skin-206-freefjw8-01736841786.png,https://cdn.chefaa.com/filters:format(webp)/public/uploads/products/always-extra-long-maxi-thick-pads-for-sensitive-skin-206-freefjw8-01736841786.png,مميزات المنتج   اولويز | فوط صحية ماكسي سميكة للبشرة الحساسة | 20+ 6 فوطة مجانا,ماركة: أولويز
30791,إيڤا سموكرز | معجون لتنظيف الاسنان بالفحم | 50جم,eva smokers cleansing toothpaste with charcoal 50gm mvvu,45,EGP,إيڤا,العناية اليومية>,in stock,https://chefaa.com:443/eg-ar/nowProduct/eva-smokers-cleansing-toothpaste-with-charcoal-50gm-mvvu,https://cdn.chefaa.com/filters:format(webp)/public/uploads/products/eva-smokers-cleansing-toothpaste-with-charcoal-50gm-5ngm-01687076098.png,https://cdn.chefaa.com/filters:format(webp)/public/uploads/products/eva-smokers-cleansing-toothpaste-with-charcoal-50gm-5ngm-01687076098.png,مميزات المنتج   يزيل تصبغ الاسنان يبيض ويساعد على تقويه الاسنان يحمى الاسنان من التسوس يعطر الفم,ماركة: إيڤا
56393,سيجنال | معجون اسنان وايت واسنان لامعة | 75مل,signal whit now gold extra shine 75ml3DQ6,100,EGP,سيجنال,العناية اليومية>,in stock,https://chefaa.com:443/eg-ar/nowProduct/signal-whit-now-gold-extra-shine-75ml3DQ6,https://cdn.chefaa.com/filters:format(webp)/public/uploads/products/signal-whit-now-gold-extra-shine-75ml3dq6-01734647285.png,https://cdn.chefaa.com/filters:format(webp)/public/uploads/products/signal-whit-now-gold-extra-shine-75ml3dq6-01734647285.png,مميزات المنتج   سيجنال | معجون اسنان وايت واسنان لامعة | 75مل,ماركة: سيجنال
5985,ايفا أسيتون مزيل مناكير برائحة الخوخ | 100مل,eva acetone peach fragrance tjjb,48,EGP,إيڤا,العناية اليومية>العناية النسائية,in stock,https://chefaa.com:443/eg-ar/nowProduct/eva-acetone-peach-fragrance-100-ml-tjjb,https://cdn.chefaa.com/filters:format(webp)/public/uploads/products/1619727299eva-acetone-peach-fragrance-100ml-chefaajpg,https://cdn.chefaa.com/filters:format(webp)/public/uploads/products/1619727299eva-acetone-peach-fragrance-100ml-chefaajpg,مميزات المنتج   يتميز ايفا اسيتون مزيل مناكير بما يلي: يساعد على إزالة طلاء الأظافر بسهولة ولطف. يحافظ على صحة الأظافر. آمن على الأظافر ولا يسبب آثارًا جانبية. يحمي الأظافر من الضعف والتكسر. سعر ايفا اسيتون مزيل مناكير مناسب مقارنة بحجمه وفائدته.   عن هذا المنتج     مكونات ايفا اسيتون مزيل مناكير  يحتوي ايفا اسيتون مزيل مناكير على  أسيتون: مادة تساعد على إزالة طلاء الأظافر.  حجم Eva acetone nail polish remover  يتوفر Eva acetone بحجم 100 مل.  يوصى باستعمال ايفا اسيتون مزيل مناكير ل  ايفا اسيتون مزيل مناكير مناسب لإزالة طلاء الأظافر بسهولة ويسر وبدون أي أثار جانبية، فهو يحافظ على صحة الأظافر ويحميها من التكسر ويساعدك للحصول على أظافر قوية ونظيفة.,ماركة: إيڤا
2065,جيليت فينوس شفرة حلاقة للنساء,simply venus blades razor for women,27,EGP,جيليت,العناية اليومية>العناية النسائية,in stock,https://chefaa.com:443/eg-ar/nowProduct/simply-venus-2-blades-1-razor-for-women,https://cdn.chefaa.com/filters:format(webp)/public/uploads/products/1588671851simply-venus-2-blades-1-razor-for-women.jpg,https://cdn.chefaa.com/filters:format(webp)/public/uploads/products/1588671851simply-venus-2-blades-1-razor-for-women.jpg,مميزات المنتج   ﻿﻿﻿﻿شفرة حلاقة للنساء﻿,ماركة: جيليت
21685,سنسوداين | معجون جل عميق التنظيف | 50مل,sensodyne deep clean gel toothpaste 50ml zumt,80,EGP,سنسوداين,العناية اليومية>العناية بالفم و الاسنان,in stock,https://chefaa.com:443/eg-ar/nowProduct/sensodyne-deep-clean-gel-toothpaste-50ml-zumt,https://cdn.chefaa.com/filters:format(webp)/public/uploads/products/sensodyne-deep-clean-gel-toothpaste-50ml-0awl-01657116459.png,https://cdn.chefaa.com/filters:format(webp)/public/uploads/products/sensodyne-deep-clean-gel-toothpaste-50ml-0awl-01657116459.png,مميزات المنتج   يتميز معجون سنسوداين الاصلي بما يلي: يساعد على إزالة تراكم البلاك وتبييض الأسنان. يحافظ على صحة اللثة. يحمي من حساسية الأسنان. يوفر نظافة فعالة مع أقل نسبة من التآكل. يعطي شعوراً بالنظافة والانتعاش. سعر معجون اسنان سنسوداين مناسب مقارنة بفوائده العديدة.   عن هذا المنتج     ما هو معجون أسنان سنسوداين عميق التنظيف  ؟ هو معجون أسنان يومي يحتوي على الفلورايد ، ثبت طبيًا أنه يوفر الراحة والحماية الفعّالة المستمرة ضد حساسية الأسنان *كما أنه يوفر تبييض وتنظيف متقدم صُمم خصيصًا للأسنان الحساسة. كيف يعمل؟ يعمل معجون الأسنان بعمق داخل السنة لتخفيف ألم الحساسية كما تعمل تركيبته على  إزالة فعّالة للبقع لأسنان ناصعة البياض بشكل طبيعي ، بينما تمنح نكهة النعناع إحساسًا بالانتعاش يدوم طويلاً. لمن  يُنصح باستخدامه؟ معجون أسنان سنسوداين للتنظيف العميق مناسب للبالغين والأطفال فوق سن 12 عامًا للتخفيف من حساسية الأسنان ، كما أنه يمنح جميع فوائد معجون الأسنان  المعتادالذي يحتوي على الفلورايد بالإضافة إلى التنظيف العميق. فوائد استخدامه: تركيبته تعمل على تخفيف حساسية الأسنان والحماية من التسوس والتنظيف العميق و تبييض  الأسنان .  متى يبدأ تأثيره؟ يمنح معجون أسنان سنسوداين  للتنظيف العميق راحة من حساسية الأسنان في أقل من أسبوعين ، وذلك مع استمرار  تنظيف الأسنان بالفرشاة مرتين يوميًا ، فتتحسن الأسنان مع الاستخدام المستمر.   سنسوداين هو المنتج الحاصل على أكبر رصيد من توصيات  أطباء الأسنان للأسنان الحساسة: ينصح أطباء الأسنان باستخدام سنسوداين منذ أكثر من 10 سنوات. سنسوداين هو المنتج الأول الموصي به من أطباء الأسنان للأسنان الحساسة: ينصح أطباء الأسنان باستخدام سنسوداين منذ أكثر من 10 سنوات. طريقة الاستخدام: استخدم الفرشاة ومعجون أسنان سنسوداين للتنظيف العميق مرتين في اليوم لتخفيف الحساسية وللانتعاش الدائم. اقرأ الملصق دائمًا قبل الاستخدام.  مع تنظيف الأسنان بالفرشاة مرتين يوميًا,ماركة: سنسوداين
21497,بيروسول | مبيد الحشرات الطائرة | 300مل,pyrosol flying insects killer 300ml upc0,60,EGP,No Brand,العناية اليومية>الحماية,in stock,https://chefaa.com:443/eg-ar/nowProduct/pyrosol-flying-insects-killer-300ml-upc0,https://cdn.chefaa.com/filters:format(webp)/public/uploads/products/pyrosol-flying-insects-killer-300ml-upc0-01721212120.png,https://cdn.chefaa.com/filters:format(webp)/public/uploads/products/pyrosol-flying-insects-killer-300ml-upc0-01721212120.png,مميزات المنتج   بيروسول | مبيد الحشرات الطائرة | 300مل,raw_specs: المواصفات
60647,معجون اسنان ديبوردنت للتبييض والتلميع وإزالة البقع | 13مل,depurdent polishing toothpaste 13m hcfc_duaMn4UF,45,EGP,ديبوردنت,العناية اليومية>العناية بالفم و الاسنان,in stock,https://chefaa.com:443/eg-ar/nowProduct/depurdent-polishing-toothpaste-13m-hcfc_duaMn4UF,https://cdn.chefaa.com/filters:format(webp)/public/uploads/products/depurdent-polishing-toothpaste-13m-3wdf-01663349812.png,https://cdn.chefaa.com/filters:format(webp)/public/uploads/products/depurdent-polishing-toothpaste-13m-3wdf-01663349812.png,مميزات المنتج   يتميز معجون اسنان ديبوردنت بما يلي: يساعد على تبييض الأسنان والتخلص من البقع والاصفرار. يقلل التهابات اللثة ورائحة الفم الكريهة. يحمي الأسنان من التسوس. يحمي من تكون الجراثيم والفطريات. سعر معجون ديبوردنت مناسب مقارنة بفوائده.   عن هذا المنتج     مكونات معجون اسنان ديبوردنت    يحتوي معجون اسنان depurdent على:  الخفاف: نوع من الصخور يساعد على إزالة البقع وتصبغات الأسنان.  ثاني أكسيد التيتانيوم: يساعد على تبييض الأسنان.  الجلسرين: يساعد على الترطيب والحماية من الالتهاب.  حجم ديبوردنت معجون أسنان  معجون ديبوردنت يتوفر بحجم 13 مل و25 مل و50 مل.  يوصى باستعمال معجون depurdent ل  معجون ديبوردنت مناسب لمن يعانون من اصفرار الأسنان والتصبغات نتيجة للإكثار من النيكوتين أو شرب القهوة والشاي، فهو يساعد على تبييض الأسنان وتقليل التصبغات.  ما هى طريقة استخدام معجون ديبوردنت؟   يستخدم المعجون مرة أو مرتين في الأسبوع للحصول على أفضل النتائج.  ما هى أفضل معجون أسنان للتبييض؟  معجون دنتو دينت.  معجون كريست للتبييض.  معجون اسنان ديبوردنت للتبييض.  معجون سنسوداين ترو وايت.  معجون سنسوداين للتبييض.,ماركة: ديبوردنت
49470,ليسترين | غسول الفم للتحكم في الجير | 250مل,listerine tartar control antiseptic mouthwash cool mint 250ml_du1eZOSH,130,EGP,ليسترين,العناية اليومية>العناية بالفم و الاسنان,in stock,https://chefaa.com:443/eg-ar/nowProduct/listerine-tartar-control-antiseptic-mouthwash-cool-mint-250ml_du1eZOSH,https://cdn.chefaa.com/filters:format(webp)/public/uploads/products/listerine-tartar-control-antiseptic-mouthwash-cool-mint-250ml-01688402944.png,https://cdn.chefaa.com/filters:format(webp)/public/uploads/products/listerine-tartar-control-antiseptic-mouthwash-cool-mint-250ml-01688402944.png,"عن هذا المنتج     ليسترين غسول الفم بالنعناع المنعش,هو غسول للفم للوقاية من أمراض اللثة  تحارب أمراض اللثة ، وتمنحك لثة صحية.   ويساعد على تحسين نظافة الفم من خلال العمل في الأماكن التي يصعب الوصول إليها بفرشاة الأسنان.   يساعد على منع مشاكل اللثة.   يحتوي على الفلورايد لتقويه الأسنان للمساعدة في الحماية من التسوس.   خالٍ من الكحول وحماية على مدار 24 ساعة.   له طعم أقل حدة مع نكهة النعناع الناعمة.",ماركة: ليسترين
47747,اليجون | كريم للقدمين | 75مل,alejon foot cream 75ml jahj,260,EGP,أليجون,العناية اليومية>العناية بالجسم و الاستحمام,in stock,https://chefaa.com:443/eg-ar/nowProduct/alejon-foot-cream-75ml-jahj,https://cdn.chefaa.com/filters:format(webp)/public/uploads/products/alejon-foot-cream-75ml-xmao-01726740997.png,https://cdn.chefaa.com/filters:format(webp)/public/uploads/products/alejon-foot-cream-75ml-xmao-01726740997.png,مميزات المنتج   اليجون | كريم للقدمين | 75مل,ماركة: أليجون
21853,فريش دايز | فوط قطن طبيعي | 24قطعة,freshdays sensational natural cotton 24pcs x9py,75,EGP,فريش دايز,العناية اليومية>العناية النسائية,in stock,https://chefaa.com:443/eg-ar/nowProduct/freshdays-sensational-natural-cotton-24pcs-x9py,https://cdn.chefaa.com/filters:format(webp)/public/uploads/products/freshdays-sensational-natural-cotton-24pcs-x9py-01722769521.png,https://cdn.chefaa.com/filters:format(webp)/public/uploads/products/freshdays-sensational-natural-cotton-24pcs-x9py-01722769521.png,مميزات المنتج   فريش دايز | فوط قطن طبيعي | 24قطعة   عن هذا المنتج     فريش دايز | فوط قطن طبيعي | 24قطعة,ماركة: فريش دايز
56392,سيجنال | معجون أسنان وايت ناو انتعاش إضافي وتبييض فوري | 75مل,signal whit now extra fresh 75mlOCI3,95,EGP,سيجنال,العناية اليومية>,in stock,https://chefaa.com:443/eg-ar/nowProduct/signal-whit-now-extra-fresh-75mlOCI3,https://cdn.chefaa.com/filters:format(webp)/public/uploads/products/signal-whit-now-extra-fresh-75mloci3-01734647564.png,https://cdn.chefaa.com/filters:format(webp)/public/uploads/products/signal-whit-now-extra-fresh-75mloci3-01734647564.png,مميزات المنتج   سيجنال | معجون أسنان وايت ناو انتعاش إضافي وتبييض فوري | 75مل,ماركة: سيجنال
624,غسول اوروفكس ديليكت orovex delicate للأسنان الحساسة | 250 مل,Generic Orovex Delicate Mouthwash %E2%80%93,90,EGP,ماكرو للأدوية,العناية اليومية>,in stock,https://chefaa.com:443/eg-ar/nowProduct/Generic-Orovex-Delicate-Mouthwash-%E2%80%93-250-Ml,https://cdn.chefaa.com/filters:format(webp)/public/uploads/products/generic-orovex-delicate-mouthwash-250-ml-01664285615.png,https://cdn.chefaa.com/filters:format(webp)/public/uploads/products/generic-orovex-delicate-mouthwash-250-ml-01664285615.png,"مميزات المنتج   غسول اوروفكس ديليكت orovex delicate غسول فموي يومي لطيف وفعّال يتميز بتركيبة متوازنة تجمع بين مكونات علاجية ومهدئة لتقليل حساسية الأسنان، مع الحفاظ على صحة اللثة ونظافة الفم دون التسبب في تهيج أو جفاف.   عن هذا المنتج     مكونات غسول اوروفكس ديليكت orovex delicate يحتوى غسول orovex delicate من مجموعة من العناصر الفعالة التي تعزز صحة الفم وتقلل من الحساسية: المنثول (Menthol) : يمنح إحساسًا بالانتعاش الفوري ويساعد في تقليل رائحة الفم الكريهة ويخفف من تهيج اللثة بشكل خفيف. الثيمول (Thymol) : مضاد بكتيري طبيعي يساهم في تطهير الفم ومحاربة البكتيريا المسببة للتسوس والتهاب اللثة. سترات البوتاسيوم (Potassium Citrate) : مكون فعال في تقليل حساسية الأسنان. فلوريد الصوديوم (Sodium Fluoride) : يقوي مينا الأسنان ويساعد في الوقاية من التسوس. الجلسرين (Glycerin) يوجينول (Eugenol) كلوريد السيتيل بيريدينيوم (Cetylpyridinium Chloride) فوائد غسول فم اوروفكس ديليكت يقلل من حساسية الأسنان الناتجة عن التآكل أو التبييض أو التعرض للبرد والحرارة. يساعد على تطهير الفم بلطف دون التسبب في تهيج. يمنح نَفَسًا منعشًا بفضل المنثول والثيمول. يدعم تقوية مينا الأسنان والوقاية من التسوس. مناسب للاستخدام اليومي، خاصةً لمن يعانون من اللثة الحساسة أو الفم الجاف. طريقة استعمال غسول الفم orovex يُستخدم مرتين يوميًا بعد تنظيف الأسنان. اشطف الفم بكمية مناسبة (حوالي 10-15 مل) لمدة 30 ثانية، ثم ابصقه orovex delicate سعر يبلغ سعر غسول اوروفكس ديليكت حوالى 90 جنيه. "" قد يتغير سعر مضمضة اوروفكس ديليكت من وقت لاخر تبعاً لتغيره فى الصيدليات """,ماركة: ماكرو للأدوية
62143,ستارفيل | رول اون اوريجنال مزيل للعرق ومفتح للبشرة | 60مل,starville roll antiperspirant whitening ogyq_duBcP2hi,130,EGP,ستارفيل,العناية اليومية>العناية بالجسم و الاستحمام,in stock,https://chefaa.com:443/eg-ar/nowProduct/starville-roll-on-antiperspirant-whitening-772-ogyq_duBcP2hi,https://cdn.chefaa.com/filters:format(webp)/public/uploads/products/starville-roll-on-antiperspirant-whitening-772-ogyq-01703080420.png,https://cdn.chefaa.com/filters:format(webp)/public/uploads/products/starville-roll-on-antiperspirant-whitening-772-ogyq-01703080420.png,مميزات المنتج   فيتامين سي: له خصائص مضادة للأكسدة ويساعد على حماية الجلد من العوامل الضارة.   عن هذا المنتج     مكونات ستارفيل مزيل عرق رول اون:     حمض الكوجيك: يعمل على تفتيح البقع الداكنة وتوحيد لون الجلد.   فيتامين سي: له خصائص مضادة للأكسدة ويساعد على حماية الجلد من العوامل الضارة.   خلاصة العرقسوس: يتميز بخصائص مضاد للأكسدة ويعمل على تقليل التصبغات والبقع.   فيتامين هـ: له خصائص مضادة للأكسدة ويعمل على تجديد البشرة.   الجلسرين: يعمل على ترطيب البشرة.   البانثينول.     مميزات ستارفيل رول اون مزيل العرق:     يعمل على تفتيح البقع الداكنة وتقليل التصبغات.   يوفر حماية فائقة من العرق لفترة تصل إلى 24 ساعة.   مناسب لجميع أنواع البشرة.   يتميز بتركيبة خفيفة لا تسبب تهيج أو جفاف البشرة.   يعمل على تهدئة الالتهابات الناتجة عن إزالة الشعر.   سريع الامتصاص ولا يترك أي أثر على الملابس.   خالي من أملاح الألومنيوم.   يمكن استخدامه للرجال والنساء.     حجم Starville Whitening Roll On fragrance free:     يتوفر بحجم 60 مل.     يوصي به:   لجميع أنواع البشرة وللنساء والرجال حيث يعمل على تفتيح البقع الداكنة وتقليل التصبغات وتوفير حماية من العرق لفترة طويلة.,ماركة: ستارفيل
18456,فوج | ماستر سبراي بخاخ الجسم بعطر الصنوبر باين للرجال | 120مل,fogg master fragrance body spray pine 120ml cxou,130,EGP,فوج,العناية اليومية>العناية الرجالية,in stock,https://chefaa.com:443/eg-ar/nowProduct/fogg-master-fragrance-body-spray-pine-120ml-cxou,https://cdn.chefaa.com/filters:format(webp)/public/uploads/products/fogg-master-fragrance-body-spray-pine-120ml-cxou-01722764705.png,https://cdn.chefaa.com/filters:format(webp)/public/uploads/products/fogg-master-fragrance-body-spray-pine-120ml-cxou-01722764705.png,مميزات المنتج   فوج | ماستر سبراي بخاخ الجسم بعطر الصنوبر باين للرجال | 120مل,ماركة: فوج
62021,كيور ايد | بلاستر جروح مقاوم للماء | 10 قطعة,cure aid airproof waterproof widening 20pcs v8to_duw2kCNs_du0OcGwn,28.5,EGP,No Brand,العناية اليومية>الحماية,in stock,https://chefaa.com:443/eg-ar/nowProduct/cure-aid-airproof-waterproof-widening-20pcs-v8to_duw2kCNs_du0OcGwn,https://cdn.chefaa.com/filters:format(webp)/public/uploads/products/cure-aid-airproof-waterproof-widening-20pcs-v8to-duw2kcns-du0ocgwn-01752148358.png,https://cdn.chefaa.com/filters:format(webp)/public/uploads/products/cure-aid-airproof-waterproof-widening-20pcs-v8to-duw2kcns-du0ocgwn-01752148358.png,مميزات المنتج   كيور ايد | بلاستر جروح مقاوم للماء | 10 قطعة,raw_specs: المواصفات
56482,سوبر كيدز | مزيل عرق رول اون للأطفال برائحة الأناناس للجنسين | 30مل,super kids rollon pineapplefragrance free off3z5l,85,EGP,سوبر كيدز,العناية اليومية>,in stock,https://chefaa.com:443/eg-ar/nowProduct/super-kids-rollon-pineapplefragrance-free-off3z5l,https://cdn.chefaa.com/filters:format(webp)/public/uploads/products/super-kids-rollon-pineapplefragrance-free-off3z5l-01733184390.png,https://cdn.chefaa.com/filters:format(webp)/public/uploads/products/super-kids-rollon-pineapplefragrance-free-off3z5l-01733184390.png,مميزات المنتج   سوبر كيدز | مزيل عرق رول اون للأطفال برائحة الأناناس للجنسين | 30مل,ماركة: سوبر كيدز
45581,ڤيت | شرائح شمعية للبشرة الحساسة للجسم والساقين | 12 قطعة + 2 مناديل منظفة مجانا,veet wax strips hair minimizer strips 9kc9_duJASmkE,100,EGP,ڤيت,العناية اليومية>العناية النسائية,in stock,https://chefaa.com:443/eg-ar/nowProduct/veet-wax-strips-hair-minimizer-strips-9kc9_duJASmkE,https://cdn.chefaa.com/filters:format(webp)/public/uploads/products/veet-wax-strips-hair-minimizer-strips-9kc9-dujasmke-01757691288.png,https://cdn.chefaa.com/filters:format(webp)/public/uploads/products/veet-wax-strips-hair-minimizer-strips-9kc9-dujasmke-01757691288.png,"مميزات المنتج   ڤيت | شرائح شمعية للبشرة الحساسة للجسم والساقين | 12 قطعة + 2 مناديل منظفة مجانا   عن هذا المنتج     ﻿ ﻿ ﻿ ﻿ ترغب السيدات العاملات في استخدام المنتجات التي يمكن أن تجعل روتين حياتهم اليومي أسهل وأسرع ، واحدة من المشاكل التي تواجهها هي الشعر غير المرغوب فيه ، فالأمر يتطلب الوقت والصبر لإزالة هذه الشعرات ""يدويا"" ، في الذهاب إلى الصالون بانتظام لإزالة الشعر بالشمع هو أيضا خيار غير عملي ، شرائح فيت الشمعية الجاهزة للاستخدام للبشرة الحساسة هي الأمر المثالي لأنها فعالة في إزالة الشعر غير المرغوب فيه دون التسبب في أي ألم ، فيت شرائح الشمع سهلة الاستخدام مزدوجة الوجهين هو شيء مثالي للنساء ذوات البشرة الحساسة ، وهو لا يزيل الشعر فحسب بل يحافظ على البشرة ناعمة أيضًا ، رائحة المكونات المستخدمة في هذا المنتج لطيفة ، يحافظ زيت فيتامين إي وزيت اللوز على رطوبة البشرة ، يمكن قطع الشرائط حسب الحاجة ويمكن استخدام الشريط الواحد لمدة 4-5 مرات ، يمكنك استخدام الشريط بفعالية على خط البيكيني والساقين والذراعين وتحت الإبطين ، مادة Glyceryl Rosinate المستخدمة في هذا المنتج هي عامل تكييف الجلد.",ماركة: ڤيت
23291,بارودونتاكس | معجون أسنان بالفلورايد لوقف نزيف اللثة | 50مل,parodontax fluoride daily toothpaste for bleeding gums 50ml kg8z,75,EGP,بارودونتكس,العناية اليومية>العناية بالفم و الاسنان,in stock,https://chefaa.com:443/eg-ar/nowProduct/parodontax-fluoride-daily-toothpaste-for-bleeding-gums-50ml-kg8z,https://cdn.chefaa.com/filters:format(webp)/public/uploads/products/parodontax-fluoride-daily-toothpaste-for-bleeding-gums-50ml-7sws-01664104894.png,https://cdn.chefaa.com/filters:format(webp)/public/uploads/products/parodontax-fluoride-daily-toothpaste-for-bleeding-gums-50ml-7sws-01664104894.png,"مميزات المنتج   بارودونتكس معجون أسنان یومي بالفلوراید ثبت طبیاً أنه یساعد على وقف ومنع نزیف اللثة   عن هذا المنتج     ""بارودونتكس أقوى أربع مرات في التغلب على أسباب نزيف اللثة عن أي معجون أسنان عادي بارودونتكس فلوريد يساعد على وقف ومنع نزيف اللثة.  تم تصمیم بارودونتكس خصیصا ً لإزالة سبب نزیف اللثة مادیاً عن طریق استھداف تراكم البكتیریا على طول خط اللثة ، مما یساعد على إبقاء العازل بین اللثة  والأسنان مشدودا. للمساعدة في وقف ومنع نزیف اللثة، استخدم باستمرار مرتین یومیاً.""",ماركة: بارودونتكس
18042,نيفيا | مزيل للعرق إنفيزيبل سيلكي سموث للنساء بلاك آند وايت رول أون | 50مل,nivea black white invisible silky smooth antiperspirant for women roll 50ml sqg7,96,EGP,نيفيا,العناية اليومية>العناية النسائية,in stock,https://chefaa.com:443/eg-ar/nowProduct/nivea-black-white-invisible-silky-smooth-antiperspirant-for-women-roll-on-50ml-sqg7,https://cdn.chefaa.com/filters:format(webp)/public/uploads/products/nivea-black-white-invisible-silky-smooth-antiperspirant-for-women-roll-on-50ml-sqg7-01753170867.png,https://cdn.chefaa.com/filters:format(webp)/public/uploads/products/nivea-black-white-invisible-silky-smooth-antiperspirant-for-women-roll-on-50ml-sqg7-01753170867.png,مميزات المنتج   نيفيا | مزيل للعرق إنفيزيبل سيلكي سموث للنساء بلاك آند وايت رول أون | 50مل   عن هذا المنتج     تركيبة مع مرطبات للبشرة للحصول على بشرة ناعمة كالحرير ومخملية.   خالي من الكحول الإيثيلي ، لا يسبب تهيج للجلد بعد الحلاقة.   حماية من العلامات البيضاء على الملابس السوداء ومقاومة البقع الصفراء على الملابس البيضاء.   حماية موثوقة لمدة 48 ساعة من مضادات التعرق تهتم ببشرتك.   تم إثبات تحمل البشرة من قبل أطباء الجلدية.   مزيل العرق المضاد للتعرق إنفيزيبل سيلكي سموث من نيفيا أبيض وأسود: مضاد التعرق الأسود والأبيض للعناية ببشرة ناعمة كالحرير بعد إزالة الشعر.   تركيبة العناية المبتكرة مع منعمات البشرة و 0٪ من حالات الكحول الإيثيلي وتهتم بالبشرة: لشعور مخملي بالنعومة والنعومة.   بتأثير موثوق به لمدة 48 ساعة ضد العرق والرائحة ، بالإضافة إلى حماية Nivea الحاصلة على براءة اختراع للبقع: الأسود يبقى أسودًا ، والأبيض يبقى أبيضًا لفترة أطول.   نيفيا مائة عام من العناية بالبشرة مدى الحياة!,ماركة: نيفيا
18041,نيفيا | مزيل للعرق دراي فريش للنساء حماية مضاد للبكتيريا رول أون | 50مل,nivea dry fresh antiperspirant for women antibacterial protection roll 50ml qw7o,75,EGP,نيفيا,العناية اليومية>العناية النسائية,in stock,https://chefaa.com:443/eg-ar/nowProduct/nivea-dry-fresh-antiperspirant-for-women-antibacterial-protection-roll-on-50ml-qw7o,https://cdn.chefaa.com/filters:format(webp)/public/uploads/products/nivea-dry-fresh-antiperspirant-for-women-antibacterial-protection-roll-on-50ml-qw7o-01655211212.png,https://cdn.chefaa.com/filters:format(webp)/public/uploads/products/nivea-dry-fresh-antiperspirant-for-women-antibacterial-protection-roll-on-50ml-qw7o-01655211212.png,مميزات المنتج   نيفيا | مزيل للعرق دراي فريش للنساء حماية مضاد للبكتيريا رول أون | 50مل   عن هذا المنتج     تم اختبار الحماية القوية في مواقف الحياة الواقعية.   تركيبة مزدوجة فعالة مع 2 من مضادات التعرق النشطة وشعور جاف طويل الأمد.   حماية فعالة لمدة 48 ساعة من مضادات التعرق تهتم ببشرتك.   0٪ كحول إيثيلي.   تحمل الجلد معتمد من قبل أطباء الجلدية.   مضاد التعرق دراي فريش من نيفيا للنساء هو أقوى حماية لنا ضد العرق ورائحة الجسم.   تمنحك تركيبته المزدوجة النشطة مع 2 من مضادات التعرق حماية لمدة 48 ساعة مع شعور بالجفاف يدوم طويلاً.   نيفيا مائة عام من العناية بالبشرة مدى الحياة!,ماركة: نيفيا
5986,ايفا أسيتون مزيل مناكير بدون رائحة | 100 مل,eva acetone fragrance free swmd,48,EGP,إيڤا,العناية اليومية>العناية النسائية,in stock,https://chefaa.com:443/eg-ar/nowProduct/eva-acetone-fragrance-free-100-ml-swmd,https://cdn.chefaa.com/filters:format(webp)/public/uploads/products/1619727602eva-acetone-fragrance-free-100ml-chefaajpg,https://cdn.chefaa.com/filters:format(webp)/public/uploads/products/1619727602eva-acetone-fragrance-free-100ml-chefaajpg,مميزات المنتج   يتميز ايفا اسيتون مزيل مناكير بما يلي: يساعد على إزالة طلاء الأظافر بسهولة ولطف. يحافظ على صحة الأظافر. آمن على الأظافر ولا يسبب آثارًا جانبية. يحمي الأظافر من الضعف والتكسر. سعر ايفا اسيتون مزيل مناكير مناسب مقارنة بحجمه وفائدته.   عن هذا المنتج     مكونات ايفا اسيتون مزيل مناكير  يحتوي ايفا اسيتون مزيل مناكير على  أسيتون: مادة تساعد على إزالة طلاء الأظافر.  حجم Eva acetone nail polish remover  يتوفر Eva acetone بحجم 100 مل.  يوصى باستعمال ايفا اسيتون مزيل مناكير ل  ايفا اسيتون مزيل مناكير مناسب لإزالة طلاء الأظافر بسهولة ويسر وبدون أي أثار جانبية، فهو يحافظ على صحة الأظافر ويحميها من التكسر ويساعدك للحصول على أظافر قوية ونظيفة.,ماركة: إيڤا
51887,فوكس | ستايل فرشاة أسنان ناعمة | 1 قطعة,fuchs style soft toothbrushgsUa,20,EGP,No Brand,العناية اليومية>العناية بالفم و الاسنان,in stock,https://chefaa.com:443/eg-ar/nowProduct/fuchs-style-soft-toothbrushgsUa,https://cdn.chefaa.com/filters:format(webp)/public/uploads/products/fuchs-style-soft-toothbrushgsua-01737025697.png,https://cdn.chefaa.com/filters:format(webp)/public/uploads/products/fuchs-style-soft-toothbrushgsua-01737025697.png,مميزات المنتج   فوكس | ستايل فرشاة أسنان ناعمة | 1 قطعة,raw_specs: المواصفات
23363,غسول جولد بلس المهبلي للالتهابات gold plus | ٢٥٠ مل,gold plus feminine cleanser 250ml 5llg,85,EGP,ماكرو للأدوية,العناية اليومية>العناية النسائية,in stock,https://chefaa.com:443/eg-ar/nowProduct/gold-plus-feminine-cleanser-250ml-5llg,https://cdn.chefaa.com/filters:format(webp)/public/uploads/products/gold-plus-feminine-cleanser-250ml-5llg-01722425465.png,https://cdn.chefaa.com/filters:format(webp)/public/uploads/products/gold-plus-feminine-cleanser-250ml-5llg-01722425465.png,مميزات المنتج   غسول جولد بلس gold plus vag غسول مهبلي مخصص للعناية بالمناطق الخاصة لدى النساء؛ معزز بمكونات طبيعية فعالة في ترطيب وتلطيف الجلد، والوقاية من الروائح الكريهة.   عن هذا المنتج     مكونات غسول جولد المهبلي gold plus vag يحتوي غسول جولد المهبلي على:  المنثول (Menthol): يمنح إحساسًا بالبرودة ويخفف من التهيج والحكة.  خلاصة الصبار (Aloe Vera Extract): يرطب ويهدئ البشرة الحساسة بفضل خصائصه المضادة للالتهابات.  خلاصة البابونج (Chamomile Extract): يهدئ البشرة ويقلل من الاحمرار بفضل خصائصه المهدئة والمضادة للالتهابات.  زيت شجرة الشاي (Tea Tree Oil): يمتلك خصائص مضادة للبكتيريا والفطريات، مما يساهم في الحفاظ على نظافة المناطق الخاصة.  الجلسرين (Glycerin): يرطب البشرة ويحافظ على توازن الرطوبة الطبيعي.  دواعي استعمال غسول جولد بلس غسول gold plus هو منظف متطور للمناطق النسائية الخاصة يتميز بفعالية مهدئة دون التأثير على درجة الحموضة، حيث يساهم فيما يلي:  علاج التهابات المنطقة الحساسة (المهبل).  بعد الولادة للعناية الشخصية بالمنطقة الحساسة.  العناية الشخصية بعد الزواج.  التخلص من الأعراض المصاحبة للالتهابات والعدوى في المنطقة الحساسة.  الحد من الحكة والإفرازات المهبلية غير الطبيعية.  تخفيف جفاف المهبل والروائح الكريهة.  طريقة استخدام غسول جولد بلس للالتهابات اغسلي يديك جيدًا قبل الاستخدام.  خففي 1-2 مكيال من الغسول بحوالي 1 لتر من الماء.  نظفي المنطقة الحساسة بلطف من الأمام إلى الخلف.  اشطفي المنطقة جيدًا بالماء.  جففي المنطقة بلطف باستخدام منشفة نظيفة وناعمة.  يُفضل استخدام الغسول مرة يوميًا أو حسب توجيهات الطبيب.  سعر غسول جولد بلس المهبلي  سعر جولد بلس غسول مهبلي هو 75 جنيه مصري للعبوة التي تحتوي على 250 مل. (قد يتغير سعر غسول جولد المهبلي 250 مل وفقًا لتغيره بالصيدليات). ما أضرار غسول جولد للبنات ؟ استعمال gold plus cleanser قد يسبب بعض الأعراض غير المرغوب فيها والتي منها:  تهيج الجلد أو الحكة.  الجفاف المهبلي.  الحرقة الموضعية.  في حال ملاحظة أي أعراض حساسية عند استخدام جولد بلس غسول مهبلي، أو أعراض جانبية حادة أو غير معروفة؛ فعليك التوقف عن استعماله واستشارة الطبيب في الحال.  تعليمات قبل استعمال جولد غسول مهبلى  يمنع استعمال gold plus غسول فى حالة لتحسس المفرط تجاه أي من المكونات. ينصح باستشارة الطبيب قبل استعمال غسول جولد مهبلي في حالات العدوى البكتيرية أو الفطرية المهبلية. غسول جولد بلس للالتهابات  غسول جولد بلس الجديد مدعم بتركيبة من المكونات الطبيعية التي تساهم في الحد من الالتهابات المهبلية تساهم في التخفيف من الأعراض المصاحبة لهذه الحالات، والتي منها: الحكة، والإفرازات المهبلية، وجفاف المهبل، والروائح الكريهة.  غسول جولد للمناطق الحساسة  يستخدم غسول جولد للمنطقه الحساسه للنساء في حالات العدوى أو الالتهاب. غسول جولد بلس للحامل  يستعمل غسول نسائي جولد خلال مدة الحمل فقط بعد استشارة الطبيب، لتجنب أي أضرار مهما قلت احتمالاتها.  غسول جولد بلس للبنات  غسول جولد للالتهابات يمكن استعماله للعناية الشخصية وللوقاية من الروائح الكريهة، ولكن يجب استشارة الطبيب قبل استخدامها.  ما انواع غسول جولد النسائي ؟  جولد بلس Gold Plus.  جولد فوم للتفتيتح Gold Whitening Foam.  جولد فيم فوم Gold Fem Foam.  جولد اكستند غسول قلوي Gold Extend Alkaline wash.  ما الفرق بين غسول جولد و جولد بلس ؟  غسول مهبلى جولد بلس : غسول مهبلي على هيئة سائل.  معزز بتركيبة من المكونات الطبيعية.  من إنتاج شركة ماكرو.  غسول مهبلى جولد: الاسم التجاري الذي يندرج تحته عدد من منتجات العناية الخاصة بالنساء.  يتوفر على هيئة غسول وفوم بعدة أنواع.  من إنتاج شركة ماكرو. ما بديل gold plus cleanser ؟ شان غسول نسائي Shaan Vaginal Wash. بيتادين غسول مهبلي Betadine Vaginal Wash. كلنفا غسول مهبلي Klenva Vaginal Wash. سيتيال غسول مهبلي Cyteal Vaginal Wash. ملفا غسول مهبلي Malva Vaginal Wash. هل غسول جولد يمنع الحمل ؟  لا يؤثر استعمال هذا الغسول سلبًا على محاولات الحمل.  هل غسول جولد مضر للحامل ؟  لا ينصح باستعمال الغسولات المهبلية للنساء الحوامل إلا بعد استشارة الطبيب، لتجنب أي اضطرابات أو التهابات في منطقة المهبل ناتجة عن أي تغيرات في درجة حموضة هذه المنطقة.  هل غسول جولد ينفع للبنات ؟  يستعمل هذا الغسول خارجيًا بأمان للبنات أو النساء، ولكن يجب استشارة الطبيب قبل استخدامه.  كيفية استخدام غسول جولد للحامل ؟  تخفف كمية كافية من gold plus غسول في لتر من الماء، ويستعمل خارجيًا للتشطيف مرة باليوم أو حسب استشارة الطبيب.  ما هى طريقة استخدام غسول جولد للبنات ؟  ينصح باستعمال غسول جولد بلس للمناطق الحساسة وفقًا لتعليمات الطبيب، ويخفف بكمية مناسبة من الماء ويستعمل للتشطيف الخارجي فقط. ايهما افضل غسول ريفارست ولا جولد بلس غسول ؟ غسول gold جولد: يحتوي عادة على مكونات طبيعية مثل خلاصة الصبار والبابونج وزيت شجرة الشاي والنعناع، وله خصائص مضادة للبكتيريا و مهدئة للبشرة. غسول ريفارست: يحتوي  مكونات طبيعية مثل خلاصة الزعتر والنعناع والصبار و زيت شجرة الشاي وماء الورد يساعد على تنظيف البشرة والحفاظ على التوازن الحمضي للمنطقة الحساسة. ما افضل غسول مهبلي للالتهابات والحكه ؟  جولد بلس غسول مهبلي Gold Plus Vaginal Wash.  جولد غسول مهبلي Gold Vaginal Wash.  بيتادين غسول مهبلي Betadine Vaginal Wash.  كلنفا غسول مهبلي Klenva Vaginal Wash.  سيتيال غسول مهبلي Cyteal Vaginal Wash.,ماركة: ماكرو للأدوية
46305,مود | جل استحمام جيلي هاوايان معطر لليدين بالشيا | 750مل,mood hawaiian hand scented shea shower gel 750ml yrum_duEShv0Q,89,EGP,مود,العناية اليومية>العناية بالجسم و الاستحمام,in stock,https://chefaa.com:443/eg-ar/nowProduct/mood-hawaiian-hand-scented-shea-shower-gel-750ml-yrum_duEShv0Q,https://cdn.chefaa.com/filters:format(webp)/public/uploads/products/mood-hawaiian-hand-scented-shea-shower-gel-750ml-b5kz-01678709225.png,https://cdn.chefaa.com/filters:format(webp)/public/uploads/products/mood-hawaiian-hand-scented-shea-shower-gel-750ml-b5kz-01678709225.png,مميزات المنتج   مود | جل استحمام جيلي هاوايان معطر لليدين بالشيا | 750مل,ماركة: مود
13121,سبراي زاك zak برفان شامبيون للرجال أو دو تواليت | 175مل,zak champion perfume spray 175ml hmnz,250,EGP,زاك,العناية اليومية>العناية الرجالية,in stock,https://chefaa.com:443/eg-ar/nowProduct/zak-champion-perfume-spray-175ml-hmnz,https://cdn.chefaa.com/filters:format(webp)/public/uploads/products/zak-champion-perfume-spray-175ml-2yv0-01647342751.png,https://cdn.chefaa.com/filters:format(webp)/public/uploads/products/zak-champion-perfume-spray-175ml-2yv0-01647342751.png,مميزات المنتج   سبراي زاك (zak) عطر فاخر للرجال غني برائحة الفانيليا والتبغ مع خشب الصندل والمسك، ليمنحك مزيجاً من الجاذبية والدفء.   عن هذا المنتج     مكونات سبراي زاك   يحتوي زاك سبراي على  مزيج مختلف من مجموعة من الروائح منها خشب الصندل والمسك والزعفران والهيل ولحاء القرفة مع رائحة الفانيليا والتبغ.  حجم سبراي zak  يتوفر سبراي زاك بحجم 175 مل.  سعر برفان زاك  يبلغ سعر برفان زاك حوالي 195 جنيه مصري.  يوصى باستعمال زاك سبراي ل  سبراي زاك مناسب للرجال ممن يريدون التعطر برائحة قيمة وجذابة فهو يمنحك شعوراً بالثقة والانتعاش مع تركيبة مختلفة من العطور.  ما هي طريقة استخدام مزيل عرق زاك؟  يُرش سبراي زاك على بشرة نظيفة وجافة يومياً.  ما هي أنواع برفانات زاك؟  سبراي زاك بالفانيليا والتبغ.  سبراي ريبيل للرجال.  بخاخ فيرس.  عطر ايك للرجال.  عطر جينتل مان.  عطر بلاك.  عطر فينتاج.   انتنس ايكون أو دو برفان.  انتنس توكسيدو.  انتنس اكسبلود.  عطر شامبيون.  عطر بولد.  برفان أن ليمتد.  عطر إنرجي.  إنتنس رايدر.  ما أفضل نوع برفان زاك؟  زاك برائحة الفانيليا والمسك.  زاك جنتل مان.  إنتنس رايدر.  سبراي أن ليمتد.,ماركة: زاك
217,زاك | عطر فينتاج للرجال | 175مل,Zak Vintage Perfume For Men,250,EGP,زاك,العناية اليومية>العناية الرجالية,in stock,https://chefaa.com:443/eg-ar/nowProduct/Zak-Vintage-Perfume---For-Men---175-Ml,https://cdn.chefaa.com/filters:format(webp)/public/uploads/products/zak-vintage-perfume-for-men-175-ml-01655640964.png,https://cdn.chefaa.com/filters:format(webp)/public/uploads/products/zak-vintage-perfume-for-men-175-ml-01655640964.png,مميزات المنتج   سبراي زاك (zak) عطر فاخر للرجال غني برائحة الفانيليا والتبغ مع خشب الصندل والمسك، ليمنحك مزيجاً من الجاذبية والدفء.   عن هذا المنتج     مكونات سبراي زاك   يحتوي زاك سبراي على  مزيج مختلف من مجموعة من الروائح منها خشب الصندل والمسك والزعفران والهيل ولحاء القرفة مع رائحة الفانيليا والتبغ.  حجم سبراي zak  يتوفر سبراي زاك بحجم 175 مل.  سعر برفان زاك  يبلغ سعر برفان زاك حوالي 195 جنيه مصري.  يوصى باستعمال زاك سبراي ل  سبراي زاك مناسب للرجال ممن يريدون التعطر برائحة قيمة وجذابة فهو يمنحك شعوراً بالثقة والانتعاش مع تركيبة مختلفة من العطور.  ما هي طريقة استخدام مزيل عرق زاك؟  يُرش سبراي زاك على بشرة نظيفة وجافة يومياً.  ما هي أنواع برفانات زاك؟  سبراي زاك بالفانيليا والتبغ.  سبراي ريبيل للرجال.  بخاخ فيرس.  عطر ايك للرجال.  عطر جينتل مان.  عطر بلاك.  عطر فينتاج.   انتنس ايكون أو دو برفان.  انتنس توكسيدو.  انتنس اكسبلود.  عطر شامبيون.  عطر بولد.  برفان أن ليمتد.  عطر إنرجي.  إنتنس رايدر.  ما أفضل نوع برفان زاك؟  زاك برائحة الفانيليا والمسك.  زاك جنتل مان.  إنتنس رايدر.  سبراي أن ليمتد.,ماركة: زاك
61450,كلوس اب | معجون أسنان كلين فريش برائحة بيري بلاست | 75مل,close clean fresh berry blast 75ml 6ANh,75,EGP,كلوس اب,العناية اليومية>العناية بالفم و الاسنان,in stock,https://chefaa.com:443/eg-ar/nowProduct/close-up-clean-fresh-berry-blast-75ml-6ANh,https://cdn.chefaa.com/filters:format(webp)/public/uploads/products/close-up-clean-fresh-berry-blast-75ml-6anh-01751924181.png,https://cdn.chefaa.com/filters:format(webp)/public/uploads/products/close-up-clean-fresh-berry-blast-75ml-6anh-01751924181.png,مميزات المنتج   كلوس اب | معجون أسنان كلين فريش برائحة بيري بلاست | 75مل,ماركة: كلوس اب
49725,مود | جل استحمام تاهيتي | 750مل,mood tahiti shower gel 750ml spwq,90,EGP,مود,العناية اليومية>العناية بالجسم و الاستحمام,in stock,https://chefaa.com:443/eg-ar/nowProduct/mood-tahiti-shower-gel-750ml-spwq,https://cdn.chefaa.com/filters:format(webp)/public/uploads/products/mood-tahiti-shower-gel-750ml-cgrj-01730235843.png,https://cdn.chefaa.com/filters:format(webp)/public/uploads/products/mood-tahiti-shower-gel-750ml-cgrj-01730235843.png,مميزات المنتج   مود | جل استحمام تاهيتي | 750مل,ماركة: مود
35312,كوريغا | سوبر كريم مثبت لأطقم الأسنان بنكهة النعناع | 40جم,corega super cream denture fixative mint 40ml xfwj ki2a_duqivODv,250,EGP,كوريغا,العناية اليومية>العناية بالفم و الاسنان,in stock,https://chefaa.com:443/eg-ar/nowProduct/corega-super-cream-denture-fixative-mint-40ml-xfwj-ki2a_duqivODv,https://cdn.chefaa.com/filters:format(webp)/public/uploads/products/corega-super-cream-denture-fixative-mint-40ml-xfwj-ki2a-duqivodv-01757587800.png,https://cdn.chefaa.com/filters:format(webp)/public/uploads/products/corega-super-cream-denture-fixative-mint-40ml-xfwj-ki2a-duqivodv-01757587800.png,عن هذا المنتج     كوريغا سوبر كريم مثبت لأطقم الأسنان بنكهة النعناع 40 جم هو كريم لاصق لأطقم الأسنان يسمح بتجربة ارتداء آمنة لأطقم الأسنان، مما يوفر ثباتا قويا لأطقم الأسنان طوال اليوم. يقلل التثبيت الموثوق به من القلق من انزلاق أطقم الأسنان أو تحريكها، مما يسمح للمستخدمين بقضاء يومهم بثقة، سواء كانوا يتحدثون أو يأكلون أو يشاركون في أنشطة يومية. يمنع هذا الكريم أيضا جزيئات الطعام من الوقوع تحت طقم الأسنان. يمكن أن تسبب هذه الجسيمات تهيجا أو إزعاجا أو حتى ألما. كوريغا سوبر كريم مثبت لأطقم الأسنان يوفر ثباتا آمنا طوال اليوم ، مما يسمح لك بارتداء الطرف الاصطناعي للأسنان بثقة!,ماركة: كوريغا
626,سنسوداين | معجون مفعول سريع | 75مل,sensodyne rapid action toothpaste for sensitive teeth,125,EGP,سنسوداين,العناية اليومية>العناية بالفم و الاسنان,in stock,https://chefaa.com:443/eg-ar/nowProduct/sensodyne-rapid-action-toothpaste-for-sensitive-teeth-75-ml,https://cdn.chefaa.com/filters:format(webp)/public/uploads/products/sensodyne-rapid-action-toothpaste-for-sensitive-teeth-75-ml-01664111772.png,https://cdn.chefaa.com/filters:format(webp)/public/uploads/products/sensodyne-rapid-action-toothpaste-for-sensitive-teeth-75-ml-01664111772.png,مميزات المنتج   يتميز معجون سنسوداين الاصلي بما يلي: يساعد على إزالة تراكم البلاك وتبييض الأسنان. يحافظ على صحة اللثة. يحمي من حساسية الأسنان. يوفر نظافة فعالة مع أقل نسبة من التآكل. يعطي شعوراً بالنظافة والانتعاش. سعر معجون اسنان سنسوداين مناسب مقارنة بفوائده العديدة.   عن هذا المنتج     60 ثانية لتهدئة الحساسية: يمنح معجون الأسنان سنسوداين سريع المفعول بالفلورايد شعور بالراحة في خلال 60 ثانية فقط من الاستخدام الأول للفرشاة ، فقد ثبت طبيًا أنه يعمل بسرعة ويمنح حماية دائمة للتخفيف من حساسية الأسنان ويمنع تكرارها. الحماية من الحساسية: قد ثُبت طبيًا أن معجون أسنان سنسوداين سريع المفعول يمنح شعور بالراحة في خلال 60 ثانية فقط من الاستخدام الأول للفرشاة. مُثبت طبيًا  بأنه منتج يمنح شعور سريع بالراحة وحماية تدوم طويلاً *: يمنح  معجون أسنان سنسوداين سريع المفعول بالفلورايد راحة سريعة للأسنان الحساسة لمن يعانون منها. يعمل بسرعة: يمنح معجون أسنان سنسوداين سريع المفعول  شعور سريع بالراحة وحماية تدوم طويلاً في أقل من 60 ثانية *. الحماية من حساسية الأسنان: لحماية أسنانك اليومية من الحساسية ، قم بتنظيفها باستخدام معجون الأسنان هذا لتخفيف الحساسية بنكهة النعناع مرتين في اليوم. مع تنظيف الأسنان بالفرشاة مرتين يوميًا,ماركة: سنسوداين
61522,اليس | شفرة حلاقة للحواجب | 3 قطع,alice eye brow comfortglide breeze 3pcs 6ZCf,60,EGP,No Brand,العناية اليومية>العناية النسائية,in stock,https://chefaa.com:443/eg-ar/nowProduct/alice-eye-brow-comfortglide-breeze-3pcs-6ZCf,https://cdn.chefaa.com/filters:format(webp)/public/uploads/products/alice-eye-brow-comfortglide-breeze-3pcs-6zcf-01752860484.png,https://cdn.chefaa.com/filters:format(webp)/public/uploads/products/alice-eye-brow-comfortglide-breeze-3pcs-6zcf-01752860484.png,مميزات المنتج   اليس | شفرة حلاقة للحواجب | 3 قطع,raw_specs: المواصفات
46544,حرير | سويت الطبيعي لازالة الشعر بدون الم | 100جم,harir sweet natural hair removal 100gm 3g5k_duLJi6ZX,20,EGP,حرير,العناية اليومية>العناية النسائية,in stock,https://chefaa.com:443/eg-ar/nowProduct/harir-sweet-natural-hair-removal-100gm-3g5k_duLJi6ZX,https://cdn.chefaa.com/filters:format(webp)/public/uploads/products/harir-sweet-natural-hair-removal-100gm-r2kx-01704198179.png,https://cdn.chefaa.com/filters:format(webp)/public/uploads/products/harir-sweet-natural-hair-removal-100gm-r2kx-01704198179.png,مميزات المنتج   حرير | سويت الطبيعي لازالة الشعر بدون الم | 100جم,ماركة: حرير
21184,مان لوك | جل حلاقة فوم بالنعناع للبشرة العادية ايس كول | 40جم,man look shaving cream with mint for all skin 40gm ak8z,33,EGP,إيڤا,العناية اليومية>العناية الرجالية,in stock,https://chefaa.com:443/eg-ar/nowProduct/man-look-shaving-cream-with-mint-for-all-skin-40gm-ak8z,https://cdn.chefaa.com/filters:format(webp)/public/uploads/products/man-look-shaving-cream-with-mint-for-all-skin-40gm-bauf-01656337067.png,https://cdn.chefaa.com/filters:format(webp)/public/uploads/products/man-look-shaving-cream-with-mint-for-all-skin-40gm-bauf-01656337067.png,مميزات المنتج    مان لوك | جل حلاقة فوم بالنعناع للبشرة العادية ايس كول | 40جم   عن هذا المنتج      مان لوك | جل حلاقة فوم بالنعناع للبشرة العادية ايس كول | 40جم,ماركة: إيڤا
21248,واييت | علبة مناديل ميجا | 550 منديل,white mega tissue 550sheets t2va,35,EGP,No Brand,العناية اليومية>الحماية,in stock,https://chefaa.com:443/eg-ar/nowProduct/white-mega-tissue-550sheets-t2va,https://cdn.chefaa.com/filters:format(webp)/public/uploads/products/white-mega-tissue-550sheets-7owa-01656432037.png,https://cdn.chefaa.com/filters:format(webp)/public/uploads/products/white-mega-tissue-550sheets-7owa-01656432037.png,عن هذا المنتج     واييت | علبة مناديل ميجا | 550 منديل,raw_specs: المواصفات
46358,افوفا | بادي سبلاش برائحة الفانيليا وجوز الهند | 253مل,avuva vanilla coconut body splash 253ml oumt_duIKmsm8,150,EGP,أفوفا,العناية اليومية>العناية بالجسم و الاستحمام,in stock,https://chefaa.com:443/eg-ar/nowProduct/avuva-vanilla-coconut-body-splash-253ml-oumt_duIKmsm8,https://cdn.chefaa.com/filters:format(webp)/public/uploads/products/avuva-vanilla-coconut-body-splash-253ml-xh8d-01700505823.png,https://cdn.chefaa.com/filters:format(webp)/public/uploads/products/avuva-vanilla-coconut-body-splash-253ml-xh8d-01700505823.png,مميزات المنتج   انغمس في رائحة دافئة لا تقاوم من الفانيليا الدافئة ولمسة خفيفة من جوز الهند. هذا المزيج اللطيف سيرسل لك السماء على أفعوانية الحب.   عن هذا المنتج     عطر أﭬوﭬا بادي سبلاش مستوحى من النضارة والجمال. تم اختيار تركيبتنا من العطور السويسرية عالية الجودة بعناية في سحابة جميلة من الروائح تدوم لساعات. أﭬوﭬا بادي سبلاش غني بالجلسرين الطبيعي و آمن للاستخدام مباشرة على بشرتك دون القلق بشأن الجفاف أو الحكة.,ماركة: أفوفا
55118,دوف | صابونة كريمية بزبدة الشيا والفانيلا | 90جم,dove soap 90gm pamperingtVed,40,EGP,دوف,العناية اليومية>,in stock,https://chefaa.com:443/eg-ar/nowProduct/dove-soap-90gm-pamperingtVed,https://cdn.chefaa.com/filters:format(webp)/public/uploads/products/dove-soap-90gm-pamperingtved-01734551095.png,https://cdn.chefaa.com/filters:format(webp)/public/uploads/products/dove-soap-90gm-pamperingtved-01734551095.png,مميزات المنتج   دوف | صابونة كريمية بزبدة الشيا والفانيلا | 90جم,ماركة: دوف
54260,ايفا سكين كير | اشراقة طبيعية مقشر للجسم | 250مل,eva skin care natural glow body scrub 250ml 1cdw_duJVJcu5,110,EGP,إيڤا,العناية اليومية>العناية بالجسم و الاستحمام,in stock,https://chefaa.com:443/eg-ar/nowProduct/eva-skin-care-natural-glow-body-scrub-250ml-1cdw_duJVJcu5,https://cdn.chefaa.com/filters:format(webp)/public/uploads/products/eva-skin-care-natural-glow-body-scrub-250ml-iebc-01709989497.png,https://cdn.chefaa.com/filters:format(webp)/public/uploads/products/eva-skin-care-natural-glow-body-scrub-250ml-iebc-01709989497.png,مميزات المنتج   ايفا سكين كير | اشراقة طبيعية مقشر للجسم | 250مل,ماركة: إيڤا
21824,كيرفري | غسول يومي مزدوج المفعول للمناطق الحساسة بفيتامين اي ومستخلص القطن | 200مل,carefree duo effect daily intimate wash with vitamin and cotton extract 200ml t5rd,165,EGP,كيرفري,العناية اليومية>العناية النسائية,in stock,https://chefaa.com:443/eg-ar/nowProduct/carefree-duo-effect-daily-intimate-wash-with-vitamin-e-and-cotton-extract-200ml-t5rd,https://cdn.chefaa.com/filters:format(webp)/public/uploads/products/carefree-duo-effect-daily-intimate-wash-with-vitamin-e-and-cotton-extract-200ml-t5rd-01723574153.png,https://cdn.chefaa.com/filters:format(webp)/public/uploads/products/carefree-duo-effect-daily-intimate-wash-with-vitamin-e-and-cotton-extract-200ml-t5rd-01723574153.png,عن هذا المنتج     كيرفري | غسول يومي مزدوج المفعول للمناطق الحساسة بفيتامين اي ومستخلص القطن | 200مل,ماركة: كيرفري
44770,نيفيا | شاور جل فريش باور فروت برائحة التوت البري | 250مل,nivea fresh powerfruit shower gel blueberry scent 250ml myfe,120,EGP,نيفيا,العناية اليومية>العناية بالجسم و الاستحمام,in stock,https://chefaa.com:443/eg-ar/nowProduct/nivea-fresh-powerfruit-shower-gel-blueberry-scent-250ml-myfe,https://cdn.chefaa.com/filters:format(webp)/public/uploads/products/nivea-fresh-powerfruit-shower-gel-blueberry-scent-250ml-dwmh-01722158734.png,https://cdn.chefaa.com/filters:format(webp)/public/uploads/products/nivea-fresh-powerfruit-shower-gel-blueberry-scent-250ml-dwmh-01722158734.png,عن هذا المنتج     نيفيا | شاور جل فريش باور فروت برائحة التوت البري | 250مل,ماركة: نيفيا
20849,فيبكس | ميستك كريم مزيل عرق للنساء | 25جم,vebix deodorant max mystic women ejpp,65,EGP,فيبكس,العناية اليومية>العناية النسائية,in stock,https://chefaa.com:443/eg-ar/nowProduct/vebix-deodorant-max-mystic-women-25-gm-ejpp,https://cdn.chefaa.com/filters:format(webp)/public/uploads/products/vebix-deodorant-max-mystic-women-25-gm-ejpp-01736333833.png,https://cdn.chefaa.com/filters:format(webp)/public/uploads/products/vebix-deodorant-max-mystic-women-25-gm-ejpp-01736333833.png,مميزات المنتج   يتميز فيبكس كريم مزيل عرق بما يلي: يساعد على التخلص من رائحة العرق. يقلل من تكون الجراثيم والبكتيريا. خالي من الكحول والألومنيوم ولا يسبب الاسمرار. لا يسد مسام البشرة. له قوام كريمي مميز. سعر مزيل العرق vebix في مصر مناسب مقارنة بفوائده العديدة.   عن هذا المنتج     مكونات كريم فيبكس للرجال والنساء   يحتوي كريم فيبكس للرجال والنساء على:  اللانولين: يعمل كمرطب وملطف للبشرة.  زيت الخروع المهدرج: يساعد على التخلص من البكتيريا والجراثيم.  زنك أوكسيد: يرطب البشرة ويخفف الالتهابات.  السيليكا: تحسن ملمس البشرة وترطبها.  حجم vebix deodorant cream  يتوفر vebix deodorant cream بحجم 25 جم وحجم 10 جم.  يوصى باستعمال فيبكس كريم مزيل عرق ل   فيبكس كريم مزيل عرق مناسب للتخلص من رائحة العرق والحفاظ على رائحة تحت الإبط نظيفة ومنعشة.  ما هى طريقة استخدام فيبكس ؟  يوضع كمية مناسبة من الكريم على بشرة نظيفة وجافة  تُدلك البشرة بلطف حتى يتم امتصاص الكريم. ما هى اضرار كريم فيبكس ؟  لا توجد أضرار تذكر للمنتج ولكن من ضمن عيوبه أنه قد يسبب ملمسًا دهنيًا على البشرة ولا يتم امتصاصه بسهولة.  ما الفرق بين فيبكس الازرق والاخضر؟  فيبكس الأزرق مخصص للرجال أما فيبكس الأخضر يمكن استخدامه من قبل السيدات والرجال معاً.  ما هى أنواع فيبكس كريم مزيل عرق ؟  فيبكس الأخضر كلاسيك.  فيبكس الأزرق.  فيبكس الوردي.,ماركة: فيبكس
216,مزيل عرق نيفيا للرجال رول اون الازرق كوول كيك | 50مل,Nivea Cool Kick Anti Perspirant Roll,75,EGP,نيفيا,العناية اليومية>العناية الرجالية,in stock,https://chefaa.com:443/eg-ar/nowProduct/Nivea-Cool-Kick-Anti-Perspirant-48-H-Roll-on---50-Ml,https://cdn.chefaa.com/filters:format(webp)/public/uploads/products/nivea-cool-kick-anti-perspirant-48-h-roll-on-50-ml-01655206029.png,https://cdn.chefaa.com/filters:format(webp)/public/uploads/products/nivea-cool-kick-anti-perspirant-48-h-roll-on-50-ml-01655206029.png,مميزات المنتج   يتميز مزيل عرق نيفيا رول اون الازرق بما يلي: يمنح تأثيرًا فعالًا في التخلص من التعرق الزائد والرائحة غير المرغوب فيها. يتميز بتركيبة منعشة ومناسبة للاستخدام اليومي. تأثيره طويل الأمد يدوم حتى 48 ساعة. يسهل استخدامه بفضل تصميم الرول أون العملي والسهل التطبيق. يمتص بسرعة دون ترك أي بقايا دهنية على الجلد. يترك البشرة منتعشة طوال اليوم. يأتي بحجم صغير ومناسب للحمل في الحقيبة أو الجيب. سعر مزيل عرق نيفيا رول اون الأزرق مناسب مقارنة بحجمه وفوائده العديدة.   عن هذا المنتج     مكونات مزيل عرق نيفيا رول اون الأزرق   يحتوي نيفيا رول اون على:  ألومنيوم كلوروهيدرات: يساعد على تقليل العرق والتخلص من الرائحة غير المرغوب فيها.  عطر: يمنح رائحة مميزة ومزيداً من الانتعاش.  حجم Nivea roll on  يتوفر nivea roll on بحجم 50 مل.  سعر مزيل عرق نيفيا رول اون الأزرق  يتراوح سعر مزيل عرق نيفيا رول اون الأزرق ما بين 48 إلى 51 جنيهاً مصرياً.  يوصى باستعمال مزيل عرق نيفيا رول اون الازرق ل  نيفيا رول اون مناسب لمن يريدون التخلص من رائحة العرق والحصول على رائحة نظيفة ومنتعشة تدوم لفترة طويلة.  ما هي أنواع مزيل عرق نيفيا رول اون الأزرق؟  دراي إمباكت.  فريش أكتيف.  سيلفر بروتكت.  كوول كيك.,ماركة: نيفيا
61205,دى جى وايت | معجون أسنان جل بالفحم النشط بنكهة النعناع | 75 جم,white gel toothpaste charcoal with mint gbqx,40,EGP,No Brand,العناية اليومية>العناية بالفم و الاسنان,in stock,https://chefaa.com:443/eg-ar/nowProduct/dg-white-gel-toothpaste-charcoal-with-mint-75-gm-gbqx,https://cdn.chefaa.com/filters:format(webp)/public/uploads/products/dg-white-gel-toothpaste-charcoal-with-mint-75-gm-mjs5-01751340201.png,https://cdn.chefaa.com/filters:format(webp)/public/uploads/products/dg-white-gel-toothpaste-charcoal-with-mint-75-gm-mjs5-01751340201.png,مميزات المنتج   دى جى وايت | معجون أسنان جل بالفحم النشط بنكهة النعناع | 75 جم   عن هذا المنتج     دى جى وايت | معجون أسنان جل بالفحم النشط بنكهة النعناع | 75 جم,raw_specs: المواصفات
271,نيفيا | مزيل العرق ابيض و اسود غير مرئي سبراي للنساء | 150مل,nivea invisable black white spray for women 150ml,192,EGP,نيفيا,العناية اليومية>العناية النسائية,in stock,https://chefaa.com:443/eg-ar/nowProduct/nivea-invisable-black-white-spray-for-women-150ml,https://cdn.chefaa.com/filters:format(webp)/public/uploads/products/nivea-invisable-black-white-spray-for-women-150ml-01668078134.png,https://cdn.chefaa.com/filters:format(webp)/public/uploads/products/nivea-invisable-black-white-spray-for-women-150ml-01668078134.png,مميزات المنتج   نيفيا | مزيل العرق ابيض و اسود غير مرئي سبراي للنساء | 150مل   عن هذا المنتج     ﻿ ﻿ ﻿ ﻿ ﻿ا لمزيل العرق الأسود والأبيض مع حماية ضد التعرق لمدة 48 ساعة لا يترك أي علامات بيضاء على الأقمشة الداكنة ويمنع البقع الصفراء على الملابس ذات الألوان الفاتحة.,ماركة: نيفيا
56709,زاك | بودي جارد سبورت مزيل عرق رول اون | 50مل,zak rollon deodorant 50ml sportz8ru,65,EGP,زاك,العناية اليومية>,in stock,https://chefaa.com:443/eg-ar/nowProduct/zak-rollon-deodorant-50ml-sportz8ru,https://cdn.chefaa.com/filters:format(webp)/public/uploads/products/zak-rollon-deodorant-50ml-sportz8ru-01733082847.png,https://cdn.chefaa.com/filters:format(webp)/public/uploads/products/zak-rollon-deodorant-50ml-sportz8ru-01733082847.png,مميزات المنتج   زاك | بودي جارد سبورت مزيل عرق رول اون | 50مل,ماركة: زاك
52760,موفيليكس | كريم تدليك | 80مل,movelex active roll massage mlfSaq,125,EGP,No Brand,العناية اليومية>,in stock,https://chefaa.com:443/eg-ar/nowProduct/movelex-active-roll-on-massage-80-mlfSaq,https://cdn.chefaa.com/filters:format(webp)/public/uploads/products/movelex-active-roll-on-massage-80-mlfsaq-01735051083.png,https://cdn.chefaa.com/filters:format(webp)/public/uploads/products/movelex-active-roll-on-massage-80-mlfsaq-01735051083.png,مميزات المنتج   موفيليكس | كريم تدليك | 80مل,raw_specs: المواصفات
46546,كواليتا قطن للوجهه لون جيل الصبار 70قطعه,qualita cotton pads aloe vera 70pcs bz2o_duDmS28Z,125,EGP,كواليتا,العناية اليومية>الحماية,in stock,https://chefaa.com:443/eg-ar/nowProduct/qualita-cotton-pads-aloe-vera-70pcs-bz2o_duDmS28Z,https://cdn.chefaa.com/filters:format(webp)/public/uploads/products/qualita-cotton-pads-aloe-vera-70pcs-qrvs-01704199334.png,https://cdn.chefaa.com/filters:format(webp)/public/uploads/products/qualita-cotton-pads-aloe-vera-70pcs-qrvs-01704199334.png,مميزات المنتج   كواليتا | قطن للوجهه لون جيل الصبار | 70قطعه,ماركة: كواليتا
2520,نيفيا | ملمس البودر رول اون مزيل عرق للنساء | 50مل,nivea powder touch deodorant roll onfor women 50ml,75,EGP,نيفيا,العناية اليومية>العناية النسائية,in stock,https://chefaa.com:443/eg-ar/nowProduct/nivea-powder-touch-deodorant-roll-onfor-women-50ml,https://cdn.chefaa.com/filters:format(webp)/public/uploads/products/nivea-powder-touch-deodorant-roll-onfor-women-50ml-01655204892.png,https://cdn.chefaa.com/filters:format(webp)/public/uploads/products/nivea-powder-touch-deodorant-roll-onfor-women-50ml-01655204892.png,مميزات المنتج   نيفيا | ملمس البودر رول اون مزيل عرق للنساء | 50مل   عن هذا المنتج     بشرة ناعمة سريعة الجفاف تحتوي على مسحوق الكاولين الثمين.   48 ساعة حماية ضد التعرق ولطيف.   بدون كحول وملونات.,ماركة: نيفيا
24052,جيليت بلو | 3 ماكينة - كول | 3 قطعة,gillette blue 3machine cool 3pieces zdef,160,EGP,جيليت,العناية اليومية>العناية الرجالية,in stock,https://chefaa.com:443/eg-ar/nowProduct/gillette-blue-3machine-cool-3pieces-zdef,https://cdn.chefaa.com/filters:format(webp)/public/uploads/products/gillette-blue-3machine-cool-3pieces-zdef-01722781002.png,https://cdn.chefaa.com/filters:format(webp)/public/uploads/products/gillette-blue-3machine-cool-3pieces-zdef-01722781002.png,عن هذا المنتج     جيليت بلو | 3 ماكينة - كول | 3 قطعة,ماركة: جيليت
5480,كير فري | بلس فريش فوط صحية يومية كبيرة | 20 قطعة,carefree plus fresh pads size large pieces,100,EGP,كيرفري,العناية اليومية>العناية النسائية,in stock,https://chefaa.com:443/eg-ar/nowProduct/carefree-plus-fresh-pads-size-large-20-pieces-ph,https://cdn.chefaa.com/filters:format(webp)/public/uploads/products/carefree-plus-fresh-pads-size-large-20-pieces-ph-01723660608.png,https://cdn.chefaa.com/filters:format(webp)/public/uploads/products/carefree-plus-fresh-pads-size-large-20-pieces-ph-01723660608.png,مميزات المنتج   فوط كير فري بلس فريش اليومية الكبيرة تتميّز هذه الفوط بامتصاص سريع يحبس البلل يمنحك حمايةً وانتعاشاً وثقةً أطول. كما أنّ سطحها الناعم الملمس يزوّدك بشعورٍ مريح. شريط واقٍ يحمي ملابسك الداخليّة المفضّلة. حماية وتحكّم ضد الرائحة تدوم 12 ساعة. أطول وأعرض من الفوط اليومية العادية. غير مرئية ومريحة لإنتعاش اليومي. تمّ اختبارها من قبل أطباء الجلد، غطاء مريح ناعم الملمس.,ماركة: كيرفري
54323,المسواك دابر معجون أسنان بالنعناع | 120+ 20جم,miswak dabur mint toothpaste 20gm zfl6_duMy69hD,50,EGP,المسواك,العناية اليومية>العناية بالفم و الاسنان,in stock,https://chefaa.com:443/eg-ar/nowProduct/miswak-dabur-mint-toothpaste-120-20gm-zfl6_duMy69hD,https://cdn.chefaa.com/filters:format(webp)/public/uploads/products/miswak-dabur-mint-toothpaste-120-20gm-zfl6-01732097266.png,https://cdn.chefaa.com/filters:format(webp)/public/uploads/products/miswak-dabur-mint-toothpaste-120-20gm-zfl6-01732097266.png,مميزات المنتج   المسواك دابر معجون أسنان بالنعناع | 120+ 20جم,ماركة: المسواك
18131,نيفيا | ستيك مزيل عرق للنساء دراي كمفورت جفاف سريع | 50مل,nivea dry comfort deodorant roll stick 40ml gjgf,405,EGP,نيفيا,العناية اليومية>العناية النسائية,in stock,https://chefaa.com:443/eg-ar/nowProduct/nivea-dry-comfort-deodorant-roll-on-stick-40ml-gjgf,https://cdn.chefaa.com/filters:format(webp)/public/uploads/products/nivea-dry-comfort-deodorant-roll-on-stick-40ml-gjgf-01708611000.png,https://cdn.chefaa.com/filters:format(webp)/public/uploads/products/nivea-dry-comfort-deodorant-roll-on-stick-40ml-gjgf-01708611000.png,مميزات المنتج   نيفيا | ستيك مزيل عرق للنساء دراي كمفورت جفاف سريع | 50مل   عن هذا المنتج     يوفر نظام دراي بلس تنظيمًا فعالًا للعرق وحماية إضافية من الجفاف. جاف بشكل مريح ومنعش طوال اليوم. 48 ساعة حماية من التعرق وعناية نيفيا اللطيفة. تم اختباره واعتماده من قبل أطباء الجلدية. يوفر مزيل العرق نيفيا دراي كومفورت حماية لمدة 48 ساعة وشعور بجفاف البشرة. يتكون نظام دراي بلس من المعادن لمنحك تنظيمًا فعالًا للعرق وحماية إضافية من الجفاف من العرق والرائحة للحفاظ على انتعاشك طوال اليوم. نيفيا مائة عام من العناية بالبشرة مدى الحياة!,ماركة: نيفيا
18464,فوج | برفان سبراي فيكتور للرجال | 120مل,fogg victor perfume spray for men 120ml zpfe,132,EGP,فوج,العناية اليومية>العناية الرجالية,in stock,https://chefaa.com:443/eg-ar/nowProduct/fogg-victor-perfume-spray-for-men-120ml-zpfe,https://cdn.chefaa.com/filters:format(webp)/public/uploads/products/fogg-victor-perfume-spray-for-men-120ml-zpfe-01738274561.png,https://cdn.chefaa.com/filters:format(webp)/public/uploads/products/fogg-victor-perfume-spray-for-men-120ml-zpfe-01738274561.png,مميزات المنتج   فوج | برفان سبراي فيكتور للرجال | 120مل,ماركة: فوج
58,ليسترين | غسول فم بنكهة النعناع | 250مل,listerine total care zero mouthwash smooth mint 250ml,140,EGP,ليسترين,العناية اليومية>العناية بالفم و الاسنان,in stock,https://chefaa.com:443/eg-ar/nowProduct/listerine-total-care-zero-mouthwash-smooth-mint-250ml,https://cdn.chefaa.com/filters:format(webp)/public/uploads/products/listerine-total-care-zero-mouthwash-smooth-mint-250ml-01686218278.png,https://cdn.chefaa.com/filters:format(webp)/public/uploads/products/listerine-total-care-zero-mouthwash-smooth-mint-250ml-01686218278.png,"مميزات المنتج   ليسترين توتال كير زيرو برائحة النعناع غسول للفم, بفوائد متعددة، يقدم 6 فوائد في منتج واحد للحصول على عناية متكاملة بالفم، بطعم أقل حدة، وأكثر اعتدالاً. يقلل البلاك للحفاظ على صحة اللثة. يساعد على منع مشاكل اللثة. يحتوي على الفلورايد لتقويه الأسنان للمساعدة في الحماية من التسوس. خالي من الكحول. يضفي بياضا اكثر للأسنان.",ماركة: ليسترين
61177,وايت | مناديل مبللة للبيبي | 72 منديلاً,white baby wipes wipes l0bh,41,EGP,No Brand,العناية اليومية>الحماية,in stock,https://chefaa.com:443/eg-ar/nowProduct/white-baby-wipes-72-wipes-l0bh,https://cdn.chefaa.com/filters:format(webp)/public/uploads/products/white-baby-wipes-72-wipes-xin1-01751286683.png,https://cdn.chefaa.com/filters:format(webp)/public/uploads/products/white-baby-wipes-72-wipes-xin1-01751286683.png,مميزات المنتج   وايت | مناديل مبللة للبيبي | 72 منديلاً,raw_specs: المواصفات
46565,دوف | مزيل العرق ومضاد التعرق جو فريش | 250 مل,fresh deodorant antiperspirant spray dove ydse_duUI25px,250,EGP,دوف,العناية اليومية>العناية بالجسم و الاستحمام,in stock,https://chefaa.com:443/eg-ar/nowProduct/go-fresh-deodorant-antiperspirant-spray-250-ml-dove-ydse_duUI25px,https://cdn.chefaa.com/filters:format(webp)/public/uploads/products/go-fresh-deodorant-antiperspirant-spray-250-ml-dove-tmot-01704757188.png,https://cdn.chefaa.com/filters:format(webp)/public/uploads/products/go-fresh-deodorant-antiperspirant-spray-250-ml-dove-tmot-01704757188.png,مميزات المنتج   دوف | مزيل العرق ومضاد التعرق جو فريش | 250 مل   عن هذا المنتج     دوف | مزيل العرق ومضاد التعرق جو فريش | 250 مل,ماركة: دوف
31614,جينوترازوناجين | 600 ملغ | 3 لبوس مهبلي,gynotrazonagen ovules dz1o,33,EGP,No Brand,العناية اليومية>العناية النسائية,in stock,https://chefaa.com:443/eg-ar/nowProduct/gynotrazonagen-600-mg-3-v-ovules-dz1o,https://cdn.chefaa.com/filters:format(webp)/public/uploads/products/gynotrazonagen-600-mg-3-v-ovules-dz1o-01723112019.png,https://cdn.chefaa.com/filters:format(webp)/public/uploads/products/gynotrazonagen-600-mg-3-v-ovules-dz1o-01723112019.png,مميزات المنتج   جينوترازوناجين | 600 ملغ | 3 لبوس مهبلي   عن هذا المنتج     جينوترازوناجين | 600 ملغ | 3 لبوس مهبلي,raw_specs: المواصفات
21695,جيليت | ماكينة حلاقة سيمبلي فينوس 2 شفرة للاستخدام لمرة واحدة للنساء | 4 قطع,gillette simply venus 2blade disposable razor for women 4pcs l8qi,100,EGP,جيليت,العناية اليومية>العناية النسائية,in stock,https://chefaa.com:443/eg-ar/nowProduct/gillette-simply-venus-2blade-disposable-razor-for-women-4pcs-l8qi,https://cdn.chefaa.com/filters:format(webp)/public/uploads/products/gillette-simply-venus-2blade-disposable-razor-for-women-4pcs-l8qi-01721729414.png,https://cdn.chefaa.com/filters:format(webp)/public/uploads/products/gillette-simply-venus-2blade-disposable-razor-for-women-4pcs-l8qi-01721729414.png,مميزات المنتج   جيليت | ماكينة حلاقة سيمبلي فينوس 2 شفرة للاستخدام لمرة واحدة للنساء | 4 قطع,ماركة: جيليت
18045,مزيل عرق نيفيا للرجال رول اون الازرق فريش أكتيف | 50مل,nivea fresh active deodorant roll for men 50ml q1r7,96,EGP,نيفيا,العناية اليومية>العناية الرجالية,in stock,https://chefaa.com:443/eg-ar/nowProduct/nivea-fresh-active-deodorant-roll-on-for-men-50ml-q1r7,https://cdn.chefaa.com/filters:format(webp)/public/uploads/products/nivea-fresh-active-deodorant-roll-on-for-men-50ml-q1r7-01655205277.png,https://cdn.chefaa.com/filters:format(webp)/public/uploads/products/nivea-fresh-active-deodorant-roll-on-for-men-50ml-q1r7-01655205277.png,مميزات المنتج   يتميز مزيل عرق نيفيا رول اون الازرق بما يلي: يمنح تأثيرًا فعالًا في التخلص من التعرق الزائد والرائحة غير المرغوب فيها. يتميز بتركيبة منعشة ومناسبة للاستخدام اليومي. تأثيره طويل الأمد يدوم حتى 48 ساعة. يسهل استخدامه بفضل تصميم الرول أون العملي والسهل التطبيق. يمتص بسرعة دون ترك أي بقايا دهنية على الجلد. يترك البشرة منتعشة طوال اليوم. يأتي بحجم صغير ومناسب للحمل في الحقيبة أو الجيب. سعر مزيل عرق نيفيا رول اون الأزرق مناسب مقارنة بحجمه وفوائده العديدة.   عن هذا المنتج     مكونات مزيل عرق نيفيا رول اون الأزرق   يحتوي نيفيا رول اون على:  ألومنيوم كلوروهيدرات: يساعد على تقليل العرق والتخلص من الرائحة غير المرغوب فيها.  عطر: يمنح رائحة مميزة ومزيداً من الانتعاش.  حجم Nivea roll on  يتوفر nivea roll on بحجم 50 مل.  سعر مزيل عرق نيفيا رول اون الأزرق  يتراوح سعر مزيل عرق نيفيا رول اون الأزرق ما بين 48 إلى 51 جنيهاً مصرياً.  يوصى باستعمال مزيل عرق نيفيا رول اون الازرق ل  نيفيا رول اون مناسب لمن يريدون التخلص من رائحة العرق والحصول على رائحة نظيفة ومنتعشة تدوم لفترة طويلة.  ما هي أنواع مزيل عرق نيفيا رول اون الأزرق؟  دراي إمباكت.  فريش أكتيف.  سيلفر بروتكت.  كوول كيك.,ماركة: نيفيا
18050,مزيل عرق نيفيا للرجال رول اون الازرق سيلفر بروتكت | 50مل,nivea silver protect deodorant roll for men 50ml gjcl,96,EGP,نيفيا,العناية اليومية>العناية الرجالية,in stock,https://chefaa.com:443/eg-ar/nowProduct/nivea-silver-protect-deodorant-roll-on-for-men-50ml-gjcl,https://cdn.chefaa.com/filters:format(webp)/public/uploads/products/nivea-silver-protect-deodorant-roll-on-for-men-50ml-gjcl-01674990637.png,https://cdn.chefaa.com/filters:format(webp)/public/uploads/products/nivea-silver-protect-deodorant-roll-on-for-men-50ml-gjcl-01674990637.png,مميزات المنتج   يتميز مزيل عرق نيفيا رول اون الازرق بما يلي: يمنح تأثيرًا فعالًا في التخلص من التعرق الزائد والرائحة غير المرغوب فيها. يتميز بتركيبة منعشة ومناسبة للاستخدام اليومي. تأثيره طويل الأمد يدوم حتى 48 ساعة. يسهل استخدامه بفضل تصميم الرول أون العملي والسهل التطبيق. يمتص بسرعة دون ترك أي بقايا دهنية على الجلد. يترك البشرة منتعشة طوال اليوم. يأتي بحجم صغير ومناسب للحمل في الحقيبة أو الجيب. سعر مزيل عرق نيفيا رول اون الأزرق مناسب مقارنة بحجمه وفوائده العديدة.   عن هذا المنتج     مكونات مزيل عرق نيفيا رول اون الأزرق   يحتوي نيفيا رول اون على:  ألومنيوم كلوروهيدرات: يساعد على تقليل العرق والتخلص من الرائحة غير المرغوب فيها.  عطر: يمنح رائحة مميزة ومزيداً من الانتعاش.  حجم Nivea roll on  يتوفر nivea roll on بحجم 50 مل.  سعر مزيل عرق نيفيا رول اون الأزرق  يتراوح سعر مزيل عرق نيفيا رول اون الأزرق ما بين 48 إلى 51 جنيهاً مصرياً.  يوصى باستعمال مزيل عرق نيفيا رول اون الازرق ل  نيفيا رول اون مناسب لمن يريدون التخلص من رائحة العرق والحصول على رائحة نظيفة ومنتعشة تدوم لفترة طويلة.  ما هي أنواع مزيل عرق نيفيا رول اون الأزرق؟  دراي إمباكت.  فريش أكتيف.  سيلفر بروتكت.  كوول كيك.,ماركة: نيفيا
490,سنسوداين | معجون بالفلوريد للأسنان الحساسة | 100مل,sensodyne fluoride toothpaste for sensitive teeth,125,EGP,سنسوداين,العناية اليومية>العناية بالفم و الاسنان,in stock,https://chefaa.com:443/eg-ar/nowProduct/sensodyne-fluoride-toothpaste-for-sensitive-teeth-100-ml,https://cdn.chefaa.com/filters:format(webp)/public/uploads/products/G2jOPnveXZWgP8RyNpon9IrcJVmoXsNCJWi1QfHG.jpeg,https://cdn.chefaa.com/filters:format(webp)/public/uploads/products/G2jOPnveXZWgP8RyNpon9IrcJVmoXsNCJWi1QfHG.jpeg,مميزات المنتج   يتميز معجون سنسوداين الاصلي بما يلي: يساعد على إزالة تراكم البلاك وتبييض الأسنان. يحافظ على صحة اللثة. يحمي من حساسية الأسنان. يوفر نظافة فعالة مع أقل نسبة من التآكل. يعطي شعوراً بالنظافة والانتعاش. سعر معجون اسنان سنسوداين مناسب مقارنة بفوائده العديدة.   عن هذا المنتج     مكونات معجون سنسوداين الاصلي  يحتوي معجون سنسوداين الاصلي على:  فلوريد الصوديوم: يدعم تمعدن الأسنان ويقي من تسوسها.  حجم sensodyne toothpaste  يتوفر sensodyne toothpaste بحجم 20 مل و50 مل و75 مل.  يوصى باستعمال معجون الاسنان سنسوداين ل  معجون الاسنان سنسوداين مناسب للأسنان الحساسة فهو يساعد على تنظيف الأسنان وإزالة تراكم الجير، وكذلك يحمي من التهابات اللثة وحساسية الأسنان.  ما هو افضل نوع معجون من سنسوداين؟  معجون سنسوداين مفعول سريع.  معجون سنسوداين حماية متكاملة.  معجون سنسوداين للتبييض.  معجون سنسوداين بالفلورايد.  هل سنسوداين للاستخدام اليومي؟  نعم يستخدم سنسوداين مرتين يومياً.  ما هى فوائد معجون سنسوداين ؟  يساعد على تنظيف الأسنان والتخلص من الجير.  يحمي من حساسية الأسنان والتهابات اللثة.  يحافظ على صحة الأسنان ويحميها من التآكل.  يحارب تسوس الأسنان.  ما هى أضرار معجون سنسوداين ؟  لا توجد أضرار لمعجون سنسوداين ولكن قد يسبب الحساسية في حالة فرط الحساسية تجاه أحد مكوناته أو استخدامه أكثر من اللازم.  ما هى أنواع  معجون سنسوداين ؟  معجون سنسوداين لحساسية اللثة.  معجون سنسوداين المطور ترميم وحماية.  سنسوداين المطور ترميم وحماية انتعاش زائد.  سنسوداين حماية متكاملة.  سنسوداين مفعول سريع.  سنسوداين تنظيف عميق.  سنسوداين العادي.  سنسوداين فلوريد.    ﻿,ماركة: سنسوداين
59669,بوديليشوس | لوشن مرطب للجسم باتشولي فايلوت | 236مل,bodylicious body lotion violet patchouli 236ml r3yj_duuC4pSA,179,EGP,بوديليشوس,العناية اليومية>العناية بالجسم و الاستحمام,in stock,https://chefaa.com:443/eg-ar/nowProduct/bodylicious-body-lotion-violet-patchouli-236ml-r3yj_duuC4pSA,https://cdn.chefaa.com/filters:format(webp)/public/uploads/products/bodylicious-body-lotion-violet-patchouli-236ml-bxnx-01704197068.png,https://cdn.chefaa.com/filters:format(webp)/public/uploads/products/bodylicious-body-lotion-violet-patchouli-236ml-bxnx-01704197068.png,مميزات المنتج   بوديليشوس | لوشن مرطب للجسم باتشولي فايلوت | 236مل,ماركة: بوديليشوس
19363,نيفيا | لوشن بعد الحلاقة للبشرة الحساسة | 100مل,nivea men sensitive after shave lotion chamomile hamamelis 100ml qpk3,350,EGP,نيفيا,العناية اليومية>العناية الرجالية,in stock,https://chefaa.com:443/eg-ar/nowProduct/nivea-men-sensitive-after-shave-lotion-chamomile-hamamelis-100ml-qpk3,https://cdn.chefaa.com/filters:format(webp)/public/uploads/products/nivea-men-sensitive-after-shave-lotion-chamomile-hamamelis-100ml-qpk3-01674925925.png,https://cdn.chefaa.com/filters:format(webp)/public/uploads/products/nivea-men-sensitive-after-shave-lotion-chamomile-hamamelis-100ml-qpk3-01674925925.png,مميزات المنتج   نيفيا | لوشن بعد الحلاقة للبشرة الحساسة | 100مل   عن هذا المنتج     يهدئ تهيج البشرة.   يخفف احمرار البشرة وجفافها.   خالٍ من الكحول لذلك لا يتسبب في حرق البشرة.   سريع الامتصاص وغير دهني.   مصرح به كمنتج لطيف على الجلد ولا يسبب أية تفاعلات جلدية من قبل الرجال ذوي البشرة الحساسة.   يعمل سائل بعد الحلاقة للبشرة الحساسة للرجال من نيڤيا على تهدئة البشرة وتلطيفها وتركها منتعشة، حيث أنه يساعد على تخفيف الاحمرار والجفاف بفضل تركيبة البابونج والهاماميليس، وينصح بوضعه بعد الحلاقة، كما تحافظ تركيبة العناية الفائقة الخالية من الكحول على تلطيف البشرة وتهدئتها، وهو يناسب البشرة الحساسة ويمنحها شعور الراحة والنعومة ويتركها نضرة طوال الوقت.,ماركة: نيفيا
18047,مزيل عرق نيفيا للرجال رول اون الازرق فريش باور | 50 مل,nivea deo fresh power roll for men 50ml vqxq,75,EGP,نيفيا,العناية اليومية>العناية الرجالية,in stock,https://chefaa.com:443/eg-ar/nowProduct/nivea-deo-fresh-power-roll-on-for-men-50ml-vqxq,https://cdn.chefaa.com/filters:format(webp)/public/uploads/products/nivea-deo-fresh-power-roll-on-for-men-50ml-vqxq-01655208116.png,https://cdn.chefaa.com/filters:format(webp)/public/uploads/products/nivea-deo-fresh-power-roll-on-for-men-50ml-vqxq-01655208116.png,مميزات المنتج   يتميز مزيل عرق نيفيا رول اون الازرق بما يلي: يمنح تأثيرًا فعالًا في التخلص من التعرق الزائد والرائحة غير المرغوب فيها. يتميز بتركيبة منعشة ومناسبة للاستخدام اليومي. تأثيره طويل الأمد يدوم حتى 48 ساعة. يسهل استخدامه بفضل تصميم الرول أون العملي والسهل التطبيق. يمتص بسرعة دون ترك أي بقايا دهنية على الجلد. يترك البشرة منتعشة طوال اليوم. يأتي بحجم صغير ومناسب للحمل في الحقيبة أو الجيب. سعر مزيل عرق نيفيا رول اون الأزرق مناسب مقارنة بحجمه وفوائده العديدة.   عن هذا المنتج     مكونات مزيل عرق نيفيا رول اون الأزرق   يحتوي نيفيا رول اون على:  ألومنيوم كلوروهيدرات: يساعد على تقليل العرق والتخلص من الرائحة غير المرغوب فيها.  عطر: يمنح رائحة مميزة ومزيداً من الانتعاش.  حجم Nivea roll on  يتوفر nivea roll on بحجم 50 مل.  سعر مزيل عرق نيفيا رول اون الأزرق  يتراوح سعر مزيل عرق نيفيا رول اون الأزرق ما بين 48 إلى 51 جنيهاً مصرياً.  يوصى باستعمال مزيل عرق نيفيا رول اون الازرق ل  نيفيا رول اون مناسب لمن يريدون التخلص من رائحة العرق والحصول على رائحة نظيفة ومنتعشة تدوم لفترة طويلة.  ما هي أنواع مزيل عرق نيفيا رول اون الأزرق؟  دراي إمباكت.  فريش أكتيف.  سيلفر بروتكت.  كوول كيك.,ماركة: نيفيا
45643,كولاجرا | كريم تفتيح للبكينى و تحت الابط | 50مل + كولاجرا | غسول تفتيح للبكيني و تحت الابط | 200مل + كولاجرا | مزيل عرق رول اون للتفتيح | 60مل,kolagra bikini whitening cream 50ml bikini whitening wash 200ml whitening roll 60ml 2s2b_dukmgcIF,350,EGP,كولاجرا,العناية اليومية>العناية النسائية,in stock,https://chefaa.com:443/eg-ar/nowProduct/kolagra-bikini-whitening-cream-50ml-bikini-whitening-wash-200ml-whitening-roll-on-31-60ml-2s2b_dukmgcIF,https://cdn.chefaa.com/filters:format(webp)/public/uploads/products/kolagra-bikini-whitening-cream-50ml-bikini-whitening-wash-200ml-whitening-roll-on-31-60ml-2s2b-01721301450.png,https://cdn.chefaa.com/filters:format(webp)/public/uploads/products/kolagra-bikini-whitening-cream-50ml-bikini-whitening-wash-200ml-whitening-roll-on-31-60ml-2s2b-01721301450.png,مميزات المنتج   كولاجرا روتين العناية بالمناطق الحساسة. كولاجرا روول اون 3*1 لحماية من التعرق تدوم 48 ساعة & تفتيح المنطقة & تقليل نمو الشعر. كولاجرا بكيني كريم لتوحيد اللون و تفتيح المناطق الحساسة. كولاجرا غسول المناطق الحساسة لتفتيح وترطيب المنطقة. بسعر 329.,ماركة: كولاجرا
5899,وان | كريم لازالة الشعر الزائد بالعسل والجلسرين للبشرة الجافة | 140جم,one hair removal cream enriched with honey gylcerin for dry skin 140gm skhv,46,EGP,إيڤا,العناية اليومية>العناية النسائية,in stock,https://chefaa.com:443/eg-ar/nowProduct/one-hair-removal-cream-enriched-with-honey-gylcerin-for-dry-skin-140gm-skhv,https://cdn.chefaa.com/filters:format(webp)/public/uploads/products/1619431089one-hair-removal-cream-enriched-with-honey-gylcerin-for-dry-skin-chefaajpg,https://cdn.chefaa.com/filters:format(webp)/public/uploads/products/1619431089one-hair-removal-cream-enriched-with-honey-gylcerin-for-dry-skin-chefaajpg,مميزات المنتج   كريم ون بتركيبته المطورة والغنية بالعسل والجلسرين تحافظ على رطوبة البشرة الداخلية وتتركها ناعمة بعد إزالة الشعر.   عن هذا المنتج         كريم ون يعمل على إزالة الشعر الزائد في ٥ دقائق فقط حتى في المراحل الأولى من نمو الشعر.   كريم ون بتركيبته المطورة والغنية بالعسل والجلسرين تحافظ على رطوبة البشرة الداخلية وتتركها ناعمة بعد إزالة الشعر.,ماركة: إيڤا
5901,وان | كريم لازالة الشعر الزائد بالعسل والجلسرين للبشرة الجافة | 90جم,one hair removal cream enriched with honey gylcerin for dry skin 90gm vhmm,45,EGP,إيڤا,العناية اليومية>العناية النسائية,in stock,https://chefaa.com:443/eg-ar/nowProduct/one-hair-removal-cream-enriched-with-honey-gylcerin-for-dry-skin-90gm-vhmm,https://cdn.chefaa.com/filters:format(webp)/public/uploads/products/1619431068one-hair-removal-cream-enriched-with-honey-gylcerin-for-dry-skin-chefaajpg,https://cdn.chefaa.com/filters:format(webp)/public/uploads/products/1619431068one-hair-removal-cream-enriched-with-honey-gylcerin-for-dry-skin-chefaajpg,عن هذا المنتج     كريم ون يعمل على إزالة الشعر الزائد في ٥ دقائق فقط حتى في المراحل الأولى من نمو الشعر.   كريم ون بتركيبته المطورة والغنية بالعسل والجلسرين تحافظ على رطوبة البشرة الداخلية وتتركها ناعمة بعد إزالة الشعر.,ماركة: إيڤا
268,نيفيا | مزيل العرق ابيض و اسود غير مرئي سبراي للرجال | 150مل,nivea invisable black white spray for men 150ml,192,EGP,نيفيا,العناية اليومية>العناية الرجالية,in stock,https://chefaa.com:443/eg-ar/nowProduct/nivea-invisable-black-white-spray-for-men-150ml,https://cdn.chefaa.com/filters:format(webp)/public/uploads/products/nivea-invisable-black-white-spray-for-men-150ml-01655222437.png,https://cdn.chefaa.com/filters:format(webp)/public/uploads/products/nivea-invisable-black-white-spray-for-men-150ml-01655222437.png,مميزات المنتج   نيفيا | مزيل العرق ابيض و اسود غير مرئي سبراي للرجال | 150مل   عن هذا المنتج     ﻿ مع مزيل العرق نيفيا غير المرئي للون الأسود والأبيض ، سيكون لديك أول مزيل للعرق مع حماية ضد التعرق لمدة 48 ساعة لا تترك علامات بيضاء على الأقمشة الداكنة وتجنب أيضًا البقع الصفراء على الملابس ذات الألوان الفاتحة. ﻿,ماركة: نيفيا
5482,كير فري | فوط صحية يومية قطنية عطر منعش كبير جدا | 48 قطعة,carefree plus large fresh scent panty liner 48pieces,207,EGP,كيرفري,العناية اليومية>العناية النسائية,in stock,https://chefaa.com:443/eg-ar/nowProduct/carefree-plus-large-fresh-scent-panty-liner-48pieces-ph,https://cdn.chefaa.com/filters:format(webp)/public/uploads/products/carefree-plus-large-fresh-scent-panty-liner-48pieces-ph-01741002264.png,https://cdn.chefaa.com/filters:format(webp)/public/uploads/products/carefree-plus-large-fresh-scent-panty-liner-48pieces-ph-01741002264.png,مميزات المنتج   فوط كير فري بلس فريش اليومية الكبيرة تتميّز هذه الفوط بامتصاص سريع يحبس البلل يمنحك حمايةً وانتعاشاً وثقةً أطول. كما أنّ سطحها الناعم الملمس يزوّدك بشعورٍ مريح. شريط واقٍ يحمي ملابسك الداخليّة المفضّلة. حماية وتحكّم ضد الرائحة تدوم 12 ساعة. أطول وأعرض من الفوط اليومية العادية. غير مرئية ومريحة لانتعاش اليومي. تمّ اختبارها من قبل أطباء الجلد، غطاء مريح ناعم الملمس.,ماركة: كيرفري
46152,فوط ريلاكس فام - أفضل فوط صحية للولادة والنفاس | 20 فوطة,sanita fam relax maternity pads 20pads 3njl_duCoflrr,120,EGP,سانيتا,العناية اليومية>العناية النسائية,in stock,https://chefaa.com:443/eg-ar/nowProduct/sanita-fam-relax-maternity-pads-20pads-3njl_duCoflrr,https://cdn.chefaa.com/filters:format(webp)/public/uploads/products/sanita-fam-relax-maternity-pads-20pads-mjye-01684855916.png,https://cdn.chefaa.com/filters:format(webp)/public/uploads/products/sanita-fam-relax-maternity-pads-20pads-mjye-01684855916.png,"مميزات المنتج   تتميز فوط ريلاكس فام (fam relax) بما يلي: فوط صحية نسائية يمكن استخدامها خلال فترة بعد الولادة. لها خامة قطنية ناعمة ولطيفة على الجلد. لها قدرة عالية على الامتصاص واحتباس السوائل. تمنع التسرب وتتكيف مع شكل الجسم. تزيد الاحساس بالراحة والأمان. سعر فوط ريلاكس للولادة مناسب مقارنة لفوائدها العديدة.   عن هذا المنتج      مما تتكون فوط ريلاكس فام ؟ تتميز فوط فام ريلاكس fam relax ب: سطح قطني ناعم. شريط لاصق لتثبيت الفوطة في مكانها. سعر فوط ريلاكس فام سعر فوط صحية للولادة فام ريلاكس 85 جنيه مصرى, حجم ريلاكس فوط صحية للولادة تتوفر فوط ريلاكس فام على هيئة عبوة تحتوي على 20 فوطة. يوصى باستعمال فوط صحيه ريلاكس فام فوط ريلاكس للنفاس مناسبة للاستخدام بعد فترة الولادة لامتصاص السوائل والحماية من التسرب وهي تتميز بتوفير قد عالي من الحماية والأمان بالإضافة إلى ملمسها القطني الناعم على البشرة الذي يزيد الشعور بالراحة. ماهى فوائد ريلاكس فوط بعد الولاده ؟ تساعد فوط نسائية ريلاكس على امتصاص السوائل ومنع التسرب وتوفر لكي راحة طوال اليوم. ما أفضل فوط صحية للولادة ؟ حفاضات ريلاكس دراى بوست فوط صحية",ماركة: سانيتا
20835,فيبكس | كريم مزيل عرق كلاسيك | 25مل,vebix max deo cream classic 55ye,65,EGP,فيبكس,العناية اليومية>العناية بالجسم و الاستحمام,in stock,https://chefaa.com:443/eg-ar/nowProduct/vebix-max-deo-cream-classic-25-55ye,https://cdn.chefaa.com/filters:format(webp)/public/uploads/products/vebix-max-deo-cream-classic-25-jut8-01655374613.png,https://cdn.chefaa.com/filters:format(webp)/public/uploads/products/vebix-max-deo-cream-classic-25-jut8-01655374613.png,مميزات المنتج   يتميز فيبكس كريم مزيل عرق بما يلي: يساعد على التخلص من رائحة العرق. يقلل من تكون الجراثيم والبكتيريا. خالي من الكحول والألومنيوم ولا يسبب الاسمرار. لا يسد مسام البشرة. له قوام كريمي مميز. سعر مزيل العرق vebix في مصر مناسب مقارنة بفوائده العديدة.   عن هذا المنتج     مكونات كريم فيبكس للرجال والنساء   يحتوي كريم فيبكس للرجال والنساء على:  اللانولين: يعمل كمرطب وملطف للبشرة.  زيت الخروع المهدرج: يساعد على التخلص من البكتيريا والجراثيم.  زنك أوكسيد: يرطب البشرة ويخفف الالتهابات.  السيليكا: تحسن ملمس البشرة وترطبها.  حجم vebix deodorant cream  يتوفر vebix deodorant cream بحجم 25 جم وحجم 10 جم.  يوصى باستعمال فيبكس كريم مزيل عرق ل   فيبكس كريم مزيل عرق مناسب للتخلص من رائحة العرق والحفاظ على رائحة تحت الإبط نظيفة ومنعشة.  ما هى طريقة استخدام فيبكس ؟  يوضع كمية مناسبة من الكريم على بشرة نظيفة وجافة  تُدلك البشرة بلطف حتى يتم امتصاص الكريم.  ما هى اضرار كريم فيبكس ؟  لا توجد أضرار تذكر للمنتج ولكن من ضمن عيوبه أنه قد يسبب ملمسًا دهنيًا على البشرة ولا يتم امتصاصه بسهولة.  ما الفرق بين فيبكس الازرق والاخضر؟ فيبكس الأزرق مخصص للرجال أما فيبكس الأخضر يمكن استخدامه من قبل السيدات والرجال معاً.  ما هى أنواع فيبكس كريم مزيل عرق ؟  فيبكس الأخضر كلاسيك.  فيبكس الأزرق.  فيبكس الوردي.,ماركة: فيبكس
6076,فلورو | معجون اسنان للاطفال بطعم الكولا | 50جم,fluoro kids toothpaste with cola flavour fg3f,30,EGP,إيڤا,العناية اليومية>العناية بالفم و الاسنان,in stock,https://chefaa.com:443/eg-ar/nowProduct/fluoro-kids-toothpaste-with-cola-flavour-50-gm-fg3f,https://cdn.chefaa.com/filters:format(webp)/public/uploads/products/fluoro-kids-toothpaste-with-cola-flavour-50-gm-fg3f-01722763256.png,https://cdn.chefaa.com/filters:format(webp)/public/uploads/products/fluoro-kids-toothpaste-with-cola-flavour-50-gm-fg3f-01722763256.png,مميزات المنتج   يتميز فلورو معجون اسنان اطفال بما يلي: يحتوي على تركيبة خاصة تساعد على تقوية الأسنان والوقاية من التسوس. يحتوي على الفلورايد الذي يساعد على تقوية المينا والحماية من التسوس. يتمتع بخصائص مضادة للبكتيريا والروائح الكريهة للفم. لطيف على اللثة والأسنان الحساسة لدى الأطفال. يأتي بأطعمة مختلفة ومحببة لدى الأطفال. سعر فلورو معجون اسنان اطفال مناسب مقارنة بحجمه وفوائده العديدة.   عن هذا المنتج     مكونات فلورو معجون اسنان اطفال   يحتوي فلورو معجون على:  فيتامين ه: يعزز صحة الفم واللثة ويقلل من تكون البكتيريا.  الكالسيوم: يقوي مينا الأسنان ويحافظ على صحتها.  الفلورايد: يحافظ على صحة الأسنان واللثة ويحمي من التسوس.  حجم fluoro kids tooth paste  يتوفر fluoro kids tooth paste بحجم 50 جم.  سعر فلورو معجون اسنان اطفال   يتوفر فلورو معجون اسنان اطفال بسعر يتراوح بين 20 إلى 30 جنيه مصري.  يوصى باستعمال فلورو معجون اسنان اطفال ل  معجون فلورو مناسب للحفاظ على صحة أسنان الطفل وحمايتها من التسوس والتكسر، وكذلك الوقاية من التهابات اللثة ويتميز بنكهاته المميزة المحببة لدى الأطفال.,ماركة: إيڤا
46522,مود | هاند ووش سانتوريني | 500مل,mood santorini hand wash 500ml fekb_duHP5y1r,59,EGP,مود,العناية اليومية>الحماية,in stock,https://chefaa.com:443/eg-ar/nowProduct/mood-santorini-hand-wash-500ml-fekb_duHP5y1r,https://cdn.chefaa.com/filters:format(webp)/public/uploads/products/mood-santorini-hand-wash-500ml-jcjq-01704123947.png,https://cdn.chefaa.com/filters:format(webp)/public/uploads/products/mood-santorini-hand-wash-500ml-jcjq-01704123947.png,مميزات المنتج   مود | هاند ووش سانتوريني | 500مل,ماركة: مود
46349,كير أند مور | سوفت كريم مرطب للبشرة الجافة بالجلسرين والفراولة | 125مل,care more soft cream with glycerin deep moisturizing strawbery 75ml ie2e_duDlS6Wr_durgpX0A,62,EGP,كير & مور,العناية اليومية>العناية بالجسم و الاستحمام,in stock,https://chefaa.com:443/eg-ar/nowProduct/care-more-soft-cream-with-glycerin-deep-moisturizing-strawbery-75ml-ie2e_duDlS6Wr_durgpX0A,https://cdn.chefaa.com/filters:format(webp)/public/uploads/products/care-more-soft-cream-with-glycerin-deep-moisturizing-strawbery-75ml-b6pa-01675845540.png,https://cdn.chefaa.com/filters:format(webp)/public/uploads/products/care-more-soft-cream-with-glycerin-deep-moisturizing-strawbery-75ml-b6pa-01675845540.png,مميزات المنتج   يوفر ترطيب عميق لبشرة اليدين والجسم والوجه ويحميها من الجفاف والتشققات لفترة طويلة. يعمل على تغذية البشرة. يعمل على حماية البشرة من العوامل البيئية الضارة. يُكسب البشرة مزيد من النعومة والنضارة والحيوية.  مناسب للاستخدام اليومي في كل الفصول. مناسب للوجه والجسم واليدين. مناسب للبشرة الجافة. تم اختباره من قبل أطباء الجلدية. يتميز برائحة الفراولة المميزة. يتميز بحجمه الصغير مما يسهل حمله واستخدامه خلال السفر والتنقلات.   عن هذا المنتج     مكونات سوفت كريم للبشرة الجافة من كير أند مور: الجليسرين: يعمل على ترطيب البشرة وحمايتها من الجفاف والتشققات. خلاصة الصبار: لها خصائص مضادة للالتهابات وتعمل على تهدئة وترطيب البشرة. زيت اللوز: له خصائص مضادة للأكسدة ويعمل على ترطيب البشرة ومدها بفيتامينات أ و هـ. فيتامين هـ: له خصائص مضادة للأكسدة ويساعد فى الحفاظ على رطوبة الجلد وتحفيز تجدد خلايا البشرة. الفراولة. حجم Care & More Soft Cream with Glycerin and Strawberry: يتوفر بحجم 125 مل. يوصي به: الكريم مناسب للبشرة الجافة حيث يعمل على ترطيب البشرة بعمق وحمايتها من الجفاف والتشققات والعوامل البيئية الضارة.,ماركة: كير & مور
1844,ليسترين | غسول الفم نعناع بارد | 250مل,listerine tartar control antiseptic mouthwash cool mint 500ml,130,EGP,ليسترين,العناية اليومية>,in stock,https://chefaa.com:443/eg-ar/nowProduct/listerine-tartar-control-antiseptic-mouthwash-cool-mint-500ml,https://cdn.chefaa.com/filters:format(webp)/public/uploads/products/listerine-tartar-control-antiseptic-mouthwash-cool-mint-500ml-01663082236.png,https://cdn.chefaa.com/filters:format(webp)/public/uploads/products/listerine-tartar-control-antiseptic-mouthwash-cool-mint-500ml-01663082236.png,مميزات المنتج   ليسترين | غسول الفم نعناع بارد | 250مل   عن هذا المنتج     ﻿ ﻿ ﻿ ﻿ ﻿ ﻿ ﻿ ﻿ يتميز غسول الفم  ليسترين  للتحكم المتطور بالجير بتصميم مُخصص لتقليل تراكم الجير للمساعدة في منع بقع الأسنان والحفاظ على الأسنان بيضاء بشكل طبيعي، فهو يمنع ويقلل من البلاك والتهاب اللثة، ويحارب البكتيريا بين الأسنان وينعش التنفس .  استكمل عملية تنظيف الفم مع غسول الفم  ليسترين  لتحكم متطور بالجير. المكونات: أكوا، الكحول، السوربيتول، Poloxamer 407، حمض البنزويك، كلوريد الزنك، الأوكالبتول، ميثيل ساليسيلات ، ثيمول، بنزوات الصوديوم ، المنثول، سوكرالوسي، أروما، السكرين الصوديوم، CI 42090,ماركة: ليسترين
1156,دوف | مزيل العرق ومضاد التعرق الاصلي | 150مل,dove antiperspirant deaodorant original spray,195,EGP,دوف,العناية اليومية>العناية النسائية,in stock,https://chefaa.com:443/eg-ar/nowProduct/dove-antiperspirant-deaodorant-original-spray,https://cdn.chefaa.com/filters:format(webp)/public/uploads/products/dove-antiperspirant-deaodorant-original-spray-01720884158.png,https://cdn.chefaa.com/filters:format(webp)/public/uploads/products/dove-antiperspirant-deaodorant-original-spray-01720884158.png,مميزات المنتج   ﻿﻿يوفر رعاية فائقة للابطين﻿,ماركة: دوف
621,أوروفكس | غسول الفم بالفراوله | 250مل,generic orovex strawberry mouthwash,85,EGP,ماكرو للأدوية,العناية اليومية>العناية بالفم و الاسنان,in stock,https://chefaa.com:443/eg-ar/nowProduct/generic-orovex-strawberry-mouthwash-250-ml,https://cdn.chefaa.com/filters:format(webp)/public/uploads/products/generic-orovex-strawberry-mouthwash-250-ml-01664284239.png,https://cdn.chefaa.com/filters:format(webp)/public/uploads/products/generic-orovex-strawberry-mouthwash-250-ml-01664284239.png,"مميزات المنتج   أوروفكس غسول وغرغرة للفم Orovex MouthWash يحتوي على تركيبة فريدة ومتميزة تساعد على التخلص من البكتيريا الضارة وتعمل على تطهير الفم وعلاج الالتهابات والقضاء على رائحة الفم الكريهة.   عن هذا المنتج     مكونات غسول أوروفكس للفم:  يحتوي على العديد من المكونات الطبيعية المطهرة والمنعشة للفم منها:  الجلسرين ذو التأثير المرطب.  خلاصة الزعتر.  خلاصة النعناع.  مادة الكلوروهيكسيدين التي تعمل على تعقيم الفم واللثة وعلاج القرح والتخلص من رائحة الفم الكريهة.  مميزات غسول الفم أوروفكس Orovex:  يستخدم في تبييض الأسنان.  علاج تقرحات الفم والتخلص منها.  يحتوي على العديد من المكونات المنعشة التي تساعد في القضاء على رائحة الفم الكريهة.  ينظف الأسنان من الترسبات والجير المتراكم عليها.  يعطي إحساس منعش للفم.  يتوفر بنكهات مختلفة تناسب جميع الأذواق.  يمكن استخدام في روتين العناية اليومية للفم والأسنان.  يعمل على تقوية اللثة وعلاج الأمراض الخاصة بها كنزيف اللثة.  يقضي على البكتيريا الضارة في الفم.  يقضي على إفرازات الفم الكريهة والغير مرغوب بها.  علاج القرح الناتجة عن أطقم الأسنان.  طريقة استعمال غسول Orovex أوروفكس لتعقيم الفم واللثة:  يتم أخذ مقدار ملعقة بدون تخفيف والمضمضة بها لمدة لا تقل عن دقيقة.  يفضل استخدامه بمعدل 1-2 مرات في اليوم للحصول على أفضل النتائج.  يستخدم للأطفال من عمر 3 سنوات.  في حالة البلع يجب التوجه لأقرب طبيب وبلع كميات وفيرة من الماء.  يجب عدم تناول الماء أو الطعام لمدة لا تقل عن 30 دقيقة بعد استخدام الغسول للقيام بدوره على أكمل وجه والقضاء على البكتيريا.  الآثار الجانبية لاستخدام غسول أوروفكس Orovex MouthWash:  لا توجد أي آثار جانبية أو سلبية تذكر من استخدام غسول أوروفكس.  موانع استخدام أوروفكس غسول:  لا يستخدم في حالة الحساسية للمادة الفعالة المستخدمة في تركيب الغسول أو في حالة وجود قروح أو جروح مفتوحة.  لا ينصح باستخدامه بعد الخضوع لعمليات جراحية داخل الفم إلا بعد الرجوع لإشراف الطبيب.  حجم وسعر أوروفكس مضمضة للفم:  يتوافر Orovex Mouth Wash بحجم 250 مللي بأطعم ونكهات مختلفة (البرتقال- الفراولة- القرنفل- النعناع- التفاح الأخضر) بسعر 40 جنيه.  في حين يتوفر Orovex- H Mouth Wash بحجم 150 مللي بسعر 65 جنيه.  كما يتوفر غسول الفم Orovex Delicate بحجم 250 مللي وبسعر 40 جنيه.   "" قد يتغير السعر من مكان لآخر ومن وقت لآخر"".  أنواع غسولات الفم:  غسول الفم المضاد للبكتيريا: والتي تحتوي على مادة أكسيد الكلور والكلورهكسيدين التي تعمل على البكتيريا التي تسبب حدوث رائحة الفم الكريهة ويؤدي استخدامها لفترات طويلة إلى تحول لون الأسنان إلى اللون البني ويحتاج إلى وصفة طبية.  الغسول المعقم للفم: لا يحتاج إلى وصفة طبية ويحتوي على المنثول والميثيل واليوكاليبتول والثيمول والساليسسلات بجانب قليل من الكحول ويعمل على التخلص من طبقات الجير المتراكمة على الأسنان والقضاء على الالتهابات والتقرحات التي تصيب الفم.  الغسول العادي أو التجميلي: لا يوفر نفس مستوى الحماية ولا يعمل على الوقاية من التسوس كباقي الأنواع فهو يستخدم لإخفاء رائحة الفم الكريهة لفترة تتراوح بين 10 دقائق -3 ساعات.",ماركة: ماكرو للأدوية
5924,ايفا سموكرز بودرة تنظيف الأسنان بنكهة الفلورايد | 40جم,eva smokers tooth powder with fluoride flavor sod3,50,EGP,إيڤا,العناية اليومية>,in stock,https://chefaa.com:443/eg-ar/nowProduct/eva-smokers-tooth-powder-with-fluoride-flavor-40-gm-sod3,https://cdn.chefaa.com/filters:format(webp)/public/uploads/products/1619718809eva-smokers-tooth-powder-with-fluoride-flavor-40gm-chefaajpg,https://cdn.chefaa.com/filters:format(webp)/public/uploads/products/1619718809eva-smokers-tooth-powder-with-fluoride-flavor-40gm-chefaajpg,مميزات المنتج   تتميز ايفا سموكرز بودرة تنظيف الأسنان بما يلي: تساعد على إزالة البقع وتصبغات الأسنان التي تحدث نتيجة التدخين وكثرة شرب القهوة. تحافظ على صحة الأسنان وتحمي من ألم والتهاب الأسنان. تتوفر بنكهات مختلفة لتناسب الأذواق المتعددة. تساعدك للحصول على أسنان بيضاء ونظيفة. تحمي من التسوس وتكسبك إحساساً بالانتعاش. لا تسبب ضرراً لمينا الأسنان. سعر ايفا سموكرز بودرة تنظيف الأسنان مناسب مقارنة بفوائدها العديدة.   عن هذا المنتج     مكونات ايفا سموكرز بودرة تنظيف الأسنان   تختلف المكونات بين الأنواع المختلفة لبودرة إيفا للأسنان، وتشمل:   بيكربونات الصوديوم: تساعد على تبييض الأسنان وتقليل البقع.  الفحم النشط: يساهم في علاج اصفرار الأسنان والحصول على أسنان أكثر بياضاً.  طين البنتونيت: يحافظ على صحة الأسنان واللثة، ويقلل فرص تكون البكتيريا والفطريات.  المسواك.  المنتول.  حجم eva smokers tooth powder   تتوفر eva smokers tooth powder بحجم 40 جم.  يوصى باستعمال ايفا سموكرز بودرة تنظيف الأسنان ل  بودرة ايفا سموكرز مناسبة لمن يعانون من اصفرار وتصبغات الأسنان، فهي تساعد على تبييض الأسنان وعلاج البقع وكذلك تعطي رائحة جميلة ومنعشة للفم.  ما هي أنواع ايفا سموكرز بودرة تنظيف الأسنان؟  بودرة بنكهة القرنفل.  بودرة بنكهة المينتول.  بودرة ايفا بالفلورين.  ايفا سموكرز بالمسواك.,ماركة: إيڤا
55313,ايفا | لوشن ريسيبي للبشرة العادية برائحة الفانيليا | 370مل,eva recipe lotion for sensitive skin vanilia 370K1Tw,175,EGP,إيڤا,العناية اليومية>,in stock,https://chefaa.com:443/eg-ar/nowProduct/eva-recipe-lotion-for-sensitive-skin-vanilia-370K1Tw,https://cdn.chefaa.com/filters:format(webp)/public/uploads/products/eva-recipe-lotion-for-sensitive-skin-vanilia-370k1tw-01732737762.png,https://cdn.chefaa.com/filters:format(webp)/public/uploads/products/eva-recipe-lotion-for-sensitive-skin-vanilia-370k1tw-01732737762.png,مميزات المنتج   ايفا | لوشن ريسيبي للبشرة العادية برائحة الفانيليا | 370مل,ماركة: إيڤا
20917,ديتول صابونة مضادة للبكتيريا للعناية بالبشرة | 85جم,dettol skin care anti bacterial bathing soap bar 85gm nbrr,26,EGP,ديتول,العناية اليومية>الحماية,in stock,https://chefaa.com:443/eg-ar/nowProduct/dettol-skin-care-anti-bacterial-bathing-soap-bar-85gm-nbrr,https://cdn.chefaa.com/filters:format(webp)/public/uploads/products/dettol-skin-care-anti-bacterial-bathing-soap-bar-85gm-nbrr-01721729590.png,https://cdn.chefaa.com/filters:format(webp)/public/uploads/products/dettol-skin-care-anti-bacterial-bathing-soap-bar-85gm-nbrr-01721729590.png,مميزات المنتج   ديتول صابونة مضادة للبكتيريا للعناية بالبشرة | 85جم,ماركة: ديتول
46405,لونا | كريم منعم ومرطب بالكولاجين وفيتامين اى | 50جم,luna emollient soft cream collagen vitamin 50gm gdrf_duWdPHlj,32,EGP,لونا,العناية اليومية>العناية بالجسم و الاستحمام,in stock,https://chefaa.com:443/eg-ar/nowProduct/luna-emollient-soft-cream-collagen-vitamin-e-50gm-gdrf_duWdPHlj,https://cdn.chefaa.com/filters:format(webp)/public/uploads/products/luna-emollient-soft-cream-collagen-vitamin-e-50gm-vizi-01701770805.png,https://cdn.chefaa.com/filters:format(webp)/public/uploads/products/luna-emollient-soft-cream-collagen-vitamin-e-50gm-vizi-01701770805.png,مميزات المنتج   لونا | كريم منعم ومرطب بالكولاجين وفيتامين اى | 50جم,ماركة: لونا
47665,كوكو | مجموعة شرائح شمع برائحة الافوكادو | 10قطع,coco wax strips avocado 10pcs mrvy,85,EGP,كوكو,العناية اليومية>العناية بالجسم و الاستحمام,in stock,https://chefaa.com:443/eg-ar/nowProduct/coco-wax-strips-avocado-10pcs-mrvy,https://cdn.chefaa.com/filters:format(webp)/public/uploads/products/coco-wax-strips-avocado-10pcs-ykqf-01726582452.png,https://cdn.chefaa.com/filters:format(webp)/public/uploads/products/coco-wax-strips-avocado-10pcs-ykqf-01726582452.png,مميزات المنتج   كوكو | مجموعة شرائح شمع برائحة الافوكادو | 10قطع,ماركة: كوكو
620,اوروفكس | غسول الفم بالنعناع | 250مل,generic orovex peppermint mouthwash,85,EGP,ماكرو للأدوية,العناية اليومية>العناية بالفم و الاسنان,in stock,https://chefaa.com:443/eg-ar/nowProduct/generic-orovex-peppermint-mouthwash-250-ml,https://cdn.chefaa.com/filters:format(webp)/public/uploads/products/generic-orovex-peppermint-mouthwash-250-ml-01664283917.png,https://cdn.chefaa.com/filters:format(webp)/public/uploads/products/generic-orovex-peppermint-mouthwash-250-ml-01664283917.png,"مميزات المنتج   أوروفكس غسول وغرغرة للفم Orovex MouthWash يحتوي على تركيبة فريدة ومتميزة تساعد على التخلص من البكتيريا الضارة وتعمل على تطهير الفم وعلاج الالتهابات والقضاء على رائحة الفم الكريهة.   عن هذا المنتج     مكونات غسول أوروفكس للفم:  يحتوي على العديد من المكونات الطبيعية المطهرة والمنعشة للفم منها:  الجلسرين ذو التأثير المرطب.  خلاصة الزعتر.  خلاصة النعناع.  مادة الكلوروهيكسيدين التي تعمل على تعقيم الفم واللثة وعلاج القرح والتخلص من رائحة الفم الكريهة.  مميزات غسول الفم أوروفكس Orovex:  يستخدم في تبييض الأسنان.  علاج تقرحات الفم والتخلص منها.  يحتوي على العديد من المكونات المنعشة التي تساعد في القضاء على رائحة الفم الكريهة.  ينظف الأسنان من الترسبات والجير المتراكم عليها.  يعطي إحساس منعش للفم.  يتوفر بنكهات مختلفة تناسب جميع الأذواق.  يمكن استخدام في روتين العناية اليومية للفم والأسنان.  يعمل على تقوية اللثة وعلاج الأمراض الخاصة بها كنزيف اللثة.  يقضي على البكتيريا الضارة في الفم.  يقضي على إفرازات الفم الكريهة والغير مرغوب بها.  علاج القرح الناتجة عن أطقم الأسنان.  طريقة استعمال غسول Orovex أوروفكس لتعقيم الفم واللثة:  يتم أخذ مقدار ملعقة بدون تخفيف والمضمضة بها لمدة لا تقل عن دقيقة.  يفضل استخدامه بمعدل 1-2 مرات في اليوم للحصول على أفضل النتائج.  يستخدم للأطفال من عمر 3 سنوات.  في حالة البلع يجب التوجه لأقرب طبيب وبلع كميات وفيرة من الماء.  يجب عدم تناول الماء أو الطعام لمدة لا تقل عن 30 دقيقة بعد استخدام الغسول للقيام بدوره على أكمل وجه والقضاء على البكتيريا.  الآثار الجانبية لاستخدام غسول أوروفكس Orovex MouthWash:  لا توجد أي آثار جانبية أو سلبية تذكر من استخدام غسول أوروفكس.  موانع استخدام أوروفكس غسول:  لا يستخدم في حالة الحساسية للمادة الفعالة المستخدمة في تركيب الغسول أو في حالة وجود قروح أو جروح مفتوحة.  لا ينصح باستخدامه بعد الخضوع لعمليات جراحية داخل الفم إلا بعد الرجوع لإشراف الطبيب.  حجم وسعر أوروفكس مضمضة للفم:  يتوافر Orovex Mouth Wash بحجم 250 مللي بأطعم ونكهات مختلفة (البرتقال- الفراولة- القرنفل- النعناع- التفاح الأخضر) بسعر 40 جنيه.  في حين يتوفر Orovex- H Mouth Wash بحجم 150 مللي بسعر 65 جنيه.  كما يتوفر غسول الفم Orovex Delicate بحجم 250 مللي وبسعر 40 جنيه.   "" قد يتغير السعر من مكان لآخر ومن وقت لآخر"".  أنواع غسولات الفم:  غسول الفم المضاد للبكتيريا: والتي تحتوي على مادة أكسيد الكلور والكلورهكسيدين التي تعمل على البكتيريا التي تسبب حدوث رائحة الفم الكريهة ويؤدي استخدامها لفترات طويلة إلى تحول لون الأسنان إلى اللون البني ويحتاج إلى وصفة طبية.  الغسول المعقم للفم: لا يحتاج إلى وصفة طبية ويحتوي على المنثول والميثيل واليوكاليبتول والثيمول والساليسسلات بجانب قليل من الكحول ويعمل على التخلص من طبقات الجير المتراكمة على الأسنان والقضاء على الالتهابات والتقرحات التي تصيب الفم.  الغسول العادي أو التجميلي: لا يوفر نفس مستوى الحماية ولا يعمل على الوقاية من التسوس كباقي الأنواع فهو يستخدم لإخفاء رائحة الفم الكريهة لفترة تتراوح بين 10 دقائق -3 ساعات.",ماركة: ماكرو للأدوية
46440,برايفت | ماكسي فوطة سوبر | 26فوطة,private maxi pocket super 26pads jwq5_dukZ8vEC,98,EGP,برايفت,العناية اليومية>العناية النسائية,in stock,https://chefaa.com:443/eg-ar/nowProduct/private-maxi-pocket-super-26pads-jwq5_dukZ8vEC,https://cdn.chefaa.com/filters:format(webp)/public/uploads/products/private-maxi-pocket-super-26pads-xujm-01703421132.png,https://cdn.chefaa.com/filters:format(webp)/public/uploads/products/private-maxi-pocket-super-26pads-xujm-01703421132.png,مميزات المنتج   برايفت | ماكسي فوطة سوبر | 26فوطة,ماركة: برايفت
18111,مزيل عرق نيفيا للرجال سبراى ديب الكربون الاسود والاسبريسو | 150 مل,nivea deodorant for men deep espresso spray 150ml l2ht,192,EGP,نيفيا,العناية اليومية>العناية الرجالية,in stock,https://chefaa.com:443/eg-ar/nowProduct/nivea-deodorant-for-men-deep-espresso-spray-150ml-l2ht,https://cdn.chefaa.com/filters:format(webp)/public/uploads/products/nivea-deodorant-for-men-deep-espresso-spray-150ml-ofjr-01653321817.png,https://cdn.chefaa.com/filters:format(webp)/public/uploads/products/nivea-deodorant-for-men-deep-espresso-spray-150ml-ofjr-01653321817.png,مميزات المنتج   يتميز مزيل عرق نيفيا للرجال بما يلي: يساعد على الحماية من العرق لمدة تدوم حتى 48 ساعة. خالي من الكحول ولا يسبب التهابات البشرة. مناسب لجميع أنواع البشرة. يمنح إحساساً بالانتعاش والنظافة. سعر مزيل عرق نيفيا للرجال مناسب مقارنة بفوائده العديدة   عن هذا المنتج     مكونات مزيل عرق نيفيا للرجال يحتوي مزيل عرق نيفيا للرجال على  كلوروهيدرات الألومنيوم: تساعد على التخلص من العرق.  حجم nivea men deep  يتوفر nivea men deep بحجم 50 مل.  يوصى باستعمال nivea مزيل عرق ل  يعد nivea مزيل عرق مناسب لجميع أنواع البشرة فهو يساعد على حماية البشرة من التعرق والالتهابات والحفاظ على الجلد جاف ومنتعش.,ماركة: نيفيا
31833,اولويز | فوط صحية ليلية ماكسي سميكة طويلة جدا دريمز | 24فوطة,always dreamzzz maxi thick extra long night pads 24pads mxza,105,EGP,أولويز,العناية اليومية>,in stock,https://chefaa.com:443/eg-ar/nowProduct/always-dreamzzz-maxi-thick-extra-long-night-pads-24pads-mxza,https://cdn.chefaa.com/filters:format(webp)/public/uploads/products/always-dreamzzz-maxi-thick-extra-long-night-pads-24pads-wlrq-01694962001.png,https://cdn.chefaa.com/filters:format(webp)/public/uploads/products/always-dreamzzz-maxi-thick-extra-long-night-pads-24pads-wlrq-01694962001.png,مميزات المنتج   اولويز | فوط صحية ليلية ماكسي سميكة طويلة جدا دريمز | 24فوطة,ماركة: أولويز
53691,تيمو رات غراء للفئران | 60جم,temo USiz,80,EGP,No Brand,العناية اليومية>الحماية,in stock,https://chefaa.com:443/eg-ar/nowProduct/temo-go--USiz,https://cdn.chefaa.com/filters:format(webp)/public/uploads/products/temo-go-usiz-01733147729.png,https://cdn.chefaa.com/filters:format(webp)/public/uploads/products/temo-go-usiz-01733147729.png,مميزات المنتج   تيمو رات غراء للفئران | 60جم,raw_specs: المواصفات
20987,سيلك بلاست | شريط لاصق | 2سم,silk plast adhesive tape 2cm tayr,12,EGP,No Brand,العناية اليومية>الحماية,in stock,https://chefaa.com:443/eg-ar/nowProduct/silk-plast-adhesive-tape-2cm-tayr,https://cdn.chefaa.com/filters:format(webp)/public/uploads/products/silk-plast-adhesive-tape-2cm-5nre-01655655836.png,https://cdn.chefaa.com/filters:format(webp)/public/uploads/products/silk-plast-adhesive-tape-2cm-5nre-01655655836.png,مميزات المنتج   سيلك بلاست | شريط لاصق | 2سم   عن هذا المنتج     سيلك بلاست | شريط لاصق | 2سم,raw_specs: المواصفات
18048,مزيل عرق نيفيا للرجال رول اون الازرق دراي امباكت | 50 مل,nivea men dry impact antiperspirant for men roll 50ml e84h,75,EGP,نيفيا,العناية اليومية>العناية الرجالية,in stock,https://chefaa.com:443/eg-ar/nowProduct/nivea-men-dry-impact-antiperspirant-for-men-roll-on-50ml-e84h,https://cdn.chefaa.com/filters:format(webp)/public/uploads/products/nivea-men-dry-impact-antiperspirant-for-men-roll-on-50ml-e84h-01655203512.png,https://cdn.chefaa.com/filters:format(webp)/public/uploads/products/nivea-men-dry-impact-antiperspirant-for-men-roll-on-50ml-e84h-01655203512.png,"مميزات المنتج   يتميز مزيل عرق نيفيا للرجال رول اون الازرق (nivea dry impact roll on) بما يلي: يمنح تأثيرًا فعالًا في التخلص من التعرق الزائد والرائحة غير المرغوب فيها. يتميز بتركيبة منعشة ومناسبة للاستخدام اليومي. تأثيره طويل الأمد يدوم حتى 48 ساعة. يسهل استخدامه بفضل تصميم الرول أون العملي والسهل التطبيق. يمتص بسرعة دون ترك أي بقايا دهنية على الجلد. يترك البشرة منتعشة طوال اليوم. يأتي بحجم صغير ومناسب للحمل في الحقيبة أو الجيب. سعر مزيل عرق نيفيا رول اون الأزرق مناسب مقارنة بحجمه وفوائده العديدة.   عن هذا المنتج     مكونات مزيل عرق نيفيا للرجال  يحتوي مزيل عرق نيفيا للرجال على:  ألومنيوم كلوروهيدرات: يساعد على تقليل العرق والتخلص من الرائحة غير المرغوب فيها.  عطر: يمنح رائحة مميزة ومزيداً من الانتعاش.  حجم مزيل عرق نيفيا رول اون يتوافر nivea dry impact roll on بحجم 50 مل.  سعر نيفيا مزيل عرق للرجال  رول اون يتراوح سعر مزيل عرق نيفيا للرجال ما بين 75 إلى 90 جنيه  "" قد يتغير السعر من وقت لاخر تبعاً لتغيره فى الصيدليات "" يوصى باستعمال ديودرنت نيفيا الازرق نيفيا رول اون مناسب لمن يريدون التخلص من رائحة العرق والحصول على رائحة نظيفة ومنتعشة تدوم لفترة طويلة.  ما أنواع نيفيا مزيل عرق رول اون للرجال؟  دراي إمباكت.  فريش أكتيف.  سيلفر بروتكت.  كوول كيك.",ماركة: نيفيا
1094,ديتول | سائل مطهر أصلي | 50 مل,dettol liquid anto bacteril antiseptic disinfectant,40,EGP,ديتول,العناية اليومية>الحماية,in stock,https://chefaa.com:443/eg-ar/nowProduct/dettol-liquid-anto-bacteril-antiseptic-disinfectant,https://cdn.chefaa.com/filters:format(webp)/public/uploads/products/dettol-liquid-anto-bacteril-antiseptic-disinfectant-01738004698.png,https://cdn.chefaa.com/filters:format(webp)/public/uploads/products/dettol-liquid-anto-bacteril-antiseptic-disinfectant-01738004698.png,"عن هذا المنتج       ﻿ ﻿ ﻿ ﻿ ديتول مطهر يساعد فى القضاء على الجراثيم ويتم استخدامه على الجلد والأسطح الصلبة والملابس لتقليل خطر العدوى والإصابة ويحتوى الديتول على مكونات تقضى على مجموعة كبيرة من البكتيريا      مكونات ديتول مطهر :  يحتوى على عدة مكونات أهمها       الكلور زايلينول :  مضاد لمجموعة واسعة من البكتيريا لذا تم استخدامه على نطاق واسع لسنوات عديدة كعنصر من المنتجات المطهرة المعدة للاستخدام الخارجي   زيت الخروع   زيت الصنوبر   محلول الصودا الكاوية   كحول الأيزوبروبيل   الماء   لون    استخدامات ديتول مطهر :       سائل ديتول المطهر يقضي على العديد من البكتيريا المسببة للأمراض   مطهر لتنظيف و تطهير الجروح، الخدوش، وأماكن لدغات ولسعات الحشرات   النظافة الشخصية - للغسيل والاستحمام        طريقة استعمال ديتول سائل dettol liquid :  ديتول للجروح ، الخدوش، وأماكن لدغات ولسعات الحشرات :       لتخفيف الديتول يتم إضافة 25 ملل من ديتول إلى نصف لتر من الماء   خذ ملعقة كبيرة من الديتول المخفف و باستخدام قطنة قم بتنظيف وتطهير الجرح بالديتول   قم بوضع ضمادة جافة على الجرح بعد تنظيفه        للاستحمام والنظافة الشخصية :  أضف 25 إلى 50 ملل من الديتول إلى ماء الإستحمام.      للقشرة :       خذ ملعقة كبيرة من ديتول مخفف في نصف لتر من الماء الدافئ.    ضعها على فروة الرأس واتركها لمدة 10 دقائق ، ثم اغسل شعرك بالشامبو.        للبقع والبثور:       اغسل المنطقة المصابة يوميًا بملعقة كبيرة من ديتول مخففًا في نصف لتر من الماء الدافئ ( ليس لحالات الإكزيما).   ديتول للغسيل ( يستخدم ديتول للملابس عندما يُنصح به طبياً):   ملعقتان صغيرتان من ديتول مخففة في نصف لتر من الماء الدافئ.        ديتول للاسطح الصلبة و تنظيف الأرضيات :  أضف ٢٥ ملل من ديتول إلى ١ لتر من الماء    للمراحيض :  استخدم ديتول سائل مطهر ضد البكتيريا بدون تخفيف       تحذيرات واحتياطات عند الاستخدام :       لا تستخدم الديتول بدون تخفيف   الديتول للاستخدام الخارجي فقط.   إذا تم ابتلعه ، فاغسل الفم واشرب الكثير من الماء أو الحليب واستشر طبيبك.    إذا لامس العينين ، اغسلهما جيدًا بالماء البارد واستشر طبيبك.   أبقيه بعيدا عن متناول الأطفال.        حجم مطهر ديتول :  يتوافر ديتول منظف بحجم 50 مل      اسعار ديتول السائل :  يبلغ سعر ديتول 50 مل  في مصر حوالى 15 جنيه مصرى "" قد يختلف السعر من مكان لآخر ومن وقت لآخر ""      أنواع الديتول واستخداماته :       ديتول معقم لليدين   صابون ديتول سائل غسول لليدين   صابون ديتول غسول للجسم   صابون ديتول   منظف ديتول قوة و نقاوة متعدد الإستعمالات   بخاخ ديتول منظف للمطابخ   بخاخ ديتول منظف للحمامات   سائل ديتول مطهر   مناديل ديتول        نصائح لحماية نفسك وعائلتك من الجراثيم :       اغسل يديك :  أفضل طريقة للحماية من الإصابة بالجراثيم هي غسل يديك بعد السعال أو العطس أو لمس وجهك أو استخدام الحمام وقبل وبعد تناول الطعام       تنظيف وتطهير الأسطح:  أولاً ، نظف الأسطح ، وأزل أي ملوثات أو أتربة ويمكنك القيام بذلك عن طريق مسحها بالماء والصابون (أو بخاخ التنظيف) ومنشفة ثم قم بعد ذلك بمسحها بمطهر الأسطح       تنظيف المطبخ :     الإسفنجات والأقمشة الرطبة تعمل بمثابة أرض خصبة لتكاثر الجراثيم إذا لم يتم تنظيفها وتخزينها بشكل صحيح. ، لذا من المهم تطهير إسفنجة أو قطعة قماش مطبخك بعد الاستخدام ، وتغييرها بانتظام       يتلامس حوض المطبخ مع الكثير من الجراثيم التي قد تكون ضارة.لذا قم بتطهير الحوض والصنبور والأسطح المحيطة بانتظام لمنع تراكم الجراثيم الضارة.    قم بتنظيف وتعقيم الصندوق بانتظام من الداخل والخارج ، وتذكر أن تغسل يديك بعد إفراغ كيس القمامة.     تنظيف الحمام :     قم بمسح الأحواض ومقاعد المراحيض والصنابير بانتظام باستخدام منظفات مطهرة أو مناديل لقتل الجراثيم   نظف يديك جيدًا بعد استخدام المرحاض للتخلص من أي جراثيم ومنع انتقال المرض المحتمل بين أفراد الأسرة. ﻿",ماركة: ديتول
21015,معجون سنسوداين بالفلورايد | 20مل,sensodyne fluoride 20ml gro0,32,EGP,سنسوداين,العناية اليومية>العناية بالفم و الاسنان,in stock,https://chefaa.com:443/eg-ar/nowProduct/sensodyne-fluoride-20ml-gro0,https://cdn.chefaa.com/filters:format(webp)/public/uploads/products/sensodyne-fluoride-20ml-gro0-01655812148.png,https://cdn.chefaa.com/filters:format(webp)/public/uploads/products/sensodyne-fluoride-20ml-gro0-01655812148.png,مميزات المنتج   يتميز معجون سنسوداين الاصلي بما يلي: يساعد على إزالة تراكم البلاك وتبييض الأسنان. يحافظ على صحة اللثة. يحمي من حساسية الأسنان. يوفر نظافة فعالة مع أقل نسبة من التآكل. يعطي شعوراً بالنظافة والانتعاش. سعر معجون اسنان سنسوداين مناسب مقارنة بفوائده العديدة.   عن هذا المنتج     مكونات معجون سنسوداين الاصلي     يحتوي معجون سنسوداين الاصلي على:  فلوريد الصوديوم: يدعم تمعدن الأسنان ويقي من تسوسها.  حجم sensodyne toothpaste   يتوفر sensodyne toothpaste بحجم 20 مل و50 مل و75 مل.  يوصى باستعمال معجون الاسنان سنسوداين ل   معجون الاسنان سنسوداين مناسب للأسنان الحساسة فهو يساعد على تنظيف الأسنان وإزالة تراكم الجير، وكذلك يحمي من التهابات اللثة وحساسية الأسنان.  ما هو افضل نوع معجون من سنسوداين؟  معجون سنسوداين مفعول سريع.  معجون سنسوداين حماية متكاملة.  معجون سنسوداين للتبييض.  معجون سنسوداين بالفلورايد.  هل سنسوداين للاستخدام اليومي؟  نعم يستخدم سنسوداين مرتين يومياً.  ما هى فوائد معجون سنسوداين ؟  يساعد على تنظيف الأسنان والتخلص من الجير.  يحمي من حساسية الأسنان والتهابات اللثة.  يحافظ على صحة الأسنان ويحميها من التآكل.  يحارب تسوس الأسنان.  ما هى أضرار معجون سنسوداين ؟  لا توجد أضرار لمعجون سنسوداين ولكن قد يسبب الحساسية في حالة فرط الحساسية تجاه أحد مكوناته أو استخدامه أكثر من اللازم.  ما هى أنواع  معجون سنسوداين ؟  معجون سنسوداين لحساسية اللثة.   معجون سنسوداين المطور ترميم وحماية.   سنسوداين المطور ترميم وحماية انتعاش زائد.  سنسوداين حماية متكاملة.  سنسوداين مفعول سريع.  سنسوداين تنظيف عميق.   سنسوداين العادي.  سنسوداين فلوريد.,ماركة: سنسوداين
233,مزيل عرق نيفيا للرجال سبراي ديب دراي اند كلين | 150 مل,nivea deep anti perspirant for men 150ml,150,EGP,نيفيا,العناية اليومية>العناية الرجالية,in stock,https://chefaa.com:443/eg-ar/nowProduct/nivea-deep-anti-perspirant-for-men-150ml,https://cdn.chefaa.com/filters:format(webp)/public/uploads/products/nivea-deep-anti-perspirant-for-men-150ml-01668074861.png,https://cdn.chefaa.com/filters:format(webp)/public/uploads/products/nivea-deep-anti-perspirant-for-men-150ml-01668074861.png,مميزات المنتج   يتميز مزيل عرق نيفيا للرجال بما يلي: يساعد على الحماية من العرق لمدة تدوم حتى 48 ساعة. خالي من الكحول ولا يسبب التهابات البشرة. مناسب لجميع أنواع البشرة. يمنح إحساساً بالانتعاش والنظافة. سعر مزيل عرق نيفيا للرجال مناسب مقارنة بفوائده العديدة   عن هذا المنتج     مكونات مزيل عرق نيفيا للرجال  يحتوي مزيل عرق نيفيا للرجال على  كلوروهيدرات الألومنيوم: تساعد على التخلص من العرق.  حجم nivea men deep  يتوفر nivea men deep بحجم 50 مل.  يوصى باستعمال nivea مزيل عرق ل  يعد nivea مزيل عرق مناسب لجميع أنواع البشرة فهو يساعد على حماية البشرة من التعرق والالتهابات والحفاظ على الجلد جاف ومنتعش.,ماركة: نيفيا
45138,دوركو ماكينة حلاقة ايف 2 للاستعمال مرة واحدة | 5+1 فري,dorco eve disposable razor free zz7r,25,EGP,No Brand,العناية اليومية>العناية النسائية,in stock,https://chefaa.com:443/eg-ar/nowProduct/dorco-eve-2-disposable-razor-51-free-zz7r,https://cdn.chefaa.com/filters:format(webp)/public/uploads/products/dorco-eve-2-disposable-razor-51-free-qtgi-01724668004.png,https://cdn.chefaa.com/filters:format(webp)/public/uploads/products/dorco-eve-2-disposable-razor-51-free-qtgi-01724668004.png,مميزات المنتج   دوركو ماكينة حلاقة ايف 2 للاستعمال مرة واحدة | 5+1 فري,raw_specs: المواصفات
21843,جيليت | ماكينة حلاقة للاستخدام مرة واحدة بجل مريح بلو 3 | 3 قطع,gillette blue3 disposable shaving razor with comfort gel 3pcs ekn8,160,EGP,جيليت,العناية اليومية>العناية الرجالية,in stock,https://chefaa.com:443/eg-ar/nowProduct/gillette-blue3-disposable-shaving-razor-with-comfort-gel-3pcs-ekn8,https://cdn.chefaa.com/filters:format(webp)/public/uploads/products/gillette-blue3-disposable-shaving-razor-with-comfort-gel-3pcs-ekn8-01721724225.png,https://cdn.chefaa.com/filters:format(webp)/public/uploads/products/gillette-blue3-disposable-shaving-razor-with-comfort-gel-3pcs-ekn8-01721724225.png,مميزات المنتج   جيليت | ماكينة حلاقة للاستخدام مرة واحدة بجل مريح بلو 3 | 3 قطع,ماركة: جيليت
619,اوروفكس orovex مضمضة لالتهاب اللثة بالقرنفل | 250 مل,generic orovex clove mouthwash,85,EGP,ماكرو للأدوية,العناية اليومية>العناية بالفم و الاسنان,in stock,https://chefaa.com:443/eg-ar/nowProduct/generic-orovex-clove-mouthwash-250-ml,https://cdn.chefaa.com/filters:format(webp)/public/uploads/products/generic-orovex-clove-mouthwash-250-ml-01721289241.png,https://cdn.chefaa.com/filters:format(webp)/public/uploads/products/generic-orovex-clove-mouthwash-250-ml-01721289241.png,"مميزات المنتج   اوروفكس orovex مضمضة لالتهاب اللثة يحتوي على تركيبة فريدة ومتميزة تساعد على التخلص من البكتيريا الضارة وتعمل على تطهير الفم وعلاج الالتهابات والقضاء على رائحة الفم الكريهة.   عن هذا المنتج     مكونات  اوروفكس orovex مضمضة لالتهاب اللثة يحتوي على العديد من المكونات الطبيعية المطهرة والمنعشة للفم منها: مادة الكلوروهيكسيدين التي تعمل على تعقيم الفم واللثة وعلاج القرح والتخلص من رائحة الفم الكريهة. المنثول (خلاصة النعناع) الثيمول (خلاصة الزعتر)  مونو فلورو فوسفات الصوديوم جلسرين فوائد مضمضة اوروفكس بالقرنفل يُخفف ألم الأسنان. ينظف الأسنان من الترسبات والجير المتراكم عليها. يقلل من بقع الأسنان يحمى الاسنان من التسوس يساعد في القضاء على رائحة الفم الكريهة. يعطي إحساس منعش للفم. طريقة استخدام orovex mouthwash يتم أخذ مقدار 20 مل بدون تخفيف والمضمضة بها لمدة دقيقة أو أكثر قبل البصق. يفضل استخدامه بمعدل 1-2 مرات في اليوم للحصول على أفضل النتائج.. موانع استخدام غسول orovex clove لا يستخدم في حالة الحساسية للمادة الفعالة المستخدمة في تركيب الغسول أو في حالة وجود قروح أو جروح مفتوحة. لا ينصح باستخدامه بعد الخضوع لعمليات جراحية داخل الفم إلا بعد الرجوع لإشراف الطبيب سعر مضمضة orovex يبلغ سعر اوروفكس مضمضة حوالى 85 جنيه  "" مضمضة orovex سعرها قد يتغير من وقت لاخر تبعاً لغيره فى الصيدليات "" ما أنواع غسولات الفم ؟ غسول الفم المضاد للبكتيريا: والتي تحتوي على مادة أكسيد الكلور والكلورهكسيدين التي تعمل على البكتيريا التي تسبب حدوث رائحة الفم الكريهة ويؤدي استخدامها لفترات طويلة إلى تحول لون الأسنان إلى اللون البني ويحتاج إلى وصفة طبية. الغسول المعقم للفم: لا يحتاج إلى وصفة طبية ويحتوي على المنثول والميثيل واليوكاليبتول والثيمول والساليسسلات بجانب قليل من الكحول ويعمل على التخلص من طبقات الجير المتراكمة على الأسنان والقضاء على الالتهابات والتقرحات التي تصيب الفم. الغسول العادي أو التجميلي: لا يوفر نفس مستوى الحماية ولا يعمل على الوقاية من التسوس كباقي الأنواع فهو يستخدم لإخفاء رائحة الفم الكريهة لفترة تتراوح بين 10 دقائق -3 ساعات.",ماركة: ماكرو للأدوية
46508,1+1 كولاجرا | مزيل عرق رول تفتيح البشرة | 60مل,kolagra anti perspirant whitening roll 60ml 2pcs qioi_duJimB0f,239,EGP,كولاجرا,العناية اليومية>العناية بالجسم و الاستحمام,in stock,https://chefaa.com:443/eg-ar/nowProduct/kolagra-anti-perspirant-whitening-roll-on-60ml-2pcs-qioi_duJimB0f,https://cdn.chefaa.com/filters:format(webp)/public/uploads/products/kolagra-anti-perspirant-whitening-roll-on-60ml-2pcs-pgui-01703694318.png,https://cdn.chefaa.com/filters:format(webp)/public/uploads/products/kolagra-anti-perspirant-whitening-roll-on-60ml-2pcs-pgui-01703694318.png,مميزات المنتج   كولاجرا | مزيل عرق رول تفتيح البشرة | 60مل | 2قطعه,ماركة: كولاجرا
20966,إيموفورم | معجون الأسنان الحساسة متعدد الألوان | 50مل,sensitive toothpaste multicolour 50ml bxi5,90,EGP,No Brand,العناية اليومية>,in stock,https://chefaa.com:443/eg-ar/nowProduct/sensitive-toothpaste-multicolour-50ml-bxi5,https://cdn.chefaa.com/filters:format(webp)/public/uploads/products/sensitive-toothpaste-multicolour-50ml-bxi5-01720952065.png,https://cdn.chefaa.com/filters:format(webp)/public/uploads/products/sensitive-toothpaste-multicolour-50ml-bxi5-01720952065.png,عن هذا المنتج     إيموفورم | معجون الأسنان الحساسة متعدد الألوان  | 50مل,raw_specs: المواصفات
18631,ريد | جهاز كهربائي مع اقراص طاردة للناموس برائحة اليوكاليبتوس,raid electric mosquito repellent with tablets and eucalyptus scent wptn,165,EGP,ريد,العناية اليومية>الحماية,in stock,https://chefaa.com:443/eg-ar/nowProduct/raid-electric-mosquito-repellent-with-tablets-and-eucalyptus-scent-wptn,https://cdn.chefaa.com/filters:format(webp)/public/uploads/products/raid-electric-mosquito-repellent-with-tablets-and-eucalyptus-scent-pxxz-01653944706.png,https://cdn.chefaa.com/filters:format(webp)/public/uploads/products/raid-electric-mosquito-repellent-with-tablets-and-eucalyptus-scent-pxxz-01653944706.png,مميزات المنتج   ريد | جهاز كهربائي مع اقراص طاردة للناموس برائحة اليوكاليبتوس,ماركة: ريد
78,نيفيا | مزيل عرق للرجال رول اون ديب بلاك كربون دارك وود | 50 مل,nivea deep dry clean feel antiperspirant 48h roll for men 50%D9%85%D9%84,96,EGP,نيفيا,العناية اليومية>العناية الرجالية,in stock,https://chefaa.com:443/eg-ar/nowProduct/nivea-deep-dry-clean-feel-antiperspirant-48h-roll-on-for-men-50%D9%85%D9%84,https://cdn.chefaa.com/filters:format(webp)/public/uploads/products/nivea-deep-dry-clean-feel-antiperspirant-48h-roll-on-for-men-50مل-01674992541.png,https://cdn.chefaa.com/filters:format(webp)/public/uploads/products/nivea-deep-dry-clean-feel-antiperspirant-48h-roll-on-for-men-50مل-01674992541.png,مميزات المنتج   يتميز نيفيا مزيل عرق للرجال رول اون بما يلي: يساعد على التخلص من رائحة العرق لمدة تدوم حتى 48 ساعة. لطيف على البشرة ولا يسبب الحساسية. يمنحك شعوراً بالنظافة والانتعاش. مناسب لجميع أنواع البشرة. سعر نيفيا مزيل عرق للرجال رول اون مناسب مقارنة بفوائده العديدة.   عن هذا المنتج     مكونات نيفيا مزيل عرق للرجال رول اون   يحتوي نيفيا مزيل عرق للرجال رول اون على  ألومنيوم كلوروهيدرات: يساعد على تقليل العرق والتخلص من رائحته.  عطر: يمنح المزيد من الانتعاش.  حجم Nivea roll on for men   يتوفر nivea roll on for men بحجم 50 مل.  يوصى باستعمال نيفيا مزيل عرق رول اون للرجال ل  نيفيا مزيل عرق رول اون للرجال مناسب للتخلص من رائحة العرق وإكسابك شعوراً بالنظافة والانتعاش يدوم طويلاً.  أنواع نيفيا مزيل عرق رول اون للرجال  نيفيا مزيل عرق ديب دراي  نيفيا دراي امباكت  نيفيا سيلفر بروتكت  نيفيا فريش أكتيف  نيفيا ديب بلاك كاربون اسبريسو  نيفيا بلاك أند وايت  نيفيا كول كيك  نيفيا انفزيبل بلاك اند وايت  نيفيا فريش باور,ماركة: نيفيا
489,سنسوداين | معجون للأسنان الحساسة | 50مل,sensodyne original toothpaste for sensitive teeth,70,EGP,سنسوداين,العناية اليومية>العناية بالفم و الاسنان,in stock,https://chefaa.com:443/eg-ar/nowProduct/sensodyne-original-toothpaste-for-sensitive-teeth-50-ml,https://cdn.chefaa.com/filters:format(webp)/public/uploads/products/sensodyne-original-toothpaste-for-sensitive-teeth-50-ml-01654157645.png,https://cdn.chefaa.com/filters:format(webp)/public/uploads/products/sensodyne-original-toothpaste-for-sensitive-teeth-50-ml-01654157645.png,مميزات المنتج   يتميز معجون سنسوداين الاصلي بما يلي: يساعد على إزالة تراكم البلاك وتبييض الأسنان. يحافظ على صحة اللثة. يحمي من حساسية الأسنان. يوفر نظافة فعالة مع أقل نسبة من التآكل. يعطي شعوراً بالنظافة والانتعاش. سعر معجون اسنان سنسوداين مناسب مقارنة بفوائده العديدة.   عن هذا المنتج     مكونات معجون سنسوداين الاصلي     يحتوي معجون سنسوداين الاصلي على:  فلوريد الصوديوم: يدعم تمعدن الأسنان ويقي من تسوسها.  حجم sensodyne toothpaste   يتوفر sensodyne toothpaste بحجم 20 مل و50 مل و75 مل.  يوصى باستعمال معجون الاسنان سنسوداين ل   معجون الاسنان سنسوداين مناسب للأسنان الحساسة فهو يساعد على تنظيف الأسنان وإزالة تراكم الجير، وكذلك يحمي من التهابات اللثة وحساسية الأسنان.  ما هو افضل نوع معجون من سنسوداين؟  معجون سنسوداين مفعول سريع.  معجون سنسوداين حماية متكاملة.  معجون سنسوداين للتبييض.  معجون سنسوداين بالفلورايد.  هل سنسوداين للاستخدام اليومي؟  نعم يستخدم سنسوداين مرتين يومياً.  ما هى فوائد معجون سنسوداين ؟  يساعد على تنظيف الأسنان والتخلص من الجير.  يحمي من حساسية الأسنان والتهابات اللثة.  يحافظ على صحة الأسنان ويحميها من التآكل.  يحارب تسوس الأسنان.  ما هى أضرار معجون سنسوداين ؟  لا توجد أضرار لمعجون سنسوداين ولكن قد يسبب الحساسية في حالة فرط الحساسية تجاه أحد مكوناته أو استخدامه أكثر من اللازم.  ما هى أنواع  معجون سنسوداين ؟  معجون سنسوداين لحساسية اللثة.   معجون سنسوداين المطور ترميم وحماية.   سنسوداين المطور ترميم وحماية انتعاش زائد.  سنسوداين حماية متكاملة.  سنسوداين مفعول سريع.  سنسوداين تنظيف عميق.   سنسوداين العادي.  سنسوداين فلوريد.,ماركة: سنسوداين
20644,معجون سنسوداين جل لتنظيف عميق | 20مل,sensodyne deep clean gel toothpaste 20ml siyo,40,EGP,سنسوداين,العناية اليومية>العناية بالفم و الاسنان,in stock,https://chefaa.com:443/eg-ar/nowProduct/sensodyne-deep-clean-gel-toothpaste-20ml-siyo,https://cdn.chefaa.com/filters:format(webp)/public/uploads/products/sensodyne-deep-clean-gel-toothpaste-20ml-8wpw-01655213013.png,https://cdn.chefaa.com/filters:format(webp)/public/uploads/products/sensodyne-deep-clean-gel-toothpaste-20ml-8wpw-01655213013.png,مميزات المنتج   يتميز معجون سنسوداين الاصلي بما يلي: يساعد على إزالة تراكم البلاك وتبييض الأسنان. يحافظ على صحة اللثة. يحمي من حساسية الأسنان. يوفر نظافة فعالة مع أقل نسبة من التآكل. يعطي شعوراً بالنظافة والانتعاش. سعر معجون اسنان سنسوداين مناسب مقارنة بفوائده العديدة.   عن هذا المنتج     مكونات معجون سنسوداين الاصلي     يحتوي معجون سنسوداين الاصلي على:  فلوريد الصوديوم: يدعم تمعدن الأسنان ويقي من تسوسها.  حجم sensodyne toothpaste   يتوفر sensodyne toothpaste بحجم 20 مل و50 مل و75 مل.  يوصى باستعمال معجون الاسنان سنسوداين ل   معجون الاسنان سنسوداين مناسب للأسنان الحساسة فهو يساعد على تنظيف الأسنان وإزالة تراكم الجير، وكذلك يحمي من التهابات اللثة وحساسية الأسنان.  ما هو افضل نوع معجون من سنسوداين؟  معجون سنسوداين مفعول سريع.  معجون سنسوداين حماية متكاملة.  معجون سنسوداين للتبييض.  معجون سنسوداين بالفلورايد.  هل سنسوداين للاستخدام اليومي؟  نعم يستخدم سنسوداين مرتين يومياً.  ما هى فوائد معجون سنسوداين ؟  يساعد على تنظيف الأسنان والتخلص من الجير.  يحمي من حساسية الأسنان والتهابات اللثة.  يحافظ على صحة الأسنان ويحميها من التآكل.  يحارب تسوس الأسنان.  ما هى أضرار معجون سنسوداين ؟  لا توجد أضرار لمعجون سنسوداين ولكن قد يسبب الحساسية في حالة فرط الحساسية تجاه أحد مكوناته أو استخدامه أكثر من اللازم.  ما هى أنواع  معجون سنسوداين ؟  معجون سنسوداين لحساسية اللثة.   معجون سنسوداين المطور ترميم وحماية.   سنسوداين المطور ترميم وحماية انتعاش زائد.  سنسوداين حماية متكاملة.  سنسوداين مفعول سريع.  سنسوداين تنظيف عميق.   سنسوداين العادي.  سنسوداين فلوريد.,ماركة: سنسوداين
45676,1+1 انفينيتي | رول اون لتفتيح البشرة برائحة اوشن بريز | 80مل,infinity whitening roll fruity 80ml tisk_duy7VIgR_duP7pzzD_duWhZblw_duXcTqqS_duFIeWCK,220,EGP,إنفينيتي,العناية اليومية>العناية بالجسم و الاستحمام,in stock,https://chefaa.com:443/eg-ar/nowProduct/infinity-whitening-roll-on-fruity-80ml-tisk_duy7VIgR_duP7pzzD_duWhZblw_duXcTqqS_duFIeWCK,https://cdn.chefaa.com/filters:format(webp)/public/uploads/products/infinity-whitening-roll-on-fruity-80ml-tisk-duy7vigr-dup7pzzd-duwhzblw-duxctqqs-01722774387.png,https://cdn.chefaa.com/filters:format(webp)/public/uploads/products/infinity-whitening-roll-on-fruity-80ml-tisk-duy7vigr-dup7pzzd-duwhzblw-duxctqqs-01722774387.png,عن هذا المنتج     رول اون يعمل على تهدئة وترطيب منطقة الإبط بينما يعمل على تفتيح و توحيد اللون كما إنه يمنحك حماية ضد رائحة العرق حتى 24 ساعة الفوائد: يهدئ ويرطب منطقة الإبط.  يقتل الباكتيريا المسببة لرائحة العرق.  يوحد لون البشرة. حماية تدوم حتى 24 ساعة. 0% كحول، بارابين، ألومنيوم.  طريقة الاستخدام: يوضع طبقة رقيقة على منطقة الإبط النظيفة والجافة,ماركة: إنفينيتي
55995,نيفيا | مضاد للتعرق ديب بلاك كاربون اسبريسو للرجال للبكتيريا رول اون | 50مل,nivea men deep black carbon 48h antibacterial antiperspirant rollon deodorant espresso scent off mlu4Op,96,EGP,نيفيا,العناية اليومية>,in stock,https://chefaa.com:443/eg-ar/nowProduct/nivea-men-deep-black-carbon-48h-antibacterial-antiperspirant-rollon-deodorant-espresso-scent-15-off-50-mlu4Op,https://cdn.chefaa.com/filters:format(webp)/public/uploads/products/nivea-men-deep-black-carbon-48h-antibacterial-antiperspirant-rollon-deodorant-espresso-scent-15-off-50-mlu4op-01733876711.png,https://cdn.chefaa.com/filters:format(webp)/public/uploads/products/nivea-men-deep-black-carbon-48h-antibacterial-antiperspirant-rollon-deodorant-espresso-scent-15-off-50-mlu4op-01733876711.png,مميزات المنتج   نيفيا | مضاد للتعرق ديب بلاك كاربون اسبريسو للرجال للبكتيريا رول اون | 50مل,ماركة: نيفيا
35811,نيفيا | مزيل العرق فريش أورانج برائحة البرتقال المنعشة سبراي للنساء | 150مل,nivea fresh orange antiperspirant for women spray 150ml sm5s a9nh_duDNLmXF,150,EGP,نيفيا,العناية اليومية>العناية النسائية,in stock,https://chefaa.com:443/eg-ar/nowProduct/nivea-fresh-orange-antiperspirant-for-women-spray-150ml-sm5s-a9nh_duDNLmXF,https://cdn.chefaa.com/filters:format(webp)/public/uploads/products/nivea-fresh-orange-antiperspirant-for-women-spray-150ml-sm5s-a9nh-01655291593.png,https://cdn.chefaa.com/filters:format(webp)/public/uploads/products/nivea-fresh-orange-antiperspirant-for-women-spray-150ml-sm5s-a9nh-01655291593.png,مميزات المنتج   نيفيا | مزيل العرق فريش أورانج برائحة البرتقال المنعشة سبراي للنساء | 150مل   عن هذا المنتج     حماية فعالة من رائحة العرق طوال 48 ساعة.   انتعاش يدوم طولاً.   قدرة البشرة على تحمل التركيبة مثبتة من قِبل أطباء الأمراض الجلدية.   عناية مقدمة من نيفيا.   لا يوجد شعور بالانتعاش يفوق الاستمتاع بحمام الصباح.   يعد مزيل رائحة العرق نيفيا فريش أورانج رفيقك المثالي للحصول على بشرة بمظهر طبيعي مفعم بالانتعاش وحماية أكيدة من رائحة العرق تدوم طوال اليوم.   مزيل لرائحة العرق خالٍ من الألومنيوم (كلوروهيدرات الألومنيوم) يقدم حماية تدوم طوال 48 ساعة ويعتني بالبشرة بلطف.   تركيبة مهدئة ومنعشة للبشرة تقدم حماية فعالة من رائحة الجسم الكريهة والعرق طوال 48 ساعة لشعور لطيف بالانتعاش.   مزيل رائحة العرق نيفيا فريش أورانج.,ماركة: نيفيا
54516,جيليت | ماكينة حلاقة للاستخدام مرة واحدة بلو 3 سيمبل | 1 قطعة,gillette blue simple shaving razor pcs iee4,76,EGP,جيليت,العناية اليومية>العناية الرجالية,in stock,https://chefaa.com:443/eg-ar/nowProduct/gillette-blue-3-simple-shaving-razor-1-pcs-iee4,https://cdn.chefaa.com/filters:format(webp)/public/uploads/products/gillette-blue-3-simple-shaving-razor-1-pcs-jwzi-01732454051.png,https://cdn.chefaa.com/filters:format(webp)/public/uploads/products/gillette-blue-3-simple-shaving-razor-1-pcs-jwzi-01732454051.png,مميزات المنتج   جيليت | ماكينة حلاقة للاستخدام مرة واحدة بلو 3 سيمبل | 1 قطعة,ماركة: جيليت
274,نيفيا | مزيل العرق فريش اكتف سبراي للرجال | 150مل,nivea fresh active spray for men 150ml,192,EGP,نيفيا,العناية اليومية>العناية الرجالية,in stock,https://chefaa.com:443/eg-ar/nowProduct/nivea-fresh-active-spray-for-men-150ml,https://cdn.chefaa.com/filters:format(webp)/public/uploads/products/nivea-fresh-active-spray-for-men-150ml-01655217735.png,https://cdn.chefaa.com/filters:format(webp)/public/uploads/products/nivea-fresh-active-spray-for-men-150ml-01655217735.png,مميزات المنتج   نيفيا | مزيل العرق فريش اكتف سبراي للرجال | 150مل   عن هذا المنتج     ﻿ ﻿ ﻿ ﻿ ﻿ مزيل عرق نيفيا فريش أكتيف مزيل العرق القوي والمنعش هو عطر الرجل الذي يحب الأماكن الخارجية الرائعة.,ماركة: نيفيا
55119,دوف | صابونة للاسترخاء برائحة اللافندر والبابونج والكريم المرطب | 90جم,dove soap 90gm relaxinglext,40,EGP,دوف,العناية اليومية>,in stock,https://chefaa.com:443/eg-ar/nowProduct/dove-soap-90gm-relaxinglext,https://cdn.chefaa.com/filters:format(webp)/public/uploads/products/dove-soap-90gm-relaxinglext-01734551296.png,https://cdn.chefaa.com/filters:format(webp)/public/uploads/products/dove-soap-90gm-relaxinglext-01734551296.png,مميزات المنتج   دوف | صابونة للاسترخاء برائحة اللافندر والبابونج والكريم المرطب | 90جم,ماركة: دوف
20840,شاور جل نيفيا للرجال كول كيك بالنعناع | 250 مل,nivea men cool kick shower gel 3in1 24h fresh effect masculine scent 250ml si2q,120,EGP,نيفيا,العناية اليومية>العناية الرجالية,in stock,https://chefaa.com:443/eg-ar/nowProduct/nivea-men-cool-kick-shower-gel-3in1-24h-fresh-effect-masculine-scent-250ml-si2q,https://cdn.chefaa.com/filters:format(webp)/public/uploads/products/nivea-men-cool-kick-shower-gel-3in1-24h-fresh-effect-masculine-scent-250ml-lqb8-01655377825.png,https://cdn.chefaa.com/filters:format(webp)/public/uploads/products/nivea-men-cool-kick-shower-gel-3in1-24h-fresh-effect-masculine-scent-250ml-lqb8-01655377825.png,مميزات المنتج   يتميز شاور جل نيفيا للرجال بما يلي: له تركيبة مميزة تساعد على التنظيف العميق. يمكن استخدامه للجسم والوجه والشعر. يعادل درجة حموضة البشرة. يكسب الجسم رائحة جميلة ومنعشة. سعر شاور جيل نيفيا للرجال مناسب مقارنة بحجمه وفوائده العديدة.   عن هذا المنتج     مكونات شاور جل نيفيا للرجال يحتوي جل استحمام نيفيا للرجال على: الجلسرين: يرطب وينعم البشرة. حمض الستريك: يساعد على تنظيف البشرة والتخلص من البكتيريا. حجم شاور جل رجالي يتوفر نيفيا جل الاستحمام للجسم والشعر بحجم 250 مل. يوصى باستعمال nivea men shower gel ل: شاور جل نيفيا للرجال مناسب للاستخدام اليومي والعناية بالجسم والشعر وهو يتميز بتركيبة غنية تساعد على التنظيف العميق وتكسب الجسم رائحة جميلة ومنعشة. ما هو أفضل شاور جل للرجال؟ اكس جيل للاستحمام. شاور جيل اديداس. غسول نيفيا ديب للرجال (nivea deep clean shower gel). شاور جل لوريال للرجال.,ماركة: نيفيا
20850,شاور جل نيفيا للرجال انيرجي فريش للشعر والجسم | 250 مل,nivea men energy 24h fresh shower gel masculine scent 250ml 4bob,130,EGP,نيفيا,العناية اليومية>العناية الرجالية,in stock,https://chefaa.com:443/eg-ar/nowProduct/nivea-men-energy-24h-fresh-shower-gel-3-in-1-masculine-scent-250ml-4bob,https://cdn.chefaa.com/filters:format(webp)/public/uploads/products/nivea-men-energy-24h-fresh-shower-gel-3-in-1-masculine-scent-250ml-ki1k-01655380509.png,https://cdn.chefaa.com/filters:format(webp)/public/uploads/products/nivea-men-energy-24h-fresh-shower-gel-3-in-1-masculine-scent-250ml-ki1k-01655380509.png,مميزات المنتج   يتميز شاور جل نيفيا للرجال بما يلي: له تركيبة مميزة تساعد على التنظيف العميق. يمكن استخدامه للجسم والوجه والشعر. يعادل درجة حموضة البشرة. يكسب الجسم رائحة جميلة ومنعشة. سعر شاور جيل نيفيا للرجال مناسب مقارنة بحجمه وفوائده العديدة.   عن هذا المنتج     مكونات شاور جل نيفيا للرجال يحتوي جل استحمام نيفيا للرجال على: الجلسرين: يرطب وينعم البشرة. حمض الستريك: يساعد على تنظيف البشرة والتخلص من البكتيريا. حجم شاور جل رجالي يتوفر نيفيا جل الاستحمام للجسم والشعر بحجم 250 مل. يوصى باستعمال nivea men shower gel ل: شاور جل نيفيا للرجال مناسب للاستخدام اليومي والعناية بالجسم والشعر وهو يتميز بتركيبة غنية تساعد على التنظيف العميق وتكسب الجسم رائحة جميلة ومنعشة. ما هو أفضل شاور جل للرجال؟ اكس جيل للاستحمام. شاور جيل اديداس. غسول نيفيا ديب للرجال (nivea deep clean shower gel). شاور جل لوريال للرجال.,ماركة: نيفيا
21283,دابر المسواك | جولد معجون اسنان| 120+50جم,dabur meswak toothpaste gold 12050gm k80d,45,EGP,المسواك,العناية اليومية>العناية بالفم و الاسنان,in stock,https://chefaa.com:443/eg-ar/nowProduct/dabur-meswak-toothpaste-gold-12050gm-k80d,https://cdn.chefaa.com/filters:format(webp)/public/uploads/products/dabur-meswak-toothpaste-gold-12050gm-qkjn-01656438776.png,https://cdn.chefaa.com/filters:format(webp)/public/uploads/products/dabur-meswak-toothpaste-gold-12050gm-qkjn-01656438776.png,عن هذا المنتج     دابر المسواك | جولد معجون اسنان|  120+50جم,ماركة: المسواك
18755,سنسوداين | معجون جل عميق التنظيف | 100مل,sensodyne toothpaste deep clean gel 100ml okny,135,EGP,سنسوداين,العناية اليومية>العناية بالفم و الاسنان,in stock,https://chefaa.com:443/eg-ar/nowProduct/sensodyne-toothpaste-deep-clean-gel-100ml-okny,https://cdn.chefaa.com/filters:format(webp)/public/uploads/products/sensodyne-toothpaste-deep-clean-gel-100ml-okny-01664107556.png,https://cdn.chefaa.com/filters:format(webp)/public/uploads/products/sensodyne-toothpaste-deep-clean-gel-100ml-okny-01664107556.png,مميزات المنتج   يتميز معجون سنسوداين الاصلي بما يلي: يساعد على إزالة تراكم البلاك وتبييض الأسنان. يحافظ على صحة اللثة. يحمي من حساسية الأسنان. يوفر نظافة فعالة مع أقل نسبة من التآكل. يعطي شعوراً بالنظافة والانتعاش. سعر معجون اسنان سنسوداين مناسب مقارنة بفوائده العديدة.   عن هذا المنتج     ما هو معجون أسنان سنسوداين عميق التنظيف  ؟ هو معجون أسنان يومي يحتوي على الفلورايد ، ثبت طبيًا أنه يوفر الراحة والحماية الفعّالة المستمرة ضد حساسية الأسنان *كما أنه يوفر تبييض وتنظيف متقدم صُمم خصيصًا للأسنان الحساسة. كيف يعمل؟ يعمل معجون الأسنان بعمق داخل السنة لتخفيف ألم الحساسية كما تعمل تركيبته على  إزالة فعّالة للبقع لأسنان ناصعة البياض بشكل طبيعي ، بينما تمنح نكهة النعناع إحساسًا بالانتعاش يدوم طويلاً. لمن  يُنصح باستخدامه؟ معجون أسنان سنسوداين للتنظيف العميق مناسب للبالغين والأطفال فوق سن 12 عامًا للتخفيف من حساسية الأسنان ، كما أنه يمنح جميع فوائد معجون الأسنان  المعتادالذي يحتوي على الفلورايد بالإضافة إلى التنظيف العميق. فوائد استخدامه: تركيبته تعمل على تخفيف حساسية الأسنان والحماية من التسوس والتنظيف العميق و تبييض  الأسنان .  متى يبدأ تأثيره؟ يمنح معجون أسنان سنسوداين  للتنظيف العميق راحة من حساسية الأسنان في أقل من أسبوعين ، وذلك مع استمرار  تنظيف الأسنان بالفرشاة مرتين يوميًا ، فتتحسن الأسنان مع الاستخدام المستمر.   سنسوداين هو المنتج الحاصل على أكبر رصيد من توصيات  أطباء الأسنان للأسنان الحساسة: ينصح أطباء الأسنان باستخدام سنسوداين منذ أكثر من 10 سنوات. سنسوداين هو المنتج الأول الموصي به من أطباء الأسنان للأسنان الحساسة: ينصح أطباء الأسنان باستخدام سنسوداين منذ أكثر من 10 سنوات. طريقة الاستخدام: استخدم الفرشاة ومعجون أسنان سنسوداين للتنظيف العميق مرتين في اليوم لتخفيف الحساسية وللانتعاش الدائم. اقرأ الملصق دائمًا قبل الاستخدام. مع تنظيف الأسنان بالفرشاة مرتين يوميًا,ماركة: سنسوداين
51257,كوكو | عجينة بيضاء بالرمان | 100جم,coco white paste pomegranate coco gmuFLk,30,EGP,No Brand,العناية اليومية>العناية النسائية,in stock,https://chefaa.com:443/eg-ar/nowProduct/coco-white-paste-pomegranate-coco--100-gmuFLk,https://cdn.chefaa.com/filters:format(webp)/public/uploads/products/coco-white-paste-pomegranate-coco-100-gmuflk-01735041565.png,https://cdn.chefaa.com/filters:format(webp)/public/uploads/products/coco-white-paste-pomegranate-coco-100-gmuflk-01735041565.png,مميزات المنتج   كوكو | عجينة بيضاء بالرمان | 100جم,raw_specs: المواصفات
46653,ريكسونا | مزيل العرق موشن سينس اكسترا كول رول اون للرجال | 20 مل,rexona motion sense xtra cool roll anti perspirant for men 20ml 9elm_duW2VFG8,35,EGP,ريكسونا,العناية اليومية>العناية الرجالية,in stock,https://chefaa.com:443/eg-ar/nowProduct/rexona-motion-sense-xtra-cool-roll-on-anti-perspirant-for-men-20ml-9elm_duW2VFG8,https://cdn.chefaa.com/filters:format(webp)/public/uploads/products/rexona-motion-sense-xtra-cool-roll-on-anti-perspirant-for-men-20ml-lovp-01683900037.png,https://cdn.chefaa.com/filters:format(webp)/public/uploads/products/rexona-motion-sense-xtra-cool-roll-on-anti-perspirant-for-men-20ml-lovp-01683900037.png,مميزات المنتج   يتميز مزيل عرق ريكسونا رجالي بما يلي: يمنح حماية من العرق تدوم حتى 48 ساعة. مزود بتكنولوجيا موشن سينس كلما زادت حركتك زادت نسبة الحماية.  يحمي من البكتيريا المسببة لرائحة العرق. يعطيك إحساسًا بالجفاف والانتعاش طوال اليوم. خالي من الكحول ولا يسبب الالتهابات. سعر مزيل العرق rexona للرجال مناسب مقارنة بفوائده العديدة.   عن هذا المنتج     مكونات مزيل عرق ريكسونا رجالي  يحتوي مزيل عرق ريكسونا رجالي على:  ألومنيوم كلوروهيدات: مضاد للتعرق ويحمي من رائحة العرق.  زيت عباد الشمس: يرطب البشرة ويحميها من الجفاف.  عطر.  حجم rexona مزيل عرق رول اون للرجال   يتوفر rexona مزيل عرق رول اون للرجال بحجم 25 مل و50 مل.  يوصى باستعمال ريكسونا بليه مزيل عرق ل   ريكسونا بليه مزيل عرق مناسب للحماية من العرق لمدة تدوم حتى 48 ساعة ويكسبك الشعور بالراحة والانتعاش لأطول فترة.  ما هو افضل نوع مزيل عرق للرجال؟  مزيل عرق نيفيا للرجال.  مزيل عرق ريكسونا رجالي.  أكس مزيل عرق للرجال.  مزيل عرق دوف للرجال.,ماركة: ريكسونا
18458,فوكس | فيو فرشاة أسنان ألوان متنوعة | 1 قطعة,fuchs view toothbrush yellow medium ahum,25,EGP,No Brand,العناية اليومية>,in stock,https://chefaa.com:443/eg-ar/nowProduct/fuchs-view-toothbrush-yellow-medium-ahum,https://cdn.chefaa.com/filters:format(webp)/public/uploads/products/fuchs-view-toothbrush-yellow-medium-ahum-01722772331.png,https://cdn.chefaa.com/filters:format(webp)/public/uploads/products/fuchs-view-toothbrush-yellow-medium-ahum-01722772331.png,مميزات المنتج   فوكس | فيو فرشاة أسنان ألوان متنوعة | 1 قطعة,raw_specs: المواصفات
7638,يولو هاردنر,yolo hardener ix0z,70,EGP,No Brand,العناية اليومية>العناية النسائية,in stock,https://chefaa.com:443/eg-ar/nowProduct/yolo-hardener-799-ix0z,https://cdn.chefaa.com/filters:format(webp)/public/uploads/products/1632408056yolo-hardenerpng,https://cdn.chefaa.com/filters:format(webp)/public/uploads/products/1632408056yolo-hardenerpng,عن هذا المنتج     مونوكير يولو,raw_specs: المواصفات
51371,ديرماكتيف | ريفريشينج رول أون للتحكم في العرق | 60مل,dermactive rollon sweat control refreshing mlLIoR,169,EGP,ديرما اكتيف,العناية اليومية>العناية بالجسم و الاستحمام,in stock,https://chefaa.com:443/eg-ar/nowProduct/dermactive-rollon-sweat-control-refreshing-60-mlLIoR,https://cdn.chefaa.com/filters:format(webp)/public/uploads/products/dermactive-rollon-sweat-control-refreshing-60-mllior-01736936721.png,https://cdn.chefaa.com/filters:format(webp)/public/uploads/products/dermactive-rollon-sweat-control-refreshing-60-mllior-01736936721.png,مميزات المنتج   ديرماكتيف | ريفريشينج رول أون للتحكم في العرق | 60مل,ماركة: ديرما اكتيف
46429,1+1 بيزلين | كريم مفتح للمناطق الحساسة | 50مل,beesline whitening sensitive zone cream chefaa_du5KP2cR_duYRfb5r,730,EGP,بيزلين,العناية اليومية>العناية النسائية,in stock,https://chefaa.com:443/eg-ar/nowProduct/beesline-whitening-sensitive-zone-cream-chefaa_du5KP2cR_duYRfb5r,https://cdn.chefaa.com/filters:format(webp)/public/uploads/products/beesline-whitening-sensitive-zone-cream-chefaa-du5kp2cr-01716810687.png,https://cdn.chefaa.com/filters:format(webp)/public/uploads/products/beesline-whitening-sensitive-zone-cream-chefaa-du5kp2cr-01716810687.png,مميزات المنتج   يتميز بيزلين كريم تفتيح المناطق الحساسة سريع المفعول بما يلي: له تركيبة طبيعية تماماً وآمنة على البشرة. يجدد خلايا البشرة ويساعد على تفتيحها وتوحيد لونها. يرطب البشرة ويكسبها المزيد من النعومة والنضارة. خالي من البارابين والكحول ولا يسبب الحساسية. له رائحة مميزة ومنعشة. سعر كريم بيزلين لتفتيح المناطق الحساسة في الصيدليات مناسب مقارنة بفوائده للبشرة.   عن هذا المنتج     مكونات بيزلين كريم تفتيح المناطق الحساسة  يحتوي كريم بيزلين على: شمع العسل: غني بفيتامين أ ويساعد على ترطيب البشرة وتجديد الخلايا. حمض اللاكتيك: يساعد على التقشير الخفيف للجلد وبالتالي تفتيح البشرة. فيتامين سي: يساهم في تفتيح البقع والتصبغات. فيتامين ه: يغذي البشرة ويرطبها. الياقوت الأبيض: يساعد على التفتيح الفوري للبشرة. الصبار: ملطف للبشرة ويحميها من الالتهابات. حجم كريم بيزلين لتفتيح المناطق الحساسة  يتوفر beesline whitening sensitive zone cream بحجم 50 مل. يوصى باستعمال بيزلين كريم تفتيح المناطق الحساسة شديدة السواد ل: كريم بيزلين للتفتيح مناسب لمن يعانون من اسمرار المناطق الحساسة أو البقع والتصبغات إذ يتميز بتركيبة غنية تساعد على تفتيح البشرة وتوحيد لونها بالإضافة إلى مكوناته الطبيعية الآمنة على البشرة. ما هى طريقة استعمال كريم بيزلين لتفتيح المناطق الحساسة؟ تنظف البشرة جيداً ثم يوضع الكريم على البشرة مع التدليك الخفيف مرتين يومياً. ما هى أضرار كريم بيزلين لتفتيح المناطق الحساسة؟ قد يحتاج مدة من 3 إلى 6 أشهر حتى ترى نتائج ملحوظة.,ماركة: بيزلين
20750,فريشدايز | فوط نسائية طويلة | 18 فوطة,freshdays sensation natural cotton long protect slips mrje,65,EGP,فريش دايز,العناية اليومية>العناية النسائية,in stock,https://chefaa.com:443/eg-ar/nowProduct/freshdays-sensation-natural-cotton-long-protect-slips-18-mrje,https://cdn.chefaa.com/filters:format(webp)/public/uploads/products/freshdays-sensation-natural-cotton-long-protect-slips-18-mrje-01722769216.png,https://cdn.chefaa.com/filters:format(webp)/public/uploads/products/freshdays-sensation-natural-cotton-long-protect-slips-18-mrje-01722769216.png,مميزات المنتج   فريشدايز | فوط نسائية طويلة | 18 فوطة,ماركة: فريش دايز
62739,ريد | عبوة إعادة تعبئة سائل طارد البعوض بدون رائحة | 2 قطعة | 41مل‎,raid liquid pcs offer 2bb5,190,EGP,ريد,العناية اليومية>الحماية,in stock,https://chefaa.com:443/eg-ar/nowProduct/raid-liquid-2-pcs-offer-2bb5,https://cdn.chefaa.com/filters:format(webp)/public/uploads/products/raid-liquid-2-pcs-offer-2bb5-01756124421.png,https://cdn.chefaa.com/filters:format(webp)/public/uploads/products/raid-liquid-2-pcs-offer-2bb5-01756124421.png,مميزات المنتج   ريد | عبوة إعادة تعبئة سائل طارد البعوض بدون رائحة | 2 قطعة | 41مل‎,ماركة: ريد
2231,هير كود | انبوبة فري ستايل مظهر مبلل | 100مل,hair code tube free style wet look hair gel 100ml,18,EGP,هير كود,العناية اليومية>العناية الرجالية,in stock,https://chefaa.com:443/eg-ar/nowProduct/hair-code-tube-free-style-wet-look-hair-gel-100ml,https://cdn.chefaa.com/filters:format(webp)/public/uploads/products/hair-code-tube-free-style-wet-look-hair-gel-100ml-01724052668.png,https://cdn.chefaa.com/filters:format(webp)/public/uploads/products/hair-code-tube-free-style-wet-look-hair-gel-100ml-01724052668.png,مميزات المنتج   امظهر لامع وتثبيت يدوم طويلا    عن هذا المنتج     امظهر لامع وتثبيت يدوم طويلا,ماركة: هير كود
32460,وايت | مناديل مضادة للبكتيريا | 50 قطعه,white antibacterialwipes lemon 20pcs 4cx8,33,EGP,No Brand,العناية اليومية>,in stock,https://chefaa.com:443/eg-ar/nowProduct/white-antibacterialwipes-lemon-20pcs-4cx8,https://cdn.chefaa.com/filters:format(webp)/public/uploads/products/white-antibacterialwipes-lemon-20pcs-ll0s-01697455291.png,https://cdn.chefaa.com/filters:format(webp)/public/uploads/products/white-antibacterialwipes-lemon-20pcs-ll0s-01697455291.png,مميزات المنتج   وايت | مناديل مضادة للبكتيريا | 50 قطعه   عن هذا المنتج     وايت | مناديل مضادة للبكتيريا | 50 قطعه,raw_specs: المواصفات
625,أوروفكس | غسول الفم بالتفاح الأخضر | 250مل,generic orovex green apple mouthwash,85,EGP,ماكرو للأدوية,العناية اليومية>العناية بالفم و الاسنان,in stock,https://chefaa.com:443/eg-ar/nowProduct/generic-orovex-green-apple-mouthwash-250-ml,https://cdn.chefaa.com/filters:format(webp)/public/uploads/products/generic-orovex-green-apple-mouthwash-250-ml-01664284467.png,https://cdn.chefaa.com/filters:format(webp)/public/uploads/products/generic-orovex-green-apple-mouthwash-250-ml-01664284467.png,"مميزات المنتج   أوروفكس غسول وغرغرة للفم Orovex MouthWash يحتوي على تركيبة فريدة ومتميزة تساعد على التخلص من البكتيريا الضارة وتعمل على تطهير الفم وعلاج الالتهابات والقضاء على رائحة الفم الكريهة.   عن هذا المنتج     مكونات غسول أوروفكس للفم:  يحتوي على العديد من المكونات الطبيعية المطهرة والمنعشة للفم منها:  الجلسرين ذو التأثير المرطب.  خلاصة الزعتر.  خلاصة النعناع.  مادة الكلوروهيكسيدين التي تعمل على تعقيم الفم واللثة وعلاج القرح والتخلص من رائحة الفم الكريهة.  مميزات غسول الفم أوروفكس Orovex:  يستخدم في تبييض الأسنان.  علاج تقرحات الفم والتخلص منها.  يحتوي على العديد من المكونات المنعشة التي تساعد في القضاء على رائحة الفم الكريهة.  ينظف الأسنان من الترسبات والجير المتراكم عليها.  يعطي إحساس منعش للفم.  يتوفر بنكهات مختلفة تناسب جميع الأذواق.  يمكن استخدام في روتين العناية اليومية للفم والأسنان.  يعمل على تقوية اللثة وعلاج الأمراض الخاصة بها كنزيف اللثة.  يقضي على البكتيريا الضارة في الفم.  يقضي على إفرازات الفم الكريهة والغير مرغوب بها.  علاج القرح الناتجة عن أطقم الأسنان.  طريقة استعمال غسول Orovex أوروفكس لتعقيم الفم واللثة:  يتم أخذ مقدار ملعقة بدون تخفيف والمضمضة بها لمدة لا تقل عن دقيقة.  يفضل استخدامه بمعدل 1-2 مرات في اليوم للحصول على أفضل النتائج.  يستخدم للأطفال من عمر 3 سنوات.  في حالة البلع يجب التوجه لأقرب طبيب وبلع كميات وفيرة من الماء.  يجب عدم تناول الماء أو الطعام لمدة لا تقل عن 30 دقيقة بعد استخدام الغسول للقيام بدوره على أكمل وجه والقضاء على البكتيريا.  الآثار الجانبية لاستخدام غسول أوروفكس Orovex MouthWash:  لا توجد أي آثار جانبية أو سلبية تذكر من استخدام غسول أوروفكس.  موانع استخدام أوروفكس غسول:  لا يستخدم في حالة الحساسية للمادة الفعالة المستخدمة في تركيب الغسول أو في حالة وجود قروح أو جروح مفتوحة.  لا ينصح باستخدامه بعد الخضوع لعمليات جراحية داخل الفم إلا بعد الرجوع لإشراف الطبيب.  حجم وسعر أوروفكس مضمضة للفم:  يتوافر Orovex Mouth Wash بحجم 250 مللي بأطعم ونكهات مختلفة (البرتقال- الفراولة- القرنفل- النعناع- التفاح الأخضر) بسعر 40 جنيه.  في حين يتوفر Orovex- H Mouth Wash بحجم 150 مللي بسعر 65 جنيه.  كما يتوفر غسول الفم Orovex Delicate بحجم 250 مللي وبسعر 40 جنيه.   "" قد يتغير السعر من مكان لآخر ومن وقت لآخر"".  أنواع غسولات الفم:  غسول الفم المضاد للبكتيريا: والتي تحتوي على مادة أكسيد الكلور والكلورهكسيدين التي تعمل على البكتيريا التي تسبب حدوث رائحة الفم الكريهة ويؤدي استخدامها لفترات طويلة إلى تحول لون الأسنان إلى اللون البني ويحتاج إلى وصفة طبية.  الغسول المعقم للفم: لا يحتاج إلى وصفة طبية ويحتوي على المنثول والميثيل واليوكاليبتول والثيمول والساليسسلات بجانب قليل من الكحول ويعمل على التخلص من طبقات الجير المتراكمة على الأسنان والقضاء على الالتهابات والتقرحات التي تصيب الفم.  الغسول العادي أو التجميلي: لا يوفر نفس مستوى الحماية ولا يعمل على الوقاية من التسوس كباقي الأنواع فهو يستخدم لإخفاء رائحة الفم الكريهة لفترة تتراوح بين 10 دقائق -3 ساعات.",ماركة: ماكرو للأدوية
51947,جيليت | ماكينة حلاقة بلو 3 كومفورت,gillette blue comfort razor9Z0c,38.5,EGP,جيليت,العناية اليومية>العناية الرجالية,in stock,https://chefaa.com:443/eg-ar/nowProduct/gillette-blue-3-comfort-razor9Z0c,https://cdn.chefaa.com/filters:format(webp)/public/uploads/products/gillette-blue-3-comfort-razor9z0c-01734534449.png,https://cdn.chefaa.com/filters:format(webp)/public/uploads/products/gillette-blue-3-comfort-razor9z0c-01734534449.png,مميزات المنتج   جيليت | ماكينة حلاقة بلو 3 كومفورت,ماركة: جيليت
5481,بيزلين غسول لتفتيح المناطق الحساسة | 200مل,beesline whitening intimate wash,449,EGP,بيزلين,العناية اليومية>العناية النسائية,in stock,https://chefaa.com:443/eg-ar/nowProduct/beesline-whitening-intimate-wash-200-ml-ph,https://cdn.chefaa.com/filters:format(webp)/public/uploads/products/16152912121592508916beesline-whitening-intimate-washjpeg,https://cdn.chefaa.com/filters:format(webp)/public/uploads/products/16152912121592508916beesline-whitening-intimate-washjpeg,"مميزات المنتج   بيزلين | غسول لتفتيح المناطق الحساسة | 200مل   عن هذا المنتج     غسول بيزلين الوردي للمنطقه الحساسه يحتوي على عدة مكونات طبيعية تقوم بتنظيف البشرة دون التسبب في الحكة أو التهيج وتساعد أيضاً على تفتيح لون الجلد وعلاج اسمرار البشرة. مكونات غسول بيزلين للمنطقه الحساسه الوردي يحتوي غسول beesline على عدة مكونات وهي : فيتامين سي : يعمل فيتامين سى كمضاد للأكسدة وله دور فى تصنيع الكولاجين وتفتيح البشرة فيتامين ب٣ : له دور هام فى الحفاظ على رطوبة البشرة وتقليل الجفاف الشوفان : يرطب ويغذي وله تأثير مضاد للتهيج والالتهاب خلاصة الليمون : تساعد على تفتيح البشرة ولها أيضاً تأثير مضاد للأكسدة خلاصة أوراق الزيتون : تساعد على تنقية وتنظيف البشرة من الشوائب خلاصة الروزمارى : لها تأثير مطهر وتحمي البشرة من الميكروبات خلاصة البقدونس : تخفف من التهاب وتهيج الجلد خلاصة الزعتر : تحمى من الإصابة بالبكتيريا والفطريات حبوب اللقاح : لها تأثير مضاد للميكروبات وتخفف من الإلتهابات حمض اللاكتيك : يحمى الجلد من الجفاف فوائد غسول بيزلين للمنطقة الحساسة  ينظف البشرة بلطف يحافظ على رطوبة المنطقة الحساسة يقضى على الروائح الكريهة يخفف من تهيج والتهاب الجلد  مطهر ومضاد للميكروبات طريقة استعمال بيزلين افضل غسول للمنطقة الحساسة للبنات والمتزوجات يتم اضافة كميه من الغسول إلى كمية من الماء  ثم يتم تدليك المنطقة به ثم بعد ذلك يتم شطفها بالماء الدافىء يمكن إستخدام الغسول يومياً حجم غسول نسائي beesline يتوافر غسول بيزلين للمهبل بحجم 200 مل سعر غسول بيزلين لتفتيح المناطق الحساسة سعر غسول بيزلين في مصر حوالي 215 جنيه مصرى "" قد يتغير السعر من مكان لآخر ومن وقت لآخر "" هل يجب استخدام غسول بيزلين النسائي كل يوم؟ يُنصح النساء باستخدام غسول لطيف غير معطر لغسل المنطقة الحساسة كل يوم . وخلال فترة الحيض، قد يكون غسل المنطقة أكثر من مرة واحدة في اليوم مفيدًا هل يستخدم غسول بيزلين للمنطقه الحساسه للحامل ؟ يفضل استشارة الطبيب قبل استخدام beesline غسول مفتح للعناية الشخصية فى فترة الحمل كيف تتخلصين من اسمرار المنطقة الحساسة ؟ أولاً يجب تجنب الأسباب التى قد تؤدى إلى اسمرار البشرة لذا ننصح ب تجنب حدوث الالتهابات ( عن طريق العناية بنظافة المنطقة واستخدام غسول لطيف وعلاج أى عدوى بالبكتيريا أو الفطريات ) تجنب الاحتكاك المباشر بين الفخذين ارتداء ملابس قطنية إزالة الشعر من المنطقة بانتظام بطرق مناسبة لا تسبب تهيج للبشرة ترطيب البشرة لحمايتها من الجفاف ( لأن الجفاف قد يؤدى إلى الإسمرار فيما بعد ) ثانياً استعادة لون البشرة بإستخدام كريم تفتيح مخصص للمنطقة الحساسة أو بإستخدام مقشر لطيف مناسب. نصائح لمنع الرائحة الغير مرغوبة :  الحفاظ على نظافة المنطقة الحساسة وغسلها بانتظام باستخدام غسول لطيف مكملات البروبيوتيك وهي بكتيريا مفيدة للجسم ،يمكن أن تساعد في الحفاظ على توازن درجة الحموضة في المنطقة الحساسة الحفاظ على نظام غذائي صحي حافظ على رطوبة المنطقة تجنب فرك البشرة بقوة ارتداء الملابس القطنية زيارة الطبيب لعلاج أى عدوى فطرية أو بكتيرية أو فيروسية نصائح للحفاظ على نظافة المنطقة أثناء الدورة الشهرية : تغيير الفوط الصحية كل أربع ساعات (  لا ترتدي نفس الفوطة لأكثر من ثماني ساعات ) الحفاظ على نظافة المنطقة وغسلها بانتظام باستخدام الماء الدافئ والصابون اللطيف أو الغسول  لا تستخدم قطعتين من الفوط في نفس الوقت لأنها يمكن أن تسبب التهابات في المنطقة ارتدي ملابس مريحة ونظيفة منتجات أخرى من بيزلين : كريم بيزلين لتفتيح المنطقة الحساسة beesline غسول تفتيح الوجه beesline تونر تبييض الوجه بيزلين 4 في 1 منظف ومبيض بيزلين رغوة الوجه لتخفيف التجاعيد مزيل العرق بيزلين بيزلين مرطب للعناية بالشفاه  مرطب البشرة بشمع العسل لوشن مرطب للجسم بيزلين زيت جاف بني فاتح للتان",ماركة: بيزلين
46262,فازلين لوشن للجسم بالكاكاو النقى وزبدة الشيا | 400 مل,vaseline intensive care cocoa glow body lotion with pure cocoa and shea butter 400ml jypq_duIVJH1o,265,EGP,فازلين,العناية اليومية>العناية بالجسم و الاستحمام,in stock,https://chefaa.com:443/eg-ar/nowProduct/vaseline-intensive-care-cocoa-glow-body-lotion-with-pure-cocoa-and-shea-butter-400ml-jypq_duIVJH1o,https://cdn.chefaa.com/filters:format(webp)/public/uploads/products/vaseline-intensive-care-cocoa-glow-body-lotion-with-pure-cocoa-and-shea-butter-400ml-jypq-01719488950.png,https://cdn.chefaa.com/filters:format(webp)/public/uploads/products/vaseline-intensive-care-cocoa-glow-body-lotion-with-pure-cocoa-and-shea-butter-400ml-jypq-01719488950.png,مميزات المنتج   يتميز لوشن فازلين للجسم بالآتي: يتميز بتركيبة مميزة ترطب البشرة بعمق وتحميها من الجفاف. له ملمس ناعم غير دهني مما يساعد على امتصاصه بسهولة. يكسب البشرة المزيد من النعومة والنضارة. يعالج تشققات القدم والكعبين وكذلك يخفف من خشونة الكوع واليدين. له دور في تخفيف الخدوش والجروح الخفيفة وتقليل التهابات البشرة. آمن على الجلد ولا يسبب الحساسية. سعر لوشن فازلين بالكاكاو في الصيدليات مناسب مقارنة بفاعليته فى ترطيب البشرة.   عن هذا المنتج     مكونات فازلين لوشن للجسم يحتوي بودي لوشن فازلين على: جيلي بترولي : يساعد على ترطيب البشرة وعلاج الجفاف وتشققات الجلد وكذلك يخفف من الالتهابات الجلدية. زبدة الكاكاو: تساعد على إكساب الجلد المزيد من النعومة والترطيب. زيدة الشيا : تعمل على ترطيب وتنعيم البشرة الجلسرين: يرطب البشرة ويحميها من الجفاف ويمنع فقدان الرطوبة من البشرة. حجم بودي لوشن فازلين يتوفر لوشن فازلين بالكاكاو بحجم 200 مل و 400 مل. يوصى باستعمال لوشن فازلين بالكاكاو الاصلي لـ: يناسب بودي لوشن فازلين جميع أنواع البشرة وخاصة أصحاب البشرة الجافة ومن يعانون من تشققات القدم أو اليدين، إذ يساعد فازلين لوشن على الترطيب العميق للبشرة وعلاج الجفاف ويعطي البشرة ملمس ناعم وجذاب. أنواع لوشن فازلين  لوشن فازلين الوردي (لوشن فازلين موحد اللون). لوشن فازلين بالمسك. لوشن فازلين الأبيض. لوشن فازلين الأصفر. لوشن فازلين البرتقالي. لوشن فازلين بالكاكاو الاصلي.,ماركة: فازلين
45845,دابر هربال | معجون اسنان بالقرنفل العشبي | 140جم + فرشاة اسنان,dabur herbl cavity protection clove toothpaste 140g toothbrush cxmw_duJD7zEa,50,EGP,دابر هربال,العناية اليومية>العناية بالفم و الاسنان,in stock,https://chefaa.com:443/eg-ar/nowProduct/dabur-herbl-cavity-protection-clove-toothpaste-140g-toothbrush-cxmw_duJD7zEa,https://cdn.chefaa.com/filters:format(webp)/public/uploads/products/dabur-herbl-cavity-protection-clove-toothpaste-140g-toothbrush-vlox-01715519207.png,https://cdn.chefaa.com/filters:format(webp)/public/uploads/products/dabur-herbl-cavity-protection-clove-toothpaste-140g-toothbrush-vlox-01715519207.png,عن هذا المنتج     دابر هربال | معجون اسنان بالقرنفل العشبي | 140جم + فرشاة اسنان,ماركة: دابر هربال
18026,نيفيا | بودي لوشن الجسم المغذي بزيت اللوز للبشرة الجافة و الجافة جدا | 400مل,nivae nourishing body lotion 400ml gqos,350,EGP,نيفيا,العناية اليومية>العناية بالجسم و الاستحمام,in stock,https://chefaa.com:443/eg-ar/nowProduct/nivae-nourishing-body-lotion-400ml-gqos,https://cdn.chefaa.com/filters:format(webp)/public/uploads/products/nivae-nourishing-body-lotion-400ml-gqos-01674902013.png,https://cdn.chefaa.com/filters:format(webp)/public/uploads/products/nivae-nourishing-body-lotion-400ml-gqos-01674902013.png,مميزات المنتج   نيفيا | بودي لوشن الجسم المغذي بزيت اللوز للبشرة الجافة و الجافة جدا | 400مل   عن هذا المنتج     تغذية مكثفة. يخفف جفاف البشرة. غني بزيت اللوز الطبيعي الذي يمنح بشرتك نعومة فائقة. يمنحك كريم نيڤيا بتركيبته الحاصلة على براءة اختراع ترطيبًا مضاعفًا لبشرتك يمتد تأثيره إلى طبقاتها الداخلية العميقة لتبدو أكثر نضارة وإشراق. تتعرض البشرة طوال الوقت لعوامل خارجية تؤثر على جمالها ونضارتها ورطوبتها الداخلية، لذا طورت نيڤيا تركيبة خاصة تعزز عمليات البشرة الطبيعية وتعمل على إعادة تنشيطها لتبدو بشرتك أكثر صحة ونظارة.,ماركة: نيفيا
46080,إيڤا سكين كير | كريم لازاله تشققات الكعبين تروبيكال | 60مل,eva skin care heel cream tropical 60ml 3llj_duAv1tIM,70,EGP,إيڤا,العناية اليومية>العناية بالجسم و الاستحمام,in stock,https://chefaa.com:443/eg-ar/nowProduct/eva-skin-care-heel-cream-tropical-60ml-3llj_duAv1tIM,https://cdn.chefaa.com/filters:format(webp)/public/uploads/products/eva-skin-care-heel-cream-tropical-60ml-ot1k-01693998396.png,https://cdn.chefaa.com/filters:format(webp)/public/uploads/products/eva-skin-care-heel-cream-tropical-60ml-ot1k-01693998396.png,مميزات المنتج   إيڤا سكين كير | كريم لازاله تشققات الكعبين تروبيكال | 60مل,ماركة: إيڤا
2971,هيد أند شولدرز | شامبو ضد القشرة بالنعناع المنعش | 400مل,head shoulders menthol refresh anti dandruff shampoo 400ml,250,EGP,هيد اند شولدرز,العناية اليومية>العناية الرجالية,in stock,https://chefaa.com:443/eg-ar/nowProduct/head-shoulders-menthol-refresh-anti-dandruff-shampoo-400ml-,https://cdn.chefaa.com/filters:format(webp)/public/uploads/products/1594302111head-shoulders-menthol-refresh-anti-dandruff-shampoo-400ml-jpg,https://cdn.chefaa.com/filters:format(webp)/public/uploads/products/1594302111head-shoulders-menthol-refresh-anti-dandruff-shampoo-400ml-jpg,مميزات المنتج    ما يصل إلى 100٪ من الشعر الخالي من القشرة (قشرة الرأس الظاهرة ، مع الاستخدام اليومي). يتكون من المنثول المبرد. ينشط وينشط الشعر وفروة الرأس. تركيبة ثلاثية المفعول: تنظف وتحمي وترطب الشعر وفروة الرأس (مع الاستخدام المنتظم). لشعر منعش وجميل وصحي.,ماركة: هيد اند شولدرز
51392,دي جي كير | معجون اسنان للعناية بالأسنان و اللثة | 75جم,care tooth paste 75gmoH9G,39,EGP,No Brand,العناية اليومية>العناية بالفم و الاسنان,in stock,https://chefaa.com:443/eg-ar/nowProduct/dg-care-tooth-paste-75gmoH9G,https://cdn.chefaa.com/filters:format(webp)/public/uploads/products/dg-care-tooth-paste-75gmoh9g-01734469680.png,https://cdn.chefaa.com/filters:format(webp)/public/uploads/products/dg-care-tooth-paste-75gmoh9g-01734469680.png,مميزات المنتج   دي جي كير | معجون اسنان للعناية بالأسنان و اللثة | 75جم,raw_specs: المواصفات
51899,فوكس | فرشاة للاسنان واللسان للكبار مقاس وسط | 1 قطعة,fuchs toothbrush tongue medrluW,66,EGP,No Brand,العناية اليومية>العناية بالفم و الاسنان,in stock,https://chefaa.com:443/eg-ar/nowProduct/fuchs-toothbrush-tongue-medrluW,https://cdn.chefaa.com/filters:format(webp)/public/uploads/products/fuchs-toothbrush-tongue-medrluw-01737030851.png,https://cdn.chefaa.com/filters:format(webp)/public/uploads/products/fuchs-toothbrush-tongue-medrluw-01737030851.png,مميزات المنتج   فوكس | فرشاة للاسنان واللسان للكبار مقاس وسط | 1 قطعة,raw_specs: المواصفات
48128,بودى ليشيوس | مضاد التعرق بينك وايت ماسك | 50مل,bodylicious white musk antiperspirant deodorant 50ml z3p0_duB17fld,60,EGP,بوديليشوس,العناية اليومية>العناية بالجسم و الاستحمام,in stock,https://chefaa.com:443/eg-ar/nowProduct/bodylicious-white-musk-antiperspirant-deodorant-50ml-z3p0_duB17fld,https://cdn.chefaa.com/filters:format(webp)/public/uploads/products/bodylicious-white-musk-antiperspirant-deodorant-50ml-1xq9-01716304933.png,https://cdn.chefaa.com/filters:format(webp)/public/uploads/products/bodylicious-white-musk-antiperspirant-deodorant-50ml-1xq9-01716304933.png,مميزات المنتج   بودى ليشيوس | مضاد التعرق بينك وايت ماسك | 50مل,ماركة: بوديليشوس
29328,لونا | شاور جل برائحة ورد وحليب | 500مل,luna shower gel rose milk 500ml jnng,65,EGP,لونا,العناية اليومية>,in stock,https://chefaa.com:443/eg-ar/nowProduct/luna-shower-gel-rose-milk-500ml-jnng,https://cdn.chefaa.com/filters:format(webp)/public/uploads/products/luna-shower-gel-rose-milk-500ml-jnng-01721296663.png,https://cdn.chefaa.com/filters:format(webp)/public/uploads/products/luna-shower-gel-rose-milk-500ml-jnng-01721296663.png,"مميزات المنتج   شــاور جيل يعطى ترطيبــا عاليــاً للبشــرة ويكسبه نعومة ورائحة ,للاستخدام اليومي.وتركيبة غنية بالرغوة تعطى الاحساس بالانتعاش.تدوم طويلاً .",ماركة: لونا
643,المسواك | دابر معجون أسنان | 50مل + 25مل مجانا,toothpaste miswak from dabur,48,EGP,المسواك,العناية اليومية>العناية بالفم و الاسنان,in stock,https://chefaa.com:443/eg-ar/nowProduct/toothpaste-miswak-from-dabur,https://cdn.chefaa.com/filters:format(webp)/public/uploads/products/toothpaste-miswak-from-dabur-01736674738.png,https://cdn.chefaa.com/filters:format(webp)/public/uploads/products/toothpaste-miswak-from-dabur-01736674738.png,عن هذا المنتج     معجون أسنان عشبي سواك مع مستخلص سواك نقي  ﻿ ﻿,ماركة: المسواك
18043,نيفيا | رول أون بلاك اند وايت باور للرجال | 50مل,nivea roll black and white power for men 50ml eyhk,96,EGP,نيفيا,العناية اليومية>العناية الرجالية,in stock,https://chefaa.com:443/eg-ar/nowProduct/nivea-roll-on-black-and-white-power-for-men-50ml-eyhk,https://cdn.chefaa.com/filters:format(webp)/public/uploads/products/nivea-roll-on-black-and-white-power-for-men-50ml-eyhk-01674989599.png,https://cdn.chefaa.com/filters:format(webp)/public/uploads/products/nivea-roll-on-black-and-white-power-for-men-50ml-eyhk-01674989599.png,مميزات المنتج   نيفيا | رول أون بلاك اند وايت باور للرجال | 50مل,ماركة: نيفيا
20815,سيجنال | عائلى عادى | 120مل,signal family normal vxdx,70,EGP,سيجنال,العناية اليومية>,in stock,https://chefaa.com:443/eg-ar/nowProduct/signal-family-normal-120-ml-vxdx,https://cdn.chefaa.com/filters:format(webp)/public/uploads/products/signal-family-normal-120-ml-tdgi-01655352220.png,https://cdn.chefaa.com/filters:format(webp)/public/uploads/products/signal-family-normal-120-ml-tdgi-01655352220.png,مميزات المنتج   سيجنال | عائلى عادى | 120مل   عن هذا المنتج     سيجنال عائلى | عادى | 120مل,ماركة: سيجنال
18051,نيفيا | مزيل للعرق بيرل اند بيوتي رول اون | 50مل,nivea pearl beauty deodorant roll 50ml 1di6,96,EGP,نيفيا,العناية اليومية>العناية النسائية,in stock,https://chefaa.com:443/eg-ar/nowProduct/nivea-pearl-beauty-deodorant-roll-on-50ml-1di6,https://cdn.chefaa.com/filters:format(webp)/public/uploads/products/nivea-pearl-beauty-deodorant-roll-on-50ml-1di6-01655208535.png,https://cdn.chefaa.com/filters:format(webp)/public/uploads/products/nivea-pearl-beauty-deodorant-roll-on-50ml-1di6-01655208535.png,مميزات المنتج   نيفيا | مزيل للعرق بيرل اند بيوتي رول اون | 50مل   عن هذا المنتج     توفر التركيبة حماية موثوقة من مضاد التعرق لمدة 48 ساعة.   محمل بمستخلصات اللؤلؤ لتوحيد لون بشرتك.   للحصول على منطقة تحت الإبط جميلة وناعمة.   حماية العرق والرائحة.   لا يحتوي على الكحول الإيثيلي أو الملونات.   تم إثبات توافقه مع البشرة من قبل أطباء الجلدية.   نيفيا بيرل آند بيوتي مضاد التعرق للنساء هو تركيبة مبتكرة تعمل على تجميل الإبطين وتمنح بشرتك حماية موثوقة.   تركيبة لطيفة مع حماية من التعرق لمدة 48 ساعة ومشبعة بمستخلصات اللؤلؤ ، ومزيل العرق المضاد للتعرق للنساء يوازن لون بشرتك ويتركها منتعشة تدوم طويلاً مع التخلص من العرق ورائحة الجسم.   ستشعر تحت الإبطين بالراحة والنعومة والجفاف والمخمل.   نيفيا مائة عام من العناية بالبشرة مدى الحياة!,ماركة: نيفيا
18102,شفرة جيليت بلو 2 بلس gillette blue افضل شفرة حلاقة للرجال | قطعه,gillette blue plus jgsl,40,EGP,جيليت,العناية اليومية>العناية الرجالية,in stock,https://chefaa.com:443/eg-ar/nowProduct/gillette-blue-ii-plus-jgsl,https://cdn.chefaa.com/filters:format(webp)/public/uploads/products/gillette-blue-ii-plus-yqul-01653319154.png,https://cdn.chefaa.com/filters:format(webp)/public/uploads/products/gillette-blue-ii-plus-yqul-01653319154.png,مميزات المنتج   تتميز شفرة جيليت بلو 2 gillette blue  بما يلي: شفرات مزدوجة تساعدك للحصول على حلاقة ناعمة ودقيقة بتمريرة واحدة. تحتوي الشفرات على شريط مرطب، مما يساعد على تقليل الاحتكاك ويجعل الحلاقة أكثر راحة، خاصة للبشرة الحساسة. تم تصميم المقبض ليكون مريحًا في اليد ويوفر تحكمًا جيدًا أثناء الحلاقة، مما يقلل من فرصة الانزلاق أو فقدان التحكم. خفيفة الوزن وسهلة الاستخدام، مما يجعلها مثالية للاستخدام اليومي والسفر. سعر شفرة جيليت بلو 2 مناسب مقارنة بجودة خامتها وسهولة استخدامها.   عن هذا المنتج     مكونات شفرة جيليت بلو 2   تتكون شفرة جيليت بلو من:  2 شفرة حادة توفر حلاقة ناعمة ودقيقة.  شريط مرطب يقلل الاحتكاك ويحمي من التهاب البشرة.  مقبض ناعم ومريح يسهل التحكم أثناء الحلاقة.  محتويات عبوة gillette blue 2   تأتي شفرة جيليت بلو 2 على هيئة قطعة واحدة أو عبوة تحتوي على 5 قطع أو عبوة تحتوي على 20 قطعة مع 5 شفرات إضافية.   سعر ماكينة حلاقة جيليت بلو 2  سعر gillette blue 2 حوالي 22 جنيه مصري للقطعة الواحدة  تتوفر بسعر حوالي 105 جنيه مصري للعبوة التي تحتوي على 5 قطع.  أما العبوة التي تحتوي على 20 قطعة تتوفر بسعر حوالي 320 جنيه مصري.  سعر المنتج قد يتغير حسب تغير سعره في الأسواق أو تبعاً  للعروض المتاحة.  يوصى باستعمال ماكينة حلاقة جيليت بلو 2 ل   جيليت بلو 2 مناسبة لمن يبحثون عن حلاقة ناعمة ومريحة فهي مناسبة للاستخدام اليومي وتتميز بشفراتها الحادة مما يوفر حلاقة ناعمة بتمريرة واحدة، بالإضافة إلى تزويدها بشريط مرطب يسهل انزلاقها على البشرة ويقلل من الالتهاب الناتج عن الحلاقة.  طريقة استخدام جيليت بلو 2 بلس للرجال   اغسل وجهك بالماء الدافئ.  ضع كمية مناسبة من كريم أو جل الحلاقة على وجهك لترطيب البشرة وتقليل الاحتكاك أثناء الحلاقة.  ابدأ بتمرير الشفرة بلطف مع اتجاه نمو الشعر.   بعد كل تمريرة، اشطف الشفرة تحت الماء الجاري لإزالة الشعر والجل المتراكمين عليها.   إذا كنت ترغب في حلاقة أكثر نعومة، يمكنك الحلاقة بلطف عكس اتجاه نمو الشعر.   بعد الانتهاء من الحلاقة، اشطف وجهك بالماء البارد.   ضع مرطبًا أو بلسم ما بعد الحلاقة لتهدئة البشرة وتجنب الجفاف أو التهيج.  كم مرة تستخدم جيليت بلو 2؟  تصلح شفرات جيليت بلو 2 للاستخدام لمرة واحدة أو اثنين على الأكثر.  كم عدد مرات استخدام شفرة جيليت بلو 2 بلس؟  شفرة  جيليت بلو 2 بلس ليست مصممة للاستخدام المتعدد، يمكنك استخدامها مرة أو مرتين على الأكثر ثم ستبدأ في ملاحظة فقدان الحدة وفعالية الحلاقة.   إذا لاحظت أن الشفرة أصبحت أقل حدة أو بدأت تسبب تهيجًا، فهذا يعني أن الوقت قد حان لاستبدالها.  ما افضل شفرة حلاقة للرجال؟  شفرة جيليت فيوجين.  جيليت ماك 3.  لورد 3 بلس.  جيليت بلو 2 بلس.  جيليت بلو شيلد.,ماركة: جيليت
20916,ديتول | صابونة جدد نشاطك مضادة للبكتيريا | 85جم,dettol anti bacterial energize bar soap 85gm nydk,25,EGP,ديتول,العناية اليومية>الحماية,in stock,https://chefaa.com:443/eg-ar/nowProduct/dettol-anti-bacterial-re-energize-bar-soap-85gm-nydk,https://cdn.chefaa.com/filters:format(webp)/public/uploads/products/dettol-anti-bacterial-re-energize-bar-soap-85gm-mf5p-01655581267.png,https://cdn.chefaa.com/filters:format(webp)/public/uploads/products/dettol-anti-bacterial-re-energize-bar-soap-85gm-mf5p-01655581267.png,عن هذا المنتج     ديتول | صابونة جدد نشاطك مضادة للبكتيريا | 85جم,ماركة: ديتول
167,نيفيا | فريش ناتشورال رول اون مزيل لرائحة العرق للنساء | 50مل,nivea fresh natural roll for women 50ml,75,EGP,نيفيا,العناية اليومية>العناية النسائية,in stock,https://chefaa.com:443/eg-ar/nowProduct/nivea-fresh-natural-roll-on-for-women-50ml,https://cdn.chefaa.com/filters:format(webp)/public/uploads/products/nivea-fresh-natural-roll-on-for-women-50ml-01668076694.png,https://cdn.chefaa.com/filters:format(webp)/public/uploads/products/nivea-fresh-natural-roll-on-for-women-50ml-01668076694.png,"مميزات المنتج   نيفيا مزيل عرق رول أون Nivea Roll On يحتوي على تركيبة فريدة تتضمن مجموعة من المكونات الطبيعية التي صممت خصيصاً للنساء والتي تساعد في القضاء علي رائحة العرق وعدم التسبب في حساسية البشرة وتوفير نعومة ورائحة منعشة ل48 ساعة.    عن هذا المنتج     نيفيا مزيل عرق رول أون Nivea Roll On يحتوي على تركيبة فريدة تتضمن مجموعة من المكونات الطبيعية التي صممت خصيصاً للنساء والتي تساعد في القضاء علي رائحة العرق وعدم التسبب في حساسية البشرة وتوفير نعومة ورائحة منعشة ل48 ساعة.    مكونات رول أون نيفيا للنساء:     الماء.    الجليكول.    عطر.   زيت الأفوكادو.    اللينالول.    زيت خروع.    التلك.    أملاح الألومنيوم.     مميزات نيفيا رول أون:     لا يسبب حساسية البشرة.   يستخدم للقضاء على رائحة العرق وتوفير رائحة منعشة تغطي رائحة العرق الكريهة.   لا يحتوي على ملونات أو مواد حافظة أو كحول.   يستمر مفعوله طوال اليوم     طريقة استعمال نيفيا رول للنساء:     قم بتنظيف تحت الإبطين مع تجفيفهم جيداً.   قم بوضع Nivea roll on على تلك المنطقة.     حجم وسعر نيفيا رول اون:   حجم مزيل عرق رول أون نيفيا:   يتوافر nivea roll on for women بحجم 50 مل.   سعر نيفيا رول أون مزيل للعرق:    يتراوح سعر Nivea for Women Deodorant Roll On  بين 28 إلى 50 جنيه ويرجع اختلاف السعر لاختلاف النوع والرائحة "" قد يتغير السعر من مكان لآخر ومن وقت لآخر"".   أنواع رول أون نيفيا:       نيفيا إنفيزابل للأبيض والأسود فريش رول أون   Nivea Fresh Natural مُزيل عرق رول أون. نيفيا ناتشورال فيرنيس رول أون مزيل لرائحة العرق للنساء.   نيفيا أوريجينال انفيزبل للأبيض والأسود رول اون.     أضرار مزيل عرق نيفيا:   عادةً لا يسبب رول أون نيفيا Nivea Roll On أضرار خطيرة على البشرة.    أنواع مزيلات العرق:     الإسبراي : يفضل استخدامه لذوي البشرة الدهنية لكونه لا يسبب الحساسية ويمكن استخدامه للجسم كله حيث يمتاز بسرعة جفافه ويوفر للبشرة شعور بالحيوية والانتعاش، ولكن قد يترك علامات على الملابس بعد جفافه.   الستيك : من أفضل أنواع مزيلات العرق التي ينصح بها خبراء العناية لكونه لا يترك أي آثار على الملابس ولا يسبب الحساسية كما أنه يمتاز بكونه ملائم لكل أنواع البشرة.   الرول أون : ينصح به لأصحاب البشرة الجافة ويمتاز بإمتداد مفعوله لفترة طويلة، ولكن قد يسبب انسداد المسام وظهور حبوب تحت الجلد.     الفرق بين مزيل العرق ومزيل التعرق:   مزيل العرق ( Deodorant ):   يعمل  على القضاء على البكتيريا المتفاعلة مع العرق والتي تسبب رائحة كريهة.   مضاد التعرق ( Antiperspirant ):   يحتوي على الألومنيوم الذي يعتبر العنصر الأساسي المستخدم في تقليل إنتاج العرق من الغدد العرقية، وتستخدم مضادات التعرق للقضاء على العرق والرائحة الكريهة التي يسببها.",ماركة: نيفيا
45558,1+1 ميلاتكس | رول اون مزيل لرائحة العرق ومفتح للبشرة | 40 مل,melatex lightening roll 40ml xvlc_duvlSpE0_dulQaft5,250,EGP,ميلاتيكس,العناية اليومية>العناية النسائية,in stock,https://chefaa.com:443/eg-ar/nowProduct/melatex-lightening-roll-on-40ml-xvlc_duvlSpE0_dulQaft5,https://cdn.chefaa.com/filters:format(webp)/public/uploads/products/melatex-lightening-roll-on-40ml-xvlc-duvlspe0-01724855338.png,https://cdn.chefaa.com/filters:format(webp)/public/uploads/products/melatex-lightening-roll-on-40ml-xvlc-duvlspe0-01724855338.png,مميزات المنتج   يوفر حماية عالية من العرق لفترة تصل إلى 48 ساعة. يعمل على تفتيح البقع الداكنة وتقليل التصبغات. يعمل على توحيد لون البشرة تحت الإبط. يساعد على تقليل إفراز العرق. مناسب لجميع أنواع البشرة حتى البشرة الحساسة. لا يسبب حساسية البشرة.   عن هذا المنتج     مكونات ميلاتكس رول اون مزيل للعرق: خلاصة العرقسوس:  يعمل على تقليل التصبغات والبقع. الكاموميل (البابونج): يعمل على تفتيح وتهدئة البشرة وجعلها أكثر نضارة. خلاصة التوت البري:  تعمل على القضاء على البقع والتصبغات وتفتيح منطقة تحت الإبط وجعلها أكثر نضارة. كلوروهيدرات الألومنيوم: مضاد للتعرق يساعد على تقليل فرط التعرق والرائحة الكريهة. حجم  Melatex Lightening Roll On: يتوفر بحجم 40 مل. يوصي به:  ميلاتكس رول أون مناسب لجميع أنواع البشرة حتى البشرة الحساسة ، يعمل على تفتيح البقع الداكنة وتقليل التصبغات وتوفير حماية من العرق  لمدة 48 ساعة.,ماركة: ميلاتيكس
28695,اي سى ام | كريم الاظافر نوفوفان | 15مل,acm novophane nail cream 15ml pct0,309,EGP,إيه سي إم,العناية اليومية>,in stock,https://chefaa.com:443/eg-ar/nowProduct/acm-novophane-nail-cream-15ml-pct0,https://cdn.chefaa.com/filters:format(webp)/public/uploads/products/acm-novophane-nail-cream-15ml-hayx-01680644408.png,https://cdn.chefaa.com/filters:format(webp)/public/uploads/products/acm-novophane-nail-cream-15ml-hayx-01680644408.png,مميزات المنتج   اي سى ام | كريم الاظافر نوفوفان | 15مل,ماركة: إيه سي إم
61115,1+1 انفينيتي | مزيل عرق رول اون - برائحة الفواكه والتوت | 80مل,infinity deodorant roll fruity berry scents 80ml z6pd,220,EGP,إنفينيتي,العناية اليومية>العناية بالجسم و الاستحمام,in stock,https://chefaa.com:443/eg-ar/nowProduct/11-infinity-deodorant-roll-on-fruity-berry-scents-80ml-z6pd,https://cdn.chefaa.com/filters:format(webp)/public/uploads/products/11-infinity-deodorant-roll-on-fruity-berry-scents-80ml-bx5m-01750766457.png,https://cdn.chefaa.com/filters:format(webp)/public/uploads/products/11-infinity-deodorant-roll-on-fruity-berry-scents-80ml-bx5m-01750766457.png,مميزات المنتج   1+1 انفينيتي | مزيل عرق رول اون - برائحة الفواكه والتوت | 80مل,ماركة: إنفينيتي
32470,فريش دايز | فوط يومية طويلة | 72قطعة,freshdays long panty liners 72pcs sbym,180,EGP,فريش دايز,العناية اليومية>,in stock,https://chefaa.com:443/eg-ar/nowProduct/freshdays-long-panty-liners-72pcs-sbym,https://cdn.chefaa.com/filters:format(webp)/public/uploads/products/freshdays-long-panty-liners-72pcs-sbym-01722768987.png,https://cdn.chefaa.com/filters:format(webp)/public/uploads/products/freshdays-long-panty-liners-72pcs-sbym-01722768987.png,مميزات المنتج   فريش دايز | فوط يومية طويلة | 72قطعة,ماركة: فريش دايز
52879,نيفيا | مزيل العرق النسائي بيرل آند بيوتي برائحة عطرية رائعة | 50مل,nivea pearl beauty fine fragrance rollon ml7VNM,96,EGP,نيفيا,العناية اليومية>العناية بالجسم و الاستحمام,in stock,https://chefaa.com:443/eg-ar/nowProduct/nivea-pearl--beauty-fine-fragrance-rollon-50-ml7VNM,https://cdn.chefaa.com/filters:format(webp)/public/uploads/products/nivea-pearl-beauty-fine-fragrance-rollon-50-ml7vnm-01735146713.png,https://cdn.chefaa.com/filters:format(webp)/public/uploads/products/nivea-pearl-beauty-fine-fragrance-rollon-50-ml7vnm-01735146713.png,مميزات المنتج   نيفيا | مزيل العرق النسائي بيرل آند بيوتي برائحة عطرية رائعة | 50 مل,ماركة: نيفيا
21823,كيرفري | غسول يومي مزدوج المفعول للمناطق الحساسة بخلاصة الشاي الاخضر والصبار | 200مل,carefree daily intimate wash duo effect with green tea and aloe vera 200ml 5a3c,170,EGP,كيرفري,العناية اليومية>العناية النسائية,in stock,https://chefaa.com:443/eg-ar/nowProduct/carefree-daily-intimate-wash-duo-effect-with-green-tea-and-aloe-vera-200ml-5a3c,https://cdn.chefaa.com/filters:format(webp)/public/uploads/products/carefree-daily-intimate-wash-duo-effect-with-green-tea-and-aloe-vera-200ml-5a3c-01723574363.png,https://cdn.chefaa.com/filters:format(webp)/public/uploads/products/carefree-daily-intimate-wash-duo-effect-with-green-tea-and-aloe-vera-200ml-5a3c-01723574363.png,عن هذا المنتج     كيرفري | غسول يومي مزدوج المفعول للمناطق الحساسة بخلاصة الشاي الاخضر والصبار | 200مل,ماركة: كيرفري
749,سانوسان وسادات قطنية للثدي لمنع تسرب اللبن خلال فترة الرضاعة | 30 قطعة,%D8%B3%D8%A7%D9%86%D9%88%D8%B3%D8%A7%D9%86 %D9%85%D9%86%D8%A7%D8%AF%D9%8A%D9%84 %D9%84%D9%84%D8%AB%D8%AF%D9%8A %D9%82%D8%B7%D8%B9%D8%A9,330,EGP,سانوسان,العناية اليومية>العناية النسائية,in stock,https://chefaa.com:443/eg-ar/nowProduct/%D8%B3%D8%A7%D9%86%D9%88%D8%B3%D8%A7%D9%86-%D9%85%D9%86%D8%A7%D8%AF%D9%8A%D9%84-%D9%84%D9%84%D8%AB%D8%AF%D9%8A-30-%D9%82%D8%B7%D8%B9%D8%A9,https://cdn.chefaa.com/filters:format(webp)/public/uploads/products/W1Zt5tUWAbHwdqD8RPzk8e7SxDPIm9RHNKDTgpc6.png,https://cdn.chefaa.com/filters:format(webp)/public/uploads/products/W1Zt5tUWAbHwdqD8RPzk8e7SxDPIm9RHNKDTgpc6.png,مميزات المنتج   تتميز باحتوائها على مواد عالية الامتصاص لمنع تسرب اللبن مما لا يسبب أي بقع على الملابس. تتكون على طبقة خارجية ناعمة تساعد على تنفس البشرة. تتكون من طبقة داخلية ناعمة للغاية لطيفة على البشرة الحساسة. تحتوي على شريط لاصق لضمان ثباتها وعدم تحركها. تناسب حجم الثدي. تم اختبارها من قبل أطباء الجلدية. تتميز أنها سهلة الاستخدام. مناسبة لجميع أنواع البشرة حتى البشرة الحساسة.   عن هذا المنتج     مكونات سانوسان وسادات قطنية للثدي: ألياف السليلوز (Cellulose Fibre): مادة تساعد على منع تسرب حليب الثدي. طبقة داخلية من الصوف الناعم لحماية الملابس من البقع. حجم Sanosan nursing pads: عبوة تحتوي على 30 قطعة. يوصي به: وسادات سانوسان القطنية للثدي مخصصة للنساء خلال فترة الرضاعة الطبيعية وتعتبر آمنة على جميع أنواع البشرة حتى البشرة الحساسة لاحتوائها على طبقة ناعمة على الجلد لا تسبب أى التهابات أو حساسية.,ماركة: سانوسان
18031,نيفيا | جل الحلاقة للبشرة الحساسة للرجال | 200مل,nivea sensitive shaving gel 200ml 1ffa,300,EGP,نيفيا,العناية اليومية>العناية الرجالية,in stock,https://chefaa.com:443/eg-ar/nowProduct/nivea-sensitive-shaving-gel-200ml-1ffa,https://cdn.chefaa.com/filters:format(webp)/public/uploads/products/nivea-sensitive-shaving-gel-200ml-1ffa-01655116895.png,https://cdn.chefaa.com/filters:format(webp)/public/uploads/products/nivea-sensitive-shaving-gel-200ml-1ffa-01655116895.png,مميزات المنتج   نيفيا | جل الحلاقة للبشرة الحساسة للرجال | 200مل   عن هذا المنتج       يحمي البشرة من التهيج أثناء الحلاقة بفضل تقنية ألترا جلايد المتطورة.   يعتني بالبشرة ويحسّن حالتها قبل الحلاقة.   خالٍ من الكحول لذلك لا يتسبب في حرق البشرة.   ينعم شعر اللحية لحلاقة دقيقة ومريحة جدًا.   مصرح به كمنتج لطيف على الجلد ولا يسبب أية تفاعلات جلدية من قبل الرجال ذوي البشرة الحساسة.   يحمي جل الحلاقة المنعش للبشرة الحساسة للرجال من نيڤيا بشرتك من التهيج أثناء الحلاقة، فهو خالي من الكحول ولا يتسبب في تحسس البشرة، كما تتميز تركيبة العناية الفائقة بعطرها المحايد واحتوائها على البابونج والهاماميليس لحماية البشرة قبل الحلاقة، وهو ما يضمن لك حلاقة سلسة مريحة ويترك بشرتك منتعشة نضرة طوال اليوم.,ماركة: نيفيا
633,ديبوردنت | معجون تلميع للأسنان | 25مل,depurdent polishing toothpaste,60,EGP,ديبوردنت,العناية اليومية>,in stock,https://chefaa.com:443/eg-ar/nowProduct/depurdent-polishing-toothpaste-25-ml,https://cdn.chefaa.com/filters:format(webp)/public/uploads/products/depurdent-polishing-toothpaste-25-ml-01654597898.png,https://cdn.chefaa.com/filters:format(webp)/public/uploads/products/depurdent-polishing-toothpaste-25-ml-01654597898.png,مميزات المنتج   ﻿أزل البقع المختلفة بسبب النيكوتين والقهوة والشاي﻿﻿,ماركة: ديبوردنت
18033,نيفيا | مزيل العرق بيرل اند بيوتي سبراي للنساء | 150مل,nivea pearl beauty spray 150ml lefy,192,EGP,نيفيا,العناية اليومية>العناية النسائية,in stock,https://chefaa.com:443/eg-ar/nowProduct/nivea-pearl-beauty-spray-150ml-lefy,https://cdn.chefaa.com/filters:format(webp)/public/uploads/products/nivea-pearl-beauty-spray-150ml-lefy-01655287041.png,https://cdn.chefaa.com/filters:format(webp)/public/uploads/products/nivea-pearl-beauty-spray-150ml-lefy-01655287041.png,مميزات المنتج   نيفيا | مزيل العرق بيرل اند بيوتي سبراي للنساء | 150مل   عن هذا المنتج       منتج منعش ومريح يحتوي على خلاصة اللؤلؤ.   معطر الجسم لحماية تدوم حتى 48 ساعة وعناية لطيفة على البشرة من نيڤيا.   مصرح به كمنتج لطيف على الجلد ومتطابق مع البشرة ولا يسبب أية تفاعلات جلدية.   بدون كحول.   يمنحك معطر الجسم بيرل آند بيوتي المبتكر من نيڤيا جمالاً مثاليًا حيث يُحسن من مظهر منطقة تحت الإبط ويوفر حماية مضمونة تدوم طويلاً، ويحتوي معطر الجسم الجديد هذا على تركيبة مبتكرة بخلاصة اللؤلؤ الثمين والزيوت الطبيعية لتوحيد لون البشرة كي تبدو منطقة تحت الإبط جميلة وجذابة وناعمة كبقية جسمك، ويعد هذا المعطر فعال للغاية في الحماية من التعرق ورائحة الجسم الكريهة، كما أنه يمنح منطقة تحت الإبط ملمس جاف ومريح وناعم ويغلفها بطبقة مخملية مذهلة.,ماركة: نيفيا
48131,اولد سبايس | ريستارت مزيل عرق ستيك للرجال | 50مل,old spice restart antiperspirant deodorant stick for men 50ml rlxe_duelJkKy,350,EGP,أولد سبايس,العناية اليومية>العناية الرجالية,in stock,https://chefaa.com:443/eg-ar/nowProduct/old-spice-restart-antiperspirant-deodorant-stick-for-men-50ml-rlxe_duelJkKy,https://cdn.chefaa.com/filters:format(webp)/public/uploads/products/old-spice-restart-antiperspirant-deodorant-stick-for-men-50ml-ylyf-01719856803.png,https://cdn.chefaa.com/filters:format(webp)/public/uploads/products/old-spice-restart-antiperspirant-deodorant-stick-for-men-50ml-ylyf-01719856803.png,مميزات المنتج   اولد سبايس | ريستارت مزيل عرق ستيك للرجال | 50مل,ماركة: أولد سبايس
62481,دابر | هربال معجون أسنان بالفحم النشط | 150جم,herbal expert whitening toothpaste charcoal rFEf,50,EGP,دابر هربال,العناية اليومية>العناية بالفم و الاسنان,in stock,https://chefaa.com:443/eg-ar/nowProduct/herbal-expert-whitening-toothpaste-charcoal-150-gm-rFEf,https://cdn.chefaa.com/filters:format(webp)/public/uploads/products/herbal-expert-whitening-toothpaste-charcoal-150-gm-rfef-01756133703.png,https://cdn.chefaa.com/filters:format(webp)/public/uploads/products/herbal-expert-whitening-toothpaste-charcoal-150-gm-rfef-01756133703.png,مميزات المنتج   دابر | هربال معجون أسنان بالفحم النشط | 150جم,ماركة: دابر هربال
45431,1+1 بيزلين | رول اون مزيل للرائحة جزر الباسيفيك | 50مل,two beesline whitening roll deodorant pacific islands_duYQhfw3,650,EGP,بيزلين,العناية اليومية>العناية النسائية,in stock,https://chefaa.com:443/eg-ar/nowProduct/two-of-beesline-whitening-roll-on-deodorant-pacific-islands_duYQhfw3,https://cdn.chefaa.com/filters:format(webp)/public/uploads/products/160794465613png,https://cdn.chefaa.com/filters:format(webp)/public/uploads/products/160794465613png,مميزات المنتج   ﻿﻿مزيل عرق مبتكر وآمن وفعال لمدة 48 ساعة يعمل على محاربة رائحة الجسم ويمتص الرطوبة ويرطب البشرة,ماركة: بيزلين
54660,اكس | سبراي 72 ساعة أكوا برغموت | 150مل,axe spray 72h aqua bergamot 150mlHfmD,210,EGP,اكس,العناية اليومية>العناية بالجسم و الاستحمام,in stock,https://chefaa.com:443/eg-ar/nowProduct/axe-spray-72h-aqua-bergamot-150mlHfmD,https://cdn.chefaa.com/filters:format(webp)/public/uploads/products/axe-spray-72h-aqua-bergamot-150mlhfmd-01734604439.png,https://cdn.chefaa.com/filters:format(webp)/public/uploads/products/axe-spray-72h-aqua-bergamot-150mlhfmd-01734604439.png,مميزات المنتج   اكس | سبراي 72 ساعة أكوا برغموت | 150مل,ماركة: اكس
18114,نيفيا | مزيل العرق فريش شيري سبراي للنساء | 150مل,nivea fresh cherry antiperspirant for women spray 150ml fgmb,192,EGP,نيفيا,العناية اليومية>العناية النسائية,in stock,https://chefaa.com:443/eg-ar/nowProduct/nivea-fresh-cherry-antiperspirant-for-women-spray-150ml-fgmb,https://cdn.chefaa.com/filters:format(webp)/public/uploads/products/nivea-fresh-cherry-antiperspirant-for-women-spray-150ml-fgmb-01655290368.png,https://cdn.chefaa.com/filters:format(webp)/public/uploads/products/nivea-fresh-cherry-antiperspirant-for-women-spray-150ml-fgmb-01655290368.png,مميزات المنتج   نيفيا | مزيل العرق فريش شيري سبراي للنساء | 150مل   عن هذا المنتج       حماية فعالة من رائحة العرق طوال 48 ساعة.   انتعاش يدوم طولاً.   قدرة البشرة على تحمل التركيبة مثبتة من قِبل أطباء الأمراض الجلدية.   عناية مقدمة من نيفيا.   لا يوجد شعور بالانتعاش يفوق الاستمتاع بحمام الصباح.   يعد مزيل رائحة العرق نيفيا فريش تشيري رفيقك المثالي للحصول على بشرة بمظهر طبيعي مفعم بالانتعاش وحماية أكيدة من رائحة العرق تدوم طوال اليوم.   مزيل لرائحة العرق خالٍ من الألومنيوم (كلوروهيدرات الألومنيوم) يقدم حماية تدوم طوال 48 ساعة ويعتني بالبشرة بلطف.   تركيبة مهدئة ومنعشة للبشرة تقدم حماية فعالة من رائحة الجسم الكريهة والعرق طوال 48 ساعة لشعور لطيف بالانتعاش.   مزيل رائحة العرق نيفيا فريش تشيري.,ماركة: نيفيا
2348,دبيوردنت | معجون لتبييض أسنان | 50 مل,depurdent polishing toothpaste 50ml,90,EGP,ديبوردنت,العناية اليومية>,in stock,https://chefaa.com:443/eg-ar/nowProduct/depurdent-polishing-toothpaste-50ml,https://cdn.chefaa.com/filters:format(webp)/public/uploads/products/depurdent-polishing-toothpaste-50ml-01720513304.png,https://cdn.chefaa.com/filters:format(webp)/public/uploads/products/depurdent-polishing-toothpaste-50ml-01720513304.png,عن هذا المنتج     ﻿ ﻿ صُممت لتبييض وتفتيح أسنانك بسرعة وأمان في المنزل يحمي المينا واللثة بكفاءة يمنحك نتائج استثنائية من أول استخدام,ماركة: ديبوردنت
1303,فا | رول اون اوركيد و فيولا | 50مل,roll floral protect orchid and viola,60,EGP,فا,العناية اليومية>العناية النسائية,in stock,https://chefaa.com:443/eg-ar/nowProduct/fa-roll-on-floral-protect-orchid-and-viola,https://cdn.chefaa.com/filters:format(webp)/public/uploads/products/nkvIOxMHPxkYSWNhBuoqwPDumwD9kcugao93EOGx.jpeg,https://cdn.chefaa.com/filters:format(webp)/public/uploads/products/nkvIOxMHPxkYSWNhBuoqwPDumwD9kcugao93EOGx.jpeg,مميزات المنتج   فا | رول اون اوركيد و فيولا | 50مل   عن هذا المنتج     ﻿ ﻿ ﻿ ﻿ ﻿ 0%كحول,ماركة: فا
60793,المسواك دابر | معجون اسنان عشبي بخلاصة | 50جم + 10جم مجانا,dabur miswak toothpaste 50gm 10gm free pexg_duH3I8kw,25,EGP,المسواك,العناية اليومية>العناية بالفم و الاسنان,in stock,https://chefaa.com:443/eg-ar/nowProduct/dabur-miswak-toothpaste-50gm-10gm-free-pexg_duH3I8kw,https://cdn.chefaa.com/filters:format(webp)/public/uploads/products/dabur-miswak-toothpaste-50gm-10gm-free-m4pi-01709656490.png,https://cdn.chefaa.com/filters:format(webp)/public/uploads/products/dabur-miswak-toothpaste-50gm-10gm-free-m4pi-01709656490.png,مميزات المنتج   المسواك دابر | معجون اسنان عشبي بخلاصة | 50جم + 10جم مجانا,ماركة: المسواك
54307,ماليزيا | عطر بون بون ميلودي للجنسين أو دي تواليت | 50مل,malaysia bon bon melody for unisex eau toilette 50ml ykge_dukag7VP,90,EGP,ماليزيا,العناية اليومية>العناية بالجسم و الاستحمام,in stock,https://chefaa.com:443/eg-ar/nowProduct/malaysia-bon-bon-melody-for-unisex-eau-de-toilette-50ml-ykge_dukag7VP,https://cdn.chefaa.com/filters:format(webp)/public/uploads/products/malaysia-bon-bon-melody-for-unisex-eau-de-toilette-50ml-ykge-01723459943.png,https://cdn.chefaa.com/filters:format(webp)/public/uploads/products/malaysia-bon-bon-melody-for-unisex-eau-de-toilette-50ml-ykge-01723459943.png,مميزات المنتج   ماليزيا | عطر بون بون ميلودي للجنسين أو دي تواليت | 50مل,ماركة: ماليزيا
63294,سنسوداين | معجون أسنان للتسوس + الحساسية | 50مل,sensodyne cavity sensitivity toothpaste 50ml w8ud,55,EGP,سنسوداين,العناية اليومية>العناية بالفم و الاسنان,in stock,https://chefaa.com:443/eg-ar/nowProduct/sensodyne-cavity-sensitivity-toothpaste-50ml-w8ud,https://cdn.chefaa.com/filters:format(webp)/public/uploads/products/sensodyne-cavity-sensitivity-toothpaste-50ml-1qis-01762260252.png,https://cdn.chefaa.com/filters:format(webp)/public/uploads/products/sensodyne-cavity-sensitivity-toothpaste-50ml-1qis-01762260252.png,مميزات المنتج   معجون الأسنان رقم 1 الذي ينصح به أطباء الأسنان معجون أسنان سنسوداين للتسوس + الحساسية هو تركيبة مزدوجة الاستخدام يوميًا، توفر راحة مثبتة من حساسية الأسنان وحماية من التسوس. يحتوي على الفلورايد لتقوية مينا الأسنان من أول استخدام، ويحتوي على بوتاسيوم نترات لتخفيف الحساسية بشكل يدوم طويلاً. 24/7 حماية يومية من حساسية الأسنان + أسنان قوية ولثة صحية و يساعد أيضًا على إصلاح المراحل المبكرة من تسوس الأسنان عند استخدامه مرتين يوميًا   عن هذا المنتج     حماية مزدوجة   تخفيف طويل الأمد لحساسية الأسنان  يحتوي على الفلورايد للحماية من التسوس  يبدأ بتقوية مينا الأسنان من أول استخدام   يساعد على الحماية من التسوس من خلال تنظيف الأسنان بالفرشاة مرتين يوميًا  يحمي من التسوس ويحافظ على صحة اللثة  ينعش النفس  يُبيض الأسنان ويحافظ على قوتها وينظفها بفعالية,ماركة: سنسوداين
18467,فوج | برفان سبراي ماركو للرجال | 120مل,fogg marco perfume spray for men 120ml hvqx,130,EGP,فوج,العناية اليومية>العناية الرجالية,in stock,https://chefaa.com:443/eg-ar/nowProduct/fogg-marco-perfume-spray-for-men-120ml-hvqx,https://cdn.chefaa.com/filters:format(webp)/public/uploads/products/fogg-marco-perfume-spray-for-men-120ml-hvqx-01738274440.png,https://cdn.chefaa.com/filters:format(webp)/public/uploads/products/fogg-marco-perfume-spray-for-men-120ml-hvqx-01738274440.png,مميزات المنتج   فوج | برفان سبراي ماركو للرجال | 120مل,ماركة: فوج
21183,مان لوك | كريم الحلاقة بخلاصة الصبار للبشرة الحساسة | 40جم,man look shaving cream with aloe vera extract for sensitive skin 40gm wgpd,33,EGP,إيڤا,العناية اليومية>العناية الرجالية,in stock,https://chefaa.com:443/eg-ar/nowProduct/man-look-shaving-cream-with-aloe-vera-extract-for-sensitive-skin-40gm-wgpd,https://cdn.chefaa.com/filters:format(webp)/public/uploads/products/man-look-shaving-cream-with-aloe-vera-extract-for-sensitive-skin-40gm-lb8m-01656336857.png,https://cdn.chefaa.com/filters:format(webp)/public/uploads/products/man-look-shaving-cream-with-aloe-vera-extract-for-sensitive-skin-40gm-lb8m-01656336857.png,عن هذا المنتج     مان لوك | كريم الحلاقة بخلاصة الصبار للبشرة الحساسة | 40جم,ماركة: إيڤا
21745,مان لوك | بلسم حلاقة | 125مل,man look aftershave balsam with mint 125gm 7p0e,80,EGP,إيڤا,العناية اليومية>العناية الرجالية,in stock,https://chefaa.com:443/eg-ar/nowProduct/man-look-aftershave-balsam-with-mint-125gm-7p0e,https://cdn.chefaa.com/filters:format(webp)/public/uploads/products/man-look-aftershave-balsam-with-mint-125gm-9utj-01657203325.png,https://cdn.chefaa.com/filters:format(webp)/public/uploads/products/man-look-aftershave-balsam-with-mint-125gm-9utj-01657203325.png,مميزات المنتج   مان لوك | بلسم حلاقة | 125مل   عن هذا المنتج     مان لوك | بلسم حلاقة | 125مل,ماركة: إيڤا
45678,1+1 انفينيتي | رول اون لتفتيح البشرة برائحة العود | 80مل,infinity whitening roll fruity 80ml tisk_duy7VIgR_duP7pzzD_du4YMlNI_du5IHWZK,220,EGP,إنفينيتي,العناية اليومية>العناية بالجسم و الاستحمام,in stock,https://chefaa.com:443/eg-ar/nowProduct/infinity-whitening-roll-on-fruity-80ml-tisk_duy7VIgR_duP7pzzD_du4YMlNI_du5IHWZK,https://cdn.chefaa.com/filters:format(webp)/public/uploads/products/infinity-whitening-roll-on-fruity-80ml-tisk-duy7vigr-dup7pzzd-du4ymlni-01722774120.png,https://cdn.chefaa.com/filters:format(webp)/public/uploads/products/infinity-whitening-roll-on-fruity-80ml-tisk-duy7vigr-dup7pzzd-du4ymlni-01722774120.png,عن هذا المنتج     رول اون يعمل على تهدئة وترطيب منطقة الإبط بينما يعمل على تفتيح و توحيد اللون كما إنه يمنحك حماية ضد رائحة العرق حتى 24 ساعة الفوائد: يهدئ ويرطب منطقة الإبط.  يقتل الباكتيريا المسببة لرائحة العرق.  يوحد لون البشرة. حماية تدوم حتى 24 ساعة. 0% كحول، بارابين، ألومنيوم.  طريقة الاستخدام: يوضع طبقة رقيقة على منطقة الإبط النظيفة والجافة,ماركة: إنفينيتي
51849,فوج | بخاخ عطر فاين بوي بريز | 120مل,fogg fine boy breeze fragrances spray ml8bEe,130,EGP,No Brand,العناية اليومية>,in stock,https://chefaa.com:443/eg-ar/nowProduct/fogg-fine-boy-breeze-fragrances-spray-120-ml8bEe,https://cdn.chefaa.com/filters:format(webp)/public/uploads/products/fogg-fine-boy-breeze-fragrances-spray-120-ml8bee-01733822450.png,https://cdn.chefaa.com/filters:format(webp)/public/uploads/products/fogg-fine-boy-breeze-fragrances-spray-120-ml8bee-01733822450.png,مميزات المنتج   فوج | بخاخ عطر فاين بوي بريز | 120 مل   عن هذا المنتج     فوج | بخاخ عطر فاين بوي بريز | 120 مل,raw_specs: المواصفات
20899,لونا | صابون جلسرين | 115جم,luna glycerin soap 115g 4tjr,42,EGP,لونا,العناية اليومية>العناية بالجسم و الاستحمام,in stock,https://chefaa.com:443/eg-ar/nowProduct/luna-glycerin-soap-115g-4tjr,https://cdn.chefaa.com/filters:format(webp)/public/uploads/products/luna-glycerin-soap-115g-kfm8-01655505985.png,https://cdn.chefaa.com/filters:format(webp)/public/uploads/products/luna-glycerin-soap-115g-kfm8-01655505985.png,مميزات المنتج   لونا | صابون جلسرين | 115جم,ماركة: لونا
20851,شاور جل نيفيا للرجال باور فريش | 250 مل,nivea men power fresh shower gel 24h fresh effect citrus scent 250ml bxqd,130,EGP,نيفيا,العناية اليومية>العناية الرجالية,in stock,https://chefaa.com:443/eg-ar/nowProduct/nivea-men-power-fresh-shower-gel-3-in-1-24h-fresh-effect-citrus-scent-250ml-bxqd,https://cdn.chefaa.com/filters:format(webp)/public/uploads/products/nivea-men-power-fresh-shower-gel-3-in-1-24h-fresh-effect-citrus-scent-250ml-im6d-01655381191.png,https://cdn.chefaa.com/filters:format(webp)/public/uploads/products/nivea-men-power-fresh-shower-gel-3-in-1-24h-fresh-effect-citrus-scent-250ml-im6d-01655381191.png,مميزات المنتج   يتميز شاور جل نيفيا للرجال بما يلي: له تركيبة مميزة تساعد على التنظيف العميق. يمكن استخدامه للجسم والوجه والشعر. يعادل درجة حموضة البشرة. يكسب الجسم رائحة جميلة ومنعشة. سعر شاور جيل نيفيا للرجال مناسب مقارنة بحجمه وفوائده العديدة.   عن هذا المنتج     مكونات شاور جل نيفيا للرجال يحتوي جل استحمام نيفيا للرجال على: الجلسرين: يرطب وينعم البشرة. حمض الستريك: يساعد على تنظيف البشرة والتخلص من البكتيريا. حجم شاور جل رجالي يتوفر نيفيا جل الاستحمام للجسم والشعر بحجم 250 مل. يوصى باستعمال nivea men shower gel ل: شاور جل نيفيا للرجال مناسب للاستخدام اليومي والعناية بالجسم والشعر وهو يتميز بتركيبة غنية تساعد على التنظيف العميق وتكسب الجسم رائحة جميلة ومنعشة. ما هو أفضل شاور جل للرجال؟ اكس جيل للاستحمام. شاور جيل اديداس. غسول نيفيا ديب للرجال (nivea deep clean shower gel). شاور جل لوريال للرجال.,ماركة: نيفيا
31512,اليتاك | كريم | 50 جم,elitac cream 9kji,45,EGP,No Brand,العناية اليومية>,in stock,https://chefaa.com:443/eg-ar/nowProduct/elitac-50-gm-cream-9kji,https://cdn.chefaa.com/filters:format(webp)/public/uploads/products/elitac-50-gm-cream-9kji-01720949289.png,https://cdn.chefaa.com/filters:format(webp)/public/uploads/products/elitac-50-gm-cream-9kji-01720949289.png,مميزات المنتج   اليتاك | كريم | 50 جم   عن هذا المنتج     اليتاك | كريم | 50 جم,raw_specs: المواصفات
55424,فوج | بخاخ عطر فاين ريو ويف | 120مل,fogg fine rio wave perfume spray mlcx35,132,EGP,No Brand,العناية اليومية>,in stock,https://chefaa.com:443/eg-ar/nowProduct/fogg-fine-rio-wave-perfume-spray-120-mlcx35,https://cdn.chefaa.com/filters:format(webp)/public/uploads/products/fogg-fine-rio-wave-perfume-spray-120-mlcx35-01733822326.png,https://cdn.chefaa.com/filters:format(webp)/public/uploads/products/fogg-fine-rio-wave-perfume-spray-120-mlcx35-01733822326.png,مميزات المنتج   فوج | بخاخ عطر فاين ريو ويف | 120 مل   عن هذا المنتج     فوج | بخاخ عطر فاين ريو ويف | 120 مل,raw_specs: المواصفات
46123,مود | جل استحمام بالى | 750مل,mood bali shower gel 750ml biax_du5XJCB2,89,EGP,مود,العناية اليومية>العناية بالجسم و الاستحمام,in stock,https://chefaa.com:443/eg-ar/nowProduct/mood-bali-shower-gel-750ml-biax_du5XJCB2,https://cdn.chefaa.com/filters:format(webp)/public/uploads/products/mood-bali-shower-gel-750ml-frzq-01684694372.png,https://cdn.chefaa.com/filters:format(webp)/public/uploads/products/mood-bali-shower-gel-750ml-frzq-01684694372.png,مميزات المنتج   مود | جل استحمام بالى | 750مل,ماركة: مود
8538,جيليت | ماكينة حلاقة بلو تو بلس للرجال | 15 + 5 قطع,gillette blue plus disposable razor for men jvaa,320,EGP,جيليت,العناية اليومية>العناية الرجالية,in stock,https://chefaa.com:443/eg-ar/nowProduct/gillette-blue-ii-plus-disposable-razor-for-men-15-5-jvaa,https://cdn.chefaa.com/filters:format(webp)/public/uploads/products/gillette-blue-ii-plus-disposable-razor-for-men-15-5-jvaa-01722784779.png,https://cdn.chefaa.com/filters:format(webp)/public/uploads/products/gillette-blue-ii-plus-disposable-razor-for-men-15-5-jvaa-01722784779.png,مميزات المنتج   جيليت | ماكينة حلاقة بلو تو بلس للرجال | 15 + 5 قطع,ماركة: جيليت
1842,كلوس اب | معجون اسنان انتعاش النعناع | 50مل,closeup toothpaste menthol fresh 100ml,40,EGP,كلوس اب,العناية اليومية>,in stock,https://chefaa.com:443/eg-ar/nowProduct/closeup-toothpaste-menthol-fresh-100ml,https://cdn.chefaa.com/filters:format(webp)/public/uploads/products/closeup-toothpaste-menthol-fresh-100ml-01653293415.png,https://cdn.chefaa.com/filters:format(webp)/public/uploads/products/closeup-toothpaste-menthol-fresh-100ml-01653293415.png,عن هذا المنتج     ﻿ ﻿ معجون أسنان جل جديد مقرب من المنثول الأخضر المنعش يوفر نفسًا منعشًا بشكل مدهش وأسنان بيضاء مع كل فرشاة ﻿,ماركة: كلوس اب
31988,سندريلا | فوط سميكة وطويلة | 9فوط,cinderella thick and long pads 9pads qtwz,30,EGP,No Brand,العناية اليومية>,in stock,https://chefaa.com:443/eg-ar/nowProduct/cinderella-thick-and-long-pads-9pads-qtwz,https://cdn.chefaa.com/filters:format(webp)/public/uploads/products/cinderella-thick-and-long-pads-9pads-xgqs-01695478813.png,https://cdn.chefaa.com/filters:format(webp)/public/uploads/products/cinderella-thick-and-long-pads-9pads-xgqs-01695478813.png,مميزات المنتج   سندريلا | فوط سميكة وطويلة | 9فوط,raw_specs: المواصفات
18036,نيفيا | مزيل العرق بمسحوق منعش سبراي للرجال | 150مل,nivea men fresh powder deodorant spray 150ml tb7o,150,EGP,نيفيا,العناية اليومية>العناية الرجالية,in stock,https://chefaa.com:443/eg-ar/nowProduct/nivea-men-fresh-powder-deodorant-spray-150ml-tb7o,https://cdn.chefaa.com/filters:format(webp)/public/uploads/products/nivea-men-fresh-powder-deodorant-spray-150ml-tb7o-01655284641.png,https://cdn.chefaa.com/filters:format(webp)/public/uploads/products/nivea-men-fresh-powder-deodorant-spray-150ml-tb7o-01655284641.png,مميزات المنتج   نيفيا | مزيل العرق بمسحوق منعش سبراي للرجال | 150مل   عن هذا المنتج       نضارة طويلة الأمد مع مستخلصات المحيط.   48 ساعة حماية فعالة من مزيل العرق تهتم ببشرتك.   محمل برائحة المحيط الذكورية.   0٪ ألومنيوم (ACH).   تحمل الجلد معتمد من قبل أطباء الجلدية.   يمنحك مضاد التعرق فريش باور من نيفيا للرجال 0٪ ألومنيوم (ACH) إحساسًا منعشًا طوال اليوم برائحة المحيط الذكورية.   تركيبة خالية من الألمنيوم (ACH) خفيفة الوزن وسريعة الجفاف بينما توفر 48 ساعة من الحماية الفعالة لمزيل العرق التي تهتم ببشرتك.   التوازن المنشط بين الحمضيات ورائحة المحيط يبقيك تشم الرائحة والشعور بالانتعاش طوال اليوم.   نيفيا للرجال ، يبدأ الأمر معك!,ماركة: نيفيا
4656,فيشي | بيوتي ديو رول اون مضاد للتعرق للبشرة الحساسة | 50مل,vichy deodorant 48h beauty whitening anti perspirant roll 50ml,789,EGP,فيشي,العناية اليومية>العناية النسائية,in stock,https://chefaa.com:443/eg-ar/nowProduct/vichy-deodorant-48h-beauty-whitening-anti-perspirant-roll-on-50ml,https://cdn.chefaa.com/filters:format(webp)/public/uploads/products/16062284333337871325657-22-4-2020jpg,https://cdn.chefaa.com/filters:format(webp)/public/uploads/products/16062284333337871325657-22-4-2020jpg,مميزات المنتج   فيشي | بيوتي ديو رول اون مضاد للتعرق للبشرة الحساسة | 50مل   عن هذا المنتج     مكونات رول اون بيوتي من فيشي:     حمض الليبوهيدروكسي: يساعد على تحسين ملمس البشرة وإبطاء نمو الشعر.   الحبيبات اللؤلؤية: تعمل على تفتيح بشرة الإبط.   كلوروهيدرات الألومنيوم : مادة مضاد للتعرق تساعد على تقليل التعرق المفرط.     مميزات فيشي بيوتي رول اون مزيل للعرق:     يقضى على رائحة العرق لفترة تدوم حتى 48 ساعة.   يعمل على تأخير نمو الشعر.   يعمل على تفتيح البقع الداكنة وتقليل التصبغات في منطقة تحت الإبط.   مناسب لجميع أنواع البشرة والبشرة الحساسة.   خالي من الكحول والبارابين.   مناسب للنساء التي تعاني من التعرق المفرط.   تم اختباره من قبل أطباء الجلدية.   لا يسبب حساسية البشرة.     حجم Vichy Beauty Deo Anti-perspirant 48Hr Roll-On:     يتوفر بحجم 50 مل.     يوصي به:   الرول اون مناسب لجميع أنواع البشرة  والبشرة الحساسة والنساء التي تعاني من التعرق الزائد حيث يعمل على القضاء على الرائحة الكريهة وامتصاص العرق وتفتيح البشرة وتقليل عملية إزالة الشعر.,ماركة: فيشي
47864,كواليتا | قطن مكياج سيلفر دابل فيس | 100قطعه,qualita cotton pads soft double face 100pcs wnd2_dujyaMXE,135,EGP,كواليتا,العناية اليومية>الحماية,in stock,https://chefaa.com:443/eg-ar/nowProduct/qualita-cotton-pads-soft-double-face-100pcs-wnd2_dujyaMXE,https://cdn.chefaa.com/filters:format(webp)/public/uploads/products/qualita-cotton-pads-soft-double-face-100pcs-wnd2-dujyamxe-01726922319.png,https://cdn.chefaa.com/filters:format(webp)/public/uploads/products/qualita-cotton-pads-soft-double-face-100pcs-wnd2-dujyamxe-01726922319.png,مميزات المنتج   كواليتا | قطن مكياج سيلفر دابل فيس | 100قطعه,ماركة: كواليتا
61477,كير & مور | مقشر للقدمين باليوريا | 100مل,caremore foot scrub urea 100ml ETD5,80,EGP,كير & مور,العناية اليومية>العناية بالجسم و الاستحمام,in stock,https://chefaa.com:443/eg-ar/nowProduct/caremore-foot-scrub-urea-100ml-ETD5,https://cdn.chefaa.com/filters:format(webp)/public/uploads/products/caremore-foot-scrub-urea-100ml-etd5-01752787993.png,https://cdn.chefaa.com/filters:format(webp)/public/uploads/products/caremore-foot-scrub-urea-100ml-etd5-01752787993.png,مميزات المنتج   كير & مور | مقشر للقدمين باليوريا | 100مل,ماركة: كير & مور
21492,بيرز | صابون بيور اند جنتل | 125جم,pears pure gentle soap bar with natural oils pure glycerin 125gm 3gj0,100,EGP,بيرز,العناية اليومية>الحماية,in stock,https://chefaa.com:443/eg-ar/nowProduct/pears-pure-gentle-soap-bar-with-natural-oils-98-pure-glycerin-125gm-3gj0,https://cdn.chefaa.com/filters:format(webp)/public/uploads/products/pears-pure-gentle-soap-bar-with-natural-oils-98-pure-glycerin-125gm-huaj-01656852660.png,https://cdn.chefaa.com/filters:format(webp)/public/uploads/products/pears-pure-gentle-soap-bar-with-natural-oils-98-pure-glycerin-125gm-huaj-01656852660.png,مميزات المنتج   بيرز | صابون بيور اند جنتل | 125جم,ماركة: بيرز
18647,إنليفن | موس الترا هولد | 300مل,enliven ultra hold mousse 300ml zabi,300,EGP,انليفن,العناية اليومية>العناية الرجالية,in stock,https://chefaa.com:443/eg-ar/nowProduct/enliven-ultra-hold-mousse-300ml-zabi,https://cdn.chefaa.com/filters:format(webp)/public/uploads/products/enliven-ultra-hold-mousse-300ml-zabi-01750378119.png,https://cdn.chefaa.com/filters:format(webp)/public/uploads/products/enliven-ultra-hold-mousse-300ml-zabi-01750378119.png,مميزات المنتج   إنليفن | موس الترا هولد | 300مل,ماركة: انليفن
48335,فاين | مناديل وجه للجيب طبقتين | 1 قطعة,fine super sterilized paper towel ply pack rolls 40sheets ltbj_duRypNMP_duRCwpwa,3,EGP,فاين,العناية اليومية>الحماية,in stock,https://chefaa.com:443/eg-ar/nowProduct/fine-super-sterilized-paper-towel-2-ply-pack-of-2-rolls-40sheets-ltbj_duRypNMP_duRCwpwa,https://cdn.chefaa.com/filters:format(webp)/public/uploads/products/fine-super-sterilized-paper-towel-2-ply-pack-of-2-rolls-40sheets-ltbj-durypnmp-durcwpwa-01751129436.png,https://cdn.chefaa.com/filters:format(webp)/public/uploads/products/fine-super-sterilized-paper-towel-2-ply-pack-of-2-rolls-40sheets-ltbj-durypnmp-durcwpwa-01751129436.png,مميزات المنتج   فاين | مناديل وجه للجيب طبقتين | 1 قطعة,ماركة: فاين
3510,كريم فيت لازالة الشعر للبشرة العادية | 100 جم,veet hair removal cream normal skin,77,EGP,ڤيت,العناية اليومية>العناية النسائية,in stock,https://chefaa.com:443/eg-ar/nowProduct/veet-hair-removal-cream-normal-skin-100-ml,https://cdn.chefaa.com/filters:format(webp)/public/uploads/products/1601463214veet-hair-removal-cream-normal-skin-100-mlpng,https://cdn.chefaa.com/filters:format(webp)/public/uploads/products/1601463214veet-hair-removal-cream-normal-skin-100-mlpng,مميزات المنتج   يتميز كريم فين لازالة الشعر بما يلي: يمكن استخدامه بسهولة لإزالة الشعر بدون ألم. يساعد على التخلص من الشعيرات الصغيرة للحصول على بشرة ناعمة وملساء. يرطب وينعم البشرة. مناسب للاستخدام للجسم وتحت الإبط وخط البكيني. سعر كريم فيت لازالة الشعر للرجال والنساء مناسب مقارنة بفعاليته وفوائده.   عن هذا المنتج     مكونات كريم فيت لازالة الشعر    يحتوي كريم فيت لازالة الشعر على:  الجلسرين: يرطب وينعم البشرة.  اليوريا:ترطب البشرة وتساعد على تقشيرخلايا الجلد الميت.  عطر: يكسبك الاحساس بالانتعاش.  حجم كريم فيت لازالة الشعر من المناطق الحساسة  يتوفر كريم فيت لازالة الشعر من المناطق الحساسة بحجم 100 جم.  يوصى باستعمال veet cream hair removal ل   يعد veet cream hair removal مناسب لإزالة الشعر بدون ألم والحصول على بشرة ناعمة ورطبة.  اضرار كريم فيت لازالة الشعر  قد يسبب الحساسية أو الالتهاب لدى بعض أنواع البشرة ولذلك يفضل عمل اختبار حساسية قبل الاستخدام.  كريم فيت لازالة الشعر للحامل  يمكن استخدام كريم فيت لازالة الشعر أثناء فترة الحمل.  هل كريم فيت لازالة الشعر يسمر ؟  قد يسبب كريم فيت اسمرار الجلد خاصة الأماكن الحساسة وقد يحدث هذا الاسمرار نتيجة التهاب الجلد، ولذلك يجب التوقف عن استخدام الكريم في حالة حدوث حساسية أو تهيج الجلد.  هل كريم إزالة الشعر مضر للمنطقه الحساسة ؟  يفضل استخدام كريم فيت المخصص للبشرة الحساسة الغني بخلاصة الصبار التي تعمل على تهدئة وترطيب الجلد وذلك في حالة استعماله لإزالة الشعر في المناطق الحساسة.,ماركة: ڤيت
20787,فيبكس | كريم مزيل عرق صغير | 15جم,vebix small cream 15g green ap5j,43,EGP,فيبكس,العناية اليومية>العناية بالجسم و الاستحمام,in stock,https://chefaa.com:443/eg-ar/nowProduct/vebix-small-cream-15g-green-ap5j,https://cdn.chefaa.com/filters:format(webp)/public/uploads/products/vebix-small-cream-15g-green-weap-01655341931.png,https://cdn.chefaa.com/filters:format(webp)/public/uploads/products/vebix-small-cream-15g-green-weap-01655341931.png,مميزات المنتج   يتميز فيبكس كريم مزيل عرق بما يلي: يساعد على التخلص من رائحة العرق. يقلل من تكون الجراثيم والبكتيريا. خالي من الكحول والألومنيوم ولا يسبب الاسمرار. لا يسد مسام البشرة. له قوام كريمي مميز. سعر مزيل العرق vebix في مصر مناسب مقارنة بفوائده العديدة.   عن هذا المنتج     مكونات كريم فيبكس للرجال والنساء   يحتوي كريم فيبكس للرجال والنساء على:  اللانولين: يعمل كمرطب وملطف للبشرة.  زيت الخروع المهدرج: يساعد على التخلص من البكتيريا والجراثيم.  زنك أوكسيد: يرطب البشرة ويخفف الالتهابات.  السيليكا: تحسن ملمس البشرة وترطبها.  حجم vebix deodorant cream  يتوفر vebix deodorant cream بحجم 25 جم وحجم 10 جم.  يوصى باستعمال فيبكس كريم مزيل عرق ل   فيبكس كريم مزيل عرق مناسب للتخلص من رائحة العرق والحفاظ على رائحة تحت الإبط نظيفة ومنعشة.  ما هى طريقة استخدام فيبكس ؟  يوضع كمية مناسبة من الكريم على بشرة نظيفة وجافة  تُدلك البشرة بلطف حتى يتم امتصاص الكريم.  ما هى اضرار كريم فيبكس ؟  لا توجد أضرار تذكر للمنتج ولكن من ضمن عيوبه أنه قد يسبب ملمسًا دهنيًا على البشرة ولا يتم امتصاصه بسهولة.  ما الفرق بين فيبكس الازرق والاخضر؟  فيبكس الأزرق مخصص للرجال أما فيبكس الأخضر يمكن استخدامه من قبل السيدات والرجال معاً.  ما هى أنواع فيبكس كريم مزيل عرق ؟  فيبكس الأخضر كلاسيك.  فيبكس الأزرق.  فيبكس الوردي.,ماركة: فيبكس
46304,مود | شاور جل كايرو لليد برائحة الشيا | 750مل,mood cairo shower gel 750ml c1qq_ducTzDHa,89,EGP,مود,العناية اليومية>العناية بالجسم و الاستحمام,in stock,https://chefaa.com:443/eg-ar/nowProduct/mood-cairo-shower-gel-750ml-c1qq_ducTzDHa,https://cdn.chefaa.com/filters:format(webp)/public/uploads/products/mood-cairo-shower-gel-750ml-n3pc-01678708391.png,https://cdn.chefaa.com/filters:format(webp)/public/uploads/products/mood-cairo-shower-gel-750ml-n3pc-01678708391.png,مميزات المنتج   مود | شاور جل كايرو لليد برائحة الشيا | 750مل,ماركة: مود
48125,بودى ليشيوس | مضاد التعرق كوكنت بريز | 50مل,bodylicious coconut breeze antiperspirant deodorant 50ml gtrx_duT0k8Oi,55,EGP,بوديليشوس,العناية اليومية>العناية بالجسم و الاستحمام,in stock,https://chefaa.com:443/eg-ar/nowProduct/bodylicious-coconut-breeze-antiperspirant-deodorant-50ml-gtrx_duT0k8Oi,https://cdn.chefaa.com/filters:format(webp)/public/uploads/products/bodylicious-coconut-breeze-antiperspirant-deodorant-50ml-b0hu-01716304434.png,https://cdn.chefaa.com/filters:format(webp)/public/uploads/products/bodylicious-coconut-breeze-antiperspirant-deodorant-50ml-b0hu-01716304434.png,مميزات المنتج   بودى ليشيوس | مضاد التعرق كوكنت بريز | 50مل,ماركة: بوديليشوس
56449,ستارفيل | مناديل مبللة ميسيلار مائية لإزالة المكياج | 25منديل,starville micellar water wipes 25pcsOObM,75,EGP,ستارفيل,العناية اليومية>,in stock,https://chefaa.com:443/eg-ar/nowProduct/starville-micellar-water-wipes-25pcsOObM,https://cdn.chefaa.com/filters:format(webp)/public/uploads/products/starville-micellar-water-wipes-25pcsoobm-01733247083.png,https://cdn.chefaa.com/filters:format(webp)/public/uploads/products/starville-micellar-water-wipes-25pcsoobm-01733247083.png,مميزات المنتج   ستارفيل | مناديل مبللة ميسيلار مائية لإزالة المكياج | 25منديل,ماركة: ستارفيل
46514,سترونج فيل | شامبو وبلسم شعر للرجال | 220مل,strongville men shampoo conditioner 220ml dxzo_duYoF3YX,195,EGP,سترونج فيل,العناية اليومية>العناية الرجالية,in stock,https://chefaa.com:443/eg-ar/nowProduct/strongville-men-shampoo-conditioner-220ml-dxzo_duYoF3YX,https://cdn.chefaa.com/filters:format(webp)/public/uploads/products/strongville-men-shampoo-conditioner-220ml-wxqn-01704026219.png,https://cdn.chefaa.com/filters:format(webp)/public/uploads/products/strongville-men-shampoo-conditioner-220ml-wxqn-01704026219.png,مميزات المنتج   سترونج فيل | شامبو وبلسم شعر للرجال | 220مل,ماركة: سترونج فيل
51370,ديرما اكتيف | مزيل رائحه العرق سويت كونترول انتينس رول اون | 60مل,dermactive rollon sweat control intense ml4NV2,169,EGP,ديرما اكتيف,العناية اليومية>,in stock,https://chefaa.com:443/eg-ar/nowProduct/dermactive-rollon-sweat-control-intense-60-ml4NV2,https://cdn.chefaa.com/filters:format(webp)/public/uploads/products/dermactive-rollon-sweat-control-intense-60-ml4nv2-01733097886.png,https://cdn.chefaa.com/filters:format(webp)/public/uploads/products/dermactive-rollon-sweat-control-intense-60-ml4nv2-01733097886.png,مميزات المنتج   ديرما اكتيف | مزيل رائحه العرق سويت كونترول انتينس رول اون | 60مل,ماركة: ديرما اكتيف
55314,إيفا | كريم استحمام جولد سبيل | 250مل,eva shower cream gold spell ml7FDS,105,EGP,إيڤا,العناية اليومية>,in stock,https://chefaa.com:443/eg-ar/nowProduct/eva-shower-cream-gold-spell-250-ml7FDS,https://cdn.chefaa.com/filters:format(webp)/public/uploads/products/eva-shower-cream-gold-spell-250-ml7fds-01733084744.png,https://cdn.chefaa.com/filters:format(webp)/public/uploads/products/eva-shower-cream-gold-spell-250-ml7fds-01733084744.png,مميزات المنتج   إيفا | كريم استحمام جولد سبيل | 250مل,ماركة: إيڤا
62125,ايفا | لوشن الجسم للعناية بالبشرة سمر تويست | 240مل,eva cosmetics skin care senses body lotion summer twist 240ml bru5,120,EGP,إيڤا,العناية اليومية>العناية بالجسم و الاستحمام,in stock,https://chefaa.com:443/eg-ar/nowProduct/eva-cosmetics-skin-care-senses-body-lotion-summer-twist-240ml-bru5,https://cdn.chefaa.com/filters:format(webp)/public/uploads/products/eva-cosmetics-skin-care-senses-body-lotion-summer-twist-240ml-yl16-01752577944.png,https://cdn.chefaa.com/filters:format(webp)/public/uploads/products/eva-cosmetics-skin-care-senses-body-lotion-summer-twist-240ml-yl16-01752577944.png,مميزات المنتج   ايفا | لوشن الجسم للعناية بالبشرة سمر تويست | 240مل,ماركة: إيڤا
20927,فيبكس | كريم مزيل عرق مينى | 10جم,vebix mini cream green 10g n5xh,40,EGP,فيبكس,العناية اليومية>العناية بالجسم و الاستحمام,in stock,https://chefaa.com:443/eg-ar/nowProduct/vebix-mini-cream-green-10g-n5xh,https://cdn.chefaa.com/filters:format(webp)/public/uploads/products/vebix-mini-cream-green-10g-iwzr-01655602218.png,https://cdn.chefaa.com/filters:format(webp)/public/uploads/products/vebix-mini-cream-green-10g-iwzr-01655602218.png,مميزات المنتج   يتميز فيبكس كريم مزيل عرق بما يلي: يساعد على التخلص من رائحة العرق. يقلل من تكون الجراثيم والبكتيريا. خالي من الكحول والألومنيوم ولا يسبب الاسمرار. لا يسد مسام البشرة. له قوام كريمي مميز. سعر مزيل العرق vebix في مصر مناسب مقارنة بفوائده العديدة.   عن هذا المنتج     مكونات كريم فيبكس للرجال والنساء   يحتوي كريم فيبكس للرجال والنساء على:  اللانولين: يعمل كمرطب وملطف للبشرة.  زيت الخروع المهدرج: يساعد على التخلص من البكتيريا والجراثيم.  زنك أوكسيد: يرطب البشرة ويخفف الالتهابات.  السيليكا: تحسن ملمس البشرة وترطبها.  حجم vebix deodorant cream  يتوفر vebix deodorant cream بحجم 25 جم وحجم 10 جم.  يوصى باستعمال فيبكس كريم مزيل عرق ل   فيبكس كريم مزيل عرق مناسب للتخلص من رائحة العرق والحفاظ على رائحة تحت الإبط نظيفة ومنعشة.  ما هى طريقة استخدام فيبكس ؟  يوضع كمية مناسبة من الكريم على بشرة نظيفة وجافة  تُدلك البشرة بلطف حتى يتم امتصاص الكريم.  ما هى اضرار كريم فيبكس ؟  لا توجد أضرار تذكر للمنتج ولكن من ضمن عيوبه أنه قد يسبب ملمسًا دهنيًا على البشرة ولا يتم امتصاصه بسهولة.  ما الفرق بين فيبكس الازرق والاخضر؟  فيبكس الأزرق مخصص للرجال أما فيبكس الأخضر يمكن استخدامه من قبل السيدات والرجال معاً.  ما هى أنواع فيبكس كريم مزيل عرق ؟  فيبكس الأخضر كلاسيك.  فيبكس الأزرق.  فيبكس الوردي.,ماركة: فيبكس
32082,كلوس اب | معجون اسنان ريد هوت | 25مل,close toothpaste red hot 25ml qdun,25,EGP,كلوس اب,العناية اليومية>العناية بالفم و الاسنان,in stock,https://chefaa.com:443/eg-ar/nowProduct/close-up-toothpaste-red-hot-25ml-qdun,https://cdn.chefaa.com/filters:format(webp)/public/uploads/products/close-up-toothpaste-red-hot-25ml-ndmk-01696262166.png,https://cdn.chefaa.com/filters:format(webp)/public/uploads/products/close-up-toothpaste-red-hot-25ml-ndmk-01696262166.png,مميزات المنتج   كلوس اب | معجون اسنان ريد هوت | 25مل,ماركة: كلوس اب
45841,مرطب نولافير جيل لتحسين شكل الندبات | 25 جم,nolaver anti scar gel 50gm twdd_du1BSPiZ_duwGfOix,260,EGP,نولافير,العناية اليومية>العناية بالجسم و الاستحمام,in stock,https://chefaa.com:443/eg-ar/nowProduct/nolaver-anti-scar-gel-50gm-twdd_du1BSPiZ_duwGfOix,https://cdn.chefaa.com/filters:format(webp)/public/uploads/products/nolaver-anti-scar-gel-50gm-twdd-du1bspiz-01715767693.png,https://cdn.chefaa.com/filters:format(webp)/public/uploads/products/nolaver-anti-scar-gel-50gm-twdd-du1bspiz-01715767693.png,مميزات المنتج   يتميز مرطب نولافير جيل بما يلي: له تركيبة مميزة تساعد على تحسين شكل الندبات الحديثة والقديمة. مناسب لجميع أنواع الندبات الناتجة عن الجراحة والحروق وحب الشباب وعلامات التمددوالجراحة القيصرية. يحسن ملمس الجلد. مناسب لجميع أنواع البشرة ولا يسبب الحساسية. سعر مرطب نولافير لآثار الجروح مناسب مقارنة بفوائده العديدة.   عن هذا المنتج     مكونات مرطب نولافير جيل للندبات    يحتوي مرطب نولافير جيل للندبات على  مستخلص سيليكون ثلاثي: يحسن ملمس الجلد ويساعد على علاج أثار الجروح والندبات.  مستخلص البصل: يساعد على تخفيف أثار الندبات.  حجم nolaver anti scar gel  يتوفر nolaver anti scar gel بحجم 25 جم.  يوصى باستعمال نولافير جيل ل  يساعد نولافير جيل على تخفيف أثار الندبات وحب الشباب وكذلك أثار علامات التمدد والجروح.  هل كريم نولافير يفتح البشرة ؟  يساعد كريم نولافير على تحسين شكل الجلد وتخفيف أثار الندبات وبالتالي يكسب البشرة مظهر أكثر حيوية ونعومة.,ماركة: نولافير
56391,سيجنال | معجون اسنان للاطفال من الفراولة يمنع تسوس الاسنان | 50مل,signal tooth past kids 50ml 26ystrawberryMSUH,50,EGP,سيجنال,العناية اليومية>,in stock,https://chefaa.com:443/eg-ar/nowProduct/signal-tooth-past-kids-50ml-26ystrawberryMSUH,https://cdn.chefaa.com/filters:format(webp)/public/uploads/products/signal-tooth-past-kids-50ml-26ystrawberrymsuh-01734553862.png,https://cdn.chefaa.com/filters:format(webp)/public/uploads/products/signal-tooth-past-kids-50ml-26ystrawberrymsuh-01734553862.png,مميزات المنتج   سيجنال | معجون اسنان للاطفال من الفراولة يمنع تسوس الاسنان | 50مل,ماركة: سيجنال
2067,فيت | كريم لازالة الشعر للبشرة الحساسة | 100مل,veet hair removal cream sensitive skin,95,EGP,ڤيت,العناية اليومية>العناية النسائية,in stock,https://chefaa.com:443/eg-ar/nowProduct/veet-hair-removal-cream-sensitive-skin-100-ml,https://cdn.chefaa.com/filters:format(webp)/public/uploads/products/1588674359veet-hair-removal-cream-sensitive-skin-100-mL.jpg,https://cdn.chefaa.com/filters:format(webp)/public/uploads/products/1588674359veet-hair-removal-cream-sensitive-skin-100-mL.jpg,عن هذا المنتج     ﻿ ﻿ كريم فييت لازالة الشعر للبشرة الحساسة مع تقنية ملمس الحرير واحساس الانتعاش مه الصبار و فيتامين E لبشرة ناعمة,ماركة: ڤيت
21579,فريدا | سبراي معطر جو برائحة الياسمين | 460مل,farida air freshener spray jasmine 460ml jbz6,70,EGP,No Brand,العناية اليومية>الحماية,in stock,https://chefaa.com:443/eg-ar/nowProduct/farida-air-freshener-spray-jasmine-460ml-jbz6,https://cdn.chefaa.com/filters:format(webp)/public/uploads/products/farida-air-freshener-spray-jasmine-460ml-kaaz-01656951088.png,https://cdn.chefaa.com/filters:format(webp)/public/uploads/products/farida-air-freshener-spray-jasmine-460ml-kaaz-01656951088.png,مميزات المنتج   فريدا | سبراي معطر جو برائحة الياسمين | 460مل   عن هذا المنتج     فريدا | سبراي معطر جو برائحة الياسمين | 460مل,raw_specs: المواصفات
21750,جيليت | ماكينة حلاقة للاستخدام مرة واحدة للرجال بلو 3 سيمبل | 4 قطع,gillette blue3 simple mens disposable razors 4pcs znqx,200,EGP,جيليت,العناية اليومية>العناية الرجالية,in stock,https://chefaa.com:443/eg-ar/nowProduct/gillette-blue3-simple-mens-disposable-razors-4pcs-znqx,https://cdn.chefaa.com/filters:format(webp)/public/uploads/products/gillette-blue3-simple-mens-disposable-razors-4pcs-lixm-01657204440.png,https://cdn.chefaa.com/filters:format(webp)/public/uploads/products/gillette-blue3-simple-mens-disposable-razors-4pcs-lixm-01657204440.png,مميزات المنتج   جيليت | ماكينة حلاقة للاستخدام مرة واحدة للرجال بلو 3 سيمبل | 4قطع,ماركة: جيليت
46435,1+1 كولاجرا | مزيل عرق رول اون ايلدر روز | 60مل,kolagra whitening roll elder rose 60ml ign7_duGtAB0P,239,EGP,كولاجرا,العناية اليومية>العناية بالجسم و الاستحمام,in stock,https://chefaa.com:443/eg-ar/nowProduct/kolagra-whitening-roll-on-21-elder-rose-60ml-ign7_duGtAB0P,https://cdn.chefaa.com/filters:format(webp)/public/uploads/products/kolagra-whitening-roll-on-21-elder-rose-60ml-rjbb-01702895339.png,https://cdn.chefaa.com/filters:format(webp)/public/uploads/products/kolagra-whitening-roll-on-21-elder-rose-60ml-rjbb-01702895339.png,مميزات المنتج   كولاجرا | مزيل عرق رول اون ايلدر روز | 60مل,ماركة: كولاجرا
46562,دوف | جو فريش سبراي 48 ساعة بالخيار والشاي الاخضر | 250مل,dove fresh body spray 48h 250ml mfqx_dupwKhDE,250,EGP,دوف,العناية اليومية>العناية بالجسم و الاستحمام,in stock,https://chefaa.com:443/eg-ar/nowProduct/dove-go-fresh-body-spray-48h-250ml-mfqx_dupwKhDE,https://cdn.chefaa.com/filters:format(webp)/public/uploads/products/dove-go-fresh-body-spray-48h-250ml-ys7t-01704739532.png,https://cdn.chefaa.com/filters:format(webp)/public/uploads/products/dove-go-fresh-body-spray-48h-250ml-ys7t-01704739532.png,مميزات المنتج   دوف | جو فريش سبراي 48 ساعة بالخيار والشاي الاخضر | 250مل,ماركة: دوف
48069,1+1 دراكون | بينك بابل رول اون مزيل للعرق | 50مل,drakon whitening roll deodorant pink bubble 50ml 9h2r_duj6u1zG,240,EGP,دراكون,العناية اليومية>العناية بالجسم و الاستحمام,in stock,https://chefaa.com:443/eg-ar/nowProduct/drakon-whitening-roll-on-deodorant-pink-bubble-50ml-9h2r_duj6u1zG,https://cdn.chefaa.com/filters:format(webp)/public/uploads/products/drakon-whitening-roll-on-deodorant-pink-bubble-50ml-9h2r-01713528437.png,https://cdn.chefaa.com/filters:format(webp)/public/uploads/products/drakon-whitening-roll-on-deodorant-pink-bubble-50ml-9h2r-01713528437.png,"عن هذا المنتج     دراكون مزيل رائحة العرق لتفتيح البشرة  :هو رفيقك اليومي ,يمنح البشرة العناصر الغذائية الكاملة التي تحتاجها كل يوم.يعمل على تفتيح البشرة بشكل فعال بمكوناته الطبيعية الفريدة والآمنة . يقلل من فرط التصبغ فى منطقة تحت الإبط ويمنحها الترطيب اللازم للحصول على منطقة تحت الإبط نظيفة ومشرقة.يستخدم على بشرة جافة و نظيفة  (بروائح صيفية جديدة) (Pink bubble )",ماركة: دراكون
1270,انليفن | فيرم برو-فيتامين جيل للشعر | 500مل,enliven firm pro vitamin five hair gel large,200,EGP,انليفن,العناية اليومية>العناية الرجالية,in stock,https://chefaa.com:443/eg-ar/nowProduct/enliven-firm-pro-vitamin-b-five-hair-gel-large,https://cdn.chefaa.com/filters:format(webp)/public/uploads/products/enliven-firm-pro-vitamin-b-five-hair-gel-large-01720954877.png,https://cdn.chefaa.com/filters:format(webp)/public/uploads/products/enliven-firm-pro-vitamin-b-five-hair-gel-large-01720954877.png,مميزات المنتج   جل الشعر للرجال يستخدم للشعر الجاف والمبلل ليعطي لمعان وقوة للشعر كما انه يغذيه  B5 لاحتوائه على فيتامين ﻿يمكن استخدامه مع الشعر الجاف والمبلل,ماركة: انليفن
2515,نيفيا | ناتشورال فيرنيس سبراي مزيل لرائحة العرق للنساء | 150مل,nivea natural fairness deodorant spray for women,192,EGP,نيفيا,العناية اليومية>العناية النسائية,in stock,https://chefaa.com:443/eg-ar/nowProduct/nivea-natural-fairness-deodorant-spray-for-women-150-ml,https://cdn.chefaa.com/filters:format(webp)/public/uploads/products/nivea-natural-fairness-deodorant-spray-for-women-150-ml-01674997436.png,https://cdn.chefaa.com/filters:format(webp)/public/uploads/products/nivea-natural-fairness-deodorant-spray-for-women-150-ml-01674997436.png,مميزات المنتج   نيفيا | ناتشورال فيرنيس سبراي مزيل لرائحة العرق للنساء | 150مل   عن هذا المنتج     ﻿ ﻿ ﻿ ﻿ ﻿ ينعم البشرة الجافة والمتهيجة بمستخلصات الأفوكادو يوفر حماية موثوقة من مزيل العرق لمدة 48 ساعة ثبت تحمل الجلد خالٍ من الكحول للبشرة الحساسة,ماركة: نيفيا
20703,إكس إل | بخاخ مزيل للعرق بلاتينيوم متعدد الألوان | 150مل,platinum deodorant spray multicolour 150ml gkus,140,EGP,اكس ال,العناية اليومية>العناية الرجالية,in stock,https://chefaa.com:443/eg-ar/nowProduct/platinum-xl-deodorant-spray-multicolour-150ml-gkus,https://cdn.chefaa.com/filters:format(webp)/public/uploads/products/platinum-xl-deodorant-spray-multicolour-150ml-z13j-01655297412.png,https://cdn.chefaa.com/filters:format(webp)/public/uploads/products/platinum-xl-deodorant-spray-multicolour-150ml-z13j-01655297412.png,عن هذا المنتج     إكس إل | بخاخ مزيل للعرق بلاتينيوم  متعدد الألوان |  150مل,ماركة: اكس ال
18494,جيليت بلو 3 سنستيف الحساسة للرجال - شفرات جيليت الخضراء | 8 قطع,gillette blue3 sensitive mens disposable razors 8pcs feim,300,EGP,جيليت,العناية اليومية>العناية الرجالية,in stock,https://chefaa.com:443/eg-ar/nowProduct/gillette-blue3-sensitive-mens-disposable-razors-8pcs-feim,https://cdn.chefaa.com/filters:format(webp)/public/uploads/products/gillette-blue3-sensitive-mens-disposable-razors-8pcs-feim-01723033447.png,https://cdn.chefaa.com/filters:format(webp)/public/uploads/products/gillette-blue3-sensitive-mens-disposable-razors-8pcs-feim-01723033447.png,"مميزات المنتج   تتميز شفرات جيليت الخضراء (جيليت بلو 3 سنستيف) بما يلي: توفر حلاقة سهلة ومريحة بدون ألم. مناسبة للبشرة الحساسة. تحتوي على شريط ترطيب يساعد على ترطيب البشرة وحمايتها من الالتهاب. تحتوي على 3 شفرات حادة يمكن استخدامها أكثر من مرة. لها رأس متحركة 40 درجة توفر حلاقة سهلة مع ثنايات الجلد. مزودة بيد مطاطية سهلة ومريحة للاستخدام. سعر ماكينة حلاقة جيليت بلو 3 مناسب مقارنة بفوائدها للبشرة.   عن هذا المنتج     مكونات شفرات جيليت الخضراء (شفرات جيليت بلو 3 سنستيف)  تحتوي ماكينة حلاقة جيليت للرجال بلو 3 سنستيف على: شريط ترطيب: يسهل الانزلاق على البشرة. 3 شفرات: تزيل الشعر بسهولة وتناسب البشرة الحساسة. رأس متحرك: يوفر حلاقة سهلة وناعمة. يد سهلة ومريحة للاستخدام. سعر ماكينة حلاقة جيليت بلو 3 سنستيف سعر ماكينة جيليت بلو 3 الحساسة للرجال حوالى 276 جنيه. "" gillette blue 3 sensitive سعره قد يتغير من وقت لاخر تبعاً لتغير سعره فى الاسواق ""  حجم عبوة gillette blue 3 sensitive تتوفر ماكينة حلاقة موس جيليت بلو على هيئة عبوات تحتوي على 3 أو 6 أو 8 أو 12 قطعة. يوصى باستعمال شفرات جيليت بلو 3 الحساسة للرجال شفرة جيليت الخضراء مناسبة لجميع أنواع البشرة وخاصة البشرة الحساسة إذ توفر حلاقة سهلة وتساعد على زيادة ترطيب ونعومة البشرة. هل تُستخدم ماكينة حلاقة جيليت بلو 3 للنساء؟ يمكن استخدام شفرات حلاقة جيليت بلو 3 الخضراء للنساء إذ تتميز بأنها تناسب البشرة الحساسة ولا تسبب الالتهاب أو الحساسية بالإضافة إلى وجود شريط ترطيب يسهل الحلاقة. ما عيوب جيليت بلو 3؟ توفر شيفينج جيليت الخضراء حلاقة سهلة ومريحة ويفضل تعقيمها بعد كل استخدام لتجنب الحساسية والالتهابات. ما انواع ماكينة حلاقة جيليت بلو 3 ؟ ماكينة gillette blue 3 sensitive. ماكينة gillette blue 3 comfort. جيليت بلو 3 كمفورت. ماكينة gillette blue 3 simple. جيليت بلو 3 سمبل. جيليت بلو 3 سمارت. ماكينة gillette blue 3 red. جيليت بلو 3 كول. ما أفضل أنواع شفرات الحلاقة للرجال ؟ جيليت بلو 2 جيليت بلو 3 كمفورت جيليت بلو 3 سنستيف شفرات جيليت فيوجن باور دوركو بيس 6 برو - ماكينة حلاقة براون سيريز اكس",ماركة: جيليت
20852,نيفيا | فريش بيور جل الاستحمام بالمعادن البحرية والرائحة المائية | 250مل,nivea fresh pure shower gel sea minerals aquatic scent 250ml 5nfn,120,EGP,نيفيا,العناية اليومية>العناية بالجسم و الاستحمام,in stock,https://chefaa.com:443/eg-ar/nowProduct/nivea-fresh-pure-shower-gel-sea-minerals-aquatic-scent-250ml-5nfn,https://cdn.chefaa.com/filters:format(webp)/public/uploads/products/nivea-fresh-pure-shower-gel-sea-minerals-aquatic-scent-250ml-0pkj-01655381678.png,https://cdn.chefaa.com/filters:format(webp)/public/uploads/products/nivea-fresh-pure-shower-gel-sea-minerals-aquatic-scent-250ml-0pkj-01655381678.png,مميزات المنتج   نيفيا | فريش بيور جل الاستحمام بالمعادن البحرية والرائحة المائية | 250مل   عن هذا المنتج     يتحول جل الاستحمام المنعش إلى رغوة غنية لإحساس متجدد للبشرة.   غني بالمعادن البحرية والعطور المائية.   تركيبة IQ هيدرا لشعور مرطب للبشرة ، حتى بعد تجفيف المنشفة.   تركيبة خالية من البلاستيك الدقيق وقابلة للتحلل بنسبة 98٪ ، عبوة بلاستيكية معاد تدويرها بنسبة 96٪ (باستثناء الغطاء).   توافق الجلد معتمد جلديا.   جرب أفضل ما في جل الاستحمام Nivea Fresh Pure حيث توفر المعادن البحرية اللطيفة لبشرتك نضارة تدوم طويلاً.   دع جل الاستحمام المنعش هذا يغلف بشرتك برغوة ناعمة كالحرير ، بينما تحفز رائحته المائية المنعشة حواسك.   جل الاستحمام نيفيا فريش بيور متوازن لدرجة الحموضة ، معتمد من قبل أطباء الجلدية ومناسب لجميع أنواع البشرة.   يعتني Nivea ببشرتك وكوكبك ، ولهذا السبب فإن جل الاستحمام هذا خالٍ من البلاستيك الدقيق ، وله تركيبة قابلة للتحلل البيولوجي بنسبة 98٪ (وفقًا لطرق OECD أو ما يعادلها) وزجاجته مصنوعة من 96٪ من البلاستيك المعاد تدويره (باستثناء الغطاء).   نيفيا مائة عام من العناية بالبشرة مدى الحياة!,ماركة: نيفيا
45917,ريكسونا | إكسترا كول 72 ساعة للرجال | 50مل,rexona xtra cool hours for men 50ml qshc_duqsFQvz,80,EGP,ريكسونا,العناية اليومية>العناية الرجالية,in stock,https://chefaa.com:443/eg-ar/nowProduct/rexona-xtra-cool-72-hours-for-men-50ml-qshc_duqsFQvz,https://cdn.chefaa.com/filters:format(webp)/public/uploads/products/rexona-xtra-cool-72-hours-for-men-50ml-mgcc-01713435223.png,https://cdn.chefaa.com/filters:format(webp)/public/uploads/products/rexona-xtra-cool-72-hours-for-men-50ml-mgcc-01713435223.png,عن هذا المنتج     ريكسونا | إكسترا كول 72 ساعة للرجال | 50مل,ماركة: ريكسونا
46520,مود | هاند ووش بالي | 500مل,mood bali hand wash 500ml xbqc_dulkZIlE,59,EGP,مود,العناية اليومية>الحماية,in stock,https://chefaa.com:443/eg-ar/nowProduct/mood-bali-hand-wash-500ml-xbqc_dulkZIlE,https://cdn.chefaa.com/filters:format(webp)/public/uploads/products/mood-bali-hand-wash-500ml-m0xz-01704123589.png,https://cdn.chefaa.com/filters:format(webp)/public/uploads/products/mood-bali-hand-wash-500ml-m0xz-01704123589.png,مميزات المنتج   مود | هاند ووش بالي | 500مل,ماركة: مود
48078,جليد | سبراي معطر جو برائحة اللافندر | 460مل,glade air freshener with lavender scent 460ml qbvj_dudC0zq7,70,EGP,جليد,العناية اليومية>الحماية,in stock,https://chefaa.com:443/eg-ar/nowProduct/glade-air-freshener-with-lavender-scent-460ml-qbvj_dudC0zq7,https://cdn.chefaa.com/filters:format(webp)/public/uploads/products/glade-air-freshener-with-lavender-scent-460ml-xbbl-01703433019.png,https://cdn.chefaa.com/filters:format(webp)/public/uploads/products/glade-air-freshener-with-lavender-scent-460ml-xbbl-01703433019.png,مميزات المنتج   جليد | سبراي معطر جو برائحة اللافندر | 460مل,ماركة: جليد
45860,1+1 دراكون | مزيل رائحة العرق لتفتيح البشرة برائحه باشن بيك | 50مل,drakon whitening roll deodorant passion peak promo pack livo_du7dH7iY,240,EGP,دراكون,العناية اليومية>العناية بالجسم و الاستحمام,in stock,https://chefaa.com:443/eg-ar/nowProduct/drakon-whitening-roll-on-deodorant-passion-peak-promo-pack-11-livo_du7dH7iY,https://cdn.chefaa.com/filters:format(webp)/public/uploads/products/drakon-whitening-roll-on-deodorant-passion-peak-promo-pack-11-54t2-01713790660.png,https://cdn.chefaa.com/filters:format(webp)/public/uploads/products/drakon-whitening-roll-on-deodorant-passion-peak-promo-pack-11-54t2-01713790660.png,"مميزات المنتج   1+1 دراكون | مزيل رائحة العرق لتفتيح البشرة برائحه باشن بيك | 50مل   عن هذا المنتج     دراكون مزيل رائحة العرق لتفتيح البشرة  :هو رفيقك اليومي ,يمنح البشرة العناصر الغذائية الكاملة التي تحتاجها كل يوم.يعمل على تفتيح البشرة بشكل فعال بمكوناته الطبيعية الفريدة والآمنة .  يقلل من فرط التصبغ فى منطقة تحت الإبط ويمنحها الترطيب اللازم للحصول على منطقة تحت الإبط نظيفة ومشرقة.يستخدم على بشرة جافة و نظيفة  (بروائح صيفية جديدة) (Passion Peak )",ماركة: دراكون
32453,فريش توك | معطر للفم برائحة الليمون | 20مل,fresh talk mouth spray with lemon 20ml yuvi,84.9,EGP,No Brand,العناية اليومية>,in stock,https://chefaa.com:443/eg-ar/nowProduct/fresh-talk-mouth-spray-with-lemon-20ml-yuvi,https://cdn.chefaa.com/filters:format(webp)/public/uploads/products/fresh-talk-mouth-spray-with-lemon-20ml-yuvi-01738334004.png,https://cdn.chefaa.com/filters:format(webp)/public/uploads/products/fresh-talk-mouth-spray-with-lemon-20ml-yuvi-01738334004.png,مميزات المنتج   فريش توك | معطر للفم برائحة الليمون | 20مل,raw_specs: المواصفات
18676,جيليت | ماكينة الحلاقة سيمبلي فينوس 2 | 12 قطعة,gillette simply venus razor pieces fhes,205,EGP,جيليت,العناية اليومية>العناية النسائية,in stock,https://chefaa.com:443/eg-ar/nowProduct/gillette-simply-venus-2-razor-12-pieces-fhes,https://cdn.chefaa.com/filters:format(webp)/public/uploads/products/gillette-simply-venus-2-razor-12-pieces-fhes-01723034861.png,https://cdn.chefaa.com/filters:format(webp)/public/uploads/products/gillette-simply-venus-2-razor-12-pieces-fhes-01723034861.png,مميزات المنتج   جيليت | ماكينة الحلاقة سيمبلي فينوس 2 | 12 قطعة,ماركة: جيليت
23788,كلوس أب | ريد تريبل فريش | 100 مل,closeup red triple fresh formul xvpe,68,EGP,كلوس اب,العناية اليومية>العناية بالفم و الاسنان,in stock,https://chefaa.com:443/eg-ar/nowProduct/closeup-red-triple-fresh-formul-100-xvpe,https://cdn.chefaa.com/filters:format(webp)/public/uploads/products/closeup-red-triple-fresh-formul-100-31wr-01665407790.png,https://cdn.chefaa.com/filters:format(webp)/public/uploads/products/closeup-red-triple-fresh-formul-100-31wr-01665407790.png,عن هذا المنتج     كلوس أب | ريد تريبل فريش | 100 مل,ماركة: كلوس اب
54603,اولويز | ماكسي نايت بالصبار | 7 قطع,always maxi night aloe vera 7x16jQy3,35,EGP,أولويز,العناية اليومية>العناية النسائية,in stock,https://chefaa.com:443/eg-ar/nowProduct/always-maxi-night-aloe-vera-7x16jQy3,https://cdn.chefaa.com/filters:format(webp)/public/uploads/products/always-maxi-night-aloe-vera-7x16jqy3-01735736742.png,https://cdn.chefaa.com/filters:format(webp)/public/uploads/products/always-maxi-night-aloe-vera-7x16jqy3-01735736742.png,مميزات المنتج   اولويز | ماكسي نايت بالصبار | 7 قطع,ماركة: أولويز
48082,مود | بودى ميلك هاواى | 200مل,mood hawaii body milk 200ml 9yl2_du3YuSSD,80,EGP,مود,العناية اليومية>العناية بالجسم و الاستحمام,in stock,https://chefaa.com:443/eg-ar/nowProduct/mood-hawaii-body-milk-200ml-9yl2_du3YuSSD,https://cdn.chefaa.com/filters:format(webp)/public/uploads/products/mood-hawaii-body-milk-200ml-zi6b-01703618888.png,https://cdn.chefaa.com/filters:format(webp)/public/uploads/products/mood-hawaii-body-milk-200ml-zi6b-01703618888.png,مميزات المنتج   مود | بودى ميلك هاواى | 200مل,ماركة: مود
45400,1+1 كولاجرا | غسول تفتيح للبكيني و تحت الابط | 200مل,kolagra bikini whitening wash vitamin c_du2L2Nbm,209,EGP,كولاجرا,العناية اليومية>العناية النسائية,in stock,https://chefaa.com:443/eg-ar/nowProduct/kolagra-bikini-whitening-wash-vitamin-c_du2L2Nbm,https://cdn.chefaa.com/filters:format(webp)/public/uploads/products/kolagra-bikini-whitening-wash-vitamin-c-01667394464.png,https://cdn.chefaa.com/filters:format(webp)/public/uploads/products/kolagra-bikini-whitening-wash-vitamin-c-01667394464.png,"مميزات المنتج   غسول كولاجرا فيتامين سي أحد مستحضرات العناية بالبشرة المخصصة لتفتيح المناطق الحساسة , يتميز بمكونات طبيعية 100% تخفف من البقع الداكنة والتصبغات وتجدد خلايا الجلد وتحمى البشرة من الالتهابات والتهيج   عن هذا المنتج       غسول كولاجرا فيتامين سي أحد مستحضرات العناية بالبشرة المخصصة لتفتيح المناطق الحساسة , يتميز بمكونات طبيعية 100% تخفف من البقع الداكنة والتصبغات وتجدد خلايا الجلد وتحمى البشرة من الالتهابات والتهيج    مكونات kolagra bikini whitening wash :    يحتوي غسول كولاجرا تفتيح البكينى على العديد من المكونات أهمها :      خلاصة التوت البري : تساعد على تقليل إنتاج صبغة الميلانين التي تسبب اسمرار الجلد ،وله تأثير مضاد للالتهاب والبكتريا.    تجديد خلايا الجلد    حمض البنزويك : له تأثير مضاد للبكتيريا     نياسيناميد : يخفف من التصبغات و البقع واسمرار الجلد    حمض اللاكتيك : يعمل كمقشر للجلد ويساعد على توحيد لون البشرة    الريزورسينول : يقوم بإزالة الجلد الميت ويخفف من إلتهابات البشرة    فيتامين سي : مضاد للأكسدة يحمى البشرة من السموم     فيتامين هـ : مضاد للأكسدة ويحمى البشرة من العوامل المحيطة    خلاصة العرقسوس :  ملطف للجلد ويساعد على توحيد لون البشرة    خلاصة الصبار : يرطب البشرة ويخفف من الالتهاب والتهيج     زيت الخروع : مرطب قوى للجلد      فوائد غسول كولاجرا الغني بفيتامين سي :      تنظيف البشرة     التخلص من الرائحة المزعجة    لا يسبب تغير في درجة حموضة المنطقة ( PH )    علاج التصبغات واسمرار البشرة      طريقة إستعمال كولاجرا غسول فيتامين سي :      ضعى كميه من الغسول فى راحة يديك ثم افركيها مع الماء الدافىء لتكوين رغوة    قومى بتنظيف المنطقة الحساسة بلطف     اغسلي المنطقة بالماء الدافئ ثم قومي بتجفيفها بلطف      حجم غسول كولاجرا تفتيح المناطق الحساسه :    يتوافر غسول التفتيح من كولاجرا بحجم 200 مل    سعر غسول تفتيح منطقة البكيني كولاجرا  :    يبلغ سعر غسول kolagra حوالي 169 جنيه مصرى "" قد يتغير السعر من مكان لآخر ومن وقت لآخر ""    ما افضل غسول للمنطقة الحساسة للمتزوجات ؟    عند اختيارك الغسول النسائى تحتاجين فقط إلى التأكد من أن الغسول يتميز بالآتي :       خالى من أي مواد كيميائية قاسية تخل بالتوازن فى درجة حموضة فى المنطقة الحساسة، لذا تأكد من أن المنتج الذي تختاره طبيعي قدر الإمكان.    يجب أن يكون خفيف على البشرة     لا يجب أن تكون له رائحة قوية ,الرائحة القوية تشير إلى أن المنتج مليء بالمواد الكيميائية       هل استخدام الغسول النسائى آمن؟    قد يشعر البعض بالقلق من فكرة وضع أي شيء على مثل هذه المنطقة الحساسة من الجسم، ولكن إذا قمت بشراء غسول طبيعى خالى من المواد الكيميائية والروائح ومن علامة تجارية موثوقة  ، فلا داعي للقلق.    أيهما أفضل الغسول النسائى أم الصابون ؟    الغسول النسائى أفضل ,لأن غالبية أنواع الصابون أو غسولات الجسم العادية تحتوي على الكثير من المواد الكيميائية القاسية ولها درجة حموضة عالية ، لا تتناسب مع درجة حموضة المنطقة الحساسة لذا من الجيد تجنب الصابون المعطر لأنه قد يسبب تهيج بالمنطقة    كم مرة يستخدم الغسول النسائى ؟    يمكن استخدام الغسول مرة يومياً وخلال فترة الدورة الشهرية يفضل إستخدامه أكثر من مرة واحدة في اليوم    أفضل علاج لاسمرار المنطقة الحساسة ؟    أولاً يجب تجنب العوامل المسببة لاسمرار الجلد مثل      الملابس الداخلية الاصطناعية الضيقة     جفاف البشرة     الإحتكاك     تناول المضادات الحيوية دون الرجوع للطبيب لأن ذلك قد يؤدي لقتل البكتيريا النافعة الموجودة فى المنطقة والإصابة بالعدوى المهبلية المتكررة التي تسبب إفرازات ذات رائحة كريهة وحكة      عدم إزالة الشعر من المنطقة بانتظام      ثانياً إستخدام الغسول النسائى الخالي من الروائح والمواد الكيميائية     ثالثاً إستخدام منتجات تفتيح البشره مثل كريمات التفتيح أو التقشير ولكن يجب اختيار كريمات خفيفة حتى لا تسبب تهيج بالجلد    ﻿",ماركة: كولاجرا
18037,نيفيا | مزيل للعرق بروتكت اند كير رول اون للنساء | 50مل,nivea protect care deodorant 50ml ux0l,75,EGP,نيفيا,العناية اليومية>العناية النسائية,in stock,https://chefaa.com:443/eg-ar/nowProduct/nivea-protect-care-deodorant-50ml-ux0l,https://cdn.chefaa.com/filters:format(webp)/public/uploads/products/nivea-protect-care-deodorant-50ml-ux0l-01655209637.png,https://cdn.chefaa.com/filters:format(webp)/public/uploads/products/nivea-protect-care-deodorant-50ml-ux0l-01655209637.png,مميزات المنتج   نيفيا | مزيل للعرق بروتكت اند كير رول اون للنساء | 50مل   عن هذا المنتج     حماية فعالة لمدة 48 ساعة من مضادات التعرق ورعاية نيفيا اللطيفة.   بمكونات كريم نيفيا الثمينة ورائحتها الفريدة.   لشعور بشرة ناعمة.   0٪ كحول إيثيلي ، غير مهيج.   تحمل الجلد معتمد من قبل أطباء الجلدية.   نيفيا بروتكت آند كير مضاد التعرق للنساء هو تركيبة لطيفة ولطيفة قوية على العرق ولكنها ناعمة على البشرة.   تم تركيبه مع الحماية من التعرق ومُشبع برائحته الفريدة ، يحتوي مزيل العرق المضاد للتعرق للحماية والعناية من نيفيا للنساء على مكونات كريم نيفيا التي تعمل على تنعيم وترطيب بشرتك مع منحها 48 ساعة من الحماية الموثوقة ضد العرق ورائحة الجسم.   يترك مزيل العرق غير المهيج منطقة الإبطين ناعمًا وناعمًا ومنتعشًا.   نيفيا مائة عام من العناية بالبشرة مدى الحياة!,ماركة: نيفيا
18470,فوج | برفان سبراي ديناميك للرجال | 120مل,fogg dynamic perfume spray for men 120ml d9ff,132,EGP,فوج,العناية اليومية>العناية الرجالية,in stock,https://chefaa.com:443/eg-ar/nowProduct/fogg-dynamic-perfume-spray-for-men-120ml-d9ff,https://cdn.chefaa.com/filters:format(webp)/public/uploads/products/fogg-dynamic-perfume-spray-for-men-120ml-d9ff-01738335679.png,https://cdn.chefaa.com/filters:format(webp)/public/uploads/products/fogg-dynamic-perfume-spray-for-men-120ml-d9ff-01738335679.png,مميزات المنتج   فوج | برفان سبراي ديناميك للرجال | 120مل,ماركة: فوج
20858,شاور جل نيفيا للرجال ديب كلين بحبيبات الطمي | 250 مل,nivea men deep shower gel micro fine clay woody scent 250ml wu5m,130,EGP,نيفيا,العناية اليومية>العناية الرجالية,in stock,https://chefaa.com:443/eg-ar/nowProduct/nivea-men-deep-shower-gel-3-in-1-micro-fine-clay-woody-scent-250ml-wu5m,https://cdn.chefaa.com/filters:format(webp)/public/uploads/products/nivea-men-deep-shower-gel-3-in-1-micro-fine-clay-woody-scent-250ml-wu5m-01675002954.png,https://cdn.chefaa.com/filters:format(webp)/public/uploads/products/nivea-men-deep-shower-gel-3-in-1-micro-fine-clay-woody-scent-250ml-wu5m-01675002954.png,مميزات المنتج   يتميز شاور جل نيفيا للرجال بما يلي: له تركيبة مميزة تساعد على التنظيف العميق. يمكن استخدامه للجسم والوجه والشعر. يعادل درجة حموضة البشرة. يكسب الجسم رائحة جميلة ومنعشة. سعر شاور جيل نيفيا للرجال مناسب مقارنة بحجمه وفوائده العديدة.   عن هذا المنتج     مكونات شاور جل نيفيا للرجال يحتوي جل استحمام نيفيا للرجال على: الجلسرين: يرطب وينعم البشرة. حمض الستريك: يساعد على تنظيف البشرة والتخلص من البكتيريا. حجم شاور جل رجالي يتوفر نيفيا جل الاستحمام للجسم والشعر بحجم 250 مل. يوصى باستعمال nivea men shower gel ل: شاور جل نيفيا للرجال مناسب للاستخدام اليومي والعناية بالجسم والشعر وهو يتميز بتركيبة غنية تساعد على التنظيف العميق وتكسب الجسم رائحة جميلة ومنعشة. ما هو أفضل شاور جل للرجال؟ اكس جيل للاستحمام. شاور جيل اديداس. غسول نيفيا ديب للرجال (nivea deep clean shower gel). شاور جل لوريال للرجال.,ماركة: نيفيا
61234,كلوز اب | معجون أسنان بالفحم وجوز الهند | 75مل,close charcoal coco toothpaste 75ml srzd,72,EGP,كلوس اب,العناية اليومية>العناية بالفم و الاسنان,in stock,https://chefaa.com:443/eg-ar/nowProduct/close-up-charcoal-coco-toothpaste-75ml-srzd,https://cdn.chefaa.com/filters:format(webp)/public/uploads/products/close-up-charcoal-coco-toothpaste-75ml-ps1f-01751371169.png,https://cdn.chefaa.com/filters:format(webp)/public/uploads/products/close-up-charcoal-coco-toothpaste-75ml-ps1f-01751371169.png,مميزات المنتج   كلوز اب | معجون أسنان بالفحم وجوز الهند | 75مل,ماركة: كلوس اب
18466,فوج | برفان سبراي أبسلوت للرجال | 120مل,fogg absolute perfume spray for men 120ml wwpx,130,EGP,فوج,العناية اليومية>العناية الرجالية,in stock,https://chefaa.com:443/eg-ar/nowProduct/fogg-absolute-perfume-spray-for-men-120ml-wwpx,https://cdn.chefaa.com/filters:format(webp)/public/uploads/products/fogg-absolute-perfume-spray-for-men-120ml-wwpx-01722763458.png,https://cdn.chefaa.com/filters:format(webp)/public/uploads/products/fogg-absolute-perfume-spray-for-men-120ml-wwpx-01722763458.png,مميزات المنتج   فوج | برفان سبراي أبسلوت للرجال | 120مل,ماركة: فوج
55431,فوج | بخاخ معطر ومزيل عرق للجيب سيدار | 17مل,fogg pocket spray cedar17mlZn0r,40,EGP,فوج,العناية اليومية>,in stock,https://chefaa.com:443/eg-ar/nowProduct/fogg-pocket-spray-cedar17mlZn0r,https://cdn.chefaa.com/filters:format(webp)/public/uploads/products/fogg-pocket-spray-cedar17mlzn0r-01733089130.png,https://cdn.chefaa.com/filters:format(webp)/public/uploads/products/fogg-pocket-spray-cedar17mlzn0r-01733089130.png,مميزات المنتج   فوج | بخاخ معطر ومزيل عرق للجيب سيدار | 17مل,ماركة: فوج
397,نيفيا | مزيل العرق فريش ناتشورال سبراي للنساء | 150مل,nivea fresh natural spray for women 150ml,150,EGP,نيفيا,العناية اليومية>العناية النسائية,in stock,https://chefaa.com:443/eg-ar/nowProduct/nivea-fresh-natural-spray-for-women-150ml,https://cdn.chefaa.com/filters:format(webp)/public/uploads/products/nivea-fresh-natural-spray-for-women-150ml-01655218078.png,https://cdn.chefaa.com/filters:format(webp)/public/uploads/products/nivea-fresh-natural-spray-for-women-150ml-01655218078.png,مميزات المنتج   نيفيا | مزيل العرق فريش ناتشورال سبراي للنساء | 150مل   عن هذا المنتج     ﻿ ﻿ ﻿ مزيل العرق الطبيعي من نيفيا مع مستخلصات المحيط يوفر الثقة الحقيقية لحماية فعالة من مزيل العرق على مدار 24 ساعة مما يوفر شعورًا جديدًا.,ماركة: نيفيا
5880,كير فري | بلس فوط صحية يومية عطر خفيف كبيرة | 48 قطعة,carefree plus pads light scent 48pieces sxah,207,EGP,كيرفري,العناية اليومية>العناية النسائية,in stock,https://chefaa.com:443/eg-ar/nowProduct/carefree-plus-pads-light-scent-48pieces-sxah,https://cdn.chefaa.com/filters:format(webp)/public/uploads/products/carefree-plus-pads-light-scent-48pieces-sxah-01723660945.png,https://cdn.chefaa.com/filters:format(webp)/public/uploads/products/carefree-plus-pads-light-scent-48pieces-sxah-01723660945.png,مميزات المنتج   فوط كير فري بلس اليومية الكبيرة تتميّز هذه الفوط بامتصاص سريع يحبس البلل يمنحك حمايةً وانتعاشاً وثقةً أطول. كما أنّ سطحها الناعم الملمس يزوّدك بشعورٍ مريح. شريط واقٍ يحمي ملابسك الداخليّة المفضّلة. حماية وتحكّم ضد الرائحة تدوم 12 ساعة. أطول وأعرض من الفوط اليومية العادية. غير مرئية ومريحة لانتعاش اليومي. تمّ اختبارها من قبل أطباء الجلد، غطاء مريح ناعم الملمس.,ماركة: كيرفري
31689,كيتادان | شامبو | 200مل,kitadan shampoo for all hairs b2v3,199,EGP,No Brand,العناية اليومية>,in stock,https://chefaa.com:443/eg-ar/nowProduct/kitadan-shampoo-for-all-hairs-200-ml-b2v3,https://cdn.chefaa.com/filters:format(webp)/public/uploads/products/kitadan-shampoo-for-all-hairs-200-ml-w7bx-01694352778.png,https://cdn.chefaa.com/filters:format(webp)/public/uploads/products/kitadan-shampoo-for-all-hairs-200-ml-w7bx-01694352778.png,مميزات المنتج   كيتادان | شامبو | 200مل,raw_specs: المواصفات
46181,دابر | معجون اسنان عناية شاملة المسواك جولد | 75 جم,dabur miswak gold fresh toothpaste arak extracts strong teeth healthy gums fights plaque 75gm olpp_du979UzB,25,EGP,دابر أملا,العناية اليومية>العناية بالفم و الاسنان,in stock,https://chefaa.com:443/eg-ar/nowProduct/dabur-miswak-gold-fresh-toothpaste-al-arak-extracts-strong-teeth-healthy-gums-fights-plaque-75gm-olpp_du979UzB,https://cdn.chefaa.com/filters:format(webp)/public/uploads/products/dabur-miswak-gold-fresh-toothpaste-al-arak-extracts-strong-teeth-healthy-gums-fights-plaque-75gm-olpp-01721733385.png,https://cdn.chefaa.com/filters:format(webp)/public/uploads/products/dabur-miswak-gold-fresh-toothpaste-al-arak-extracts-strong-teeth-healthy-gums-fights-plaque-75gm-olpp-01721733385.png,عن هذا المنتج     دابر | معجون اسنان عناية شاملة المسواك جولد | 75 جم,ماركة: دابر أملا
21150,فوط يوميه فريش دايز للنساء - معطرة | 72 قطعة,freshdays sanitary napkins pcs zgnn,176,EGP,فريش دايز,العناية اليومية>العناية النسائية,in stock,https://chefaa.com:443/eg-ar/nowProduct/freshdays-sanitary-napkins-72-pcs-zgnn,https://cdn.chefaa.com/filters:format(webp)/public/uploads/products/freshdays-sanitary-napkins-72-pcs-s8rv-01656253433.png,https://cdn.chefaa.com/filters:format(webp)/public/uploads/products/freshdays-sanitary-napkins-72-pcs-s8rv-01656253433.png,مميزات المنتج   تتميز فوط صحية فريش دايز بما يلي: لها ملمس قطني ناعم يوفر الراحة ويحمي من الالتهابات. توفر قدرة فائقة لامتصاص السوائل. تمنع تكون الروائح الكريهة وتكسبك شعور بالانتعاش والراحة. يتوفر منها أنواع بروائح مميزة ومنعشة. سعر فوط يومية فريش دايز مناسب مقارنة بفوائدها العديدة.   عن هذا المنتج     مكونات فوط يوميه فريش دايز تحتوي فوط يوميه فريش دايز على: طبقة حماية تساعد على امتصاص السوائل وتوزيعها بشكل متساوي. سطح قطني ناعم. جوانب لمنع التسرب. حجم freshdays daily pads تتوفر freshdays daily pads على هيئة عبوة تحتوي على 72 قطعة. يوصى باستعمال فوط فريش دايز اليوميه ل  توفر فوط فريش دايز اليوميه قدرة عالية على امتصاص السوائل وإحساساً بالأمان والراحة يدوم طويلاً، بالإضافة إلى رائحتها المنعشة والمميزة. ما هى أنواع فوط فريش دايز ؟ فريش دايز فوط يومية حجم عادي معطرة. فريش دايز فوط نسائية عادية. فريش دايز فوط يومية طويلة. فريش دايز فوط يومية عادية 2x1. فريش دايز فوط يومية طويلة معطرة.,ماركة: فريش دايز
50111,فوج | بخاخ عطري للجيب - ديناميكي | 17 مل,fogg perfume spray pocket qbju,40,EGP,No Brand,العناية اليومية>,in stock,https://chefaa.com:443/eg-ar/nowProduct/fogg-perfume-spray-pocket-17-ml-qbju,https://cdn.chefaa.com/filters:format(webp)/public/uploads/products/fogg-perfume-spray-pocket-17-ml-m4sz-01730807304.png,https://cdn.chefaa.com/filters:format(webp)/public/uploads/products/fogg-perfume-spray-pocket-17-ml-m4sz-01730807304.png,مميزات المنتج   فوج | بخاخ عطري للجيب - ديناميكي | 17 مل   عن هذا المنتج     فوج | بخاخ عطري للجيب - ديناميكي | 17 مل,raw_specs: المواصفات
50113,فوج | بخاخ عطري للجيب - ماستر أوك | 17 مل,fogg pocket spray master oak 17ml bbrr,55,EGP,No Brand,العناية اليومية>,in stock,https://chefaa.com:443/eg-ar/nowProduct/fogg-pocket-spray-master-oak-17ml-bbrr,https://cdn.chefaa.com/filters:format(webp)/public/uploads/products/fogg-pocket-spray-master-oak-17ml-jiwx-01730807513.png,https://cdn.chefaa.com/filters:format(webp)/public/uploads/products/fogg-pocket-spray-master-oak-17ml-jiwx-01730807513.png,مميزات المنتج   فوج | بخاخ عطري للجيب - ماستر أوك | 17 مل   عن هذا المنتج     فوج | بخاخ عطري للجيب - ماستر أوك | 17 مل,raw_specs: المواصفات
55780,لوكس | صابون سحر زهرة الاوركيد | 165جم,lux soap magical beauty gmD288,35,EGP,لوكس,العناية اليومية>,in stock,https://chefaa.com:443/eg-ar/nowProduct/lux-soap-magical-beauty-165-gmD288,https://cdn.chefaa.com/filters:format(webp)/public/uploads/products/lux-soap-magical-beauty-165-gmd288-01734555005.png,https://cdn.chefaa.com/filters:format(webp)/public/uploads/products/lux-soap-magical-beauty-165-gmd288-01734555005.png,مميزات المنتج   لوكس | صابون سحر زهرة الاوركيد | 165جم,ماركة: لوكس
20642,نيفيا | مزيل للعرق بلاك اند وايت اينفزابيل كلين رول اون للنساء | 50مل,nivea black white invisible clean antiperspirant for women roll 50ml yboo,110,EGP,نيفيا,العناية اليومية>العناية النسائية,in stock,https://chefaa.com:443/eg-ar/nowProduct/nivea-black-white-invisible-clean-antiperspirant-for-women-roll-on-50ml-yboo,https://cdn.chefaa.com/filters:format(webp)/public/uploads/products/nivea-black-white-invisible-clean-antiperspirant-for-women-roll-on-50ml-mjwq-01655210296.png,https://cdn.chefaa.com/filters:format(webp)/public/uploads/products/nivea-black-white-invisible-clean-antiperspirant-for-women-roll-on-50ml-mjwq-01655210296.png,مميزات المنتج   نيفيا | مزيل للعرق بلاك اند وايت اينفزابيل كلين رول اون للنساء | 50مل   عن هذا المنتج     تركيبة جديدة 5 في 1: مضاد للرائحة ، مضاد للعرق ، مضاد للبقع ، مضاد للبقايا ، مضاد للتهيج.   يوفر حماية موثوقة من مضادات التعرق لمدة 48 ساعة.   حماية علامة بيضاء على تلطيخ الأسود والأصفر على الأبيض.   لا يحتوي على الكحول الإيثيلي أو الملونات.   تم إثبات توافقه مع البشرة من قبل أطباء الجلدية.   مزيل التعرق إنفيزبل كلين من نيفيا للنساء هو تركيبة فريدة تحمي ملابسك من العلامات البيضاء والبقع الصفراء ، ويبقى الأسود والأبيض أبيض لفترة أطول.   تم تركيبه مع حماية موثوقة من مضادات التعرق لمدة 48 ساعة ومُشبع برائحة منعشة تدوم طويلاً ، مزيل العرق نيفيا بلاك آند وايت إنفيزيبل كلين مضاد للتعرق للنساء يترك بشرتك نظيفة ومنتعشة مع التخلص من العرق ورائحة الجسم.   نيفيا ، مائة عام من العناية بالبشرة مدى الحياة!,ماركة: نيفيا
48378,1+1 بيزلين | مزيل عرق ومفتح للبشرة رول أون | 50مل,beesline whitening roll deo super dry powder soft 50ml w2so_dunq8dFL_duRtzp9V,550,EGP,بيزلين,العناية اليومية>العناية بالجسم و الاستحمام,in stock,https://chefaa.com:443/eg-ar/nowProduct/beesline-whitening-roll-on-deo-super-dry-powder-soft-50ml-w2so_dunq8dFL_duRtzp9V,https://cdn.chefaa.com/filters:format(webp)/public/uploads/products/beesline-whitening-roll-on-deo-super-dry-powder-soft-50ml-w2so-dunq8dfl-01724758493.png,https://cdn.chefaa.com/filters:format(webp)/public/uploads/products/beesline-whitening-roll-on-deo-super-dry-powder-soft-50ml-w2so-dunq8dfl-01724758493.png,مميزات المنتج   1+1 بيزلين | مزيل عرق ومفتح للبشرة رول أون | 50مل   عن هذا المنتج     1+1 بيزلين | مزيل عرق ومفتح للبشرة رول أون | 50مل,ماركة: بيزلين
46607,افوفا | عطر للنساء سبلاش للجسم برائحة الزهور | 253مل,avuva body splash floral 253ml bzht_dueejunT,180,EGP,أفوفا,العناية اليومية>العناية بالجسم و الاستحمام,in stock,https://chefaa.com:443/eg-ar/nowProduct/avuva-body-splash-floral-253ml-bzht_dueejunT,https://cdn.chefaa.com/filters:format(webp)/public/uploads/products/avuva-body-splash-floral-253ml-uu9e-01708259984.png,https://cdn.chefaa.com/filters:format(webp)/public/uploads/products/avuva-body-splash-floral-253ml-uu9e-01708259984.png,مميزات المنتج   افوفا | عطر للنساء سبلاش للجسم برائحة الزهور | 253مل,ماركة: أفوفا
5923,إيڤا سموكرز | بودرة للمدخنين بنكهة المسواك | 40جم,eva smokers tooth powder with miswak flavor ed3n,45,EGP,إيڤا,العناية اليومية>,in stock,https://chefaa.com:443/eg-ar/nowProduct/eva-smokers-tooth-powder-with-miswak-flavor-40-gm-ed3n,https://cdn.chefaa.com/filters:format(webp)/public/uploads/products/1619718325eva-smokers-tooth-powder-with-miswak-flavor-40gm-chefaajpg,https://cdn.chefaa.com/filters:format(webp)/public/uploads/products/1619718325eva-smokers-tooth-powder-with-miswak-flavor-40gm-chefaajpg,عن هذا المنتج       تترك العادات اليومية آثاراً سلبية على الأسنان لذا عليكم باستخدام بودرة إيڤا سموكرز لتبييض الأسنان بنكهاتها الأربع المنعشة وذلك للتخلص من الآثار والبقع الناتجة عن القهوة والنيكوتين مما سيعيد إليكم الابتسامة المشرقة والصحية.,ماركة: إيڤا
18098,جيليت | فوم حلاقة رجالي رغوة الحلاقة العادية | 200مل,gillette regular shaving foam for men 200ml mymh,250,EGP,جيليت,العناية اليومية>العناية الرجالية,in stock,https://chefaa.com:443/eg-ar/nowProduct/gillette-regular-shaving-foam-for-men-200ml-mymh,https://cdn.chefaa.com/filters:format(webp)/public/uploads/products/gillette-regular-shaving-foam-for-men-200ml-mymh-01722324794.png,https://cdn.chefaa.com/filters:format(webp)/public/uploads/products/gillette-regular-shaving-foam-for-men-200ml-mymh-01722324794.png,مميزات المنتج   يتميز فوم حلاقة جيليت gillette shaving foam بما يلي: قوام كثيف لراحة مثلى أثناء الحلاقة. تركيبة مرطبة تحمي البشرة من الجفاف. رغوة غنية وسهلة التوزيع والشطف. تركيبة تعمل على تليين شعر اللحية لتجربة حلاقة سلسة. عبوة عملية واقتصادية للاستخدام الأمثل. سعر فوم حلاقة جيليت مناسب بالمقارنة مع فائدته وفعاليته المميزة وحجمه.   عن هذا المنتج     مكونات فوم حلاقة جيليت  يحتوي فوم حلاقة جيليت على:  ماء (Aqua): يرطب البشرة بعمق ويعدها للحلاقة، مما يساعد على تليين الشعر وتحسين سهولة الانزلاق.  حمض الستريك (Stearic Acid): يساهم في تكثيف الرغوة ويعمل على تكوين رغوة غنية وكثيفة، مما يعزز من تجربة الحلاقة ويقلل الاحتكاك.  ايزوبيوتان (Isobutane): يعمل كغاز دافع، مما يتيح توزيع الرغوة بشكل متساوي وسهل من العلبة، لضمان التوزيع المثالي على الوجه.  ثنائي الميثيكون (Dimethicone): يطري البشرة بشكل فعال ويمنع الجفاف، مما يضمن حلاقة سلسة ومريحة دون التسبب في تهيج أو خشونة البشرة.  حجم عبوة رغوة حلاقة gillette  يتوفر gillette shaving foam بحجم 200 مل من الرغوة المخصصة للحلاقة.  يوصى باستعمال جيليت فوم حلاقة  يوصى باستعمال  gillette shaving foam لجميع أنواع البشرة فهو مناسب للرجال الذين يبحثون عن حلاقة ناعمة ومريحة.  سعر فوم حلاقة جيليت  سعر فوم الحلاقة جيليت العبوة بحجم 200 مل يتراوح ما بين حوالي 190 جنيه مصري حتى 213.75 جنيه مصري (قد يتغير سعر المنتج وفقًا لتحديثه بالصيدليات أو حسب العروض المتاحة).  فوائد فوم حلاقة جيليت  تضمن حلاقة مريحة وناعمة.  ترطيب مناسب للبشرة لمنع الجفاف والتهيج.  سهولة الانتشار والشطف تجعل الاستخدام مريحًا وسريعًا.  تحسن من عملية الحلاقة وتجعلها أكثر سهولة ومتعة.  طريقة استخدام جيليت فوم حلاقة رجالي  بلل وجهك بالماء الدافئ لتحضير البشرة.  ضع كمية مناسبة من الرغوة ودلكها على الوجه.  ابدأ بالحلاقة باتجاه نمو الشعر للحصول على أفضل النتائج.  بعد الانتهاء من الحلاقة، اشطف وجهك بالماء النظيف لإزالة الرغوة المتبقية.  ما أفضل كريم حلاقة للرجال ؟  مان لوك Man Look  نيفيا Nivea  انجرام Ingram  شيف كود Shave code  تمارا Tamara  ما أرخص فوم حلاقة للرجال ؟  نيفيا Nivea  جيليت Gillette  انجرام Ingram  لورد Lord,ماركة: جيليت
2740,لابيلو | مرطب للشفاه كلاسيك | 4.8جم,labello classic lip care 48gm,120,EGP,لابيلو,العناية اليومية>العناية النسائية,in stock,https://chefaa.com:443/eg-ar/nowProduct/labello-classic-lip-care-48gm,https://cdn.chefaa.com/filters:format(webp)/public/uploads/products/labello-classic-lip-care-48gm-01655124381.png,https://cdn.chefaa.com/filters:format(webp)/public/uploads/products/labello-classic-lip-care-48gm-01655124381.png,مميزات المنتج   لابيلو | مرطب للشفاه كلاسيك | 4.8جم   عن هذا المنتج     مع زبدة الشيا والزيوت الطبيعية.   خالي من الزيوت المعدنية - يحافظ على شفتيك ناعمة ونضرة طوال اليوم.   يحمي شفتيك من الجفاف.   يذوب في شفتيك ويحافظ عليها رطبة لمدة 24 ساعة.   96٪ مشتق بشكل طبيعي.   يحافظ مرطب الشفاه Labello Caring على ترطيب شفتيك لمدة 24 ساعة.   التركيبة مع زبدة الشيا والزيوت الطبيعية مشتقة بشكل طبيعي بنسبة 96٪ وخالية من الزيوت المعدنية.   سيحافظ مرطب الشفاه هذا على شفاهك ناعمة ونضرة بشكل جميل طوال اليوم وكل يوم.   تتميز التركيبة الفريدة بقوام ناعم لطيف يذوب على الفور في شفتيك ويحافظ عليها رطبة.   تمت الموافقة على توافق البشرة مع مستحضر العناية بالشفاه هذا من قبل أطباء الجلدية.   تم اختباره إكلينيكيًا.,ماركة: لابيلو
45618,تيترا جلو | غسول فوم تفتيح المناطق الحساسة | 200مل,tetra glow whitening facial cleanser 200ml rpz5_duPyLPTK_duwCFYhE,240,EGP,No Brand,العناية اليومية>العناية النسائية,in stock,https://chefaa.com:443/eg-ar/nowProduct/tetra-glow-whitening-facial-cleanser-200ml-rpz5_duPyLPTK_duwCFYhE,https://cdn.chefaa.com/filters:format(webp)/public/uploads/products/tetra-glow-whitening-facial-cleanser-200ml-rpz5-dupylptk-01724767349.png,https://cdn.chefaa.com/filters:format(webp)/public/uploads/products/tetra-glow-whitening-facial-cleanser-200ml-rpz5-dupylptk-01724767349.png,مميزات المنتج   تيترا جلو | غسول فوم تفتيح المناطق الحساسة | 200مل,raw_specs: المواصفات
45700,جيليت | ماكينة حلاقة بلو 3 الحساسة للاستخدام مرة واحدة مع جل | 12 قطعة,gillette blue3 sensitive disposable razors with comfort gel pcs ywlh_dukFQVcV,445,EGP,جيليت,العناية اليومية>العناية الرجالية,in stock,https://chefaa.com:443/eg-ar/nowProduct/gillette-blue3-sensitive-disposable-razors-with-comfort-gel-12-pcs-ywlh_dukFQVcV,https://cdn.chefaa.com/filters:format(webp)/public/uploads/products/gillette-blue3-sensitive-disposable-razors-with-comfort-gel-12-pcs-awg3-01719817018.png,https://cdn.chefaa.com/filters:format(webp)/public/uploads/products/gillette-blue3-sensitive-disposable-razors-with-comfort-gel-12-pcs-awg3-01719817018.png,عن هذا المنتج     جيليت | ماكينة حلاقة بلو 3 الحساسة للاستخدام مرة واحدة مع جل | 12 قطعة,ماركة: جيليت
5922,ايفا سموكرز بودرة تنظيف الأسنان بنكهة المنثول | 40جم,eva smokers tooth powder with menthol flavor wqqy,45,EGP,إيڤا,العناية اليومية>,in stock,https://chefaa.com:443/eg-ar/nowProduct/eva-smokers-tooth-powder-with-menthol-flavor-40-gm-wqqy,https://cdn.chefaa.com/filters:format(webp)/public/uploads/products/eva-smokers-tooth-powder-with-menthol-flavor-40-gm-wqqy-01721490223.png,https://cdn.chefaa.com/filters:format(webp)/public/uploads/products/eva-smokers-tooth-powder-with-menthol-flavor-40-gm-wqqy-01721490223.png,مميزات المنتج   تتميز ايفا سموكرز بودرة تنظيف الأسنان بما يلي: تساعد على إزالة البقع وتصبغات الأسنان التي تحدث نتيجة التدخين وكثرة شرب القهوة. تحافظ على صحة الأسنان وتحمي من ألم والتهاب الأسنان. تتوفر بنكهات مختلفة لتناسب الأذواق المتعددة. تساعدك للحصول على أسنان بيضاء ونظيفة. تحمي من التسوس وتكسبك إحساساً بالانتعاش. لا تسبب ضرراً لمينا الأسنان. سعر ايفا سموكرز بودرة تنظيف الأسنان مناسب مقارنة بفوائدها العديدة.   عن هذا المنتج     مكونات ايفا سموكرز بودرة تنظيف الأسنان   تختلف المكونات بين الأنواع المختلفة لبودرة إيفا للأسنان، وتشمل:   بيكربونات الصوديوم: تساعد على تبييض الأسنان وتقليل البقع.  الفحم النشط: يساهم في علاج اصفرار الأسنان والحصول على أسنان أكثر بياضاً.  طين البنتونيت: يحافظ على صحة الأسنان واللثة، ويقلل فرص تكون البكتيريا والفطريات.  المسواك.  المنتول.  حجم eva smokers tooth powder   تتوفر eva smokers tooth powder بحجم 40 جم.  يوصى باستعمال ايفا سموكرز بودرة تنظيف الأسنان ل  بودرة ايفا سموكرز مناسبة لمن يعانون من اصفرار وتصبغات الأسنان، فهي تساعد على تبييض الأسنان وعلاج البقع وكذلك تعطي رائحة جميلة ومنعشة للفم.  ما هي أنواع ايفا سموكرز بودرة تنظيف الأسنان؟  بودرة بنكهة القرنفل.  بودرة بنكهة المينتول.  بودرة ايفا بالفلورين.  ايفا سموكرز بالمسواك.,ماركة: إيڤا
20999,سيجنال | معجون اسنان وايتنج وسط | 50مل,signal whitening medium wucv,42,EGP,سيجنال,العناية اليومية>العناية بالفم و الاسنان,in stock,https://chefaa.com:443/eg-ar/nowProduct/signal-whitening-medium-wucv,https://cdn.chefaa.com/filters:format(webp)/public/uploads/products/signal-whitening-medium-wucv-01655819154.png,https://cdn.chefaa.com/filters:format(webp)/public/uploads/products/signal-whitening-medium-wucv-01655819154.png,مميزات المنتج   سيجنال | معجون اسنان وايتنج وسط | 50مل,ماركة: سيجنال
50062,اولويز | فوط صحية للحماية المكثفة بلمسة الالوفيرا طويلة ماكسي سميكة | 18 قطعة + 2 قطعة مجانا,always protect plus pads with touch aloe vera long maxi thick pcs pcs free xli4,55,EGP,أولويز,العناية اليومية>العناية النسائية,in stock,https://chefaa.com:443/eg-ar/nowProduct/always-protect-plus-pads-with-touch-of-aloe-vera-long-maxi-thick-18-pcs-2-pcs-free-xli4,https://cdn.chefaa.com/filters:format(webp)/public/uploads/products/always-protect-plus-pads-with-touch-of-aloe-vera-long-maxi-thick-18-pcs-2-pcs-free-bqpr-01730723426.png,https://cdn.chefaa.com/filters:format(webp)/public/uploads/products/always-protect-plus-pads-with-touch-of-aloe-vera-long-maxi-thick-18-pcs-2-pcs-free-bqpr-01730723426.png,مميزات المنتج   اولويز | فوط صحية للحماية المكثفة بلمسة الالوفيرا طويلة ماكسي سميكة | 18 قطعة + 2 قطعة مجانا,ماركة: أولويز
56479,سوبر كيدز | مصاصة رول اون للجنسين | 30مل,super kids rollon deodorant 30ml lollipop5DiV,85,EGP,سوبر كيدز,العناية اليومية>,in stock,https://chefaa.com:443/eg-ar/nowProduct/super-kids-rollon-deodorant-30ml-lollipop5DiV,https://cdn.chefaa.com/filters:format(webp)/public/uploads/products/super-kids-rollon-deodorant-30ml-lollipop5div-01733242817.png,https://cdn.chefaa.com/filters:format(webp)/public/uploads/products/super-kids-rollon-deodorant-30ml-lollipop5div-01733242817.png,مميزات المنتج   سوبر كيدز | مصاصة رول اون للجنسين | 30مل,ماركة: سوبر كيدز
20954,سنسوداين | معجون للاسنان الحساسة فلورايد | 50مل,sensodyne fluoride toothpaste sict,70,EGP,سنسوداين,العناية اليومية>العناية بالفم و الاسنان,in stock,https://chefaa.com:443/eg-ar/nowProduct/sensodyne-fluoride-toothpaste-50-ml-sict,https://cdn.chefaa.com/filters:format(webp)/public/uploads/products/sensodyne-fluoride-toothpaste-50-ml-7r00-01655643683.png,https://cdn.chefaa.com/filters:format(webp)/public/uploads/products/sensodyne-fluoride-toothpaste-50-ml-7r00-01655643683.png,مميزات المنتج   يتميز معجون سنسوداين للاسنان الحساسة بما يلي: يوفر حماية تدوم طويلاً للأسنان. يحتوي على الفلورايد لحماية الأسنان من التسوس. يساعد على إزالة الجير وتراكم البلاك على الأسنان. يحافظ على صحة اللثة. يعطي رائحة نظيفة ومنتعشة للفم. سعر معجون سنسوداين للاسنان الحساسة مناسب مقارنة بفوائده في تنظيف وحماية الأسنان.   عن هذا المنتج     مكونات معجون سنسوداين للاسنان الحساسة  يحتوي معجون سنسوداين للاسنان الحساسة على:  صوديوم فلوريد: يحمي الأسنان من التسوس ويزيل تراكم البلاك ويحافظ على صحة الأسنان واللثة.  حجم Sensodyne toothpaste  يتوفر Sensodyne toothpaste بحجم 20 أو 50 أو 75 أو 100 مل.  يوصى باستعمال معجون سنسوداين للاسنان الحساسة ل  معجون سنسوداين للاسنان الحساسة مناسب لمن يعانون من حساسية الأسنان واللثة، فهو يساعد على تنظيف الأسنان والتخلص من الجير ويحمي الأسنان من التسوس.  ما هي أنواع معجون سنسوداين؟  سنسوداين سريع المفعول.  سنسوداين عناية متعددة.  سنسوداين جل للتنظيف العميق.  سنسوداين إكسترا فريش.  سنسوداين بالفلورايد.  سنسوداين للأسنان الحساسة.  سنسوداين انتعاش زائد.  سنسوداين بخلاصة الأوكالبتوس.,ماركة: سنسوداين
62346,كوكو واكس | شرائح شمع لازالة الشعر بخلاصة الورد وفيتامين سي | 10 قطع,coco wax strips rose vitamin for oily skin 10pcs b11b,85,EGP,كوكو,العناية اليومية>العناية النسائية,in stock,https://chefaa.com:443/eg-ar/nowProduct/coco-wax-strips-rose-vitamin-c-for-oily-skin-10pcs-b11b,https://cdn.chefaa.com/filters:format(webp)/public/uploads/products/coco-wax-strips-rose-vitamin-c-for-oily-skin-10pcs-b11b-01756155886.png,https://cdn.chefaa.com/filters:format(webp)/public/uploads/products/coco-wax-strips-rose-vitamin-c-for-oily-skin-10pcs-b11b-01756155886.png,مميزات المنتج   كوكو واكس | شرائح شمع لإزالة الشعر بخلاصة الورد وفيتامين سي | 10 قطع,ماركة: كوكو
2458,نيفيا | كريم للوجه و الجسم واليد للرجال | 75مل,nivea men face body hand cream 75ml,200,EGP,نيفيا,العناية اليومية>العناية الرجالية,in stock,https://chefaa.com:443/eg-ar/nowProduct/nivea-men-face-body-hand-cream-75ml,https://cdn.chefaa.com/filters:format(webp)/public/uploads/products/nivea-men-face-body-hand-cream-75ml-01668076773.png,https://cdn.chefaa.com/filters:format(webp)/public/uploads/products/nivea-men-face-body-hand-cream-75ml-01668076773.png,مميزات المنتج   نيفيا | كريم للوجه و الجسم واليد للرجال | 75مل   عن هذا المنتج       يُعيد كريم نيڤيا للرجال للبشرة رطوبتها ونضارتها في ثوان معدودة ويمنع جفافها، كما أنه لا يترك أية آثار على البشرة، فقد تم تطوير هذا الكريم خصيصًا للرجال حتى تمتصه بشرتهم سريعًا، كما أنه كريم خفيف غير دهني تمتصه البشرة بالكامل في غضون ثوان معدودة، ويُعد هذا الكريم بتركيبته الفريدة الغنية بفيتامين هـ الفعال وعطره الرجولي المنعش مثاليًا لترطيب الوجه واليدين والمرفقين وأي موضع آخر معرض للجفاف.   الفوائد:      يعتني بالبشرة ويرطبها ويمنعها من الجفاف.    منتج غير دهني وغير لزج وسريع الامتصاص.    مناسب للوجه والجسم واليدين.,ماركة: نيفيا
45960,إيزيس | يانسون وليمون | 12 كيس,isis lemon ginger bag v2qc_du7IPpzi,18.5,EGP,إيزيس,العناية اليومية>,in stock,https://chefaa.com:443/eg-ar/nowProduct/isis-lemon-ginger-12-bag-v2qc_du7IPpzi,https://cdn.chefaa.com/filters:format(webp)/public/uploads/products/isis-lemon-ginger-12-bag-v2qc-01721302354.png,https://cdn.chefaa.com/filters:format(webp)/public/uploads/products/isis-lemon-ginger-12-bag-v2qc-01721302354.png,عن هذا المنتج     إيزيس | يانسون وليمون | 12 كيس,ماركة: إيزيس
54137,زاك | سبراي بوكيت أدفينتشر | 25مل,zak spray pocket adventure mlHtND,80,EGP,No Brand,العناية اليومية>,in stock,https://chefaa.com:443/eg-ar/nowProduct/zak-spray-pocket-adventure-25-mlHtND,https://cdn.chefaa.com/filters:format(webp)/public/uploads/products/zak-spray-pocket-adventure-25-mlhtnd-01731595575.png,https://cdn.chefaa.com/filters:format(webp)/public/uploads/products/zak-spray-pocket-adventure-25-mlhtnd-01731595575.png,مميزات المنتج   زاك | سبراي بوكيت أدفينتشر | 25 مل   عن هذا المنتج     زاك | سبراي بوكيت أدفينتشر | 25 مل,raw_specs: المواصفات
54138,زاك | اسبراي جيب ديفير | 25مل,zak spray pocket diver mlPyqT,80,EGP,زاك,العناية اليومية>العناية الرجالية,in stock,https://chefaa.com:443/eg-ar/nowProduct/zak-spray-pocket-diver-25-mlPyqT,https://cdn.chefaa.com/filters:format(webp)/public/uploads/products/zak-spray-pocket-diver-25-mlpyqt-01731595410.png,https://cdn.chefaa.com/filters:format(webp)/public/uploads/products/zak-spray-pocket-diver-25-mlpyqt-01731595410.png,مميزات المنتج   زاك | اسبراي جيب ديفير | 25مل   عن هذا المنتج     زاك | اسبراي جيب ديفير | 25مل,ماركة: زاك
51891,فوكس | فرشاة أسنان ناعمة للأطفال متعددة الألوان | 1 قطعة,fuchs toothbrush fbaby softvPxF,64,EGP,No Brand,العناية اليومية>العناية بالفم و الاسنان,in stock,https://chefaa.com:443/eg-ar/nowProduct/fuchs-toothbrush-fbaby-softvPxF,https://cdn.chefaa.com/filters:format(webp)/public/uploads/products/fuchs-toothbrush-fbaby-softvpxf-01737027697.png,https://cdn.chefaa.com/filters:format(webp)/public/uploads/products/fuchs-toothbrush-fbaby-softvpxf-01737027697.png,مميزات المنتج   فوكس | فرشاة أسنان ناعمة للأطفال متعددة الألوان | 1 قطعة,raw_specs: المواصفات
54887,سيرافى ​​| منظف للتحكم في العيوب | 236 مل,cerave blemish control cleanser 236ml7CDz,700,EGP,No Brand,العناية اليومية>,in stock,https://chefaa.com:443/eg-ar/nowProduct/cerave-blemish-control-cleanser-236ml7CDz,https://cdn.chefaa.com/filters:format(webp)/public/uploads/products/cerave-blemish-control-cleanser-236ml7cdz-01735403636.png,https://cdn.chefaa.com/filters:format(webp)/public/uploads/products/cerave-blemish-control-cleanser-236ml7cdz-01735403636.png,مميزات المنتج   سيرافى ​​| منظف للتحكم في العيوب | 236 مل,raw_specs: المواصفات
62,سنسوداين | معجون عناية متعددة + تبييض الأسنان | 50مل,sensodyne multi care with whitening toothpaste,80,EGP,سنسوداين,العناية اليومية>العناية بالفم و الاسنان,in stock,https://chefaa.com:443/eg-ar/nowProduct/sensodyne-multi-care-with-whitening-toothpaste-50-ml,https://cdn.chefaa.com/filters:format(webp)/public/uploads/products/sensodyne-multi-care-with-whitening-toothpaste-50-ml-01751890363.png,https://cdn.chefaa.com/filters:format(webp)/public/uploads/products/sensodyne-multi-care-with-whitening-toothpaste-50-ml-01751890363.png,مميزات المنتج   يتميز معجون سنسوداين الاصلي بما يلي: يساعد على إزالة تراكم البلاك وتبييض الأسنان. يحافظ على صحة اللثة. يحمي من حساسية الأسنان. يوفر نظافة فعالة مع أقل نسبة من التآكل. يعطي شعوراً بالنظافة والانتعاش. سعر معجون اسنان سنسوداين مناسب مقارنة بفوائده العديدة.   عن هذا المنتج     ما هو معجون سنسوداين للعناية المتعددة والتبييض؟ هو معجون أسنان يومي يحتوي على الفلورايد ، ثبت طبيًا أنه يمنح  راحة من حساسية الأسنان وحماية متكاملة للأسنان. كيف يعمل؟ فهو يعمل على تهدئة العصب بداخل السنة لتخفيف الشعور بألم الحساسية. كما أنه يحتوي على سترات الزنك وهي عامل مضاد للميكروبات مما يساعد على تقليل بكتيريا الفم ويحسن من صحة اللثة. لمن يُنصح باستخدامه؟ معجون أسنان سنسوداين للعناية المتعددة وتبيض الأسنان مناسب للبالغين والأطفال فوق سن 12 عامًا لتخفيف حساسية الأسنان كما أن به جميع فوائد معجون الأسنان  المعتاد بالفلورايد. فوائد استخدامه: بالإضافة إلى تخفيف حساسية الأسنان  وذلك باستخدام الفرشاة مرتين يوميًا ، يحارب سنسوداين للعناية المتعددة تسوس الأسنان ، ويقوي طبقة المينا ، ويساعد على إزالة البلاك ويحافظ على صحة اللثة ، ويترك فمك نظيفًا ومنتعشًا. متى يبدأ تأثيره؟ يمنح معجون الأسنان سنسوداين للعناية المتعددة وتبيض الأسنان راحة من الحساسية في أقل من أسبوعين ، وذلك مع استمرار  تنظيف الأسنان بالفرشاة مرتين يوميًا ، فتتحسن الأسنان مع الاستخدام المستمر.  سنسوداين هو المنتج الحاصل على أكبر رصيد من توصيات  أطباء الأسنان للأسنان الحساسة: ينصح أطباء الأسنان باستخدام سنسوداين منذ أكثر من 10 سنوات. سنسوداين هو المنتج الأول الموصي به من أطباء الأسنان للأسنان الحساسة: ينصح أطباء الأسنان باستخدام سنسوداين منذ أكثر من 10 سنوات. طريقة الاستخدام: اغسل أسنانك بمعجون أسنان سنسوداين للعناية المتعددة مرتين يوميًا وذلك لحماية طويلة المدى للأسنان وللتخفيف من الحساسية ولحماية متكاملة للأسنان اقرأ الملصق دائمًا قبل الاستخدام. مع تنظيف الأسنان بالفرشاة مرتين يوميًا,ماركة: سنسوداين
2485,نيفيا | غسول الوجه واللحية للرجال | 100مل,nivea men deep face and beard wash 100ml,320,EGP,نيفيا,العناية اليومية>العناية الرجالية,in stock,https://chefaa.com:443/eg-ar/nowProduct/nivea-men-deep-face-and-beard-wash-100ml,https://cdn.chefaa.com/filters:format(webp)/public/uploads/products/nivea-men-deep-face-and-beard-wash-100ml-01668076549.png,https://cdn.chefaa.com/filters:format(webp)/public/uploads/products/nivea-men-deep-face-and-beard-wash-100ml-01668076549.png,مميزات المنتج   نيفيا | غسول الوجه واللحية للرجال | 100مل   عن هذا المنتج     ينظف بشرتك وشعر اللحية تمامًا.   يترك ملمسًا نظيفًا يدوم طويلاً وشعورًا بالانتعاش للبشرة.   يزيل الشوائب والزيوت.   يزيل جميع الأوساخ والزيوت الزائدة.   يحمي البشرة من الجفاف.   ينظف غسول الوجه واللحية العميق للرجال من نييا بشرتك ولحيتك بعمق من البقايا والزيوت دون تجفيف البشرة.   تعمل التركيبة المبتكرة من الكربون الأسود على إزالة الشوائب مع إزالة جميع الأوساخ والزيوت الزائدة ، بحيث تكون اللحية نظيفة ويشعر الجلد بالانتعاش.,ماركة: نيفيا
18465,فوج | برفان سبراي رويال للرجال | 120مل,fogg royal perfume spray for men 120ml ehma,132,EGP,فوج,العناية اليومية>العناية الرجالية,in stock,https://chefaa.com:443/eg-ar/nowProduct/fogg-royal-perfume-spray-for-men-120ml-ehma,https://cdn.chefaa.com/filters:format(webp)/public/uploads/products/fogg-royal-perfume-spray-for-men-120ml-ehma-01722766099.png,https://cdn.chefaa.com/filters:format(webp)/public/uploads/products/fogg-royal-perfume-spray-for-men-120ml-ehma-01722766099.png,مميزات المنتج   فوج | برفان سبراي رويال للرجال | 120مل,ماركة: فوج
45674,1+1 انفينيتي | رول اون لتفتيح البشرة برائحة التوت البري | 80مل,infinity whitening roll fruity 80ml tisk_duy7VIgR_du8Zfbid_duQ1OwxP,220,EGP,إنفينيتي,العناية اليومية>العناية بالجسم و الاستحمام,in stock,https://chefaa.com:443/eg-ar/nowProduct/infinity-whitening-roll-on-fruity-80ml-tisk_duy7VIgR_du8Zfbid_duQ1OwxP,https://cdn.chefaa.com/filters:format(webp)/public/uploads/products/infinity-whitening-roll-on-fruity-80ml-tisk-duy7vigr-du8zfbid-01722774747.png,https://cdn.chefaa.com/filters:format(webp)/public/uploads/products/infinity-whitening-roll-on-fruity-80ml-tisk-duy7vigr-du8zfbid-01722774747.png,عن هذا المنتج     رول اون يعمل على تهدئة وترطيب منطقة الإبط بينما يعمل على تفتيح و توحيد اللون كما إنه يمنحك حماية ضد رائحة العرق حتى 24 ساعة الفوائد: يهدئ ويرطب منطقة الإبط.  يقتل الباكتيريا المسببة لرائحة العرق.  يوحد لون البشرة. حماية تدوم حتى 24 ساعة. 0% كحول، بارابين، ألومنيوم.  طريقة الاستخدام: يوضع طبقة رقيقة على منطقة الإبط النظيفة والجافة,ماركة: إنفينيتي
46456,وان | كريم لإزالة الشعر اثناء الاستحمام باللانولين للبشرة العادية | 40جم,one hair removal cream shower with lanolin for normal skin 40gm s13h_du852pj5,30,EGP,إيڤا,العناية اليومية>العناية النسائية,in stock,https://chefaa.com:443/eg-ar/nowProduct/one-hair-removal-cream-in-shower-with-lanolin-for-normal-skin-40gm-s13h_du852pj5,https://cdn.chefaa.com/filters:format(webp)/public/uploads/products/one-hair-removal-cream-in-shower-with-lanolin-for-normal-skin-40gm-hih4-01703509376.png,https://cdn.chefaa.com/filters:format(webp)/public/uploads/products/one-hair-removal-cream-in-shower-with-lanolin-for-normal-skin-40gm-hih4-01703509376.png,مميزات المنتج   وان | كريم لإزالة الشعر اثناء الاستحمام باللانولين للبشرة العادية | 40جم,ماركة: إيڤا
48268,دوف | بخاخ مزيل العرق برائحة جوز الهند المغذية | 250 مل,dove deodorant spray nourishing secret coconut 250ml gffg,250,EGP,No Brand,العناية اليومية>العناية بالجسم و الاستحمام,in stock,https://chefaa.com:443/eg-ar/nowProduct/dove-deodorant-spray-nourishing-secret-coconut-250ml-gffg,https://cdn.chefaa.com/filters:format(webp)/public/uploads/products/dove-deodorant-spray-nourishing-secret-coconut-250ml-pq6c-01727180569.png,https://cdn.chefaa.com/filters:format(webp)/public/uploads/products/dove-deodorant-spray-nourishing-secret-coconut-250ml-pq6c-01727180569.png,مميزات المنتج   دوف | بخاخ مزيل العرق برائحة جوز الهند المغذية | 250 مل   عن هذا المنتج     دوف | بخاخ مزيل العرق برائحة جوز الهند المغذية | 250 مل,raw_specs: المواصفات
52007,جلسرين مانيزيا | 60مل,glycerin manezia all mlTjMc,22,EGP,No Brand,العناية اليومية>,in stock,https://chefaa.com:443/eg-ar/nowProduct/glycerin-manezia-all-60-mlTjMc,https://cdn.chefaa.com/filters:format(webp)/public/uploads/products/glycerin-manezia-all-60-mltjmc-01733097777.png,https://cdn.chefaa.com/filters:format(webp)/public/uploads/products/glycerin-manezia-all-60-mltjmc-01733097777.png,مميزات المنتج   جلسرين مانيزيا | 60مل,raw_specs: المواصفات
55925,موروكان اويل | صابون الحمام المغربي بالعود (لوفة مجانية) | 250جم,moroccan oil bath liquid soap with oud free luffah packRGoW,240,EGP,No Brand,العناية اليومية>العناية بالجسم و الاستحمام,in stock,https://chefaa.com:443/eg-ar/nowProduct/moroccan-oil-bath-liquid-soap-with-oud-free-luffah-1-packRGoW,https://cdn.chefaa.com/filters:format(webp)/public/uploads/products/moroccan-oil-bath-liquid-soap-with-oud-free-luffah-1-packrgow-01735301331.png,https://cdn.chefaa.com/filters:format(webp)/public/uploads/products/moroccan-oil-bath-liquid-soap-with-oud-free-luffah-1-packrgow-01735301331.png,مميزات المنتج   موروكان اويل | صابون الحمام المغربي بالعود (لوفة مجانية) | 250جم,raw_specs: المواصفات
5022,كلنفا غسول مهبلى للفطريات والالتهابات | 250 مل,klenva liquid cleanser,85,EGP,ماكرو للأدوية,العناية اليومية>العناية النسائية,in stock,https://chefaa.com:443/eg-ar/nowProduct/klenva-liquid-cleanser-250-ml,https://cdn.chefaa.com/filters:format(webp)/public/uploads/products/1628177899klenva-liquid-vaginal-cleanser-250ml-chefaapng,https://cdn.chefaa.com/filters:format(webp)/public/uploads/products/1628177899klenva-liquid-vaginal-cleanser-250ml-chefaapng,"مميزات المنتج   كلنفا غسول مطهر للمناطق الحساسة للمرأة كما يساعد في تخفيف الحكة ومعالجة التهيج وحرقان وآمن جداً على البشره وهو للاستخدام الخارجي فقط.   عن هذا المنتج     مكونات كلنفا غسول مهبلى للفطريات والالتهابات يحتوي كلنفا غسول مهبلى للفطريات والالتهابات على: مستخلص البابونج (Chamomile Extract): مستخلصات طبيعية تحارب العدوى والالتهاب وما ينتج عنهما من حرقة وحكة وانزعاج. ثيمول (Thymol): مستخلصات عطرية طبيعية من نبات الزعتر، لها خصائص مضادة للميكروبات وبالتالي تخفف الالتهاب وما ينتج عنه من أعراض مزعجة. منتثول (Menthol): مستخلصات النعناع المطهرة والتي تخفف من الألم وتوفر شعورًا منعشًا. دواعى استعمال klenva غسول  غسول klenva هو غسول حميمي (مهبلي) يستعمل للنساء بحيث: يخفف من الالتهاب والحكة. يقتل الميكروبات ويقي من الإصابة بها مرة أخرى. يخلص من الرائحة الكريهة التي تنتج عن الإفرازات المهبلية الزائدة. يقي من التهيج ويحمي المناطق الحساسة. كيفية استخدام  غسول كلنفا يخفف 1-2 معيار من غسول كلنفا للمنطقه الحساسة في لتر من الماء الدافيء، ويستعمل التشطيف من مرة إلى مرتين يوميًا لمدة 15 ثانية. لا ينصح باستعمال تشطيف كلنفا مباشرةً دون تخفيفه بالماء. بديل كلنفا غسول جولد غسول نسائي Gold. فيردول Verdol. بيتادين Betadine. مالفا Malva. كيرفري Carfree. سعر غسول كلنفا سعر عبوة كلفنا غسول 250 مل هو 75 جنيه مصري ""سعر الدواء قد يتغير تبعاً لتغير سعره فى الصيدليات"". هل يمكن استعمال كلنفا غسول للحامل؟ ينصح بتجنب استعمال أي غسول مهبلي أثناء الحمل (ومن ذلك klenva liquid cleanser). هل يمكن استعمال غسول كلنفا للبنات؟ لا مانع من استعمال كتشطيف خارجي للمناطق الحساسة، نظرًا لأنه يحتوي على مكونات طبيعية لا يتوقع منها أن تسبب أي مشكلات.",ماركة: ماكرو للأدوية
49676,كريم جونسون للوجه لترطيب وتنعيم البشرة | 100 مل,johnsons body cream hour moisture soft 100ml 2vmx_duYFiFdH,125,EGP,جونسون,العناية اليومية>العناية بالجسم و الاستحمام,in stock,https://chefaa.com:443/eg-ar/nowProduct/johnsons-body-cream-24-hour-moisture-soft-100ml-2vmx_duYFiFdH,https://cdn.chefaa.com/filters:format(webp)/public/uploads/products/johnsons-body-cream-24-hour-moisture-soft-100ml-2vmx-duyfifdh-01740399984.png,https://cdn.chefaa.com/filters:format(webp)/public/uploads/products/johnsons-body-cream-24-hour-moisture-soft-100ml-2vmx-duyfifdh-01740399984.png,مميزات المنتج   يتميز كريم جونسون للوجه بما يلي: يساعد على ترطيب البشرة بعمق وحمايتها من الجفاف. يخفف من تشققات الجلد والالتهابات والحكة. يعمل كملطف ومهدئ للبشرة. يدوم مفعوله لمدة 24 ساعة. له رائحة عطرية خفيفة وقوام غير دهني. مناسب للاستخدام للوجه والجسم. سعر كريم جونسون للوجه مناسب مقارنة بفوائده العديدة.   عن هذا المنتج     مكونات وأنواع كريمات جونسون    كريم جونسون للبشرة الدهنية الوردي   زبدة الشيا: تساعد على ترطيب وتنعيم البشرة.  الجلسرين: يحسن ملمس الجلد ويرطبه.  خلاصة زهر القطن: تعطي ملمس ناعم وحريري للبشرة.  كريم جونسون للبشرة الجافة   الجلسرين: يرطب وينعم البشرة.  شمع العسل: يزيد ترطيب البشرة ويعالج الجفاف.  كريم جونسون الأزرق للجسم والوجه   الجلسرين: يرطب البشرة ويحتفظ برطوبتها لأطول فترة.  زيت دوار الشمس: يعمل كمضاد للأكسدة ويساعد على تهدئة الجلد وتقليل الالتهابات.  كريم جونسون الأخضر   الصبار: يعمل كمرطب وملطف البشرة.  الخيار: يغذي البشرة ويقلل الجفاف والالتهابات.  كريم جونسون الأصفر   العسل: يرطب وينعم البشرة.  حجم كريم جونسون للوجه  يتوفر johnson cream بحجم 100 مل و130 مل و300 مل.  يوصى باستعمال جونسون كريم مرطب ل  مرطب جونسون للوجه مناسب لجميع أنواع البشرة فهو يساعد على تغذية وترطيب البشرة وتحسين ملمس الجلد، ويمكن استخدامه للوجه والجسم معاً.  ما هى فوائد كريم جونسون للبشره ؟  يساعد على ترطيب البشرة لمدة تدوم حتى 24 ساعة ويحمي البشرة من الجفاف والالتهابات، ويعمل على زيادة نضارة ونعومة البشرة وإكسابها ملمس ناعم وحريري.  أضرار كريم جونسون للوجه  قد يسبب الحساسية في حالة فرط الحساسية تجاه أحد مكوناته.,ماركة: جونسون
21546,جليد | معطر جو برائحة الياسمين | 300مل,glade air freshener jasmine spray 300ml 7qct,75.27,EGP,جليد,العناية اليومية>الحماية,in stock,https://chefaa.com:443/eg-ar/nowProduct/glade-air-freshener-jasmine-spray-300ml-7qct,https://cdn.chefaa.com/filters:format(webp)/public/uploads/products/glade-air-freshener-jasmine-spray-300ml-eqtk-01656940609.png,https://cdn.chefaa.com/filters:format(webp)/public/uploads/products/glade-air-freshener-jasmine-spray-300ml-eqtk-01656940609.png,عن هذا المنتج     جليد | معطر جو برائحة الياسمين | 300مل,ماركة: جليد
30698,سنسوداين | معجون اكسترا فريش | 100مل,sensodyne extra fresh toothpaste 100ml v6by,125,EGP,سنسوداين,العناية اليومية>العناية بالفم و الاسنان,in stock,https://chefaa.com:443/eg-ar/nowProduct/sensodyne-extra-fresh-toothpaste-100ml-v6by,https://cdn.chefaa.com/filters:format(webp)/public/uploads/products/sensodyne-extra-fresh-toothpaste-100ml-v6by-01751890097.png,https://cdn.chefaa.com/filters:format(webp)/public/uploads/products/sensodyne-extra-fresh-toothpaste-100ml-v6by-01751890097.png,مميزات المنتج   يتميز معجون سنسوداين الاصلي بما يلي: يساعد على إزالة تراكم البلاك وتبييض الأسنان. يحافظ على صحة اللثة. يحمي من حساسية الأسنان. يوفر نظافة فعالة مع أقل نسبة من التآكل. يعطي شعوراً بالنظافة والانتعاش. سعر معجون اسنان سنسوداين مناسب مقارنة بفوائده العديدة.   عن هذا المنتج     مكونات معجون سنسوداين الاصلي   يحتوي معجون سنسوداين الاصلي على:  فلوريد الصوديوم: يدعم تمعدن الأسنان ويقي من تسوسها.  حجم sensodyne toothpaste   يتوفر sensodyne toothpaste بحجم 20 مل و50 مل و75 مل.  يوصى باستعمال معجون الاسنان سنسوداين ل   معجون الاسنان سنسوداين مناسب للأسنان الحساسة فهو يساعد على تنظيف الأسنان وإزالة تراكم الجير، وكذلك يحمي من التهابات اللثة وحساسية الأسنان.  ما هو افضل نوع معجون من سنسوداين؟  معجون سنسوداين مفعول سريع.  معجون سنسوداين حماية متكاملة.  معجون سنسوداين للتبييض.  معجون سنسوداين بالفلورايد.  هل سنسوداين للاستخدام اليومي؟  نعم يستخدم سنسوداين مرتين يومياً.  ما هى فوائد معجون سنسوداين ؟  يساعد على تنظيف الأسنان والتخلص من الجير.  يحمي من حساسية الأسنان والتهابات اللثة.  يحافظ على صحة الأسنان ويحميها من التآكل.  يحارب تسوس الأسنان.  ما هى أضرار معجون سنسوداين ؟  لا توجد أضرار لمعجون سنسوداين ولكن قد يسبب الحساسية في حالة فرط الحساسية تجاه أحد مكوناته أو استخدامه أكثر من اللازم.  ما هى أنواع  معجون سنسوداين ؟ معجون سنسوداين لحساسية اللثة.   معجون سنسوداين المطور ترميم وحماية.   سنسوداين المطور ترميم وحماية انتعاش زائد.  سنسوداين حماية متكاملة.  سنسوداين مفعول سريع.  سنسوداين تنظيف عميق.   سنسوداين العادي.  سنسوداين فلوريد.,ماركة: سنسوداين
1026,جيليت فينوس كومفورت جلايد بريز رؤوس شفرات الحلاقة للنساء | 4 قطع,gillette venus breeze comfort glide three blades four razors,634,EGP,جيليت,العناية اليومية>العناية النسائية,in stock,https://chefaa.com:443/eg-ar/nowProduct/gillette-venus-breeze-comfort-glide-three-blades-four-razors,https://cdn.chefaa.com/filters:format(webp)/public/uploads/products/CFEfG6Omx2NU0d0EOgYWjdDSesQ4iVRMRgoap710.jpeg,https://cdn.chefaa.com/filters:format(webp)/public/uploads/products/CFEfG6Omx2NU0d0EOgYWjdDSesQ4iVRMRgoap710.jpeg,مميزات المنتج   تحتوي على ألواح جل توفر رغوة خفيفة عند تعريضها للماء لتسهيل انزلاق الشفرة على الجسم وتوفير حلاقة فورية وسهلة دون الحاجة إلى استخدام مستحضرات حلاقة. تعمل على توفير حلاقة ناعمة ودقيقة. تحتوي على شفرات ثلاثية تعطي حلاقة سلسة بأفضل النتائج حيث تعمل على إزالة الشعر دون الإصابة بأي جروح أو التهابات. تم تصميم الرأس والشفرات لكي تلائم منحنيات الجسم بهدف الوصول لأصعب الأماكن مثل الركبة والكاحل والمناطق الحساسة لإزالة الشعر بدقة وفاعلية. تتميز أنها رؤوس ماكينة حلاقة سهلة الاستخدام والتغيير. مناسبة للنساء. تتميز برائحة الفريزيا المميزة. تتناسب رؤوس ماكينة الحلاقة مع جميع مقابض ماكينات فينوس اليدوية باستثناء ماكينة سيمبلي فينوس. يمكن تخزين العبوة في الحمام لتسهيل استخدامها في أي وقت.   عن هذا المنتج     مكونات فينوس كومفورت جلايد بريز رؤوس شفرات حلاقة من جيليت: تحتوى الرأس الواحدة على : 3 شفرات. ألواح ترطيب مرنة توفر زيوت مشابهة لزيوت الجسم من Olay. محتوي Gillette Venus Comfortglide Breeze Blades for Women: تحتوي العبوة على 4 رؤوس حلاقة. يوصي به: رؤوس شفرات الحلاقة مخصصة للنساء حيث تعمل على إزالة شعر الجسم بفاعلية دون التسبب في جروح أو التهابات للبشرة، كما أنها سهلة الاستخدام لأنها تناسب جميع مقابض ماكينات فينوس اليدوية باستثناء ماكينة سيمبلي فينوس.,ماركة: جيليت
20791,فرشاة اسنان فوكس ارثو | تنظيف تقويم الاسنان | هارد,fuchs ortho toothbrush orthodontic cleaning hard 87ki,60,EGP,No Brand,العناية اليومية>العناية بالفم و الاسنان,in stock,https://chefaa.com:443/eg-ar/nowProduct/fuchs-ortho-toothbrush-orthodontic-cleaning-hard-87ki,https://cdn.chefaa.com/filters:format(webp)/public/uploads/products/fuchs-ortho-toothbrush-orthodontic-cleaning-hard-lyif-01655343512.png,https://cdn.chefaa.com/filters:format(webp)/public/uploads/products/fuchs-ortho-toothbrush-orthodontic-cleaning-hard-lyif-01655343512.png,مميزات المنتج   فرشاة اسنان فوكس ارثو | تنظيف تقويم الاسنان | هارد,raw_specs: المواصفات
2457,نيفيا | كريم للوجه و الجسم واليد للرجال | 150مل,nivea men face body hand cream,300,EGP,نيفيا,العناية اليومية>العناية الرجالية,in stock,https://chefaa.com:443/eg-ar/nowProduct/nivea-men-face-body-hand-cream-150-ml,https://cdn.chefaa.com/filters:format(webp)/public/uploads/products/nivea-men-face-body-hand-cream-150-ml-01655122857.png,https://cdn.chefaa.com/filters:format(webp)/public/uploads/products/nivea-men-face-body-hand-cream-150-ml-01655122857.png,مميزات المنتج   نيفيا | كريم للوجه و الجسم واليد للرجال | 150مل   عن هذا المنتج     يُعيد كريم نيڤيا للرجال للبشرة رطوبتها ونضارتها في ثوان معدودة ويمنع جفافها، كما أنه لا يترك أية آثار على البشرة، فقد تم تطوير هذا الكريم خصيصًا للرجال حتى تمتصه بشرتهم سريعًا، كما أنه كريم خفيف غير دهني تمتصه البشرة بالكامل في غضون ثوان معدودة، ويُعد هذا الكريم بتركيبته الفريدة الغنية بفيتامين هـ الفعال وعطره الرجولي المنعش مثاليًا لترطيب الوجه واليدين والمرفقين وأي موضع آخر معرض للجفاف. الفوائد:  يعتني بالبشرة ويرطبها ويمنعها من الجفاف.  منتج غير دهني وغير لزج وسريع الامتصاص.  مناسب للوجه والجسم واليدين.,ماركة: نيفيا
6077,فلورو | معجون اسنان بطعم اللبان | 50جم,fluoro kids toothpaste with bubble gum flavour y7js,34,EGP,إيڤا,العناية اليومية>العناية بالفم و الاسنان,in stock,https://chefaa.com:443/eg-ar/nowProduct/fluoro-kids-toothpaste-with-bubble-gum-flavour-50-gm-y7js,https://cdn.chefaa.com/filters:format(webp)/public/uploads/products/1619605550fluoro-kids-toothpaste-with-bubble-gum-flavour-50gm-chefaajpg,https://cdn.chefaa.com/filters:format(webp)/public/uploads/products/1619605550fluoro-kids-toothpaste-with-bubble-gum-flavour-50gm-chefaajpg,مميزات المنتج   مزيج من ڤيتامين (هـ) والكالسيوم والفلورايد الذي يعمل على تقوية أسنان ولثة طفلك ويحميها ضد التسوس.,ماركة: إيڤا
54219,نيفيا | اسبراى سلفر بروتكت للرجال | 150مل | 20% خصم‎,nivea silver protect spray for men 150ml off vwqf_du2Y22Eg,189,EGP,نيفيا,العناية اليومية>العناية الرجالية,in stock,https://chefaa.com:443/eg-ar/nowProduct/nivea-silver-protect-spray-for-men-150ml-20-off-vwqf_du2Y22Eg,https://cdn.chefaa.com/filters:format(webp)/public/uploads/products/nivea-silver-protect-spray-for-men-150ml-20-off-ak0i-01713693278.png,https://cdn.chefaa.com/filters:format(webp)/public/uploads/products/nivea-silver-protect-spray-for-men-150ml-20-off-ak0i-01713693278.png,مميزات المنتج   نيفيا | اسبراى سلفر بروتكت للرجال | 150مل | 20% خصم‎,ماركة: نيفيا
46109,إيڤا سكين كير | كريم تفتيح طبيعي للمناطق الحساسة | 50جم,eva skin care natural glow lightening cream for sensitive areas 50gm 2b6p_duVa3GGR,90,EGP,إيڤا,العناية اليومية>العناية النسائية,in stock,https://chefaa.com:443/eg-ar/nowProduct/eva-skin-care-natural-glow-lightening-cream-for-sensitive-areas-50gm-2b6p_duVa3GGR,https://cdn.chefaa.com/filters:format(webp)/public/uploads/products/eva-skin-care-natural-glow-lightening-cream-for-sensitive-areas-50gm-r5mx-01700405977.png,https://cdn.chefaa.com/filters:format(webp)/public/uploads/products/eva-skin-care-natural-glow-lightening-cream-for-sensitive-areas-50gm-r5mx-01700405977.png,مميزات المنتج   كريم تفتيح المناطق الحساسة بتركيبة متطورة غنية بالفيتامينات المتعددة والمكونات الطبيعية التي تساعد على تفتيح المناطق الداكنة وحتى لون البشرة. ☁️ يرطب البشرة.,ماركة: إيڤا
46159,جيليت فينوس | ماكينة الحلاقة مناسب للبشرة الحساسة | 2شفره,gillette venus deluxe smooth sensitive razor handle 2blade u8xv_duAxcvX3,633,EGP,جيليت,العناية اليومية>العناية النسائية,in stock,https://chefaa.com:443/eg-ar/nowProduct/gillette-venus-deluxe-smooth-sensitive-razor-handle-2blade-u8xv_duAxcvX3,https://cdn.chefaa.com/filters:format(webp)/public/uploads/products/gillette-venus-deluxe-smooth-sensitive-razor-handle-2blade-blgq-01684941934.png,https://cdn.chefaa.com/filters:format(webp)/public/uploads/products/gillette-venus-deluxe-smooth-sensitive-razor-handle-2blade-blgq-01684941934.png,مميزات المنتج   جيليت فينوس | ماكينة الحلاقة مناسب للبشرة الحساسة | 2شفره,ماركة: جيليت
32586,دوف | غسول الجسم المغذي بزيت الأفوكادو ومستخلص زهرة الازريون | 500مل,dove invigorating ritual body wash with avocado oil calendula extract 500ml n98u,150,EGP,دوف,العناية اليومية>,in stock,https://chefaa.com:443/eg-ar/nowProduct/dove-invigorating-ritual-body-wash-with-avocado-oil-calendula-extract-500ml-n98u,https://cdn.chefaa.com/filters:format(webp)/public/uploads/products/dove-invigorating-ritual-body-wash-with-avocado-oil-calendula-extract-500ml-n98u-01720801654.png,https://cdn.chefaa.com/filters:format(webp)/public/uploads/products/dove-invigorating-ritual-body-wash-with-avocado-oil-calendula-extract-500ml-n98u-01720801654.png,مميزات المنتج   دوف | غسول الجسم المغذي بزيت الأفوكادو ومستخلص زهرة الازريون | 500مل,ماركة: دوف
45662,مود | جل استحمام انتنس | 750مل,mood intense shower gel 750ml 88kc_duHbk9rk,89,EGP,مود,العناية اليومية>العناية بالجسم و الاستحمام,in stock,https://chefaa.com:443/eg-ar/nowProduct/mood-intense-shower-gel-750ml-88kc_duHbk9rk,https://cdn.chefaa.com/filters:format(webp)/public/uploads/products/mood-intense-shower-gel-750ml-uukk-01724684780.png,https://cdn.chefaa.com/filters:format(webp)/public/uploads/products/mood-intense-shower-gel-750ml-uukk-01724684780.png,مميزات المنتج   مود | جل استحمام انتنس | 750مل,ماركة: مود
61468,ايفا | كريم لتشققات الكعبين جولد سبيل | 60مل,eva gold spell heel cream 50ml 2H3T,65,EGP,إيڤا,العناية اليومية>العناية بالجسم و الاستحمام,in stock,https://chefaa.com:443/eg-ar/nowProduct/eva-gold-spell-heel-cream-50ml-2H3T,https://cdn.chefaa.com/filters:format(webp)/public/uploads/products/eva-gold-spell-heel-cream-50ml-2h3t-01752578150.png,https://cdn.chefaa.com/filters:format(webp)/public/uploads/products/eva-gold-spell-heel-cream-50ml-2h3t-01752578150.png,مميزات المنتج   ايفا | كريم لتشققات الكعبين جولد سبيل | 60مل,ماركة: إيڤا
48071,1+1 دراكون | لولي بوب كاندي رول اون مزيل للعرق | 50مل,drakon whitening roll deodorant lollipop candy 50ml ufw9_du8vCEj4_du0P5nYE,240,EGP,دراكون,العناية اليومية>العناية بالجسم و الاستحمام,in stock,https://chefaa.com:443/eg-ar/nowProduct/drakon-whitening-roll-on-deodorant-lollipop-candy-50ml-ufw9_du8vCEj4_du0P5nYE,https://cdn.chefaa.com/filters:format(webp)/public/uploads/products/drakon-whitening-roll-on-deodorant-lollipop-candy-50ml-ufw9-du8vcej4-01700573746.png,https://cdn.chefaa.com/filters:format(webp)/public/uploads/products/drakon-whitening-roll-on-deodorant-lollipop-candy-50ml-ufw9-du8vcej4-01700573746.png,"عن هذا المنتج     دراكون مزيل رائحة العرق لتفتيح البشرة  :هو رفيقك اليومي ,يمنح البشرة العناصر الغذائية الكاملة التي تحتاجها كل يوم.يعمل على تفتيح البشرة بشكل فعال بمكوناته الطبيعية الفريدة والآمنة . يقلل من فرط التصبغ فى منطقة تحت الإبط ويمنحها الترطيب اللازم للحصول على منطقة تحت الإبط نظيفة ومشرقة.يستخدم على بشرة جافة و نظيفة  (بروائح صيفية جديدة) (lollipop candy )",ماركة: دراكون
52546,لونا | صابون طبي بحمض الساليسيليك | 55 جرام,luna cleansing antibacterial salicylic acidic soap barSJm1,25,EGP,No Brand,العناية اليومية>,in stock,https://chefaa.com:443/eg-ar/nowProduct/luna-cleansing--antibacterial-salicylic-acidic-soap-barSJm1,https://cdn.chefaa.com/filters:format(webp)/public/uploads/products/luna-cleansing-antibacterial-salicylic-acidic-soap-barsjm1-01736087319.png,https://cdn.chefaa.com/filters:format(webp)/public/uploads/products/luna-cleansing-antibacterial-salicylic-acidic-soap-barsjm1-01736087319.png,مميزات المنتج   لونا | صابون طبي بحمض الساليسيليك | 55 جرام   عن هذا المنتج     لونا | صابون طبي بحمض الساليسيليك | 55 جرام,raw_specs: المواصفات
62092,ريكسونا | مضاد التعرق رول اون كاركول فريش رجالي | 50مل,rexona men charcoal fresh antiperspirant deodorant roll 50ml f24p,85,EGP,ريكسونا,العناية اليومية>العناية بالجسم و الاستحمام,in stock,https://chefaa.com:443/eg-ar/nowProduct/rexona-men-charcoal-fresh-antiperspirant-deodorant-roll-on-50ml-f24p,https://cdn.chefaa.com/filters:format(webp)/public/uploads/products/rexona-men-charcoal-fresh-antiperspirant-deodorant-roll-on-50ml-6mqz-01752245768.png,https://cdn.chefaa.com/filters:format(webp)/public/uploads/products/rexona-men-charcoal-fresh-antiperspirant-deodorant-roll-on-50ml-6mqz-01752245768.png,مميزات المنتج   ريكسونا | مضاد التعرق رول اون كاركول فريش رجالي | 50مل,ماركة: ريكسونا
23289,بارودونتاكس | معجون أسنان إنتعاش زائد لوقف نزيف اللثة | 50مل,parodontax extra fresh daily toothpaste for bleeding gums 50ml o2ye,75,EGP,بارودونتكس,العناية اليومية>العناية بالفم و الاسنان,in stock,https://chefaa.com:443/eg-ar/nowProduct/parodontax-extra-fresh-daily-toothpaste-for-bleeding-gums-50ml-o2ye,https://cdn.chefaa.com/filters:format(webp)/public/uploads/products/parodontax-extra-fresh-daily-toothpaste-for-bleeding-gums-50ml-o2ye-01751889080.png,https://cdn.chefaa.com/filters:format(webp)/public/uploads/products/parodontax-extra-fresh-daily-toothpaste-for-bleeding-gums-50ml-o2ye-01751889080.png,مميزات المنتج   بارودونتاكس | معجون أسنان إنتعاش زائد لوقف نزيف اللثة | 50مل   عن هذا المنتج     ما هو معجون أسنان بارودونتاكس إنتعاش زائد? هو معجون أسنان يومي يساعد على وقف ومنع نزيف اللثة مع الأستخدام مرتين يوميا. اختيار معجون أسنان اللثة: إذا رأيت دما عند تنظيف الأسنان بالفرشاة ، فقد تعاني من أمراض اللثة. إذا تركته من دون علاج ، يمكن أن يؤدي ذلك إلى رائحة الفم الكريهة و تراجع اللثة وفقدان الأسنان.  ما هو سبب نزيف اللثة? يحدث نزيف اللثة بسبب تراكم البلاك. لماذا تختا ر بارودونتاكس: بارودونتاكس أكثر فعالية من معجون الأسنان العادي في إزالة البلاك.   مقارنة بين بارودونتاكس و  معجون الأسنان العادي: تم تصميم  بارودونتاكس للاستخدام اليومي ، وكذلك العناية باللثة ، كما أنه يقوي الأسنان وينعش التنفس. الطعم: معجون أسنان بارودونتاكس  إنتعاش زائد  يمنحك شعوراً بالانتعاش العميق، وإحساساً بنظافة الفم وانتعاشه لساعات طويلة. طريقة الاستخدام: إستخدم معجون أسنان بارودونتاكس  إنتعاش زائد لوقف نزيف اللثة مرتين في اليوم  بدلا من استخدام معجون الأسنان العادي,ماركة: بارودونتكس
55154,دراى | رغوة زهور أكتي فريش النسائية الجافة | 150 مل,dry acti fresh feminine foam 150ml flowersvW7Y,165,EGP,No Brand,العناية اليومية>,in stock,https://chefaa.com:443/eg-ar/nowProduct/dry-acti-fresh-feminine-foam-150ml-flowersvW7Y,https://cdn.chefaa.com/filters:format(webp)/public/uploads/products/dry-acti-fresh-feminine-foam-150ml-flowersvw7y-01733911329.png,https://cdn.chefaa.com/filters:format(webp)/public/uploads/products/dry-acti-fresh-feminine-foam-150ml-flowersvw7y-01733911329.png,مميزات المنتج   دراى | رغوة زهور أكتي فريش النسائية الجافة | 150 مل   عن هذا المنتج     دراى | رغوة زهور أكتي فريش النسائية الجافة | 150 مل,raw_specs: المواصفات
45856,ايفا | بادى سبلاش ميستك اوركيد | 240مل,eva skin care senses body splash spring lilies 240ml tvyr_duC51pXM_duRK5VZc,200,EGP,إيڤا,العناية اليومية>العناية بالجسم و الاستحمام,in stock,https://chefaa.com:443/eg-ar/nowProduct/eva-skin-care-senses-body-splash-spring-lilies-240ml-tvyr_duC51pXM_duRK5VZc,https://cdn.chefaa.com/filters:format(webp)/public/uploads/products/eva-skin-care-senses-body-splash-spring-lilies-240ml-tvyr-duc51pxm-01714289964.png,https://cdn.chefaa.com/filters:format(webp)/public/uploads/products/eva-skin-care-senses-body-splash-spring-lilies-240ml-tvyr-duc51pxm-01714289964.png,عن هذا المنتج     ايفا | بادى سبلاش  ميستك اوركيد | 240مل,ماركة: إيڤا
46051,جيليت | فينوس شفرات حلاقة حساسة للاستعمال مرة واحدة للنساء | 3 قطع,gillette venus sensitive disposable razors for women pcs 4inq_dujJjsIT,290,EGP,جيليت,العناية اليومية>العناية النسائية,in stock,https://chefaa.com:443/eg-ar/nowProduct/gillette-venus-sensitive-disposable-razors-for-women-3-pcs-4inq_dujJjsIT,https://cdn.chefaa.com/filters:format(webp)/public/uploads/products/gillette-venus-sensitive-disposable-razors-for-women-3-pcs-mqhu-01690454739.png,https://cdn.chefaa.com/filters:format(webp)/public/uploads/products/gillette-venus-sensitive-disposable-razors-for-women-3-pcs-mqhu-01690454739.png,مميزات المنتج   جيليت | فينوس شفرات حلاقة حساسة للاستعمال مرة واحدة للنساء | 3 قطع,ماركة: جيليت
344,شفرات حلاقة جيليت فينوس الصفراء أولاي كومفورت | 4 قطع,gillette venus olay comfort glide razor for women cartridge,750,EGP,جيليت,العناية اليومية>العناية النسائية,in stock,https://chefaa.com:443/eg-ar/nowProduct/gillette-venus-olay-comfort-glide-razor-for-women-1-cartridge,https://cdn.chefaa.com/filters:format(webp)/public/uploads/products/gillette-venus-olay-comfort-glide-razor-for-women-1-cartridge-01723035832.png,https://cdn.chefaa.com/filters:format(webp)/public/uploads/products/gillette-venus-olay-comfort-glide-razor-for-women-1-cartridge-01723035832.png,مميزات المنتج   تتميز ماكينة حلاقة جيليت فينوس الصفراء بالآتي: تحتوي رأس الحلاقة على 5 شفرات توفر إزالة دقيقة للشعر بدون ألم. تساعد على إكساب الجلد النعومة والترطيب لفترة طويلة. لها رأس مرنة ومتحركة مما يسمح للماكينة بالانزلاق بسلاسة على البشرة. لطيفة على البشرة ولا تسبب الحساسية أو الالتهابات. مناسبة لجميع أنواع البشرة ويمكن استخدامها للأماكن الحساسة. لها رائحة جميلة ومميزة وتترك الجلد ناعم. سعر ماكينة الحلاقة جيليت فينوس مناسب مقارنة بفوائدها المميزة للبشرة.   عن هذا المنتج     مكونات جيليت فينوس أولاي  تحتوي ماكينة جيليت فينوس على: رأس الماكينة: تحتوي على 5 شفرات مما يسهل الحلاقة بدون ألم. مقبض الماكينة. جل مرطب: غني بالمواد المرطبة والمغذية للجلد لإكساب الجلد المزيد من النعومة والترطيب. حجم جيليت فينوس اولاي  تتوفر gillette venus olay على هيئة عبوة تحتوي على ماكينة واحدة ومعها شفرة واحدة أو شفرتين. يوصى باستعمال ماكينه جيليت فينوس النسائيه ل: جيليت فينوس مناسبة لجميع أنواع البشرة فهي الخيار الأمثل لكل من تريد إزالة الشعر بدون ألم مع  الحفاظ على ملمس بشرتها ناعم ورطب. انواع جيليت فينوس  جيليت فينوس بريز كومفورت. جيليت فينوس أولاي كومفورت. جيليت فينوس سموث. جيليت فينوس سناب. جيليت فينوس سيمبلي. جيليت فينوس ديلوكس سموث بلاتينوم.,ماركة: جيليت
377,جليسوليد | كلاسيك بادي لوشن مرطب بالجليسرين للبشرة الجافة والعادية | 200مل,Burnus Glysolid Glycerin Lotion,80,EGP,جليسوليد,العناية اليومية>العناية النسائية,in stock,https://chefaa.com:443/eg-ar/nowProduct/Burnus-Glysolid-Glycerin-Lotion---200-Ml,https://cdn.chefaa.com/filters:format(webp)/public/uploads/products/burnus-glysolid-glycerin-lotion-200-ml-01744102335.png,https://cdn.chefaa.com/filters:format(webp)/public/uploads/products/burnus-glysolid-glycerin-lotion-200-ml-01744102335.png,مميزات المنتج   يعمل على تهدئة وترطيب البشرة وحمايتها من الجفاف والتشققات والحكة. يساعد في الحفاظ على التوازن الطبيعي للبشرة ويعوض البشرة عما تفقده من ماء. يُكسب بشرة الجسم واليدين مزيد من النعومة والنضارة والحيوية. مناسب للبشرة الجافة والعادية. مناسب للجسم واليدين. مناسب للكبار. يتميز بتركيبته سريعة الامتصاص التي لا تترك أي أثر دهني على البشرة. يتميز أنه صناعة ألمانية   عن هذا المنتج     مكونات كلاسيك لوشن مرطب للجسم من جليسوليد: الجليسرين: يعمل على ترطيب البشرة وحمايتها من الجفاف والتشققات. مستخلص البابونج: له خصائص مضادة للأكسدة والالتهابات ويعمل على تهدئة وتقليل تهيج واحمرار البشرة. حجم Glysolid Classic Body Lotion For Dry and Normal Skin: يتوفر بحجم 200 مل. يوصي به: اللوشن مناسب للكبار الذين يعانون من البشرة العادية والجافة الخشنة والمتشققة حيث يعمل على ترطيب البشرة وحمايتها من الجفاف لفترة طويلة.,ماركة: جليسوليد
2044,فيشي رول اون مضاد للتعرق المفرط للبشرة الحساسة للجنسين | 50 مل,vichy deodorant hour intensive anti perspirant roll,789,EGP,فيشي,العناية اليومية>العناية بالجسم و الاستحمام,in stock,https://chefaa.com:443/eg-ar/nowProduct/vichy-deodorant-48-hour-intensive-anti-perspirant-roll-on,https://cdn.chefaa.com/filters:format(webp)/public/uploads/products/16061309583337871320300-1jpg,https://cdn.chefaa.com/filters:format(webp)/public/uploads/products/16061309583337871320300-1jpg,مميزات المنتج   فيشي رول اون مضاد للتعرق المفرط للبشرة الحساسة للجنسين | 50 مل   عن هذا المنتج     مكونات رول أون فيشي:     دايمثيكون: يعمل على امتصاص الرطوبة والعرق.   كلوروهيدرات الألومنيوم: يعمل كمضاد للتعرق ويساعد على التحكم في التعرق المفرط.     مميزات فيشي رول اون مزيل للعرق:     يعمل على مقاومة التعرق الزائد ويوفر معالجة مكثفة وحماية فائقة تدوم حتى 48 ساعة.   يقضى على رائحة العرق.   مناسب لجميع أنواع البشرة والبشرة الحساسة.   مناسب للرجال والنساء الذين يعانون من التعرق المفرط.   تم اختباره من قبل أطباء الجلدية.   لا يسبب حساسية البشرة.     حجم Vichy Deodorant 48HR Intensive Anti-Perspirant Treatment Roll-On:     يتوفر بحجم 50 مل.     يوصي به:   الرول أون مناسب لجميع أنواع البشرة والبشرة الحساسة والرجال والنساء الذين يعانون من التعرق الزائد حيث يعمل على القضاء على الرائحة الكريهة وامتصاص العرق لفترة طويلة تصل إلى 48 ساعة.,ماركة: فيشي
49744,إنفينيتي | مزيل عرق رول اون بلاك بيري والعود 1+1,infinity blackberry oud roll deodorant ju7h,220,EGP,إنفينيتي,العناية اليومية>العناية بالجسم و الاستحمام,in stock,https://chefaa.com:443/eg-ar/nowProduct/infinity-blackberry-oud-roll-on-deodorant-11-ju7h,https://cdn.chefaa.com/filters:format(webp)/public/uploads/products/infinity-blackberry-oud-roll-on-deodorant-11-j3ly-01730273340.png,https://cdn.chefaa.com/filters:format(webp)/public/uploads/products/infinity-blackberry-oud-roll-on-deodorant-11-j3ly-01730273340.png,مميزات المنتج   إنفينيتي | مزيل عرق رول اون بلاك بيري والعود 1+1,ماركة: إنفينيتي
21364,فوكس | فيو فرشاة اسنان اصفر صلبة,fuchs view toothbrush yellow hard mryj,25,EGP,No Brand,العناية اليومية>العناية بالفم و الاسنان,in stock,https://chefaa.com:443/eg-ar/nowProduct/fuchs-view-toothbrush-yellow-hard-mryj,https://cdn.chefaa.com/filters:format(webp)/public/uploads/products/fuchs-view-toothbrush-yellow-hard-wgux-01656506095.png,https://cdn.chefaa.com/filters:format(webp)/public/uploads/products/fuchs-view-toothbrush-yellow-hard-wgux-01656506095.png,مميزات المنتج   فوكس | فيو فرشاة اسنان اصفر صلبة,raw_specs: المواصفات
61085,ستارفيل | مزيل عرق رول أون لتفتيح البشرة برائحة ناعمة | 60مل,starville roll whitening red berry scent 60ml q9fc_duyDjpVF,150,EGP,ستارفيل,العناية اليومية>العناية بالجسم و الاستحمام,in stock,https://chefaa.com:443/eg-ar/nowProduct/starville-roll-on-whitening-red-berry-scent-60ml-q9fc_duyDjpVF,https://cdn.chefaa.com/filters:format(webp)/public/uploads/products/starville-roll-on-whitening-red-berry-scent-60ml-q9fc-duydjpvf-01750755639.png,https://cdn.chefaa.com/filters:format(webp)/public/uploads/products/starville-roll-on-whitening-red-berry-scent-60ml-q9fc-duydjpvf-01750755639.png,مميزات المنتج   ستارفيل | مزيل عرق رول أون لتفتيح البشرة برائحة ناعمة | 60مل,ماركة: ستارفيل
5529,كير فري | فوط صحية يومية قطنية | 56 قطعة,carefree cotton extract panty liner 56pieces,205,EGP,كيرفري,العناية اليومية>العناية النسائية,in stock,https://chefaa.com:443/eg-ar/nowProduct/carefree-cotton-extract-panty-liner-56pieces-ph,https://cdn.chefaa.com/filters:format(webp)/public/uploads/products/carefree-cotton-extract-panty-liner-56pieces-ph-01723661718.png,https://cdn.chefaa.com/filters:format(webp)/public/uploads/products/carefree-cotton-extract-panty-liner-56pieces-ph-01723661718.png,مميزات المنتج   كير فري فوط صحية يومية قطنية هذه الفوط اليومية تتنفّس وتحتوي على خلاصة القطن. فإلى جانب تأمينها الحماية اليومية للملابس الداخلية، تمنحك شعوراً بالنعومة والراحة يومياً. مهما يكن ما ترتدينه، ستشعرين بالانتعاش والثقة طوال اليوم. تحتوي على خلاصة القطن لشعور بغاية النعومة لمنطقة الملابس الداخلية. تزوّدك بالانتعاش اليومي خلال الأيام العادية . مواد قابلة للتنفس. تمّ اختبارها من قبل أطباء الجلد، غطاء مريح ناعم الملمس. تتكيّف مع حركة جسمك وتبقى في مكانها.,ماركة: كيرفري
32339,ليسترن | غسول فم بالفلوريد ادفانز | 500مل,listerine mouthwash advanced white milder taste 500ml zcn0,200,EGP,ليسترين,العناية اليومية>العناية بالفم و الاسنان,in stock,https://chefaa.com:443/eg-ar/nowProduct/listerine-mouthwash-advanced-white-milder-taste-500ml-zcn0,https://cdn.chefaa.com/filters:format(webp)/public/uploads/products/listerine-mouthwash-advanced-white-milder-taste-500ml-t9mo-01697200865.png,https://cdn.chefaa.com/filters:format(webp)/public/uploads/products/listerine-mouthwash-advanced-white-milder-taste-500ml-t9mo-01697200865.png,مميزات المنتج   ليسترن | غسول فم بالفلوريد ادفانز | 500مل,ماركة: ليسترين
45748,جيليت | بلو 2 شفرات حلاقة | 14قطعة,gillette blue plus disposable 14pcs miw6_duCamGyY,260,EGP,جيليت,العناية اليومية>العناية الرجالية,in stock,https://chefaa.com:443/eg-ar/nowProduct/gillette-blue-ii-plus-disposable-14pcs-miw6_duCamGyY,https://cdn.chefaa.com/filters:format(webp)/public/uploads/products/gillette-blue-ii-plus-disposable-14pcs-exh5-01716219137.png,https://cdn.chefaa.com/filters:format(webp)/public/uploads/products/gillette-blue-ii-plus-disposable-14pcs-exh5-01716219137.png,مميزات المنتج   جيليت | بلو 2 شفرات حلاقة | 14قطعة,ماركة: جيليت
60860,ستارفيل | غسول سائل مرطب بالافندر للمناطق الحساسة | 200مل,starville femme intimate cleansing wash hydrate 200ml tqnb,170,EGP,ستارفيل,العناية اليومية>العناية النسائية,in stock,https://chefaa.com:443/eg-ar/nowProduct/starville-femme-intimate-cleansing-wash-hydrate-200ml-tqnb,https://cdn.chefaa.com/filters:format(webp)/public/uploads/products/starville-femme-intimate-cleansing-wash-hydrate-200ml-lxzn-01748534980.png,https://cdn.chefaa.com/filters:format(webp)/public/uploads/products/starville-femme-intimate-cleansing-wash-hydrate-200ml-lxzn-01748534980.png,مميزات المنتج   ستارفيل | غسول سائل مرطب بالافندر للمناطق الحساسة | 200مل,ماركة: ستارفيل
45988,فريش دايز | فوط صحية يومية 2 × 1 مغلفة بشكل فردي للنساء | 24قطعة,freshdays sanita normal panty liners 24counts angf_duf8hYoV,75,EGP,فريش دايز,العناية اليومية>العناية النسائية,in stock,https://chefaa.com:443/eg-ar/nowProduct/freshdays-sanita-normal-2-in-1-panty-liners-24counts-angf_duf8hYoV,https://cdn.chefaa.com/filters:format(webp)/public/uploads/products/freshdays-sanita-normal-2-in-1-panty-liners-24counts-angf-01722769448.png,https://cdn.chefaa.com/filters:format(webp)/public/uploads/products/freshdays-sanita-normal-2-in-1-panty-liners-24counts-angf-01722769448.png,مميزات المنتج   فريش دايز | فوط صحية يومية 2 × 1 مغلفة بشكل فردي للنساء | 24قطعة,ماركة: فريش دايز
60947,ديتول | صابون مغذي ضد الجراثيم | 115جم,dettol antibacterial soap 115g tt3t_duTa4ZCc,33,EGP,ديتول,العناية اليومية>الحماية,in stock,https://chefaa.com:443/eg-ar/nowProduct/dettol-antibacterial-soap-115g-tt3t_duTa4ZCc,https://cdn.chefaa.com/filters:format(webp)/public/uploads/products/dettol-antibacterial-soap-115g-tt3t-01720515816.png,https://cdn.chefaa.com/filters:format(webp)/public/uploads/products/dettol-antibacterial-soap-115g-tt3t-01720515816.png,مميزات المنتج   ديتول | صابون مغذي ضد الجراثيم | 115جم,ماركة: ديتول
61325,مورا |غطاء تواليت بلاصق ذاتي | 15 قطعة,toilet cover 15pcs with adhesive dfKd,20,EGP,No Brand,العناية اليومية>الحماية,in stock,https://chefaa.com:443/eg-ar/nowProduct/toilet-cover-15pcs-with-adhesive-dfKd,https://cdn.chefaa.com/filters:format(webp)/public/uploads/products/toilet-cover-15pcs-with-adhesive-dfkd-01752061650.png,https://cdn.chefaa.com/filters:format(webp)/public/uploads/products/toilet-cover-15pcs-with-adhesive-dfkd-01752061650.png,مميزات المنتج   مورا |غطاء تواليت بلاصق ذاتي | 15 قطعة,raw_specs: المواصفات
20821,نيفيا | ماء ميسيلار للبشرة الحساسة | 100مل,nivea micellar water makeup remover for sensitive skin 100ml ccfc,100,EGP,نيفيا,العناية اليومية>العناية النسائية,in stock,https://chefaa.com:443/eg-ar/nowProduct/nivea-micellar-water-3-in-1-makeup-remover-for-sensitive-skin-100ml-ccfc,https://cdn.chefaa.com/filters:format(webp)/public/uploads/products/nivea-micellar-water-3-in-1-makeup-remover-for-sensitive-skin-100ml-wvmv-01655368482.png,https://cdn.chefaa.com/filters:format(webp)/public/uploads/products/nivea-micellar-water-3-in-1-makeup-remover-for-sensitive-skin-100ml-wvmv-01655368482.png,مميزات المنتج   نيفيا | ماء ميسيلار للبشرة الحساسة | 100مل   عن هذا المنتج     يزيل ماكياج العينين بلطف دون فرك ويحافظ جمال وأناقة الرموش. ينظف البشرة بعمق ويزيل الماكياج. يرطب البشرة وينعمها بصورة ملائمة.,ماركة: نيفيا
32546,اوروفيكس المسواك | 250مل,orovex mouthwash miswak 250ml kkqi,85,EGP,No Brand,العناية اليومية>,in stock,https://chefaa.com:443/eg-ar/nowProduct/orovex-mouthwash-miswak-250ml-kkqi,https://cdn.chefaa.com/filters:format(webp)/public/uploads/products/orovex-mouthwash-miswak-250ml-kkqi-01720060969.png,https://cdn.chefaa.com/filters:format(webp)/public/uploads/products/orovex-mouthwash-miswak-250ml-kkqi-01720060969.png,مميزات المنتج   اوروفيكس المسواك | 250مل,raw_specs: المواصفات
21101,جيليت | إشفرات حلاقة ماك 3 تربو | 4 قطع,gillette mach3 turbo razor blades refill pcs d0z6,800,EGP,جيليت,العناية اليومية>العناية الرجالية,in stock,https://chefaa.com:443/eg-ar/nowProduct/gillette-mach3-turbo-razor-blades-refill-4-pcs-d0z6,https://cdn.chefaa.com/filters:format(webp)/public/uploads/products/gillette-mach3-turbo-razor-blades-refill-4-pcs-d0z6-01722324685.png,https://cdn.chefaa.com/filters:format(webp)/public/uploads/products/gillette-mach3-turbo-razor-blades-refill-4-pcs-d0z6-01722324685.png,عن هذا المنتج     جيليت | إشفرات حلاقة ماك 3 تربو | 4 قطع,ماركة: جيليت
20823,ريد | قاتل الحشرات الطائرة,reid insecticide aqua odorless ptvn,113,EGP,ريد,العناية اليومية>الحماية,in stock,https://chefaa.com:443/eg-ar/nowProduct/reid-insecticide-aqua-odorless-400-ml-ptvn,https://cdn.chefaa.com/filters:format(webp)/public/uploads/products/reid-insecticide-aqua-odorless-400-ml-pxwi-01655371627.png,https://cdn.chefaa.com/filters:format(webp)/public/uploads/products/reid-insecticide-aqua-odorless-400-ml-pxwi-01655371627.png,مميزات المنتج   ريد | قاتل الحشرات الطائرة,ماركة: ريد
51340,دابر | معجون أسنان ريد الأيورفيدا | 100جم,dabur red ayurvedic toothpaste gmwZCI,35,EGP,No Brand,العناية اليومية>العناية بالفم و الاسنان,in stock,https://chefaa.com:443/eg-ar/nowProduct/dabur-red-ayurvedic-toothpaste-100-gmwZCI,https://cdn.chefaa.com/filters:format(webp)/public/uploads/products/dabur-red-ayurvedic-toothpaste-100-gmwzci-01734353536.png,https://cdn.chefaa.com/filters:format(webp)/public/uploads/products/dabur-red-ayurvedic-toothpaste-100-gmwzci-01734353536.png,مميزات المنتج   دابر | معجون أسنان ريد الأيورفيدا | 100جم,raw_specs: المواصفات
18565,نيفيا | جل الحلاقة بروتكت آند كير للرجال | 200مل,nivea moisturizing gel oanx,320,EGP,نيفيا,العناية اليومية>العناية الرجالية,in stock,https://chefaa.com:443/eg-ar/nowProduct/nivea-moisturizing-gel-200-ml-oanx,https://cdn.chefaa.com/filters:format(webp)/public/uploads/products/nivea-moisturizing-gel-200-ml-oanx-01655117963.png,https://cdn.chefaa.com/filters:format(webp)/public/uploads/products/nivea-moisturizing-gel-200-ml-oanx-01655117963.png,مميزات المنتج   نيفيا | جل الحلاقة بروتكت آند كير | 200 مل   عن هذا المنتج     ينعم شعر اللحية.   يمنحك سلاسة لشفرة الحلاقة ويجعلها دقيقة ومريحة جدًا.   يحمي بشرتك من الجروح الصغيرة والتحسس والالتهابات.   يدعم طبقة الحماية الطبيعية للبشرة.   جل الحلاقة لحماية بشرة الرجال من ﻧﻴﭭيا قد تتسبب الحلاقة المتكررة في ظهور مشاكل البشرة، الأمر الذي يتطلب حماية وعناية فائقة.   إليكم الحل الأمثل صُنع جل الحلاقة لحماية البشرة للرجال المتأنقين مثلك، حيث تمنح تركيبة الألو فيرا والبروفيتامين B5 بشرتك العناية والترطيب اللازم.   تم اختباره فعليًا: حيث ثبتت حمايته الفعالة للبشرة أثناء الحلاقة مع منع جفافها، مما يضفي مزيدًا من الراحة والانتعاش لبشرتك.,ماركة: نيفيا
45986,فريش دايز | فوط يومية عادية | 24قطعة,freshdays normal panty liners 24counts xzst_dulPymq5,80,EGP,فريش دايز,العناية اليومية>العناية النسائية,in stock,https://chefaa.com:443/eg-ar/nowProduct/freshdays-normal-panty-liners-24counts-xzst_dulPymq5,https://cdn.chefaa.com/filters:format(webp)/public/uploads/products/freshdays-normal-panty-liners-24counts-xzst-01722769364.png,https://cdn.chefaa.com/filters:format(webp)/public/uploads/products/freshdays-normal-panty-liners-24counts-xzst-01722769364.png,مميزات المنتج   فريش دايز | فوط يومية عادية | 24قطعة,ماركة: فريش دايز
1883,بيزلين | جزر الباسيفيك رول اون مزيل رائحة العرق | 50مل,beesline whitening roll deodorant pacific islands,290,EGP,بيزلين,العناية اليومية>العناية النسائية,in stock,https://chefaa.com:443/eg-ar/nowProduct/beesline-whitening-roll-on-deodorant-pacific-islands,https://cdn.chefaa.com/filters:format(webp)/public/uploads/products/1606399759-0000s-0033-pacific-islandspng,https://cdn.chefaa.com/filters:format(webp)/public/uploads/products/1606399759-0000s-0033-pacific-islandspng,عن هذا المنتج     مزيل عرق مبتكر وآمن وفعال للغاية لمدة 48 ساعة يعمل على محاربة رائحة الجسم ويمتص الرطوبة ويرطب البشرة أثناء تفتيح البشرة وتوحيد لونها المسائي للحصول على منطقة تحت الإبط نظيفة ومشرقة.,ماركة: بيزلين
20841,نيفيا | شاور جل كريم سوفت بزيت اللوز | 250مل,nivea creme soft shower gel almond oil mild scent 250ml 6ho4,120,EGP,نيفيا,العناية اليومية>العناية بالجسم و الاستحمام,in stock,https://chefaa.com:443/eg-ar/nowProduct/nivea-creme-soft-shower-gel-almond-oil-mild-scent-250ml-6ho4,https://cdn.chefaa.com/filters:format(webp)/public/uploads/products/nivea-creme-soft-shower-gel-almond-oil-mild-scent-250ml-wlyn-01655378393.png,https://cdn.chefaa.com/filters:format(webp)/public/uploads/products/nivea-creme-soft-shower-gel-almond-oil-mild-scent-250ml-wlyn-01655378393.png,مميزات المنتج   نيفيا | شاور جل كريم سوفت بزيت اللوز | 250مل   عن هذا المنتج     جل استحمام منعش يتحول إلى رغوة غنية لإحساس البشرة بالحيوية.   غني بزيت اللوز الطبيعي ورائحة خفيفة.   تركيبة IQ هيدرا الشعور مرطب للبشرة ، حتى بعد تجفيف المنشفة.   توافق الجلد معتمد جلديا.   صيغة PH متوازنة للبشرة.   يوفر لك جل الاستحمام Nivea Creme Soft دشًا منعشًا ويترك بشرتك ناعمة ومنتعشة ومغذية.   غني بزيت اللوز الطبيعي ، جل الاستحمام Nivea Creme Soft يغلف جسمك برغوة ناعمة كالحرير ويحفز حواسك برائحته المنعشة.   تم تركيبه بتقنية Hydra IQ التي تحافظ على ترطيب بشرتك حتى بعد تجفيف المنشفة.   جل الاستحمام من نيفيا كريم سوفت هو درجة حموضة متوازنة للبشرة وموافق عليها من قبل أطباء الجلدية ومناسب لجميع أنواع البشرة.   تعتني نيفيا ببشرتك وكوكبك ، ولهذا السبب فإن جل الاستحمام هذا خالٍ من البلاستيك الدقيق ، وله تركيبة قابلة للتحلل البيولوجي بنسبة 98٪ (وفقًا لطرق OECD أو ما يعادلها) ، وزجاجته مصنوعة من 96٪ من البلاستيك المعاد تدويره (باستثناء الغطاء).   نيفيا مائة عام من العناية بالبشرة مدى الحياة!,ماركة: نيفيا
54136,زاك | بوليت واريور للرجال | 25مل,zak bullet warrior eau parfum51FT,80,EGP,No Brand,العناية اليومية>,in stock,https://chefaa.com:443/eg-ar/nowProduct/zak-bullet-warrior-eau-de-parfum51FT,https://cdn.chefaa.com/filters:format(webp)/public/uploads/products/zak-bullet-warrior-eau-de-parfum51ft-01736070445.png,https://cdn.chefaa.com/filters:format(webp)/public/uploads/products/zak-bullet-warrior-eau-de-parfum51ft-01736070445.png,مميزات المنتج   زاك | بوليت واريور للرجال | 25 مل   عن هذا المنتج     زاك |  بوليت واريور للرجال | 25 مل,raw_specs: المواصفات
18712,جي .كازانوفا | سبراى ازالة الشعر بعطر الورد | 150جم,jcasanova paris womens rose fragrance hair remover spray 150ml qmcp,200,EGP,جي .كازانوفا,العناية اليومية>العناية النسائية,in stock,https://chefaa.com:443/eg-ar/nowProduct/jcasanova-paris-womens-rose-fragrance-hair-remover-spray-150ml-qmcp,https://cdn.chefaa.com/filters:format(webp)/public/uploads/products/jcasanova-paris-womens-rose-fragrance-hair-remover-spray-150ml-qmcp-01724316943.png,https://cdn.chefaa.com/filters:format(webp)/public/uploads/products/jcasanova-paris-womens-rose-fragrance-hair-remover-spray-150ml-qmcp-01724316943.png,مميزات المنتج   جي .كازانوفا | سبراى ازالة الشعر بعطر الورد | 150جم,ماركة: جي .كازانوفا
2478,نيفيا | مزيل العرق حريري ناعم ابيض واسود غير مرئي سبراي للنساء | 150مل,nivea black and white invisible silky smooth deodorant spray for women,192,EGP,نيفيا,العناية اليومية>العناية النسائية,in stock,https://chefaa.com:443/eg-ar/nowProduct/nivea-black-and-white-invisible-silky-smooth-deodorant-spray-for-women-150-ml,https://cdn.chefaa.com/filters:format(webp)/public/uploads/products/nivea-black-and-white-invisible-silky-smooth-deodorant-spray-for-women-150-ml-01655288468.png,https://cdn.chefaa.com/filters:format(webp)/public/uploads/products/nivea-black-and-white-invisible-silky-smooth-deodorant-spray-for-women-150-ml-01655288468.png,مميزات المنتج   نيفيا | مزيل العرق حريري ناعم ابيض واسود غير مرئي سبراي للنساء | 150مل   عن هذا المنتج       تركيبة تحتوي على عناصر مرطبة تضفي على البشرة نعومة وانسيابية كالحرير.   خالٍ من الكحول الإيثيلي.   لا يسبب تهيُّج البشرة بعد الحلاقة.   حماية من الآثار البيضاء على الملابس السوداء ومقاومة البقع الصفراء على الملابس البيضاء.   لحماية أكيدة من التعرق طوال 48 ساعة مع العناية ببشرتك.   سائل الترطيب بعد الحلاقة نيفيا إنفيزيبل سيلكي سموذ المضاد للتعرق للملابس السوداء والبيضاء لحماية أكيدة من التعرق طوال 48 ساعة مع العناية ببشرتك.   تركيبة خالية من الكحول تحتوي على عناصر مرطبة تضفي على البشرة نعومة وانسيابية كالحرير.   لا يسبب تهيج البشرة بعد الحلاقة.   بالإضافة إلى ذلك، يوفر مضاد التعرق هذا حماية من الآثار البيضاء على الملابس السوداء ومقاومة البقع الصفراء على الملابس البيضاء.   قدرة البشرة على تحمل تركيبة مضاد التعرق مثبتة من قبل أطباء الأمراض الجلدية.   خالٍ من الكحول الإيثيلي.,ماركة: نيفيا
8579,جيليت | شفرات حلاقة فينوس ديلوكس سموث سويرل للسيدات | 4 شفرات,gillette venus deluxe smooth swirl womens epaw,780,EGP,جيليت,العناية اليومية>العناية النسائية,in stock,https://chefaa.com:443/eg-ar/nowProduct/gillette-venus-deluxe-smooth-swirl-womens-4b-epaw,https://cdn.chefaa.com/filters:format(webp)/public/uploads/products/gillette-venus-deluxe-smooth-swirl-womens-4b-epaw-01723035343.png,https://cdn.chefaa.com/filters:format(webp)/public/uploads/products/gillette-venus-deluxe-smooth-swirl-womens-4b-epaw-01723035343.png,مميزات المنتج   جيليت | شفرات حلاقة فينوس ديلوكس سموث سويرل للسيدات | 4 شفرات,ماركة: جيليت
46350,كير أند مور | سوفت كريم مرطب للبشرة الجافة بالجلسرين والفانيليا والكوكيز | 125مل,care more soft cream with glycerin vanilla and cookies 75ml e6jk_du6HDVap_duaU4Ncu,40,EGP,كير & مور,العناية اليومية>العناية بالجسم و الاستحمام,in stock,https://chefaa.com:443/eg-ar/nowProduct/care-more-soft-cream-with-glycerin-vanilla-and-cookies-75ml-e6jk_du6HDVap_duaU4Ncu,https://cdn.chefaa.com/filters:format(webp)/public/uploads/products/care-more-soft-cream-with-glycerin-vanilla-and-cookies-75ml-e6jk-du6hdvap-01700420537.png,https://cdn.chefaa.com/filters:format(webp)/public/uploads/products/care-more-soft-cream-with-glycerin-vanilla-and-cookies-75ml-e6jk-du6hdvap-01700420537.png,مميزات المنتج   يوفر ترطيب عميق لبشرة اليدين والجسم والوجه ويحميها من الجفاف والتشققات لفترة طويلة. يعمل على تغذية البشرة. يعمل على حماية البشرة من العوامل البيئية الضارة. يُكسب البشرة مزيد من النعومة والنضارة والحيوية.  مناسب للاستخدام اليومي في كل الفصول. مناسب للوجه والجسم واليدين. مناسب للبشرة الجافة. تم اختباره من قبل أطباء الجلدية. يتميز برائحة الفانيليا والكوكيز المميزة. يتميز بحجمه الصغير مما يسهل حمله واستخدامه خلال السفر والتنقلات.   عن هذا المنتج     مكونات  كير أند مور سوفت كريم للبشرة الجافة: الجليسرين: يعمل على ترطيب البشرة وحمايتها من الجفاف والتشققات. خلاصة الصبار: لها خصائص مضادة للالتهابات وتعمل على تهدئة وترطيب البشرة. زيت اللوز: له خصائص مضادة للأكسدة ويعمل على ترطيب البشرة ومدها بفيتامينات أ و هـ. فيتامين هـ: له خصائص مضادة للأكسدة والالتهابات ويساعد فى الحفاظ على رطوبة الجلد وتحفيز تجدد خلايا البشرة. الفانيليا والكوكيز. حجم Care & More Soft Cream with Glycerin- Vanilla & Cookies: يتوفر بحجم 125 مل. يوصي به: الكريم مناسب للبشرة الجافة حيث يعمل على ترطيب البشرة بعمق وحمايتها من الجفاف والتشققات والعوامل البيئية الضارة.,ماركة: كير & مور
59586,مود | سانتوريني حليب جسم مرطب | 200مل,mood santorini moisturizing body milk 200ml af9t_duH98qlz,80,EGP,مود,العناية اليومية>العناية بالجسم و الاستحمام,in stock,https://chefaa.com:443/eg-ar/nowProduct/mood-santorini-moisturizing-body-milk-200ml-af9t_duH98qlz,https://cdn.chefaa.com/filters:format(webp)/public/uploads/products/mood-santorini-moisturizing-body-milk-200ml-af9t-duh98qlz-01741000748.png,https://cdn.chefaa.com/filters:format(webp)/public/uploads/products/mood-santorini-moisturizing-body-milk-200ml-af9t-duh98qlz-01741000748.png,مميزات المنتج   مود | سانتوريني حليب جسم مرطب | 200مل,ماركة: مود
18040,نيفيا | مزيل العرق سيلفر بروتكت سبراي للرجال | 150مل,nivea silver protect deodorant spray for men 150ml tcgw,195,EGP,نيفيا,العناية اليومية>العناية الرجالية,in stock,https://chefaa.com:443/eg-ar/nowProduct/nivea-silver-protect-deodorant-spray-for-men-150ml-tcgw,https://cdn.chefaa.com/filters:format(webp)/public/uploads/products/nivea-silver-protect-deodorant-spray-for-men-150ml-tcgw-01655285621.png,https://cdn.chefaa.com/filters:format(webp)/public/uploads/products/nivea-silver-protect-deodorant-spray-for-men-150ml-tcgw-01655285621.png,مميزات المنتج   نيفيا | مزيل العرق سيلفر بروتكت سبراي للرجال | 150مل   عن هذا المنتج       يحارب رائحة الجسم.   بتركيبة مضادة للبكتيريا تحتوي على أيونات الفضة.   حماية موثوقة 48 ساعة من التعرق تهتم ببشرتك.   بدون الكحول الإيثيلي.   يوفر مضاد التعرق سيلفر بروتكت للرجال من نييا حماية موثوقة ضد التعرق لمدة 48 ساعة تهتم ببشرتك أثناء العملية.   اشعر بالحماية الكاملة طوال اليوم بغض النظر عما سيأتي به.   تركيبة مضادة للبكتيريا تحتوي على أيونات الفضة تحارب رائحة الجسم.   مضاد التعرق خالي من الكحول الإيثيلي ويجف بسرعة على بشرتك.   يفتتح هذا العطر بمكونات عليا من الحمضيات المنعشة جنبًا إلى جنب مع العطريات والعناصر الخضراء لحافة منعشة منعشة.   في قلب العطر يوجد قلب ذكوري حديث مبني على قاعدة شرقية ناعمة ومثيرة لتدوم طويلاً.   تمت الموافقة على تحمل الجلد لمضاد التعرق هذا من قبل أطباء الجلدية.,ماركة: نيفيا
54597,اولويز | فليكسي فيت طويلة نحيفة | 20 فوطة صحية,always flexi fit long slim 20padgXq8,97,EGP,No Brand,العناية اليومية>العناية النسائية,in stock,https://chefaa.com:443/eg-ar/nowProduct/always-flexi-fit-long-slim-20padgXq8,https://cdn.chefaa.com/filters:format(webp)/public/uploads/products/always-flexi-fit-long-slim-20padgxq8-01733740618.png,https://cdn.chefaa.com/filters:format(webp)/public/uploads/products/always-flexi-fit-long-slim-20padgxq8-01733740618.png,مميزات المنتج   اولويز | فليكسي فيت طويلة نحيفة | 20 فوطة صحية,raw_specs: المواصفات
23292,بارودونتاكس | معجون أسنان اليومي للتبييض لوقف نزيف اللثة | 50مل,parodontax whitening daily toothpaste for bleeding gums 50ml hr1x,75,EGP,بارودونتكس,العناية اليومية>العناية بالفم و الاسنان,in stock,https://chefaa.com:443/eg-ar/nowProduct/parodontax-whitening-daily-toothpaste-for-bleeding-gums-50ml-hr1x,https://cdn.chefaa.com/filters:format(webp)/public/uploads/products/parodontax-whitening-daily-toothpaste-for-bleeding-gums-50ml-hr1x-01751889387.png,https://cdn.chefaa.com/filters:format(webp)/public/uploads/products/parodontax-whitening-daily-toothpaste-for-bleeding-gums-50ml-hr1x-01751889387.png,"مميزات المنتج   بارودونتكس للتبييض معجون أسنان یومي بالفلوراید ثبت طبیاً أنه یساعد على وقف ومنع نزیف اللثة.   عن هذا المنتج     ""بارودونتكس أقوى أربع مرات في التغلب على أسباب نزيف اللثة عن أي معجون أسنان عادي. بارودونتكس للتبييض يساعد على وقف ومنع نزيف اللثة.  تم تصمیم بارودونتكس خصیصا ً لإزالة سبب نزیف اللثة مادیاً عن طریق استھداف تراكم البكتیریا على طول خط اللثة ، مما یساعد على إبقاء العازل بین اللثة  والأسنان مشدودا. للمساعدة في وقف ومنع نزیف اللثة، استخدم باستمرار مرتین یومیاً.""",ماركة: بارودونتكس
21547,جليد | بخاخ معطر جو زهرة الخزامي | 300مل,glade air freshener spray lavender 300ml bymd,75.27,EGP,جليد,العناية اليومية>,in stock,https://chefaa.com:443/eg-ar/nowProduct/glade-air-freshener-spray-lavender-300ml-bymd,https://cdn.chefaa.com/filters:format(webp)/public/uploads/products/glade-air-freshener-spray-lavender-300ml-bymd-01722332190.png,https://cdn.chefaa.com/filters:format(webp)/public/uploads/products/glade-air-freshener-spray-lavender-300ml-bymd-01722332190.png,عن هذا المنتج     جليد | بخاخ معطر جو زهرة الخزامي | 300مل,ماركة: جليد
46697,إيفا سكين كير | مقشر اليدين تروبيكال | 50مل,eva skin care hand scrub tropical 50ml ukkz_duQ8M9lG,70,EGP,إيڤا,العناية اليومية>العناية بالجسم و الاستحمام,in stock,https://chefaa.com:443/eg-ar/nowProduct/eva-skin-care-hand-scrub-tropical-50ml-ukkz_duQ8M9lG,https://cdn.chefaa.com/filters:format(webp)/public/uploads/products/eva-skin-care-hand-scrub-tropical-50ml-efbr-01709420961.png,https://cdn.chefaa.com/filters:format(webp)/public/uploads/products/eva-skin-care-hand-scrub-tropical-50ml-efbr-01709420961.png,مميزات المنتج   إيفا سكين كير | مقشر اليدين تروبيكال | 50مل,ماركة: إيڤا
47694,اوروفيكس | ماكرو غسول الفم بالبرتقال | 120 مل,orovex macro liquid mouth wash orange 120ml ekc9,85,EGP,No Brand,العناية اليومية>العناية بالفم و الاسنان,in stock,https://chefaa.com:443/eg-ar/nowProduct/orovex-macro-liquid-mouth-wash-orange-120ml-ekc9,https://cdn.chefaa.com/filters:format(webp)/public/uploads/products/orovex-macro-liquid-mouth-wash-orange-120ml-uawe-01726646572.png,https://cdn.chefaa.com/filters:format(webp)/public/uploads/products/orovex-macro-liquid-mouth-wash-orange-120ml-uawe-01726646572.png,مميزات المنتج   اوروفيكس | ماكرو غسول الفم بالبرتقال | 120 مل,raw_specs: المواصفات
51714,إيفا | مزيل العرق سكين كير أكتيف فريش | 60جم,eva natural glow deodorant roll active fresh 60KGrp,115,EGP,إيڤا,العناية اليومية>,in stock,https://chefaa.com:443/eg-ar/nowProduct/eva-natural-glow-deodorant-roll-on-active-fresh-60KGrp,https://cdn.chefaa.com/filters:format(webp)/public/uploads/products/eva-natural-glow-deodorant-roll-on-active-fresh-60kgrp-01733090568.png,https://cdn.chefaa.com/filters:format(webp)/public/uploads/products/eva-natural-glow-deodorant-roll-on-active-fresh-60kgrp-01733090568.png,مميزات المنتج   إيفا | مزيل العرق سكين كير أكتيف فريش | 60جم,ماركة: إيڤا
23290,بارودونتاكس | معجون أسنان إنتعاش زائد لوقف نزيف اللثة | 100مل,parodontax extra fresh daily toothpaste for bleeding gums 100ml jyep,135,EGP,بارودونتكس,العناية اليومية>العناية بالفم و الاسنان,in stock,https://chefaa.com:443/eg-ar/nowProduct/parodontax-extra-fresh-daily-toothpaste-for-bleeding-gums-100ml-jyep,https://cdn.chefaa.com/filters:format(webp)/public/uploads/products/parodontax-extra-fresh-daily-toothpaste-for-bleeding-gums-100ml-jyep-01751889248.png,https://cdn.chefaa.com/filters:format(webp)/public/uploads/products/parodontax-extra-fresh-daily-toothpaste-for-bleeding-gums-100ml-jyep-01751889248.png,مميزات المنتج   ما هو معجون أسنان بارودونتاكس إنتعاش زائد: هو معجون أسنان يومي يساعد على وقف ومنع نزيف اللثة مع الاستخدام مرتين يوميا.   عن هذا المنتج     ما هو معجون أسنان بارودونتاكس إنتعاش زائد? هو معجون أسنان يومي يساعد على وقف ومنع نزيف اللثة مع الأستخدام مرتين يوميا. اختيار معجون أسنان اللثة: إذا رأيت دما عند تنظيف الأسنان بالفرشاة ، فقد تعاني من أمراض اللثة. إذا تركته من دون علاج ، يمكن أن يؤدي ذلك إلى رائحة الفم الكريهة و تراجع اللثة وفقدان الأسنان.  ما هو سبب نزيف اللثة? يحدث نزيف اللثة بسبب تراكم البلاك. لماذا تختا ر بارودونتاكس: بارودونتاكس أكثر فعالية من معجون الأسنان العادي في إزالة البلاك.   مقارنة بين بارودونتاكس و  معجون الأسنان العادي: تم تصميم  بارودونتاكس للاستخدام اليومي ، وكذلك العناية باللثة ، كما أنه يقوي الأسنان وينعش التنفس. الطعم: معجون أسنان بارودونتاكس  إنتعاش زائد  يمنحك شعوراً بالانتعاش العميق، وإحساساً بنظافة الفم وانتعاشه لساعات طويلة. طريقة الاستخدام: إستخدم معجون أسنان بارودونتاكس  إنتعاش زائد لوقف نزيف اللثة مرتين في اليوم  بدلا من استخدام معجون الأسنان العادي,ماركة: بارودونتكس
18028,لابيلو | مرطب الشفاه تشيري شاين كير بالفراولة | 4.8جم,labello strawberry shine caring lip balm 55ml mfeb,120,EGP,لابيلو,العناية اليومية>العناية النسائية,in stock,https://chefaa.com:443/eg-ar/nowProduct/labello-strawberry-shine-caring-lip-balm-55ml-mfeb,https://cdn.chefaa.com/filters:format(webp)/public/uploads/products/labello-strawberry-shine-caring-lip-balm-55ml-mfeb-01655194911.png,https://cdn.chefaa.com/filters:format(webp)/public/uploads/products/labello-strawberry-shine-caring-lip-balm-55ml-mfeb-01655194911.png,مميزات المنتج   لابيلو | مرطب الشفاه تشيري شاين كير بالفراولة | 4.8جم   عن هذا المنتج       خالي من الزيوت المعدنية، وغني بالزيوت الطبيعية.   غني برائحة الفراولة الرائعة واللمعان الرقيق للون الأحمر.   تركيبة فريدة غنية بأصباغ مشرقة.   يحافظ على ترطيب شفتيك لمدة 24 ساعة.   للحصول على لمسة جميلة من اللون المشرق والشفاه الناعمة الجذابة طوال اليوم.   مرطب العناية بالشفاه اللامع بالفراولة دللي شفتيك برائحة الفراولة الرائعة والمميزة واللمعان الرقيق للون الأحمر.   تذوب التركيبة الفريدة الغنية بالأصباغ المتلألئة في شفتيك على الفور وتحافظ على ترطيبها لمدة 24h.   تنزلق التركيبة بشكل متساوٍ وبسهولة على الشفتين لكي لا تحاجين إلى مرآة!   للحصول على لمسة جميلة من اللون اللامع والشفاه الناعمة الجذابة طوال اليوم!   تم اختبار المنتج سريريا متوافق مع تركيبة البشرة ومعتمد من أطباء الجلدية.,ماركة: لابيلو
62202,نيفيا | مزيل عرق رول اون فريش ناتشورال للنساء | 50مل خصم 15%,nivea deorollon fwfresh nat50ml15cXWd_duBUkTPa,85,EGP,نيفيا,العناية اليومية>,in stock,https://chefaa.com:443/eg-ar/nowProduct/nivea-deorollon-fwfresh-nat50ml15cXWd_duBUkTPa,https://cdn.chefaa.com/filters:format(webp)/public/uploads/products/nivea-deorollon-fwfresh-nat50ml15cxwd-01733944821.png,https://cdn.chefaa.com/filters:format(webp)/public/uploads/products/nivea-deorollon-fwfresh-nat50ml15cxwd-01733944821.png,مميزات المنتج   نيفيا | مزيل عرق رول اون فريش ناتشورال للنساء | 50مل خصم 15%,ماركة: نيفيا
62613,مولبيد | فوط صحية هايجين طويلة للغاية | 7فوط,molped antibacterial extra long pads HPvO,35,EGP,مولبيد,العناية اليومية>العناية النسائية,in stock,https://chefaa.com:443/eg-ar/nowProduct/molped-antibacterial-extra-long-7-pads-HPvO,https://cdn.chefaa.com/filters:format(webp)/public/uploads/products/molped-antibacterial-extra-long-7-pads-hpvo-01756169610.png,https://cdn.chefaa.com/filters:format(webp)/public/uploads/products/molped-antibacterial-extra-long-7-pads-hpvo-01756169610.png,مميزات المنتج   مولبيد | فوط صحية هايجين طويلة للغاية | 7فوط,ماركة: مولبيد
60438,مولبيد | اكسترا هايجين ماكسي مضغوط طويل | 16 قطعة,molped extra hygiene maxi compressed long pcs rivx,63,EGP,مولبيد,العناية اليومية>العناية النسائية,in stock,https://chefaa.com:443/eg-ar/nowProduct/molped-extra-hygiene-maxi-compressed-long-16-pcs-rivx,https://cdn.chefaa.com/filters:format(webp)/public/uploads/products/molped-extra-hygiene-maxi-compressed-long-16-pcs-opf2-01740222413.png,https://cdn.chefaa.com/filters:format(webp)/public/uploads/products/molped-extra-hygiene-maxi-compressed-long-16-pcs-opf2-01740222413.png,مميزات المنتج   مولبيد | اكسترا هايجين ماكسي مضغوط طويل | 16 قطعة,ماركة: مولبيد
32417,نيفيا | ديب بلاك كربون دارك وود اسبراى للرجال | 150مل,nivea deep black carbon dark wood spray for men 150ml ivno,192,EGP,نيفيا,العناية اليومية>العناية الرجالية,in stock,https://chefaa.com:443/eg-ar/nowProduct/nivea-deep-black-carbon-dark-wood-spray-for-men-150ml-ivno,https://cdn.chefaa.com/filters:format(webp)/public/uploads/products/nivea-deep-black-carbon-dark-wood-spray-for-men-150ml-ddxx-01697382178.png,https://cdn.chefaa.com/filters:format(webp)/public/uploads/products/nivea-deep-black-carbon-dark-wood-spray-for-men-150ml-ddxx-01697382178.png,مميزات المنتج   نيفيا | ديب بلاك كربون دارك وود اسبراى للرجال | 150مل,ماركة: نيفيا
46115,مود | غسول الاستحمام لاتينو | 750مل,mood latino shower wash 750ml 0usb_duU4sDGD,89,EGP,مود,العناية اليومية>العناية بالجسم و الاستحمام,in stock,https://chefaa.com:443/eg-ar/nowProduct/mood-latino-shower-wash-750ml-0usb_duU4sDGD,https://cdn.chefaa.com/filters:format(webp)/public/uploads/products/mood-latino-shower-wash-750ml-fmyn-01684689085.png,https://cdn.chefaa.com/filters:format(webp)/public/uploads/products/mood-latino-shower-wash-750ml-fmyn-01684689085.png,مميزات المنتج   مود | غسول الاستحمام لاتينو | 750مل,ماركة: مود
375,فازلين لوشن للجسم هيلثي ايفن البرتقالى لتفتيح البشرة | 400 مل,Vaseline Healthy Even Tone Body Lotion 400ml,275,EGP,فازلين,العناية اليومية>العناية النسائية,in stock,https://chefaa.com:443/eg-ar/nowProduct/Vaseline-Healthy-Even-Tone-Body-Lotion---400ml,https://cdn.chefaa.com/filters:format(webp)/public/uploads/products/vaseline-healthy-even-tone-body-lotion-400ml-01675612831.png,https://cdn.chefaa.com/filters:format(webp)/public/uploads/products/vaseline-healthy-even-tone-body-lotion-400ml-01675612831.png,مميزات المنتج   يتميز فازلين لوشن للجسم بالآتي: يعمل علي تحسين نضارة البشرة ونعومتها يحمى البشرة من اشعة الشمس الضارة يتميز بتركيبة مميزة ترطب البشرة بعمق وتحميها من الجفاف. له ملمس ناعم غير دهني مما يساعد على امتصاصه بسهولة. يكسب البشرة المزيد من النعومة والنضارة. يعالج تشققات القدم والكعبين وكذلك يخفف من خشونة الكوع واليدين. له دور في تخفيف الخدوش والجروح الخفيفة وتقليل التهابات البشرة. آمن على الجلد ولا يسبب الحساسية. سعر لوشن فازلين في الصيدليات مناسب مقارنة بفاعليته فى ترطيب البشرة.   عن هذا المنتج     مكونات لوشن فازلين البرتقالي  يحتوي بودي لوشن فازلين على: بتروليم جيلي: يساعد على ترطيب البشرة وعلاج الجفاف وتشققات الجلد وكذلك يخفف من الالتهابات الجلدية. الجلسرين: يرطب البشرة ويحميها من الجفاف ويمنع فقدان الرطوبة من البشرة. فيتامين ب٣ معامل حماية من الشمس حجم فازلين لوشن للجسم  يتوفر فازلين لوشن الجسم هيلثي ايفين تون بحجم 400 مل. يوصى بلوشن فازلين هيلثي ايفن ل: يناسب فازلين لوشن الجسم هيلثي ايفين تون جميع أنواع البشرة وخاصة أصحاب البشرة الجافة ومن يعانون من تشققات القدم أو اليدين، إذ يساعد فازلين لوشن على الترطيب العميق للبشرة وعلاج الجفاف ويعطي البشرة ملمس ناعم وجذاب. أنواع لوشن فازلين  لوشن فازلين الوردي (لوشن فازلين موحد اللون). لوشن فازلين بالمسك. لوشن فازلين الأبيض. لوشن فازلين الأصفر. لوشن فازلين البرتقالي. لوشن فازلين بالكاكاو الاصلي.,ماركة: فازلين
34954,نيفيا | مضاد للتعرق ستيك للرجال ديب بلاك كاربون | 50مل,nivea deep black carbon anti perspirant stick for men 50ml grwq_duG8r21K,350,EGP,نيفيا,العناية اليومية>العناية الرجالية,in stock,https://chefaa.com:443/eg-ar/nowProduct/nivea-deep-black-carbon-anti-perspirant-stick-for-men-50ml-grwq_duG8r21K,https://cdn.chefaa.com/filters:format(webp)/public/uploads/products/nivea-deep-black-carbon-anti-perspirant-stick-for-men-50ml-ysxi-01701344611.png,https://cdn.chefaa.com/filters:format(webp)/public/uploads/products/nivea-deep-black-carbon-anti-perspirant-stick-for-men-50ml-ysxi-01701344611.png,مميزات المنتج   نيفيا | مضاد للتعرق ستيك للرجال ديب بلاك كاربون | 50مل,ماركة: نيفيا
223,نيفيا | مزيل العرق كول كيك سبراي للرجال | 150مل,nivea cool kick spray for men 150ml,150,EGP,نيفيا,العناية اليومية>العناية الرجالية,in stock,https://chefaa.com:443/eg-ar/nowProduct/nivea-cool-kick-spray-for-men-150ml,https://cdn.chefaa.com/filters:format(webp)/public/uploads/products/nivea-cool-kick-spray-for-men-150ml-01655282927.png,https://cdn.chefaa.com/filters:format(webp)/public/uploads/products/nivea-cool-kick-spray-for-men-150ml-01655282927.png,مميزات المنتج   نيفيا | مزيل العرق كول كيك سبراي للرجال | 150مل   عن هذا المنتج     ﻿ ﻿ ﻿ برائحة ذكورية محفزة ، بخاخ مضاد التعرق كول كيك من نيفيا للرجال 150 مل بكفاءة 24 ساعة يضمن على الفور شعورًا رائعًا بالنضارة الإضافية. تقدم تركيبته المعتدلة  مزيجًا مثاليًا من رعاية الخفيفة والحماية من التعرق طوال اليوم. يمنحك منع التعرق كول كيك من نيفيا للرجال ، بتركيبته الرائعة ، ثقة تدوم 24 ساعة ﻿ ﻿,ماركة: نيفيا
47865,كواليتا | قطن مكياج دابل فيس بزيت الارجان | 100قطعه,qualita cotton pads argan oil 100pcs 9yuw,135,EGP,كواليتا,العناية اليومية>الحماية,in stock,https://chefaa.com:443/eg-ar/nowProduct/qualita-cotton-pads-argan-oil-100pcs-9yuw,https://cdn.chefaa.com/filters:format(webp)/public/uploads/products/qualita-cotton-pads-argan-oil-100pcs-fpgf-01726922598.png,https://cdn.chefaa.com/filters:format(webp)/public/uploads/products/qualita-cotton-pads-argan-oil-100pcs-fpgf-01726922598.png,مميزات المنتج   كواليتا | قطن مكياج دابل فيس بزيت الارجان | 100قطعه,ماركة: كواليتا
46547,كواليتا | كواليتا قطن مكياج كاموميل | 70قعطه,qualita cotton pads multicolour chamomile 70pcs b8yk_duQdujei,120,EGP,كواليتا,العناية اليومية>الحماية,in stock,https://chefaa.com:443/eg-ar/nowProduct/qualita-cotton-pads-multicolour-chamomile-70pcs-b8yk_duQdujei,https://cdn.chefaa.com/filters:format(webp)/public/uploads/products/qualita-cotton-pads-multicolour-chamomile-70pcs-ujvh-01704199607.png,https://cdn.chefaa.com/filters:format(webp)/public/uploads/products/qualita-cotton-pads-multicolour-chamomile-70pcs-ujvh-01704199607.png,مميزات المنتج   كواليتا | كواليتا قطن مكياج كاموميل | 70قعطه,ماركة: كواليتا
18027,لابيلو | مرطب للشفاه وردة سوفت | 4.8جم,labello soft rose lip balm 55ml rx7h,130,EGP,لابيلو,العناية اليومية>العناية النسائية,in stock,https://chefaa.com:443/eg-ar/nowProduct/labello-soft-rose-lip-balm-55ml-rx7h,https://cdn.chefaa.com/filters:format(webp)/public/uploads/products/labello-soft-rose-lip-balm-55ml-rx7h-01655125053.png,https://cdn.chefaa.com/filters:format(webp)/public/uploads/products/labello-soft-rose-lip-balm-55ml-rx7h-01655125053.png,مميزات المنتج   لابيلو | مرطب للشفاه وردة سوفت | 4.8جم   عن هذا المنتج       خالٍ من الزيوت المعدنية والزيوت الطبيعية الغنيّة بمستخلصات الورد.   يحافظ على ترطيب شفتيك لمدة 24 ساعة.   يبرز العمل الطبيعي لشفتيك.   يوفر مرطب الشفاه لشفتيك ترطيبًا عميقًا طوال اليوم.   التركيبة الفريدة غنية بخلاصة الورد.   يذوب على الفور في شفتيك ويحافظ عليها رطبة لمدة 24 ساعة مع إبراز الوردية الطبيعية لشفتيك.   تمتعي بشفتين وردية جميلة وناعمة لطيفة طوال اليوم!   تمت الموافقة على توافق البشرة مع مرطب الشفاه هذا من قبل أطباء الجلدية.   بلسم الشفاه خالٍ من الزيوت المعدنية.,ماركة: لابيلو
18758,انجرام | فوم الحلاقة فريش مينت ازرق | 200مل,ingram blue shaving foam fresh mint 200ml 5xie,199,EGP,No Brand,العناية اليومية>العناية الرجالية,in stock,https://chefaa.com:443/eg-ar/nowProduct/ingram-blue-shaving-foam-fresh-mint-200ml-5xie,https://cdn.chefaa.com/filters:format(webp)/public/uploads/products/ingram-blue-shaving-foam-fresh-mint-200ml-5xie-01724158118.png,https://cdn.chefaa.com/filters:format(webp)/public/uploads/products/ingram-blue-shaving-foam-fresh-mint-200ml-5xie-01724158118.png,مميزات المنتج   انجرام | فوم الحلاقة فريش مينت ازرق | 200مل    عن هذا المنتج     انجرام | فوم الحلاقة فريش مينت ازرق | 200مل,raw_specs: المواصفات
961,نيفيا | معجون للحلاقة بالالوفيرا للرجال | 60مل,nivea men protect care protecting shaving cream,85,EGP,نيفيا,العناية اليومية>العناية الرجالية,in stock,https://chefaa.com:443/eg-ar/nowProduct/nivea-men-protect-care-protecting-shaving-cream,https://cdn.chefaa.com/filters:format(webp)/public/uploads/products/nivea-men-protect-care-protecting-shaving-cream-01655042145.png,https://cdn.chefaa.com/filters:format(webp)/public/uploads/products/nivea-men-protect-care-protecting-shaving-cream-01655042145.png,"مميزات المنتج   نيفيا | معجون للحلاقة بالالوفيرا للرجال | 60مل   عن هذا المنتج     نيفيا معجون حلاقة للحماية والعناية بالالوفيرا NIVEA MEN PROTECT & CARE PROTECTING SHAVING CREAM يعتبر من أفضل الكريمات المستخدمة حيث يحتوي على العديد من المعادن والفيتامينات التي تسهل عملية الحلاقة وتمنع حدوث حرقان أو تهيج في الجلد لتظهر البشرة بمظهر حيوي.   مكونات معجون حلاقة نيفيا للحماية والعناية:     ألوفيرا :        يعمل على ترطيب وتغذية البشرة.   يعزز من سرعة شفاء الجروح.   يقلل ظهور حب الشباب.       بروفيتامين B5:       يجعل البشرة أكثر نعومة وانسيابية.   يعمل كمضاد للالتهابات مما يقلل ظهور التهابات   يساعد على ترطيب البشرة.     مميزات كريم نيفيا للحلاقة للرجال:     يجعل الحلاقة أكثر سهولة وأقل ألماً   يجعل الشعر أكثر نعومة مما يجعل حركة الشفرة أكثر سلاسة.   يحتوي على الألوفيرا وبروفيتامين B5 اللذان يحميان البشرة من الجروح والالتهابات ويمنعان حدوث حساسية.   يعمل على ترطيب البشرة وجعلها أكثر نعومة.     طريقة استعمال معجون حلاقة للحماية والعناية بالالوفيرا من نيفيا:     غسل الوجه أولا بالماء.   يتم وضع كمية ملائمة من كريم الحلاقة على البشرة.   يتم استخدام شفرة الحلاقة بلطف    يفضل استخدام سائل ما بعد الحلاقة لترطيب البشرة وتقليل الالتهابات     سعر وحجم كريم نيفيا:   حجم كريم نيفيا للحلاقة بالالوفيرا:    يتوافر NIVEA MEN PROTECT & CARE PROTECTING SHAVING CREAM  بحجم 60 مللي.   سعر كريم نيفيا للحلاقة بالالوفيرا:      يبلغ سعر NIVEA MEN SHAVING CREAM  حوالي 60 جنيه "" قد يتغير السعر من مكان لآخر ومن وقت لآخر"".   خطوات يجب اتباعها عند الحلاقة للرجال:     يفضل الاستحمام بماء دافئ أو وضع منشفة دافئة على الوجه لعدة دقائق.   استخدام كريم أو جل للحلاقة مثل NIVEA MEN SHAVING CREAM.   استخدام شفرة حلاقة أحادية لإزالة الشعر وتقليل ظهوره تحت الجلد.   حلق الشعر في اتجاه نموه.   غسل الوجه بالماء جيداً بعد الانتهاء.   وضع كريم مرطب للحفاظ على البشرة نضرة وغير جافة.     روتين العناية بالبشرة بعد الحلاقة للرجال:     تحديد نوع البشرة لمعرفة ما يلائمها من منتجات لتجنب حدوث جفاف أو التهابات للبشرة.   قراءة مكونات المنتجات لمعرفة ما إذا كانت ملائمة أو لا.   اتباع خطوات الحلاقة السابقة لعدم إصابة البشرة بالجفاف.   اختيار نوع مناسب من منظف الوجه لإزالة الشوائب وخلايا الجلد الميتة.   عدم الوقوف في الشمس لفترات طويلة ويجب استخدام واقي للشمس عند الخروج نهاراً   استخدام كريم مرطب لحماية البشرة من الجفاف.     أفضل كريمات الحلاقة للرجال في مصر:     كريم مان لوك.   نيفيا كريم للحلاقة بالالوفيرا.   شيف كود كريم.   جيليت جل حلاقة   إنجرام كريم.",ماركة: نيفيا
54135,زاك | بوليت اكستريم او دي بارفان | 25مل,zak bullet extreme eau parfumHYAA,80,EGP,No Brand,العناية اليومية>,in stock,https://chefaa.com:443/eg-ar/nowProduct/zak-bullet-extreme-eau-de-parfumHYAA,https://cdn.chefaa.com/filters:format(webp)/public/uploads/products/zak-bullet-extreme-eau-de-parfumhyaa-01733083631.png,https://cdn.chefaa.com/filters:format(webp)/public/uploads/products/zak-bullet-extreme-eau-de-parfumhyaa-01733083631.png,مميزات المنتج   زاك | بوليت اكستريم او دي بارفان | 25 مل   عن هذا المنتج     زاك |  بوليت اكستريم او دي بارفان | 25 مل,raw_specs: المواصفات
21153,ريكسونا | بودر للسيدات | 20مل,rexona powder dry for women 20ml et47,35,EGP,ريكسونا,العناية اليومية>العناية النسائية,in stock,https://chefaa.com:443/eg-ar/nowProduct/rexona-powder-dry-for-women-20ml-et47,https://cdn.chefaa.com/filters:format(webp)/public/uploads/products/rexona-powder-dry-for-women-20ml-et47-01737549434.png,https://cdn.chefaa.com/filters:format(webp)/public/uploads/products/rexona-powder-dry-for-women-20ml-et47-01737549434.png,عن هذا المنتج     ريكسونا | بودر للسيدات | 20مل,ماركة: ريكسونا
46189,فازلين | جيلي زبدة الكاكاو بتروليوم | 250مل,vaseline jelly coca 250ml 8miq_du3h3mLL,175,EGP,فازلين,العناية اليومية>العناية بالجسم و الاستحمام,in stock,https://chefaa.com:443/eg-ar/nowProduct/vaseline-jelly-coca-gf-250ml-8miq_du3h3mLL,https://cdn.chefaa.com/filters:format(webp)/public/uploads/products/vaseline-jelly-coca-gf-250ml-8miq-01719488795.png,https://cdn.chefaa.com/filters:format(webp)/public/uploads/products/vaseline-jelly-coca-gf-250ml-8miq-01719488795.png,عن هذا المنتج     فازلين | جيلي زبدة الكاكاو بتروليوم | 250مل,ماركة: فازلين
259,مزيل عرق نيفيا للرجال سبراي دراي امباكت | 150 مل,nivea dry impact deodorant spray for men 150ml,159,EGP,نيفيا,العناية اليومية>العناية الرجالية,in stock,https://chefaa.com:443/eg-ar/nowProduct/nivea-dry-impact-deodorant-spray-for-men-150ml,https://cdn.chefaa.com/filters:format(webp)/public/uploads/products/nivea-dry-impact-deodorant-spray-for-men-150ml-01655219170.png,https://cdn.chefaa.com/filters:format(webp)/public/uploads/products/nivea-dry-impact-deodorant-spray-for-men-150ml-01655219170.png,مميزات المنتج   يتميز مزيل عرق نيفيا للرجال بما يلي: يساعد على الحماية من العرق لمدة تدوم حتى 48 ساعة. خالي من الكحول ولا يسبب التهابات البشرة. مناسب لجميع أنواع البشرة. يمنح إحساساً بالانتعاش والنظافة. سعر مزيل عرق نيفيا للرجال مناسب مقارنة بفوائده العديدة   عن هذا المنتج     مكونات مزيل عرق نيفيا للرجال  يحتوي مزيل عرق نيفيا للرجال على  كلوروهيدرات الألومنيوم: تساعد على التخلص من العرق.  حجم nivea men deep  يتوفر nivea men deep بحجم 50 مل.  يوصى باستعمال nivea مزيل عرق ل  يعد nivea مزيل عرق مناسب لجميع أنواع البشرة فهو يساعد على حماية البشرة من التعرق والالتهابات والحفاظ على الجلد جاف ومنتعش.,ماركة: نيفيا
19464,نيفيا | ديب كلين جل الحلاقة لتنظيف العميق للوجه للرجال | 200مل,nivea men deep clean shave shaving gel antibacterial black carbon 200ml 2qlw,330,EGP,نيفيا,العناية اليومية>العناية الرجالية,in stock,https://chefaa.com:443/eg-ar/nowProduct/nivea-men-deep-clean-shave-shaving-gel-antibacterial-black-carbon-200ml-2qlw,https://cdn.chefaa.com/filters:format(webp)/public/uploads/products/nivea-men-deep-clean-shave-shaving-gel-antibacterial-black-carbon-200ml-ikwe-01655119812.png,https://cdn.chefaa.com/filters:format(webp)/public/uploads/products/nivea-men-deep-clean-shave-shaving-gel-antibacterial-black-carbon-200ml-ikwe-01655119812.png,مميزات المنتج   نيفيا | ديب كلين جل الحلاقة لتنظيف العميق للوجه للرجال | 200مل   عن هذا المنتج     يحمي البشرة.   بمثابة درع مزلق على الجلد.   لا يترك شيئًا سوى بشرة نظيفة.   جل حلاقة نيفيا  ديب  ينظف بشرتك من أجل الحصول على إنزلاقة فائقة ، يحميك ولا يترك لك شيئًا سوى شعور نظيف يدوم طويلاً.   الصيغة المبتكرة مع أسود الكربون يتحول من الأسود إلى الأبيض وتعمل بقوة ضد البكتيريا، وإعداد الشعر وحماية الجلد تعمل كدرع مزلق والسماح للحلاقة نظيفة.,ماركة: نيفيا
28313,نيفيا | غسول اللحية والوجه باربر برو رينج للرجال | 100مل,nivea face wash barber pro 100ml l4nb,350,EGP,نيفيا,العناية اليومية>العناية الرجالية,in stock,https://chefaa.com:443/eg-ar/nowProduct/nivea-face-wash-barber-pro-100ml-l4nb,https://cdn.chefaa.com/filters:format(webp)/public/uploads/products/nivea-face-wash-barber-pro-100ml-auqz-01674926841.png,https://cdn.chefaa.com/filters:format(webp)/public/uploads/products/nivea-face-wash-barber-pro-100ml-auqz-01674926841.png,مميزات المنتج   نيفيا | غسول اللحية والوجه باربر برو رينج للرجال | 100مل,ماركة: نيفيا
23746,مان لوك | كريم حلاقة بالنعناع لجميع انواع البشرة | 90جم,man look cream shaving bjl2,55,EGP,إيڤا فارما,العناية اليومية>العناية الرجالية,in stock,https://chefaa.com:443/eg-ar/nowProduct/man-look-cream-shaving-90-bjl2,https://cdn.chefaa.com/filters:format(webp)/public/uploads/products/man-look-cream-shaving-90-qaph-01665310483.png,https://cdn.chefaa.com/filters:format(webp)/public/uploads/products/man-look-cream-shaving-90-qaph-01665310483.png,مميزات المنتج   مان لوك | كريم حلاقة بالنعناع لجميع انواع البشرة | 90جم,ماركة: إيڤا فارما
48097,كير أند مور | كريم مرطب بالجلسرين والتوت المتنوع | 75مل,care more soft cream with glycerin mixed berries 75ml rh61_du0s47Mp,45,EGP,كير & مور,العناية اليومية>العناية بالجسم و الاستحمام,in stock,https://chefaa.com:443/eg-ar/nowProduct/care-more-soft-cream-with-glycerin-mixed-berries-75ml-rh61_du0s47Mp,https://cdn.chefaa.com/filters:format(webp)/public/uploads/products/care-more-soft-cream-with-glycerin-mixed-berries-75ml-wzuu-01707655079.png,https://cdn.chefaa.com/filters:format(webp)/public/uploads/products/care-more-soft-cream-with-glycerin-mixed-berries-75ml-wzuu-01707655079.png,مميزات المنتج   كير أند مور | كريم مرطب بالجلسرين والتوت المتنوع | 75مل,ماركة: كير & مور
61449,كلوس اب | كول فريش معجون اسنان بالليمون والنعناع | 75مل,close cool fresh mandarin orange 75ml TLwK,80,EGP,كلوس اب,العناية اليومية>العناية بالفم و الاسنان,in stock,https://chefaa.com:443/eg-ar/nowProduct/close-up-cool-fresh-mandarin-orange-75ml-TLwK,https://cdn.chefaa.com/filters:format(webp)/public/uploads/products/close-up-cool-fresh-mandarin-orange-75ml-tlwk-01752751012.png,https://cdn.chefaa.com/filters:format(webp)/public/uploads/products/close-up-cool-fresh-mandarin-orange-75ml-tlwk-01752751012.png,مميزات المنتج   كلوس اب | كول فريش معجون اسنان بالليمون والنعناع | 75مل,ماركة: كلوس اب
44767,نيفيا للرجال | مزيل العرق دراي إمباكت ستيك | 50مل,nivea men dry impact deodorant stick 50ml gzxx_duIwqjRv,350,EGP,نيفيا,العناية اليومية>العناية الرجالية,in stock,https://chefaa.com:443/eg-ar/nowProduct/nivea-men-dry-impact-deodorant-stick-50ml-gzxx_duIwqjRv,https://cdn.chefaa.com/filters:format(webp)/public/uploads/products/nivea-men-dry-impact-deodorant-stick-50ml-ul7y-01707994615.png,https://cdn.chefaa.com/filters:format(webp)/public/uploads/products/nivea-men-dry-impact-deodorant-stick-50ml-ul7y-01707994615.png,عن هذا المنتج     نيفيا للرجال | مزيل العرق دراي إمباكت ستيك | 50مل,ماركة: نيفيا
23293,بارودونتاكس | معجون أسنان اليومي للتبييض لوقف نزيف اللثة | 100مل,parodontax whitening daily toothpaste for bleeding gums 100ml yq0j,135,EGP,بارودونتكس,العناية اليومية>العناية بالفم و الاسنان,in stock,https://chefaa.com:443/eg-ar/nowProduct/parodontax-whitening-daily-toothpaste-for-bleeding-gums-100ml-yq0j,https://cdn.chefaa.com/filters:format(webp)/public/uploads/products/parodontax-whitening-daily-toothpaste-for-bleeding-gums-100ml-yq0j-01751889582.png,https://cdn.chefaa.com/filters:format(webp)/public/uploads/products/parodontax-whitening-daily-toothpaste-for-bleeding-gums-100ml-yq0j-01751889582.png,"مميزات المنتج   بارودونتكس للتبييض معجون أسنان یومي بالفلوراید ثبت طبیاً أنه یساعد على وقف ومنع نزیف اللثة.   عن هذا المنتج     ""بارودونتكس أقوى أربع مرات في التغلب على أسباب نزيف اللثة عن أي معجون أسنان عادي. بارودونتكس للتبييض يساعد على وقف ومنع نزيف اللثة.  تم تصمیم بارودونتكس خصیصا ً لإزالة سبب نزیف اللثة مادیاً عن طریق استھداف تراكم البكتیریا على طول خط اللثة ، مما یساعد على إبقاء العازل بین اللثة  والأسنان مشدودا. للمساعدة في وقف ومنع نزیف اللثة، استخدم باستمرار مرتین یومیاً.""",ماركة: بارودونتكس
51447,دوف | غسول اليدين كير اند بروتكت صديق للبشرة الحساسة مع كريم مرطب | 500مل,dove hwashmoisturizing500ml12a0yJ,150,EGP,دوف,العناية اليومية>,in stock,https://chefaa.com:443/eg-ar/nowProduct/dove-hwashmoisturizing500ml12a0yJ,https://cdn.chefaa.com/filters:format(webp)/public/uploads/products/dove-hwashmoisturizing500ml12a0yj-01734473467.png,https://cdn.chefaa.com/filters:format(webp)/public/uploads/products/dove-hwashmoisturizing500ml12a0yj-01734473467.png,مميزات المنتج   دوف | غسول اليدين كير اند بروتكت صديق للبشرة الحساسة مع كريم مرطب | 500مل,ماركة: دوف
55432,فوج | سبراى ايسنس معطر ومزيل للعرق | 17مل,fogg pocket spray essence 17mlyQ3x,45,EGP,فوج,العناية اليومية>,in stock,https://chefaa.com:443/eg-ar/nowProduct/fogg-pocket-spray-essence-17mlyQ3x,https://cdn.chefaa.com/filters:format(webp)/public/uploads/products/fogg-pocket-spray-essence-17mlyq3x-01733088920.png,https://cdn.chefaa.com/filters:format(webp)/public/uploads/products/fogg-pocket-spray-essence-17mlyq3x-01733088920.png,مميزات المنتج   فوج | سبراى ايسنس معطر ومزيل للعرق | 17مل,ماركة: فوج
4628,فيشي | رول اون مضاد للتعرق الزائد للبشرة الحساسة للرجال | 50مل,vichy deodorant deodorant antiperspirant control extreme roll 50ml men,789,EGP,فيشي,العناية اليومية>العناية بالجسم و الاستحمام,in stock,https://chefaa.com:443/eg-ar/nowProduct/vichy-deodorant-deodorant-antiperspirant-control-extreme-roll-on-50ml-men,https://cdn.chefaa.com/filters:format(webp)/public/uploads/products/vichy-deodorant-deodorant-antiperspirant-control-extreme-roll-on-50ml-men-01654521119.png,https://cdn.chefaa.com/filters:format(webp)/public/uploads/products/vichy-deodorant-deodorant-antiperspirant-control-extreme-roll-on-50ml-men-01654521119.png,مميزات المنتج   فيشي | رول اون مضاد للتعرق الزائد للبشرة الحساسة للرجال | 50مل   عن هذا المنتج     مكونات هومي رول اون من فيشي:     كلوروهيدرات الألومنيوم : مادة مضاد للتعرق تساعد على تقليل التعرق المفرط.   الدايميثيكون: يعمل على امتصاص الرطوبة والعرق.     مميزات فيشي هومي رول اون:     يعمل على مقاومة التعرق الزائد ويوفر حماية فائقة تدوم حتى 72 ساعة.   يقضى على رائحة العرق.   خالي من البارابين والكحول.   تم اختباره من قبل أطباء الجلدية.   لا يسبب حساسية البشرة.   مناسب لجميع أنواع البشرة والبشرة الحساسة.   مناسب للرجال الذين يعانون من التعرق المفرط.   يتميز أنه سريع الامتصاص ولا يترك أثر لزج على البشرة أو علامات بيضاء على الملابس.     حجم Vichy Homme 72h Extreme Control Roll-on Deodorant:     يتوفر بحجم 50 مل.     يوصي به:   الرول اون مناسب لجميع أنواع البشرة والبشرة الحساسة للرجال الذين يعانون من التعرق المفرط يوفر حماية عالية من التعرق تدوم حتى 72 ساعة.,ماركة: فيشي
381,مرطب الشفايف لابيلو مع رائحة الكرز | 4.8 جم,labello cherry shine caring lip balm with cherry aroma 48g,120,EGP,لابيلو,العناية اليومية>العناية النسائية,in stock,https://chefaa.com:443/eg-ar/nowProduct/labello-cherry-shine-caring-lip-balm-with-cherry-aroma-48g,https://cdn.chefaa.com/filters:format(webp)/public/uploads/products/labello-cherry-shine-caring-lip-balm-with-cherry-aroma-48g-01655194083.png,https://cdn.chefaa.com/filters:format(webp)/public/uploads/products/labello-cherry-shine-caring-lip-balm-with-cherry-aroma-48g-01655194083.png,مميزات المنتج   يتميز مرطب الشفايف لابيلو بما يلي: له تركيبة غنية بزبدة الشيا والزيوت الطبيعية. خال من الزيوت المعدنية. يتميز برائحة الكرز المنعشة ولمعة حمراء خفيفة. يحافظ على ترطيب الشفاه لمدة تدوم حتى 24 ساعة. يكسبك لمسة جميلة من اللون المشرق والشفاه الناعمة الجذابة طوال اليوم. سعر مرطب الشفايف لابيلو مناسب مقارنة بفوائده العديدة.   عن هذا المنتج     مكونات مرطب الشفايف لابيلو   يحتوي لابيلو مرطب على:  زبدة الشيا: تعمل كمرطب قوي للبشرة وكذلك تحمي من الجفاف والتشققات.  زيت عباد الشمس: يرطب الشفايف ويزيد نعومتها وكذلك له خصائص مضادة للالتهاب.  زيت الخروع: يعالج تشقق الشفايف ويكسبها المزيد من الحيوية والنعومة.  فيتامين E: يرطب الشفايف ويمدها بالنضارة ويجدد الخلايا.  حجم labello lip balm  يتوفر labello lip balm بحجم 4.8 جم.  سعر مرطب الشفايف لابيلو   يتوفر مرطب الشفايف لابيلو بسعر حوالي 80 جنيه مصري.  يوصى باستعمال مرطب الشفايف لابيلو ل   لابيلو مرطب مناسب لمن يعانون من جفاف وتشققات الشفايف، فهو مرطب قوي يمنحك شفاه أكثر نعومة وجاذبية بالإضافة إلى إكسابك لون وردي مميز للشفايف.,ماركة: لابيلو
1286,مان لوك | جل للشعر كيرلي لوك | 250جم,man look curly hair gel,45,EGP,إيڤا,العناية اليومية>العناية الرجالية,in stock,https://chefaa.com:443/eg-ar/nowProduct/man-look-curly-hair-gel,https://cdn.chefaa.com/filters:format(webp)/public/uploads/products/man-look-curly-hair-gel-01654162391.png,https://cdn.chefaa.com/filters:format(webp)/public/uploads/products/man-look-curly-hair-gel-01654162391.png,مميزات المنتج   خالي منجل شعر مان لوك   جل شعر مضاد للتلف لشعر صحي   مظهر رائع تثبيت طويل الأمد خالٍ من الكحول,ماركة: إيڤا
18133,نيفيا | ستيك مزيل عرق للنساء ناتشورال فريش انتعاش المحيط | 50مل,nivea fresh active deodorant stick for women 40ml j1rs,350,EGP,نيفيا,العناية اليومية>العناية النسائية,in stock,https://chefaa.com:443/eg-ar/nowProduct/nivea-fresh-active-deodorant-stick-for-women-40ml-j1rs,https://cdn.chefaa.com/filters:format(webp)/public/uploads/products/nivea-fresh-active-deodorant-stick-for-women-40ml-j1rs-01708610101.png,https://cdn.chefaa.com/filters:format(webp)/public/uploads/products/nivea-fresh-active-deodorant-stick-for-women-40ml-j1rs-01708610101.png,مميزات المنتج   نيفيا | ستيك مزيل عرق للنساء ناتشورال فريش انتعاش المحيط | 50مل   عن هذا المنتج     شعور بالانتعاش يدوم طوال اليوم، بخلاصات مستمدة من المحيطات.   لحماية أكيدة من رائحة العرق مع العناية ببشرتك.   سريع الجفاف.   قدرة البشرة على تحمل التركيبة مثبتة من قِبل أطباء الأمراض الجلدية.   مزيل رائحة العرق نيفيا فريش ناتشورال بالخلاصات المستمدة من المحيطات يمنح شعوراً بالانتعاش الطبيعي.   يتميز هذا المزيل لرائحة العرق برائحة عطرية خفيفة ومنعشة تدوم طويلاً لحماية أكيدة من رائحة الجسم الكريهة طوال 48 ساعة والعناية ببشرة منطقة تحت الذراعين.   عطر مشرق ومنعش بنفحات عليا برائحة الحمضيات ولمسة برائحة الفواكه والأعشاب، تتناغم مع باقة زهورية مفعمة بالأنوثة، وتنتهي بنفحات حلوة تغلب عليها رائحة المساحيق.,ماركة: نيفيا
53094,بيندولين | مناديل مبللة بالماء للأطفال | 30قطعة,penduline baby water wipes pcsrrdv,120,EGP,بندولين,العناية اليومية>,in stock,https://chefaa.com:443/eg-ar/nowProduct/penduline-baby-water-wipes-30-pcsrrdv,https://cdn.chefaa.com/filters:format(webp)/public/uploads/products/penduline-baby-water-wipes-30-pcsrrdv-01733434710.png,https://cdn.chefaa.com/filters:format(webp)/public/uploads/products/penduline-baby-water-wipes-30-pcsrrdv-01733434710.png,مميزات المنتج   بيندولين | مناديل مبللة بالماء للأطفال | 30قطعة,ماركة: بندولين
18032,نيفيا | معجون للحلاقة بالالوفيرا للرجال | 100مل,nivea mild shaving cream 100ml pjcs,135,EGP,نيفيا,العناية اليومية>العناية الرجالية,in stock,https://chefaa.com:443/eg-ar/nowProduct/nivea-mild-shaving-cream-100ml-pjcs,https://cdn.chefaa.com/filters:format(webp)/public/uploads/products/nivea-mild-shaving-cream-100ml-pjcs-01655042814.png,https://cdn.chefaa.com/filters:format(webp)/public/uploads/products/nivea-mild-shaving-cream-100ml-pjcs-01655042814.png,"مميزات المنتج   نيفيا | معجون للحلاقة بالالوفيرا للرجال | 100مل   عن هذا المنتج     نيفيا معجون حلاقة للحماية والعناية بالالوفيرا NIVEA MEN PROTECT & CARE PROTECTING SHAVING CREAM يعتبر من أفضل الكريمات المستخدمة حيث يحتوي على العديد من المعادن والفيتامينات التي تسهل عملية الحلاقة وتمنع حدوث حرقان أو تهيج في الجلد لتظهر البشرة بمظهر حيوي. مكونات معجون حلاقة نيفيا للحماية والعناية: ألوفيرا:  يعمل على ترطيب وتغذية البشرة. يعزز من سرعة شفاء الجروح. يقلل ظهور حب الشباب. بروفيتامين B5: يجعل البشرة أكثر نعومة وانسيابية. يعمل كمضاد للالتهابات مما يقلل ظهور التهابات يساعد على ترطيب البشرة. مميزات كريم نيفيا للحلاقة للرجال: يجعل الحلاقة أكثر سهولة وأقل ألماً يجعل الشعر أكثر نعومة مما يجعل حركة الشفرة أكثر سلاسة. يحتوي على الألوفيرا وبروفيتامين B5 اللذان يحميان البشرة من الجروح والالتهابات ويمنعان حدوث حساسية. يعمل على ترطيب البشرة وجعلها أكثر نعومة. طريقة استعمال معجون حلاقة للحماية والعناية بالالوفيرا من نيفيا: غسل الوجه أولا بالماء. يتم وضع كمية ملائمة من كريم الحلاقة على البشرة. يتم استخدام شفرة الحلاقة بلطف  يفضل استخدام سائل ما بعد الحلاقة لترطيب البشرة وتقليل الالتهابات سعر وحجم كريم نيفيا: حجم كريم نيفيا للحلاقة بالالوفيرا:  يتوافر NIVEA MEN PROTECT & CARE PROTECTING SHAVING CREAM  بحجم 60 مللي. سعر كريم نيفيا للحلاقة بالالوفيرا:    يبلغ سعر NIVEA MEN SHAVING CREAM  حوالي 85 جنيه "" قد يتغير السعر من مكان لآخر ومن وقت لآخر"". خطوات يجب اتباعها عند الحلاقة للرجال: يفضل الاستحمام بماء دافئ أو وضع منشفة دافئة على الوجه لعدة دقائق. استخدام كريم أو جل للحلاقة مثل NIVEA MEN SHAVING CREAM. استخدام شفرة حلاقة أحادية لإزالة الشعر وتقليل ظهوره تحت الجلد. حلق الشعر في اتجاه نموه. غسل الوجه بالماء جيداً بعد الانتهاء. وضع كريم مرطب للحفاظ على البشرة نضرة وغير جافة. روتين العناية بالبشرة بعد الحلاقة للرجال: تحديد نوع البشرة لمعرفة ما يلائمها من منتجات لتجنب حدوث جفاف أو التهابات للبشرة. قراءة مكونات المنتجات لمعرفة ما إذا كانت ملائمة أو لا. اتباع خطوات الحلاقة السابقة لعدم إصابة البشرة بالجفاف. اختيار نوع مناسب من منظف الوجه لإزالة الشوائب وخلايا الجلد الميتة. عدم الوقوف في الشمس لفترات طويلة ويجب استخدام واقي للشمس عند الخروج نهاراً استخدام كريم مرطب لحماية البشرة من الجفاف. أفضل كريمات الحلاقة للرجال في مصر: كريم مان لوك. نيفيا كريم للحلاقة بالالوفيرا. شيف كود كريم. جيليت جل حلاقة إنجرام كريم.",ماركة: نيفيا
4657,فيشي مضاد للتعرق الزائد لمدة 72 ساعة | 50مل,vichy deodorant 72h stress resist anti perspirant roll 50ml,789,EGP,فيشي,العناية اليومية>العناية النسائية,in stock,https://chefaa.com:443/eg-ar/nowProduct/vichy-deodorant-72h-stress-resist-anti-perspirant-roll-on-50ml,https://cdn.chefaa.com/filters:format(webp)/public/uploads/products/1606228771deodorant-stress-resist-v2jpg,https://cdn.chefaa.com/filters:format(webp)/public/uploads/products/1606228771deodorant-stress-resist-v2jpg,"مميزات المنتج   يتميز مزيل عرق فيشى بما يلى: آمن 100% على البشرة الحساسة  خالي من الكحول والبارابين يقضى على رائحة العرق حتى 72 ساعة فاعلية لمقاومة التعرق، حتى تحت الضغوط اليومية مناسب للرجال والنساء الذين يعانون من التعرق المفرط   عن هذا المنتج     مزيل العرق فيتشي بتركيبة مقاومة للتعرق الزائد، حتى تحت الضغوط اليومية ،يدوم مفعوله حتى 72 ساعة وهو مناسب للرجال والنساء الذين يعانون من التعرق المفرط. مكونات مزيل عرق فيتشي الأحمر للتعرق المفرط غني بمواد مضادة للتعرق ومعادن فائقة الامتصاص و البيرسبيكالم و كلوروهيدرات الألومنيوم طريقة استعمال مزيل عرق فيشي للرجال والنساء  تنظيف وتجفيف منطقة  تحت الإبط جيدًا رش المزيل على مسافة تبعد 10 سم على الأقل من البشرة الانتظار حتى يجف مزيل العرق تمامًا قبل ارتداء الملابس سعر مزيل عرق فيشي في مصر  سعر vichy deodorant حوالي 689 جنيه مصرى  "" قد يتغير السعر من مكان لآخر ومن وقت لآخر "" أنواع مزيل العرق فيشي للنساء والرجال مزيل عرق فيتشي الأحمر (  مزيل العرق للتعرق المفرط يدوم لمدة 72 ساعة ) مزيل عرق فيشي الأخضر ( مزيل عرق ينعم البشرة, لا يترك بقع، يدوم لمدة 48 ساعة ) مزيل عرق فيشي الأزرق ( مزيل عرق رول اون خالي من أملاح الألمنيوم ) مزيل عرق فيشي الأسود رول أون ( مزيل عرق بمفعول قوي على مدار 72 ساعة ) مزيل عرق فيشي الأسود سبراي  ( مزيل عرق بمفعول قوي على مدار 72 ساعة ) مزيل عرق فيشي بيوتى (  Vichy beauty deodorant هو مزيل عرق لتفتيح البشرة تحت الإبط و تقليل الحاجة لإزالة الشعر، يدوم مفعوله لمدة 48 ساعة) هل مزيل عرق فيشي خالي من الألومنيوم ؟ مزيل عرق فيشي الأزرق خالي من أملاح الألمنيوم و ذو مفعول قوي ولا يسبب حساسية للبشرة وهو منتج مثالي للنساء اللواتي يبحثن عن مزيل عرق خالي من أملاح الألمنيوم ويوفر أعلى درجة من الحماية دون أي تأثير على البشرة الحساسة. ماهى اضرار مزيل العرق ؟ قد يسبب احمرار أو التهاب أو جفاف البشرة ما أفضل مزيل عرق للنساء لا يسبب سواد ؟ فيشي مزيل عرق حريمى ( أفضل مضاد للتعرق الزائد ) بيزلين مزيل عرق بدون رائحه  ليدي سبيد ستيك مزيل عرق آمن للنساء يوريج مزيل العرق الدوار للنساء ما أفضل مزيل عرق طبي ومبيض للمراهقات؟ بيزلين مزيل عرق مببيض ومفتح للبشرة فيشي بيوتى افضل مزيل عرق للتفتيح ماليتكس مزيل عرق مبيض  بيوبلاس مزيل للعرق ومبيض للبشرة  ما الفرق بين antiperspirant و deodorant  ؟ مزيل العرق deodorant : يقضى على رائحة العرق عن طريق القضاء على البكتيريا التى تتفاعل مع العرق مسببة الرائحة مضاد التعرق antiperspirant : يمنع  العرق والرائحة عن طريق إيقاف عملية التعرق وهو مثالي إذا كنت ترغب في تجنب رطوبة الإبط ويُعد الألومنيوم العنصر الفعال في مضادات التعرق حيث يساعد على تقليل إنتاج العرق. متى يمكن استخدام مزيل العرق بعد إزالة الشعر بالليزر؟  يُفضل الانتظار  لمدة 24 ساعة على الأقل قبل وضع مزيل العرق بعد إزالة الشعر بالليزر ما أفضل مزيل عرق طبي بعد الليزر ؟ يفضل استخدام الأنواع الخالية من الكحول والبارابين مثل مزيل العرق بيزلين أو فيشى أو يورياج هل يمكنك استخدام مزيل العرق على الملابس؟ يوضع مزيل العرق على الإبطين مباشرة للقضاء على البكتيريا الموجودة على الجلد والمسببة لرائحة العرق أما عند رشه على الملابس فلن يكون ذو فعالية لماذا يترك مزيل العرق بقع بيضاء على الملابس ؟ يمكن أن تترك أملاح الألومنيوم المستخدمة في مضادات التعرق علامات بيضاء على الجلد ، والتي يمكن أن تنتقل إلى الملابس مسببة بقع بيضاء عليها.",ماركة: فيشي
46521,مود | هاند ووش هاواى | 500مل,mood hawaii hand wash 500ml y7fi_duKZzv4D,59,EGP,مود,العناية اليومية>الحماية,in stock,https://chefaa.com:443/eg-ar/nowProduct/mood-hawaii-hand-wash-500ml-y7fi_duKZzv4D,https://cdn.chefaa.com/filters:format(webp)/public/uploads/products/mood-hawaii-hand-wash-500ml-elxy-01704123782.png,https://cdn.chefaa.com/filters:format(webp)/public/uploads/products/mood-hawaii-hand-wash-500ml-elxy-01704123782.png,مميزات المنتج   مود | هاند ووش هاواى | 500مل,ماركة: مود
21583,فريدا | معطر جو برائحة مسك الروم | 460مل,frida air freshener with tuberose scent 460ml ixn4,70,EGP,فريدا,العناية اليومية>الحماية,in stock,https://chefaa.com:443/eg-ar/nowProduct/frida-air-freshener-with-tuberose-scent-460ml-ixn4,https://cdn.chefaa.com/filters:format(webp)/public/uploads/products/frida-air-freshener-with-tuberose-scent-460ml-mjp4-01656951707.png,https://cdn.chefaa.com/filters:format(webp)/public/uploads/products/frida-air-freshener-with-tuberose-scent-460ml-mjp4-01656951707.png,مميزات المنتج   فريدا | معطر جو برائحة مسك الروم | 460مل   عن هذا المنتج     فريدا | معطر جو برائحة مسك الروم | 460مل,ماركة: فريدا
20660,سيكم | اعشاب الام مدر لللبن | 15كيس,sekem lactagogue mother herbs bags apgr,28,EGP,سيكم,العناية اليومية>العناية النسائية,in stock,https://chefaa.com:443/eg-ar/nowProduct/sekem-lactagogue-mother-herbs-15-bags-apgr,https://cdn.chefaa.com/filters:format(webp)/public/uploads/products/sekem-lactagogue-mother-herbs-15-bags-zp2l-01655220593.png,https://cdn.chefaa.com/filters:format(webp)/public/uploads/products/sekem-lactagogue-mother-herbs-15-bags-zp2l-01655220593.png,مميزات المنتج   سيكم | اعشاب الام مدر لللبن | 15كيس,ماركة: سيكم
23466,كوردو | بلس اسبراي | 60مل,cordo vascular protector spray 60ml 7sea,55,EGP,ماكرو للأدوية,العناية اليومية>الحماية,in stock,https://chefaa.com:443/eg-ar/nowProduct/cordo-vascular-protector-spray-60ml-7sea,https://cdn.chefaa.com/filters:format(webp)/public/uploads/products/cordo-vascular-protector-spray-60ml-1yoh-01664355427.png,https://cdn.chefaa.com/filters:format(webp)/public/uploads/products/cordo-vascular-protector-spray-60ml-1yoh-01664355427.png,مميزات المنتج   كوردو | بلس اسبراي | 60مل   عن هذا المنتج       بخاخ مطهر واسع الاستعمال يستخدم لمنع انتشار العدوى، وذلك لوجود كحول الإيثيل 95٪ وهو التركيز الأمثل كمطهر.   يمنع انتشار العدوى، يغذي البشرة ويحميها كما إنه لا يسبب الجفاف أو التهيج.   كل انواع البشرة.,ماركة: ماكرو للأدوية
2410,ديتول | صابون كوول المضاد للبكتريا | 85جم,dettol anti bacterial bar soap cool 80gm,27.7,EGP,ديتول,العناية اليومية>الحماية,in stock,https://chefaa.com:443/eg-ar/nowProduct/dettol-anti-bacterial-bar-soap-cool-80gm,https://cdn.chefaa.com/filters:format(webp)/public/uploads/products/dettol-anti-bacterial-bar-soap-cool-80gm-01738261451.png,https://cdn.chefaa.com/filters:format(webp)/public/uploads/products/dettol-anti-bacterial-bar-soap-cool-80gm-01738261451.png,عن هذا المنتج     ديتول | صابون كوول المضاد للبكتريا | 85جم,ماركة: ديتول
51967,جيليت | سكين جارد شفرات حلاقة للبشرة الحساسة للرجال | 8 قطع | 20% خصم,gillette skinguard sensitive razor blade refills for menICfq,1100,EGP,جيليت,العناية اليومية>العناية الرجالية,in stock,https://chefaa.com:443/eg-ar/nowProduct/gillette-skinguard-sensitive-razor-blade-refills-for-menICfq,https://cdn.chefaa.com/filters:format(webp)/public/uploads/products/gillette-skinguard-sensitive-razor-blade-refills-for-menicfq-01737035137.png,https://cdn.chefaa.com/filters:format(webp)/public/uploads/products/gillette-skinguard-sensitive-razor-blade-refills-for-menicfq-01737035137.png,مميزات المنتج   جيليت | سكين جارد شفرات حلاقة للبشرة الحساسة للرجال | 8 قطع | 20% خصم,ماركة: جيليت
1129,ايزي | كير مناديل مبللة برائحة انتعاش البحر | 40 قطعة,easy care wipes with marin scent medium,28,EGP,ايزي,العناية اليومية>الحماية,in stock,https://chefaa.com:443/eg-ar/nowProduct/easy-care-wipes-with-marin-scent-medium,https://cdn.chefaa.com/filters:format(webp)/public/uploads/products/easy-care-wipes-with-marin-scent-medium-01701331912.png,https://cdn.chefaa.com/filters:format(webp)/public/uploads/products/easy-care-wipes-with-marin-scent-medium-01701331912.png,عن هذا المنتج     ايزي | كير مناديل مبللة برائحة انتعاش البحر | 40 قطعة,ماركة: ايزي
5528,كير فري | فوط صحية يومية قطنية عطر منعش | 20 قطعة,carefree cotton extract fresh scent pad pieces,100,EGP,كيرفري,العناية اليومية>العناية النسائية,in stock,https://chefaa.com:443/eg-ar/nowProduct/carefree-cotton-extract-fresh-scent-pad-20-pieces-ph,https://cdn.chefaa.com/filters:format(webp)/public/uploads/products/carefree-cotton-extract-fresh-scent-pad-20-pieces-ph-01723989203.png,https://cdn.chefaa.com/filters:format(webp)/public/uploads/products/carefree-cotton-extract-fresh-scent-pad-20-pieces-ph-01723989203.png,مميزات المنتج   كير فري فريش فوط صحية يومية قطنية.  هذه الفوط اليومية تتنفّس وتحتوي على خلاصة القطن. فإلى جانب تأمينها الحماية اليومية للملابس الداخلية، تمنحك شعوراً بالنعومة والراحة يومياً. مهما يكن ما ترتدينه، ستشعرين بالانتعاش والثقة طوال اليوم. تحتوي على خلاصة القطن لشعور بغاية النعومة لمنطقة الملابس الداخلية. تزوّدك بالانتعاش اليومي خلال الأيام العادية. تمّ اختبارها من قبل أطباء الجلد، غطاء مريح ناعم الملمس. تتكيّف مع حركة جسمك وتبقى في مكانها.,ماركة: كيرفري
21294,وان تاتش | واقي ذكري 56مم | قطعه واحده,onetouch condom 56mm 1pack 2onn,30,EGP,وان تاتش,العناية اليومية>العناية الرجالية,in stock,https://chefaa.com:443/eg-ar/nowProduct/onetouch-condom-56mm-1pack-2onn,https://cdn.chefaa.com/filters:format(webp)/public/uploads/products/onetouch-condom-56mm-1pack-mzah-01656439976.png,https://cdn.chefaa.com/filters:format(webp)/public/uploads/products/onetouch-condom-56mm-1pack-mzah-01656439976.png,مميزات المنتج   وان تاتش | واقي ذكري 56مم | قطعه واحده,ماركة: وان تاتش
46445,ريد | سائل قاتل الناموس مع الجهاز,raid mosquitoes liquid killer with holder jeyl_duowgyNh,250,EGP,ريد,العناية اليومية>الحماية,in stock,https://chefaa.com:443/eg-ar/nowProduct/raid-mosquitoes-liquid-killer-with-holder-jeyl_duowgyNh,https://cdn.chefaa.com/filters:format(webp)/public/uploads/products/raid-mosquitoes-liquid-killer-with-holder-7iei-01703440045.png,https://cdn.chefaa.com/filters:format(webp)/public/uploads/products/raid-mosquitoes-liquid-killer-with-holder-7iei-01703440045.png,مميزات المنتج    ريد | سائل قاتل الناموس مع الجهاز,ماركة: ريد
21234,ساني | بنطلون حساس رقم 4 كبير جدا | 14 قطعة,sani sensitive pants no4 extra large 14pcs ggpp,530,EGP,ساني,العناية اليومية>,in stock,https://chefaa.com:443/eg-ar/nowProduct/sani-sensitive-pants-no4-extra-large-14pcs-ggpp,https://cdn.chefaa.com/filters:format(webp)/public/uploads/products/sani-sensitive-pants-no4-extra-large-14pcs-yni1-01656429282.png,https://cdn.chefaa.com/filters:format(webp)/public/uploads/products/sani-sensitive-pants-no4-extra-large-14pcs-yni1-01656429282.png,مميزات المنتج   ساني | بنطلون حساس رقم 4 كبير جدا | 14 قطعة,ماركة: ساني
45761,سيجنال | معجون اسنان مبيض | 100مل,signal toothpaste whitening 100ml tblr_duw15BKY,80,EGP,سيجنال,العناية اليومية>العناية بالفم و الاسنان,in stock,https://chefaa.com:443/eg-ar/nowProduct/signal-toothpaste-whitening-100ml-tblr_duw15BKY,https://cdn.chefaa.com/filters:format(webp)/public/uploads/products/signal-toothpaste-whitening-100ml-tblr-01721206214.png,https://cdn.chefaa.com/filters:format(webp)/public/uploads/products/signal-toothpaste-whitening-100ml-tblr-01721206214.png,عن هذا المنتج     سيجنال | معجون اسنان مبيض | 100مل,ماركة: سيجنال
20,نيفيا | ديب سموث رغوة الحلاقة لتنظيف العميق للوجه للرجال | 200مل,nivea deep shaving foam 200ml,325,EGP,نيفيا,العناية اليومية>العناية الرجالية,in stock,https://chefaa.com:443/eg-ar/nowProduct/nivea-deep-shaving-foam-200ml,https://cdn.chefaa.com/filters:format(webp)/public/uploads/products/nivea-deep-shaving-foam-200ml-01712062452.png,https://cdn.chefaa.com/filters:format(webp)/public/uploads/products/nivea-deep-shaving-foam-200ml-01712062452.png,مميزات المنتج   نيفيا فوم حلاقة ديب هو أحد منتجات العناية بالبشرة للرجال مخصصة لترطيب الشعر قبل الحلاقة مباشرة لجعل الحلاقة أكثر سلاسة وأقل تهيجاً للبشرة,ماركة: نيفيا
1138,جيليت | شفرة بلو 2 بلس للحلاقة للرجال | 5قطع,gillete blue two plus men disposable razors five packs,95,EGP,جيليت,العناية اليومية>العناية الرجالية,in stock,https://chefaa.com:443/eg-ar/nowProduct/gillete-blue-two-plus-men-disposable-razors-five-packs,https://cdn.chefaa.com/filters:format(webp)/public/uploads/products/xihdmYeT6vil3H8WEncU5bJ7klCcixIY64vVIluO.jpeg,https://cdn.chefaa.com/filters:format(webp)/public/uploads/products/xihdmYeT6vil3H8WEncU5bJ7klCcixIY64vVIluO.jpeg,مميزات المنتج   تتميز شفرة جيليت بلو 2 gillette blue  بما يلي: شفرات مزدوجة تساعدك للحصول على حلاقة ناعمة ودقيقة بتمريرة واحدة. تحتوي الشفرات على شريط مرطب، مما يساعد على تقليل الاحتكاك ويجعل الحلاقة أكثر راحة، خاصة للبشرة الحساسة. تم تصميم المقبض ليكون مريحًا في اليد ويوفر تحكمًا جيدًا أثناء الحلاقة، مما يقلل من فرصة الانزلاق أو فقدان التحكم. خفيفة الوزن وسهلة الاستخدام، مما يجعلها مثالية للاستخدام اليومي والسفر. سعر شفرة جيليت بلو 2 مناسب مقارنة بجودة خامتها وسهولة استخدامها.   عن هذا المنتج     مكونات شفرة جيليت بلو 2   تتكون شفرة جيليت بلو من:  2 شفرة حادة توفر حلاقة ناعمة ودقيقة.  شريط مرطب يقلل الاحتكاك ويحمي من التهاب البشرة.  مقبض ناعم ومريح يسهل التحكم أثناء الحلاقة.  محتويات عبوة gillette blue 2   تأتي شفرة جيليت بلو 2 على هيئة قطعة واحدة أو عبوة تحتوي على 5 قطع أو عبوة تحتوي على 20 قطعة مع 5 شفرات إضافية.   سعر ماكينة حلاقة جيليت بلو 2  سعر gillette blue 2 حوالي 22 جنيه مصري للقطعة الواحدة  تتوفر بسعر حوالي 105 جنيه مصري للعبوة التي تحتوي على 5 قطع.  أما العبوة التي تحتوي على 20 قطعة تتوفر بسعر حوالي 320 جنيه مصري.  سعر المنتج قد يتغير حسب تغير سعره في الأسواق أو تبعاً  للعروض المتاحة.  يوصى باستعمال ماكينة حلاقة جيليت بلو 2 ل   جيليت بلو 2 مناسبة لمن يبحثون عن حلاقة ناعمة ومريحة فهي مناسبة للاستخدام اليومي وتتميز بشفراتها الحادة مما يوفر حلاقة ناعمة بتمريرة واحدة، بالإضافة إلى تزويدها بشريط مرطب يسهل انزلاقها على البشرة ويقلل من الالتهاب الناتج عن الحلاقة.  طريقة استخدام جيليت بلو 2 بلس للرجال   اغسل وجهك بالماء الدافئ.  ضع كمية مناسبة من كريم أو جل الحلاقة على وجهك لترطيب البشرة وتقليل الاحتكاك أثناء الحلاقة.  ابدأ بتمرير الشفرة بلطف مع اتجاه نمو الشعر.   بعد كل تمريرة، اشطف الشفرة تحت الماء الجاري لإزالة الشعر والجل المتراكمين عليها.   إذا كنت ترغب في حلاقة أكثر نعومة، يمكنك الحلاقة بلطف عكس اتجاه نمو الشعر.   بعد الانتهاء من الحلاقة، اشطف وجهك بالماء البارد.   ضع مرطبًا أو بلسم ما بعد الحلاقة لتهدئة البشرة وتجنب الجفاف أو التهيج.  كم مرة تستخدم جيليت بلو 2؟ تصلح شفرات جيليت بلو 2 للاستخدام لمرة واحدة أو اثنين على الأكثر.  كم عدد مرات استخدام شفرة جيليت بلو 2 بلس؟  شفرة  جيليت بلو 2 بلس ليست مصممة للاستخدام المتعدد، يمكنك استخدامها مرة أو مرتين على الأكثر ثم ستبدأ في ملاحظة فقدان الحدة وفعالية الحلاقة.   إذا لاحظت أن الشفرة أصبحت أقل حدة أو بدأت تسبب تهيجًا، فهذا يعني أن الوقت قد حان لاستبدالها.  ما افضل شفرة حلاقة للرجال؟  شفرة جيليت فيوجين.  جيليت ماك 3.  لورد 3 بلس.  جيليت بلو 2 بلس.  جيليت بلو شيلد.,ماركة: جيليت
46523,مود | هاند ووش فيينا ريد | 500مل,mood hand wash vienna red 500ml xxym_duxk9Zc6,59,EGP,مود,العناية اليومية>الحماية,in stock,https://chefaa.com:443/eg-ar/nowProduct/mood-hand-wash-vienna-red-500ml-xxym_duxk9Zc6,https://cdn.chefaa.com/filters:format(webp)/public/uploads/products/mood-hand-wash-vienna-red-500ml-xllj-01704124142.png,https://cdn.chefaa.com/filters:format(webp)/public/uploads/products/mood-hand-wash-vienna-red-500ml-xllj-01704124142.png,مميزات المنتج   مود | هاند ووش فيينا ريد | 500مل,ماركة: مود
5948,ون | كريم لازالة الشعر الزائد باللانولين للبشرة العادية | 90جم,one hair removal cream enriched with lanolin for normal skin 90gm tsgw,45,EGP,إيڤا,العناية اليومية>العناية النسائية,in stock,https://chefaa.com:443/eg-ar/nowProduct/one-hair-removal-cream-enriched-with-lanolin-for-normal-skin-90gm-tsgw,https://cdn.chefaa.com/filters:format(webp)/public/uploads/products/1619434976one-hair-removal-cream-enriched-with-lanolin-for-normal-skin-chefaa-1jpg,https://cdn.chefaa.com/filters:format(webp)/public/uploads/products/1619434976one-hair-removal-cream-enriched-with-lanolin-for-normal-skin-chefaa-1jpg,مميزات المنتج   كريم ون يعمل على إزالة الشعر الزائد في ٥ دقائق فقط حتى في المراحل الأولى من نمو الشعر. كريم ون بتركيبته المطورة والغنية باللانولين تحافظ على رطوبة البشرة الداخلية وتتركها ناعمة بعد إزالة الشعر.,ماركة: إيڤا
23144,جيليت | عبوات اعادة تعبئة شفرات لماكينة الحلاقة ماك 3 بلس | 3قطع,gillette mach3 blade refills 3pcs pi0g,510,EGP,جيليت,العناية اليومية>العناية الرجالية,in stock,https://chefaa.com:443/eg-ar/nowProduct/gillette-mach3-blade-refills-3pcs-pi0g,https://cdn.chefaa.com/filters:format(webp)/public/uploads/products/gillette-mach3-blade-refills-3pcs-tuh7-01663592166.png,https://cdn.chefaa.com/filters:format(webp)/public/uploads/products/gillette-mach3-blade-refills-3pcs-tuh7-01663592166.png,مميزات المنتج   جيليت | عبوات اعادة تعبئة شفرات لماكينة الحلاقة ماك 3 بلس | 3قطع,ماركة: جيليت
23748,مان لوك | كريم حلاقة أخضر | 90 مل,man look cream shaving 90ml eq8k,55,EGP,إيڤا,العناية اليومية>العناية الرجالية,in stock,https://chefaa.com:443/eg-ar/nowProduct/man-look-cream-shaving-90ml-2-eq8k,https://cdn.chefaa.com/filters:format(webp)/public/uploads/products/man-look-cream-shaving-90ml-2-jwxx-01665311260.png,https://cdn.chefaa.com/filters:format(webp)/public/uploads/products/man-look-cream-shaving-90ml-2-jwxx-01665311260.png,عن هذا المنتج     مان لوك | كريم حلاقة أخضر | 90 مل,ماركة: إيڤا
45836,كير أند مور كريم مرطب للبشرة الجافة بالجلسرين | 75مل,care more soft cream with glycerin deep moisturizing light blue 75ml ohgp_duiO3yAf,45,EGP,كير & مور,العناية اليومية>العناية بالجسم و الاستحمام,in stock,https://chefaa.com:443/eg-ar/nowProduct/care-more-soft-cream-with-glycerin-deep-moisturizing-light-blue-75ml-ohgp_duiO3yAf,https://cdn.chefaa.com/filters:format(webp)/public/uploads/products/care-more-soft-cream-with-glycerin-deep-moisturizing-light-blue-75ml-ohgp-01723993648.png,https://cdn.chefaa.com/filters:format(webp)/public/uploads/products/care-more-soft-cream-with-glycerin-deep-moisturizing-light-blue-75ml-ohgp-01723993648.png,مميزات المنتج   يوفر ترطيب عميق لبشرة اليدين والجسم والوجه. يحمي البشرة من الجفاف والتشققات طوال اليوم. يعمل على تغذية البشرة. يساعد في حماية البشرة من العوامل البيئية الضارة. يُكسب البشرة مزيد من النعومة والنضارة والحيوية.  مناسب للاستخدام اليومي في كل الفصول. مناسب للوجه والجسم واليدين. مناسب للبشرة الجافة. تم اختباره من قبل أطباء الجلدية. يتميز بحجمه الصغير مما يسهل حمله واستخدامه خلال السفر والتنقلات.   عن هذا المنتج     مكونات كريم  كير أند مور مرطب للبشرة الجافة : الجليسرين: يعمل على ترطيب البشرة وحمايتها من الجفاف والتشققات. خلاصة الصبار: لها خصائص مضادة للالتهابات وتعمل على تهدئة وترطيب البشرة. زيت اللوز: له خصائص مضادة للأكسدة ويعمل على ترطيب البشرة ومدها بفيتامينات أ و هـ. فيتامين هـ: له خصائص مضادة للأكسدة ويساعد فى الحفاظ على رطوبة الجلد وتحفيز تجدد خلايا البشرة. حجم Care & More Glycerin Cream for Deep Moisturizing : يتوفر بحجم 75 مل. يوصي به: الكريم مناسب للبشرة الجافة حيث يعمل على ترطيب البشرة بعمق وحمايتها من الجفاف والتشققات والعوامل البيئية الضارة.,ماركة: كير & مور
45989,شاور كريم ايفا تروبيكال | 250 مل,eva skin care moisturizing shower cream tropical 250ml mrvf_dup1ElC9,110,EGP,إيڤا,العناية اليومية>العناية بالجسم و الاستحمام,in stock,https://chefaa.com:443/eg-ar/nowProduct/eva-skin-care-moisturizing-shower-cream-tropical-250ml-mrvf_dup1ElC9,https://cdn.chefaa.com/filters:format(webp)/public/uploads/products/eva-skin-care-moisturizing-shower-cream-tropical-250ml-oeia-01685349917.png,https://cdn.chefaa.com/filters:format(webp)/public/uploads/products/eva-skin-care-moisturizing-shower-cream-tropical-250ml-oeia-01685349917.png,مميزات المنتج   يتميز شاور كريم إيفا تروبيكال بما يلي: يوفر لك تجربة استحمام غنية ومنعشة. له رغوة كثيفة ورائحة مميزة تدوم لفترة طويلة. يكسب بشرتك ملمسًا ناعمًا وحريريًا بفضل احتوائه على بروتينات الحرير. يغذي البشرة ويحميها من التشقق والجفاف. يعطي البشرة مظهرًا أكثر حيوية ونضارة. يرطب البشرة بعمق ويزيد من إشراقها ونعومتها. سعر شاور كريم إيفا تروبيكال مناسب مقارنة بحجمه وفوائده العديدة للبشرة.   عن هذا المنتج     مكونات شاور كريم ايفا تروبيكال يحتوي شاور كريم إيفا على:  بروتينات الحليب: ترطب البشرة وتغذيها.  الجلسرين: يحافظ على ترطيب ونعومة البشرة.  صوديوم لوريل سالفات: مادة منظفة وتساعد على تكوين الرغوة.  حجم Eva shower cream   يتوفر إيفا شاور كريم بحجم 250 مل.  سعر شاور كريم ايفا تروبيكال   يبلغ سعر Eva shower cream حوالي 80 جنيه مصري.  يوصى باستعمال شاور كريم إيفا تروبيكال ل  إيفا شاور كريم مناسب لجميع أنواع البشرة وخاصة أصحاب البشرة المعرضة للجفاف، فهو يغذي بشرتك ويرطبها ويكسبك ملمسًا ناعمًا وحريريًا، مما يعيد النضارة والحيوية لبشرتك كما يساعدك على الاستمتاع بتجربة استحمام منعشة.  طريقة استعمال ايفا شاور كريم   توضع كمية مناسبة من الشاور كريم على إسفنجة الاستحمام مع القليل من الماء حتى تتكون الرغوة، ثم دلكي جسمك بحركات دائرية خفيفة واشطفي جسمك بالماء الدافئ.  ما هي أنواع شاور كريم إيفا؟  شاور كريم إيفا تروبيكال.  شاور كريم إيفا باشون.  شاور كريم إيفا الوردي.  ما أفضل شاور جل للجسم الجاف؟  شاور كريم دوف.  جليسوليد شاور جل.  شاور كريم إيفا.  إنشانتر شاور جل.,ماركة: إيڤا
23295,سنسوداين | معجون اسنان انتعاش زائد | 50مل,sensodyne extra fresh toothpaste 50ml plvt,70,EGP,سنسوداين,العناية اليومية>العناية بالفم و الاسنان,in stock,https://chefaa.com:443/eg-ar/nowProduct/sensodyne-extra-fresh-toothpaste-50ml-plvt,https://cdn.chefaa.com/filters:format(webp)/public/uploads/products/sensodyne-extra-fresh-toothpaste-50ml-plvt-01751889904.png,https://cdn.chefaa.com/filters:format(webp)/public/uploads/products/sensodyne-extra-fresh-toothpaste-50ml-plvt-01751889904.png,مميزات المنتج   يتميز معجون سنسوداين الاصلي بما يلي: يساعد على إزالة تراكم البلاك وتبييض الأسنان. يحافظ على صحة اللثة. يحمي من حساسية الأسنان. يوفر نظافة فعالة مع أقل نسبة من التآكل. يعطي شعوراً بالنظافة والانتعاش. سعر معجون اسنان سنسوداين مناسب مقارنة بفوائده العديدة.   عن هذا المنتج     مكونات معجون سنسوداين الاصلي     يحتوي معجون سنسوداين الاصلي على:  فلوريد الصوديوم: يدعم تمعدن الأسنان ويقي من تسوسها.  حجم sensodyne toothpaste   يتوفر sensodyne toothpaste بحجم 20 مل و50 مل و75 مل.  يوصى باستعمال معجون الاسنان سنسوداين ل   معجون الاسنان سنسوداين مناسب للأسنان الحساسة فهو يساعد على تنظيف الأسنان وإزالة تراكم الجير، وكذلك يحمي من التهابات اللثة وحساسية الأسنان.  ما هو افضل نوع معجون من سنسوداين؟  معجون سنسوداين مفعول سريع.  معجون سنسوداين حماية متكاملة.  معجون سنسوداين للتبييض.  معجون سنسوداين بالفلورايد.  هل سنسوداين للاستخدام اليومي؟  نعم يستخدم سنسوداين مرتين يومياً.  ما هى فوائد معجون سنسوداين ؟  يساعد على تنظيف الأسنان والتخلص من الجير.  يحمي من حساسية الأسنان والتهابات اللثة.  يحافظ على صحة الأسنان ويحميها من التآكل.  يحارب تسوس الأسنان.  ما هى أضرار معجون سنسوداين ؟  لا توجد أضرار لمعجون سنسوداين ولكن قد يسبب الحساسية في حالة فرط الحساسية تجاه أحد مكوناته أو استخدامه أكثر من اللازم.  ما هى أنواع  معجون سنسوداين ؟  معجون سنسوداين لحساسية اللثة.   معجون سنسوداين المطور ترميم وحماية.   سنسوداين المطور ترميم وحماية انتعاش زائد.  سنسوداين حماية متكاملة.  سنسوداين مفعول سريع.  سنسوداين تنظيف عميق.   سنسوداين العادي.  سنسوداين فلوريد.,ماركة: سنسوداين
32635,شفرات حلاقة جيليت فينوس سموث الزرقاء | 4 شفرات,venus sensitive smooth skin elixir razor blade refill for women 4pcs prwd_dunQT6Bm,600,EGP,جيليت,العناية اليومية>,in stock,https://chefaa.com:443/eg-ar/nowProduct/venus-sensitive-smooth-skin-elixir-razor-blade-refill-for-women-4pcs-prwd_dunQT6Bm,https://cdn.chefaa.com/filters:format(webp)/public/uploads/products/venus-sensitive-smooth-skin-elixir-razor-blade-refill-for-women-4pcs-rv1z-01663174090.png,https://cdn.chefaa.com/filters:format(webp)/public/uploads/products/venus-sensitive-smooth-skin-elixir-razor-blade-refill-for-women-4pcs-rv1z-01663174090.png,مميزات المنتج   تتميز جيليت فينوس سموث شفرات حلاقة نسائية بما يلي: تحتوي على 3 شفرات حادة ولذلك توفر إزالة دقيقة للشعر بدون ألم. تساعد على إكساب الجلد النعومة والترطيب لفترة طويلة. لها رأس صغيرة ومرنة مما يسمح للشفرة بالانزلاق بسلاسة على البشرة. لطيفة على البشرة ولا تسبب الحساسية أو الالتهابات. مناسبة لجميع أنواع البشرة وخاصة أصحاب البشرة الحساسة. يمكن استخدامها لأماكن الجسم المختلفة وكذلك للمناطق الحساسة. لها رائحة جميلة ومميزة وتترك الجلد ناعم ورطب. سعر شفرات جيليت فينوس مناسب مقارنة بفوائدها المميزة للبشرة.   عن هذا المنتج     مكونات جيليت فينوس سموث شفرات حلاقة نسائية  تحتوي شفرات جيليت فينوس على:  3 شفرات: تساعد على إزالة الشعيرات الصغيرة من أماكن الجسم المختلفة وكذلك الأماكن الحساسة. شريط ترطيب: غني بالمواد المرطبة والمغذية للجلد لإكساب الجلد المزيد من النعومة والترطيب وحماية البشرة من الالتهابات. حجم شفرات حلاقة جيليت فينوس سموث  تتوفر شفرات gillette venus smooth على هيئة عبوة تحتوي على 4 شفرات. يوصى باستعمال شفرات جيليت فينوس سموث ل: تناسب جيليت فينوس سموث جميع أنواع البشرة وخاصة أصحاب البشرة الحساسة فهي تعد الخيار الأمثل لكل من ترغب في إزالة الشعر بدون ألم مع الحفاظ على ملمس البشرة ناعم ورطب وحماية الجلد من الجفاف والالتهابات,ماركة: جيليت
46108,إيڤا سكين كير | تروبيكال لوشن للجسم | 240مل,eva skin care body lotion tropical 240ml 2dsh_duyiJZj6,140,EGP,إيڤا,العناية اليومية>العناية بالجسم و الاستحمام,in stock,https://chefaa.com:443/eg-ar/nowProduct/eva-skin-care-body-lotion-tropical-240ml-2dsh_duyiJZj6,https://cdn.chefaa.com/filters:format(webp)/public/uploads/products/eva-skin-care-body-lotion-tropical-240ml-nfya-01700404819.png,https://cdn.chefaa.com/filters:format(webp)/public/uploads/products/eva-skin-care-body-lotion-tropical-240ml-nfya-01700404819.png,مميزات المنتج   إيڤا سكين كير لوشـن الجسم للترطيب الفعال بتركيبتــــه الغنية بالجلسـرين والڤازلين والتي تعــمل على جذب الماء والاحتفاظ به داخل خلايا البشرة ليمنحك إحساس بالترطيب و نعومة الحرير.,ماركة: إيڤا
21182,ديتول | صابون ضد الجراثيم | 115جم,dettol antibacterial soap 115gm jkal,33,EGP,ديتول,العناية اليومية>الحماية,in stock,https://chefaa.com:443/eg-ar/nowProduct/dettol-antibacterial-soap-115gm-jkal,https://cdn.chefaa.com/filters:format(webp)/public/uploads/products/dettol-antibacterial-soap-115gm-jkal-01741514924.png,https://cdn.chefaa.com/filters:format(webp)/public/uploads/products/dettol-antibacterial-soap-115gm-jkal-01741514924.png,عن هذا المنتج     ديتول | صابون ضد الجراثيم | 115جم,ماركة: ديتول
32527,ريكسونا | رول اون حريمي بامبو | 20مل,rexona roll bamboo for woman 50ml twdy,35,EGP,ريكسونا,العناية اليومية>,in stock,https://chefaa.com:443/eg-ar/nowProduct/rexona-roll-on-bamboo-for-woman-50ml-twdy,https://cdn.chefaa.com/filters:format(webp)/public/uploads/products/rexona-roll-on-bamboo-for-woman-50ml-payu-01697490397.png,https://cdn.chefaa.com/filters:format(webp)/public/uploads/products/rexona-roll-on-bamboo-for-woman-50ml-payu-01697490397.png,مميزات المنتج   ريكسونا | رول اون حريمي بامبو | 20مل,ماركة: ريكسونا
49312,بارودونتاكس | معجون أسنان إنتعاش زائد لوقف نزيف اللثة | 20مل,parodontax extra fresh daily toothpaste for bleeding gums 20ml cyrl,42,EGP,بارودونتكس,العناية اليومية>العناية بالفم و الاسنان,in stock,https://chefaa.com:443/eg-ar/nowProduct/parodontax-extra-fresh-daily-toothpaste-for-bleeding-gums-20ml-cyrl,https://cdn.chefaa.com/filters:format(webp)/public/uploads/products/parodontax-extra-fresh-daily-toothpaste-for-bleeding-gums-20ml-uv7c-01729600215.png,https://cdn.chefaa.com/filters:format(webp)/public/uploads/products/parodontax-extra-fresh-daily-toothpaste-for-bleeding-gums-20ml-uv7c-01729600215.png,مميزات المنتج   بارودونتاكس | معجون أسنان إنتعاش زائد لوقف نزيف اللثة | 20مل,ماركة: بارودونتكس
46122,مود | جل استحمام خليجي | 750مل,mood khaliji shower gel 750ml joss_dukDbxBb,89,EGP,مود,العناية اليومية>العناية بالجسم و الاستحمام,in stock,https://chefaa.com:443/eg-ar/nowProduct/mood-khaliji-shower-gel-750ml-joss_dukDbxBb,https://cdn.chefaa.com/filters:format(webp)/public/uploads/products/mood-khaliji-shower-gel-750ml-0khx-01684694222.png,https://cdn.chefaa.com/filters:format(webp)/public/uploads/products/mood-khaliji-shower-gel-750ml-0khx-01684694222.png,مميزات المنتج   مود | جل استحمام خليجي | 750مل,ماركة: مود
46524,مود | هاند ووش خليجي | 500مل,mood khaliji hand wash 500ml gnnq_dud81ieZ,59,EGP,مود,العناية اليومية>الحماية,in stock,https://chefaa.com:443/eg-ar/nowProduct/mood-khaliji-hand-wash-500ml-gnnq_dud81ieZ,https://cdn.chefaa.com/filters:format(webp)/public/uploads/products/mood-khaliji-hand-wash-500ml-rbrm-01704124301.png,https://cdn.chefaa.com/filters:format(webp)/public/uploads/products/mood-khaliji-hand-wash-500ml-rbrm-01704124301.png,مميزات المنتج   مود | هاند ووش خليجي | 500مل,ماركة: مود
46436,1+1 كولاجرا | مزيل عرق رول اون برائحة العود | 60مل,kolagra whitening roll oud 60ml vkey_duas9x7l,239,EGP,كولاجرا,العناية اليومية>العناية بالجسم و الاستحمام,in stock,https://chefaa.com:443/eg-ar/nowProduct/kolagra-whitening-roll-on-21-oud-60ml-vkey_duas9x7l,https://cdn.chefaa.com/filters:format(webp)/public/uploads/products/kolagra-whitening-roll-on-21-oud-60ml-lkbe-01702897831.png,https://cdn.chefaa.com/filters:format(webp)/public/uploads/products/kolagra-whitening-roll-on-21-oud-60ml-lkbe-01702897831.png,مميزات المنتج    كولاجرا | مزيل عرق رول اون برائحة العود | 60مل | 1+1 مجانا   عن هذا المنتج      كولاجرا | مزيل عرق رول اون برائحة العود | 60مل | 1+1 مجانا,ماركة: كولاجرا
18029,مزيل عرق نيفيا ستيك للنساء ناتشورال فيرنس | 50 مل,nivea natural fairness deodorant soap for women 40ml ja8u,350,EGP,نيفيا,العناية اليومية>العناية النسائية,in stock,https://chefaa.com:443/eg-ar/nowProduct/nivea-natural-fairness-deodorant-soap-for-women-40ml-ja8u,https://cdn.chefaa.com/filters:format(webp)/public/uploads/products/nivea-natural-fairness-deodorant-soap-for-women-40ml-ja8u-01708610714.png,https://cdn.chefaa.com/filters:format(webp)/public/uploads/products/nivea-natural-fairness-deodorant-soap-for-women-40ml-ja8u-01708610714.png,مميزات المنتج   يتميز مزيل عرق نيفيا ستيك nivea deodorant stick بما يلي: يوفر حماية مضادة للتعرق تدوم حتى 48 ساعة. يحتوي على فيتامين C لتفتيح منطقة تحت الإبط. يمنح البشرة نعومة وتجانساً. خالٍ من الكحول الإيثيلي. ملائم للبشرة الحساسة والمتهيجة. سعر مزيل عرق نيفيا ستيك مرتفع نسبيًا لكن بالمقارنة مع حجمه ومدة استعماله فهو مناسب جدًا.   عن هذا المنتج     مكونات مزيل عرق نيفيا ستيك  يحتوي مزيل عرق نيفيا ستيك على:  فيتامين ج (Vitamin C): يساعد فيتامين ج على تفتيح البشرة وتحسين مظهرها، مما يجعل منطقة تحت الإبطين أكثر إشراقًا ونعومة.  مستخلص جذر العرقسوس (Glycyrrhiza Glabra Root Extract): يمتاز بخصائصه المهدئة والمضادة للالتهابات، مما يساعد على تهدئة البشرة الحساسة تحت الإبط.  زيت الأفوكادو (Persea Gratissima Oil): يُرطب البشرة ويغذيها، مما يعزز من نعومتها ومرونتها.  كلوروهيدرات الألومنيوم (Aluminum Chlorohydrate): يساعد على تقليل إنتاج العرق ويمنع تكون الروائح، مما يحافظ على جفاف وانتعاش منطقة تحت الإبط.  حجم عبوة nivea stick  يتوفر nivea deodorant stick بحجم 50 مل من تركيبة مخصصة للعناية بمنطقة أسفل الإبطين.  يوصى باستعمال نيفيا ستيك مزيل عرق  يوصى باستعمال nivea deodorant stick لجميع أنواع البشرة، خاصةً للبشرة الحساسة فهو مثالي للنساء اللواتي يبحثن عن حل فعّال للحماية من التعرق وتفتيح منطقة تحت الإبط.  سعر مزيل عرق نيفيا ستيك  سعر nivea deodorant stick بحجم 50 مل هو 270 جنيه مصري (قد يتغير سعر المنتج وفقًا لتحديثه بالصيدليات أو حسب العروض المتاحة).  طريقة استخدام نيفيا مزيل عرق ستيك  يُوضع مزيل العرق مباشرةً تحت الإبط.  يجب تجنب وضع المنتج على البشرة المتهيجة أو المتضررة.  ينصح بغسل المنطقة جيدًا وتجفيفها قبل وضعه مرة أخرى.  فوائد مزيل عرق نيفيا ستيك للنساء  مضاد للتعرق ممتد الفعالية.  يساعد على تقليل التعرق بشكل فعال.  يُفتح لون البشرة الداكنة تحت الإبطين.  يرطب البشرة ويمنحها ملمساً ناعماً.  يحافظ على شعور الانتعاش والجفاف طوال اليوم.  تركيبة لطيفة ومناسبة للبشرة الحساسة.  ما هى أنواع نيفيا ستيك للنساء ؟  توفر الشركة المصنعة العديد من الأنواع المختلفة، ومن أهمها:  مزيل عرق نيفيا ستيك nivea deodorant stick  نيفيا ستيك فريش ناتشورال Nivea Fresh Natural Stick  نيفيا ستيك بيرل آند بيوتي Nivea Pearl & Beauty Stick  نيفيا ستيك دراي كومفورت Nivea Dry Comfort Stick  نيفيا ستيك إنفزبل بلاك آند وايت Nivea Invisible Black & White Stick  نيفيا ستيك بروتيكت آند كير Nivea Protect & Care Stick  نيفيا ستيك دايناميك باور Nivea Dynamic Power Stick  نيفيا ستيك فريش فلاورز Nivea Fresh Flowers Stick  ما أفضل مزيل عرق ستيك للنساء ؟  مزيل عرق نيفيا ستيك nivea deodorant stick  ليدي سبيد مزيل عرق ستيك Lady Speed deodorant stick  مزيل عرق دوف ستيك Dove deodorant stick,ماركة: نيفيا
3125,بوديم | كريم علامات التمدد | 200مل (خاص بحياة),bodium stretch mark 200ml,326,EGP,بوديم,العناية اليومية>العناية النسائية,in stock,https://chefaa.com:443/eg-ar/nowProduct/bodium-stretch-mark-200ml,https://cdn.chefaa.com/filters:format(webp)/public/uploads/products/bodium-stretch-mark-200ml-01721148682.png,https://cdn.chefaa.com/filters:format(webp)/public/uploads/products/bodium-stretch-mark-200ml-01721148682.png,مميزات المنتج   كريم مضاد لعلامات التمدد الحماية والوقاية من علامات التمدد بسبب الحمل والدايت.,ماركة: بوديم
46359,نيفيا | سبراي مزيل للعرق بيرل اند بيوتي للنساء اللؤلؤة السوداء والزيوت العطرية | 150مل,nivea spray antiperspirant for women pearl beauty black pearl perfume oils 150ml f1eb_du2WVYHH,192,EGP,نيفيا,العناية اليومية>العناية بالجسم و الاستحمام,in stock,https://chefaa.com:443/eg-ar/nowProduct/nivea-spray-antiperspirant-for-women-pearl-beauty-black-pearl-perfume-oils-150ml-f1eb_du2WVYHH,https://cdn.chefaa.com/filters:format(webp)/public/uploads/products/nivea-spray-antiperspirant-for-women-pearl-beauty-black-pearl-perfume-oils-150ml-wf08-01700506587.png,https://cdn.chefaa.com/filters:format(webp)/public/uploads/products/nivea-spray-antiperspirant-for-women-pearl-beauty-black-pearl-perfume-oils-150ml-wf08-01700506587.png,مميزات المنتج   تمنحك تركيبته حمايةً موثوق بها ضد العرق لمدة 48 ساعة غني باللؤلؤ الأسود والزيوت العطرية لإبطين ناعمين وجميلين عطر أنيق يدوم طويلًا حماية من العرق والرائحة لمدة 48 ساعة تم اختباره من قبل أطباء الجلدية.,ماركة: نيفيا
20714,إكس إل | مليار أتوميسور بخاخ للرجال | 150مل,billion spray for men hq92,140,EGP,اكس ال,العناية اليومية>العناية الرجالية,in stock,https://chefaa.com:443/eg-ar/nowProduct/xl-billion-spray-for-men-hq92,https://cdn.chefaa.com/filters:format(webp)/public/uploads/products/xl-billion-spray-for-men-6xd4-01655299909.png,https://cdn.chefaa.com/filters:format(webp)/public/uploads/products/xl-billion-spray-for-men-6xd4-01655299909.png,مميزات المنتج   إكس إل | مليار أتوميسور بخاخ للرجال | 150مل   عن هذا المنتج     إكس إل | مليار أتوميسور بخاخ للرجال | 150مل,ماركة: اكس ال
20705,إكس إل | أزورا بخاخ للرجال | 150مل,xavier laurent azzura spray rzvr,135,EGP,اكس ال,العناية اليومية>العناية الرجالية,in stock,https://chefaa.com:443/eg-ar/nowProduct/xavier-laurent-xl-azzura-spray-rzvr,https://cdn.chefaa.com/filters:format(webp)/public/uploads/products/xavier-laurent-xl-azzura-spray-fhgl-01655297714.png,https://cdn.chefaa.com/filters:format(webp)/public/uploads/products/xavier-laurent-xl-azzura-spray-fhgl-01655297714.png,عن هذا المنتج     إكس إل | أزورا بخاخ للرجال | 150مل,ماركة: اكس ال
21571,فريدا | معطر جو بخاخ ارابيسك | 460مل,frida spray air freshener arabesque 460ml qqwf,70,EGP,فريدا,العناية اليومية>,in stock,https://chefaa.com:443/eg-ar/nowProduct/frida-spray-air-freshener-arabesque-460ml-qqwf,https://cdn.chefaa.com/filters:format(webp)/public/uploads/products/frida-spray-air-freshener-arabesque-460ml-jqgh-01656947615.png,https://cdn.chefaa.com/filters:format(webp)/public/uploads/products/frida-spray-air-freshener-arabesque-460ml-jqgh-01656947615.png,مميزات المنتج   فريدا | معطر جو بخاخ ارابيسك | 460مل    عن هذا المنتج     فريدا | معطر جو بخاخ ارابيسك | 460مل,ماركة: فريدا
18103,جيليت | ماكينة حلاقة فينوس سموث الزرقاء + 2شفره,venus pink women shaver replacement vz2b,481,EGP,جيليت,العناية اليومية>العناية النسائية,in stock,https://chefaa.com:443/eg-ar/nowProduct/venus-pink-women-s-shaver-2-replacement-vz2b,https://cdn.chefaa.com/filters:format(webp)/public/uploads/products/venus-pink-women-s-shaver-2-replacement-qxdg-01653319490.png,https://cdn.chefaa.com/filters:format(webp)/public/uploads/products/venus-pink-women-s-shaver-2-replacement-qxdg-01653319490.png,مميزات المنتج   تتميز جيليت فينوس سموث ماكينة حلاقة نسائية بما يلي: توفر الماكينة إزالة دقيقة للشعر بدون ألم. تساعد على إكساب الجلد النعومة والترطيب لفترة طويلة. لها رأس صغيرة ومرنة مما يسمح للماكينة بالانزلاق بسلاسة على البشرة. لطيفة على البشرة ولا تسبب الحساسية أو الالتهابات. مناسبة لجميع أنواع البشرة ويمكن استخدامها للأماكن الحساسة. لها رائحة جميلة ومميزة وتترك الجلد ناعم. سعر ماكينة جيليت فينوس مناسب مقارنة بفوائدها المميزة للبشرة.   عن هذا المنتج     مكونات جيليت فينوس سموث ماكينة حلاقة نسائية  تحتوي ماكينة جيليت فينوس على: رأس الماكينة: تحتوي على 3 شفرات مما يسهل الحلاقة بدون ألم وقد يكون رأس الماكينة ثابت أو متحرك. مقبض الماكينة: مصنوع من المطاط مما يسهل التحكم في الماكينة. شريط ترطيب: غني بالمواد المرطبة والمغذية للجلد لإكساب الجلد المزيد من النعومة والترطيب وحماية البشرة من الالتهابات. حجم ماكينة حلاقة جيليت فينوس سموث  تتوفر gillette venus smooth  على هيئة عبوة تحتوي على ماكينة واحدة وشفرة واحدة أو شفرتين. يوصى باستعمال ماكينة جيليت فينوس سموث ل: تناسب جيليت فينوس سموث جميع أنواع البشرة وخاصة أصحاب البشرة الحساسة فهي تعد الخيار الأمثل لكل من ترغب في إزالة الشعر بدون ألم مع الحفاظ على ملمس البشرة ناعم ورطب وحماية الجلد من الجفاف والالتهابات.,ماركة: جيليت
18757,انجرام | فوم الحلاقة تشالنج اخضر | 200مل,ingram green shaving foam challenge 200ml avgb,199,EGP,No Brand,العناية اليومية>العناية الرجالية,in stock,https://chefaa.com:443/eg-ar/nowProduct/ingram-green-shaving-foam-challenge-200ml-avgb,https://cdn.chefaa.com/filters:format(webp)/public/uploads/products/ingram-green-shaving-foam-challenge-200ml-avgb-01724158263.png,https://cdn.chefaa.com/filters:format(webp)/public/uploads/products/ingram-green-shaving-foam-challenge-200ml-avgb-01724158263.png,مميزات المنتج   انجرام | فوم الحلاقة تشالنج اخضر | 200مل,raw_specs: المواصفات
18489,فوج | برفان سبراي ايسنس للنساء | 120مل,fogg essence perfume spray for women 120ml acuf,132,EGP,فوج,العناية اليومية>العناية النسائية,in stock,https://chefaa.com:443/eg-ar/nowProduct/fogg-essence-perfume-spray-for-women-120ml-acuf,https://cdn.chefaa.com/filters:format(webp)/public/uploads/products/fogg-essence-perfume-spray-for-women-120ml-acuf-01738274730.png,https://cdn.chefaa.com/filters:format(webp)/public/uploads/products/fogg-essence-perfume-spray-for-women-120ml-acuf-01738274730.png,مميزات المنتج   فوج | برفان سبراي ايسنس للنساء | 120مل,ماركة: فوج
46124,مود | جل استحمام سانتوريني أرجواني سادة | 750مل,mood shower gel santorini purple 750ml 6urr_duyrxJxc,89,EGP,مود,العناية اليومية>العناية بالجسم و الاستحمام,in stock,https://chefaa.com:443/eg-ar/nowProduct/mood-shower-gel-santorini-purple-750ml-6urr_duyrxJxc,https://cdn.chefaa.com/filters:format(webp)/public/uploads/products/mood-shower-gel-santorini-purple-750ml-5ac4-01684694826.png,https://cdn.chefaa.com/filters:format(webp)/public/uploads/products/mood-shower-gel-santorini-purple-750ml-5ac4-01684694826.png,مميزات المنتج   مود | جل استحمام سانتوريني أرجواني سادة | 750مل,ماركة: مود
54175,سنسوداين | معجون اسنان انتعاش زائد | 100مل 15% خصم,sensodyne extra fresh toothpaste 100ml 1axs_duDt8znZ,125,EGP,سنسوداين,العناية اليومية>العناية بالفم و الاسنان,in stock,https://chefaa.com:443/eg-ar/nowProduct/sensodyne-extra-fresh-toothpaste-100ml-1axs_duDt8znZ,https://cdn.chefaa.com/filters:format(webp)/public/uploads/products/sensodyne-extra-fresh-toothpaste-100ml-1axs-01713284732.png,https://cdn.chefaa.com/filters:format(webp)/public/uploads/products/sensodyne-extra-fresh-toothpaste-100ml-1axs-01713284732.png,مميزات المنتج   يتميز معجون سنسوداين الاصلي بما يلي: يساعد على إزالة تراكم البلاك وتبييض الأسنان. يحافظ على صحة اللثة. يحمي من حساسية الأسنان. يوفر نظافة فعالة مع أقل نسبة من التآكل. يعطي شعوراً بالنظافة والانتعاش. سعر معجون اسنان سنسوداين مناسب مقارنة بفوائده العديدة.   عن هذا المنتج      ما هو معجون أسنان سنسوداين جل لانتعاش زائد؟  هو معجون يمنح شعور بالراحة مثبت طبيًا من حساسية الأسنان بالإضافة لاحتوائه على جميع فوائد معجون الأسنان المعتاد. يأتي في شكل جل أزرق ليمنحك شعورًا منعشًا يدوم طويلاً. كيف يعمل؟ من خلال استخدامه بالفرشاة مرتين يوميًا فهو يعمل على تخفيف  ثُبت ذلك بشكل عملي: معجون الأسنان الحساسة يصلح بعمق الأسنان الحساسة حتى تتمكن من العودة إلى الأشياء التي  كنت تستمتع بها حيث يمكنك إعادة المشروبات المثلجة إلى قائمة مشروباتك مرة أخرى! ترميم يومي: عند تنظيف الأسنان بالفرشاة مرتين يوميًا ، فإنه يمنح شعور بالراحة مثبتة طبيًا من حساسية الأسنان من خلال المساعدة في ترميم المناطق الحساسة في أسنانك. معجون الأسنان اليومي بنكهة النعناع يجدد رائحة الفم أيضًا. استخدامه مع فرشاة أسنان للترميم الأسنان والحماية: التنظيف بالفرشاة مرتين يوميًا باستخدام سنسوداين  للترميم والحماية العميقة نكهة النعناع  سيوفر حماية طويلة الأمد من الحساسية. سنسوداين هو المنتج الأول الموصي به من أطباء الأسنان للأسنان الحساسة: ينصح أطباء الأسنان باستخدام سنسوداين منذ أكثر من 10 سنوات. مع تنظيف الأسنان بالفرشاة مرتين يوميًا,ماركة: سنسوداين
20853,نيفيا | جل استحمام حريمي ألو فريش بالصبار | 250مل,nivea fresh aloe shower gel natural aloe vera fresh scent 250ml r60s,130,EGP,نيفيا,العناية اليومية>العناية بالجسم و الاستحمام,in stock,https://chefaa.com:443/eg-ar/nowProduct/nivea-fresh-aloe-shower-gel-natural-aloe-vera-fresh-scent-250ml-r60s,https://cdn.chefaa.com/filters:format(webp)/public/uploads/products/nivea-fresh-aloe-shower-gel-natural-aloe-vera-fresh-scent-250ml-tmsh-01655382285.png,https://cdn.chefaa.com/filters:format(webp)/public/uploads/products/nivea-fresh-aloe-shower-gel-natural-aloe-vera-fresh-scent-250ml-tmsh-01655382285.png,مميزات المنتج   نيفيا | جل استحمام حريمي ألو فريش بالصبار | 250مل   عن هذا المنتج     انتعاش فوري للبشرة.   بشرة منتعشة وصحية.   تركيبة قابلة للتحلل بنسبة 99%.   عبوة معاد تصنيعها بنسبة 96%.   تركيبة خالية من اللدائن الدقيقة.   ألوي فيرا الطبيعية.   جيل استحمام الو فريش من نيڤيا يساعدك في الحصول على حمامًا منعشًا ويمنحك بشرة ناعمة ومنتعشة.   جيل استحمام الو فريش من نيڤيا الغني بالأولوي فيرا الطبيعية يغطّي جسمك برغوة ناعمة كالحرير وبحفّز حواسك برائحته المنعشة.   تمّ صنعه مع تقنية هيدرا IQ التي تحافظ على رطوبة بشرتك حتى بعد التجفيف بالمنشفة.   جيل استحمام الو فريش من نيڤيا يوازن درجة حموضة البشرة.   حائز على موافقة أطباء الجلد ومناسب لجميع أنواع البشرة.   نيڤيا، مئة عام من العناية بالبشرة تدوم مدى الحياة!,ماركة: نيفيا
2504,نيفيا | ماء ميسيلار لازالة المكياج للبشرة الجافة الي الحساسة | 400مل,nivea micellair micellar water for sensitive skin 400ml,320,EGP,نيفيا,العناية اليومية>العناية النسائية,in stock,https://chefaa.com:443/eg-ar/nowProduct/nivea-micellair-micellar-water-for-sensitive-skin-400ml,https://cdn.chefaa.com/filters:format(webp)/public/uploads/products/nivea-micellair-micellar-water-for-sensitive-skin-400ml-01655305915.png,https://cdn.chefaa.com/filters:format(webp)/public/uploads/products/nivea-micellair-micellar-water-for-sensitive-skin-400ml-01655305915.png,مميزات المنتج   نيفيا | ماء ميسيلار لازالة المكياج للبشرة الجافة الي الحساسة | 400مل   عن هذا المنتج     ﻿ ﻿ يزيل مكياج العيون بلطف دون فرك ويهتم برموش جميلة. ينظف المكياج بعمق وفعالية. يرطب ويساعد على الحد من العلامات الثلاثة للبشرة الحساسة: الاحمرار و الشد والجفاف.,ماركة: نيفيا
21873,كوريغا | سوبر كريم خالي من الطعم | 20جم,corega super cream denture fixative taste free toothpaste 20ml ntx6,150,EGP,كوريغا,العناية اليومية>العناية بالفم و الاسنان,in stock,https://chefaa.com:443/eg-ar/nowProduct/corega-super-cream-denture-fixative-taste-free-toothpaste-20ml-ntx6,https://cdn.chefaa.com/filters:format(webp)/public/uploads/products/corega-super-cream-denture-fixative-taste-free-toothpaste-20ml-ntx6-01757588183.png,https://cdn.chefaa.com/filters:format(webp)/public/uploads/products/corega-super-cream-denture-fixative-taste-free-toothpaste-20ml-ntx6-01757588183.png,عن هذا المنتج     التصاق قوي طوال اليوم. بدون نكهة أو ملونات. تركيبة خالية من الزنك. يمنحك استخدام مادة لاصقة قوة اللصق التي تحتاجها ويمنحك شعورا خاليا من القلق طوال اليوم. لكنك تبحث عن حل لا يؤثر على طعم الأطعمة المفضلة لديك. تم تصميم Corega super cream taste free ليمنحك قبضة تدوم طوال اليوم ولها طعم محايد حتى لا يتعارض المنتج مع الاستمتاع بوجباتك.  Corega super cream taste free هو جزء من مجموعة Corega من المواد اللاصقة لأطقم الأسنان غير المنكهة. خالي من الزنك والألوان الاصطناعية.  ضبط: نظف بدلة الأسنان وجففها جيدا. أبعد: شطف الفم بالماء. قم بإزالة بدلة الأسنان عن طريق تحريكها ببطء ذهابا وإيابا. قم بإزالة ما تبقى من الكريم اللاصق من الطرف الاصطناعي للأسنان والفم بالماء الدافئ وفرشاة أسنان ناعمة.  ط) استخدم منظف أسنان Corega لتنظيف طقم الأسنان تماما ، ثم اشطفه بالماء مقارنة بعدم وجود مادة لاصقة. 12 ساعة تعادل طوال يوم. ضع ضربات قصيرة من الكريم اللاصق كما هو موضح في الرسم ، وليس قريبا جدا من حافة الطرف الاصطناعي.  اشطف فمك قبل إدخال الطرف الاصطناعي.  اضغط على الطرف الاصطناعي في مكانه، وامسكه بإحكام، وعض لبضع ثوان لتثبيت الطرف الاصطناعي.  لا تنطبق أكثر من مرة في اليوم.,ماركة: كوريغا
55311,ايفا | لوشن ريسيبي للبشرة العادية برائحة المارشيميلو | 370ملل,eva recipe lotion for normal skin marshmallow 370itfB,180,EGP,إيڤا,العناية اليومية>,in stock,https://chefaa.com:443/eg-ar/nowProduct/eva-recipe-lotion-for-normal-skin-marshmallow-370itfB,https://cdn.chefaa.com/filters:format(webp)/public/uploads/products/eva-recipe-lotion-for-normal-skin-marshmallow-370itfb-01732734274.png,https://cdn.chefaa.com/filters:format(webp)/public/uploads/products/eva-recipe-lotion-for-normal-skin-marshmallow-370itfb-01732734274.png,مميزات المنتج   ايفا | لوشن ريسيبي للبشرة العادية برائحة المارشيميلو | 370ملل,ماركة: إيڤا
18472,فوج | برفان سبراي سيليبريت للرجال | 120مل,fogg celebrate perfume spray for men 120ml 6ssc,132,EGP,فوج,العناية اليومية>العناية الرجالية,in stock,https://chefaa.com:443/eg-ar/nowProduct/fogg-celebrate-perfume-spray-for-men-120ml-6ssc,https://cdn.chefaa.com/filters:format(webp)/public/uploads/products/fogg-celebrate-perfume-spray-for-men-120ml-6ssc-01722763525.png,https://cdn.chefaa.com/filters:format(webp)/public/uploads/products/fogg-celebrate-perfume-spray-for-men-120ml-6ssc-01722763525.png,مميزات المنتج   فوج | برفان سبراي سيليبريت للرجال | 120مل,ماركة: فوج
18751,سنسوداين | معجون اسنان عادي | 100مل,sensodyne original flavour toothpaste 100ml fcza,125,EGP,سنسوداين,العناية اليومية>العناية بالفم و الاسنان,in stock,https://chefaa.com:443/eg-ar/nowProduct/sensodyne-original-flavour-toothpaste-100ml-fcza,https://cdn.chefaa.com/filters:format(webp)/public/uploads/products/sensodyne-original-flavour-toothpaste-100ml-iyu3-01654025779.png,https://cdn.chefaa.com/filters:format(webp)/public/uploads/products/sensodyne-original-flavour-toothpaste-100ml-iyu3-01654025779.png,مميزات المنتج   يتميز معجون سنسوداين الاصلي بما يلي: يساعد على إزالة تراكم البلاك وتبييض الأسنان. يحافظ على صحة اللثة. يحمي من حساسية الأسنان. يوفر نظافة فعالة مع أقل نسبة من التآكل. يعطي شعوراً بالنظافة والانتعاش. سعر معجون اسنان سنسوداين مناسب مقارنة بفوائده العديدة.   عن هذا المنتج     مكونات معجون سنسوداين الاصلي   يحتوي معجون سنسوداين الاصلي على:  فلوريد الصوديوم: يدعم تمعدن الأسنان ويقي من تسوسها.    حجم sensodyne toothpaste   يتوفر sensodyne toothpaste بحجم 20 مل و50 مل و75 مل.    يوصى باستعمال معجون الاسنان سنسوداين ل   معجون الاسنان سنسوداين مناسب للأسنان الحساسة فهو يساعد على تنظيف الأسنان وإزالة تراكم الجير، وكذلك يحمي من التهابات اللثة وحساسية الأسنان.    ما هو افضل نوع معجون من سنسوداين؟  معجون سنسوداين مفعول سريع.  معجون سنسوداين حماية متكاملة.  معجون سنسوداين للتبييض.  معجون سنسوداين بالفلورايد.    هل سنسوداين للاستخدام اليومي؟   نعم يستخدم سنسوداين مرتين يومياً.    ما هى فوائد معجون سنسوداين ؟   يساعد على تنظيف الأسنان والتخلص من الجير.  يحمي من حساسية الأسنان والتهابات اللثة.  يحافظ على صحة الأسنان ويحميها من التآكل.  يحارب تسوس الأسنان.    ما هى أضرار معجون سنسوداين ؟ لا توجد أضرار لمعجون سنسوداين ولكن قد يسبب الحساسية في حالة فرط الحساسية تجاه أحد مكوناته أو استخدامه أكثر من اللازم.    ما هى أنواع  معجون سنسوداين ؟   معجون سنسوداين لحساسية اللثة.   معجون سنسوداين المطور ترميم وحماية.   سنسوداين المطور ترميم وحماية انتعاش زائد.  سنسوداين حماية متكاملة.  سنسوداين مفعول سريع.  سنسوداين تنظيف عميق.   سنسوداين العادي.  سنسوداين فلوريد.,ماركة: سنسوداين
28445,كارمكس | مرطب شفاه بالفراولة عامل حماية من الشمس 15 | 10جم,carmex strawberry squeeze lip balm with spf 10gm pjjw,200,EGP,كارمكس,العناية اليومية>,in stock,https://chefaa.com:443/eg-ar/nowProduct/carmex-strawberry-squeeze-lip-balm-with-spf-15-10gm-pjjw,https://cdn.chefaa.com/filters:format(webp)/public/uploads/products/carmex-strawberry-squeeze-lip-balm-with-spf-15-10gm-pjjw-01723560407.png,https://cdn.chefaa.com/filters:format(webp)/public/uploads/products/carmex-strawberry-squeeze-lip-balm-with-spf-15-10gm-pjjw-01723560407.png,مميزات المنتج   كارمكس | مرطب شفاه بالفراولة عامل حماية من الشمس 15 | 10جم,ماركة: كارمكس
21096,جيليت | فينوس جلايد مع أولاي مقبض معدني للنساء + 2 شفرات,gillette venus with olay for women metal handle blade x08o,801,EGP,جيليت,العناية اليومية>العناية النسائية,in stock,https://chefaa.com:443/eg-ar/nowProduct/gillette-venus-with-olay-for-women-metal-handle-5-blade-x08o,https://cdn.chefaa.com/filters:format(webp)/public/uploads/products/gillette-venus-with-olay-for-women-metal-handle-5-blade-x08o-01721729785.png,https://cdn.chefaa.com/filters:format(webp)/public/uploads/products/gillette-venus-with-olay-for-women-metal-handle-5-blade-x08o-01721729785.png,مميزات المنتج   جيليت | فينوس جلايد مع أولاي مقبض معدني للنساء + 2 شفرات,ماركة: جيليت
46480,مود | سائل غسيل يدوي لاتينو | 500مل,mood latino hand wash 500ml 1bo6_duWH841N,59,EGP,مود,العناية اليومية>الحماية,in stock,https://chefaa.com:443/eg-ar/nowProduct/mood-latino-hand-wash-500ml-1bo6_duWH841N,https://cdn.chefaa.com/filters:format(webp)/public/uploads/products/mood-latino-hand-wash-500ml-dwmo-01703618354.png,https://cdn.chefaa.com/filters:format(webp)/public/uploads/products/mood-latino-hand-wash-500ml-dwmo-01703618354.png,مميزات المنتج   مود | سائل غسيل يدوي لاتينو | 500مل,ماركة: مود
54213,مود | حليب جسم مرطب تاهيتى | 200مل,mood tahiti moisturizing body milk 200ml r1fq_dufIN7Lw,80,EGP,مود,العناية اليومية>العناية بالجسم و الاستحمام,in stock,https://chefaa.com:443/eg-ar/nowProduct/mood-tahiti-moisturizing-body-milk-200ml-r1fq_dufIN7Lw,https://cdn.chefaa.com/filters:format(webp)/public/uploads/products/mood-tahiti-moisturizing-body-milk-200ml-x08m-01703619575.png,https://cdn.chefaa.com/filters:format(webp)/public/uploads/products/mood-tahiti-moisturizing-body-milk-200ml-x08m-01703619575.png,مميزات المنتج   مود | حليب جسم مرطب تاهيتى | 200مل,ماركة: مود
55116,دوف | صابون بينك | 90جم,dove soap 90gm off 3ledqI9,42,EGP,دوف,العناية اليومية>,in stock,https://chefaa.com:443/eg-ar/nowProduct/dove-soap-90gm-off-3ledqI9,https://cdn.chefaa.com/filters:format(webp)/public/uploads/products/dove-soap-90gm-off-3ledqi9-01734462914.png,https://cdn.chefaa.com/filters:format(webp)/public/uploads/products/dove-soap-90gm-off-3ledqi9-01734462914.png,مميزات المنتج   دوف | صابون بينك | 90جم,ماركة: دوف
18459,فوج | ماستر سبراي بخاخ الجسم اوك للرجال | 120مل,fogg master oak deodorant body spray 120ml tquy,130,EGP,فوج,العناية اليومية>العناية الرجالية,in stock,https://chefaa.com:443/eg-ar/nowProduct/fogg-master-oak-deodorant-body-spray-120ml-tquy,https://cdn.chefaa.com/filters:format(webp)/public/uploads/products/fogg-master-oak-deodorant-body-spray-120ml-tquy-01722764769.png,https://cdn.chefaa.com/filters:format(webp)/public/uploads/products/fogg-master-oak-deodorant-body-spray-120ml-tquy-01722764769.png,مميزات المنتج   فوج | ماستر سبراي بخاخ الجسم اوك للرجال | 120مل,ماركة: فوج
45972,جونسون | كريم مركّز للوجه والجسم | 200مل,johnson concentrated cream for face and body 200ml kxu6_duLaiYe1,160,EGP,جونسون,العناية اليومية>العناية بالجسم و الاستحمام,in stock,https://chefaa.com:443/eg-ar/nowProduct/johnson-concentrated-cream-for-face-and-body-200ml-kxu6_duLaiYe1,https://cdn.chefaa.com/filters:format(webp)/public/uploads/products/johnson-concentrated-cream-for-face-and-body-200ml-jbsn-01684348376.png,https://cdn.chefaa.com/filters:format(webp)/public/uploads/products/johnson-concentrated-cream-for-face-and-body-200ml-jbsn-01684348376.png,مميزات المنتج   جونسون | كريم مركّز للوجه والجسم | 200مل,ماركة: جونسون
53457,سيكم | اعشاب للكلى | 15فلتر,sekem renal herbs envelopesEmhX,28,EGP,سيكم,العناية اليومية>الأعشاب الطبيعية و الفيتامينات,in stock,https://chefaa.com:443/eg-ar/nowProduct/sekem-renal-herbs-15-envelopesEmhX,https://cdn.chefaa.com/filters:format(webp)/public/uploads/products/sekem-renal-herbs-15-envelopesemhx-01733180250.png,https://cdn.chefaa.com/filters:format(webp)/public/uploads/products/sekem-renal-herbs-15-envelopesemhx-01733180250.png,مميزات المنتج    سيكم | اعشاب للكلى | 15فلتر,ماركة: سيكم
51716,ايفا | جل الاستحمام للعناية بالبشرة رويال ايلاند | 500مل,eva showe gel royal island mlRTcL,50,EGP,إيڤا,العناية اليومية>,in stock,https://chefaa.com:443/eg-ar/nowProduct/eva-showe-gel-royal-island-500-mlRTcL,https://cdn.chefaa.com/filters:format(webp)/public/uploads/products/eva-showe-gel-royal-island-500-mlrtcl-01733080698.png,https://cdn.chefaa.com/filters:format(webp)/public/uploads/products/eva-showe-gel-royal-island-500-mlrtcl-01733080698.png,مميزات المنتج   ايفا | جل الاستحمام للعناية بالبشرة رويال ايلاند | 500مل,ماركة: إيڤا
49477,مود | غسول اليدين تاهيتي | 500مل,mood tahiti hand wash 500ml vuwg,59,EGP,مود,العناية اليومية>الحماية,in stock,https://chefaa.com:443/eg-ar/nowProduct/mood-tahiti-hand-wash-500ml-vuwg,https://cdn.chefaa.com/filters:format(webp)/public/uploads/products/mood-tahiti-hand-wash-500ml-auaf-01729806832.png,https://cdn.chefaa.com/filters:format(webp)/public/uploads/products/mood-tahiti-hand-wash-500ml-auaf-01729806832.png,مميزات المنتج   مود | غسول اليدين تاهيتي | 500مل,ماركة: مود
45858,ايفا | بادى سبلاش سبرينج ليلى | 240مل,eva skin care senses body splash spring lilies 240ml tvyr_duNBjg54,200,EGP,إيڤا,العناية اليومية>العناية بالجسم و الاستحمام,in stock,https://chefaa.com:443/eg-ar/nowProduct/eva-skin-care-senses-body-splash-spring-lilies-240ml-tvyr_duNBjg54,https://cdn.chefaa.com/filters:format(webp)/public/uploads/products/eva-skin-care-senses-body-splash-spring-lilies-240ml-zb2m-01714289187.png,https://cdn.chefaa.com/filters:format(webp)/public/uploads/products/eva-skin-care-senses-body-splash-spring-lilies-240ml-zb2m-01714289187.png,عن هذا المنتج     ايفا | بادى سبلاش سبرينج ليلى | 240مل,ماركة: إيڤا
23211,جيليت | ماكينة ماك | 3_2+1 موس,gillette mac machine blade 8k4a,300,EGP,No Brand,العناية اليومية>العناية الرجالية,in stock,https://chefaa.com:443/eg-ar/nowProduct/gillette-mac-machine-3-21-blade-8k4a,https://cdn.chefaa.com/filters:format(webp)/public/uploads/products/gillette-mac-machine-3-21-blade-26o1-01663760738.png,https://cdn.chefaa.com/filters:format(webp)/public/uploads/products/gillette-mac-machine-3-21-blade-26o1-01663760738.png,عن هذا المنتج     جيليت | ماكينة ماك | 3_2+1 موس,raw_specs: المواصفات
20919,ديتول | صابون مغذي | 85جم,dettol nourishing soap 85gm 3swn,25,EGP,ديتول,العناية اليومية>الحماية,in stock,https://chefaa.com:443/eg-ar/nowProduct/dettol-nourishing-soap-85gm-3swn,https://cdn.chefaa.com/filters:format(webp)/public/uploads/products/dettol-nourishing-soap-85gm-3swn-01721725604.png,https://cdn.chefaa.com/filters:format(webp)/public/uploads/products/dettol-nourishing-soap-85gm-3swn-01721725604.png,عن هذا المنتج     ديتول | صابون مغذي | 85جم,ماركة: ديتول
28322,نيفيا | اسبراي ديب رجالي بالكربون الاسود بيت | 150مل,nivea spray deep black carbon beat 150ml w1vl,192,EGP,نيفيا,العناية اليومية>العناية الرجالية,in stock,https://chefaa.com:443/eg-ar/nowProduct/nivea-spray-deep-black-carbon-beat-150ml-w1vl,https://cdn.chefaa.com/filters:format(webp)/public/uploads/products/nivea-spray-deep-black-carbon-beat-150ml-oj5l-01674996915.png,https://cdn.chefaa.com/filters:format(webp)/public/uploads/products/nivea-spray-deep-black-carbon-beat-150ml-oj5l-01674996915.png,مميزات المنتج   نيفيا | اسبراي ديب رجالي بالكربون الاسود بيت | 150مل,ماركة: نيفيا
31976,كيرفرى | فوط يومية معطرة احساس القطن | 100قطعة,carefree cotton feel normal perfumed panty liners 100pcs jx8t,285,EGP,كيرفري,العناية اليومية>العناية النسائية,in stock,https://chefaa.com:443/eg-ar/nowProduct/carefree-cotton-feel-normal-perfumed-panty-liners-100pcs-jx8t,https://cdn.chefaa.com/filters:format(webp)/public/uploads/products/carefree-cotton-feel-normal-perfumed-panty-liners-100pcs-jx8t-01723660792.png,https://cdn.chefaa.com/filters:format(webp)/public/uploads/products/carefree-cotton-feel-normal-perfumed-panty-liners-100pcs-jx8t-01723660792.png,مميزات المنتج   كيرفرى | فوط يومية معطرة احساس القطن | 100قطعة,ماركة: كيرفري
31963,كامي | صابون ديناميك | 115جم,camay dynamique soap bar 120gm uhtg,20,EGP,كامى,العناية اليومية>الحماية,in stock,https://chefaa.com:443/eg-ar/nowProduct/camay-dynamique-soap-bar-120gm-uhtg,https://cdn.chefaa.com/filters:format(webp)/public/uploads/products/camay-dynamique-soap-bar-120gm-uhtg-01722225077.png,https://cdn.chefaa.com/filters:format(webp)/public/uploads/products/camay-dynamique-soap-bar-120gm-uhtg-01722225077.png,مميزات المنتج   كامي | صابون ديناميك | 115جم,ماركة: كامى
50993,كاماي | قالب صابون رومانتيك | 165جم,camay paris romantique soap gm4p9k,30,EGP,No Brand,العناية اليومية>,in stock,https://chefaa.com:443/eg-ar/nowProduct/camay-paris-romantique-soap-165-gm4p9k,https://cdn.chefaa.com/filters:format(webp)/public/uploads/products/camay-paris-romantique-soap-165-gm4p9k-01734457779.png,https://cdn.chefaa.com/filters:format(webp)/public/uploads/products/camay-paris-romantique-soap-165-gm4p9k-01734457779.png,مميزات المنتج   كاماي | قالب صابون رومانتيك | 165جم,raw_specs: المواصفات
56389,سيجنال | معجون اسنان للاطفال بالفاكهه يمنع تسوس الاسنان | 50مل,signal tooth past kids 50ml 26yfruityijwn,50,EGP,سيجنال,العناية اليومية>,in stock,https://chefaa.com:443/eg-ar/nowProduct/signal-tooth-past-kids-50ml-26yfruityijwn,https://cdn.chefaa.com/filters:format(webp)/public/uploads/products/signal-tooth-past-kids-50ml-26yfruityijwn-01734554348.png,https://cdn.chefaa.com/filters:format(webp)/public/uploads/products/signal-tooth-past-kids-50ml-26yfruityijwn-01734554348.png,مميزات المنتج   سيجنال | معجون اسنان للاطفال بالفاكهه يمنع تسوس الاسنان | 50مل,ماركة: سيجنال
50109,فوج | مزيل العرق للرجال فيزي ديو | 120 مل,fogg fine fizzy dew 120m fvcx,120,EGP,No Brand,العناية اليومية>العناية الرجالية,in stock,https://chefaa.com:443/eg-ar/nowProduct/fogg-fine-fizzy-dew-120m-fvcx,https://cdn.chefaa.com/filters:format(webp)/public/uploads/products/fogg-fine-fizzy-dew-120m-6cqs-01730806991.png,https://cdn.chefaa.com/filters:format(webp)/public/uploads/products/fogg-fine-fizzy-dew-120m-6cqs-01730806991.png,مميزات المنتج   فوج | مزيل العرق للرجال فيزي ديو | 120 مل   عن هذا المنتج     فوج  |  مزيل العرق للرجال فيزي ديو | 120 مل,raw_specs: المواصفات
20711,اكس ال | سبراي جراند للرجال | 150مل,xavier laurent grand spray for men aoio,135,EGP,اكس ال,العناية اليومية>العناية الرجالية,in stock,https://chefaa.com:443/eg-ar/nowProduct/xavier-laurent-grand-spray-for-men-150-ml-aoio,https://cdn.chefaa.com/filters:format(webp)/public/uploads/products/xavier-laurent-grand-spray-for-men-150-ml-zk5r-01655299482.png,https://cdn.chefaa.com/filters:format(webp)/public/uploads/products/xavier-laurent-grand-spray-for-men-150-ml-zk5r-01655299482.png,مميزات المنتج   اكس ال | سبراي جراند للرجال | 150مل   عن هذا المنتج     اكس ال | سبراي جراند للرجال | 150مل,ماركة: اكس ال
18451,فوج | سبراي نابليون للنساء | 120مل,fogg napoleon perfume spray 120ml ggry,132,EGP,فوج,العناية اليومية>العناية النسائية,in stock,https://chefaa.com:443/eg-ar/nowProduct/fogg-napoleon-perfume-spray-120ml-ggry,https://cdn.chefaa.com/filters:format(webp)/public/uploads/products/fogg-napoleon-perfume-spray-120ml-ggry-01738274636.png,https://cdn.chefaa.com/filters:format(webp)/public/uploads/products/fogg-napoleon-perfume-spray-120ml-ggry-01738274636.png,مميزات المنتج   فوج | سبراي نابليون للنساء | 120مل,ماركة: فوج
55309,ايفا | لوشن ريسيبي للبشرة العادية برائحة التوت | 370مل,eva recipe lotion for normal skin berries 3705Kuf,130,EGP,إيڤا,العناية اليومية>,in stock,https://chefaa.com:443/eg-ar/nowProduct/eva-recipe-lotion-for-normal-skin-berries-3705Kuf,https://cdn.chefaa.com/filters:format(webp)/public/uploads/products/eva-recipe-lotion-for-normal-skin-berries-3705kuf-01732734847.png,https://cdn.chefaa.com/filters:format(webp)/public/uploads/products/eva-recipe-lotion-for-normal-skin-berries-3705kuf-01732734847.png,مميزات المنتج   ايفا | لوشن ريسيبي للبشرة العادية برائحة التوت | 370مل,ماركة: إيڤا
55312,ايفا | لوشن ريسيبي للبشرة العادية برائحة الموكا | 370ملل,eva recipe lotion for normal skin mocha 370uQ4y,175,EGP,إيڤا,العناية اليومية>,in stock,https://chefaa.com:443/eg-ar/nowProduct/eva-recipe-lotion-for-normal-skin-mocha-370uQ4y,https://cdn.chefaa.com/filters:format(webp)/public/uploads/products/eva-recipe-lotion-for-normal-skin-mocha-370uq4y-01732733881.png,https://cdn.chefaa.com/filters:format(webp)/public/uploads/products/eva-recipe-lotion-for-normal-skin-mocha-370uq4y-01732733881.png,مميزات المنتج   ايفا | لوشن ريسيبي للبشرة العادية برائحة الموكا | 370ملل,ماركة: إيڤا
18454,فوج | ماستر سبراي بخاخ الجسم أجار للرجال | 120مل,fogg master fragrance body spray agar 120ml dcyh,130,EGP,فوج,العناية اليومية>العناية الرجالية,in stock,https://chefaa.com:443/eg-ar/nowProduct/fogg-master-fragrance-body-spray-agar-120ml-dcyh,https://cdn.chefaa.com/filters:format(webp)/public/uploads/products/fogg-master-fragrance-body-spray-agar-120ml-dcyh-01722764641.png,https://cdn.chefaa.com/filters:format(webp)/public/uploads/products/fogg-master-fragrance-body-spray-agar-120ml-dcyh-01722764641.png,مميزات المنتج   فوج | ماستر سبراي بخاخ الجسم أجار للرجال | 120مل,ماركة: فوج
960,نيفيا جل حلاقة للرجال فريش بالنعناع | 200مل,nivea men fresh cool shaving gel,280,EGP,نيفيا,العناية اليومية>العناية الرجالية,in stock,https://chefaa.com:443/eg-ar/nowProduct/nivea-men-fresh-cool-shaving-gel,https://cdn.chefaa.com/filters:format(webp)/public/uploads/products/nivea-men-fresh-cool-shaving-gel-01674911532.png,https://cdn.chefaa.com/filters:format(webp)/public/uploads/products/nivea-men-fresh-cool-shaving-gel-01674911532.png,مميزات المنتج   نيفيا جل حلاقة للرجال فريش بالنعناع | 200مل   عن هذا المنتج     ﻿ ﻿ يمنحك نيفيا جل حلاقة للرجال فريش بالنعناع | 200مل حلاقة مريحة ومنعشة  تتميز تركيبتة الغنية بخلاصة النعناع و الايزومغنيزيوم و الفيتامين بالقدرة علي توفير الانتعاش للبشرة لا يسبب اي تفاعلات جلدية يوفر حلاقة دقيقة و سلسة يحمي من الجروح والاتهابات ﻿,ماركة: نيفيا
2487,نيفيا | مزيل العرق دراي ايمبكت ستيك للرجال | 40مل,nivea men dry impact deodorant stick,250,EGP,نيفيا,العناية اليومية>العناية الرجالية,in stock,https://chefaa.com:443/eg-ar/nowProduct/nivea-men-dry-impact-deodorant-stick-40-ml,https://cdn.chefaa.com/filters:format(webp)/public/uploads/products/nivea-men-dry-impact-deodorant-stick-40-ml-01655294920.png,https://cdn.chefaa.com/filters:format(webp)/public/uploads/products/nivea-men-dry-impact-deodorant-stick-40-ml-01655294920.png,"مميزات المنتج   نيفيا | مزيل العرق دراي ايمبكت ستيك للرجال | 40مل   عن هذا المنتج     ﻿ ﻿ ﻿ ﻿ مزيل العرق من نيفيا للرجال ""دراي إمباكت بلس"". يمنحك أداء إضافي مضاد للتعرق للحصول على شعور جاف وحماية لمدة 48 ساعة من العرق ورائحة الجسم. للمرة الأولى ، طور بحث صيغة تحتوي على عامل إضافي مضاد للتعرق. يمنحك ""نظام دراي بلس الفريد حماية موثوقة 48 ساعة ضد العرق ورائحة الجسم.",ماركة: نيفيا
18132,نيفيا | ستيك مزيل عرق للرجال فريش أكتيف عطر منعش | 50مل,nivea fresh active deodorant stick bluesilver 40ml qltg,350,EGP,نيفيا,العناية اليومية>العناية الرجالية,in stock,https://chefaa.com:443/eg-ar/nowProduct/nivea-fresh-active-deodorant-stick-bluesilver-40ml-qltg,https://cdn.chefaa.com/filters:format(webp)/public/uploads/products/nivea-fresh-active-deodorant-stick-bluesilver-40ml-qltg-01708609820.png,https://cdn.chefaa.com/filters:format(webp)/public/uploads/products/nivea-fresh-active-deodorant-stick-bluesilver-40ml-qltg-01708609820.png,مميزات المنتج   نيفيا | ستيك مزيل عرق للرجال فريش أكتيف عطر منعش | 50مل   عن هذا المنتج     توفر التركيبة حماية موثوقة ضد التعرق لمدة 48 ساعة. يوفر نضارة تدوم طويلاً مع مستخلصات المحيط. بدون كحول أو ملونات. تم إثبات توافقه مع البشرة من قبل أطباء الجلدية. هو تركيبة فريدة توفر نضارة طبيعية طوال اليوم وحماية طويلة الأمد. تركيبة لطيفة مع حماية موثوقة من مضادات التعرق ومشبعة بمستخلصات المحيط ، يمنح مزيل التعرق المنعش للرجال من نيفيا بشرتك إحساسًا فوريًا بالانتعاش مع حمايتك من العرق ورائحة الجسم لمدة 48 ساعة. نيفيا للرجال ، يبدأ الأمر معك!,ماركة: نيفيا
18135,نيفيا | مزيل العرق كول كيك ستيك| 40مل,nivea cool kick deodorant stick 40ml gxt4,350,EGP,نيفيا,العناية اليومية>العناية الرجالية,in stock,https://chefaa.com:443/eg-ar/nowProduct/nivea-cool-kick-deodorant-stick-40ml-gxt4,https://cdn.chefaa.com/filters:format(webp)/public/uploads/products/nivea-cool-kick-deodorant-stick-40ml-gxt4-01655299784.png,https://cdn.chefaa.com/filters:format(webp)/public/uploads/products/nivea-cool-kick-deodorant-stick-40ml-gxt4-01655299784.png,مميزات المنتج   نيفيا | مزيل العرق كول كيك ستيك| 40مل   عن هذا المنتج       ركلة انتعاش منعشة مع تركيبة كول كير.   حماية ضد التعرق لمدة 48 ساعة مع مجمع نييا للعناية بالرجال.   تم إثبات تحمل البشرة من قبل أطباء الجلدية.   بدون كحول.   يمنحني على الفور شعورًا رائعًا بإضفاء الحيوية على النضارة بينما يحميني بشكل موثوق طوال اليوم.   تركيبة اللطيفة تنشط الجسم بشكل ممتع وتنظم النتح بشكل فعال. علاوة على ذلك ، فإن له رائحة محفزة.   نيفيا للرجال ، يبدأ الأمر معك!,ماركة: نيفيا
23302,نيفيا | رغوة حلاقة فريش بالنعناع | 200مل,nivea shaving foam 200ml qdou,260,EGP,نيفيا,العناية اليومية>العناية الرجالية,in stock,https://chefaa.com:443/eg-ar/nowProduct/nivea-shaving-foam-200ml-qdou,https://cdn.chefaa.com/filters:format(webp)/public/uploads/products/nivea-shaving-foam-200ml-qdou-01674910912.png,https://cdn.chefaa.com/filters:format(webp)/public/uploads/products/nivea-shaving-foam-200ml-qdou-01674910912.png,مميزات المنتج   نيفيا | رغوة حلاقة فريش بالنعناع | 200مل   عن هذا المنتج     نيفيا | رغوة حلاقة فريش بالنعناع | 200مل,ماركة: نيفيا
45930,نيفيا | بخاخ مزيل العرق انفيزبل بيور للرجال | 150مل 20% خصم,nivea men antiperspirant spray for men black white invisible protection original 150ml pxlh_duVRcp0E_dunPubZ8,189,EGP,نيفيا,العناية اليومية>العناية الرجالية,in stock,https://chefaa.com:443/eg-ar/nowProduct/nivea-men-antiperspirant-spray-for-men-black-white-invisible-protection-original-150ml-pxlh_duVRcp0E_dunPubZ8,https://cdn.chefaa.com/filters:format(webp)/public/uploads/products/nivea-men-antiperspirant-spray-for-men-black-white-invisible-protection-original-150ml-pxlh-duvrcp0e-01713302633.png,https://cdn.chefaa.com/filters:format(webp)/public/uploads/products/nivea-men-antiperspirant-spray-for-men-black-white-invisible-protection-original-150ml-pxlh-duvrcp0e-01713302633.png,مميزات المنتج   نيفيا | بخاخ مزيل العرق انفيزبل بيور للرجال | 150مل 20% خصم,ماركة: نيفيا
51701,يوسيرين | واقي شمسي مضاد للشيخوخة لجميع أنواع البشرة SPF50 | 50 مل,eucerin antiaging sunscreen for all skin types spf50 fragrance free0PsC,989,EGP,يوسيرين,العناية اليومية>,in stock,https://chefaa.com:443/eg-ar/nowProduct/eucerin-antiaging-sunscreen-for-all-skin-types-spf50--fragrance-free0PsC,https://cdn.chefaa.com/filters:format(webp)/public/uploads/products/eucerin-antiaging-sunscreen-for-all-skin-types-spf50-fragrance-free0psc-01735152140.png,https://cdn.chefaa.com/filters:format(webp)/public/uploads/products/eucerin-antiaging-sunscreen-for-all-skin-types-spf50-fragrance-free0psc-01735152140.png,مميزات المنتج   يوسيرين | واقي شمسي مضاد للشيخوخة لجميع أنواع البشرة SPF50 | 50 مل,ماركة: يوسيرين
48127,بودى ليشيوس | مضاد التعرق فيوليت باتشولى | 50مل,bodylicious violet patchouli antiperspirant deodorant 50ml yw0d_du8h5vKm,60,EGP,بوديليشوس,العناية اليومية>العناية بالجسم و الاستحمام,in stock,https://chefaa.com:443/eg-ar/nowProduct/bodylicious-violet-patchouli-antiperspirant-deodorant-50ml-yw0d_du8h5vKm,https://cdn.chefaa.com/filters:format(webp)/public/uploads/products/bodylicious-violet-patchouli-antiperspirant-deodorant-50ml-ixbf-01716304796.png,https://cdn.chefaa.com/filters:format(webp)/public/uploads/products/bodylicious-violet-patchouli-antiperspirant-deodorant-50ml-ixbf-01716304796.png,مميزات المنتج   بودى ليشيوس | مضاد التعرق فيوليت باتشولى | 50مل,ماركة: بوديليشوس
45745,ديير | كريم لتفتيح البشرة | 60جم,dear lightening cream 60gm oral_duR5rQKM,220,EGP,ديير,العناية اليومية>العناية بالجسم و الاستحمام,in stock,https://chefaa.com:443/eg-ar/nowProduct/dear-lightening-cream-60gm-oral_duR5rQKM,https://cdn.chefaa.com/filters:format(webp)/public/uploads/products/dear-lightening-cream-60gm-ycka-01716222326.png,https://cdn.chefaa.com/filters:format(webp)/public/uploads/products/dear-lightening-cream-60gm-ycka-01716222326.png,مميزات المنتج   ديير | كريم لتفتيح البشرة | 60جم,ماركة: ديير
21572,فريدا | سبراي معطر للجو بالمانجو والبابايا | 460مل,farida home spray air freshener spray mango papaya 460ml k8yl,70,EGP,No Brand,العناية اليومية>الحماية,in stock,https://chefaa.com:443/eg-ar/nowProduct/farida-home-spray-air-freshener-spray-mango-papaya-460ml-k8yl,https://cdn.chefaa.com/filters:format(webp)/public/uploads/products/farida-home-spray-air-freshener-spray-mango-papaya-460ml-fado-01656947868.png,https://cdn.chefaa.com/filters:format(webp)/public/uploads/products/farida-home-spray-air-freshener-spray-mango-papaya-460ml-fado-01656947868.png,مميزات المنتج   فريدا | سبراي معطر للجو بالمانجو والبابايا | 460مل,raw_specs: المواصفات
21214,ديتول | صابون ضد الجراثيم | 165جم,dettol antibacterial soap 165gm 0mfd,50,EGP,ديتول,العناية اليومية>الحماية,in stock,https://chefaa.com:443/eg-ar/nowProduct/dettol-antibacterial-soap-165gm-0mfd,https://cdn.chefaa.com/filters:format(webp)/public/uploads/products/dettol-antibacterial-soap-165gm-0mfd-01720528857.png,https://cdn.chefaa.com/filters:format(webp)/public/uploads/products/dettol-antibacterial-soap-165gm-0mfd-01720528857.png,عن هذا المنتج     ديتول | صابون ضد الجراثيم | 165جم,ماركة: ديتول
45844,كامي | رومانتيك صابونة | 115 جم,camay romantique soap bar 115gm 48wc_du9QiNgy,25,EGP,كامى,العناية اليومية>الحماية,in stock,https://chefaa.com:443/eg-ar/nowProduct/camay-romantique-soap-bar-115gm-48wc_du9QiNgy,https://cdn.chefaa.com/filters:format(webp)/public/uploads/products/camay-romantique-soap-bar-115gm-q1kb-01715519524.png,https://cdn.chefaa.com/filters:format(webp)/public/uploads/products/camay-romantique-soap-bar-115gm-q1kb-01715519524.png,عن هذا المنتج     كامي | رومانتيك صابونة | 115 جم,ماركة: كامى
46654,ريكسونا | رول شاور فريش | 20مل,rexona shower fresh roll 20ml nkmg_duj1Ju9b,42,EGP,ريكسونا,العناية اليومية>العناية بالجسم و الاستحمام,in stock,https://chefaa.com:443/eg-ar/nowProduct/rexona-shower-fresh-roll-on-20ml-nkmg_duj1Ju9b,https://cdn.chefaa.com/filters:format(webp)/public/uploads/products/rexona-shower-fresh-roll-on-20ml-jfip-01683900265.png,https://cdn.chefaa.com/filters:format(webp)/public/uploads/products/rexona-shower-fresh-roll-on-20ml-jfip-01683900265.png,مميزات المنتج   ريكسونا | رول شاور فريش | 20مل,ماركة: ريكسونا
54252,دير | رول اون للتفتيح رائحه سويت كاندى | 60مل | 1+1مجانا,dear roll sweet candy 60ml free xrk4_duANT5ER,290,EGP,ديير,العناية اليومية>العناية بالجسم و الاستحمام,in stock,https://chefaa.com:443/eg-ar/nowProduct/dear-roll-on-sweet-candy-60ml-11-free-xrk4_duANT5ER,https://cdn.chefaa.com/filters:format(webp)/public/uploads/products/dear-roll-on-sweet-candy-60ml-11-free-phuh-01716305271.png,https://cdn.chefaa.com/filters:format(webp)/public/uploads/products/dear-roll-on-sweet-candy-60ml-11-free-phuh-01716305271.png,مميزات المنتج   دير | رول اون للتفتيح رائحه سويت كاندى | 60مل | 1+1مجانا,ماركة: ديير
54662,أكس | بخاخ 72 ساعة إيميرالد ساج | 150مل,axe spray 72h emerald sage 150mlLGLl,220,EGP,اكس,العناية اليومية>العناية بالجسم و الاستحمام,in stock,https://chefaa.com:443/eg-ar/nowProduct/axe-spray-72h-emerald-sage-150mlLGLl,https://cdn.chefaa.com/filters:format(webp)/public/uploads/products/axe-spray-72h-emerald-sage-150mllgll-01734605073.png,https://cdn.chefaa.com/filters:format(webp)/public/uploads/products/axe-spray-72h-emerald-sage-150mllgll-01734605073.png,مميزات المنتج   أكس | بخاخ 72 ساعة إيميرالد ساج | 150مل,ماركة: اكس
54669,1+1 أزهي | مزيل عرق رول أون 10% فيتامين سي بيري بلس | 60مل,azha whitening rollon 60mlberry plus11offYz9y,290,EGP,أزهى,العناية اليومية>,in stock,https://chefaa.com:443/eg-ar/nowProduct/azha-whitening-rollon-60mlberry-plus11offYz9y,https://cdn.chefaa.com/filters:format(webp)/public/uploads/products/azha-whitening-rollon-60mlberry-plus11offyz9y-01734876957.png,https://cdn.chefaa.com/filters:format(webp)/public/uploads/products/azha-whitening-rollon-60mlberry-plus11offyz9y-01734876957.png,مميزات المنتج   1+1 أزهي | مزيل عرق رول أون 10% فيتامين سي بيري بلس | 60مل,ماركة: أزهى
55308,ايفا | لوشن ريسيبي للبشرة العادية برائحة الخوخ | 370مل,eva recipe lotion for dry skin peach 370ofUy,175,EGP,إيڤا,العناية اليومية>,in stock,https://chefaa.com:443/eg-ar/nowProduct/eva-recipe-lotion-for-dry-skin-peach-370ofUy,https://cdn.chefaa.com/filters:format(webp)/public/uploads/products/eva-recipe-lotion-for-dry-skin-peach-370ofuy-01732739516.png,https://cdn.chefaa.com/filters:format(webp)/public/uploads/products/eva-recipe-lotion-for-dry-skin-peach-370ofuy-01732739516.png,مميزات المنتج   ايفا | لوشن ريسيبي للبشرة العادية برائحة الخوخ | 370مل,ماركة: إيڤا
55310,ايفا | لوشن ريسيبي للبشرة العادية برائحة جوز الهند | 370مل,eva recipe lotion for normal skin cocount 370Yrvo,175,EGP,إيڤا,العناية اليومية>,in stock,https://chefaa.com:443/eg-ar/nowProduct/eva-recipe-lotion-for-normal-skin-cocount-370Yrvo,https://cdn.chefaa.com/filters:format(webp)/public/uploads/products/eva-recipe-lotion-for-normal-skin-cocount-370yrvo-01732740091.png,https://cdn.chefaa.com/filters:format(webp)/public/uploads/products/eva-recipe-lotion-for-normal-skin-cocount-370yrvo-01732740091.png,مميزات المنتج   ايفا | لوشن ريسيبي للبشرة العادية برائحة جوز الهند | 370مل,ماركة: إيڤا
55781,لوكس | صابون الجمال السحري | 115جم,lux soap magical orchid gmGuTO,30,EGP,لوكس,العناية اليومية>,in stock,https://chefaa.com:443/eg-ar/nowProduct/lux-soap-magical-orchid-115-gmGuTO,https://cdn.chefaa.com/filters:format(webp)/public/uploads/products/lux-soap-magical-orchid-115-gmguto-01734555406.png,https://cdn.chefaa.com/filters:format(webp)/public/uploads/products/lux-soap-magical-orchid-115-gmguto-01734555406.png,مميزات المنتج   لوكس | صابون الجمال السحري | 115جم,ماركة: لوكس
56677,إكس إل | بخاخ الجسم بالعود للرجال | 150 مل,oud spray 150mlG8gE,130,EGP,اكس ال,العناية اليومية>,in stock,https://chefaa.com:443/eg-ar/nowProduct/xl-oud-spray-m-150mlG8gE,https://cdn.chefaa.com/filters:format(webp)/public/uploads/products/xl-oud-spray-m-150mlg8ge-01736426971.png,https://cdn.chefaa.com/filters:format(webp)/public/uploads/products/xl-oud-spray-m-150mlg8ge-01736426971.png,مميزات المنتج   إكس إل | بخاخ الجسم بالعود للرجال | 150 مل   عن هذا المنتج     إكس إل | بخاخ الجسم بالعود للرجال | 150 مل,ماركة: اكس ال
18113,جيليت | ناسيت 2 موس | 1 قطعة واحدة,gillette nacet razor blades 4kje,13.5,EGP,جيليت,العناية اليومية>العناية الرجالية,in stock,https://chefaa.com:443/eg-ar/nowProduct/gillette-nacet-2-razor-2-blades-4kje,https://cdn.chefaa.com/filters:format(webp)/public/uploads/products/gillette-nacet-2-razor-2-blades-4kje-01723034237.png,https://cdn.chefaa.com/filters:format(webp)/public/uploads/products/gillette-nacet-2-razor-2-blades-4kje-01723034237.png,عن هذا المنتج     جيليت | ناسيت 2 موس | 1 قطعة واحدة,ماركة: جيليت
1307,فا | رول اون مضاد للعرق سوفت اند كنترول للجنسين | 50مل,soft and control antiperspirant roll for unisex,65,EGP,فا,العناية اليومية>العناية النسائية,in stock,https://chefaa.com:443/eg-ar/nowProduct/fa-soft-and-control-antiperspirant-roll-on-for-unisex,https://cdn.chefaa.com/filters:format(webp)/public/uploads/products/fa-soft-and-control-antiperspirant-roll-on-for-unisex-01721499419.png,https://cdn.chefaa.com/filters:format(webp)/public/uploads/products/fa-soft-and-control-antiperspirant-roll-on-for-unisex-01721499419.png,عن هذا المنتج     ﻿ ﻿ ﻿ 48 حماية ﻿,ماركة: فا
49153,مود | جل استحمام بولد | 750مل,mood bold shower gel 750ml 1jnv,89,EGP,No Brand,العناية اليومية>العناية بالجسم و الاستحمام,in stock,https://chefaa.com:443/eg-ar/nowProduct/mood-bold-shower-gel-750ml-1jnv,https://cdn.chefaa.com/filters:format(webp)/public/uploads/products/mood-bold-shower-gel-750ml-qxc8-01729511980.png,https://cdn.chefaa.com/filters:format(webp)/public/uploads/products/mood-bold-shower-gel-750ml-qxc8-01729511980.png,مميزات المنتج   مود | جل استحمام بولد | 750مل   عن هذا المنتج     مود | جل استحمام بولد | 750مل,raw_specs: المواصفات
21848,اكس ال | اسبراى من كزافييه لورينت للرجال | 150مل,spray deodorant for men 150ml ecce,140,EGP,اكس ال,العناية اليومية>العناية الرجالية,in stock,https://chefaa.com:443/eg-ar/nowProduct/xl-spray-deodorant-for-men-150ml-ecce,https://cdn.chefaa.com/filters:format(webp)/public/uploads/products/xl-spray-deodorant-for-men-150ml-mr2o-01658159359.png,https://cdn.chefaa.com/filters:format(webp)/public/uploads/products/xl-spray-deodorant-for-men-150ml-mr2o-01658159359.png,عن هذا المنتج     اكس ال | اسبراى من كزافييه لورينت للرجال | 150مل,ماركة: اكس ال
60169,فيبكس | مزيل العرق رول أون لونج لاستنج بلاك اند وايت للنساء | 50مل,vebix deo roll long lasting black white for women 50ml 3lxw,60,EGP,فيبكس,العناية اليومية>العناية بالجسم و الاستحمام,in stock,https://chefaa.com:443/eg-ar/nowProduct/vebix-deo-roll-on-long-lasting-black-white-for-women-50ml-3lxw,https://cdn.chefaa.com/filters:format(webp)/public/uploads/products/vebix-deo-roll-on-long-lasting-black-white-for-women-50ml-07gj-01739701637.png,https://cdn.chefaa.com/filters:format(webp)/public/uploads/products/vebix-deo-roll-on-long-lasting-black-white-for-women-50ml-07gj-01739701637.png,مميزات المنتج   فيبكس | مزيل العرق رول أون لونج لاستنج بلاك اند وايت للنساء | 50مل,ماركة: فيبكس
31880,اكس | سبراى الجسم كوكيز الجيب للرجال | 17مل,axe spray pocket cookies body spray for men 17ml mjaj,55,EGP,اكس,العناية اليومية>,in stock,https://chefaa.com:443/eg-ar/nowProduct/axe-spray-pocket-cookies-body-spray-for-men-17ml-mjaj,https://cdn.chefaa.com/filters:format(webp)/public/uploads/products/axe-spray-pocket-cookies-body-spray-for-men-17ml-quxn-01694988500.png,https://cdn.chefaa.com/filters:format(webp)/public/uploads/products/axe-spray-pocket-cookies-body-spray-for-men-17ml-quxn-01694988500.png,مميزات المنتج   اكس | سبراى الجسم كوكيز الجيب للرجال | 17مل,ماركة: اكس
51958,جيليت | برو آيسي كول مينثول للحلاقة | 200مل,gillette pro icy cool menthol shave gwl mlAQO2,350,EGP,جيليت,العناية اليومية>العناية الرجالية,in stock,https://chefaa.com:443/eg-ar/nowProduct/gillette-pro-icy-cool-menthol-shave-gwl-200-mlAQO2,https://cdn.chefaa.com/filters:format(webp)/public/uploads/products/gillette-pro-icy-cool-menthol-shave-gwl-200-mlaqo2-01734597204.png,https://cdn.chefaa.com/filters:format(webp)/public/uploads/products/gillette-pro-icy-cool-menthol-shave-gwl-200-mlaqo2-01734597204.png,مميزات المنتج   جيليت | برو آيسي كول مينثول للحلاقة | 200مل,ماركة: جيليت
1272,انليفن | ويت برو-فيتامين جيل للشعر | 500مل,enliven wet pro vitamin five hair gel large,200,EGP,انليفن,العناية اليومية>العناية الرجالية,in stock,https://chefaa.com:443/eg-ar/nowProduct/enliven-wet-pro-vitamin-b-five-hair-gel-large,https://cdn.chefaa.com/filters:format(webp)/public/uploads/products/enliven-wet-pro-vitamin-b-five-hair-gel-large-01720957045.png,https://cdn.chefaa.com/filters:format(webp)/public/uploads/products/enliven-wet-pro-vitamin-b-five-hair-gel-large-01720957045.png,عن هذا المنتج     جيل لتصفيف الشعر للرجال لمظهر مبلل و اكثر لمعانا. يمكن استخدامه مع الشعر الجاف والمبلل.,ماركة: انليفن
5490,ديتول | مناديل مبللة الانتعاش | 10 مناديل,dettol fresh skin wipes small,100,EGP,ديتول,العناية اليومية>الحماية,in stock,https://chefaa.com:443/eg-ar/nowProduct/dettol-fresh-skin-wipes-small-ph,https://cdn.chefaa.com/filters:format(webp)/public/uploads/products/dettol-fresh-skin-wipes-small-ph-01720516646.png,https://cdn.chefaa.com/filters:format(webp)/public/uploads/products/dettol-fresh-skin-wipes-small-ph-01720516646.png,عن هذا المنتج     مناديل ديتول المبللة مثالية للتنظيف الفوري لليدين والوجه والرقبة. استخدامها في المنزل أو في السيارة أو المكتب أو في عطلة.,ماركة: ديتول
32634,جيليت | ماكينة حلاقة فينوس ديلوكس بلاتينيوم ناعمة | 2 شفرة,gillette venus deluxe smooth platinum handle 2blades jgk4_duNE0WIH,770,EGP,جيليت,العناية اليومية>العناية الرجالية,in stock,https://chefaa.com:443/eg-ar/nowProduct/gillette-venus-deluxe-smooth-platinum-handle-2blades-jgk4_duNE0WIH,https://cdn.chefaa.com/filters:format(webp)/public/uploads/products/gillette-venus-deluxe-smooth-platinum-handle-2blades-jgk4-dune0wih-01723035263.png,https://cdn.chefaa.com/filters:format(webp)/public/uploads/products/gillette-venus-deluxe-smooth-platinum-handle-2blades-jgk4-dune0wih-01723035263.png,مميزات المنتج   جيليت | ماكينة حلاقة فينوس ديلوكس بلاتينيوم ناعمة | 2 شفرة,ماركة: جيليت
21078,بيوديرما | اتوديرم جل استحمام للبشرة الحساسة والاكزيما | 200مل,bioderma atoderm intensive moussant gel 200ml ldpz,699,EGP,بيودرما,العناية اليومية>العناية بالجسم و الاستحمام,in stock,https://chefaa.com:443/eg-ar/nowProduct/bioderma-atoderm-intensive-moussant-gel-200ml-ldpz,https://cdn.chefaa.com/filters:format(webp)/public/uploads/products/bioderma-atoderm-intensive-moussant-gel-200ml-ldpz-01720026826.png,https://cdn.chefaa.com/filters:format(webp)/public/uploads/products/bioderma-atoderm-intensive-moussant-gel-200ml-ldpz-01720026826.png,مميزات المنتج   بيوديرما | اتوديرم جل استحمام للبشرة الحساسة والاكزيما | 200مل,ماركة: بيودرما
20712,إكس إل | رذاذ الشوكولاتة | 150مل,chocolate body spray 150ml bv6f,130,EGP,اكس ال,العناية اليومية>العناية الرجالية,in stock,https://chefaa.com:443/eg-ar/nowProduct/chocolate-body-spray-150ml-bv6f,https://cdn.chefaa.com/filters:format(webp)/public/uploads/products/chocolate-body-spray-150ml-vj0q-01655299638.png,https://cdn.chefaa.com/filters:format(webp)/public/uploads/products/chocolate-body-spray-150ml-vj0q-01655299638.png,عن هذا المنتج     إكس إل | رذاذ الشوكولاتة | 150مل,ماركة: اكس ال
20713,اكس ال | سبراي للسيدات | 150مل,lady spray 150ml g3xt,120,EGP,اكس ال,العناية اليومية>العناية النسائية,in stock,https://chefaa.com:443/eg-ar/nowProduct/xl-lady-spray-150ml-g3xt,https://cdn.chefaa.com/filters:format(webp)/public/uploads/products/xl-lady-spray-150ml-jzdw-01655299750.png,https://cdn.chefaa.com/filters:format(webp)/public/uploads/products/xl-lady-spray-150ml-jzdw-01655299750.png,مميزات المنتج   اكس ال | سبراي للسيدات | 150مل,ماركة: اكس ال
21194,سيجنال | كومبليت بالصودا | 50جم,signal complete toothpaste baking soda 50ml flzt,45,EGP,سيجنال,العناية اليومية>العناية بالفم و الاسنان,in stock,https://chefaa.com:443/eg-ar/nowProduct/signal-complete-toothpaste-baking-soda-50ml-flzt,https://cdn.chefaa.com/filters:format(webp)/public/uploads/products/signal-complete-toothpaste-baking-soda-50ml-yhys-01656340692.png,https://cdn.chefaa.com/filters:format(webp)/public/uploads/products/signal-complete-toothpaste-baking-soda-50ml-yhys-01656340692.png,مميزات المنتج   سيجنال | كومبليت بالصودا | 50جم,ماركة: سيجنال
31881,اكس | سبراى الجسم سكيت بورد للرجال | 17مل,axe spray pocket skateboard body spray for men 17ml xp1f,55,EGP,اكس,العناية اليومية>,in stock,https://chefaa.com:443/eg-ar/nowProduct/axe-spray-pocket-skateboard-body-spray-for-men-17ml-xp1f,https://cdn.chefaa.com/filters:format(webp)/public/uploads/products/axe-spray-pocket-skateboard-body-spray-for-men-17ml-ihfc-01694988666.png,https://cdn.chefaa.com/filters:format(webp)/public/uploads/products/axe-spray-pocket-skateboard-body-spray-for-men-17ml-ihfc-01694988666.png,مميزات المنتج   اكس | سبراى الجسم سكيت بورد للرجال | 17مل,ماركة: اكس
46799,جيليت | فينوس شفرات الحلاقة كومفورت جلايد سينسيتيف للنساء | 4 قطع,gillette venus comfort glide sensitive womens razor refill cartridges pack qrdc,692,EGP,جيليت,العناية اليومية>العناية النسائية,in stock,https://chefaa.com:443/eg-ar/nowProduct/gillette-venus-comfort-glide-sensitive-womens-razor-refill-cartridges-pack-of-4-qrdc,https://cdn.chefaa.com/filters:format(webp)/public/uploads/products/gillette-venus-comfort-glide-sensitive-womens-razor-refill-cartridges-pack-of-4-ypxb-01725794472.png,https://cdn.chefaa.com/filters:format(webp)/public/uploads/products/gillette-venus-comfort-glide-sensitive-womens-razor-refill-cartridges-pack-of-4-ypxb-01725794472.png,مميزات المنتج   جيليت | فينوس شفرات الحلاقة كومفورت جلايد سينسيتيف للنساء | 4 قطع,ماركة: جيليت
48474,بالمرز | ستايلنج جل ويت لوك | 150 جم,palmers styling gel wet look 150gm y9wq_dubUu6NM,115,EGP,بالمرز,العناية اليومية>العناية الرجالية,in stock,https://chefaa.com:443/eg-ar/nowProduct/palmers-styling-gel-wet-look-150gm-y9wq_dubUu6NM,https://cdn.chefaa.com/filters:format(webp)/public/uploads/products/palmers-styling-gel-wet-look-150gm-f5vn-01724659539.png,https://cdn.chefaa.com/filters:format(webp)/public/uploads/products/palmers-styling-gel-wet-look-150gm-f5vn-01724659539.png,عن هذا المنتج     بالمرز | ستايلنج جل ويت لوك | 150 جم,ماركة: بالمرز
50041,اكس ال | بخاخ عطر للرجال | 150 مل,equity body spray for men 17h7,135,EGP,اكس ال,العناية اليومية>العناية الرجالية,in stock,https://chefaa.com:443/eg-ar/nowProduct/xl-1361-equity-body-spray-for-men-17h7,https://cdn.chefaa.com/filters:format(webp)/public/uploads/products/xl-1361-equity-body-spray-for-men-mc5w-01730721209.png,https://cdn.chefaa.com/filters:format(webp)/public/uploads/products/xl-1361-equity-body-spray-for-men-mc5w-01730721209.png,مميزات المنتج   اكس ال | بخاخ عطر للرجال | 150 مل   عن هذا المنتج     اكس ال  | بخاخ عطر للرجال | 150 مل,ماركة: اكس ال
53097,بندولين | عطر كيدز للاولاد | 100مل,penduline kids perfume years alcohol freeORWj,115,EGP,بندولين,العناية اليومية>,in stock,https://chefaa.com:443/eg-ar/nowProduct/penduline-kids-perfume-2-years--alcohol-freeORWj,https://cdn.chefaa.com/filters:format(webp)/public/uploads/products/penduline-kids-perfume-2-years-alcohol-freeorwj-01733441188.png,https://cdn.chefaa.com/filters:format(webp)/public/uploads/products/penduline-kids-perfume-2-years-alcohol-freeorwj-01733441188.png,مميزات المنتج   بندولين | عطر كيدز للاولاد | 100مل,ماركة: بندولين
54666,أزهى | سيروم + لوشن للجسم + كريم + رول أون,azha serumbodylotioncreamroll offsfre,449,EGP,No Brand,العناية اليومية>,in stock,https://chefaa.com:443/eg-ar/nowProduct/azha-serumbodylotioncreamroll-on-offsfre,https://cdn.chefaa.com/filters:format(webp)/public/uploads/products/azha-serumbodylotioncreamroll-on-offsfre-01734877546.png,https://cdn.chefaa.com/filters:format(webp)/public/uploads/products/azha-serumbodylotioncreamroll-on-offsfre-01734877546.png,مميزات المنتج   أزهى | سيروم + لوشن للجسم + كريم + رول أون   عن هذا المنتج     أزهى | سيروم + لوشن للجسم + كريم + رول أون,raw_specs: المواصفات
54917,افين | كريم سيكالفات لترطيب اليدين | 100مل,cicalfate hand 100ml aveneUlAc,649,EGP,افين,العناية اليومية>العناية بالجسم و الاستحمام,in stock,https://chefaa.com:443/eg-ar/nowProduct/cicalfate-hand-100ml-aveneUlAc,https://cdn.chefaa.com/filters:format(webp)/public/uploads/products/cicalfate-hand-100ml-aveneulac-01735202552.png,https://cdn.chefaa.com/filters:format(webp)/public/uploads/products/cicalfate-hand-100ml-aveneulac-01735202552.png,مميزات المنتج   افين | كريم سيكالفات لترطيب اليدين | 100مل,ماركة: افين
55800,ماريمر | بخاخ هايبرتونيك | 100 مل,marimer hypertonic spary 100mloSPI,325,EGP,No Brand,العناية اليومية>,in stock,https://chefaa.com:443/eg-ar/nowProduct/marimer-hypertonic-spary-100mloSPI,https://cdn.chefaa.com/filters:format(webp)/public/uploads/products/marimer-hypertonic-spary-100mlospi-01735394056.png,https://cdn.chefaa.com/filters:format(webp)/public/uploads/products/marimer-hypertonic-spary-100mlospi-01735394056.png,مميزات المنتج   ماريمر | بخاخ هايبرتونيك | 100 مل   عن هذا المنتج     ماريمر | بخاخ هايبرتونيك | 100 مل,raw_specs: المواصفات
56679,إكس إل | بخاخ عطر نسائي بخلاصة الفانيليا | 150 مل,vanilla spray 150mless7,125,EGP,اكس ال,العناية اليومية>,in stock,https://chefaa.com:443/eg-ar/nowProduct/xl-vanilla-spray-w-150mless7,https://cdn.chefaa.com/filters:format(webp)/public/uploads/products/xl-vanilla-spray-w-150mless7-01736427060.png,https://cdn.chefaa.com/filters:format(webp)/public/uploads/products/xl-vanilla-spray-w-150mless7-01736427060.png,مميزات المنتج   إكس إل | بخاخ عطر نسائي بخلاصة الفانيليا | 150 مل   عن هذا المنتج     إكس إل | بخاخ عطر نسائي بخلاصة الفانيليا | 150 مل,ماركة: اكس ال
60170,فيبيكس | ديو رول أون لونج لاستنج ديليكت للنساء | 50مل,vebix deo roll long lasting delicate touch for woman 50ml jkni,60,EGP,فيبكس,العناية اليومية>العناية بالجسم و الاستحمام,in stock,https://chefaa.com:443/eg-ar/nowProduct/vebix-deo-roll-on-long-lasting-delicate-touch-for-woman-50ml-jkni,https://cdn.chefaa.com/filters:format(webp)/public/uploads/products/vebix-deo-roll-on-long-lasting-delicate-touch-for-woman-50ml-6nnx-01739701939.png,https://cdn.chefaa.com/filters:format(webp)/public/uploads/products/vebix-deo-roll-on-long-lasting-delicate-touch-for-woman-50ml-6nnx-01739701939.png,مميزات المنتج   فيبيكس | ديو رول أون لونج لاستنج ديليكت للنساء | 50مل,ماركة: فيبكس
62520,لى كاريتيه | جل استحمام مرطب بزبدة الشيا | 500مل,karites shea butter shower gel 87z5,120,EGP,لي كاريتيه,العناية اليومية>العناية بالجسم و الاستحمام,in stock,https://chefaa.com:443/eg-ar/nowProduct/karites-shea-butter-shower-gel-500-ml-87z5,https://cdn.chefaa.com/filters:format(webp)/public/uploads/products/karites-shea-butter-shower-gel-500-ml-87z5-01755998938.png,https://cdn.chefaa.com/filters:format(webp)/public/uploads/products/karites-shea-butter-shower-gel-500-ml-87z5-01755998938.png,مميزات المنتج   لى كاريتيه | جل استحمام مرطب بزبدة الشيا | 500مل,ماركة: لي كاريتيه
