product_id,name,name_en,price,currency,brand,category,availability,url,thumbnail_image,gallery_images,description,specifications
24874,جاستن بلو | شامبو لصحة وكثافة الشعر ومضاد للقشرة | 175مل,justin blue shampoo 175ml jzsi,390,EGP,جاستن بلو,العناية بالشعر>ترطيب وعلاج الشعر,in stock,https://chefaa.com:443/eg-ar/nowProduct/justin-blue-shampoo-175ml-jzsi,https://cdn.chefaa.com/filters:format(webp)/public/uploads/products/justin-blue-shampoo-175ml-jzsi-01744116152.png,https://cdn.chefaa.com/filters:format(webp)/public/uploads/products/justin-blue-shampoo-175ml-jzsi-01744116152.png,مميزات المنتج   جاستن بلو | شامبو لصحة وكثافة الشعر ومضاد للقشرة | 175مل   عن هذا المنتج     شامبو جاستن بلو لعلاج قشرة الشعر والتخلص من الفطريات المُسببة للقشرة مع الحفاظ على نعومة وترطيب الشعر يُستخدم لـ جميع أنواع القشرة (الدهنية – الجافة)   حالات الإكزيما   التينيا الملونة المكونات سيلينيوم سالفيد بيركتون أولامين زيت الروزماري  زيت الزعتر   زيت الكاموميل   زيت العرعر  العبوة : 175 ملل الاستخدام :  في حالات القشرة  يُستخدم مرتين أسبوعيًا يتم وضع كمية مناسبة على فروة الرأس وتركها 5 دقائق، مع الغسيل الجيد للشعر بالماء   في حالات التينيا الملونة  يتم وضع كمية مناسبة على منطقة الإصابة وتركها لـ 5 دقائق ثم الغسيل الجيد للمنطقة ملحوظات: يتم رج العبوة جيدًا قبل الاستخدام,ماركة: جاستن بلو
45714,إيفـا | اوبتيموم كير ريسبي هايدريتنج بلند بلسم برائحة التوت | 350مل,eva optimum care recipe hydrating blend conditioner berries scent 350ml 8jum_duhTE1oc,125,EGP,إيڤا,العناية بالشعر>شامبو وبلسم,in stock,https://chefaa.com:443/eg-ar/nowProduct/eva-optimum-care-recipe-hydrating-blend-conditioner-berries-scent-350ml-8jum_duhTE1oc,https://cdn.chefaa.com/filters:format(webp)/public/uploads/products/eva-optimum-care-recipe-hydrating-blend-conditioner-berries-scent-350ml-tz1c-01718181307.png,https://cdn.chefaa.com/filters:format(webp)/public/uploads/products/eva-optimum-care-recipe-hydrating-blend-conditioner-berries-scent-350ml-tz1c-01718181307.png,عن هذا المنتج     يرطب الشعر ومكون من مكونات متوازنة وطبيعية مثل حمض الهيالورونيك، زيت الچوچوبا ومستخلص زهرة الكركديه الذين يعملون على الترطيب العميق للشعر وتغذيته واستعادة توازن الرطوبة للشعر الجاف برائحة التوت المنعشة. حمض الهيالورونيك ،زيت الچوچوبا ، مستخلص زهرة الكركديه - خالي من السيليكون - الپارابين - الفثالات - الملونات .,ماركة: إيڤا
45713,إيفا | اوبتيموم كير ريسبي هايدريتنج بلند شامبو برائحة التوت | 350مل,eva optimum care recipe hydrating blend conditioner berries scent 350ml 8jum_du1crEnW_dudCQvpo,125,EGP,إيڤا,العناية بالشعر>شامبو وبلسم,in stock,https://chefaa.com:443/eg-ar/nowProduct/eva-optimum-care-recipe-hydrating-blend-conditioner-berries-scent-350ml-8jum_du1crEnW_dudCQvpo,https://cdn.chefaa.com/filters:format(webp)/public/uploads/products/eva-optimum-care-recipe-hydrating-blend-conditioner-berries-scent-350ml-8jum-du1crenw-01718181691.png,https://cdn.chefaa.com/filters:format(webp)/public/uploads/products/eva-optimum-care-recipe-hydrating-blend-conditioner-berries-scent-350ml-8jum-du1crenw-01718181691.png,عن هذا المنتج     يرطب الشعر ومكون من مكونات متوازنة وطبيعية مثل حمض الهيالورونيك، زيت الچوچوبا ومستخلص زهرة الكركديه الذين يعملون على الترطيب العميق للشعر وتغذيته واستعادة توازن الرطوبة للشعر الجاف برائحة التوت المنعشة. حمض الهيالورونيك ،زيت الچوچوبا ، مستخلص زهرة الكركديه - خالي من السيليكون - الپارابين - الفثالات - الملونات .,ماركة: إيڤا
45710,إيفا | اوبتيموم كير ريسبي نوريشينج بلند بلسم برائحة جوز الهند | 350مل,eva optimum care recipe nourishing blend conditioner coconut scent 350ml aaoa_dui8O5Ig,125,EGP,إيڤا,العناية بالشعر>شامبو وبلسم,in stock,https://chefaa.com:443/eg-ar/nowProduct/eva-optimum-care-recipe-nourishing-blend-conditioner-coconut-scent-350ml-aaoa_dui8O5Ig,https://cdn.chefaa.com/filters:format(webp)/public/uploads/products/eva-optimum-care-recipe-nourishing-blend-conditioner-coconut-scent-350ml-jud1-01718184139.png,https://cdn.chefaa.com/filters:format(webp)/public/uploads/products/eva-optimum-care-recipe-nourishing-blend-conditioner-coconut-scent-350ml-jud1-01718184139.png,عن هذا المنتج     يغذي ويصلح الشعر التالف ومكون من مكونات متوازنة وطبيعية مثل زيت الأڤوكادو، زيت جوز الهند وزبدة الشيا، الذين يرطبون، يقوون ويعيدوا حيوية الشعر التالف برائحة جوز الهند المنعشة. زيت الأفوكادو ،زيت جوز الهند يغذي فروة الرأس مع إضافة لمعان للشعر. ، زبدة الشيا - خالي من السيليكون - الپارابين - الفثالات - الملونات . تجدد فروة الرأس بالڤيتامينات الأساسية ويقلل من تساقط الشعر.,ماركة: إيڤا
45709,إيفا | اوبتيموم كير ريسيبي نوريشينج بلند شامبو برائحة جوز الهند | 350مل,eva optimum care recipe nourishing blend conditioner coconut scent 350ml aaoa_duBQ7C5V_duTLxA4X,125,EGP,إيڤا,العناية بالشعر>شامبو وبلسم,in stock,https://chefaa.com:443/eg-ar/nowProduct/eva-optimum-care-recipe-nourishing-blend-conditioner-coconut-scent-350ml-aaoa_duBQ7C5V_duTLxA4X,https://cdn.chefaa.com/filters:format(webp)/public/uploads/products/eva-optimum-care-recipe-nourishing-blend-conditioner-coconut-scent-350ml-aaoa-dubq7c5v-01718184289.png,https://cdn.chefaa.com/filters:format(webp)/public/uploads/products/eva-optimum-care-recipe-nourishing-blend-conditioner-coconut-scent-350ml-aaoa-dubq7c5v-01718184289.png,عن هذا المنتج     يغذي ويصلح الشعر التالف ومكون من مكونات متوازنة وطبيعية مثل زيت الأڤوكادو، زيت جوز الهند وزبدة الشيا، الذين يرطبون، يقوون ويعيدوا حيوية الشعر التالف برائحة جوز الهند المنعشة. زيت الأفوكادو ،زيت جوز الهند يغذي فروة الرأس مع إضافة لمعان للشعر. ، زبدة الشيا - خالي من السيليكون - الپارابين - الفثالات - الملونات . تجدد فروة الرأس بالڤيتامينات الأساسية ويقلل من تساقط الشعر.,ماركة: إيڤا
45712,إيفا | اوبتيموم كير ريسبي سيلك أند شاين بلند بلسم برائحة المارشميلو | 350مل,eva optimum care recipe silk shine blend conditioner marshmallow scent 350ml 927y_duQElG7j,130,EGP,إيڤا,العناية بالشعر>شامبو وبلسم,in stock,https://chefaa.com:443/eg-ar/nowProduct/eva-optimum-care-recipe-silk-shine-blend-conditioner-marshmallow-scent-350ml-927y_duQElG7j,https://cdn.chefaa.com/filters:format(webp)/public/uploads/products/eva-optimum-care-recipe-silk-shine-blend-conditioner-marshmallow-scent-350ml-x28q-01718183692.png,https://cdn.chefaa.com/filters:format(webp)/public/uploads/products/eva-optimum-care-recipe-silk-shine-blend-conditioner-marshmallow-scent-350ml-x28q-01718183692.png,عن هذا المنتج     يعزز لمعان الشعر الطبيعي وإشراقه وغني بمكونات طبيعية ومتوازنة مثل زيت الأرغان ومستخلص البابونج ومستخلص جذر المارشميلو الذي يساعد على تعزيز اللمعان وترويض التجعد وتوفير لمسة نهائية لامعة برائحة المارشميلو السكرية - خالي من السيليكون - الپارابين - الفثالات - الملونات .,ماركة: إيڤا
45711,شامبو ايفا بالمارشميلو اوبتيموم كير ريسيبي | 350 مل,eva optimum care recipe silk shine blend conditioner marshmallow scent 350ml 927y_du6jnwer_duu1s4x3,125,EGP,إيڤا,العناية بالشعر>شامبو وبلسم,in stock,https://chefaa.com:443/eg-ar/nowProduct/eva-optimum-care-recipe-silk-shine-blend-conditioner-marshmallow-scent-350ml-927y_du6jnwer_duu1s4x3,https://cdn.chefaa.com/filters:format(webp)/public/uploads/products/eva-optimum-care-recipe-silk-shine-blend-conditioner-marshmallow-scent-350ml-927y-du6jnwer-01718183917.png,https://cdn.chefaa.com/filters:format(webp)/public/uploads/products/eva-optimum-care-recipe-silk-shine-blend-conditioner-marshmallow-scent-350ml-927y-du6jnwer-01718183917.png,مميزات المنتج   يتميز شامبو ايفا الجديد بالمارشميلو Eva optimum care shampoo بما يلي: يتميز بتركيبة غنية بالمواد الطبيعية التي تساعد على تعزيز لمعان الشعر الطبيعي وتقليل التجعد، مما يمنح الشعر مظهرًا لامعًا وصحيًا. خالٍ من السيليكون، والبارابين، والفثالات، والملونات، مما يجعله خيارًا آمنًا للاستخدام المنتظم دون القلق من تأثير هذه المواد على صحة الشعر وفروة الرأس. يمنح الشعر رائحة جميلة ومميزة. يساعد على ترطيب الشعر وتغذيته، مما يقلل الجفاف والتقصف، ويترك الشعر ناعمًا وسهل التصفيف. سعر شامبو ايفا الجديد بالمارشميلو مناسب مقارنة بفوائده العديدة للشعر.   عن هذا المنتج     مكونات شامبو ايفا الجديد اوبتيموم كير ريسيبي  يحتوي شامبو ايفا على:  زيت الأرجان (Argan Oil): يعمل على ترطيب الشعر بعمق وتقليل التجعد والتقصف، ويساعد على تعزيز نعومة الشعر ولمعانه الطبيعي.  مستخلص البابونج (Chamomile Extract): يحتوي على مضادات الأكسدة وخصائص مضادة للالتهابات التي تعزز صحة فروة الرأس.  مستخلص جذر المارشميلو (Marshmallow Root Extract): يوفر طبقة حماية للشعر ويعزز الترطيب العميق، مما يقلل من الجفاف ويجعل الشعر أكثر نعومة وسهولة في التصفيف.  حجم عبوة شامبو ايفا بالمارشميلو   يتوفر شامبو ايفا بالمارشميلو بحجم 350 مل.  يوصى باستعمال شامبو ايفا ريسبي ل   شامبو ايفا ريسبي مناسب لجميع أنواع الشعر وخاصة أصحاب الشعر الباهت والمجهد لأنه غني بالمواد الطبيعية المغذية والمرطبة للشعر، مما يعزز نعومة ولمعان الشعر ويمنحه مظهرًا صحيًا ومتجددًا.  طريقة استخدام شامبو ايفا للشعر الباهت   بللي شعرك جيدًا بالماء الفاتر.  ضعي كمية مناسبة من الشامبو على شعرك.  وزعي الشامبو على الشعر وفروة الرأس مع تدليك فروة الرأس بحركات دائرية لمدة 2-3 دقائق.  اشطفي الشعر جيدًا بالماء الفاتر.  سعر شامبو ايفا الجديد   يبلغ سعر شامبو ايفا الجديد حوالي 120 جنيه مصري (سعر المنتج قد يتغير تبعاً لتحديث سعره في الصيدليات أو حسب العروض المتاحة).  كم مرة يستخدم شامبو الشعر؟  يستخدم شامبو الشعر من مرتين إلى ثلاث مرات في الأسبوع لتنظيف الشعر والحفاظ على صحته دون إزالة الزيوت الطبيعية أو تعريضه للجفاف.  ما انواع شامبو ايفا الجديد؟  شامبو ايفا بجوز الهند.  شامبو ايفا بالتوت.  شامبو ايفا بالموكا.  شامبو ايفا بالمارشميلو.,ماركة: إيڤا
45708,إيفا | اوبتيموم كير ريسبي سترينث بوستر بلند بلسم برائحة الموكا | 350مل,eva optimum care recipe strength booster blend conditioner mocha scent 350ml gxfw_duVfsNDK,125,EGP,إيڤا,العناية بالشعر>شامبو وبلسم,in stock,https://chefaa.com:443/eg-ar/nowProduct/eva-optimum-care-recipe-strength-booster-blend-conditioner-mocha-scent-350ml-gxfw_duVfsNDK,https://cdn.chefaa.com/filters:format(webp)/public/uploads/products/eva-optimum-care-recipe-strength-booster-blend-conditioner-mocha-scent-350ml-eczi-01718184510.png,https://cdn.chefaa.com/filters:format(webp)/public/uploads/products/eva-optimum-care-recipe-strength-booster-blend-conditioner-mocha-scent-350ml-eczi-01718184510.png,عن هذا المنتج     يقوي الشعر الضعيف ومكون من مكونات متوازنة وطبيعية مثل الكافيين، زيت الروز ماري، مستخلص الجينسنغ وزيت اللوز الذين يعملون على تقوية بصيلة الشعر،  تقليل تقصف الشعر للحصول على شعر أكثر صحة وإمتلاءً برائحة الموكا المنعشة. كافيين، زيت الروز ماري ، مستخلص الجينسنغ ،زيت اللوز - خالي من السيليكون - الپارابين - الفثالات - الملونات .,ماركة: إيڤا
45707,إيفا | اوبتيموم كير ريسبي سترينث بوستر بلند شامبو برائحة الموكا | 350مل,eva optimum care recipe strength booster blend conditioner mocha scent 350ml gxfw_du0sg14E_du05TqIG,125,EGP,إيڤا,العناية بالشعر>شامبو وبلسم,in stock,https://chefaa.com:443/eg-ar/nowProduct/eva-optimum-care-recipe-strength-booster-blend-conditioner-mocha-scent-350ml-gxfw_du0sg14E_du05TqIG,https://cdn.chefaa.com/filters:format(webp)/public/uploads/products/eva-optimum-care-recipe-strength-booster-blend-conditioner-mocha-scent-350ml-gxfw-du0sg14e-01718184779.png,https://cdn.chefaa.com/filters:format(webp)/public/uploads/products/eva-optimum-care-recipe-strength-booster-blend-conditioner-mocha-scent-350ml-gxfw-du0sg14e-01718184779.png,عن هذا المنتج     يقوي الشعر الضعيف ومكون من مكونات متوازنة وطبيعية مثل الكافيين، زيت الروز ماري، مستخلص الجينسنغ وزيت اللوز الذين يعملون على تقوية بصيلة الشعر،  تقليل تقصف الشعر للحصول على شعر أكثر صحة وإمتلاءً برائحة الموكا المنعشة. كافيين، زيت الروز ماري ، مستخلص الجينسنغ ،زيت اللوز - خالي من السيليكون - الپارابين - الفثالات - الملونات .,ماركة: إيڤا
46629,ديرما اكتيف | تريكو اكت لوشن تساقط | 120مل,dermactive tricho act anti hair loss lotion concentrate 120ml mslr_dufoVKBV,299,EGP,ديرما اكتيف,العناية بالشعر>ترطيب وعلاج الشعر,in stock,https://chefaa.com:443/eg-ar/nowProduct/dermactive-tricho-act-anti-hair-loss-lotion-concentrate-120ml-mslr_dufoVKBV,https://cdn.chefaa.com/filters:format(webp)/public/uploads/products/dermactive-tricho-act-anti-hair-loss-lotion-concentrate-120ml-gzgl-01708426050.png,https://cdn.chefaa.com/filters:format(webp)/public/uploads/products/dermactive-tricho-act-anti-hair-loss-lotion-concentrate-120ml-gzgl-01708426050.png,مميزات المنتج   ديرما اكتيف | تريكو اكت لوشن تساقط | 120مل   عن هذا المنتج     لوشن علاجي لمحاربة تساقط الشعر وتحفيز نموه ، مناسب لكل انواع الشعر حتى فروة الرأس الحساسة.  يعمل اللوشن على ابطاء معدل التساقط ، يحفز النمو الطبيعي للشعر من خلال تقوية البصيلات وتعزيز انبات الشعر مرة اخرى.  كما يساعد على استعادة كثافة وقوة الشعر - تركيبة فريدة لا تسبب ملمس دهني مزعج ، مناسب للاستخدام اليومي - سهل الاستخدام.,ماركة: ديرما اكتيف
46630,ديرما اكتيف | تريكو اكت هير ماسك | 150مل,dermactive tricho act hair repairing mask 150ml 71pi_du1oKuxe,199,EGP,ديرما اكتيف,العناية بالشعر>ترطيب وعلاج الشعر,in stock,https://chefaa.com:443/eg-ar/nowProduct/dermactive-tricho-act-hair-repairing-mask-150ml-71pi_du1oKuxe,https://cdn.chefaa.com/filters:format(webp)/public/uploads/products/dermactive-tricho-act-hair-repairing-mask-150ml-wuc8-01708426429.png,https://cdn.chefaa.com/filters:format(webp)/public/uploads/products/dermactive-tricho-act-hair-repairing-mask-150ml-wuc8-01708426429.png,مميزات المنتج   ديرما اكتيف | تريكو اكت هير ماسك | 150مل   عن هذا المنتج     قناع إصلاح الشعر لجميع أنواع الشعر ، يعمل هذا الماسك على تنشيط الشعر الباهت والجاف والمتقصف.  يساعد على إصلاح تقصف الأطراف. انها يغذي ويرطب ويقوي ألياف الشعر ويعزز لمعانه وتحسين تصفيف الشعر.,ماركة: ديرما اكتيف
46370,سيلينجينا | شامبو ضد القشرة | 220مل,selengena shampoo 120ml hglu_duDDxrSW_due2Utxn,165,EGP,سيلينجينا,العناية بالشعر>شامبو وبلسم,in stock,https://chefaa.com:443/eg-ar/nowProduct/selengena-shampoo-120ml-hglu_duDDxrSW_due2Utxn,https://cdn.chefaa.com/filters:format(webp)/public/uploads/products/selengena-shampoo-120ml-hglu-duddxrsw-01701179508.png,https://cdn.chefaa.com/filters:format(webp)/public/uploads/products/selengena-shampoo-120ml-hglu-duddxrsw-01701179508.png,"مميزات المنتج   سيلينجينا | شامبو ضد القشرة | 120مل   عن هذا المنتج     مكونات شامبو سيلينجينا  كبريتيد السيلينيوم 1٪ : وهو عامل مضاد للعدوى ، يخفف من الحكة وتقشر فروة الرأس ويزيل القشرة. فوائد شامبو سيلينجينا  تركيبة مرطبة غنية  تحمي الشعر وتعالج فروة الرأس من القشرة طريقة استعمال شامبو سيلينجينا رج العبوة جيدًا قم بتدليك 1 إلى 2 ملعقة صغيرة (5 إلى 10 مل) من الشامبو على الشعر الرطب اترك الشامبو على فروة رأسك لمدة 2 إلى 3 دقائق اغسل شعرك واشطفه جيدًا ""عادةً يُستخدم الشامبو مرتين في الأسبوع في أول أسبوعين من الاستخدام ثم مرة واحدة أسبوعياً لمدة أسبوعين إلى أربعة أسابيع "" قبل استخدام الشامبو أخبر طبيبك والصيدلي  إذا كان لديك حساسية من كبريتيد السيلينيوم أو أي أدوية أخرى. عن الأدوية والفيتامينات التي تتناولها  إذا كنتِ حاملاً ، أو تخططين للحمل ، أو ترضعين طفلك رضاعة طبيعية. حجم شامبو سيلينجينا للقشرة يتوافر سيلينجينا شامبو للقشرة بحجم 120 مل سعر selengena shampoo يبلغ سعر شامبو سيلينجينا حوالي 110 جنيه مصرى "" قد يتغير السعر من مكان لآخر ومن وقت لآخر "" ما هى أضرار شامبو سيلينجينا ؟ قد يسبب الشامبو بعض الأعراض الجانبية لدى بعض الأشخاص وليس الجميع مثل تهيج الجلد ، تغير لون الشعر ، زيادة الإفرازات الدهنية و جفاف الشعر وفروة الرأس. كيف تختار شامبو القشرة المناسب لك ؟ ابحث عن الشامبو الذي يحتوي على أحد هذه المكونات التى تساعد فى القضاء على القشرة بشكل فعال ومنها : بيريثيون الزنك حمض الصفصاف كبريتيد السيلينيوم الكيتوكونازول قطران الفحم ما أفضل شامبو للقشرة ؟  سيلينو كير شامبو ضد القشرة شامبو نيزورال شامبو لعلاج القشرة نيزابكس شامبو للقشرة طبي شامبو فيشي ديركوس للقشرة شامبو نيتروجينا تي جل ما أفضل شامبو للقشرة للأطفال ؟ شامبو نيزورال nizoral للأطفال أكبر من 12 سنة شامبو سيباميد sebamed للأطفال شامبو موستيلا mustela للأطفال حديثي الولادة ما هو أفضل علاج لقشرة الرأس الشديدة؟ الخطوة الأولى للعلاج هى استخدام شامبو للقشرة يحتوي على الزنك أو السيلينيوم أو الكيتوكونازول ويجب ترك الشامبو على فروة الرأس لمدة خمس دقائق قبل الشطف. وإذا لم تنجح هذه العلاجات ، فأنت بحاجة إلى أدوية قوية بوصفة طبية مثل الكورتيكوستيرويدات الموضعية ( مثل فلوسينولون ) وتُستخدم لمدة أسبوعين لتهدئة الاحمرار والالتهاب والحكة أو تاكروليموس أو بيميكروليموس التي تساعد على منع الاستجابة المناعية ما هو الزيت الأفضل لقشرة الرأس؟ أفضل زيت لقشرة الرأس هو زيت جوز الهند ، ويتم وضعه مباشرة على فروة الرأس وباقي الشعر ثم يتم تركه لبضع دقائق للتأكد من اختراق الزيت لبصيلات الشعر، ثم يتم شطفه جيدًا. هل القشرة هى فطريات ؟ السبب الرئيسي لقشرة الرأس هو التهاب فروة الرأس الدهني ، وهي حالة تجعل فروة الرأس دهنية وحمراء ومتقشرة وأيضاً قد يسبب قشرة الرأس نوع من الفطريات التي تعيش عادة على فروة الرأس. هل القشرة تؤدي إلى تساقط الشعر ؟ القشرة قد تؤدي إلى الحكة والحرقة الشديدة قد تؤذي بصيلات الشعر مما قد يؤدى إلى تساقط الشعر هل قشرة الشعر معدية ؟ قشرة الشعر غير معدية هل قشرة الرأس تسبب القمل ؟ قشرة الشعر لا تسبب الإصابة بالقمل هل يجب أن أغسل شعري كل يوم إذا كان لدي قشرة ؟ عادة ، يُحذر أطباء الجلد من غسل الشعر بالشامبو كل يوم ، لأن ذلك سيزيل الزيوت الطبيعية المرطبة لفروة الشعر مما قد يسبب تهيجًا ، لذا فالأفضل غسل الشعر مرتين إلى ٣ مرات يومياً",ماركة: سيلينجينا
46379,لوريال | بلسم إلفيف هيالورون مويستشر 72 ساعة | 360مل,loreal elvive hyaluron moisture 72h moisture sealing conditioner with hyaluronic acid 360ml k9xo_du7svvro,195,EGP,لوريال باريس,العناية بالشعر>شامبو وبلسم,in stock,https://chefaa.com:443/eg-ar/nowProduct/loreal-elvive-hyaluron-moisture-72h-moisture-sealing-conditioner-with-hyaluronic-acid-360ml-k9xo_du7svvro,https://cdn.chefaa.com/filters:format(webp)/public/uploads/products/loreal-elvive-hyaluron-moisture-72h-moisture-sealing-conditioner-with-hyaluronic-acid-360ml-sehr-01701259962.png,https://cdn.chefaa.com/filters:format(webp)/public/uploads/products/loreal-elvive-hyaluron-moisture-72h-moisture-sealing-conditioner-with-hyaluronic-acid-360ml-sehr-01701259962.png,مميزات المنتج   لوريال | بلسم إلفيف هيالورون مويستشر 72 ساعة | 360مل,ماركة: لوريال باريس
32347,لوريال | الفيف إكستروردنري اويل زيت المغذي | 300مل,loreal elvive nourishing extraordinary oil mask 300ml kvgh,411,EGP,لوريال باريس,العناية بالشعر>ترطيب وعلاج الشعر,in stock,https://chefaa.com:443/eg-ar/nowProduct/loreal-elvive-nourishing-extraordinary-oil-mask-300ml-kvgh,https://cdn.chefaa.com/filters:format(webp)/public/uploads/products/loreal-elvive-nourishing-extraordinary-oil-mask-300ml-wa68-01697204615.png,https://cdn.chefaa.com/filters:format(webp)/public/uploads/products/loreal-elvive-nourishing-extraordinary-oil-mask-300ml-wa68-01697204615.png,مميزات المنتج   لوريال | الفيف إكستروردنري اويل زيت المغذي | 300مل,ماركة: لوريال باريس
21290,لوريال | صبغة شعر اكسلنس مع شامبو بنفسجي وماسك للشعر - 7.12 اشقر لؤلؤي بارد,excellence hair color ash supreme pearl blonde llgp,327,EGP,لوريال باريس,العناية بالشعر>,in stock,https://chefaa.com:443/eg-ar/nowProduct/excellence-hair-color-ash-supreme-pearl-blonde-712-llgp,https://cdn.chefaa.com/filters:format(webp)/public/uploads/products/excellence-hair-color-ash-supreme-pearl-blonde-712-xtkc-01656439532.png,https://cdn.chefaa.com/filters:format(webp)/public/uploads/products/excellence-hair-color-ash-supreme-pearl-blonde-712-xtkc-01656439532.png,مميزات المنتج   لوريال | صبغة شعر اكسلنس مع شامبو بنفسجي وماسك للشعر - 7.12 اشقر لؤلؤي بارد,ماركة: لوريال باريس
21316,صبغة لوريال اكسلانس آش سوبريم | 8.12 أشقر لؤلؤي رمادى فاتح,loreal excellence crm ash supreme light blond imad,320,EGP,لوريال باريس,العناية بالشعر>,in stock,https://chefaa.com:443/eg-ar/nowProduct/loreal-excellence-crm-8-12-ash-supreme-light-blond-2-imad,https://cdn.chefaa.com/filters:format(webp)/public/uploads/products/loreal-excellence-crm-8-12-ash-supreme-light-blond-2-vk68-01656446304.png,https://cdn.chefaa.com/filters:format(webp)/public/uploads/products/loreal-excellence-crm-8-12-ash-supreme-light-blond-2-vk68-01656446304.png,مميزات المنتج   تتميز صبغة لوريال اكسلانس بما يلي: أحد أشهر العلامات التجارية في صبغ الشعر. توفر تغطية للشيب بنسبة 100%. تكسب الشعر ألواناً لامعة وزاهية. لا تسبب تلف الشعر وتدوم لفترة طويلة. يتوفر منها درجات عديدة تناسب ألوان الشعر المختلفة. سعر صبغة لوريال اكسلانس مناسب مقارنة بفوائدها للشعر.   عن هذا المنتج     مم تتكون صبغة لوريال اكسلانس   تحتوي عبوة لوريال صبغة على:  سيروم حماية للشعر.  كريم تلوين.  شامبو.  ماسك حماية للشعر بعد الصبغة.  حجم Loreal excellence  تتوفر Loreal excellence بحجم 250 مل.  سعر صبغة لوريال اكسلانس   يتراوح سعر صبغة لوريال اكسلانس ما بين 180 إلى 194 جنيه مصري.  يوصى باستعمال صبغة لوريال اكسلانس ل  لوريال اكسلانس صبغة مناسبة لمن يريدون الحصول على لون شعر مختلف وجذاب بدون حدوث تلف أو ضرر للشعر، فهي تمنح شعرك مظهرًا أكثر جاذبية ولمعانًا.,ماركة: لوريال باريس
49535,لوريال | صبغة الشعر الدائمة بروديجي 2.1 أسود رمادي,loreal prodigy permanent oil hair color ash black sk7e,430,EGP,لوريال باريس,العناية بالشعر>,in stock,https://chefaa.com:443/eg-ar/nowProduct/loreal-prodigy-permanent-oil-hair-color-21-ash-black-sk7e,https://cdn.chefaa.com/filters:format(webp)/public/uploads/products/loreal-prodigy-permanent-oil-hair-color-21-ash-black-cqf4-01730031500.png,https://cdn.chefaa.com/filters:format(webp)/public/uploads/products/loreal-prodigy-permanent-oil-hair-color-21-ash-black-cqf4-01730031500.png,مميزات المنتج   لوريال | صبغة الشعر الدائمة بروديجي 2.1 أسود رمادي,ماركة: لوريال باريس
57007,لوريال الفيف | بيور هيالورون شامبو للشعر الدهني | 200مل,lor%C3%A9al elvive hyaluron pure purifying shampoo for oily hair 200ml bmba,125,EGP,لوريال باريس,العناية بالشعر>شامبو وبلسم,in stock,https://chefaa.com:443/eg-ar/nowProduct/lor%C3%A9al-elvive-hyaluron-pure-purifying-shampoo-for-oily-hair-200ml-bmba,https://cdn.chefaa.com/filters:format(webp)/public/uploads/products/loréal-elvive-hyaluron-pure-purifying-shampoo-for-oily-hair-200ml-ldya-01734855597.png,https://cdn.chefaa.com/filters:format(webp)/public/uploads/products/loréal-elvive-hyaluron-pure-purifying-shampoo-for-oily-hair-200ml-ldya-01734855597.png,مميزات المنتج   لوريال الفيف | بيور هيالورون شامبو للشعر الدهني | 200مل,ماركة: لوريال باريس
29302,لوريال باريس | صبغة كريم لشعر لامع وبراق 513 بني فاتح رمادي,loreal paris casting cr%C3%A8me gloss ashy nude brown htdi,460,EGP,لوريال باريس,العناية بالشعر>صبغات الشعر,in stock,https://chefaa.com:443/eg-ar/nowProduct/loreal-paris-casting-cr%C3%A8me-gloss-513-ashy-nude-brown-htdi,https://cdn.chefaa.com/filters:format(webp)/public/uploads/products/loreal-paris-casting-crème-gloss-513-ashy-nude-brown-xqd1-01682711122.png,https://cdn.chefaa.com/filters:format(webp)/public/uploads/products/loreal-paris-casting-crème-gloss-513-ashy-nude-brown-xqd1-01682711122.png,مميزات المنتج   لوريال باريس | صبغة كريم لشعر لامع وبراق 513 بني فاتح رمادي,ماركة: لوريال باريس
1567,لوريال باريس | صبغة لوريال باريس كاستينج كريم اللامعة | 300 كستنائي غامق,casting creme gloss hair color darkest brown,460,EGP,لوريال باريس,العناية بالشعر>صبغات الشعر,in stock,https://chefaa.com:443/eg-ar/nowProduct/casting-creme-gloss-hair-color-300-darkest-brown,https://cdn.chefaa.com/filters:format(webp)/public/uploads/products/1588149391casting-creme-gloss-hair-color-300-darkest-brown.jpg,https://cdn.chefaa.com/filters:format(webp)/public/uploads/products/1588149391casting-creme-gloss-hair-color-300-darkest-brown.jpg,"مميزات المنتج   لوريال باريس | صبغة لوريال باريس كاستينج كريم اللامعة | 300 كستنائي غامق   عن هذا المنتج     ﻿ صبغة لوريال كاستينج تمنح شعرك لون طبيعي 100% ليستمر حتى 28 مرة من غسل الشعر ، تتميز  بأنها لا تحتوى على الأمونيا وبالتالى لا تسبب ضرر للشعر كما يتوافر منها العديد من الألوان المختلفة لتناسب جميع الأذواق      صبغة لوريال باريس l'oreal casting creme gloss :     تمنح شعرك لون واضح ولامع   لا تحتوى على الأمونيا   تحتوي على مواد مرطبة ومغذية للشعر مثل العسل الطبيعي وزيت جوز الهند   تناسب الشعر المعالج كيميائياً أو المفرود بالبروتين   لا تسبب تساقط الشعر   تتميز بألوان عديدة لتناسب جميع الأذواق   تتميز بثبات لونها لفترة طويلة على الشعر   تتميز بسهولة الاستخدام   لا تسبب حساسية أو تهيج فروة الرأس          محتويات عبوة صبغة لوريال بدون امونيا :     معجون الصبغة.   الكريم المظهر للصبغة.   قفازات.   بلسم العناية بالشعر   ورقة التعليمات وطريقة الاستخدام.          طريقة استخدام صبغة لوريال كاستينج بدون امونيا :     اغسلى شعرك قبل وضع الصبغة بحوالى 24 إلى 48 ساعة  (  تجنبي استخدام البلسم عند غسل شعرك )   غطى أي سطح حولك وضعى الجرائد على الأرض لحمايتها من أى لون قد ينسكب عليها   ضعى منشفة حول كتفيك   مشطى شعرك جيدًا وتأكد من عدم وجود تشابك في شعرك.   استخدمي مشطًا لفصل شعرك إلى أجزاء صغيرة   كلما كان شعرك أكثر سمكًا ، كلما كان عليك تقسيمه لأجزاء أصغر حتى تتمكن الصبغة من إشباع الشعر بالكامل.   ضعى فازلين أو مرطب على أذنيك ورقبتك، هذه الخطوة اختيارية لكنها ستجعل من السهل إزالة أي صبغة تلامس بشرتك.   ارتدِ قفازاتك   استخدمي فرشاه لتوزيع الصبغه على كل جزء شعرك   ضعي الصبغة على شعرك جيدًا   ضعى بونيه بلاستيك أو كيس بلاستيك على شعرك   قومي بإزالة أجزاء الصبغة التي تطايرت على بشرتك   اتركي الصبغة على الشعر واتبعى التعليمات الموجودة على العلبة فلا تغسل الصبغة قبل الحد الأدنى من الوقت أو تترك الصبغة بعد الوقت.   اشطفي شعرك جيدا بالماء الدافئ  ( اشطفي شعرك حتى يصبح الماء نظيفًا  دون لون )   انتظري ساعة على الأقل قبل غسل شعرك بالشامبو   جففى شعرك وقومى بتصفيفه كالمعتاد        سعر صبغة لوريال بدون امونيا :  تتراوح أسعار صبغة لوريال بدون امونيا  من 100 إلى  130 جنيه مصرى  "" قد يتغير السعر من مكان لآخر ومن وقت لآخر ""      حجم صبغة لوريال بدون امونيا للشيب :  تتوافر صبغة شعر لوريال بدون امونيا بحجم 220 جم      الوان صبغة لوريال باريس كاستينج بدون امونيا :  تتوافر لوريال صبغة شعر بدون امونيا بعدة ألوان وهي       درجات اللون الأسود من صبغة لوريال باريس بدون امونيا :      أسود غامق جداً   أسود عميق   أسود عرق سوس   أسود أزرق   أسود أحمر          درجات اللون البني ( الكستنائي  ) من صبغة لوريال بدون امونيا :     بني   بني فاتح   بني فاتح رمادي   بني متوسط   كستنائي غامق    كستنائي غامق جدا   شوكولاته غامق    شوكولاتة   موكا   كاكاو   كاراميل        درجات اللون الأحمر :     أحمر كرز   أحمر توت   أحمر عميق   ماهوجني        درجات اللون الأشقر :     أشقر   أشقر فاتح   أشقر فاتح ذهبي   أشقر داكن   عسلي فاتح   عسلي غامق   لاتيه مثلج   صبغة لوريال بدون امونيا اشقر رمادي فاتح        أنواع صبغات الشعر :         صبغة الشعر المؤقتة :   ليس الجميع مستعدًا للحفاظ على لون شعره لفترة طويلة. وهنا يأتي دور صبغة الشعر المؤقتة .   صبغة الشعر المؤقتة تغطي فقط الجزء الخارجي من الشعر ، لذلك لا تظل لفترة طويلة.      صبغة الشعر شبه الدائمة :  إذا كنت تريد الحفاظ على لون شعرك أكثر قليلاً ، فإن صبغة الشعر شبه الدائمة ستفي بالغرض.  عادة لا تحتوي على الأمونيا ويدوم اللون حتى 8 غسلات للشعر ولهذه الأسباب يمكن أن تكون الصبغة شبه الدائمة خيارًا رائعًا لتغطية الشعر في المنزل      صبغة الشعر الدائمة :  إذا كنت تريد الاحتفاظ بلون شعر واحد لفترة من الوقت ، فربما تكون صبغة الشعر الدائمة هي الخيار المناسب لك. تتطلب هذه الصبغة معالجة كيميائية أكثر تعقيدًا وتخترق شعرك بعمق أكبر وهذا يعني أن لون الشعر يمكن أن يستمر لأسابيع    يمكن استخدام صبغة الشعر الدائمة للمساعدة في تفتيح أو تغميق أو تخفيف لون شعرك ويمكن أن تساعد في توفير تغطية عالية للشعر الرمادي.      صبغة شعر الحناء  قد تكون الحناء خيارًا جيدًا إذا كنت قد عانيت سابقًا من حساسية عند صبغ شعرك ،وقد تكون الحناء مفيدة أيضًا لمن يعانون من قشرة الرأس. ﻿ ﻿ ﻿",ماركة: لوريال باريس
1574,لوريال باريس | صبغة شعر بدون امونيا كاستينج كريم اللامعة | 550 ماهوجني,casting creme gloss hair color mahogany,460,EGP,لوريال باريس,العناية بالشعر>,in stock,https://chefaa.com:443/eg-ar/nowProduct/casting-creme-gloss-hair-color-550-mahogany,https://cdn.chefaa.com/filters:format(webp)/public/uploads/products/1588151655casting-creme-gloss-hair-color-550-mahogany.jpeg,https://cdn.chefaa.com/filters:format(webp)/public/uploads/products/1588151655casting-creme-gloss-hair-color-550-mahogany.jpeg,"مميزات المنتج   لوريال باريس | صبغة شعر بدون امونيا كاستينج كريم اللامعة | 550 ماهوجني   عن هذا المنتج       ﻿ صبغة لوريال كاستينج تمنح شعرك لون طبيعي 100% ليستمر حتى 28 مرة من غسل الشعر ، تتميز  بأنها لا تحتوى على الأمونيا وبالتالى لا تسبب ضرر للشعر كما يتوافر منها العديد من الألوان المختلفة لتناسب جميع الأذواق      صبغة شعر لوريال كاستينج ماهوجني رقم 550 :  تتميز باختراقها للشعر بعمق لتغطية كل أجزاء الشعر بفاعلية لتمنح شعرك اللون الماهوجني كما يستمر لون الصبغة لمدة طويلة.    صبغة لوريال باريس l'oreal casting creme gloss :     تمنح شعرك لون واضح ولامع   لا تحتوى على الأمونيا   تحتوي على مواد مرطبة ومغذية للشعر مثل العسل الطبيعي وزيت جوز الهند   تناسب الشعر المعالج كيميائياً أو المفرود بالبروتين   لا تسبب تساقط الشعر   تتميز بألوان عديدة لتناسب جميع الأذواق   تتميز بثبات لونها لفترة طويلة على الشعر   تتميز بسهولة الاستخدام   لا تسبب حساسية أو تهيج فروة الرأس          محتويات عبوة صبغة لوريال بدون امونيا :     معجون الصبغة.   الكريم المظهر للصبغة.   قفازات.   بلسم العناية بالشعر   ورقة التعليمات وطريقة الاستخدام.          طريقة استخدام صبغة لوريال كاستينج بدون امونيا :     اغسلى شعرك قبل وضع الصبغة بحوالى 24 إلى 48 ساعة  (  تجنبي استخدام البلسم عند غسل شعرك )   غطى أي سطح حولك وضعى الجرائد على الأرض لحمايتها من أى لون قد ينسكب عليها   ضعى منشفة حول كتفيك   مشطى شعرك جيدًا وتأكد من عدم وجود تشابك في شعرك.   استخدمي مشطًا لفصل شعرك إلى أجزاء صغيرة   كلما كان شعرك أكثر سمكًا ، كلما كان عليك تقسيمه لأجزاء أصغر حتى تتمكن الصبغة من إشباع الشعر بالكامل.   ضعى فازلين أو مرطب على أذنيك ورقبتك، هذه الخطوة اختيارية لكنها ستجعل من السهل إزالة أي صبغة تلامس بشرتك.   ارتدِ قفازاتك   استخدمي فرشاه لتوزيع الصبغه على كل جزء شعرك   ضعي الصبغة على شعرك جيدًا   ضعى بونيه بلاستيك أو كيس بلاستيك على شعرك   قومي بإزالة أجزاء الصبغة التي تطايرت على بشرتك   اتركي الصبغة على الشعر واتبعى التعليمات الموجودة على العلبة فلا تغسل الصبغة قبل الحد الأدنى من الوقت أو تترك الصبغة بعد الوقت.   اشطفي شعرك جيدا بالماء الدافئ  ( اشطفي شعرك حتى يصبح الماء نظيفًا  دون لون )   انتظري ساعة على الأقل قبل غسل شعرك بالشامبو   جففى شعرك وقومى بتصفيفه كالمعتاد        سعر صبغة لوريال بدون امونيا :  تتراوح أسعار صبغة لوريال بدون امونيا  من 100 إلى  180 جنيه مصرى  "" قد يتغير السعر من مكان لآخر ومن وقت لآخر ""      حجم صبغة لوريال بدون امونيا للشيب :  تتوافر صبغة شعر لوريال بدون امونيا بحجم 220 جم      الوان صبغة لوريال باريس كاستينج بدون امونيا :  تتوافر لوريال صبغة شعر بدون امونيا بعدة ألوان وهي       درجات اللون الأسود من صبغة لوريال باريس بدون امونيا :      أسود غامق جداً   أسود عميق   أسود عرق سوس   أسود أزرق   أسود أحمر          درجات اللون البني ( الكستنائي  ) من صبغة لوريال بدون امونيا :     بني   بني فاتح   بني فاتح رمادي   بني متوسط   كستنائي غامق    كستنائي غامق جدا   شوكولاته غامق    شوكولاتة   موكا   كاكاو   كاراميل        درجات اللون الأحمر :     أحمر كرز   أحمر توت   أحمر عميق   ماهوجني        درجات اللون الأشقر :     أشقر   أشقر فاتح   أشقر فاتح ذهبي   أشقر داكن   عسلي فاتح   عسلي غامق   لاتيه مثلج   صبغة لوريال بدون امونيا اشقر رمادي فاتح        أنواع صبغات الشعر :         صبغة الشعر المؤقتة :   ليس الجميع مستعدًا للحفاظ على لون شعره لفترة طويلة. وهنا يأتي دور صبغة الشعر المؤقتة .   صبغة الشعر المؤقتة تغطي فقط الجزء الخارجي من الشعر ، لذلك لا تظل لفترة طويلة.      صبغة الشعر شبه الدائمة :  إذا كنت تريد الحفاظ على لون شعرك أكثر قليلاً ، فإن صبغة الشعر شبه الدائمة ستفي بالغرض.  عادة لا تحتوي على الأمونيا ويدوم اللون حتى 8 غسلات للشعر ولهذه الأسباب يمكن أن تكون الصبغة شبه الدائمة خيارًا رائعًا لتغطية الشعر في المنزل      صبغة الشعر الدائمة :  إذا كنت تريد الاحتفاظ بلون شعر واحد لفترة من الوقت ، فربما تكون صبغة الشعر الدائمة هي الخيار المناسب لك. تتطلب هذه الصبغة معالجة كيميائية أكثر تعقيدًا وتخترق شعرك بعمق أكبر وهذا يعني أن لون الشعر يمكن أن يستمر لأسابيع    يمكن استخدام صبغة الشعر الدائمة للمساعدة في تفتيح أو تغميق أو تخفيف لون شعرك ويمكن أن تساعد في توفير تغطية عالية للشعر الرمادي.      صبغة شعر الحناء  قد تكون الحناء خيارًا جيدًا إذا كنت قد عانيت سابقًا من حساسية عند صبغ شعرك ،وقد تكون الحناء مفيدة أيضًا لمن يعانون من قشرة الرأس. ﻿ ﻿ ﻿",ماركة: لوريال باريس
1489,لوريال باريس | كريم الشعر الفيف طول الأحلام منقذ لأطراف الشعر الطويل | 200مل,elvive dream long haircut cream for weakened long hair 200ml,234,EGP,لوريال باريس,العناية بالشعر>ترطيب وعلاج الشعر,in stock,https://chefaa.com:443/eg-ar/nowProduct/elvive-dream-long-no-haircut-cream-for-weakened-long-hair-200ml,https://cdn.chefaa.com/filters:format(webp)/public/uploads/products/1616924967كريم-الشعر-الفيف-طول-الاحلام-منقذ-لاطراف-الشعر-الطويل-200-ملjpg,https://cdn.chefaa.com/filters:format(webp)/public/uploads/products/1616924967كريم-الشعر-الفيف-طول-الاحلام-منقذ-لاطراف-الشعر-الطويل-200-ملjpg,مميزات المنتج   لوريال باريس | كريم الشعر الفيف طول الأحلام منقذ لأطراف الشعر الطويل | 200مل   عن هذا المنتج     تركيبتنا الكريمية القوية والمُجدِّدة هي الحل الأمثل لتوديع الشعر الطويل الضعيف والمتضرر مع الأطراف المتقصفة.   دريم لونج من إلفيف يقوي شعرك حتى ينمو أكثر صحة وأكثر كثافة. تركيبتنا المقوية عبارة عن مزيج من زيت الخروع المركّز والبروتينات النباتية.   اكتشف سرنا لتحقيق أحلام شعرك الطويل! قولي وداعًا للشعر الخفيف التالف ذي الأطراف المتقصفة ،  وقولي مرحباً لشعر أقوى وأكثر كثافة بنهايات تم إصلاحها! واحصلي على الحل الأمثل من تركيبة الكريم القوية لترميم الشعر.   يحمى الشعر من التقصف الناتج عن التمشيط وتقصف الأطراف.    ويضيف لمعانًا ويجعل الشعر أسهل في التصفيف.     نصائح:      للعناية الكاملة: استخدمي شامبو دريم لونج وبلسم و ماسك و كريم منقذ الأطراف.   نصيحة للشعر الطويل: اشطفي شعرك بالماء البارد لمنحه مزيدًا من اللمعان. أكمل روتينك باستخدام الكريم للحماية وتصفيف أسهل وأطراف تم إصلاحها.     في حالة ملامسة العينين ، اشطفي العينين على الفور.   توقف عن القص ، احفظ آخر 3 سم!   مثالي للاستخدام قبل مجفف الشعر أو فرده ، كما يوفر حماية من الحرارة حتى 180 درجة مئوية.   ضعيه على شعر جاف أو مبلل.,ماركة: لوريال باريس
18348,لوريال باريس | زيت إلفيف إكسترا اورديناري للشعر الجاف | 100مل,loreal paris elvive extraordinary hair oil 100ml pzoq,495,EGP,لوريال باريس,العناية بالشعر>,in stock,https://chefaa.com:443/eg-ar/nowProduct/loreal-paris-elvive-extraordinary-hair-oil-100ml-pzoq,https://cdn.chefaa.com/filters:format(webp)/public/uploads/products/loreal-paris-elvive-extraordinary-hair-oil-100ml-pzoq-01669054969.png,https://cdn.chefaa.com/filters:format(webp)/public/uploads/products/loreal-paris-elvive-extraordinary-hair-oil-100ml-pzoq-01669054969.png,عن هذا المنتج     لوريال باريس | زيت إلفيف إكسترا اورديناري للشعر الجاف | 100مل,ماركة: لوريال باريس
32351,لوريال باريس | كريم ايلفيف مغذي للشعر شديد الجفاف بزيت الاملا | 200مل,loreal paris elvive extraordinary oil amla nutrition booster cream 200ml gxgh,234,EGP,لوريال باريس,العناية بالشعر>ترطيب وعلاج الشعر,in stock,https://chefaa.com:443/eg-ar/nowProduct/loreal-paris-elvive-extraordinary-oil-amla-nutrition-booster-cream-200ml-gxgh,https://cdn.chefaa.com/filters:format(webp)/public/uploads/products/loreal-paris-elvive-extraordinary-oil-amla-nutrition-booster-cream-200ml-gtsl-01697210078.png,https://cdn.chefaa.com/filters:format(webp)/public/uploads/products/loreal-paris-elvive-extraordinary-oil-amla-nutrition-booster-cream-200ml-gtsl-01697210078.png,مميزات المنتج   لوريال باريس | كريم ايلفيف مغذي للشعر شديد الجفاف بزيت الاملا | 200مل,ماركة: لوريال باريس
278,لوريال باريس | شامبو الفيف للشعر العادي والجاف | 200مل,loreal paris elvive extraordinary oil very dry hair shampoo 200ml,120,EGP,لوريال باريس,العناية بالشعر>,in stock,https://chefaa.com:443/eg-ar/nowProduct/loreal-paris-elvive-extraordinary-oil-very-dry-hair-shampoo-200ml,https://cdn.chefaa.com/filters:format(webp)/public/uploads/products/loreal-paris-elvive-extraordinary-oil-very-dry-hair-shampoo-200ml-01727098692.png,https://cdn.chefaa.com/filters:format(webp)/public/uploads/products/loreal-paris-elvive-extraordinary-oil-very-dry-hair-shampoo-200ml-01727098692.png,مميزات المنتج   شامبونا الأكثر فخامة المخصب بـ 6 مستخلصات زهرية، يغذي الشعر الجاف مباشرة من فروة الرأس. هذه التركيبة الشفافة ستجعل شعرك يتغذى بشكل جميل وناعم ولين.   عن هذا المنتج     ﻿ ﻿ ﻿,ماركة: لوريال باريس
45467,لوريال باريس | الفيف شامبو بالزيوت الثمينة للشعر شديد الجفاف | 200مل,loreal paris elvive extraordinary oil very dry hair shampoo 200ml oyaq_duBmcLYD,125,EGP,لوريال باريس,العناية بالشعر>شامبو وبلسم,in stock,https://chefaa.com:443/eg-ar/nowProduct/loreal-paris-elvive-extraordinary-oil-very-dry-hair-shampoo-200ml-727-oyaq_duBmcLYD,https://cdn.chefaa.com/filters:format(webp)/public/uploads/products/loreal-paris-elvive-extraordinary-oil-very-dry-hair-shampoo-200ml-727-oyaq-dubmclyd-01727098013.png,https://cdn.chefaa.com/filters:format(webp)/public/uploads/products/loreal-paris-elvive-extraordinary-oil-very-dry-hair-shampoo-200ml-727-oyaq-dubmclyd-01727098013.png,مميزات المنتج   لوريال باريس | الفيف شامبو بالزيوت الثمينة للشعر شديد الجفاف | 200مل,ماركة: لوريال باريس
21705,لوريال باريس | بلسم مقاوم للتكسر الفيف فل رزيست | 200مل,loreal paris elvive full resist breakage fighter conditioner 200ml bcg1,115,EGP,لوريال باريس,العناية بالشعر>شامبو وبلسم,in stock,https://chefaa.com:443/eg-ar/nowProduct/loreal-paris-elvive-full-resist-breakage-fighter-conditioner-200ml-bcg1,https://cdn.chefaa.com/filters:format(webp)/public/uploads/products/loreal-paris-elvive-full-resist-breakage-fighter-conditioner-200ml-bcg1-01727093776.png,https://cdn.chefaa.com/filters:format(webp)/public/uploads/products/loreal-paris-elvive-full-resist-breakage-fighter-conditioner-200ml-bcg1-01727093776.png,مميزات المنتج   لوريال باريس | بلسم مقاوم للتكسر الفيف فل رزيست | 200مل,ماركة: لوريال باريس
18471,لوريال باريس الفيف هيالرون شامبو مرطب للشعر الجاف والتالف | 600 مل,lor%C3%A9al paris elvive hydra hyaluronic shampoo 600ml z8gz,250,EGP,لوريال باريس,العناية بالشعر>شامبو وبلسم,in stock,https://chefaa.com:443/eg-ar/nowProduct/lor%C3%A9al-paris-elvive-hydra-hyaluronic-shampoo-600ml-z8gz,https://cdn.chefaa.com/filters:format(webp)/public/uploads/products/loréal-paris-elvive-hydra-hyaluronic-shampoo-600ml-z8gz-01691481554.png,https://cdn.chefaa.com/filters:format(webp)/public/uploads/products/loréal-paris-elvive-hydra-hyaluronic-shampoo-600ml-z8gz-01691481554.png,مميزات المنتج   يعمل على تنظيف فروة الرأس والشعر بفاعلية. يحافظ على ترطيب الشعر لمدة تصل إلى 72 ساعة. يُكسب الشعر مزيد من الصحة والحيوية. يُعزز كثافة ولمعان الشعر. يساعد على معالجة الشعر الجاف والتالف. تم اختباره من قبل أطباء الجلدية. لا يسبب حساسية فروة الرأس. مناسب للشعر التالف والجاف. خالي من البارابين.   عن هذا المنتج     مكونات شامبو لوريال باريس الفيف هيالورون مويستر: حمض الهيالورونيك: يعمل على ترطيب الشعر وجعله أكثر نعومة وحيوية. حجم L'Oreal Elvive Hyaluron Shampoo: يتوفر بحجم 600 مل. يوصي به: الشامبو مناسب للشعر التالف والجاف حيث يعمل على تنظيف الشعر وفروة الرأس  مع الحفاظ على رطوبة الشعر لفترة طويلة تصل إلى 72 ساعة.,ماركة: لوريال باريس
18427,شامبو لوريال البنفسجي بالهيالورونيك للشعر الجاف والمتقصف | 400 مل,lor%C3%A9al paris elvive hydra hyaluronic shampoo 400ml ydqs,170,EGP,لوريال باريس,العناية بالشعر>,in stock,https://chefaa.com:443/eg-ar/nowProduct/lor%C3%A9al-paris-elvive-hydra-hyaluronic-shampoo-400ml-ydqs,https://cdn.chefaa.com/filters:format(webp)/public/uploads/products/loréal-paris-elvive-hydra-hyaluronic-shampoo-400ml-ydqs-01727097511.png,https://cdn.chefaa.com/filters:format(webp)/public/uploads/products/loréal-paris-elvive-hydra-hyaluronic-shampoo-400ml-ydqs-01727097511.png,"مميزات المنتج   يتميز شامبو لوريال البنفسجي بالهيالورونيك بما يلى: يعمل على تنظيف فروة الرأس والشعر بفاعلية. يحافظ على ترطيب الشعر لمدة تصل إلى 72 ساعة. يًكسب الشعر مزيد من الصحة والحيوية. يًعزز كثافة ولمعان الشعر. يساعد على معالجة الشعر الجاف والتالف. تم اختباره من قبل أطباء الجلدية. لا يسبب حساسية فروة الرأس. مناسب للشعر الجاف. خالي من البارابين.   عن هذا المنتج     مكونات شامبو لوريال البنفسجي بالهيالورونيك حمض الهيالورونيك: يعمل على ترطيب الشعر وجعله أكثر نعومة وحيوية. فوائد شامبو لوريال البنفسجي من فوائد l'oréal paris elvive hyaluron moisture shampoo : يعمل على تنظيف فروة الرأس والشعر بفاعلية. يحافظ على ترطيب الشعر لمدة تصل إلى 72 ساعة. يًكسب الشعر مزيد من الصحة والحيوية سعر شامبو لوريال البنفسجي هيالورونيك اسيد سعر شامبو الفيف الموف بالهيالورونيك 400 مل هو 146 جنيه. "" قد يتغير سعر شامبو الفيف بالهيالورونيك من وقت لاخر تبعاً لتغير لسعره فى الاسواق "" حجم عبوة شامبو الفيف الموف يتوافر شامبو الفيف الموف الجديد بحجم 200 و 400 و600 مل. يوصي باستعمال الفيف شامبو الموف لـ: شامبو لوريال الفيف الموف مناسب للشعر الجاف وفاقد الترطيب حيث يعمل على تنظيف الشعر وفروة الرأس، كما يعمل على الحفاظ على ترطيب الشعر لفترة طويلة تصل إلى 72 ساعة. ما افضل انواع الشامبو للشعر الجاف ؟ فيتو شامبو للشعر الجاف بليس شامبو لوفيا شامبو  شامبو فيشى",ماركة: لوريال باريس
18606,لوريال باريس الفيف دريم لونج ستريت بديل الزيت للشعر الطويل والمجعد | 300 مل,loreal paris elvive oil replacement for long and frizzy hair 300ml abah,180,EGP,لوريال باريس,العناية بالشعر>,in stock,https://chefaa.com:443/eg-ar/nowProduct/loreal-paris-elvive-oil-replacement-for-long-and-frizzy-hair-300ml-abah,https://cdn.chefaa.com/filters:format(webp)/public/uploads/products/loreal-paris-elvive-oil-replacement-for-long-and-frizzy-hair-300ml-hwcl-01653921439.png,https://cdn.chefaa.com/filters:format(webp)/public/uploads/products/loreal-paris-elvive-oil-replacement-for-long-and-frizzy-hair-300ml-hwcl-01653921439.png,مميزات المنتج   لوريال باريس الفيف دريم لونج ستريت بديل الزيت للشعر الطويل والمجعد | 300 مل   عن هذا المنتج     مكونات لوريال باريس الفيف دريم لونج ستريت بديل الزيت:     زيت حبة البركة: يعمل على تغذية وترطيب الشعر والحفاظ على لمعانه، كما أنه يعمل على تعزيز نمو الشعر.   الميكرو كيراتين: ت يعمل على إصلاح الأضرار الناجمة عن استخدام الحرارة والمواد الكيميائية كما أنه يعمل على ترطيب الشعر الجاف، ويساعد على تقليل تجعد الشعر وجعله أكثر نعومة.      مميزات بديل الزيت لوريال باريس الفيف دريم لونج ستريت:     يعمل على تغذية الشعر من الجذور حتى الأطراف.   يساعد على تقليل الهيشان.   يعمل على حماية الشعر من الحرارة.   يُسهل عملية تصفيف الشعر.   يُضيف للشعر لمعان واضح.   يعمل على تنعيم الشعر وجعله مفرود وأملس لمدة تصل إلى 3 أيام.     حجم L'Oreal Paris Elvive Dream Long Straight Oil Replacement:     يتوفر بحجم 300 مل.     يوصي به:   للشعر الطويل والمجعد حيث يعمل على حماية الشعر من الحرارة وتغذية وتنعيم الشعر وتقليل الهيشان للحصول على شعر ناعم.,ماركة: لوريال باريس
457,لوريال باريس | بديل الزيت الفيف العلاج الخماسي المتكامل للشعر | 300مل,loreal paris elvive total repair oil replacement 300ml,180,EGP,لوريال باريس,العناية بالشعر>,in stock,https://chefaa.com:443/eg-ar/nowProduct/loreal-paris-elvive-total-repair-5-oil-replacement-300ml,https://cdn.chefaa.com/filters:format(webp)/public/uploads/products/loreal-paris-elvive-total-repair-5-oil-replacement-300ml-01727093098.png,https://cdn.chefaa.com/filters:format(webp)/public/uploads/products/loreal-paris-elvive-total-repair-5-oil-replacement-300ml-01727093098.png,مميزات المنتج   أول كريم مملوء بالزيت مصفف بشكل خاص للشعر التالف. اسمحى لشعرك بالاستفادة من خصائص الزيوت يوميًا بنسيج خفيف وغير دهني.   عن هذا المنتج     ﻿ ﻿,ماركة: لوريال باريس
18498,لوريال باريس | شامبو توتال ريبير 5 الفيف | 600مل,lor%C3%A9al paris elvive total repair shampoo 600ml emzp,240,EGP,لوريال باريس,العناية بالشعر>شامبو وبلسم,in stock,https://chefaa.com:443/eg-ar/nowProduct/lor%C3%A9al-paris-elvive-total-repair-5-shampoo-600ml-emzp,https://cdn.chefaa.com/filters:format(webp)/public/uploads/products/loréal-paris-elvive-total-repair-5-shampoo-600ml-dwos-01653840173.png,https://cdn.chefaa.com/filters:format(webp)/public/uploads/products/loréal-paris-elvive-total-repair-5-shampoo-600ml-dwos-01653840173.png,,ماركة: لوريال باريس
1582,لوريال باريس | صبغة شعر برودجي بدون أمونيا | 3.0 كحل بنى | بني غامق,prodigy ammonia free hair color brown kohl brown black,430,EGP,لوريال باريس,العناية بالشعر>صبغات الشعر,in stock,https://chefaa.com:443/eg-ar/nowProduct/prodigy-ammonia-free-hair-color-30-brown-kohl-brown-black,https://cdn.chefaa.com/filters:format(webp)/public/uploads/products/prodigy-ammonia-free-hair-color-30-brown-kohl-brown-black-01650704903.png,https://cdn.chefaa.com/filters:format(webp)/public/uploads/products/prodigy-ammonia-free-hair-color-30-brown-kohl-brown-black-01650704903.png,مميزات المنتج   لوريال باريس | صبغة شعر برودجي بدون أمونيا | 3.0 كحل بنى | بني غامق   عن هذا المنتج     لوريال باريس | صبغة شعر برودجي بدون أمونيا | 3.0 كحل بنى | بني غامق,ماركة: لوريال باريس
1583,لوريال باريس | صبغة شعر برودجي بدون أمونيا | 4.0 بني,prodigy ammonia free hair color brown sepia,430,EGP,لوريال باريس,العناية بالشعر>صبغات الشعر,in stock,https://chefaa.com:443/eg-ar/nowProduct/prodigy-ammonia-free-hair-color-40-brown-sepia,https://cdn.chefaa.com/filters:format(webp)/public/uploads/products/prodigy-ammonia-free-hair-color-40-brown-sepia-01650677516.png,https://cdn.chefaa.com/filters:format(webp)/public/uploads/products/prodigy-ammonia-free-hair-color-40-brown-sepia-01650677516.png,"مميزات المنتج   بني, طبيعي, دائمة, خالي من الأمونيا, يغذي,لوريال, صبغة شعر, لون صبغه, العناية بالشعر, تسريحه شعر, كونسيلر,فاتح, مستحضر تجميل , شعر كوافير, مجعد, ناعم, لامع, الجمال, منتج, زيت , كريم, يعالج, بلسم , ابيض,   عن هذا المنتج     لوريال باريس | صبغة شعر برودجي بدون أمونيا | 4.0 بني",ماركة: لوريال باريس
1584,لوريال باريس | صبغة شعر برودجي بدون أمونيا | 4.15 سيينا | بني مثلج شكولاته,prodigy ammonia free hair color frostedbrown,430,EGP,لوريال باريس,العناية بالشعر>صبغات الشعر,in stock,https://chefaa.com:443/eg-ar/nowProduct/prodigy-ammonia-free-hair-color-415-frostedbrown,https://cdn.chefaa.com/filters:format(webp)/public/uploads/products/prodigy-ammonia-free-hair-color-415-frostedbrown-01650677257.png,https://cdn.chefaa.com/filters:format(webp)/public/uploads/products/prodigy-ammonia-free-hair-color-415-frostedbrown-01650677257.png,"مميزات المنتج   Mahogany, بني, طبيعي, دائمة, خالي من الأمونيا, يغذي,لوريال, صبغة شعر, لون صبغه, العناية بالشعر, تسريحه شعر, كونسيلر,فاتح, مستحضر تجميل , شعر كوافير, مجعد, ناعم, لامع, الجمال, منتج, زيت , كريم, يعالج, بلسم , ابيض,   عن هذا المنتج     ﻿ ﻿ تتميز هذه الصبغة بتقنية جزئيات الزيوت الجديدة التي تمنحك مزيج من الألوان لمظهر طبيعي وجذاب حيث تتغلغل الألوان من الجذور حتى الأطراف. كما أنها تحسن من ملمس الشعر وتتركه أكثر نعومة وصحة. Equipped with Micro-oil technology Lively, multi-tonal colour Offers improved hair texture Provides a radiant shine No ammonia ﻿",ماركة: لوريال باريس
469,لوريال باريس | صبغة شعر برودجي بدون أمونيا | 5.30 بني ذهبي,loreal paris prodigy ammonia free hair color light golden brown,430,EGP,لوريال باريس,العناية بالشعر>صبغات الشعر,in stock,https://chefaa.com:443/eg-ar/nowProduct/loreal-paris-prodigy-ammonia-free-hair-color-530-light-golden-brown,https://cdn.chefaa.com/filters:format(webp)/public/uploads/products/loreal-paris-prodigy-ammonia-free-hair-color-530-light-golden-brown-01650676523.png,https://cdn.chefaa.com/filters:format(webp)/public/uploads/products/loreal-paris-prodigy-ammonia-free-hair-color-530-light-golden-brown-01650676523.png,مميزات المنتج   لوريال باريس | صبغة شعر برودجي بدون أمونيا | 5.30 بني ذهبي   عن هذا المنتج     ﻿ ﻿ تتميز هذه الصبغة بتقنية جزئيات الزيوت الجديدة التي تمنحك مزيج من الألوان لمظهر طبيعي وجذاب حيث تتغلغل الألوان من الجذور حتى الأطراف. كما أنها تحسن من ملمس الشعر وتتركه أكثر نعومة وصحة ﻿ ﻿ ﻿,ماركة: لوريال باريس
1590,لوريال باريس | صبغة شعر برودجي بدون أمونيا | 6.32 صدف بني | اشقر ذهبي غامق,prodigy ammonia free hair color pearl brown dark golden blonde,430,EGP,لوريال باريس,العناية بالشعر>صبغات الشعر,in stock,https://chefaa.com:443/eg-ar/nowProduct/prodigy-ammonia-free-hair-color-632-pearl-brown-dark-golden-blonde,https://cdn.chefaa.com/filters:format(webp)/public/uploads/products/prodigy-ammonia-free-hair-color-632-pearl-brown-dark-golden-blonde-01650675601.png,https://cdn.chefaa.com/filters:format(webp)/public/uploads/products/prodigy-ammonia-free-hair-color-632-pearl-brown-dark-golden-blonde-01650675601.png,"مميزات المنتج   داكن, ذهبي, بني, Pearl, اشقر, طبيعي, دائمة, خالي من الأمونيا, يغذي,لوريال, صبغة شعر, لون صبغه, العناية بالشعر, تسريحه شعر, كونسيلر,فاتح, مستحضر تجميل , شعر كوافير, مجعد, ناعم, لامع, الجمال, منتج, زيت , كريم, يعالج, بلسم , ابيض,   عن هذا المنتج     ﻿ ﻿ تتميز هذه الصبغة بتقنية جزئيات الزيوت الجديدة التي تمنحك مزيج من الألوان لمظهر طبيعي وجذاب حيث تتغلغل الألوان من الجذور حتى الأطراف. كما أنها تحسن من ملمس الشعر وتتركه أكثر نعومة وصحة. Equipped with Micro-oil technology Lively, multi-tonal color Offers improved hair texture Provides a radiant shine No ammonia",ماركة: لوريال باريس
52509,لوريال باريس | صبغة شعر كريم بروديجي إكسيلانس 10.1 أشقر رمادي فاتح للغاية,loreal pro super light ash blondeDwvo,430,EGP,No Brand,العناية بالشعر>صبغات الشعر,in stock,https://chefaa.com:443/eg-ar/nowProduct/loreal-pro-di-gy-101-super-light-ash-blondeDwvo,https://cdn.chefaa.com/filters:format(webp)/public/uploads/products/loreal-pro-di-gy-101-super-light-ash-blondedwvo-01735222624.png,https://cdn.chefaa.com/filters:format(webp)/public/uploads/products/loreal-pro-di-gy-101-super-light-ash-blondedwvo-01735222624.png,مميزات المنتج   لوريال باريس | صبغة شعر كريم بروديجي إكسيلانس 10.1 أشقر رمادي فاتح للغاية,raw_specs: المواصفات
29307,لوريال باريس الفيف هيالرون شامبو مرطب للشعر الجاف والتالف | 200 مل,loreal paris elvive hyaluron moisture shampoo 200ml 9cte,125,EGP,لوريال باريس,العناية بالشعر>,in stock,https://chefaa.com:443/eg-ar/nowProduct/loreal-paris-elvive-hyaluron-moisture-shampoo-200ml-9cte,https://cdn.chefaa.com/filters:format(webp)/public/uploads/products/loreal-paris-elvive-hyaluron-moisture-shampoo-200ml-9cte-01727097607.png,https://cdn.chefaa.com/filters:format(webp)/public/uploads/products/loreal-paris-elvive-hyaluron-moisture-shampoo-200ml-9cte-01727097607.png,مميزات المنتج   يعمل على تنظيف فروة الرأس والشعر بفاعلية. يحافظ على ترطيب الشعر لمدة تصل إلى 72 ساعة. يُكسب الشعر مزيد من الصحة والحيوية. يُعزز كثافة ولمعان الشعر. يساعد على تقليل جفاف وتلف الشعر. تم اختباره من قبل أطباء الجلدية. لا يسبب حساسية فروة الرأس. مناسب للشعر التالف والجاف. خالي من البارابين.   عن هذا المنتج     مكونات شامبو لوريال باريس الفيف هيالورون مويستر: حمض الهيالورونيك: يعمل على ترطيب الشعر وجعله أكثر نعومة وحيوية. حجم L'Oreal Elvive Hyaluron Shampoo: يتوفر بحجم 200 مل. يوصي به: الشامبو مناسب للشعر التالف والجاف حيث يعمل على تنظيف الشعر وفروة الرأس مع الحفاظ على رطوبة الشعر لفترة طويلة تصل إلى 72 ساعة.,ماركة: لوريال باريس
57008,لوريال باريس إلفيف | هيالورون بيور بلسم لإعادة الترطيب للشعر الدهني | 360مل,loreal paris elvive hyaluron pure rehydrating conditioner for oily hair 360ml pgje,180,EGP,لوريال باريس,العناية بالشعر>شامبو وبلسم,in stock,https://chefaa.com:443/eg-ar/nowProduct/loreal-paris-elvive-hyaluron-pure-rehydrating-conditioner-for-oily-hair-360ml-pgje,https://cdn.chefaa.com/filters:format(webp)/public/uploads/products/loreal-paris-elvive-hyaluron-pure-rehydrating-conditioner-for-oily-hair-360ml-nyks-01734855820.png,https://cdn.chefaa.com/filters:format(webp)/public/uploads/products/loreal-paris-elvive-hyaluron-pure-rehydrating-conditioner-for-oily-hair-360ml-nyks-01734855820.png,مميزات المنتج   لوريال باريس إلفيف | هيالورون بيور بلسم لإعادة الترطيب للشعر الدهني | 360مل,ماركة: لوريال باريس
29306,بلسم لوريال الفيف هيالرون البنفسجي للشعر الجاف بالهيالورونيك | 200 مل,loreal paris elvive hyaluron moisture 72h moisture sealing conditioner with hyaluronic acid 200ml b4hp,124,EGP,لوريال باريس,العناية بالشعر>شامبو وبلسم,in stock,https://chefaa.com:443/eg-ar/nowProduct/loreal-paris-elvive-hyaluron-moisture-72h-moisture-sealing-conditioner-with-hyaluronic-acid-200ml-b4hp,https://cdn.chefaa.com/filters:format(webp)/public/uploads/products/loreal-paris-elvive-hyaluron-moisture-72h-moisture-sealing-conditioner-with-hyaluronic-acid-200ml-b4hp-01726684142.png,https://cdn.chefaa.com/filters:format(webp)/public/uploads/products/loreal-paris-elvive-hyaluron-moisture-72h-moisture-sealing-conditioner-with-hyaluronic-acid-200ml-b4hp-01726684142.png,مميزات المنتج   يتميز بلسم لوريال الفيف للشعر الجاف بالآتي: له تركيبة مميزة غنية بحمض الهيالورونيك الذي يساعد على الاحتفاظ برطوبة الشعر لمدة تدوم لأكثر من 72 ساعة. يساعد على ترطيب وتنعيم الشعر والحفاظ على ملمسه. مناسب للشعر الجاف والتالف والمصبوغ. يرطب الشعر بعمق ويحمي الشعر من الهيشان والتقصف. يعطي الشعر مظهراً صحياً ولامعاً. يتميز بقوامه الخفيف مما يسهل امتصاصه ويجعل الشعر أكثر انسيابية. سعر بلسم لوريال الفيف الموف يختلف تبعاً لحجمه ويعد مناسباً مقارنة بفوائده العديدة للشعر.   عن هذا المنتج     مكونات بلسم لوريال الفيف البنفسجي  يحتوي بلسم L'Oréal Paris Elvive Hyaluron على: حمض الهيالورونيك: المعروف بفعاليته الكبيرة في الترطيب ، ويتميز بقدرته على الاحتفاظ بالرطوبة لأطول فترة ممكنة.  حجم بلسم لوريال الفيف للشعر الجاف يتوافر بلسم الفيف بحجم 200 و400 مل. يوصى باستعمال بلسم لوريال بالهيالورونيك اسيد لـ: لوريال الفيف هيالورون بلسم مناسب لأصحاب الشعر الجاف والتالف ، إذ يساعد على ترطيب الشعر بعمق وحمايته من الجفاف والتقصف ويعطي الشعر المزيد من النعومة والانسيابية فتستمعي بمظهر لامع وصحي لشعرك. أنواع بلسم لوريال الفيف بلسم لوريال الجديد بحمض الهيالورونيك. بلسم الفيف الذهبي بلسم الفيف الأبيض. بلسم الفيف الأسود. بلسم لوريال بالكيراتين. بلسم الفيف طول الأحلام (دريم لونج). بلسم لوريال للشعر المصبوغ والتالف (بلسم سيري اكسبرت).,ماركة: لوريال باريس
46217,ايه سي ام | شامبو لكل انواع الشعر | 125مل,acm shampoo for all hairs eljg_du6zowhF,549,EGP,إيه سي إم,العناية بالشعر>شامبو وبلسم,in stock,https://chefaa.com:443/eg-ar/nowProduct/acm-shampoo-for-all-hairs-125-ml-eljg_du6zowhF,https://cdn.chefaa.com/filters:format(webp)/public/uploads/products/acm-shampoo-for-all-hairs-125-ml-j0uy-01710925863.png,https://cdn.chefaa.com/filters:format(webp)/public/uploads/products/acm-shampoo-for-all-hairs-125-ml-j0uy-01710925863.png,عن هذا المنتج     ايه سي ام | شامبو لكل انواع الشعر | 125مل,ماركة: إيه سي إم
25006,بيتادين | شامبو 7.5٪ | 60مل,betadine shampoo 60ml c4nl,55,EGP,No Brand,العناية بالشعر>,in stock,https://chefaa.com:443/eg-ar/nowProduct/betadine-75-shampoo-60ml-c4nl,https://cdn.chefaa.com/filters:format(webp)/public/uploads/products/betadine-75-shampoo-60ml-c4nl-01707133875.png,https://cdn.chefaa.com/filters:format(webp)/public/uploads/products/betadine-75-shampoo-60ml-c4nl-01707133875.png,مميزات المنتج   بيتادين | شامبو 7.5٪ | 60مل,raw_specs: المواصفات
2320,بلسم ايفا كيراتين للشعر بعد البروتين | 230 مل,eva ekeratin conditioner 230ml,130,EGP,إيڤا,العناية بالشعر>شامبو وبلسم,in stock,https://chefaa.com:443/eg-ar/nowProduct/eva-ekeratin-conditioner-230ml,https://cdn.chefaa.com/filters:format(webp)/public/uploads/products/eva-ekeratin-conditioner-230ml-01723711055.png,https://cdn.chefaa.com/filters:format(webp)/public/uploads/products/eva-ekeratin-conditioner-230ml-01723711055.png,مميزات المنتج   يتميز ايفا هير كلينيك بلسم اي كيراتين بما يلي: يحتوي على مكونات ترطيب قوية تساعد على تغذية وترطيب الشعر بعمق، مما يجعله ناعمًا ولامعًا. له تركيبة ثنائية المفعول تحمي الشعر من المؤثرات البيئية الضارة، كما يعيد بناء الشعر التالف. يساعد على تقوية بنية الشعر وتقليل التلف والتقصف. يحمي الشعر من التلف الناتج عن التصفيف الحراري والتلوين والتلف البيئي. يمنح الشعر مظهرًا أكثر صحة وحيوية. يجعل الشعر أكثر سهولة في التصفيف ويتحكم في الهيشان، مما يقلل تشابك الشعر. مناسب لجميع أنواع الشعر بما في ذلك الشعر المصبوغ والمعالج كيميائيًا. سعر ايفا هير كلينيك بلسم اي كيراتين مناسب مقارنة بحجمه وفعاليته في ترطيب ومعالجة الشعر التالف.   عن هذا المنتج     مكونات ايفا هير كلينيك بلسم اي كيراتين   يحتوي اي كيراتين بلسم على:  الكيراتين: بروتين طبيعي يساعد على بناء الشعر وعلاج التلف والتقصف، كما يحمي الشعر من المؤثرات الخارجية الضارة مما يعطيه مظهرًا صحيًا ولامعًا.  حجم e keratin conditioner  يتوفر بلسم اي كيراتين بحجم 230 مل.  سعر ايفا هير كلينيك بلسم بالكيراتين   يبلغ سعر e keratin conditioner حوالي 95 جنيه مصري. يوصى باستعمال ايفا هير كلينيك بلسم اي كيراتين ل   اي كيراتين بلسم مناسب لجميع أنواع الشعر وخاصة أصحاب الشعر المجهد والتالف، فهو يعيد بناء الشعر ويكسبه المزيد من القوة كما يحميه من التقصف والهيشان مما يمنحك شعرًا أكثر لمعاناً ونعومة.  ما هي طريقة استعمال بلسم ايفا كيراتين للشعر بعد البروتين؟  اغسلي شعرك بالشامبو المناسب ثم اشطفيه جيداً.  استخدمي كمية مناسبة من البلسم ووزعيها على أطراف الشعر.  يمكنك تمشيط الشعر للتأكد من توزيع البلسم وفك تشابك الشعر.  اتركي البلسم على الشعر لمدة 10 دقائق ثم اغسليه جيداً.  ما هي فوائد بلسم الكيراتين للشعر؟  يعزز بنية الشعر ويقويه.  يقلل من التلف والتقصف.  يغذي الشعر ويرطبه بعمق، مما يجعله ناعمًا وسهل التصفيف.  يصلح الشعر التالف والمتكسر نتيجة استخدام الصبغات والمواد الكيميائية.  يساعد على تقليل تشابك الشعر ويجعله أكثر سهولة في التصفيف.  يزيد لمعان ونعومة الشعر.  يجعل الشعر أكثر صحة وجاذبية.  ما افضل بلسم كيراتين للشعر؟  بلسم زيرو فريز بالكيراتين.  بلسم كيرافيو.  بلسم تريسمي.  بلسم ايفا اي كيراتين.,ماركة: إيڤا
56525,توبيك | إلياف بناء الشعر أسود | 27.5جم,toppik hair black 275gz6509j,280,EGP,No Brand,العناية بالشعر>,in stock,https://chefaa.com:443/eg-ar/nowProduct/toppik-hair-black-275gz6509j,https://cdn.chefaa.com/filters:format(webp)/public/uploads/products/toppik-hair-black-275gz6509j-01736168881.png,https://cdn.chefaa.com/filters:format(webp)/public/uploads/products/toppik-hair-black-275gz6509j-01736168881.png,مميزات المنتج   توبيك | إلياف بناء الشعر أسود | 27.5جم,raw_specs: المواصفات
6039,الو إيڤا بديل زيت الصبار وبروتينات الزبادي - 250مل,aloe eva hair oil replacement with aloe vera and yogurt proteins 250ml e4oz,100,EGP,إيڤا,العناية بالشعر>,in stock,https://chefaa.com:443/eg-ar/nowProduct/aloe-eva-hair-oil-replacement-with-aloe-vera-and-yogurt-proteins-250ml-e4oz,https://cdn.chefaa.com/filters:format(webp)/public/uploads/products/1619205643aloe-eva-hair-oil-replacement-with-aloe-vera-and-yogurt-proteins-250ml-chefaajpg,https://cdn.chefaa.com/filters:format(webp)/public/uploads/products/1619205643aloe-eva-hair-oil-replacement-with-aloe-vera-and-yogurt-proteins-250ml-chefaajpg,مميزات المنتج   للشعر الجاف المجهد. يمنح الشعر ترطيب فائق وفوري يدوم طوال اليوم كما يجعله سهل التصفيف.,ماركة: إيڤا
23744,دابر املا | زيت الشعر | 90 مل,dabur amla hair oil ozzz,50,EGP,دابر أملا,العناية بالشعر>,in stock,https://chefaa.com:443/eg-ar/nowProduct/dabur-amla-hair-oil-90-ozzz,https://cdn.chefaa.com/filters:format(webp)/public/uploads/products/dabur-amla-hair-oil-90-ozzz-01720438979.png,https://cdn.chefaa.com/filters:format(webp)/public/uploads/products/dabur-amla-hair-oil-90-ozzz-01720438979.png,عن هذا المنتج     دابر املا | زيت الشعر | 90 مل,ماركة: دابر أملا
62825,صانسيلك | كريم ليف ان الشعر كيرلي | 200مل,sunsilk cream deffine curls 200ml 5lWh,175,EGP,صانسيلك,العناية بالشعر>ترطيب وعلاج الشعر,in stock,https://chefaa.com:443/eg-ar/nowProduct/sunsilk-cream-deffine-curls-200ml-5lWh,https://cdn.chefaa.com/filters:format(webp)/public/uploads/products/sunsilk-cream-deffine-curls-200ml-5lwh-01755916309.png,https://cdn.chefaa.com/filters:format(webp)/public/uploads/products/sunsilk-cream-deffine-curls-200ml-5lwh-01755916309.png,مميزات المنتج   صانسيلك | كريم ليف ان الشعر كيرلي | 200مل,ماركة: صانسيلك
46361,بليس | أكياس ليف ان كريم لترطيب الشعر بزبدة الشيا | 35مل,bless leave cream with shea butter sachets 35ml waaj_duuWWKYt,10,EGP,بليس,العناية بالشعر>ترطيب وعلاج الشعر,in stock,https://chefaa.com:443/eg-ar/nowProduct/bless-leave-in-cream-with-shea-butter-sachets-35ml-waaj_duuWWKYt,https://cdn.chefaa.com/filters:format(webp)/public/uploads/products/bless-leave-in-cream-with-shea-butter-sachets-35ml-zsxu-01700561910.png,https://cdn.chefaa.com/filters:format(webp)/public/uploads/products/bless-leave-in-cream-with-shea-butter-sachets-35ml-zsxu-01700561910.png,عن هذا المنتج     بليس | أكياس ليف ان كريم لترطيب الشعر بزبدة الشيا | 35مل,ماركة: بليس
46225,كلاري | ليف ان كريم | 300جم,clary hair leave cream 300gm udvv_duITqWVv,300,EGP,كلاري,العناية بالشعر>ترطيب وعلاج الشعر,in stock,https://chefaa.com:443/eg-ar/nowProduct/clary-hair-leave-in-cream-300gm-udvv_duITqWVv,https://cdn.chefaa.com/filters:format(webp)/public/uploads/products/clary-hair-leave-in-cream-300gm-jelu-01710047882.png,https://cdn.chefaa.com/filters:format(webp)/public/uploads/products/clary-hair-leave-in-cream-300gm-jelu-01710047882.png,مميزات المنتج   كلاري | ليف ان كريم | 300جم,ماركة: كلاري
2324,إيڤا هير كلينيك كيراتين | ماسك اي كيراتين | 200مل,eva ekeratin hair mask 200ml,190,EGP,إيڤا,العناية بالشعر>,in stock,https://chefaa.com:443/eg-ar/nowProduct/eva-ekeratin-hair-mask-200ml,https://cdn.chefaa.com/filters:format(webp)/public/uploads/products/eva-ekeratin-hair-mask-200ml-01721412253.png,https://cdn.chefaa.com/filters:format(webp)/public/uploads/products/eva-ekeratin-hair-mask-200ml-01721412253.png,عن هذا المنتج     يعالج الشعر الجاف والمجهد ويمنحه ترطيبا ونعومة فائقة من الجذور حتى الأطراف.    طريقة الاستخدام:      يوضع على الشعر من الجذور حتى الأطراف.   يدلك برفق ويترك على الشعر من خمسة الى عشر دقائق ليس أكثر.    يتم تغطية الشعر بمنشفة دافئة ثم يشطف جيدا كالمعتاد.,ماركة: إيڤا
28962,كريم بليس ليف ان للشعر الكيرلي لتغذية وترطيب الشعر | 450مل,bless leave cream with vitamin 250ml iil5,95,EGP,بليس,العناية بالشعر>,in stock,https://chefaa.com:443/eg-ar/nowProduct/bless-leave-in-cream-with-vitamin-e-250ml-iil5,https://cdn.chefaa.com/filters:format(webp)/public/uploads/products/bless-leave-in-cream-with-vitamin-e-250ml-iil5-01720458705.png,https://cdn.chefaa.com/filters:format(webp)/public/uploads/products/bless-leave-in-cream-with-vitamin-e-250ml-iil5-01720458705.png,مميزات المنتج   يتميز كريم بليس ليف ان للشعر الكيرلي بما يلي: غني بالمواد المرطبة والزيوت الطبيعية المغذية للشعر. يساعد على تقليل الهيشان وتحسين مظهر الشعر. يكسب الشعر المزيد من النعومة والحيوية. يقلل تشابك الشعر ويسهل تمشيطه وبالتالي يحمي الشعر من التقصف والتكس. خالي من السلفات والبارابين والسيليكون. مناسب لجميع أنواع الشعر وخاصة الشعر الكيرلي والمجعد. لا يترك ملمس دهني على الشعر ويمكن امتصاصه بسهولة. سعر كريم بليس مناسب مقارنة بفوائده العديدة.   عن هذا المنتج     مكونات كريم بليس ليف ان للشعر الكيرلي     يحتوي كريم بليس ليف ان للشعر الكيرلي على   فيتامين هـ: يغذي الشعر المجهد والتالف ويكسبه النعومة والحيوية.  البانثينول: يرطب الشعر ويزيد من نعومته.  زيت الخروع: يقوي الشعر ويكسبه الترطيب.  حجم bless leave in cream with vitamin E  يتوفر bless leave in cream with vitamin E بحجم 250 مل.  يوصى باستعمال ليف ان بليس ل  ليف ان بليس مناسب لجميع أنواع الشعر وخاصة أصحاب الشعر الكيرلي وكذلك الشعر المجهد والتالف إذ يساعد على ترطيب الشعر وإكسابه النعومة والحيوية.  ما هى طريقة استخدام كريم بليس للشعر الكيرلي ؟  يقسم الشعر بعد غسله إلى أجزاء متساوية ثم يوضع الكريم على الشعر مع تمشيط الشعر بالطريقة التي تفضليها، ويترك الكريم على الشعر.   ما هى أنواع كريم بليس ليف ان ؟  كريم بليس ليف ان بزبدة الشيا.  كريم بليس ليف ان بفيتامين E  كريم بليس ليف ان بزيت الأرجان   ما هى اضرار كريم بليس ؟  لا يفضل استخدام الكريم على فروة الرأس حتى لا يسبب قشرة دهنية للشعر.  هل كريم بليس للشعر الكيرلي فقط ؟  كريم بليس مناسب لجميع أنواع الشعر وبالأخص الشعر الكيرلي إذ يحافظ على ترطيبه ويحميه من الهيشان.,ماركة: بليس
54530,ليسيد لوشن للقضاء علي القمل | 30مل,licid lotion against lice 30ml idvj,40,EGP,No Brand,العناية بالشعر>ترطيب وعلاج الشعر,in stock,https://chefaa.com:443/eg-ar/nowProduct/licid-lotion-against-lice-30ml-idvj,https://cdn.chefaa.com/filters:format(webp)/public/uploads/products/licid-lotion-against-lice-30ml-j3sw-01732539637.png,https://cdn.chefaa.com/filters:format(webp)/public/uploads/products/licid-lotion-against-lice-30ml-j3sw-01732539637.png,مميزات المنتج   ليسيد لوشن للقضاء علي القمل | 30مل,raw_specs: المواصفات
49719,سيبورال | شامبو مضاد للقشرة | 125مل,seboral anti dandruff shampoo 125ml vz0q,75,EGP,No Brand,العناية بالشعر>,in stock,https://chefaa.com:443/eg-ar/nowProduct/seboral-anti-dandruff-shampoo-125ml-vz0q,https://cdn.chefaa.com/filters:format(webp)/public/uploads/products/seboral-anti-dandruff-shampoo-125ml-nqhp-01730233862.png,https://cdn.chefaa.com/filters:format(webp)/public/uploads/products/seboral-anti-dandruff-shampoo-125ml-nqhp-01730233862.png,مميزات المنتج   سيبورال | شامبو مضاد للقشرة | 125مل,raw_specs: المواصفات
46906,بايو سوفت | بلسم لترطيب الشعر بعمق بالافوكادو | 500جم,bio soft avocado deep conditioner 500gm rszk,110,EGP,No Brand,العناية بالشعر>شامبو وبلسم,in stock,https://chefaa.com:443/eg-ar/nowProduct/bio-soft-avocado-deep-conditioner-500gm-rszk,https://cdn.chefaa.com/filters:format(webp)/public/uploads/products/bio-soft-avocado-deep-conditioner-500gm-kvqa-01725876368.png,https://cdn.chefaa.com/filters:format(webp)/public/uploads/products/bio-soft-avocado-deep-conditioner-500gm-kvqa-01725876368.png,عن هذا المنتج     بايو سوفت | بلسم لترطيب الشعر بعمق بالافوكادو | 500جم,raw_specs: المواصفات
23635,بوبانا | ليف ان بجوز الهند للشعر الكيرلى والجاف | 200مل,bobana leave coconut oil cream for dry hair uhso,125,EGP,بوبانا,العناية بالشعر>ترطيب وعلاج الشعر,in stock,https://chefaa.com:443/eg-ar/nowProduct/bobana-leave-in-coconut-oil-cream-for-dry-hair-uhso,https://cdn.chefaa.com/filters:format(webp)/public/uploads/products/bobana-leave-in-coconut-oil-cream-for-dry-hair-wjpy-01664862773.png,https://cdn.chefaa.com/filters:format(webp)/public/uploads/products/bobana-leave-in-coconut-oil-cream-for-dry-hair-wjpy-01664862773.png,مميزات المنتج   يتميز ليف ان بوبانا bobana leave in بما يلي: له تركيبة غنية بزيت جوز الهند المعروف بخصائصه المرطبة، مما يساعد على ترطيب الشعر الجاف بعمق ومنع التقصف والجفاف. يساعد على إبراز تموجات الشعر الكيرلي بشكل طبيعي ومنظم، مما يمنحك مظهراً أكثر حيوية وجمالاً. يقلل من الهيشان والتجعد، مما يجعل الشعر أكثر نعومة وسهولة في التصفيف. خالٍ من السلفات والبارابين والسيلكون مما يجعله مناسبًا للاستخدام اليومي. يغذي الشعر ويحميه من العوامل الخارجية الضارة مثل الحرارة والرطوبة. سعر ليف ان بوبانا مناسب مقارنة بفوائده العديدة للشعر.   عن هذا المنتج     مكونات ليف ان بوبانا   يحتوي بوبانا ليف ان على:   كل مكون من هذه المكونات يوفر فوائد محددة للشعر عند استخدامه في ليف إن بوبانا، وفيما يلي توضيح لفوائد كل منها:  زيت جوز الهند (coconut oil): يرطب الشعر بعمق ويمنع فقدان الرطوبة، مما يقلل من الجفاف والتقصف.  مستخلص زبدة الشيا (shea butter): غنية بالفيتامينات والأحماض الدهنية التي ترطب الشعر وتغذيه وتمنحه النعومة واللمعان.  زيت الأفوكادو (avocado oil): يعزز الترطيب ويساعد على إصلاح الشعر التالف.  خلاصة الروزماري (rosemary extract): تعزز نمو وصحة الشعر.  زيت اللوز (almond oil): يرطب الشعر ويمنع جفاف فروة الرأس كما يحسن من مظهر الشعر ويجعله أكثر نعومة ولمعاناً.  فيتامين هـ (E): يعمل كمضاد للأكسدة، مما يساعد على حماية الشعر من التلف الناتج عن الجذور الحرة كذلك يساعد في تحسين مرونة الشعر ويمنع تقصفه.  بانثينول (panthenol): يعرف أيضاً بفيتامين B5، ويساعد على ترطيب الشعر بعمق كما يقلل من التكسر والتقصف.  بيوتين (biotin): يعزز نمو الشعر ويمنع تساقطه.  زيت الخروع (castor oil): له دور في زيادة كثافة ونمو الشعر كما يرطب الشعر ويزيد نعومته.	  حجم عبوة bobana leave in   يتوفر بوبانا ليف ان بحجم 200 مل.  سعر ليف ان بوبانا للشعر الكيرلي   سعر بوبانا ليف ان بجوز الهند حوالي 125 جنيه مصري (سعر المنتج قد يتغير تبعاً لتحديث سعره في الأسواق أو حسب العروض المتاحة).  يوصى باستعمال ليف ان بوبانا بجوز الهند ل   بوبانا ليف ان مناسب لأصحاب الشعر الجاف والمجعد فهو يرطب الشعر بعمق ويمنحه تموجات أكثر تحديداً، بالإضافة إلى حماية الشعر من الهيشان مما يمنحه مظهرًا صحيًا وأكثر حيوية.  طريقة استخدام ليف ان بوبانا للشعر الكيرلي  ابدئي بغسل الشعر بالشامبو المناسب للشعر الكيرلي، وتأكدي من شطفه جيداً للتخلص من أي بقايا من المنتجات السابقة.  جففي شعرك بلطف.  ضعي كمية مناسبة من الكريم على يديك ثم وزعيها على الشعر من المنتصف حتى الأطراف.  مشطي شعرك بالطريقة التي تفضليها.  يترك الكريم على الشعر ولا يشطف.  ما هي انواع ليف ان بوبانا؟   ليف ان بوبانا بزيت الأرجان.  ليف ان بوبانا بزيت الثوم الأسود.  ليف ان بوبانا بزيت جوز الهند.  ما افضل ليف ان للشعر الجاف؟   كلاري ليف ان clary leave in.  رو أفريكان ليف إن Raw African leave in.  جيفان بينكي ميلكي ليف إن Jevan pinky milky leave in.  بليس ليف ان bless leave in.  ايفا اي كيراتين eva e keratin.  بوبانا ليف ان bobana leave in.,ماركة: بوبانا
23854,كريم فاتيكا بالحبة السوداء كريم لترطيب الشعر | 210 مل,vatika hair cream black seed y7v1,75,EGP,فاتيكا,العناية بالشعر>,in stock,https://chefaa.com:443/eg-ar/nowProduct/vatika-hair-cream-black-seed-210-y7v1,https://cdn.chefaa.com/filters:format(webp)/public/uploads/products/vatika-hair-cream-black-seed-210-y7v1-01691055931.png,https://cdn.chefaa.com/filters:format(webp)/public/uploads/products/vatika-hair-cream-black-seed-210-y7v1-01691055931.png,مميزات المنتج   يتميز كريم فاتيكا بالحبة السوداء vatika hair cream black seed بما يلي: تركيبة تعزز قوة الشعر بمقدار الضعف. تضيف لمعانًا وبريقًا لشعرك. تحمي الشعر من التلف الناتج عن الحرارة. خالية من الكحول، السلفات، والفثالات. سعر كريم فاتيكا بالحبة السوداء رخيص جيد جدًا بالنسبة لحجمه وفوائده وتركيبته المرطبة للشعر.   عن هذا المنتج     مكونات كريم فاتيكا بالحبة السوداء  يحتوي كريم فاتيكا بالحبة السوداء على:  الحبة السوداء (Black Seed): تحتوي على مضادات أكسدة قوية تعزز من نمو الشعر وتساعد على منع تساقطه، تُعزز أيضًا من لمعان الشعر وتقوي بصيلاته، مما يمنحه مظهرًا صحيًا ولامعًا.  حجم عبوة كريم فاتيكا للشعر  يتوفر vatika hair cream black seed بعدة أحجام منها: 70 مل، 140 مل و210 مل من الكريم المخصص للشعر.  يوصى باستعمال كريم الشعر فاتيكا بالحبة السوداء   يوصى باستعمال  vatika hair cream black seed للشعر الضعيف والباهت، ويمكن استخدامه لجميع أنواع الشعر، بما في ذلك الشعر الجاف، المعالج كيميائيًا، المتضرر، والمصبوغ، كما أنه مثالي للنساء اللواتي يبحثن عن حل طبيعي لتعزيز قوة ولمعان شعرهن.  سعر كريم فاتيكا بالحبة السوداء   سعر vatika hair cream black seed بحجم 70  مل 21.75 جنيه مصري، وحجم 40 مل بسعر 53 جنيه أما عن حجم 210 مل فهو بسعر 67.5 جنيه (قد يتغير سعر المنتج وفقًا لتحديثه بالصيدليات أو حسب العروض المتاحة).  طريقة استخدام كريم فاتيكا بالحبة السوداء  بعد غسل الشعر، جففيه بالمنشفة لإزالة الرطوبة الزائدة.  ضعي كمية صغيرة من الكريم على راحة يديك.  وزعي الكريم بلطف على شعرك من الجذور حتى الأطراف.  يُفضل استخدامه على شعر رطب لتحقيق أفضل النتائج.  فوائد كريم فاتيكا بالحبة السوداء للشعر  يقوي الشعر ويمنع تساقطه.  يساعد على تغذية فروة الرأس.  يُرطب الشعر ويمنحه مظهرًا صحيًا ولامعًا.  يقلل من تقصف الشعر ويحافظ على مرونته.  ما هى اضرار كريم فاتيكا للشعر ؟  كريم فاتيكا للشعر، مثل أي منتج تجميلي آخر، قد يكون له بعض الآثار الجانبية أو الأضرار على بعض الأشخاص، خاصة إذا كانت فروة الرأس أو الشعر لديهم حساسة أو لديهم حساسية تجاه أحد المكونات. إليك بعض الأضرار المحتملة لاستخدام كريمات الشعر:  تهيج فروة الرأس.  جفاف الشعر.  تساقط الشعر.  ردود فعل تحسسية.  تراكم المنتج.  ما هى انواع كريم فاتيكا ؟  كريم فاتيكا بالحبة السوداء vatika hair cream black seed  كريم فاتيكا بزيت اللوز والعسل  Vatika Almond & Honey Hair Cream  كريم فاتيكا بزيت جوز الهند  Vatika Coconut Hair Cream  كريم فاتيكا بزيت الزيتون  Vatika Olive Hair Cream  كريم فاتيكا بزيت الصبار  Vatika Aloe Vera Hair Cream  كريم فاتيكا بزيت الثوم  Vatika Garlic Hair Cream  كريم فاتيكا بزيت الكيراتين  Vatika Keratin Hair Cream  كريم فاتيكا بزيت الأرغان  Vatika Argan Hair Cream  ما افضل كريم لترطيب الشعر ؟  كريم فاتيكا بالحبة السوداء vatika hair cream black seed.  بندولين كريم الشعر Penduline hair cream.  بلس كريم الشعر Bless hair cream.  الو ايفا بالصبار كريم الشعر Aloe Eva hair cream.  تريتو كريم الشعر Treato hair cream.,ماركة: فاتيكا
23141,سترونج فيل | كريم للشعر للرجال لتغذية وتقوية الشعر | 120جم,strongville mens hair cream 120gm crrb,195,EGP,سترونج فيل,العناية بالشعر>,in stock,https://chefaa.com:443/eg-ar/nowProduct/strongville-mens-hair-cream-120gm-crrb,https://cdn.chefaa.com/filters:format(webp)/public/uploads/products/strongville-mens-hair-cream-120gm-vf2t-01663591786.png,https://cdn.chefaa.com/filters:format(webp)/public/uploads/products/strongville-mens-hair-cream-120gm-vf2t-01663591786.png,"مميزات المنتج   كريم شعر سترونج فيل للرجال (strong ville hair cream) يعمل على تقليل تساقط الشعر. يعمل على ترطيب الشعر وجعله أكثر نعومة ولمعان. تم اختباره من قبل أطباء الجلدية والتجميل.   عن هذا المنتج     مكونات كريم سترونج فيل للشعر للرجال     بروكابيل: يعمل على تقليل التساقط وتحفيز نمو الشعر وتقوية بصيلات الشعر وتنشيط الدورة الدموية لفروة الرأس.   كيرافيز: مركب يساعد على تقوية الشعر وترطيبه.   البيوتين.   فيتامين هـ.   شمع النحل.   زيت بذرة القمح.   زيت الجرجير.   الكيراتين.   الكافيين.   مستخلص البلميط المنشاري.     فوائد كريم سترونج فيل للشعر     يعمل على تقليل تساقط الشعر.   يعمل على تحفيز نمو الشعر وجعله أكثر كثافة.   يساعد على تعزيز مرونة الشعر.   يساعد على تغذية الشعر بعمق.   يعمل على زيادة قوة الشعر 3 مرات أكثر.   يعمل على ترطيب الشعر وجعله أكثر نعومة ولمعان.     سعر كريم سترونج فيل للشعر سعر سترونج فيل كريم للرجال حوالى 195 جنيه. "" قد يتغير سعر كريم سترونج فيل للرجال من وقت لاخر تبعاً لتغير سعره فى الاسواق ""  حجم strongville hair cream يتوافر strongville hair cream  بحجم 120 جم.     يوصي باستعمال strong ville كريم   strong ville كريم مناسب للرجال حيث يعمل على مد الشعر بالعناصر الغذائية الأساسية لجعله أكثر قوة وكثافة، كما يعمل على تحفيز نمو الشعر وتقليل التساقط.",ماركة: سترونج فيل
21119,ديفول | ليف ان كريم | 250مل,divol leave cream 250ml cfbo,150,EGP,ديفول,العناية بالشعر>,in stock,https://chefaa.com:443/eg-ar/nowProduct/divol-leave-in-cream-250ml-cfbo,https://cdn.chefaa.com/filters:format(webp)/public/uploads/products/divol-leave-in-cream-250ml-cfbo-01720793342.png,https://cdn.chefaa.com/filters:format(webp)/public/uploads/products/divol-leave-in-cream-250ml-cfbo-01720793342.png,مميزات المنتج   ديفول | ليف ان كريم | 250مل,ماركة: ديفول
52077,هيبتا | زيت الشعر بانثينول | 120مل,hepta antihair loss oil with panthenol7A5C,175,EGP,No Brand,العناية بالشعر>ترطيب وعلاج الشعر,in stock,https://chefaa.com:443/eg-ar/nowProduct/hepta-antihair-loss-oil-with-panthenol7A5C,https://cdn.chefaa.com/filters:format(webp)/public/uploads/products/hepta-antihair-loss-oil-with-panthenol7a5c-01734951058.png,https://cdn.chefaa.com/filters:format(webp)/public/uploads/products/hepta-antihair-loss-oil-with-panthenol7a5c-01734951058.png,"مميزات المنتج   هيبتا | زيت الشعر بانثينول | 120 مل   عن هذا المنتج     ""أول زيت للعناية بالشعر في السوق المصري يحتوي على البانثينول (البانثينول الزيتي) لوقف تساقط الشعر الناتج عن التلف ، يرطب الشعر ، يمنع التقصف وتقصف الأطراف ، كما أنه يحافظ على نعومة الشعر وسهولة تصفيفه. - معزز ب 10 زيوت سحرية تعمل على تطويل الشعر بسرعة وبشكل ملحوظ. - كما يعمل على إصلاح الشعر من الجذور حتى الأطراف ومناسب لجميع أنواع الشعر.""",raw_specs: المواصفات
46082,سيروبايب ليف ان للشعر المتساقط والجاف والكيرلى | 200 مل,seropipe leave conditioner 200ml ygq1_duAQGTIF,250,EGP,سيروبايب,العناية بالشعر>ترطيب وعلاج الشعر,in stock,https://chefaa.com:443/eg-ar/nowProduct/seropipe-leave-in-conditioner-200ml-ygq1_duAQGTIF,https://cdn.chefaa.com/filters:format(webp)/public/uploads/products/seropipe-leave-in-conditioner-200ml-ygq1-duaqgtif-01769436457.png,https://cdn.chefaa.com/filters:format(webp)/public/uploads/products/seropipe-leave-in-conditioner-200ml-ygq1-duaqgtif-01769436457.png,مميزات المنتج   سيروبايب | هير ليڤ ان كوندشنر | 200مل,ماركة: سيروبايب
60713,لونا | ماء اكسجين حجم 10 | 80مل,luna hydrogen peroxide vol wjhx_duVXoosi,17,EGP,لونا,العناية بالشعر>صبغات الشعر,in stock,https://chefaa.com:443/eg-ar/nowProduct/luna-hydrogen-peroxide-10-vol-wjhx_duVXoosi,https://cdn.chefaa.com/filters:format(webp)/public/uploads/products/luna-hydrogen-peroxide-10-vol-b7zg-01684600645.png,https://cdn.chefaa.com/filters:format(webp)/public/uploads/products/luna-hydrogen-peroxide-10-vol-b7zg-01684600645.png,مميزات المنتج   لونا | ماء اكسجين حجم 10 | 80مل,ماركة: لونا
45729,تويست آند جو | ليف ان لاعاده بناء الشعر | 250مل,twist whipped cream leave 250ml wztr_duaoM1ew,250,EGP,تويست اند جو,العناية بالشعر>ترطيب وعلاج الشعر,in stock,https://chefaa.com:443/eg-ar/nowProduct/twist-go-whipped-cream-leave-in-250ml-wztr_duaoM1ew,https://cdn.chefaa.com/filters:format(webp)/public/uploads/products/twist-go-whipped-cream-leave-in-250ml-bedy-01716308049.png,https://cdn.chefaa.com/filters:format(webp)/public/uploads/products/twist-go-whipped-cream-leave-in-250ml-bedy-01716308049.png,مميزات المنتج   تويست آند جو | ليف ان لاعاده بناء الشعر | 250مل,ماركة: تويست اند جو
20863,لونا | ماء اكسجين 20% | 80مل,luna oxygen water 80ml djgx,15,EGP,لونا,العناية بالشعر>,in stock,https://chefaa.com:443/eg-ar/nowProduct/luna-oxygen-water-80ml-djgx,https://cdn.chefaa.com/filters:format(webp)/public/uploads/products/luna-oxygen-water-80ml-oyyg-01655394801.png,https://cdn.chefaa.com/filters:format(webp)/public/uploads/products/luna-oxygen-water-80ml-oyyg-01655394801.png,عن هذا المنتج     لونا | ماء اكسجين 20% | 80مل,ماركة: لونا
24008,هيد أند شولدرز | شامبو ضد القشرة إنسيابي وحريري | 200مل,head shoulders smooth and silky 2in1 anti dandruff shampo200ml xtfn,145,EGP,هيد اند شولدرز,العناية بالشعر>,in stock,https://chefaa.com:443/eg-ar/nowProduct/head-shoulders-smooth-and-silky-2in1-anti-dandruff-shampo200ml-xtfn,https://cdn.chefaa.com/filters:format(webp)/public/uploads/products/head-shoulders-smooth-and-silky-2in1-anti-dandruff-shampo200ml-xtfn-01724059502.png,https://cdn.chefaa.com/filters:format(webp)/public/uploads/products/head-shoulders-smooth-and-silky-2in1-anti-dandruff-shampo200ml-xtfn-01724059502.png,مميزات المنتج   هيد أند شولدرز | شامبو ضد القشرة إنسيابي وحريري | 200مل,ماركة: هيد اند شولدرز
1601,لوريال باريس | صبغة الشعر الرائعة إكسيلانس كريم | 1 أسود,excellence creme hair color black,297,EGP,لوريال باريس,العناية بالشعر>صبغات الشعر,in stock,https://chefaa.com:443/eg-ar/nowProduct/excellence-creme-hair-color-1-black,https://cdn.chefaa.com/filters:format(webp)/public/uploads/products/excellence-creme-hair-color-1-black-01650707324.png,https://cdn.chefaa.com/filters:format(webp)/public/uploads/products/excellence-creme-hair-color-1-black-01650707324.png,"مميزات المنتج   لوريال باريس | صبغة الشعر الرائعة إكسيلانس كريم | 1 أسود   عن هذا المنتج     ﻿ Product Benefits: Our first hair colour enriched with PRO-KERATIN that protects and strengthens the hair while you colour! Worlds No.1 Hair color with T CARE PROTECTION   The 3 powerful ingredients used help: Application: 1 - Before Protect Your Hair: 1. Use the protective serum 1 on dry and unwashed hair 2. Apply to the most fragile parts of the hair( Length and ends) Mix Your Color: 1. Pour 2B into developer bottle 2A 2. Replace the applicator tip and shake vigorously until mixture is totally blended 3. Twist off the applicator tip after mixing 4. You can choose to use the comb applicator on length 2. During: 1. Start applying at the root- let it develop for 20 minutes 2. Apply remaining through hair length and ends- let it develop for 10 minutes Total develop time – 30 minutes 3. After: 1. Pour little warm water on the hair and massage it gently 2. Then rinse thoroughly until water runs clear 3. Spread the conditioner through hair and leave it for 2 minutes 4. Keep the conditioner for another application between coloring Skin Allergy Test: For Extra Care: To enhance the look of your color after application rinse your hair without shampoo: Innovation: Now, the world’s no1 hair color goes even further with triple-care color: an advanced technology with 3 powerful care ingredient: Ceramide:  Enriched with ceramide, a replica of hair’s natural cement, excellence crème smoothens and protects the hair Pro-Keratin:  Excellence crème revitalizes and strengthens the hair Collagen:  Known for its densifying power Excellence Crème Replenishes and Softens the hair   Ceramides PROTECT Pro Keratin STRENGTHENS Collagen RESTORES The product can lead to allergic reactions which in certain rare cases may be severe Allergy test must be done before 48hr Use color protective conditioner Rinse out with cold water for extra shine 100% Grey coverage from root to tip Rich, even, long-lasting color Soft and silky touch 85% more resistant to brushing Special comb applicator for ease in application",ماركة: لوريال باريس
18072,بالمرز | كريم سيلك للشعر | 150جم,palmers hair silk with vitamin j8p1,160,EGP,بالمرز,العناية بالشعر>,in stock,https://chefaa.com:443/eg-ar/nowProduct/palmers-hair-silk-with-vitamin-a-d-e-j8p1,https://cdn.chefaa.com/filters:format(webp)/public/uploads/products/palmers-hair-silk-with-vitamin-a-d-e-dwgp-01653305504.png,https://cdn.chefaa.com/filters:format(webp)/public/uploads/products/palmers-hair-silk-with-vitamin-a-d-e-dwgp-01653305504.png,مميزات المنتج   بالمرز | كريم سيلك للشعر | 150جم,ماركة: بالمرز
32322,بليس | أكياس ليف ان كريم لترطيب الشعر التالف والمقصف والكيرلي بزيت الأرجان | 35مل,bless leave cream with argan oil sachets 35ml hnjc_duz06V1m,10,EGP,بليس,العناية بالشعر>,in stock,https://chefaa.com:443/eg-ar/nowProduct/bless-leave-in-cream-with-argan-oil-sachets-35ml-hnjc_duz06V1m,https://cdn.chefaa.com/filters:format(webp)/public/uploads/products/bless-leave-in-cream-with-argan-oil-sachets-35ml-r64g-11687171482.png,https://cdn.chefaa.com/filters:format(webp)/public/uploads/products/bless-leave-in-cream-with-argan-oil-sachets-35ml-r64g-11687171482.png,عن هذا المنتج     بليس | أكياس ليف ان كريم لترطيب الشعر التالف والمقصف والكيرلي بزيت الأرجان | 35مل,ماركة: بليس
32487,دواء نيتوليك للقمل وحشرات الرأس للاطفال | nitolic kit,nitolic therapeutic for head lice and nitic 50ml qtag,460,EGP,No Brand,العناية بالشعر>,in stock,https://chefaa.com:443/eg-ar/nowProduct/nitolic-therapeutic-for-head-lice-and-nitic-50ml-qtag,https://cdn.chefaa.com/filters:format(webp)/public/uploads/products/nitolic-therapeutic-for-head-lice-and-nitic-50ml-qtag-01719728113.png,https://cdn.chefaa.com/filters:format(webp)/public/uploads/products/nitolic-therapeutic-for-head-lice-and-nitic-50ml-qtag-01719728113.png,"مميزات المنتج   يتميز دواء نيتوليك للقمل (nitolic treatment lotion 50 ml) بما يلي: أحد المنتجات المعتمدة في علاج القمل وحشرات الرأس بفعالية. سهل الاستخدام والدهن على فروة الرأس. يظهر تأثيره في القضاء على القمل وحشرات الرأس خلال وقت قصير من الاستخدام. له تركيبة آمنة للاستخدام على فروة رأس الأطفال دون أي آثار جانبية ضارة. يتميز بتركيبة غير دهنية ولذلك مناسب للاستخدام اليومي. غني بزيت الليمون والنعناع مما يضفي رائحة منعشة وجميلة. يحمي فروة الرأس من الإصابة بالقمل مرة أخرى. تظهر نتائجه مباشرة بعد أول استخدام. سعر نيتوليك لعلاج القمل مناسب مقارنة بفوائده العديدة.   عن هذا المنتج     مكونات دواء نيتوليك للقمل (nitolic) يحتوي نيتوليك نظام العلاج من قمل الراس 50 مل على: زيت اكليل الجبل: يعمل كمضاد للبكتيريا وله خصائص مطهرة، ويمكن أن يساعد على قتل القمل.  زيت النعناع: يساعد على تهدئة فروة الرأس وتخفيف الحكة والتهيج الناتج عن لدغات القمل.  زيت شجرة الشاي: له خصائص مضادة للبكتيريا ومضادة للفطريات، ويمكن أن يساعد على قتل القمل والحد من التهيج.  زيت اللافندر: له خصائص مهدئة ومضادة للالتهابات، ويمكن أن يساعد على تهدئة فروة الرأس وتقليل الحكة.  زيت الليمون: يعمل كمطهر ومضاد للبكتيريا.  زيت الأوكاليبتوس: له خصائص مضادة للبكتيريا والفطريات، ويمكن أن يساعد على تطهير فروة الرأس وقتل القمل.  فوائد نيتوليك للاطفال فعال في التخلص من القمل وحشرات الرأس. يخفف من الحكة والتهاب فروة الرأس. يضفي على الفروة رائحة جميلة ومنعشة. يحمي من الإصابة المتكررة بالقمل. آمن الاستخدام على فروة رأس الأطفال حجم نيتوليك لعلاج القمل   يتوفر نيتوليك للوقايه من القمل بحجم 50 مل. nitolic سعر يبلغ سعر نيتوليك للقمل حوالي 450 جنيه مصري. "" قد يتغير سعر nitolic للقمل من وقت لاخر تبعاً لتغير سعره فى الاسواق ""   يوصى باستعمال بخاخ نيتوليك لكل من: نيتوليك للشعر مناسب لمن يعانون من القمل وحشرات الرأس، فهو يمتلك خصائص مضادة للبكتيريا والفطريات ويساعدك على التخلص من حشرات الرأس بعد أول استخدام، وهو مناسب وآمن للاستخدام للأطفال. طريقة استخدام نيتوليك للقمل nitolic دواء للقمل للاطفال nitolic طريقة الاستخدام هى: اغسلي الشعر جيدًا قبل ساعة من الاستخدام.  قسّمي الشعر إلى 4 أجزاء متساوية باستخدام مشط الشعر المتوفر مع العبوة.  رشي المنتج من الجذور إلى أطراف الشعر.  دلكي فروة الرأس والشعر بحركات دائرية.  اغسلي الشعر بالماء جيداً. ما هى عدد مرات استخدام نيتوليك لوشن ؟ لتوفير الحماية ضد قمل الرأس، يتم استعمال  نيتوليك سبراى (nitolic spray) يوميًا على فروة الرأس والشعر. ما هو بديل نيتوليك للقمل ؟ من بدائل nitolic لعلاج القمل إيفرزين لوشن و ليسيل بخاخ وليسيد لوشن. ما افضل علاج للقمل من الصيدلية؟  إيفرزين لوشن.  أوبيدال سيروم.  هيرا كاريزما سبراي.  باراسيدوز لوشن.  نيتوليك بخاخ.",raw_specs: المواصفات
56435,سباركل | شامبو وكونديشنر | 170مل,sparkle shcon 170mlPPSt,45,EGP,سباركل,العناية بالشعر>,in stock,https://chefaa.com:443/eg-ar/nowProduct/sparkle-shcon-170mlPPSt,https://cdn.chefaa.com/filters:format(webp)/public/uploads/products/sparkle-shcon-170mlppst-01733704407.png,https://cdn.chefaa.com/filters:format(webp)/public/uploads/products/sparkle-shcon-170mlppst-01733704407.png,مميزات المنتج   سباركل | شامبو وكونديشنر | 170مل,ماركة: سباركل
46421,امبولات كابكسي للشعر لعلاج التساقط capixy vials | ٧٠ مل,capixy anti hair loss vials 70ml rb5c_duQKVVD9,950,EGP,كابيكسي,العناية بالشعر>ترطيب وعلاج الشعر,in stock,https://chefaa.com:443/eg-ar/nowProduct/capixy-anti-hair-loss-vials-70ml-rb5c_duQKVVD9,https://cdn.chefaa.com/filters:format(webp)/public/uploads/products/capixy-anti-hair-loss-vials-70ml-qyuu-01702458861.png,https://cdn.chefaa.com/filters:format(webp)/public/uploads/products/capixy-anti-hair-loss-vials-70ml-qyuu-01702458861.png,مميزات المنتج   تتميز امبولات كابكسي للشعر capixy ampoules بما يلي: لها تركيبة مميزة تُقلل من تساقط الشعر وتعزز قوته. تُحفز نمو شعر جديد، مما يؤدي إلى زيادة كثافة وامتلاء الشعر. تُعيد دورة نمو الشعر إلى طبيعتها، مما يساهم في تحسين صحة الشعر بشكل عام. سعر امبولات كابكسي للشعر مناسب مقارنة بفوائدها في زيادة كثافة الشعر واستعادة صحته.   عن هذا المنتج     مكونات امبولات كابكسي للشعر   تحتوي كابكسي امبولات على:  كابكسيل (Capixyl): يقوي بصيلات الشعر ويقلل من تساقطه.  بروكابيل (Procapil): يعزز نمو الشعر ويحسن صحة فروة الرأس.  ريدينسيل (Redensyl): يحفز الخلايا الجذعية لإعادة نمو الشعر.  أماينكسيل (Aminexil):  يمنع تصلب بصيلات الشعر، مما يشجع على نمو شعر جديد.  أناجين (Anagain): يعزز حيوية الشعر ويساعد على إطالة مرحلة النمو.  بايكابيل (Baicapil):  يكافح ترقق الشعر ويزيد من كثافته.  حجم عبوة capixy vials   تتوفر امبولات كابكسي للشعر بحجم 70 مل.  سعر امبولات كابكسي للشعر   يبلغ سعر امبولات capixy حوالي 850 جنيه مصري (سعر المنتج قد يتغير تبعاً لتحديث سعره في الصيدليات أو حسب العروض المتاحة).  يوصى باستعمال كابكسي امبولات ل   أمبولات كابكسي تناسب أصحاب الشعر الضعيف والمعرض للتساقط ومن يعانون من فراغات الشعر، فهي تعزز نمو الشعر وتقوي البصيلات مما يساعد على زيادة كثافة الشعر واستعادة صحته وجماله.  طريقة استخدام capixy ampoules  ضع 2.5 مل من المحلول على فروة الرأس.  دلك فروة الرأس بلطف بحركات دائرية لمدة 3 دقائق لضمان الامتصاص الكامل.  لا تشطف شعرك بعد الاستخدام.  للحصول على أفضل النتائج، استخدم المنتج بانتظام لمدة لا تقل عن 3 أشهر.  ما فوائد كابكسي الاحمر لتساقط الشعر؟  تتضمن فوائد capixy anti hair loss vials ما يلي:  تقليل تساقط الشعر.  تقوية البصيلات وتعزيز نمو الشعر.  زيادة كثافة الشعر.  استعادة صحة الشعر بشكل عام.  ما أفضل امبولات لتساقط الشعر؟  أمبولات ألو إيفا بخلاصة الصبار aloe eva ampoules.  أمبولات سيروبايب seropipe ampoules.  أمبولات هير مكس hair mix ampoules.  أمبولات كابكسي capixy ampoules.  أمبولات فيشي ديركوس vichy dercos ampoules.,ماركة: كابيكسي
1178,سيروبايب | شامبو لتساقط الشعر وتكثيفه | 300مل,seropipe hair shampoo free sulfate,265,EGP,سيروبايب,العناية بالشعر>,in stock,https://chefaa.com:443/eg-ar/nowProduct/seropipe-hair-shampoo-free-sulfate,https://cdn.chefaa.com/filters:format(webp)/public/uploads/products/seropipe-hair-shampoo-free-sulfate-01769436818.png,https://cdn.chefaa.com/filters:format(webp)/public/uploads/products/seropipe-hair-shampoo-free-sulfate-01769436818.png,"مميزات المنتج   يتميز شامبو سيروبايب (seropipe shampoo) بالآتي: له تركيبة مميزة تساعد على تقوية بصيلات الشعر وتقليل التساقط. مناسب لأصحاب الشعر الجاف والتالف. يزيد من نعومة ولمعان الشعر. له تركيبة طبيعية خالية من السلفات. يحتوي على مجموعة من المرطبات والزيوت الطبيعية. مناسب لأصحاب الشعر المعالج والمصبوغ. سعر شامبو سيروبايب مناسب مقارنة بفوائده للشعر.   عن هذا المنتج     شامبو سيروبايب شامبو طبيعي 100% لا يحتوي على السالفات ، يتميز بتركيبة متطورة تغذي الشعر ويحمي الشعر من التساقط ليمنحك شعراً نظيفاً ومنعشاً. مكونات شامبو سيروبايب للشعر يحتوي seropipe shampoo على: كامجين K وكامجين E: أعشاب يابانية طبيعية تحفز الدورة الدموية في فروة الرأس وتساعد على زيادة طول الشعر. البيوتين: له دور في تقليل التساقط وزيادة كثافة الشعر. الكيراتين: يزيد من نعومة ولمعان الشعر. زيت الأرجان: يرطب الشعر ويعالج الجفاف والهيشان. مستخلص بذور القهوة العربية: تحفز الدورة الدموية في البصيلات وتزيد من نمو الشعر. فوائد شامبو سيروبايب للشعر شامبو طبي خالي من السلفات ولذلك لا يسبب جفاف الشعر، بالإضافة إلى دوره في تقليل التساقط ومنح الشعر النعومة واللمعان بفضل تركيبته المحتوية على مجموعة من المرطبات والزيوت الطبيعية. حجم سيروبايب شامبو طبي لتساقط الشعر  يتوفر seropipe hair shampoo بحجم 300 مل. يوصى باستعمال seropipe shampoo  لـ: شامبو سيروبايب مناسب لأصحاب الشعر الخفيف والجاف إذ يساهم في تقليل التساقط وتقوية البصيلات ومنح الشعر المزيد من النعومة واللمعان.  طريقة استعمال شامبو سيروبايب      يتم غسل الشعر بالماء  يتم وضع كمية من شامبو تريسمي للعناية بالشعر على الشعر وهو مبلل يتم تدليك الشعر جيداً لعدة دقائق  يتم شطف الشعر بالماء جيداً لإزالة الشامبو  يتم تجفيف الشعر جيداً قبل تصفيفه سعر شامبو سيروبايب يبلغ سعر شامبو seropipe حوالي 210 جنيه مصرى  ""  seropipe shampoo سعره قد يتغير من وقت لآخر تبعاً لتغير سعره فى الصيدليات "". ما هى أضرار شامبو سيروبايب ؟ عادةً لا يسبب shampoo seropipe أضرار طالما يناسب طبيعة الشعر . ما هى مميزات سيروبايب شامبو ؟ شامبو طبيعي لا يحتوي على السالفات مناسب للشعر المعالج و المصبوغ يحتوى على مرطبات و لا يسبب اى جفاف للشعر يخفف من تساقط الشعر   ما هى عيوب شامبو سيروبايب ؟ فى بعض الحالات قد يسبب الشامبو جفاف الشعر. ما أفضل شامبو طبي لتساقط الشعر وتكثيفه ؟ انفينيتي توب هير شامبو. سيروبايب شامبو seropipe hair shampoo 300 ml. سترونج فيل شامبو. شامبو ألوكيتا للتساقط. شامبو ديركوس من فيتشي.",ماركة: سيروبايب
25622,سيرم كلاري للشعر الجاف والتالف clary hair serum | ١٠٠ مل,clary hair serum pdgh,350,EGP,كلاري,العناية بالشعر>ترطيب وعلاج الشعر,in stock,https://chefaa.com:443/eg-ar/nowProduct/clary-hair-serum-100-ml-pdgh,https://cdn.chefaa.com/filters:format(webp)/public/uploads/products/clary-hair-serum-100-ml-pdgh-01703070648.png,https://cdn.chefaa.com/filters:format(webp)/public/uploads/products/clary-hair-serum-100-ml-pdgh-01703070648.png,"مميزات المنتج   سيرم كلاري للشعر (clary hair serum) يتميزبما يلى : يعالج مشكلات الشعر المختلفة من تقصف، وتساقط، وبهتان بفضل تركيبته المميزة من خلاصة الفلفل الحار وزيت الأرجان. يناسب جميع أنواع الشعر. خفيف القوام لذا يتم امتصاصه بسرعة فائقة. يغذي الشعر ويحميه من الجذور حتى الأطراف. يمنح الشعر ترطيبًا، ولمعانًا، ونعومة عالية. خالٍ من السلفات، والبارابين، والسيليكون.   عن هذا المنتج     مكونات سيرم كلاري للشعر clary hair serum يحتوي سيروم كلاري قبل الحراره على تركيبة متميزة من المواد الفعالة لعلاج وإصلاح الشعر التالف، وتشمل:  مستخلص الفلفل الحار (capsicum extract) والذي يعزز الدورة الدموية في فروة الرأس، ويحفز بصيلات الشعر من أجل نموه.  زيت الأرجان (argan oil) يوفر الترطيب العميق للشعر.  ثنائي الميثيكون (dimethicone).  زيامتر (xiameter).  جليسريل بيتاين (glyceryl betaine).  استرات من حمض البولي أكريليك (polyacrylic acid esters).  بولي سوربيت (polysorbate 80).  فوائد سيروم كلاري للشعر يُستخدم clary serum في حل مشكلات الشعر المختلفة مثل الهيشان، والتقصف، والتساقط حيث: يعالج جفاف الشعر ويمنحه ترطيبًا عاليًا.  يحمي الشعر من الجذور حتى الأطراف.  يحمي الشعر من الحرارة وعوامل البيئة.  يحسن الدورة الدموية لفروة الرأس.  يحفز نمو الشعر؛ إذ تعمل خلاصة الفلفل الحار على تنشيط بصيلات الشعر.  حجم clary hair serum  يتوفر سيروم كلاري للشعر بحجم 100 مل.  سعر سيرم كلاري للشعر سيروم كلاري سعره يبلغ حوالى 295 جنيه مصري. ""clary hair serum سعره قد يتغير تبعا لتغير سعره في الاسواق"" يوصى باستعمال كلاري سيرم  سيرم clary كلاري صُمم خصيصا للشعر الذى يعانى من التقصف، والتلف، والبهتان، والتساقط، حيث تعمل تركيبته المميزة من خلاصة الفلفل الحار الذي يعمل على تحفيز الدورة الدموية في فروة الرأس وتغذية بصيلات الشعر . طريقة استخدام سيروم clary  قومي بغسل الشعر بالشامبو المعتاد والمناسب له، ويُنصح باستعمال شامبو كلاري.  ضعي 1-2 نقطة من سيروم كلاري على الشعر الرطب من منتصف الشعر حتى الأطراف.  يمكن وضع السيروم على الشعر الجاف ولكن يُفضل وضعه على الشعر المبلل.  لتنشيط بصيلات الشعر يمكنك، وضع 1-2 نقطة من السيروم على فروة الرأس مع تدليكها. .   هل يُستخدم سيروم كلاري قبل الحرارة ؟  يُفضل وضع سيروم كلاري على الشعر المبلل أو الجاف أو بعد الحرارة. توفر شركة كلاري منتجًا مصمم خصيصًا لحماية الشعر من الحرارة وهو Clary SPF +50 Mist، وهو بخاخ يمكنك رشه قبل استخدام مكواة الشعر لحمايته من التلف والتساقط.  ما هى فوائد سيروم Clary ؟  يحسن الدورة الدموية لفروة الرأس وينشط بصيلات الشعر مما يحفز نموه.  يعطي الشعر ملمسًا ناعمًا ومظهرًا لامعًا.  يحمي الشعر من الجذور حتى الأطراف.  يعالج الشعر من الجفاف ويمنحه ترطيبًا فائقًا.  هل كلاري سيرم يحمي الشعر من الحراره؟ يعمل كلاري هير سيرم على علاج وإصلاح الشعر التالف، بينما توفر شركة كلاري منتجًا صمم خصيصًا لحماية الشعر من الحرارة سواء حرارة الشمس أو حرارة أدوات التصفيف مثل المكواة وهو بخاخ Clary SPF +50 Mist. كم مرة يجب وضع clary سيروم على الشعر؟  يُفضل استخدام سيروم شعر كلاري من مرتين لثلاث مرات أسبوعيًا بعد غسيل الشعر بالشامبو. هل يستخدم كلاري هير سيرم يومياً؟ تُحدد عدد مرات استخدام clary سيرم الشعر حسب حاجة ونوعية الشعر، فقد يوصى للبعض باستخدامه يوميا، ويُنصح البعض الآخر باستخدامه 2-3 أسبوعيًا، لذلك يجب استشارة طبيب الجلدية لينصحك بما هو أفضل أو اتباع التعليمات المدونة على العبوة. هل سيرم كلاري للشعر يحتوي على سيليكون؟ كلاري سيروم للشعر (clary hair serum 100 ml)هو مستحضر خالٍ من السلفات، والسيليكون، والبارابين. ما افضل سيروم لحماية الشعر من حرارة المكواة ؟  سيروم كلاري (clary hair serum).  لوريال باريس سيروم للحماية واللمعان l’oreal paris serum).  سيروم فاتيكا للشعر المتقصف والتالف (vatika hair serum).   دابر أملا سيروم للشعر المتقصف (Amla hair serum).",ماركة: كلاري
51341,داجو | بلس شامبو مضاد للقشرة | 250مل,dago plus hair shampoo cps complex 250mlXukL,300,EGP,No Brand,العناية بالشعر>شامبو وبلسم,in stock,https://chefaa.com:443/eg-ar/nowProduct/dago-plus-hair-shampoo-cps-complex-250mlXukL,https://cdn.chefaa.com/filters:format(webp)/public/uploads/products/dago-plus-hair-shampoo-cps-complex-250mlxukl-01736669934.png,https://cdn.chefaa.com/filters:format(webp)/public/uploads/products/dago-plus-hair-shampoo-cps-complex-250mlxukl-01736669934.png,مميزات المنتج   داجو | بلس شامبو مضاد للقشرة | 250مل,raw_specs: المواصفات
6009,إيڤا هير كلينيك جولد أرجان | بلسم بالارجان والذهب | 230مل,eva conditioner gold argan 230ml ycaw,145,EGP,إيڤا,العناية بالشعر>شامبو وبلسم,in stock,https://chefaa.com:443/eg-ar/nowProduct/eva-conditioner-gold-argan-230ml-ycaw,https://cdn.chefaa.com/filters:format(webp)/public/uploads/products/eva-conditioner-gold-argan-230ml-ycaw-01738338237.png,https://cdn.chefaa.com/filters:format(webp)/public/uploads/products/eva-conditioner-gold-argan-230ml-ycaw-01738338237.png,مميزات المنتج   جولد ارجان بلسم هو مرطب عميق للشعر يعمل على تقليل تقصف أطرافه ويمنحه لمعانا فورياً ونعومة، كما انه يساعد على تقوية الشعر عن طريق تحسين مرونته.,ماركة: إيڤا
2605,داكس | هاي اند تايت كريم لتصفيف وتثبيت للشعر | 99 جم,dax high and tight awesome hold hair dress cream 99gm,350,EGP,داكس,العناية بالشعر>,in stock,https://chefaa.com:443/eg-ar/nowProduct/dax-high-and-tight-awesome-hold-hair-dress-cream-99gm,https://cdn.chefaa.com/filters:format(webp)/public/uploads/products/dax-high-and-tight-awesome-hold-hair-dress-cream-99gm-01719496708.png,https://cdn.chefaa.com/filters:format(webp)/public/uploads/products/dax-high-and-tight-awesome-hold-hair-dress-cream-99gm-01719496708.png,مميزات المنتج   ﻿﻿يمنحك لمعة رائعة يحافظ علي ترطيب الشعر شعر أنعم تثبيت متوسط,ماركة: داكس
8711,كانتو | كريم ليف ان بالارجان | 453جم,cantu argan oil leave conditioning repair cream 453g d3yn,560,EGP,كانتو,العناية بالشعر>,in stock,https://chefaa.com:443/eg-ar/nowProduct/cantu-argan-oil-leave-in-conditioning-repair-cream-453g-d3yn,https://cdn.chefaa.com/filters:format(webp)/public/uploads/products/cantu-argan-oil-leave-in-conditioning-repair-cream-453g-d3yn-01724031637.png,https://cdn.chefaa.com/filters:format(webp)/public/uploads/products/cantu-argan-oil-leave-in-conditioning-repair-cream-453g-d3yn-01724031637.png,"مميزات المنتج   كانتو | كريم ليف ان بالارجان | 453جم   عن هذا المنتج     كريم إصلاح بلسم بزيت الأرغان. زيت الأرغان علاج ترطيب عميق مصنوع من زيت الأرجان النقي ومكونات طبيعية أخرى للمساعدة في حماية الشعر من أضرار التصفيف اليومي. عند استخدامه يوميًا ، يساعد كريم إصلاح بلسم زيت كانتو أرغان على تعزيز شعر قوي وصحي. مثالي لـ: الشعر العادى والملون والمجعد. الفوائد: يرطب بعمق لحماية الشعر من التلف. مُصمم للشعر شديد الحرارة والتصفيف. يشجع زيت الأرغان اللمعان والمرونة والنمو. نصائح الاستخدام: ضعي كريم الإصلاح والترطيب بزيت الأرغان من كانتو يوميًا على الأطراف المتقصفة أو المناطق المتضررة. مشط واتركه يجف طبيعيا. بعد 3 أيام من التلوين ، ضعي كريم إصلاح الترطيب بزيت الأرغان من كانتو بسخاء لتنظيف الشعر الرطب. غطي الشعر بغطاء بلاستيكي وضعي حرارة معتدلة لمدة 15 دقيقة. اشطفها وصفّفيها كالمعتاد. طريقة الاستخدام: التصفيف اليومي: ضعي كمية وفيرة من المنتج على أطراف الشعر الرطب واعملي على الجذور. مشط من خلال التوزيع المتساوي. لا تشطفه. ضعي المزيد على أطراف الشعر الطويل أو المناطق التي بها مشاكل. علاج يترك على الشعر: يوضع حسب توجيهات ""التصفيف اليومي"" وغطيه بغطاء بلاستيكي طوال الليل للحصول على أقصى قدر من الامتصاص والترطيب المكثف.",ماركة: كانتو
6044,هير كنترول كريم فرد الشعر | 550جم,hair control hair straightener cream 550gm 0lk3,185,EGP,إيڤا,العناية بالشعر>,in stock,https://chefaa.com:443/eg-ar/nowProduct/hair-control-hair-straightener-cream-550gm-0lk3,https://cdn.chefaa.com/filters:format(webp)/public/uploads/products/1619381441hair-control-hair-straightener-cream-550gm-chefaajpg,https://cdn.chefaa.com/filters:format(webp)/public/uploads/products/1619381441hair-control-hair-straightener-cream-550gm-chefaajpg,عن هذا المنتج     كريم لفرد الشعر جاهز للإستعمال قوي.,ماركة: إيڤا
23627,شامبو بوبانا بجوز الهند للشعر الجاف والهايش | 400 مل,bobana coconut oil shampoo for dry and brittle hair xqgg,150,EGP,بوبانا,العناية بالشعر>,in stock,https://chefaa.com:443/eg-ar/nowProduct/bobana-coconut-oil-shampoo-for-dry-and-brittle-hair-xqgg,https://cdn.chefaa.com/filters:format(webp)/public/uploads/products/bobana-coconut-oil-shampoo-for-dry-and-brittle-hair-re2e-01664859276.png,https://cdn.chefaa.com/filters:format(webp)/public/uploads/products/bobana-coconut-oil-shampoo-for-dry-and-brittle-hair-re2e-01664859276.png,مميزات المنتج   يتميز شامبو بوبانا بجوز الهند bobana shampoo بما يلي: له تركيبة متطورة غنية بزيت جوز الهند الذي يوفر ترطيبًا عميقًا للشعر الجاف، مما يساعد على التخلص من الجفاف ويمنح الشعر نعومة ملحوظة. يقلل تطاير وهيشان الشعر، ويجعله أكثر سلاسة وانسيابية. ينظف فروة الرأس والشعر بفعالية. خالٍ من السلفات والبارابين والسيليكون. يمنح الشعر مظهرًا صحيًا ولامعًا بفضل تغذية الشعر من الجذور حتى الأطراف. تركيبته مصممة خصيصًا للشعر الجاف والتالف، مما يساعد على إصلاح الأضرار الناتجة عن التصفيف الحراري والتعرض للشمس والعوامل البيئية الأخرى. سعر شامبو بوبانا بجوز الهند مناسب مقارنة بفوائده العديدة للشعر.   عن هذا المنتج     مكونات شامبو بوبانا للشعر الجاف   يحتوي بوبانا شامبو على  زيت جوز الهند (coconut oil): يغذي الشعر بعمق ويرطبه، مما يساعد على تحسين مرونته وتقليل الجفاف.  حليب جوز الهند (coconut milk): يحتوي على الدهون الطبيعية والفيتامينات التي ترطب الشعر وتجعله أكثر نعومة وانسيابية.  بروتين القمح (wheat protein): يساعد على تغذية وتقوية الشعر مما يقلل التكسر كما يعزز نعومة ولمعان الشعر ويحسن ملمسه.  بروتين الصويا (soy protein): يساعد على تحسين مرونة الشعر ويقلل التقصف مما يمنح الشعر مظهرًا أكثر صحة وحيوية.  البانثينول (فيتامين B5): يرطب الشعر بعمق ويعمل على إصلاح الشعر التالف والمتضرر.  الجلسرين (glycerin): يعمل كمرطب طبيعي يساعد على جذب الرطوبة من الجو والحفاظ عليها داخل الشعر، مما يمنع جفافه.  حجم عبوة bobana shampoo   يتوفر شامبو بوبانا بحجم 400 مل.  سعر شامبو بوبانا بجوز الهند   يبلغ سعر بوبانا شامبو حوالي 140 جنيه مصري (سعر المنتج قد يتغير تبعاً لتحديث سعره في الصيدليات أو حسب العروض المتاحة).  يوصى باستعمال بوبانا شامبو ل   شامبو بوبانا مناسب لأصحاب الشعر الجاف والهايش فهو يرطب الشعر بعمق ويمنحه التغذية المناسبة، مما يعطيه مظهرًا صحيًا وأكثر انسيابية ونعومة.  طريقة استخدام بوبانا شامبو بجوز الهند   ضعي كمية مناسبة من الشامبو على شعرك المبلل ووزعيها جيداً من الجذور حتى الأطراف.  دلكي فروة الرأس بلطف لازالة جميع الزيوت الزائدة.  اشطفي شعرك جيداً ويمكنك استخدام بلسم بوبانا لزيادة ترطيب وتغذية شعرك.  ما فوائد شامبو بوبانا؟  ينظف الشعر بعمق وفعالية.  يمنح الشعر ترطيباً عميقاً وبالتالي يحميه من التقصف والتكسر.  يزيد نعومة ولمعان الشعر.  يقلل من هيشان الشعر ويمنحه مظهرًا ناعمًا وانسيابيًا.  هل شامبو بوبانا خالي من السلفات؟  يحتوي شامبو بوبانا على نسبة منخفضة من السلفات لذلك يعد لطيفاً على فروة الرأس ولا يسبب الجفاف أو التلف للشعر.  ما أفضل نوع شامبو بوبانا؟  يختلف النوع الأفضل تبعًا لنوع شعرك، ويتوافر من شامبو بوبانا الأنواع التالية:  شامبو بوبانا بزيت جوز الهند.   شامبو بوبانا بزيت الثوم الأسود.  شامبو بوبانا بزيت الأرجان.  ما افضل شامبو للشعر الجاف؟  شامبو لوريال الفيف اكسترا أورديناري loreal elvive extra ordinary  شامبو لوفيا lovea shampoo.  شامبو زيرو فريز zero frizz shampoo.  شامبو هيربل ايسينسز للشعر الجاف herbal essences shampoo.  شامبو بوبانا بزيت جوز الهند bobana with coconut oil shampoo.,ماركة: بوبانا
32115,فيشي | شامبو ديركوس المضاد للقشرة للشعر العادي الى الدهني | 200مل,vichy dercos anti dandruff shampoo for normal oily hair 200ml kkvw,800,EGP,فيشي,العناية بالشعر>شامبو وبلسم,in stock,https://chefaa.com:443/eg-ar/nowProduct/vichy-dercos-anti-dandruff-shampoo-for-normal-to-oily-hair-200ml-kkvw,https://cdn.chefaa.com/filters:format(webp)/public/uploads/products/vichy-dercos-anti-dandruff-shampoo-for-normal-to-oily-hair-200ml-kkvw-01709982692.png,https://cdn.chefaa.com/filters:format(webp)/public/uploads/products/vichy-dercos-anti-dandruff-shampoo-for-normal-to-oily-hair-200ml-kkvw-01709982692.png,مميزات المنتج   فيشي | شامبو ديركوس المضاد للقشرة للشعر العادي الى الدهني | 200مل,ماركة: فيشي
34,فيشي | سبراي ديركوس دينسي سوليوشنز | 100مل,vichy dercos densi solutions hair mass recreating concentrate 100ml,2380,EGP,فيشي,العناية بالشعر>ترطيب وعلاج الشعر,in stock,https://chefaa.com:443/eg-ar/nowProduct/vichy-dercos-densi-solutions-hair-mass-recreating-concentrate-100ml,https://cdn.chefaa.com/filters:format(webp)/public/uploads/products/1608462323-0000s-0040-3337875574372png,https://cdn.chefaa.com/filters:format(webp)/public/uploads/products/1608462323-0000s-0040-3337875574372png,مميزات المنتج   فيشي | سبراي ديركوس دينسي سوليوشنز | 100مل   عن هذا المنتج     مكونات ديركوس دينسي سوليوشنز سبراي من فيشي:     ستيموكسيدين (Stemoxydine): مادة تساعد على تحفيز نمو الشعر.   ريسفيراتول (resveratrol) : له خصائص مضاد للأكسدة ويعمل على تعزيز كثافة الشعر.     مميزات فيشي ديركوس دينسي سوليوشنز سبراي:     يساعد فيشي سبراي على علاج تساقط الشعر خلال مدة تصل لـ6 أسابيع.   يعمل على تعزيز نمو وكثافة الشعر.   يعمل على العناية بفروة الرأس والجذور.   يساعد في علاج ضعف الشعر وترققه.   يساعد على زيادة سمك الشعر وتغذيته.   لا يسبب حساسية فروة الرأس.   خالي من البارابين.   مناسب لفروة الرأس الحساسة.   تم اختباره من قبل أطباء الجلدية.     حجم Dercos Densi Solution Mass Concentrate:     يتوفر بحجم 100 مل.     يوصي به:   المنتج مناسب للذين يعانون من الفراغات والشعر الخفيف والهايش حيث يعمل على تعزيز وتحسين حجم وكثافة وسمك الشعر.,ماركة: فيشي
2325,إيڤا هير كلينيك كيراتين | امبولات اي كيراتين | 7 امبولات,eva ekeratin ampoules ampoules,185,EGP,إيڤا,العناية بالشعر>,in stock,https://chefaa.com:443/eg-ar/nowProduct/eva-ekeratin-ampoules-7-ampoules,https://cdn.chefaa.com/filters:format(webp)/public/uploads/products/eva-ekeratin-ampoules-7-ampoules-01721412100.png,https://cdn.chefaa.com/filters:format(webp)/public/uploads/products/eva-ekeratin-ampoules-7-ampoules-01721412100.png,عن هذا المنتج     التركيبة الفعالة أمبولات إي كيراتين للتغذية المكثفة للشعر تعمل ضد عملية تكسير الشعر عن طريق:     منح الشعر القوة حتي 3 اضعاف وزيادة مقاومته لعوامل الشد المختلفة.   تحمل الضغوط المختلفة.   حماية الشعر من أضرار الاحتكاك.     طريقة الاستخدام:     اغسلي شعرك ثم جففيه بالمنشفة، ثم ضعي المستحضر بالتساوي على فروة الرأس ووزعيه جيداً على شعرك، دلكي لمدة 2-3 دقائق واستخدمي كل محتوى الأمبول فى كل مرة تستخدميه.   لا يتم شطفه ولنتايج افضل يكرر الاستخدام على فروة رأس نظيفة كل يومين.,ماركة: إيڤا
2321,ايفا كريم اي كيراتين لتصفيف الشعر | 200 مل,eva ekeratin leave cream 200ml,115,EGP,إيڤا,العناية بالشعر>,in stock,https://chefaa.com:443/eg-ar/nowProduct/eva-ekeratin-leave-in-cream-200ml,https://cdn.chefaa.com/filters:format(webp)/public/uploads/products/eva-ekeratin-leave-in-cream-200ml-01721412301.png,https://cdn.chefaa.com/filters:format(webp)/public/uploads/products/eva-ekeratin-leave-in-cream-200ml-01721412301.png,مميزات المنتج   يتميز ايفا كريم اي كيراتين بما يلي: له تركيبة مميزة تساعد على ترطيب الشعر بعمق وحمايته من الجفاف. يحمي الشعر من الهيشان والتقصف ويسهل تصفيفه. يعطي الشعر ملمسًا أكثر نعومة وانسيابية. يساعد على إصلاح الشعر المجهد والتالف. يقوي الشعر ويكسبه مظهرًا أكثر صحة وحيوية. مناسب لجميع أنواع الشعر وكذلك الشعر المعالج بالكيراتين. سعر ايفا كريم اي كيراتين مناسب مقارنة بفعاليته في ترطيب وعلاج مشكلات الشعر.   عن هذا المنتج     مكونات ايفا كريم اي كيراتين  يحتوي كريم ايفا اي كيراتين على:  الكيراتين: أحد أنواع البروتين التي تدخل في بناء الشعر، ويساعد على إصلاح التلف وإكساب الشعر القوة والحيوية.  حجم Eva cream E keratin  يتوفر Eva cream e keratin بحجم 200 مل.  يوصى باستعمال ايفا كريم اي كيراتين ل  كريم اي كيراتين مناسب لجميع أنواع الشعر وخاصة الشعر التالف والمجهد والمتقصف، إذ أنه يساعد على إصلاح الشعر وعلاج التقصف وإكساب الشعر المزيد من النعومة والقوة.,ماركة: إيڤا
888,شامبو سترونج فيل للتساقط وتقوية الشعر | 220 مل,strong ville anti hair fall shampoo,185,EGP,سترونج فيل,العناية بالشعر>شامبو وبلسم,in stock,https://chefaa.com:443/eg-ar/nowProduct/strong-ville-anti-hair-fall-shampoo,https://cdn.chefaa.com/filters:format(webp)/public/uploads/products/strong-ville-anti-hair-fall-shampoo-01674558597.png,https://cdn.chefaa.com/filters:format(webp)/public/uploads/products/strong-ville-anti-hair-fall-shampoo-01674558597.png,مميزات المنتج   يتميز شامبو سترونج فيل للتساقط بما يلي: يساعد على تقوية بصيلات الشعر وتقليل التساقط. يساعد على ترطيب الشعر وتقليل التقصف والتلف. ينظف فروة الرأس ويساعد على الحد من الالتهابات والقشرة. خالي من السلفات والمواد الكيميائية الضارة. يعزز نمو الشعر ويزيد كثافته. سعر شامبو سترونج فيل للشعر في مصر مناسب مقارنة بفوائده العديدة للشعر.   عن هذا المنتج     مكونات شامبو سترونج فيل   يحتوي شامبو سترونج فيل للشعر الدهني على:  زيت الأرجان: يغذي الشعر ويعالج التلف والتقصف.  زيت الجوجوبا: يرطب الشعر ويحميه من الجفاف.  الكافيين: يحفز الدورة الدموية في فروة الرأس مما يزيد من نمو الشعر.  الكيراتين: يعالج الشعر التالف ويساعد على تقوية بصيلات الشعر.  البيوتين: يحفز نمو الشعر ويكسبه المزيد من الصحة والنعومة.    حجم سترونج فيل شامبو  يتوفر شامبو سترونج فيل للشعر المعالج بالبروتين بحجم 220 مل.    يوصى باستعمال شامبو سترونج فيل للرجال ل:  شامبو سترونج فيل للتساقط مناسب لجميع أنواع الشعر فهو مخصص لعلاج الشعر المجهد والتالف وكذلك لتقليل التساقط وإكساب الشعر المزيد من الحيوية والنعومة.    ما هى طريقة استخدام شامبو سترونج فيل ؟  توزع كمية مناسبة من الشامبو على الشعر المبلول، مع تدليك فروة الرأس بلطف وضمان وصول الشامبو لأجزاء الشعر المختلفة ثم يشطف الشعر جيداً بالماء، ويستخدم الشامبو من 2-3 مرات أسبوعيًا.    ما هى فوائد شامبو سترونج فيل ؟  يساعد على تقليل التساقط وتقوية بصيلات الشعر مما يساهم في زيادة كثافة الشعر، وكذلك يكسب الشعر المزيد من النعومة والترطيب ويمنحه مظهر أكثر صحة.    ما هى عيوب شامبو سترونج فيل ؟  قد يستغرق بعض الوقت للحصول على نتائج جيدة.    هل شامبو سترونج فيل خالي من السلفات ؟  نعم، شامبو سترونج فيل خالي من السلفات وغني بالزيوت والمكونات الطبيعية.    هل شامبو سترونج فيل خالى من الصوديوم ؟  نعم، سترونج فيل شامبو خالي من الصوديوم.,ماركة: سترونج فيل
18701,تريشوب | سيرم تقليل هيشان الشعر | 60 مل,trichup frizz control serum xefd,150,EGP,تريشوب,العناية بالشعر>,in stock,https://chefaa.com:443/eg-ar/nowProduct/trichup-frizz-control-serum-60-ml-xefd,https://cdn.chefaa.com/filters:format(webp)/public/uploads/products/trichup-frizz-control-serum-60-ml-btee-01654003631.png,https://cdn.chefaa.com/filters:format(webp)/public/uploads/products/trichup-frizz-control-serum-60-ml-btee-01654003631.png,مميزات المنتج   تريشوب | سيرم التحكم في هيشان الشعر | 60 مل,ماركة: تريشوب
18708,فاتيكا ناتشورالز | سيروم اصلاح وترميم الشعر | 47مل,vatika naturals hair serum repair restore 47ml i20v,170,EGP,فاتيكا,العناية بالشعر>ترطيب وعلاج الشعر,in stock,https://chefaa.com:443/eg-ar/nowProduct/vatika-naturals-hair-serum-repair-restore-47ml-i20v,https://cdn.chefaa.com/filters:format(webp)/public/uploads/products/vatika-naturals-hair-serum-repair-restore-47ml-fc2h-01654005429.png,https://cdn.chefaa.com/filters:format(webp)/public/uploads/products/vatika-naturals-hair-serum-repair-restore-47ml-fc2h-01654005429.png,مميزات المنتج   فاتيكا ناتشورالز | سيروم اصلاح وترميم الشعر | 47مل,ماركة: فاتيكا
20890,بيوبيونت | أكسجين كريم 30 | 75جم,biopoint emulsion oxydante 75gm phbc,20,EGP,بيوبوينت,العناية بالشعر>,in stock,https://chefaa.com:443/eg-ar/nowProduct/biopoint-emulsion-oxydante-30-75gm-phbc,https://cdn.chefaa.com/filters:format(webp)/public/uploads/products/biopoint-emulsion-oxydante-30-75gm-phbc-01720284537.png,https://cdn.chefaa.com/filters:format(webp)/public/uploads/products/biopoint-emulsion-oxydante-30-75gm-phbc-01720284537.png,مميزات المنتج   بيوبيونت | أكسجين كريم 30 | 75جم   عن هذا المنتج     بيوبيونت | أكسجين كريم 30 | 75جم,ماركة: بيوبوينت
1645,غارنييه | صبغة شعر كولور ناتشرالز كريم | 4.6 أحمر برغندي,color naturals creme hair color burgundy,160,EGP,غارنييه,العناية بالشعر>صبغات الشعر,in stock,https://chefaa.com:443/eg-ar/nowProduct/color-naturals-creme-hair-color-46-burgundy,https://cdn.chefaa.com/filters:format(webp)/public/uploads/products/color-naturals-creme-hair-color-46-burgundy-01722776164.png,https://cdn.chefaa.com/filters:format(webp)/public/uploads/products/color-naturals-creme-hair-color-46-burgundy-01722776164.png,"مميزات المنتج   دائمة, Ash, اشقر, أفوكادو, زبده, زيتون, صبغة شعر, لون صبغه, غارنييه, العناية بالشعر, تسريحه شعر, كونسيلر,فاتح, مستحضر تجميل , شعر كوافير, مجعد, ناعم, لامع, الجمال, منتج, زيت , كريم, يعالج, بلسم , ابيض   عن هذا المنتج     ﻿ صبغة غارنييه كولور ناتشرال بتركيبة متطورة مع خلاصة زيت الزيتون الذي يُغذي الشعر والتى تعمل على تغذية شعرك، وتعطيك لون رائع ولامع ومُوحد. . زيت الزيتون فى البلسم يُعالج الشعر بفاعلية لشعر ناعم بلون جرىء ورائع. لا مزيد من الشعر الأبيض. صبغة غارنييه كولور ناتشرال بتركيبة متطورة مع خلاصة زيت الزيتون، وبلسم غنى بزيت الزيتون يستخدم بعد الصبغة ليمنحك الترطيب المطلوب. تركيبة غارنيه كولور ناتشرال الكريمى سهلة التطبيق بواسطة الفرشاه. نتيجة رائعة، احصلى على نفس نتائج الصالون فى البيت. أول صبغة شعر مُغذية بزيت الزيتون والأفوكادو والكاريت تركيبة كريمي غنية. تركيبة كريمى مع بلسم مُغذى (بزيت الزيتون، والأفوكادو، وزبدة الكاريت) لترطيب وتغذية الشعر. زيت الزيتون فى البلسم يمنحك علاجًا إضافيًا ولمعانًا للشعر. تمنحك Garnier Color Naturals لون لامع يدوم لفترة طويلة. شعر ملئ بالعناصر المُغذية للون غنى. لا للشعر الأبيض.               ﻿",ماركة: غارنييه
45902,كلاري | مقشر لتنظيف فروة الرآس وتقليل تساقط الشعر بالبروكابيل والماتشا | 300مل,clary hair fall control fresh scalp with procapil matcha 300ml xmsb_dugdFtIw,370,EGP,كلاري,العناية بالشعر>ترطيب وعلاج الشعر,in stock,https://chefaa.com:443/eg-ar/nowProduct/clary-hair-fall-control-fresh-scalp-with-procapil-matcha-300ml-xmsb_dugdFtIw,https://cdn.chefaa.com/filters:format(webp)/public/uploads/products/clary-hair-fall-control-fresh-scalp-with-procapil-matcha-300ml-xmsb-01713446008.png,https://cdn.chefaa.com/filters:format(webp)/public/uploads/products/clary-hair-fall-control-fresh-scalp-with-procapil-matcha-300ml-xmsb-01713446008.png,عن هذا المنتج     كلاري | مقشر لتنظيف فروة الرآس وتقليل تساقط الشعر بالبروكابيل والماتشا | 300مل,ماركة: كلاري
32458,فاتيكا | زيت الجرجير للشعر | 45 مل,dabur vatika oil 45ml watercress xxns,10,EGP,فاتيكا,العناية بالشعر>,in stock,https://chefaa.com:443/eg-ar/nowProduct/dabur-vatika-h-oil-45ml-watercress-xxns,https://cdn.chefaa.com/filters:format(webp)/public/uploads/products/dabur-vatika-h-oil-45ml-watercress-kk5z-01697455087.png,https://cdn.chefaa.com/filters:format(webp)/public/uploads/products/dabur-vatika-h-oil-45ml-watercress-kk5z-01697455087.png,مميزات المنتج   فاتيكا | زيت الجرجير للشعر | 45 مل   عن هذا المنتج     فاتيكا | زيت الجرجير للشعر | 45 مل,ماركة: فاتيكا
48828,هيركود | برطمان كريم تصفيف | 125مل,hair code styling hair cream white 125ml e72s_dumcLzr3,40,EGP,هير كود,العناية بالشعر>ترطيب وعلاج الشعر,in stock,https://chefaa.com:443/eg-ar/nowProduct/hair-code-styling-hair-cream-white-125ml-e72s_dumcLzr3,https://cdn.chefaa.com/filters:format(webp)/public/uploads/products/hair-code-styling-hair-cream-white-125ml-ajt0-01701089218.png,https://cdn.chefaa.com/filters:format(webp)/public/uploads/products/hair-code-styling-hair-cream-white-125ml-ajt0-01701089218.png,عن هذا المنتج     هيركود | برطمان كريم تصفيف | 125مل,ماركة: هير كود
23252,بوبانا | حمام كريم بزيت الارجان للشعر التالف | 500مل,bobana hair mask with argan oil for damaged hair 500ml x7w0,200,EGP,بوبانا,العناية بالشعر>,in stock,https://chefaa.com:443/eg-ar/nowProduct/bobana-hair-mask-with-argan-oil-for-damaged-hair-500ml-x7w0,https://cdn.chefaa.com/filters:format(webp)/public/uploads/products/bobana-hair-mask-with-argan-oil-for-damaged-hair-500ml-zzxs-01664004033.png,https://cdn.chefaa.com/filters:format(webp)/public/uploads/products/bobana-hair-mask-with-argan-oil-for-damaged-hair-500ml-zzxs-01664004033.png,عن هذا المنتج     بوبانا | حمام كريم بزيت الارجان للشعر التالف | 500مل,ماركة: بوبانا
46237,دوف | شامبو ضد تساقط الشعر | 200مل,dove hair fall rescue shampoo 200ml jgm5_ducK4ksl,80,EGP,دوف,العناية بالشعر>شامبو وبلسم,in stock,https://chefaa.com:443/eg-ar/nowProduct/dove-hair-fall-rescue-shampoo-200ml-jgm5_ducK4ksl,https://cdn.chefaa.com/filters:format(webp)/public/uploads/products/dove-hair-fall-rescue-shampoo-200ml-jgm5-01720887620.png,https://cdn.chefaa.com/filters:format(webp)/public/uploads/products/dove-hair-fall-rescue-shampoo-200ml-jgm5-01720887620.png,عن هذا المنتج     دوف | شامبو ضد تساقط الشعر | 200مل,ماركة: دوف
1147,دوف | بلسم بالزيت المغذي | 350مل,dove conditioner nourishing oil,165,EGP,دوف,العناية بالشعر>,in stock,https://chefaa.com:443/eg-ar/nowProduct/dove-conditioner-nourishing-oil,https://cdn.chefaa.com/filters:format(webp)/public/uploads/products/dove-conditioner-nourishing-oil-01656256355.png,https://cdn.chefaa.com/filters:format(webp)/public/uploads/products/dove-conditioner-nourishing-oil-01656256355.png,"مميزات المنتج   دوف | بلسم بالزيت المغذي | 350مل   عن هذا المنتج     بلسم دوف يغذى الشعر ويقضي على تشابك الشعر ويجعله سهل التسريح ويمنحه النعومة واللمعان   مكونات بلسم دوف بالزيت المغذي دايميثيكون ( السيليكون ) :  يعمل كمرطب لعلاج أو منع جفاف الشعر   كحول السيتريل : يستخدم كمادة مضافة للبلسم لجعل البلسم أكثر سهولة عند توزيعه على الشعر   جليسرين : مرطب للشعر   سلفات الصوديوم : تساعد على تنظيف الشعر من الشوائب   أرجينين : حمض أمينى يعزز نمو الشعر   عطر     مميزات Dove nourishing oil Conditioner     يغذي الشعر   يرطب الشعر بعمق    يمنع جفاف وهيشان الشعر   يترك شعرك منتعشاً ولامعاً     طريقة استعمال بلسم دوف      اغسل شعرك بالشامبو   استخدم كمية البلسم الموصى بها على العبوة   وزع البلسم بالتساوي على أطراف شعرك   مرر أصابعك أو مشطًا واسع الأسنان على أطراف شعر لتوزيع البلسم .     "" يوضع على الشعر المبلل بعد غسل الشعر بالشامبو والتدليك والشطف جيداً ويتم وضعه على أطراف الشعر وليس على فروة الرأس ""   سعر بلسم دوف في مصر   يبلغ سعر dove conditioner حوالي 58 جنيه مصرى "" قد يتغير السعر من مكان لآخر ومن وقت لآخر ""   حجم  dove conditioner    يتوافر البلسم بحجم 350 مل    أنواع بلسم دوف     بلسم دوف عناية يومية     يغذي الشعر ويرطبه ويمنح الشعر النعومة واللمعان     بلسم دوف بالزيوت المغذية للشعر الجاف والخشن     بفضل تركيبته التي تحتوي على زيوت مغذية خفيفة، يغذي الشعر ويجعله لامعاً.     بلسم دوف إصلاح مكثف للشعر التالف     يساهم في تغذية الشعر ويصلح التلف ليبدو الشعر صحياً وقوياً.     بلسم دوف باللافندر     يغذي الشعر ويجعله أكثر كثافة ويمنحه رائحة منعشة.      بلسم للشعر المتساقط     بلسم لمنع تساقط الشعر، ليمنحك شعر أكثر كثافة بشكل ملحوظ   أفضل كريم للشعر الجاف بعد الاستحمام     داكس كريم مرطب للشعر الجاف بعد الاستحمام   لوريال الفيف كريم للشعر الجاف والمجعد بعد الاستحمام   بوجونوفايل واكس للشعر   واكس الشعر من بالمرز     أحسن بلسم للشعر الجاف والخشن والمجعد     Vichy Dercos بلسم مرطب للشعر الجاف   ايفر ستريت بلسم الشعر بالكيراتين   تريتو بلسم للشعر المجعد   بلسم دوف للشعر الجاف     كيراتين كيور بلسم للشعر الخشن     هل يمكن استخدام بلسم الشعر كل يوم؟   على عكس الشامبو ، يمكن استخدام البلسم كل يوم ، لأنه يعيد ترطيب الشعر ويجدد العناصر الغذائية.    ماذا يحدث إذا لم يتم غسل الشعر بعد البلسم؟   يمكن أن يصبح شعرك دهني ولزج نتيجة تراكم مكونات البلسم وعدم غسله    هل يجب استخدام بلسم الشعر ؟   يمكن أن يؤدي غسل شعرك بالشامبو يوميًا إلى تقصف وجفاف الشعر ويساعد بلسم الشعر على حماية شعرك من الجفاف والذى يجعله أكثر عرضة للتجعد والتكسر ، لذا يُفضل استخدام بلسم الشعر   كم من الوقت يجب أن ترك البلسم على الشعر؟   يجب ترك البلسم لمدة ثلاث دقائق على الأقل.   ما مقدار كمية البلسم التي يجب استخدامها؟   يجب عليك استخدام البلسم في كل مرة تغسل فيها شعرك. إذا كان شعرك شديد التجعد أو جاف أو تالف ،وتعتمد كمية البلسم التي تستخدمها على  طول  ونوع شعرك.      إذا كان شعرك قصيرًا ، يجب أن تستخدم القليل من البلسم بحجم حبة توت واحدة تقريبًا.   إذا كان شعرك بطول كتفيك ، يجب أن تستخدم كمية بحجم حبتين من التوت.   إذا كان شعرك طويلًا ، يمكنك استخدام كمية تعادل حجم ثلاث حبات من التوت.   إذا كان شعرك ناعمًا أو خفيفًا ، يجب استخدام كمية أقل من البلسم والتركيز على أطراف شعرك.   إذا كان شعرك كثيفًا أو مجعدًا ، فقد تحتاج إلى استخدام المزيد من البلسم للتأكد من اختراق البلسم لكل خصلة      مشطي شعرك بمشط واسع الأسنان لفك تشابك الشعر وضمان توزيع البلسم بشكل متساوي",ماركة: دوف
46218,بليس | كريم ليف ان للشعر غني بفيتامين اي | 200مل,bless leave cream with vitamin 200ml igyy_duRkt1sG,77,EGP,بليس,العناية بالشعر>ترطيب وعلاج الشعر,in stock,https://chefaa.com:443/eg-ar/nowProduct/bless-leave-in-cream-with-vitamin-e-200ml-igyy_duRkt1sG,https://cdn.chefaa.com/filters:format(webp)/public/uploads/products/bless-leave-in-cream-with-vitamin-e-200ml-0fwd-01710455461.png,https://cdn.chefaa.com/filters:format(webp)/public/uploads/products/bless-leave-in-cream-with-vitamin-e-200ml-0fwd-01710455461.png,مميزات المنتج   بليس | كريم ليف ان للشعر غني بفيتامين اي | 200مل,ماركة: بليس
46239,دوف | شامبو المغذي للعناية بالزيت للنساء | 180مل,dove nourishing oil care shampoo for women 200ml dv1z_duijhbqg,89,EGP,دوف,العناية بالشعر>شامبو وبلسم,in stock,https://chefaa.com:443/eg-ar/nowProduct/dove-nourishing-oil-care-shampoo-for-women-200ml-dv1z_duijhbqg,https://cdn.chefaa.com/filters:format(webp)/public/uploads/products/dove-nourishing-oil-care-shampoo-for-women-200ml-dv1z-duijhbqg-01737550423.png,https://cdn.chefaa.com/filters:format(webp)/public/uploads/products/dove-nourishing-oil-care-shampoo-for-women-200ml-dv1z-duijhbqg-01737550423.png,عن هذا المنتج     دوف | شامبو المغذي للعناية بالزيت للنساء | 180مل,ماركة: دوف
56612,فاتيكا | زيت الأرجان للشعر | 180مل,vatika hair oil 180ml offz4PppL,40,EGP,فاتيكا,العناية بالشعر>ترطيب وعلاج الشعر,in stock,https://chefaa.com:443/eg-ar/nowProduct/vatika-hair-oil-180ml-offz4PppL,https://cdn.chefaa.com/filters:format(webp)/public/uploads/products/vatika-hair-oil-180ml-offz4pppl-01735067939.png,https://cdn.chefaa.com/filters:format(webp)/public/uploads/products/vatika-hair-oil-180ml-offz4pppl-01735067939.png,مميزات المنتج   فاتيكا | زيت الأرجان للشعر | 180مل,ماركة: فاتيكا
21001,فاتيكا | شامبو يصلح ويحافظ بالعسل والبيض | 190مل,vatika rose shampoo 15off 190ml 8nqe,43,EGP,فاتيكا,العناية بالشعر>,in stock,https://chefaa.com:443/eg-ar/nowProduct/vatika-rose-shampoo-15off-190ml-8nqe,https://cdn.chefaa.com/filters:format(webp)/public/uploads/products/vatika-rose-shampoo-15off-190ml-8nqe-01691499038.png,https://cdn.chefaa.com/filters:format(webp)/public/uploads/products/vatika-rose-shampoo-15off-190ml-8nqe-01691499038.png,مميزات المنتج   فاتيكا | شامبو يصلح ويحافظ بالعسل والبيض | 190مل   عن هذا المنتج     فاتيكا | شامبو يصلح ويحافظ بالعسل والبيض | 190مل,ماركة: فاتيكا
20651,فاتيكا | كريم علاجي وقناع ناتشورالز للشعر بالثوم | 250جم,vatika naturals hair mask treatment cream with garlic 250gm qip1,45,EGP,فاتيكا,العناية بالشعر>ترطيب وعلاج الشعر,in stock,https://chefaa.com:443/eg-ar/nowProduct/vatika-naturals-hair-mask-treatment-cream-with-garlic-250gm-qip1,https://cdn.chefaa.com/filters:format(webp)/public/uploads/products/vatika-naturals-hair-mask-treatment-cream-with-garlic-250gm-eatx-01655217546.png,https://cdn.chefaa.com/filters:format(webp)/public/uploads/products/vatika-naturals-hair-mask-treatment-cream-with-garlic-250gm-eatx-01655217546.png,مميزات المنتج   فاتيكا | كريم علاجي وقناع ناتشورالز للشعر بالثوم | 250جم   عن هذا المنتج     فاتيكا | كريم علاجي وقناع ناتشورالز للشعر بالثوم | 250جم,ماركة: فاتيكا
18491,زيت فازلين تونك للشعر | 200مل,vaseline hair tonic and scalp conditioner 200ml i884,150,EGP,فازلين,العناية بالشعر>ترطيب وعلاج الشعر,in stock,https://chefaa.com:443/eg-ar/nowProduct/vaseline-hair-tonic-and-scalp-conditioner-200ml-i884,https://cdn.chefaa.com/filters:format(webp)/public/uploads/products/vaseline-hair-tonic-and-scalp-conditioner-200ml-i884-01656259723.png,https://cdn.chefaa.com/filters:format(webp)/public/uploads/products/vaseline-hair-tonic-and-scalp-conditioner-200ml-i884-01656259723.png,مميزات المنتج   يتميز زيت فازلين تونك للشعر بما يلي: يمنح شعرك مظهرًا أنيقًا وصحيًا يدوم طوال اليوم. يسهل تمشيط الشعر ويحميه من الهيشان. يكسب الشعر المزيد من النعومة واللمعان. غني بالزيوت الطبيعية التي تعزز نمو الشعر وتكسبه القوة. له قوام خفيف ولا يسبب ملمسًا دهنيًا للشعر. سعر زيت فازلين تونك للشعر مناسب مقارنة بحجمه وفوائده العديدة للشعر.   عن هذا المنتج     مكونات زيت فازلين تونك للشعر   يحتوي زيت فازلين على:  زيت معدني: يرطب الشعر ويكسبه النعومة واللمعان.  بنزيل بنزوات: يزيد نعومة الشعر ويحارب الفطريات وقشرة الرأس.  سيترونيللول: يحمي الشعر من الجفاف ويساعد على ترطيب فروة الرأس.  جيرانويل: مكون أساسي في زيت الورد يساهم في ترطيب الشعر وإكسابه مظهر أكثر صحة وحيوية.  ليمونين: غني بفيتامين سي وهو يعزز نمو الشعر ويقوي البصيلات ويحافظ على صحة فروة الرأس.  حجم Vaseline oil hair tonic  يتوفر vaseline oil hair tonic بحجم 300 مل.  يوصى باستعمال زيت فازلين تونك للشعر ل  زيت فازلين توونك للشعر مناسب لجميع أنواع الشعر ويساعدك للحصول على شعر أكثر نعومة وحيوية ويقلل من الهيشان وتقصف الشعر ليمنحك إطلالة أكثر إشراقاً وجاذبية.,ماركة: فازلين
47550,ليكسورا | لوشن لتقليل تساقط الشعر | 150مل,lixora anti hair loss lotion 150ml remw,350,EGP,No Brand,العناية بالشعر>ترطيب وعلاج الشعر,in stock,https://chefaa.com:443/eg-ar/nowProduct/lixora-anti-hair-loss-lotion-150ml-remw,https://cdn.chefaa.com/filters:format(webp)/public/uploads/products/lixora-anti-hair-loss-lotion-150ml-fxwj-01726482345.png,https://cdn.chefaa.com/filters:format(webp)/public/uploads/products/lixora-anti-hair-loss-lotion-150ml-fxwj-01726482345.png,مميزات المنتج   ليكسورا | لوشن لتقليل تساقط الشعر | 150مل,raw_specs: المواصفات
47362,تيتيلو | سبراي للشعر المتساقط | 150 مل,tettello anti hairloss spray kerestore 150ml vnc6_dukV5Km3,240,EGP,مقام,العناية بالشعر>ترطيب وعلاج الشعر,in stock,https://chefaa.com:443/eg-ar/nowProduct/tettello-anti-hairloss-spray-kerestore-150ml-vnc6_dukV5Km3,https://cdn.chefaa.com/filters:format(webp)/public/uploads/products/tettello-anti-hairloss-spray-kerestore-150ml-vnc6-dukv5km3-01726314476.png,https://cdn.chefaa.com/filters:format(webp)/public/uploads/products/tettello-anti-hairloss-spray-kerestore-150ml-vnc6-dukv5km3-01726314476.png,مميزات المنتج   تيتيلو | سبراي لعلاج تساقط الشعر | 150مل,ماركة: مقام
47347,شامبو تيتلو للقشرة والحكة للنساء والرجال | 150مل,tettello anti dandruff shampoo 300ml igsr_duTQqMBu,215,EGP,مقام,العناية بالشعر>شامبو وبلسم,in stock,https://chefaa.com:443/eg-ar/nowProduct/tettello-anti-dandruff-shampoo-300ml-igsr_duTQqMBu,https://cdn.chefaa.com/filters:format(webp)/public/uploads/products/tettello-anti-dandruff-shampoo-300ml-igsr-dutqqmbu-01726312387.png,https://cdn.chefaa.com/filters:format(webp)/public/uploads/products/tettello-anti-dandruff-shampoo-300ml-igsr-dutqqmbu-01726312387.png,مميزات المنتج   يتميز شامبو تيتلو للقشرة tettello shampoo بما يلي: ينظف فروة الرأس ويقضي على 70% من القشرة خلال أسبوع. يحتوي على مادة بيروكتون أولامين التي تحد من انتشار الفطريات المسببة للقشرة، مما يساعد على التخلص من القشرة بشكل فعّال. يقلل الحكة والتهابات فروة الرأس. يُساهم في تقليل تساقط الشعر الناتج عن القشرة، مما يعزز صحة الشعر وقوته. يحتوي على مواد مرطبة تحافظ على رطوبة الشعر، مما يجعله ناعمًا وصحيًا دون التسبب في جفافه. يعزز صحة الشعر وفروة الرأس. يدعم تدفق الدورة الدموية في بصيلات الشعر مما يقوي الشعر ويقلل تساقطه. مناسب لجميع أنواع الشعر وحتى الملون والمعالج والتالف، ويناسب كذلك الرجال والنساء. سعر شامبو تيتلو للقشرة مناسب مقارنة بفوائده العديدة.   عن هذا المنتج     مكونات شامبو تيتلو للقشرة   يحتوي تيتلو شامبو على:  بيروكتون أولامين (Piroctone Olamine): مضاد للفطريات والبكتيريا، يساعد على علاج قشرة الرأس ويمنع نمو الفطريات التي تسبب الحكة والالتهابات.  زيت إكليل الجبل / زيت الروزماري (Rosemary Oil): يحفز نمو الشعر عن طريق تحسين الدورة الدموية في فروة الرأس، كما يمتلك خصائص مضادة للأكسدة تقلل من تساقط الشعر.  الكافيين (Caffeine): ينشط بصيلات الشعر، مما يساعد على تقليل تساقط الشعر وتعزيز نموه، كما يعمل على تحفيز الدورة الدموية في فروة الرأس.  البيوتين (Biotin): يقوي بصيلات الشعر، ويقلل التساقط مما يجعله أكثر كثافة وصحة.  مستخلص الجنكة (Ginkgo Biloba Extract): يساعد على تنشيط الدورة الدموية في فروة الرأس، مما يحسن تغذية الشعر ويعزز نموه.  زيت النخلة المنشارية (Saw Palmetto Oil): يقلل من تأثير هرمون DHT المسبب لتساقط الشعر.  زيت الأوكالبتوس (Eucalyptus Oil): له خصائص مضادة للبكتيريا والفطريات، مما يساعد في تقليل الحكة والتهابات فروة الرأس.  زيت الزعتر (Thyme Oil): يحتوي على مضادات أكسدة قوية تدعم صحة فروة الرأس وتحسن نمو الشعر عن طريق تحفيز بصيلاته.  المنثول (Menthol): يعطي إحساسًا بالانتعاش، ويساعد على تهدئة فروة الرأس وتقليل الحكة والالتهابات.  البانثينول (Panthenol): مرطب قوي يحافظ على رطوبة الشعر، ويجعل الشعر أكثر نعومة ولمعانًا.  حجم عبوة شامبو tettello للقشرة   يتوفر شامبو تيتلو بحجم 150 مل و300 مل.  سعر شامبو tettello للشعر في مصر  سعره tettello shampoo حوالي 215 جنيه مصري للعبوة 150 مل، و395 جنيه مصري للعبوة 300 مل.  (سعر المنتج قد يتغير تبعاً لتحديث سعره في الصيدليات أو حسب العروض المتاحة).  يوصى باستعمال شامبو تيتيلو ل  تيتلو شامبو مناسب لمن يعانون من القشرة والتهابات فروة الرأس فهو يقضي على الفطريات المسببة للقشرة وينظف فروة الرأس بعمق، بالإضافة للحفاظ على ترطيب الشعر وصحته ولمعانه.  طريقة استخدام تيتلو شامبو   ضع كمية مناسبة من الشامبو على الشعر المبلل.  دلك فروة الرأس بلطف بحركات دائرية.  اتركه لبضع دقائق للسماح للمكونات الفعّالة بالعمل.  اشطف الشعر جيدًا بالماء الفاتر.  يُفضل استخدامه مرتين في الأسبوع للحصول على أفضل النتائج.  ما فوائد شامبو تيتيلو للقشرة؟  مضاد للفطريات يساعد على التخلص من القشرة.  يقلل الحكة والتهابات فروة الرأس.  يقوي بصيلات الشعر ويقلل التساقط.  يحفز نمو الشعر ويزيد كثافته.  ينظف الشعر بعمق دون أن يسبب له الجفاف.  يحافظ على صحة فروة الرأس.  ما أفضل شامبو ضد القشرة طبي؟  نيزابكس شامبو nizapex shampoo.  نيزورال شامبو nizoral shampoo.  ألوكيتا شامبو alokita shampoo.  تيتلو شامبو tettello shampoo.  سيلينو كير شامبو seleno care shampoo.,ماركة: مقام
8667,ذا اوردينرى | مصل متعدد الببتيدات لكثافة الشعر | 60مل,ordinary multi peptide serum hair density 60m sxxu,720,EGP,ذا اورديناري,العناية بالشعر>,in stock,https://chefaa.com:443/eg-ar/nowProduct/ordinary-multi-peptide-serum-hair-density-60m-sxxu,https://cdn.chefaa.com/filters:format(webp)/public/uploads/products/1636870648downloadjfif,https://cdn.chefaa.com/filters:format(webp)/public/uploads/products/1636870648downloadjfif,عن هذا المنتج     ذا اوردينرى | مصل متعدد الببتيدات لكثافة الشعر | 60مل,ماركة: ذا اورديناري
47332,تيتيلو | فايل بلس أمبولات محفزة لنمو الشعر | 6 أمبول | 10 مل,tettello file plus hair growth accelerator vials 10ml 2ldn,445,EGP,مقام,العناية بالشعر>ترطيب وعلاج الشعر,in stock,https://chefaa.com:443/eg-ar/nowProduct/tettello-file-plus-hair-growth-accelerator-6-vials-10ml-2ldn,https://cdn.chefaa.com/filters:format(webp)/public/uploads/products/tettello-file-plus-hair-growth-accelerator-6-vials-10ml-2ldn-01755090327.png,https://cdn.chefaa.com/filters:format(webp)/public/uploads/products/tettello-file-plus-hair-growth-accelerator-6-vials-10ml-2ldn-01755090327.png,مميزات المنتج   تيتيلو | فايل بلس أمبولات محفزة لنمو الشعر | 6 أمبول | 10 مل,ماركة: مقام
1591,صبغة لوريال باريس برودجي بدون أمونيا | صبغة شعر احمر رقم 6.60,prodigy ammonia free hair color intense red,430,EGP,لوريال باريس,العناية بالشعر>صبغات الشعر,in stock,https://chefaa.com:443/eg-ar/nowProduct/prodigy-ammonia-free-hair-color-660-intense-red,https://cdn.chefaa.com/filters:format(webp)/public/uploads/products/prodigy-ammonia-free-hair-color-660-intense-red-01650675207.png,https://cdn.chefaa.com/filters:format(webp)/public/uploads/products/prodigy-ammonia-free-hair-color-660-intense-red-01650675207.png,مميزات المنتج   لوريال باريس | برودجي صبغة شعر بدون أمونيا | أحمر رقم 6.60   عن هذا المنتج     لوريال باريس | برودجي صبغة شعر بدون أمونيا | أحمر رقم 6.60,ماركة: لوريال باريس
45428,رو افريكان زيت الارجان المغربي,raw african moroccan argan oil 75ml_duZBGzHM,284,EGP,رو أفريكان,العناية بالشعر>ترطيب وعلاج الشعر,in stock,https://chefaa.com:443/eg-ar/nowProduct/raw-african-moroccan-argan-oil-75ml_duZBGzHM,https://cdn.chefaa.com/filters:format(webp)/public/uploads/products/1601454891moroccan-argan-oilpng,https://cdn.chefaa.com/filters:format(webp)/public/uploads/products/1601454891moroccan-argan-oilpng,عن هذا المنتج     ﻿ ﻿ ﻿ زيت درجة اولي خام و نقي و معصور علي البارد من المغرب مباشرة. يستخدم للشعر و البشرة.,ماركة: رو أفريكان
1827,شامبو داندل للقشرة والحكة من انفنتي | 250 مل,infinity dandel shampoo,180,EGP,إنفينيتي,العناية بالشعر>,in stock,https://chefaa.com:443/eg-ar/nowProduct/infinity-dandel-shampoo,https://cdn.chefaa.com/filters:format(webp)/public/uploads/products/infinity-dandel-shampoo-01722344812.png,https://cdn.chefaa.com/filters:format(webp)/public/uploads/products/infinity-dandel-shampoo-01722344812.png,مميزات المنتج   يتميز شامبو داندل للقشرة بما يلي: يحتوي على مكونات تساعد على التخلص من القشرة ومنع ظهورها مرة أخرى. يهدئ ويخفف من الحكة والتهيج في فروة الرأس. ينظف فروة الرأس بلطف دون أن يسبب جفافًا أو تهيجًا. غني بمواد طبيعية مرطبة ومغذية للشعر. يمنحك شعر أكثر صحة ونعومة ويحافظ على صحة فروة الرأس. مناسب لجميع أنواع الشعر. يقلل من تساقط الشعر ويساعد للحصول على شعر أكثر صحة وحيوية. سعر شامبو داندل للقشرة مناسب مقارنة بحجمه وفوائده في القضاء على القشرة.   عن هذا المنتج     مكونات شامبو داندل للقشرة   يحتوي داندل شامبو على:  زنك بيرثيون: مضاد فعال للفطريات ويستخدم في علاج القشرة.  سيلينيوم سلفايد: له خصائص مضادة للفطريات والالتهابات، ويساعد على علاج القشرة وتهدئة الحكة.  زيت الزيتون: يحتوي على فيتامين E وأحماض دهنية تساعد على ترطيب فروة الرأس وتحسين صحة الشعر.  خلاصة الصبار: له خصائص مهدئة ومرطبة تساعد على تهدئة التهيج في فروة الرأس وتحسين حالتها.  زيت الخروع: يعزز نمو الشعر ويساعد على تقوية بصيلاته مما يقلل التساقط.  زيت شجرة الشاي: له خصائص مضادة للبكتيريا والفطريات، ويمكن أن يساعد على علاج القشرة وتهدئة التهيج.  جنين القمح: يحتوي على فيتامينات ومواد مغذية تساعد على تغذية فروة الرأس وتحسين حالة الشعر.  زيت الأرجان: يرطب الشعر ويكسبه النعومة واللمعان.  بانثينول: يساعد على ترطيب الشعر وزيادة لمعانه.  الجنزبيل: يحتوي على مضادات الأكسدة ومواد مضادة للالتهابات، ويستخدم لتحفيز نمو الشعر وتحسين صحة فروة الرأس.  حجم Dandel shampoo   يتوفر داندل شامبو بحجم 250 مل.  سعر شامبو داندل للقشرة   يبلغ سعر Dandel شامبو حوالي 130 جنيه مصري.  يوصى باستعمال شامبو داندل للقشرة ل  داندل شامبو مناسب لجميع أنواع الشعر وخاصة من يعانون من القشرة وفروة الرأس الدهنية، فهو يعالج القشرة ويقلل الحكة والتهابات فروة الرأس كما يساهم في تقليل التساقط ومنحك شعر أقوى وأكثر صحة ونعومة.  ما هي طريقة استعمال شامبو انفنتي للقشره؟   بللي شعرك جيدًا بالماء الدافئ.  ضعي كمية مناسبة من الشامبو على فروة الرأس.  دلكي فروة الرأس بلطف بأطراف أصابعك لمدة دقيقتين لتوزيع الشامبو وتحفيز الدورة الدموية.  اشطفي شعرك جيدًا بالماء الدافئ حتى تتأكدي من إزالة كل آثار الشامبو.  يُفضل استخدام الشامبو مرتين في الأسبوع للحصول على أفضل النتائج.  ما هي فوائد infinity dandel shampoo؟  يعالج قشرة الرأس.  يقلل الحكة والالتهابات.  يحافظ على صحة فروة الرأس.  يرطب الشعر ويمده بالتغذية.  يقلل التساقط.  يزيد قوة ونعومة الشعر.  ينظف فروة الرأس بفعالية.  ما افضل شامبو للقشرة والحكة؟  شامبو نيتروجينا تي جل.  شامبو فيشي ديركوس للقشرة.  سيلينو كير شامبو.  نيزورال شامبو.  نيزابكس شامبو.  داندل شامبو.,ماركة: إنفينيتي
62555,لوريال | كريم تمشيط الشعر و فك التشابك الفيف جليكوليك جلوس للشعر الباهت | 200مل,lorealgloss combing cream 200ml 5wdg,257,EGP,لوريال باريس,العناية بالشعر>ترطيب وعلاج الشعر,in stock,https://chefaa.com:443/eg-ar/nowProduct/lorealgloss-combing-cream-200ml-5wdg,https://cdn.chefaa.com/filters:format(webp)/public/uploads/products/lorealgloss-combing-cream-200ml-5wdg-01756088369.png,https://cdn.chefaa.com/filters:format(webp)/public/uploads/products/lorealgloss-combing-cream-200ml-5wdg-01756088369.png,مميزات المنتج   لوريال | كريم تمشيط الشعر و فك التشابك الفيف جليكوليك جلوس للشعر الباهت | 200مل,ماركة: لوريال باريس
21638,دابر أملا | زيت شعر | 270مل,dabur amla hair oil dio 270ml qjgu,105,EGP,دابر أملا,العناية بالشعر>,in stock,https://chefaa.com:443/eg-ar/nowProduct/dabur-amla-hair-oil-dio-10-270ml-qjgu,https://cdn.chefaa.com/filters:format(webp)/public/uploads/products/dabur-amla-hair-oil-dio-10-270ml-frt6-01657038765.png,https://cdn.chefaa.com/filters:format(webp)/public/uploads/products/dabur-amla-hair-oil-dio-10-270ml-frt6-01657038765.png,مميزات المنتج   دابر أملا | زيت شعر | 270مل,ماركة: دابر أملا
59845,غارنييه | صبغة شعر كولور ناتشرالز كريم | 5 بني فاتح,color naturals hair color light brown mskj_dua6MGcw,161,EGP,غارنييه,العناية بالشعر>صبغات الشعر,in stock,https://chefaa.com:443/eg-ar/nowProduct/color-naturals-hair-color-5-light-brown-mskj_dua6MGcw,https://cdn.chefaa.com/filters:format(webp)/public/uploads/products/color-naturals-hair-color-5-light-brown-mskj-01722774816.png,https://cdn.chefaa.com/filters:format(webp)/public/uploads/products/color-naturals-hair-color-5-light-brown-mskj-01722774816.png,"عن هذا المنتج     ﻿ Garnier Color Naturals is a permanent colour cream enriched with Olive oil, that nourishes the hair as it colours.  Your hair is deeply nourished, your colour is richer, more uniform and shinier . The second ratio of olive oil in the conditioner is a real treatment for your hair. Your hair is soft and your colour radiant ... And there is no grey hair. Garnier color Naturals is an improved colour cream with olive oil. The after care enriched with a second ratio of olive oil doesn't drip and nourishes your hair deeply after colouring. The creamy texture of Garnier Color Naturals is easy to apply with brush. You can't go Wrong ! Get easily a profesional result at home.   Color: Light Brown 5 Nourishes hair Gives a better color With olive oil ﻿",ماركة: غارنييه
20760,دابر أملا | كريم كبير بروتين تساقط | 140مل,amla protein cream fall mkg9,90,EGP,دابر أملا,العناية بالشعر>,in stock,https://chefaa.com:443/eg-ar/nowProduct/amla-protein-cream-fall-mkg9,https://cdn.chefaa.com/filters:format(webp)/public/uploads/products/amla-protein-cream-fall-mkg9-01719490764.png,https://cdn.chefaa.com/filters:format(webp)/public/uploads/products/amla-protein-cream-fall-mkg9-01719490764.png,عن هذا المنتج     دابر أملا | كريم كبير بروتين تساقط | 140مل,ماركة: دابر أملا
21633,بانتين | شامبو برو في ميلكي دامدج ريبير | 200مل,pantene pro milky damage repair shampoo 200ml gkg0,145,EGP,بانتين,العناية بالشعر>,in stock,https://chefaa.com:443/eg-ar/nowProduct/pantene-pro-v-milky-damage-repair-shampoo-200ml-gkg0,https://cdn.chefaa.com/filters:format(webp)/public/uploads/products/pantene-pro-v-milky-damage-repair-shampoo-200ml-adf1-01657034723.png,https://cdn.chefaa.com/filters:format(webp)/public/uploads/products/pantene-pro-v-milky-damage-repair-shampoo-200ml-adf1-01657034723.png,مميزات المنتج   بانتين | شامبو برو في ميلكي دامدج ريبير | 200مل   عن هذا المنتج     بانتين | شامبو برو في ميلكي دامدج ريبير | 200مل,ماركة: بانتين
51996,جلوري | حنه بني للشعر | 10جم,glory brown henna natural hair color4Tkm,45,EGP,No Brand,العناية بالشعر>صبغات الشعر,in stock,https://chefaa.com:443/eg-ar/nowProduct/glory-brown-henna-natural-hair-color4Tkm,https://cdn.chefaa.com/filters:format(webp)/public/uploads/products/glory-brown-henna-natural-hair-color4tkm-01733310575.png,https://cdn.chefaa.com/filters:format(webp)/public/uploads/products/glory-brown-henna-natural-hair-color4tkm-01733310575.png,مميزات المنتج   جلوري | حنه بني للشعر | 10جم,raw_specs: المواصفات
56477,سوبر كيدز | بخاخ منعش للشعر المجعد | 250مل,super kids curly refreshing hair spray 250mlOepw,110,EGP,سوبر كيدز,العناية بالشعر>,in stock,https://chefaa.com:443/eg-ar/nowProduct/super-kids-curly-refreshing-hair-spray-250mlOepw,https://cdn.chefaa.com/filters:format(webp)/public/uploads/products/super-kids-curly-refreshing-hair-spray-250mloepw-01733247850.png,https://cdn.chefaa.com/filters:format(webp)/public/uploads/products/super-kids-curly-refreshing-hair-spray-250mloepw-01733247850.png,مميزات المنتج   سوبر كيدز | بخاخ منعش للشعر المجعد | 250مل,ماركة: سوبر كيدز
28959,شامبو بليس بالارجان للشعر الكيرلي والجاف | 500 مل,bless shampoo with argan oil 500ml qs81,135,EGP,بليس,العناية بالشعر>,in stock,https://chefaa.com:443/eg-ar/nowProduct/bless-shampoo-with-argan-oil-500ml-qs81,https://cdn.chefaa.com/filters:format(webp)/public/uploads/products/bless-shampoo-with-argan-oil-500ml-qs81-01720620426.png,https://cdn.chefaa.com/filters:format(webp)/public/uploads/products/bless-shampoo-with-argan-oil-500ml-qs81-01720620426.png,مميزات المنتج   يتميز شامبو بليس بالارجان Bless shampoo بما يلي: غني بزيت الأرجان الذي يعد مصدراً لتغذية وترطيب الشعر الكيرلي والجاف. يعمل على تنظيف فروة الرأس والشعر بلطف دون أن يسبب الجفاف أو تهييج فروة الرأس. يحسن مرونة الشعر ويقويه، مما يقلل من تكسره وتقصفه. يضفي لمعانًا ونعومة على الشعر، مما يجعله أكثر صحة وجمالًا. له رائحة منعشة ومميزة تدوم طوال اليوم. يناسب جميع أنواع الشعر الكيرلي والجاف، بما في ذلك الشعر المصبوغ أو المعالج كيميائيًا. سعر شامبو بليس بالارجان مناسب مقارنة بحجمه وفوائده للشعر.   عن هذا المنتج     مكونات شامبو بليس بالارجان   يحتوي شامبو بليس على:  زيت الأرجان: يحمي الشعر من التلف والتكسر والتقصف ويحافظ على ترطيبه، كما يقوي البصيلات.  كبريتات لوريث الصوديوم: مادة منظفة  للشعر تساعد على إزالة الأوساخ والزيوت من فروة الرأس كما تساعد على تكوين الرغوة في الشامبو.  بيتاين بروبيل كوكاميد: مقوي للرغوة في الشامبو كما يمكن استخدامه كمادة منظفة للشعر.  حمض الستريك: يحافظ على صحة فروة الرأس عن طريقة موازنة درجة الحموضة.  حجم Bless shampoo  يتوفر Bless shampoo بحجم 500 مل.  سعر شامبو بليس للشعر الكيرلي   يتراوح سعر Bless shampoo ما بين 80 إلى 90 جنيه مصري.  يوصى باستعمال شامبو بليس بالارجان ل  بليس شامبو بالارجان مناسب لأصحاب الشعر الكيرلي والجاف، وكذلك للشعر المصبوغ والمعالج كيميائياً فهو يجدد نعومة ولمعان الشعر ويحميه من التقصف والتلف، مما يمنحك مظهرًا أكثر صحة وحيوية لشعرك.  ما أفضل شامبو للشعر الكيرلي؟  شامبو تريسمي بزبدة الشيا.  شامبو لوريال إلفيف بالزيوت المغذية.  شامبو بليس بزيت الارجان.  شامبو إيفا هير كلينيك.  شامبو هيربل إيسنسز بزيت الأرجان.,ماركة: بليس
2697,بليس ليف ان كريم لترطيب وعلاج تقصف الشعر الجاف والكيرلي بزبدة الشيا | 200 مل,bless leave cream with shea butter chefaa box,77,EGP,بليس,العناية بالشعر>,in stock,https://chefaa.com:443/eg-ar/nowProduct/bless-leave-in-cream-with-shea-butter-200-ml-chefaa-box,https://cdn.chefaa.com/filters:format(webp)/public/uploads/products/bless-leave-in-cream-with-shea-butter-200-ml-chefaa-box-01720620722.png,https://cdn.chefaa.com/filters:format(webp)/public/uploads/products/bless-leave-in-cream-with-shea-butter-200-ml-chefaa-box-01720620722.png,مميزات المنتج   يعمل على ترطيب الشعر الجاف والكيرلي وتقليل الهيشان. يمنح الشعر الكيرلي الترطيب اللازم للحصول على تموجات جذابة وشعر صحي ولامع. يعمل على تهدئة التجعد وترطيب الأطراف الجافة والمتقصفة. يمنح الشعر المزيد من اللمعان والكثافة. يعمل على تسهيل تصفيف الشعر وفك التشابك. مناسب للشعر الكيرلي والمفرود والمجعد. آمن على الشعر المعالج بالصبغة والمعالج بالكيراتين والمعالج كيميائياً. يتميز بتركيبته سريعة الامتصاص التي لا تترك أي أثر دهني أو لزج على الشعر. خالي من السيليكون والسلفات والبارابين.   عن هذا المنتج     مكونات بليس ليف ان كريم للشعر الجاف والكيرلي: زبدة الشيا: تعمل على ترطيب الشعر الجاف والضعيف. الجليسرين: يعمل على ترطيب الشعر وعلاج الأطراف المتقصفة. فيتامين هـ: يعمل على تعزيز وزيادة لمعان الشعر. زيوت نباتيه: تعمل على ترطيب الشعر وجعله أكثر لمعان. حجم Bless leave in Cream with Shea Butter: يتوفر بحجم 200 مل. يوصي به: بليس ليف ان كريم مناسب للشعر الكيرلي  حيث يعمل على ترطيب الشعر والحفاظ على تموجاته للحصول على مظهر جذاب، كما أنه مناسب للشعر الجاف حيث يعمل على ترطيب الشعر وتقليل الهيشان وتهدئة الأطراف الجافة والمتقصفة.,ماركة: بليس
62044,لوريال باريس | بلسم لتعزيز لمعان الشعر للشعر الباهت | 200مل,lor%C3%A9al paris gloss sealing conditioner for dull hair 360ml 61s9,138,EGP,لوريال باريس,العناية بالشعر>شامبو وبلسم,in stock,https://chefaa.com:443/eg-ar/nowProduct/lor%C3%A9al-paris-gloss-sealing-conditioner-for-dull-hair-360ml-61s9,https://cdn.chefaa.com/filters:format(webp)/public/uploads/products/loréal-paris-gloss-sealing-conditioner-for-dull-hair-360ml-tocs-01752154956.png,https://cdn.chefaa.com/filters:format(webp)/public/uploads/products/loréal-paris-gloss-sealing-conditioner-for-dull-hair-360ml-tocs-01752154956.png,مميزات المنتج   لوريال باريس | بلسم لتعزيز لمعان الشعر للشعر الباهت | 200مل,ماركة: لوريال باريس
4984,فيشي شامبو ديركوس للقشرة للشعر الجاف والتالف | 200 مل,vichy dercos anti dandruff shampoo for normal oily hair,720,EGP,فيشي,العناية بالشعر>,in stock,https://chefaa.com:443/eg-ar/nowProduct/vichy-dercos-anti-dandruff-shampoo-for-normal-to-oily-hair-200-ml,https://cdn.chefaa.com/filters:format(webp)/public/uploads/products/vichy-dercos-anti-dandruff-shampoo-for-normal-to-oily-hair-200-ml-01685965365.png,https://cdn.chefaa.com/filters:format(webp)/public/uploads/products/vichy-dercos-anti-dandruff-shampoo-for-normal-to-oily-hair-200-ml-01685965365.png,"مميزات المنتج   شامبو فيشي ديركوس للقشرة مغذي ومعالج للشعر التالف والجاف، مفعول 2 في 1، يقوي الشعر ويتركه ناعم ورطب   عن هذا المنتج     مكونات شامبو فيشي ديركوس للقشرة للشعر الجاف والتالف سلفات لوريث الصوديوم :  منظف للشعر ومسئول عن تكوين الرغوة دايميثيكون : نوع من السيليكون يحافظ على نعومة الشعر ويمنع هيشانه هيدروكسيد الصوديوم : يساعد على فرد الشعر البيتين : مادة لها خصائص مرطبة الأرجينين :  يحسن من تدفق الدم إلى جذور الشعر ، مما يحفز بدوره نمو الشعر زيت العصفر :  محفز قوي لنمو الشعر ، حيث يحسن من تدفق الدورة الدموية إلى فروة الرأس مما يقوى من بصيلات الشعر ويحفز نمو الشعر  حمض الستريك : يساعد على إزالة خلايا الجلد الميتة والقشرة زيت اللوز الحلو : مرطب جيد يحمي الشعر من الجفاف زيت ثمار الورد : غنى بفيتامين سى والأحماض الدهنية ويخفف من التهاب وتهيج فروة الرأس  حمض الساليسيليك : يعتبر مكونًا آمنًا وفعالًا لعلاج جفاف والتهاب فروة الرأس وقشرة الشعر الماء فوائد شامبو فيشي ديركوس للقشرة تركيبة لطيفة لا تسبب الحساسية  خال من البارابين يعالج ويغذي الشعر يجعل عملية تصفيف الشعر أكثر سهولة  يعيد للشعر مرونته وتألقه يصلح ويغذي بصيلات الشعر طريقة استعمال شامبو فيشي للشعر الجاف يتم وضع كمية مناسبة من شامبو ديركوس للقشرة على الشعر المبلل وتركه لبعض الوقت على الشعر ثم شطف الشعر جيداً حجم vichy dercos shampoo for dry hair يتوافر Vichy Dercos Anti-Dandruff DS shampoo بحجم 200 مل سعر شامبو فيشي ديركوس للقشرة فى مصر  سعر شامبو فيتشي للقشرة حوالي 499 جنيه مصرى "" قد يتغير السعر من مكان لآخر ومن وقت لآخر "" أنواع شامبو فيشي  شامبو فيشى منشط مكمل للعناية ضد تساقط الشعر شامبو Densi-Solutions لتعزيز كثافة الشعر شامبو ديركوس ضد القشرة للشعر الجاف شامبو dercos للقشرة للشعر العادي إلى الدهني شامبو Ultra Soothing خالى من السلفات شامبو vichy مغذي و معالج للشعر التالف و الجاف أنواع بلسم فيشى  بلسم Densi-Solutions لترميم الشعر وزيادة كثافته بلسم مغذي و معالج للشعر التالف و الجاف أنواع فيشى ماسك للشعر ماسك مغذي و معالج للشعر التالف و الجاف ما أفضل شامبو للشعر الجاف ؟ فيتو شامبو للشعر الجاف PHYTO shampoo فيتشي شامبو دوكري شامبو للشعر التالف والجاف شامبو لوفيا بزبدة الشيا شامبو لوريال الذهبي للشعر الجاف شامبو إيفري ستراند  شامبو زيرو فريز ما أفضل شامبو بدون سلفات في مصر ؟ يونكس شامبو بدون كيماويات شامبو إيفري ستراند شامبو زيرو فريز فيتشي شامبو الأزرق ما أفضل بلسم للشعر الجاف ؟  تريتو بلسم بلسم جليس  ايفر ستريت بلسم الشعر بالكيراتين بلسم Vichy Dercos للشعر الجاف  بلسم دوف للشعر الجاف هيربل اسينسيس بلسم زيرو فريز بلسم ما أفضل ماسك للشعر الجاف ؟ دوكري ماسك  فيتو ماسك فيتشي ماسك باليا ماسك للشعر الجاف والمتقصف  علاج الشعر الجاف : غسل الشعر مرتين إلى 3 مرات فى الأسبوع الشعر الجاف يكفي غسله مرتين أو 3 مرات فى الأسبوع لأن غسله كثيرًا يمكن أن يؤدي إلى تجريد الشعر من الرطوبة ، مما يتسبب في زيادة جفاف الشعر. استخدام شامبو خالي من الكبريتات ( السلفات ) والمواد الكيمياوية استخدام بلسم غنى بالزيوت الطبيعية لترطيب الشعر شطف الشعر بالماء البارد بعد غسله ( لا تستخدم الماء الساخن لأن الحرارة يمكن  أن تسبب جفاف الشعر ) تمشيط الشعر بفرشاة ذات شعيرات طبيعية. فعندما يكون الشعر جافًا ، قد تتسبب الفرشاة ذات الشعيرات الاصطناعية في تشابك الشعر، مما يؤدي إلى تكسر الشعر تقليل تصفيف الشعر بالحرارة حيث يمكن أن يؤدي استخدام أدوات التصفيف الساخنة ، مثل مكواة الشعر إلى زيادة جفاف الشعر استخدام زيت الشعر مثل زيت الأرجان لترطيب بصيلات الشعر",ماركة: فيشي
32488,نيتولك | للوقاية من القمل و حشرات الشعر | 50مل,nitolic prevent plus anti lice solution 50ml g5x3,420,EGP,No Brand,العناية بالشعر>,in stock,https://chefaa.com:443/eg-ar/nowProduct/nitolic-prevent-plus-anti-lice-solution-50ml-g5x3,https://cdn.chefaa.com/filters:format(webp)/public/uploads/products/nitolic-prevent-plus-anti-lice-solution-50ml-g5x3-01719728190.png,https://cdn.chefaa.com/filters:format(webp)/public/uploads/products/nitolic-prevent-plus-anti-lice-solution-50ml-g5x3-01719728190.png,مميزات المنتج   نيتولك | للوقاية من القمل و حشرات الشعر | 50مل,raw_specs: المواصفات
32080,كلير | كريم تصفيف كول سبورت | 210مل,clear styling cream cool sport 210ml 9fui,85,EGP,كلير,العناية بالشعر>ترطيب وعلاج الشعر,in stock,https://chefaa.com:443/eg-ar/nowProduct/clear-styling-cream-cool-sport-210ml-9fui,https://cdn.chefaa.com/filters:format(webp)/public/uploads/products/clear-styling-cream-cool-sport-210ml-iibm-01696261776.png,https://cdn.chefaa.com/filters:format(webp)/public/uploads/products/clear-styling-cream-cool-sport-210ml-iibm-01696261776.png,مميزات المنتج   كلير | كريم تصفيف كول سبورت | 210مل,ماركة: كلير
18707,كلير | شامبو كول سبورت بالمنثول للرجال | 360مل,clear shampoo cool sport menthol 360ml tper,140,EGP,كلير,العناية بالشعر>,in stock,https://chefaa.com:443/eg-ar/nowProduct/clear-shampoo-cool-sport-menthol-360ml-tper,https://cdn.chefaa.com/filters:format(webp)/public/uploads/products/clear-shampoo-cool-sport-menthol-360ml-vntl-01654005060.png,https://cdn.chefaa.com/filters:format(webp)/public/uploads/products/clear-shampoo-cool-sport-menthol-360ml-vntl-01654005060.png,عن هذا المنتج     كلير | شامبو كول سبورت بالمنثول للرجال | 360مل,ماركة: كلير
23790,فاتيكا | كريم تصفيف الشعر يغذي ويحمي بالحناء واللوز والالوفيرا | 140مل,vatika hair cream for normal cream kso0,55,EGP,فاتيكا,العناية بالشعر>,in stock,https://chefaa.com:443/eg-ar/nowProduct/vatika-hair-cream-for-normal-cream-140-kso0,https://cdn.chefaa.com/filters:format(webp)/public/uploads/products/vatika-hair-cream-for-normal-cream-140-kso0-01691056533.png,https://cdn.chefaa.com/filters:format(webp)/public/uploads/products/vatika-hair-cream-for-normal-cream-140-kso0-01691056533.png,مميزات المنتج   يساعد على ترطيب وتغذية الشعر من الجذور حتى الأطراف. يعمل على حماية الشعر من التلف والعوامل البيئية الخارجية مثل الغبار والرمل والحرارة. يعزز لمعان ونعومة الشعر. يساعد على فك التشابك وتسهيل تصفيف الشعر. يعمل على تقوية الشعر. يعمل على تقليل الهيشان. مناسب للشعر العادي.   عن هذا المنتج     مكونات ناتشورالز كريم تصفيف الشعر من دابر فاتيكا: الحناء: تعمل على ترطيب الشعر وتعزيز لمعانه. اللوز: يحتوي على معادن وفيتامين هـ و د ويساعد على تقوية وترطيب الشعر من الجذور حتى الأطراف، كما يجعل الشعر أكثر نعومة وانسيابية. الصبار: يٌحافظ على رطوبة الشعر. حجم Dabur Vatika Naturals Nourish & Protect Styling Hair Cream: يتوفر بحجم 140 مل. يوصي به: الكريم مناسب لأصحاب الشعر العادي حيث يعمل على ترطيب وتغذية الشعر ، كما يعمل على تعزيز لمعان ونعومة الشعر.,ماركة: فاتيكا
18779,مينك | حمام كريم بالافوكادو وزيت الجوجوبا وزبده الشيا لاف يور هير | 1كجم,mink love your hair conditioning cream with avocado jojoba oils and shea butter 1kg 8ur7,125,EGP,مينك,العناية بالشعر>,in stock,https://chefaa.com:443/eg-ar/nowProduct/mink-love-your-hair-conditioning-cream-with-avocado-jojoba-oils-and-shea-butter-1kg-8ur7,https://cdn.chefaa.com/filters:format(webp)/public/uploads/products/mink-love-your-hair-conditioning-cream-with-avocado-jojoba-oils-and-shea-butter-1kg-x5bc-01654185460.png,https://cdn.chefaa.com/filters:format(webp)/public/uploads/products/mink-love-your-hair-conditioning-cream-with-avocado-jojoba-oils-and-shea-butter-1kg-x5bc-01654185460.png,مميزات المنتج   مينك | حمام كريم بالافوكادو وزيت الجوجوبا وزبده الشيا لاف يور هير | 1كجم,ماركة: مينك
45870,كلير | شامبو ضد القشرة والحماية من تساقط الشعر للنساء | 360مل,clear womens anti dandruff shampoo anti hair fall 360ml vqxc_duS3UMpq,135,EGP,كلير,العناية بالشعر>شامبو وبلسم,in stock,https://chefaa.com:443/eg-ar/nowProduct/clear-womens-anti-dandruff-shampoo-anti-hair-fall-360ml-vqxc_duS3UMpq,https://cdn.chefaa.com/filters:format(webp)/public/uploads/products/clear-womens-anti-dandruff-shampoo-anti-hair-fall-360ml-vqxc-11674036550.png,https://cdn.chefaa.com/filters:format(webp)/public/uploads/products/clear-womens-anti-dandruff-shampoo-anti-hair-fall-360ml-vqxc-11674036550.png,مميزات المنتج   كلير | شامبو ضد القشرة والحماية من تساقط الشعر للنساء | 360مل,ماركة: كلير
30504,تريتو | شامبو ضد القشرة | 250مل,treato anti dandruff shampoo 250ml fnoc,200,EGP,إنفينيتي,العناية بالشعر>شامبو وبلسم,in stock,https://chefaa.com:443/eg-ar/nowProduct/treato-anti-dandruff-shampoo-250ml-fnoc,https://cdn.chefaa.com/filters:format(webp)/public/uploads/products/treato-anti-dandruff-shampoo-250ml-fnoc-01722693402.png,https://cdn.chefaa.com/filters:format(webp)/public/uploads/products/treato-anti-dandruff-shampoo-250ml-fnoc-01722693402.png,مميزات المنتج   تريتو | شامبو ضد القشرة | 250مل    عن هذا المنتج     يأتي شامبو المضاد للقشرة بمكونات مهدئة تنظف فروة الرأس بعمق وتهدئ الحكة، وتمنع تساقط الشعر ويزودك بشعر صحي خالي من القشرة المكونات: Defenscalp ™ . Capilectine ™ .بيريثيون الزنك. زيت الأرغان. زيت المنك. زبدة الشيا. البيوتين. الكولاجين .  زيت الحبة السوداء . بروتين الصويا المتحلل . زيت Emu بولي كواتينيوم 67 . فيتامين E . مستخلص لحاء الكينا سوكيروبرا. بروتين الصويا المائي الفوائد: مضاد للقشرة. مناسب لفروة الرأس الدهنية والحساسة. مناسب للشعر المعالج كيميائياً أو المصبوغ. خالي من السالفات. طريقه الاشتخدام: ينصح باستخدامه 2-3 مرات أسبوعيًا,ماركة: إنفينيتي
23792,فاتيكا | كريم تصفيف الشعر للحماية من تساقط الشعر بالصبار والزيتون | 140مل,vatika hair fall control styling hair cream enriched with cactus ghergir and olive r8z4,55,EGP,فاتيكا,العناية بالشعر>,in stock,https://chefaa.com:443/eg-ar/nowProduct/vatika-hair-fall-control-styling-hair-cream-enriched-with-cactus-ghergir-and-olive-140-r8z4,https://cdn.chefaa.com/filters:format(webp)/public/uploads/products/vatika-hair-fall-control-styling-hair-cream-enriched-with-cactus-ghergir-and-olive-140-r8z4-01691056893.png,https://cdn.chefaa.com/filters:format(webp)/public/uploads/products/vatika-hair-fall-control-styling-hair-cream-enriched-with-cactus-ghergir-and-olive-140-r8z4-01691056893.png,عن هذا المنتج     فاتيكا | كريم تصفيف الشعر للحماية من تساقط الشعر بالصبار والزيتون | 140مل,ماركة: فاتيكا
2948,هيربل اسنسز | بلسم بخلاصة الفراوله البيضاء والنعناع المنعش | 400مل,herbal essences biorenew hair conditioner strawberry mint 400ml,280,EGP,هيربل اسنسز,العناية بالشعر>,in stock,https://chefaa.com:443/eg-ar/nowProduct/herbal-essences-biorenew-hair-conditioner-strawberry-mint-400ml,https://cdn.chefaa.com/filters:format(webp)/public/uploads/products/herbal-essences-biorenew-hair-conditioner-strawberry-mint-400ml-01738261720.png,https://cdn.chefaa.com/filters:format(webp)/public/uploads/products/herbal-essences-biorenew-hair-conditioner-strawberry-mint-400ml-01738261720.png,عن هذا المنتج     ﻿ ﻿ بلسم هربل ايسنسز بخلاصة الفراوله البيضاء والنعناع المنعش 400 مل,ماركة: هيربل اسنسز
50808,بيونيكس | شامبو مكافحة التساقط و الشعر الدهني | 300مل,bionnex organica hair loss shampo oily hair ml063h,459,EGP,No Brand,العناية بالشعر>شامبو وبلسم,in stock,https://chefaa.com:443/eg-ar/nowProduct/bionnex-organica-hair-loss-shampo-oily-hair-300-ml063h,https://cdn.chefaa.com/filters:format(webp)/public/uploads/products/bionnex-organica-hair-loss-shampo-oily-hair-300-ml063h-01734942513.png,https://cdn.chefaa.com/filters:format(webp)/public/uploads/products/bionnex-organica-hair-loss-shampo-oily-hair-300-ml063h-01734942513.png,مميزات المنتج   بيونيكس | شامبو مكافحة التساقط و الشعر الدهني | 300مل,raw_specs: المواصفات
10466,كانتو | كريم تصفيف بزبده الشيا منعم ومطرى و مرطب | 453جم,cantu shea butter leave conditioning repair cream 453gm 6crf,550,EGP,كانتو,العناية بالشعر>,in stock,https://chefaa.com:443/eg-ar/nowProduct/cantu-shea-butter-leave-in-conditioning-repair-cream-453gm-6crf,https://cdn.chefaa.com/filters:format(webp)/public/uploads/products/cantu-shea-butter-leave-in-conditioning-repair-cream-453gm-6crf-01656204615.png,https://cdn.chefaa.com/filters:format(webp)/public/uploads/products/cantu-shea-butter-leave-in-conditioning-repair-cream-453gm-6crf-01656204615.png,"مميزات المنتج   كانتو | كريم تصفيف بزبده الشيا منعم ومطرى و مرطب | 453جم   عن هذا المنتج     كريم ليف ان لإصلاح الشعر يترك على الشعر.   يتكون علاج التكييف و التغلغل بعمق بزبدة الشيا من زبدة الشيا النقية والزيوت الطبيعية الأخرى لإيقاف التكسر وإصلاحه، وإصلاح الأطراف المتقصفة ، وإضفاء مزيد من المرونة والتألق مع كل تطبيق.   عند استخدامه يوميًا ، يساعد كريم الإصلاح والترطيب من كانتو على تعزيز شعر أقوى وأكثر صحة.   مثالي لـ: الشعر المريح والمنسق والملون والمجعد.     الفوائد:     يوفر ترطيبًا مكثفًا ويترك الشعر ناعمًا وسهل التصفيف.   مُصمم للشعر التالف والجاف والخشن.   يصلح الكسر ويصلح الأطراف المتقصفة ويقلل من التجاعيد.   متوفر أيضًا بحجم صالون مع مضخة ، حصريًا لدى Sally Beauty Supply.   نصيحة التصفيف: ضعي كريم الإصلاح والترطيب من كانتو يوميًا على الأطراف المتقصفة أو المناطق المتضررة.   مشط واتركه يجف طبيعيا.     طريقة الاستخدام:     التصفيف اليومي: ضعي كمية وفيرة من المنتج على أطراف الشعر الرطب واعملي على الجذور.   مشط من خلال التوزيع المتساوي.   لا تشطفه.   ضعي المزيد على أطراف الشعر الطويل أو المناطق التي بها مشاكل.   علاج يترك على الشعر: يوضع حسب توجيهات ""التصفيف اليومي"" وغطيه بغطاء بلاستيكي طوال الليل للحصول على أقصى قدر من الامتصاص والترطيب المكثف.   الشعر الخالي من التجاعيد: يوضع يومياً على الأطراف المتقصفة أو المناطق المتضررة.   قم بتمشيط الشعر واتركه يجف بشكل طبيعي.",ماركة: كانتو
5958,إيڤا هونى هير كريم | كريم شعر بالعسل | 185جم,eva honey hair cream 185gm bd9u vvhv,120,EGP,إيڤا,العناية بالشعر>ترطيب وعلاج الشعر,in stock,https://chefaa.com:443/eg-ar/nowProduct/eva-honey-hair-cream-185gm-bd9u-vvhv,https://cdn.chefaa.com/filters:format(webp)/public/uploads/products/eva-honey-hair-cream-185gm-bd9u-vvhv-01737646410.png,https://cdn.chefaa.com/filters:format(webp)/public/uploads/products/eva-honey-hair-cream-185gm-bd9u-vvhv-01737646410.png,عن هذا المنتج     تتغلغل تركيبتنا بصيلات الشعر فتعمل على ترطيبه وتغذيته وتمنحه نعومة فائقة. كريم شعر إيڤا بالعسل يمنع تقصف الأطراف ويعالج الشعر التالف، تاركاً لشعرك النعومة واللمعان الطبيعي.,ماركة: إيڤا
46432,كابيكسي | كريم للشعر | 120مل,capixy hair cream 120ml 3o3c_duI8ZpxE,320,EGP,كابيكسي,العناية بالشعر>ترطيب وعلاج الشعر,in stock,https://chefaa.com:443/eg-ar/nowProduct/capixy-hair-cream-120ml-3o3c_duI8ZpxE,https://cdn.chefaa.com/filters:format(webp)/public/uploads/products/capixy-hair-cream-120ml-nsag-01702554427.png,https://cdn.chefaa.com/filters:format(webp)/public/uploads/products/capixy-hair-cream-120ml-nsag-01702554427.png,مميزات المنتج   كابيكسي | كريم للشعر | 120مل,ماركة: كابيكسي
29091,بخاخ كابيكسي للشعر لعلاج التساقط | 250 مل,capixy hair fertlizer tonic spray 250ml vfdr,375,EGP,كابيكسي,العناية بالشعر>,in stock,https://chefaa.com:443/eg-ar/nowProduct/capixy-hair-fertlizer-tonic-spray-250ml-vfdr,https://cdn.chefaa.com/filters:format(webp)/public/uploads/products/capixy-hair-fertlizer-tonic-spray-250ml-rc50-01682441170.png,https://cdn.chefaa.com/filters:format(webp)/public/uploads/products/capixy-hair-fertlizer-tonic-spray-250ml-rc50-01682441170.png,مميزات المنتج   يتميز بخاخ كابيكسي للشعر بما يلي: له تركيبة مميزة تساعد على تغذية وتقوية الشعر الضعيف. يعالج الشعر المتساقط في جميع مراحله. يحسن نمو الشعر ويساعد على تقوية البصيلات. خال من الكحول ولا يسبب الحساسية أو التهيج. يكسب الشعر المزيد من الصحة والنعومة. سعر بخاخ كابيكسي للشعر مناسب مقارنة بحجمه وفوائده العديدة.   عن هذا المنتج     مكونات بخاخ كابيكسي للشعر   يحتوي كابيكسي بخاخ على:  الكابيكسيل: يقوي بصيلات الشعر ويحافظ على صحته.  الأرجنين: يساهم في بناء وتكوين الشعر ويزيد نعومته وحيويته.  حجم capixy hair tonic spray  يتوفر capixy hair tonic spray بحجم 250 مل.  سعر بخاخ كابيكسي للشعر   يتوفر كابيكسي بخاخ بسعر حوالي 320 جنيه مصري.  يوصى باستعمال بخاخ كابيكسي للشعر ل  كابيكسي بخاخ مناسب لأصحاب الشعر الضعيف والمتساقط فهو يقلل التساقط في جميع مراحله ويحفز نمو الشعر، مما يساعدك للحصول على شعر أكثر كثافة وحيوية.,ماركة: كابيكسي
49943,فاتيكا | كريم الشعر بالزيتون | 190مل,vatika hair cream olive 210ml xir9,75,EGP,فاتيكا,العناية بالشعر>ترطيب وعلاج الشعر,in stock,https://chefaa.com:443/eg-ar/nowProduct/vatika-hair-cream-olive-210ml-xir9,https://cdn.chefaa.com/filters:format(webp)/public/uploads/products/vatika-hair-cream-olive-210ml-83je-01730636927.png,https://cdn.chefaa.com/filters:format(webp)/public/uploads/products/vatika-hair-cream-olive-210ml-83je-01730636927.png,مميزات المنتج   فاتيكا | كريم الشعر بالزيتون | 190مل,ماركة: فاتيكا
62101,كلير | شامبو ضد القشرة للتنظيف العميق | 180مل | 10 جنية خصم,clear deep cleanse anti dandruff shampoo 180ml tvbr_du3tkdUG_duBowNIb,85,EGP,كلير,العناية بالشعر>شامبو وبلسم,in stock,https://chefaa.com:443/eg-ar/nowProduct/clear-deep-cleanse-anti-dandruff-shampoo-180ml-tvbr_du3tkdUG_duBowNIb,https://cdn.chefaa.com/filters:format(webp)/public/uploads/products/clear-deep-cleanse-anti-dandruff-shampoo-180ml-tvbr-du3tkdug-dubownib-01752407660.png,https://cdn.chefaa.com/filters:format(webp)/public/uploads/products/clear-deep-cleanse-anti-dandruff-shampoo-180ml-tvbr-du3tkdug-dubownib-01752407660.png,مميزات المنتج   كلير | شامبو ضد القشرة للتنظيف العميق | 180مل | 10 جنية خصم,ماركة: كلير
18392,باليت | كريم صبغة الشعر انتنسيف كولور 4-0 بنى متألق | 50مل,palette intensive color cream sparkling brown 50ml urak,120,EGP,باليت,العناية بالشعر>,in stock,https://chefaa.com:443/eg-ar/nowProduct/palette-intensive-color-cream-4-0-sparkling-brown-50ml-urak,https://cdn.chefaa.com/filters:format(webp)/public/uploads/products/palette-intensive-color-cream-4-0-sparkling-brown-50ml-w2ly-01653561545.png,https://cdn.chefaa.com/filters:format(webp)/public/uploads/products/palette-intensive-color-cream-4-0-sparkling-brown-50ml-w2ly-01653561545.png,مميزات المنتج   باليت | كريم صبغة الشعر انتنسيف كولور 4-0 بنى متألق | 50مل,ماركة: باليت
21350,جلورى | حناء لشعر اكثر نعومة وحيوية | اسود | كيس 10جم | 1 كيس,glory henna with shikaki and amla pack black wygz,45,EGP,مجموعة جلوري الطبية,العناية بالشعر>,in stock,https://chefaa.com:443/eg-ar/nowProduct/glory-henna-with-shikaki-and-amla-pack-of-6-10-gm-black-wygz,https://cdn.chefaa.com/filters:format(webp)/public/uploads/products/glory-henna-with-shikaki-and-amla-pack-of-6-10-gm-black-wygz-01722334463.png,https://cdn.chefaa.com/filters:format(webp)/public/uploads/products/glory-henna-with-shikaki-and-amla-pack-of-6-10-gm-black-wygz-01722334463.png,عن هذا المنتج     جلورى | حناء لشعر اكثر نعومة وحيوية | اسود | كيس 10جم | 1 كيس,ماركة: مجموعة جلوري الطبية
46329,بندولين | شامبو ضد القشرة بزيت شجرة الشاي | 300مل,penduline anti dandruff shampoo 300ml wiyb_duVxiFwO,135,EGP,بندولين,العناية بالشعر>شامبو وبلسم,in stock,https://chefaa.com:443/eg-ar/nowProduct/penduline-anti-dandruff-shampoo-300ml-wiyb_duVxiFwO,https://cdn.chefaa.com/filters:format(webp)/public/uploads/products/penduline-anti-dandruff-shampoo-300ml-blkj-01683666209.png,https://cdn.chefaa.com/filters:format(webp)/public/uploads/products/penduline-anti-dandruff-shampoo-300ml-blkj-01683666209.png,مميزات المنتج   بندولين | شامبو ضد القشرة | 300مل,ماركة: بندولين
18759,بديل الزيت دوف الازرق اصلاح مكثف للشعر | 300 مل,dove intense rescue replacement oil cream 300ml xjvo,165,EGP,دوف,العناية بالشعر>,in stock,https://chefaa.com:443/eg-ar/nowProduct/dove-intense-rescue-replacement-oil-cream-300ml-xjvo,https://cdn.chefaa.com/filters:format(webp)/public/uploads/products/dove-intense-rescue-replacement-oil-cream-300ml-kmlk-01654028179.png,https://cdn.chefaa.com/filters:format(webp)/public/uploads/products/dove-intense-rescue-replacement-oil-cream-300ml-kmlk-01654028179.png,مميزات المنتج   يتميز بديل الزيت دوف dove oil replacement بما يلي: غني بمجموعة من الزيوت الطبيعية التي تساعد على تغذية وترميم الشعر. يساعد على ترطيب الشعر بعمق وحمايته من الهيشان. يحمي الشعر من التلف الناتج عن التعرض للحرارة. له ملمس خفيف ولا يسبب مظهر لزج أو دهني للشعر. مناسب للاستخدام اليومي. يعطي الشعر مظهر لامع وصحي. يسهل تصفيف الشعر مما يحميه من التلف والتكسر. سعر بديل الزيت دوف مناسب مقارنة بفوائده العديدة للشعر.   عن هذا المنتج     مكونات بديل الزيت دوف الأزرق  يحتوي بديل الزيت دوف على:  داي ميثيكولون (Dimethiconol): نوع من السيليكون يغلف الشعر ويحميه من التلف الحراري ويعزز نعومته ولمعانه.  جلسرين (glycerin): مرطب طبيعي يجذب الرطوبة إلى الشعر ويحافظ على ترطيبه لفترة أطول، مما يقلل من الجفاف.  حجم عبوة dove بديل الزيت   يتوفر دوف بديل الزيت بحجم 300 مل.  سعر دوف بديل الزيت   سعر بديل الزيت من دوف حوالي 135 جنيه مصري (سعر المنتج قد يتغير تبعاً لتحديث سعره في الصيدليات أو حسب العروض المتاحة)  يوصى باستعمال بديل زيت دوف ل   بديل الزيت من دوف مناسب لأصحاب الشعر التالف والمعرض للجفاف، فهو يغذي الشعر ويرطبه بعمق مما يمنحه المزيد من النعومة واللمعان ويكسب الشعر مظهر صحي وأكثر حيوية.  كيفية استخدام بديل الزيت دوف للشعر الجاف   ابدئي بغسل شعرك جيدًا باستخدام الشامبو المناسب لنوع شعرك.  جففي شعرك بلطف باستخدام منشفة ناعمة حتى يصبح رطبًا، وليس مبللاً تمامًا.  خذي كمية مناسبة من بديل الزيت ووزعيها على شعرك بالتساوي بدءاً من منتصف الشعر حتى الأطراف.  تجنبي وضع بديل الزيت مباشرة على فروة الرأس.  دلكي الشعر بلطف باستخدام أصابعك لضمان تغلغله جيدًا في الشعر، مع التركيز على الأطراف الجافة والمتضررة ثم صففيه بالطريقة المعتادة.  بديل الزيت دوف لا يتطلب شطفًا، لذا اتركيه على شعرك واستمتعي بفوائده المرطبة.  إذا كنت تخططين لاستخدام مكواة فرد الشعر أو مجفف الشعر، يمكنك وضع بديل الزيت كحاجز لحماية الشعر من الحرارة.  للحصول على أفضل النتائج، استخدميه بانتظام بعد كل غسل، أو كلما شعرت أن شعرك يحتاج إلى ترطيب إضافي.  ما أنواع بديل الزيت دوف؟  بديل الزيت دوف إصلاح مكثف dove intensive repair.  دوف بالزيوت المغذية nourishing oil care.  بديل الزيت ضد تساقط الشعر hair fall rescue oil replacement.  ما افضل بديل زيت للشعر الجاف؟  بديل الزيت لوريال الفيف loreal elvive oil replacement.  تولا بديل الزيت tola oil replacement.  بديل الزيت دوف dove oil replacement.  فاتيكا بديل الزيت vatika oil replacement.,ماركة: دوف
32277,بالمرز | واكس لتصفيف الشعر سـوفت فـورميلا | 100جم,palmers hair straightener soft formula 100gm ysah,170,EGP,بالمرز,العناية بالشعر>ترطيب وعلاج الشعر,in stock,https://chefaa.com:443/eg-ar/nowProduct/palmers-hair-straightener-soft-formula-100gm-ysah,https://cdn.chefaa.com/filters:format(webp)/public/uploads/products/palmers-hair-straightener-soft-formula-100gm-51kp-01697035663.png,https://cdn.chefaa.com/filters:format(webp)/public/uploads/products/palmers-hair-straightener-soft-formula-100gm-51kp-01697035663.png,مميزات المنتج   بالمرز | واكس لتصفيف الشعر سـوفت فـورميلا | 100جم,ماركة: بالمرز
1290,هيركود | جل لتصفيف الشعر لمظهر مبلل الازرق | 160+25مل مجانًا,hair code free style wet look hair gel large,35,EGP,هير كود,العناية بالشعر>ترطيب وعلاج الشعر,in stock,https://chefaa.com:443/eg-ar/nowProduct/hair-code-free-style-wet-look-hair-gel-large,https://cdn.chefaa.com/filters:format(webp)/public/uploads/products/hair-code-free-style-wet-look-hair-gel-large-01724054780.png,https://cdn.chefaa.com/filters:format(webp)/public/uploads/products/hair-code-free-style-wet-look-hair-gel-large-01724054780.png,مميزات المنتج   يتميز جل هيركود الازرق بما يلي: يساعد على تصفيف الشعر بشكل مثالي وتحقيق المظهر المبلل المطلوب. له تركيبة قوية تمنح الشعر ثباتًا قويًا يدوم طوال اليوم، ما يجعله مناسبًا للاستخدام اليومي وحتى في المناسبات الخاصة. يضفي لمعانًا جذابًا على الشعر، مما يعزز مظهره المبلل ويجعله يبدو أكثر حيوية وصحة. يحتوي على مكونات تساعد على تغذية الشعر وحمايته من التلف الناتج عن التصفيف المتكرر وتأثيرات العوامل البيئية الضارة. له رائحة منعشة ومميزة تضفي شعورًا بالانتعاش والنظافة على الشعر. يتميز بتركيبة خفيفة تمنع تراكم القشرة على فروة الرأس، ما يجعله مناسبًا لجميع أنواع الشعر. لا يترك أي بقايا أو رواسب على الشعر. سعر جل هيركود الازرق مناسب مقارنة بحجمه وفوائده للشعر.   عن هذا المنتج     مكونات جل هيركود الازرق   يحتوي هيركود جل على:  الجلسرين: يرطب الشعر ويكسبه المزيد من النعومة.  كاربومير: يحافظ على قوام الجل.  خلاصة زيت الزيتون: يرطب الشعر ويحسن ملمسه.  حجم haircode gel   يتوفر haircode gel بحجم 300 مل و160 مل و100 مل.  سعر جل هيركود الازرق   يتراوح سعر جل هيركود الازرق 300 مل ما بين 28 إلى 33 جنيه مصري.  يبلغ سعر حجم 160 مل حوالي 24 جنيه مصري.  يبلغ سعر حجم 100 مل حوالي 10 جنيه مصري.  يوصى باستعمال جل هيركود الازرق ل  هيركود جل مناسب لجميع أنواع الشعر فهو يمنحك إطلالة مميزة وجذابة ومظهرًا أنيقًا للشعر، وكذلك يحافظ على ثبات الشعر لفترة طويلة.,ماركة: هير كود
18648,إنليفن | بخاخ الشعر بتقنية التثبيت الفائق | 300مل,enliven ultra hold hair spray 300ml cdzd,300,EGP,انليفن,العناية بالشعر>,in stock,https://chefaa.com:443/eg-ar/nowProduct/enliven-ultra-hold-hair-spray-300ml-cdzd,https://cdn.chefaa.com/filters:format(webp)/public/uploads/products/enliven-ultra-hold-hair-spray-300ml-cdzd-01720956830.png,https://cdn.chefaa.com/filters:format(webp)/public/uploads/products/enliven-ultra-hold-hair-spray-300ml-cdzd-01720956830.png,مميزات المنتج   إنليفن | بخاخ الشعر بتقنية التثبيت الفائق | 300مل,ماركة: انليفن
24029,صانسيلك ناتشورال ريتشارج بديل الزيت لترطيب الشعر بجوز الهند | 300مل,sunsilk oil replacement coconut scfu,145,EGP,صانسيلك,العناية بالشعر>,in stock,https://chefaa.com:443/eg-ar/nowProduct/sunsilk-oil-replacement-coconut-300-scfu,https://cdn.chefaa.com/filters:format(webp)/public/uploads/products/sunsilk-oil-replacement-coconut-300-ijok-01665676868.png,https://cdn.chefaa.com/filters:format(webp)/public/uploads/products/sunsilk-oil-replacement-coconut-300-ijok-01665676868.png,مميزات المنتج   صانسيلك ناتشورال ريتشارج بديل الزيت لترطيب الشعر بجوز الهند | 300مل   عن هذا المنتج     مكونات ناتشورال ريتشارج كريم بديل الزيت من صانسيلك:   زيت جوز الهند: يعمل على تقوية وتغذية وترطيب الشعر ومنحه مظهرًا أكثر كثافة، كما يقلل التكسر والتقصف ويرطب ويهدئ تجاعيد الشعر.   مميزات صانسيلك ناتشورال ريتشارج كريم بديل الزيت:     يعمل على ترطيب الشعر من الجذور حتى الأطراف ويحميه من الجفاف.   يُكسب الشعر مزيد من اللمعان والنعومة 3 مرات أكثر.   يساعد على تقوية وتغذية الشعر.   يًكسب الشعر رائحة عطرة ومميزة تدوم حتى 24 ساعة.   يعمل على تقليل هيشان الشعر.   يساعد على فك التشابك وتسهيل تصفيف الشعر.   يحافظ على انتعاش الشعر وحيويته.   يتميز بتركيبته الخفيفة الغير دهنية التي لا تترك أي أثر مزعج أو لزج على الشعر.   لا يسبب حساسية فروة الرأس.   مناسب لجميع أنواع الشعر.     حجم Sunsilk Natural Recharge Moisturizing Oil Replacement:     يتوفر بحجم 300 مل.     يوصي به:   بديل الزيت مناسب لجميع أنواع الشعر حيث يعمل على ترطيب وتغذية الشعر وجعله أكثر نعومة ولمعان وحيوية.,ماركة: صانسيلك
1581,لوريال باريس | صبغة شعر برودجي بدون أمونيا | 1.0 أسود,prodigy ammonia free hair color noir,430,EGP,لوريال باريس,العناية بالشعر>صبغات الشعر,in stock,https://chefaa.com:443/eg-ar/nowProduct/prodigy-ammonia-free-hair-color-10-noir,https://cdn.chefaa.com/filters:format(webp)/public/uploads/products/prodigy-ammonia-free-hair-color-10-noir-01650705341.png,https://cdn.chefaa.com/filters:format(webp)/public/uploads/products/prodigy-ammonia-free-hair-color-10-noir-01650705341.png,مميزات المنتج   لوريال باريس | صبغة شعر برودجي بدون أمونيا | 1.0 أسود   عن هذا المنتج     لوريال باريس | صبغة شعر برودجي بدون أمونيا | 1.0 أسود,ماركة: لوريال باريس
61046,كلاري | شامبو ضد القشرة | 300مل,clary anti dandruff shampoo 300ml rxdb,320,EGP,كلاري,العناية بالشعر>شامبو وبلسم,in stock,https://chefaa.com:443/eg-ar/nowProduct/clary-anti-dandruff-shampoo-300ml-rxdb,https://cdn.chefaa.com/filters:format(webp)/public/uploads/products/clary-anti-dandruff-shampoo-300ml-nprl-01750672658.png,https://cdn.chefaa.com/filters:format(webp)/public/uploads/products/clary-anti-dandruff-shampoo-300ml-nprl-01750672658.png,مميزات المنتج   كلاري | شامبو ضد القشرة | 300مل,ماركة: كلاري
62041,لوريال باريس | بلسم الفيف هيالورون بيور لإعادة الترطيب للشعر الدهني | 200مل,lor%C3%A9al paris elvive hyaluron pure rehydrating conditioner for oily hair 200ml c7v8,124,EGP,لوريال باريس,العناية بالشعر>شامبو وبلسم,in stock,https://chefaa.com:443/eg-ar/nowProduct/lor%C3%A9al-paris-elvive-hyaluron-pure-rehydrating-conditioner-for-oily-hair-200ml-c7v8,https://cdn.chefaa.com/filters:format(webp)/public/uploads/products/loréal-paris-elvive-hyaluron-pure-rehydrating-conditioner-for-oily-hair-200ml-idth-01752154103.png,https://cdn.chefaa.com/filters:format(webp)/public/uploads/products/loréal-paris-elvive-hyaluron-pure-rehydrating-conditioner-for-oily-hair-200ml-idth-01752154103.png,مميزات المنتج   لوريال باريس | بلسم الفيف هيالورون بيور لإعادة الترطيب للشعر الدهني | 200مل,ماركة: لوريال باريس
6038,الو إيڤا بديل زيت الصبار وبروتينات الحرير - 250مل,aloe eva hair oil replacement with aloe vera and silk proteins 250ml j1i7,100,EGP,إيڤا,العناية بالشعر>,in stock,https://chefaa.com:443/eg-ar/nowProduct/aloe-eva-hair-oil-replacement-with-aloe-vera-and-silk-proteins-250ml-j1i7,https://cdn.chefaa.com/filters:format(webp)/public/uploads/products/1619204955aloe-eva-hair-oil-replacement-with-aloe-vera-and-silk-proteins-250ml-chefaajpg,https://cdn.chefaa.com/filters:format(webp)/public/uploads/products/1619204955aloe-eva-hair-oil-replacement-with-aloe-vera-and-silk-proteins-250ml-chefaajpg,مميزات المنتج   للشعر المجهد المصبوغ. يُكون طبقة واقية حول كل شعرة مجهدة، فيعيد بناء الشعر التالف ويزيده مرونة ويحميه من التقصف، كما يغذي ويقوي الشعر فيعيد إليه بريقه ولمعانه.,ماركة: إيڤا
18395,باليت | كريم صبغة الشعر انتنسيف كولور 3-68 ماهوغاني غامق | 50مل,palette intensive color cream dark mahogany 50ml y7d0,124,EGP,باليت,العناية بالشعر>,in stock,https://chefaa.com:443/eg-ar/nowProduct/palette-intensive-color-cream-3-68-dark-mahogany-50ml-y7d0,https://cdn.chefaa.com/filters:format(webp)/public/uploads/products/palette-intensive-color-cream-3-68-dark-mahogany-50ml-dtkm-01653563690.png,https://cdn.chefaa.com/filters:format(webp)/public/uploads/products/palette-intensive-color-cream-3-68-dark-mahogany-50ml-dtkm-01653563690.png,مميزات المنتج   باليت | كريم صبغة الشعر انتنسيف كولور 3-68 ماهوغاني غامق | 50مل,ماركة: باليت
2319,شامبو ايفا كيراتين eva keratin shampoo | ٢٣٠ مل,eva ekeratin shampoo 230ml,120,EGP,إيڤا,العناية بالشعر>,in stock,https://chefaa.com:443/eg-ar/nowProduct/eva-ekeratin-shampoo-230ml,https://cdn.chefaa.com/filters:format(webp)/public/uploads/products/eva-ekeratin-shampoo-230ml-01721412514.png,https://cdn.chefaa.com/filters:format(webp)/public/uploads/products/eva-ekeratin-shampoo-230ml-01721412514.png,"مميزات المنتج   يتميز شامبو ايفا كيراتين (eva keratin shampoo) بما يلي: يحتوي على الكيراتين كمكون رئيسي مما يساعد على تقوية بنية الشعر وتعزيزها. يساعد على تقوية الشعر التالف وتقليل تكسره. يحمي الشعر من المؤثرات الخارجية الضارة. يعيد بناء الشعر المجهد والتالف. يرطب الشعر ويجعله يبدو أكثر صحة ولمعانًا. يساهم في تنعيم الشعر وتحسين قابليته للتسريح.  يقلل التشابك والعقد في الشعر، مما يسهل تصفيفه وتسريحه. يعطي الشعر مظهراً أكثر نعومة وبريقًا وحيوية كما يساعد على تحسين مظهر الشعر الباهت والتالف. مناسب لجميع أنواع الشعر. سعر شامبو إي كيراتين مناسب مقارنة بحجمه وفوائده العديدة للشعر.   عن هذا المنتج     مكونات شامبو ايفا كيراتين (eva keratin shampoo) يحتوي إي كيراتين شامبو للشعر المعالج بالبروتين على الكيراتين وهو أحد أنواع البروتين التي تدخل في بناء الشعر، ما يساعد على علاج التلف والتقصف وحماية الشعر من العوامل الخارجية الضارة. حجم عبوة eva keratin shampoo يتوافر شامبو للشعر المعالج بالبروتين بحجم 230 مل.  سعر شامبو ايفا كيراتين يبلغ سعر شامبو اي كيراتين حوالى 1١0 جنيه مصري. "" شامبو ايفا كيراتين سعره قد يتغير من وقت لاخر تبعاً لتغيره فى الصيدليات "" يوصى باستعمال ايفا كيراتين شامبو إي كيراتين شامبو للشعر المعالج بالبروتين مناسب لجميع أنواع الشعر وخاصة أصحاب الشعر المجهد والتالف، فهو يمنحك شعرًا أكثر انسيابية ونعومة بالإضافة إلى مقاومة التقصف والتلف مما يكسبك شعرًا أكثر صحة وقوة.  ما هي طريقة استعمال شامبو اي كيراتين  ؟ ضعي كمية مناسبة من الشامبو ووزعيها على فروة الرأس.  دلكي فروة الرأس بحركات دائرية خفيفة.  تأكدي أن الشامبو موزع جيداً على أجزاء الشعر.  اشطفي شعرك جيداً بالماء الفاتر.  استخدميه مرتين إلى ثلاث مرات في الأسبوع.  ما فوائد شامبو كيراتين ايفا ؟  يقوي الشعر من الجذور حتى الأطراف.  يغذي الشعر الجاف والتالف.  يحمي الشعر من التكسر .  يزيد نعومة وحيوية الشعر.   هل شامبو ايفا كيراتين خالي من السلفات  ؟ يحتوي شامبو eva keratin على مادة الصوديوم لوريث سلفات، ولذلك فهو ليس خالٍ من السلفات. ما افضل شامبو بروتين من الصيدلية ؟   شامبو تريسيمي نعومة الكيراتين.  شامبو أو جي إكس.  شامبو جي كي.  شامبو بروتين ثيرابي ليس 4 في 1.  شامبو شامبو ايفري ستراند.  ايفا شامبو كيراتي",ماركة: إيڤا
6088,آلو إيڤا | بلسم الشعر بالارجان و الصبار | 230مل,aloe eva conditioner with aloe vera and moroccan argan oil 230ml jbeb,85,EGP,إيڤا,العناية بالشعر>شامبو وبلسم,in stock,https://chefaa.com:443/eg-ar/nowProduct/aloe-eva-conditioner-with-aloe-vera-and-moroccan-argan-oil-230ml-jbeb,https://cdn.chefaa.com/filters:format(webp)/public/uploads/products/aloe-eva-conditioner-with-aloe-vera-and-moroccan-argan-oil-230ml-jbeb-1643064331.png,https://cdn.chefaa.com/filters:format(webp)/public/uploads/products/aloe-eva-conditioner-with-aloe-vera-and-moroccan-argan-oil-230ml-jbeb-1643064331.png,مميزات المنتج   لأول مرة بلسم من الو إيڤا الذي يحتوي علي نسب عالية من المرطبات و يحتوي علي البروتين المتحلل بالماء الذي يتغلغل في الشعر ويعمل على تقويته و منع هيشان خصلة الشعر. آلو إيڤا بلسـم مـقــوي للشعــر بتـركيـبـتــه الفـريــدة والـغـنـيـة بالصبـــــار وزيـت ارجـــــان المغـربـي، تـمـنـــح الشعـر اللمعان الفـوري والتحكم فـي الهيـشـان بينمـا تقوم بإصلاح وتنعيم وترطيب الشعر وتقلل من تقصفه.,ماركة: إيڤا
23282,اتراكتا | امبولات ري-فورس 5مل | 12 أمبولة,atrakta force hair ampoules 5ml vails dsmq,750,EGP,اتراكتا,العناية بالشعر>,in stock,https://chefaa.com:443/eg-ar/nowProduct/atrakta-re-force-hair-ampoules-5ml-12-vails-dsmq,https://cdn.chefaa.com/filters:format(webp)/public/uploads/products/atrakta-re-force-hair-ampoules-5ml-12-vails-nk26-01664048496.png,https://cdn.chefaa.com/filters:format(webp)/public/uploads/products/atrakta-re-force-hair-ampoules-5ml-12-vails-nk26-01664048496.png,مميزات المنتج   ضع أمبول واحد على فروة الرأس يومًا بعد يوم مع تدليك لطيف أمبولة واحدة أسبوعًا بعد 6 أشهر للحفاظ على النتائج.   عن هذا المنتج     تركيبة فعالة لتكثيف الشعر والعمل على زيادة طوله، كما أنها تساعد على تقليل تساقط الشعر.   علاج تساقط الشعر والصلع الوراثي و الثعلبة البقعية.     طريقة الاستخدام:     ضع أمبول واحد على فروة الرأس يومًا بعد يوم مع تدليك لطيف أمبولة واحدة أسبوعًا بعد 6 أشهر للحفاظ على النتائج.   أمبول واحد على فروة الرأس يومًا بعد يوم و أمبولة واحدة في الأسبوع بعد 6 أشهر.,ماركة: اتراكتا
20865,دابر أملا | زيت شعر جاسمين لتلميع الشعر | 45مل,dabur amla jasmine hair oil 45ml pz9m,27.5,EGP,دابر أملا,العناية بالشعر>,in stock,https://chefaa.com:443/eg-ar/nowProduct/dabur-amla-jasmine-hair-oil-45ml-pz9m,https://cdn.chefaa.com/filters:format(webp)/public/uploads/products/dabur-amla-jasmine-hair-oil-45ml-pz9m-01721733721.png,https://cdn.chefaa.com/filters:format(webp)/public/uploads/products/dabur-amla-jasmine-hair-oil-45ml-pz9m-01721733721.png,مميزات المنتج   دابر أملا | زيت شعر جاسمين لتلميع الشعر | 45مل   عن هذا المنتج     دابر أملا | زيت شعر جاسمين لتلميع الشعر | 45مل,ماركة: دابر أملا
8868,بليس | ليف ان كريم | 450مل,bless leave extra shea butter 450ml g1rr,135,EGP,بليس,العناية بالشعر>,in stock,https://chefaa.com:443/eg-ar/nowProduct/bless-leave-in-extra-shea-butter-450ml-g1rr,https://cdn.chefaa.com/filters:format(webp)/public/uploads/products/1637040012bless-leave-in-cream-450mlwebp,https://cdn.chefaa.com/filters:format(webp)/public/uploads/products/1637040012bless-leave-in-cream-450mlwebp,عن هذا المنتج     بليس | ليف ان كريم | 450مل,ماركة: بليس
1595,لوريال باريس | صبغة شعر برودجي بدون أمونيا | 8.0 أشقر الفاتح رمل الصحراء,prodigy ammonia free hair color light blonde dune,430,EGP,لوريال باريس,العناية بالشعر>صبغات الشعر,in stock,https://chefaa.com:443/eg-ar/nowProduct/prodigy-ammonia-free-hair-color-80-light-blonde-dune,https://cdn.chefaa.com/filters:format(webp)/public/uploads/products/prodigy-ammonia-free-hair-color-80-light-blonde-dune-01650705687.png,https://cdn.chefaa.com/filters:format(webp)/public/uploads/products/prodigy-ammonia-free-hair-color-80-light-blonde-dune-01650705687.png,"مميزات المنتج   فاتح, اشقر, طبيعي دائمة, خالي من الأمونيا, فاتح, يغذي,لوريال, صبغة شعر, لون صبغه, العناية بالشعر, تسريحه شعر, كونسيلر,فاتح, مستحضر تجميل , شعر كوافير, مجعد, ناعم, لامع, الجمال, منتج, زيت , كريم, يعالج, بلسم , ابيض,   عن هذا المنتج     لون فائق النعومة مليء بالمرور والانخفاضات - تنشر تقنية الزيوت الدقيقة الجديدة الخاصة بنا مزيجًا من الألوان المنعكسة في قلب الألياف ، لتكشف عن لون خفي وطبيعي المظهر. لون جميل وحيوي ومتعدد الدرجات اللونية - تنتشر جزيئات اللون من الجذر إلى الحافة ، مما يعكس الضوء ليكشف عن لون طبيعي غير عادي المظهر. يحسن ملمس الشعر وتألقه - تقنية الزيت الدقيقة تجعل كل خصلة أكثر نعومة ورعاية. مجهزة بتقنية Micro-oil لون نابض بالحياة ومتعدد الدرجات اللونية يوفر ملمسًا محسنًا للشعر يمنحك لمعاناً متألقاً خالٍ من الأمونيا",ماركة: لوريال باريس
46278,هير كود | ويتلوك فري ستايل جل تصفيف الشعر لمظهر مبلل | 250مل | 10% خصم,hair code gel wetlook freestyle 250ml ds8v_dul4AGXJ,38,EGP,هير كود,العناية بالشعر>ترطيب وعلاج الشعر,in stock,https://chefaa.com:443/eg-ar/nowProduct/hair-code-gel-wetlook-freestyle-250ml-ds8v_dul4AGXJ,https://cdn.chefaa.com/filters:format(webp)/public/uploads/products/hair-code-gel-wetlook-freestyle-250ml-ds8v-01721303110.png,https://cdn.chefaa.com/filters:format(webp)/public/uploads/products/hair-code-gel-wetlook-freestyle-250ml-ds8v-01721303110.png,مميزات المنتج   هير كود | ويتلوك فري ستايل جل تصفيف الشعر لمظهر مبلل | 250مل | 10% خصم,ماركة: هير كود
29320,لوريال باريس | سيروم هيالورون اكسبرت بالهيالورونيك اسيد | 15مل,loreal paris hyaluron expert serum with hyaluronic acid 15ml n0h0,280,EGP,لوريال باريس,العناية بالشعر>,in stock,https://chefaa.com:443/eg-ar/nowProduct/loreal-paris-hyaluron-expert-serum-with-hyaluronic-acid-15ml-n0h0,https://cdn.chefaa.com/filters:format(webp)/public/uploads/products/loreal-paris-hyaluron-expert-serum-with-hyaluronic-acid-15ml-5mrc-01682717691.png,https://cdn.chefaa.com/filters:format(webp)/public/uploads/products/loreal-paris-hyaluron-expert-serum-with-hyaluronic-acid-15ml-5mrc-01682717691.png,مميزات المنتج   لوريال باريس | سيروم هيالورون اكسبرت بالهيالورونيك اسيد | 15مل,ماركة: لوريال باريس
18012,بالمرز | تكييف الشعر البرغموت | 150جم,palmers bergamot formula conditioning hair dress aahk,155,EGP,بالمرز,العناية بالشعر>,in stock,https://chefaa.com:443/eg-ar/nowProduct/palmers-bergamot-formula-conditioning-hair-dress-150-g-aahk,https://cdn.chefaa.com/filters:format(webp)/public/uploads/products/palmers-bergamot-formula-conditioning-hair-dress-150-g-ldk2-01653230819.png,https://cdn.chefaa.com/filters:format(webp)/public/uploads/products/palmers-bergamot-formula-conditioning-hair-dress-150-g-ldk2-01653230819.png,مميزات المنتج   بالمرز | تكييف الشعر البرغموت | 150 جرام   عن هذا المنتج     بالمرز | تكييف الشعر البرغموت | 150 جرام,ماركة: بالمرز
32583,صانسيلك | كريم تصفيف الشعر ارجان | 210مل,sunsilk styling cream with argan defined curles 210ml acxv,100,EGP,صانسيلك,العناية بالشعر>ترطيب وعلاج الشعر,in stock,https://chefaa.com:443/eg-ar/nowProduct/sunsilk-styling-cream-with-argan-defined-curles-210ml-acxv,https://cdn.chefaa.com/filters:format(webp)/public/uploads/products/sunsilk-styling-cream-with-argan-defined-curles-210ml-t3a8-01697559997.png,https://cdn.chefaa.com/filters:format(webp)/public/uploads/products/sunsilk-styling-cream-with-argan-defined-curles-210ml-t3a8-01697559997.png,مميزات المنتج   صانسيلك | كريم تصفيف الشعر ارجان | 210مل,ماركة: صانسيلك
46450,مينك | كريم شعر بالبلسم بالثوم إكليل الجبل زيت الخروع | 250مل,mink hair cream with balsam garlic rosemary and castor oil 250ml kvcq_duF3Cy6a,60,EGP,مينك,العناية بالشعر>ترطيب وعلاج الشعر,in stock,https://chefaa.com:443/eg-ar/nowProduct/mink-hair-cream-with-balsam-garlic-rosemary-and-castor-oil-250ml-kvcq_duF3Cy6a,https://cdn.chefaa.com/filters:format(webp)/public/uploads/products/mink-hair-cream-with-balsam-garlic-rosemary-and-castor-oil-250ml-vild-01703505477.png,https://cdn.chefaa.com/filters:format(webp)/public/uploads/products/mink-hair-cream-with-balsam-garlic-rosemary-and-castor-oil-250ml-vild-01703505477.png,مميزات المنتج   مينك | كريم شعر بالبلسم بالثوم إكليل الجبل زيت الخروع | 250مل,ماركة: مينك
48142,نتائج الطبيعة | كريم الكولاجين لتنعيم الشعر بديل البروتين | 35 جم,natural results collagen hair smoothing cream protein alternative 35g tw0c_duNoeDKM,15,EGP,No Brand,العناية بالشعر>ترطيب وعلاج الشعر,in stock,https://chefaa.com:443/eg-ar/nowProduct/natural-results-collagen-hair-smoothing-cream-protein-alternative-35g-tw0c_duNoeDKM,https://cdn.chefaa.com/filters:format(webp)/public/uploads/products/natural-results-collagen-hair-smoothing-cream-protein-alternative-35g-7ymb-01724854910.png,https://cdn.chefaa.com/filters:format(webp)/public/uploads/products/natural-results-collagen-hair-smoothing-cream-protein-alternative-35g-7ymb-01724854910.png,مميزات المنتج   نتائج الطبيعة | كريم الكولاجين لتنعيم الشعر بديل البروتين | 35 جم,raw_specs: المواصفات
46384,البيسين | ليكويد لمنع تساقط الشعر | 200مل,alpecin liquid for hair loss 200ml lxmh_dudLviaG,371,EGP,ألبيسين,العناية بالشعر>ترطيب وعلاج الشعر,in stock,https://chefaa.com:443/eg-ar/nowProduct/alpecin-liquid-for-hair-loss-200ml-lxmh_dudLviaG,https://cdn.chefaa.com/filters:format(webp)/public/uploads/products/alpecin-liquid-for-hair-loss-200ml-0v5t-01701345346.png,https://cdn.chefaa.com/filters:format(webp)/public/uploads/products/alpecin-liquid-for-hair-loss-200ml-0v5t-01701345346.png,مميزات المنتج   البيسين | ليكويد لمنع تساقط الشعر | 200مل,ماركة: ألبيسين
60819,شامبو كابكسي لتساقط الشعر وتكثيفه capixy shampoo | ٢٥٠ مل,capixy hair shampoo 5n7d_duM3LMQX_du2FuFO1,275,EGP,كابيكسي,العناية بالشعر>شامبو وبلسم,in stock,https://chefaa.com:443/eg-ar/nowProduct/capixy-hair-shampoo-250-ml-5n7d_duM3LMQX_du2FuFO1,https://cdn.chefaa.com/filters:format(webp)/public/uploads/products/capixy-hair-shampoo-250-ml-5n7d-01670860190.png,https://cdn.chefaa.com/filters:format(webp)/public/uploads/products/capixy-hair-shampoo-250-ml-5n7d-01670860190.png,مميزات المنتج   يتميز شامبو كابكسي capixy shampoo بما يلي: يُعد من المنتجات المخصصة لمكافحة تساقط الشعر وتعزيز كثافته، ويتميز بتركيبة غنية بالمكونات الطبيعية والفعالة.​ يعمل على تقليل التساقط الناتج عن التوتر، والتعب، والعوامل الوراثية.​ يُحفز إنتاج الكيراتين، مما يُعزز من صحة بصيلات الشعر ويُقويها. يساعد على تنظيم إفراز الدهون في فروة الرأس، مما يُحافظ على توازنها. مناسب لجميع أنواع الشعر. خالٍ من السلفات والبارابين لذلك يعد آمنًا للاستخدام اليومي دون التسبب في جفاف أو تهيج فروة الرأس. مضاد للبكتيريا ويُساهم في الحفاظ على نظافة فروة الرأس وتقليل التهاباتها. يمنح الشعر النعومة واللمعان ويكسبه مظهراً أكثر صحة وحيوية. سعر شامبو كابكسي مناسب مقارنة بفوائده العديدة للشعر.   عن هذا المنتج     مكونات شامبو كابكسي الأبيض   يحتوي كابكسي شامبو على:  كابكسيل (Capixyl ™): مركب مبتكر يُستخدم للحد من تساقط الشعر وتحفيز نموه، فيعمل على تقوية بصيلات الشعر وتحسين كثافته.  زيت شجرة الشاي (Tea Tree Oil): له خصائص مضادة للبكتيريا والفطريات ويساعد على تنظيف فروة الرأس وتقليل القشرة.​  مستخلص الزعتر (Thyme Extract): يحتوي على مضادات أكسدة تُعزز صحة فروة الرأس، كما يُساهم في تقوية بصيلات الشعر وتحفيز نموه.​  مستخلص إكليل الجبل (Rosemary Extract): يُحفز الدورة الدموية في فروة الرأس، مما يُعزز من نمو الشعر ويُستخدم كعلاج طبيعي لتساقط الشعر.​  مستخلص الألوفيرا (Aloe Vera Extract): يُساعد على تهدئة فروة الرأس وتحسين صحة الشعر.  مستخلص الشاي الأخضر (Green Tea Extract): يُساهم في تقوية الشعر وتقليل تساقطه.​  البيوتين (Biotin): يُعزز من نمو الشعر ويُقويه كما يُساعد على تحسين مرونة ولمعان الشعر.  الكيراتين (Keratin): بروتين طبيعي يُعيد بناء الشعر التالف ويُقويه.  زيت الجوجوبا (Jojoba Oil): يُرطب فروة الرأس ويُوازن إنتاج الزيوت كما يُساعد على تقوية الشعر ومنع تساقطه.  أرجينين (Arginine): حمض أميني يُحسن من تدفق الدم إلى فروة الرأس مما يُعزز تغذية بصيلات الشعر ويحفز نموه.  مستخلص البلميط المنشاري (Saw Palmetto Extract): يُقلل من تأثير هرمون DHT الذي يسبب تساقط الشعر.  حجم عبوة capixy shampoo  يتوفر شامبو كابكسي بحجم 250 مل.  سعر شامبو capixy   يبلغ سعر شامبو كابكسي حوالي 275 جنيه مصري (سعر المنتج قد يتغير تبعاً لتحديث سعره في الصيدليات أو حسب العروض المتاحة).  يوصى باستعمال كابكسي شامبو ل   شامبو كابكسي مناسب لجميع أنواع الشعر وخاصة من يعانون من تساقط وضعف الشعر، فهو غني بتركيبة مميزة تقلل تساقط الشعر وتقوي البصيلات مما يزيد نمو وكثافة الشعر ويمنحه مظهرًا أكثر صحة وحيوية، وهو مناسب للرجال والسيدات.  طريقة استخدام capixy shampoo  بلّلي شعرك جيدًا بالماء الدافئ.  ضعي كمية مناسبة من الشامبو على فروة الرأس.  دلكي فروة الرأس بلطف بأطراف الأصابع لمدة دقيقتين لتحفيز الدورة الدموية وتعزيز امتصاص المكونات الفعالة.  يمكنك ترك الشامبو على الشعر لمدة 3 دقائق للسماح للمكونات بالعمل بفعالية.  اشطفي الشعر جيدًا بالماء الفاتر.  يُفضل غسل الشعر من مرتين إلى ثلاث مرات أسبوعيًا.  هل شامبو كابكسي خالي من السلفات؟  نعم، شامبو كابكسي خالٍ من السلفات والبارابين، مما يجعله خيارًا لطيفًا وآمنًا للاستخدام اليومي، خاصةً للأشخاص أصحاب فروة الرأس الحساسة أو الشعر المعالج كيميائيًا.​  هل كابكسي ينشف الشعر؟  لا يُسبب شامبو كابكسي جفاف الشعر، بل يُعد خيارًا مناسبًا لمن يعانون من جفاف الشعر أو فروة الرأس الحساسة.، إذ ينظف الشعر بلطف دون التأثير على رطوبته الطبيعية. ​  كما يحتوي على مكونات مرطبة ومغذية مثل الألوفيرا، والبيوتين، وزيت الجوجوبا، وزيت إكليل الجبل التي تُساعد على ترطيب الشعر وتغذيته من الجذور حتى الأطراف. ​  متى تظهر نتائج كابكسي؟  تختلف مدة ظهور نتائج استخدام شامبو كابكسي بناءً على عدة عوامل، منها سبب تساقط الشعر، ومدى الالتزام باستخدام المنتج، والحالة الصحية العامة لفروة الرأس، وقد يلاحظ البعض تحسنًا في تقليل تساقط الشعر خلال الأسابيع الأولى من الاستخدام المنتظم.​  لتحقيق نتائج أكثر وضوحًا في تقوية الشعر وزيادة كثافته، يُنصح بالاستمرار في استخدام الشامبو بانتظام لمدة تتراوح بين 6 إلى 12 أسبوعًا.​  ما افضل شامبو طبي لتساقط الشعر وتكثيفه؟  شامبو فيشي ديركوس vichy dercos shampoo.  شامبو دوكري ducray shampoo.  شامبو إكرينال ecrinal shampoo.  شامبو كابكسي capixy shampoo.  شامبو ألوكيتا aloekita shampoo.,ماركة: كابيكسي
55525,كبسولات هير تونيك للشعر لتطويله وتكثيفه hairtonic | ٦٠ كبسوله,hairtonic 60capsulesGrGc,190,EGP,No Brand,العناية بالشعر>,in stock,https://chefaa.com:443/eg-ar/nowProduct/hairtonic-60capsulesGrGc,https://cdn.chefaa.com/filters:format(webp)/public/uploads/products/hairtonic-60capsulesgrgc-01733264766.png,https://cdn.chefaa.com/filters:format(webp)/public/uploads/products/hairtonic-60capsulesgrgc-01733264766.png,مميزات المنتج   كبسولات هير تونيك للشعر (hairtonic capsules) يتميز بتركيبة فعالة تساعد فى تغذية بصيلات الشعر وفروة الرأس مما يساعد فى علاج تساقط الشعر   عن هذا المنتج     مكونات برشام هير تونيك للشعر ( hairtonic  capsules ) يحتوي كبسولات هير تونيك على مكونات مغذية وداعمة للشعر وهي كالآتي: فيتامين ب 1 (Vitamin B1): يحسن من تصنيع كريات الدم الحمراء مما يساهم في حمل الأكسجين إلى بصيلات الشعر. الكيراتين (Keratin): يقوي الشعر ويحمي من التكسر ويخفف من تقصف الأطراف ويعزز من نعومة وصحة الشعر. إل سيستين (L-cystine): يساعد في بناء الشعر والأظافر ويحمي من التقصف والتكسر. حمض بارا امينوبنزويك (Para Amino benzoic): يقي من تساقط وتقصف الشعر ويحمي من آثار تقدم العمر. السيلينيوم (Selenium): مضاد قوي للأكسدة يحمي الشعر من الآثار الضارة. بيوتين (Biotin): يغذي الشعر ويحسن من نموه وصحته ويساعد على زيادة كثافة الشعر. فوائد كبسولات هير تونيك للشعر يستعمل Hairtonic لكلٍ من الحالات التالية: الحد من تساقط وضعف الشعر. تحسين نمو وصحة الشعر. زيادة كثافة وقوة الشعر. تغذية الشعر. فوائد هير تونيك اقراص للبشره تساعد اقراص هير تونيك للبشره على: تحسين صحة الجلد. تقوية الأظافر. جرعه هير تونيك للشعر كبسولة واحدة بالفم مرة يوميًا أو وفقًا لما يحدده الطبيب. كيفية استخدام كبسولات هير تونيك تؤخذ الكبسولات بالفم وفقًا للجرعة المحددة مرة يوميًا مع كمية كافية من الماء. بديل هيرتونيك للشعر (hair tonic كبسولات) اكتوزنك Octozinc. بانتوجار pantogar. فيتاهير Vita Hair. زنكترون Zinctron. ما أضرار كبسولات هير تونيك للشعر ؟ حبوب هير تونيك عادةً لا تسبب أضرار خطيرة ، فى بعض الحالات قد تحدث أعراض جانبية مؤقتة مثل الإمساك أو الإسهال أو اضطراب المعدة. هل كبسولات هير تونيك تزيد الوزن ؟ لا يوجد دليل على أن كبسولات هيرتونيك يمكن أن تسبب زيادة الوزن أو فقدانه. هل هير تونيك يزيد شعر الجسم ؟ عادةً لا تتسبب مكملات الشعر مثل اقراص هير تونيك  في نمو شعر الوجه أو الجسم غير الموجود. هل هير تونيك يطول الشعر ؟ دواء هير تونيك يوفر للشعر وفروة الرأٍس العناصر الغذائية التى يحتاجها ، حيث يمكن أن يؤدي نقص هذه العناصر الغذائية إلى تساقط الشعر والحصول ما يكفي منها قد يساعد في الحفاظ على صحة الشعر ويعزز نموه. متى يظهر مفعول هير تونيك للشعر ؟ عادةً تحتاج مكملات الشعر مثل برشام هيرتونيك إلى ٣ شهور ليظهر مفعولها هل تناول فيتامين هير تونيك كبسول كل يوم آمن ؟ أجل يتم تناول هير تونيك اقراص يومياً ايهما افضل هير تونيك ولا برفكتيل ؟ هير تونيك كبسولات للشعر تحتوى على : فيتامين ب 1 والكيراتين وإل سيستين والسيلينيوم والبيوتين برفكتيل كبسولات للشعر تحتوى على مجموعة أكبر من الفيتامينات والمعادن. ما افضل فيتامينات لتطويل الشعر وتكثيفه بسرعه ؟ كبسولات هير تونك للشعر hairtonic. برفكتيل perfectil كبسول بيوفيتا للشعر فيتامين هاي بوتنسي فورميولا للشعر  كبسولات بانتوجار فيتامين للشعر,raw_specs: المواصفات
23734,صانسيلك | شامبو للشعر التالف | 180 مل,sunsilk creations instant restore shampoo for damaged jfz0,70,EGP,صانسيلك,العناية بالشعر>شامبو وبلسم,in stock,https://chefaa.com:443/eg-ar/nowProduct/sunsilk-co-creations-instant-restore-shampoo-for-damaged-h-jfz0,https://cdn.chefaa.com/filters:format(webp)/public/uploads/products/sunsilk-co-creations-instant-restore-shampoo-for-damaged-h-hm0p-01665308611.png,https://cdn.chefaa.com/filters:format(webp)/public/uploads/products/sunsilk-co-creations-instant-restore-shampoo-for-damaged-h-hm0p-01665308611.png,عن هذا المنتج     صانسيلك | شامبو للشعر التالف | 180 مل,ماركة: صانسيلك
30595,سترونج فيل سبراي للرجال لتساقط الشعر | 100 مل,strongville hair lotion men 100ml z7do,295,EGP,سترونج فيل,العناية بالشعر>ترطيب وعلاج الشعر,in stock,https://chefaa.com:443/eg-ar/nowProduct/strongville-hair-lotion-men-100ml-z7do,https://cdn.chefaa.com/filters:format(webp)/public/uploads/products/strongville-hair-lotion-men-100ml-mp3i-01686675671.png,https://cdn.chefaa.com/filters:format(webp)/public/uploads/products/strongville-hair-lotion-men-100ml-mp3i-01686675671.png,مميزات المنتج   يتميز سترونج فيل سبراي للرجال strongville men Hair spray بما يلي: يتميز بتركيبة غنية تعزز قوة بصيلات الشعر، وتساعد على تقليل التساقط. يعمل على تحفيز فروة الرأس وتعزيز نمو الشعر الجديد. غني بمكونات طبيعية وآمنة على الشعر. يساعد على تقوية جذور الشعر وجعل الشعر أكثر كثافة وصحة. يأتي على شكل بخاخ يسهل استخدامه على فروة الرأس. لا يترك ملمسًا دهنيًا، وسريع الامتصاص مما يجعله مريحًا للاستخدام اليومي. يزيد كثافة الشعر وينعش فروة الرأس. سعر سترونج فيل سبراي للرجال مناسب مقارنة بفوائده العديدة.   عن هذا المنتج     مكونات سترونج فيل سبراي للرجال   يحتوي سبراي سترونج فيل على:  بروكابيل (procapil): يعمل على تقوية بصيلات الشعر، وتحفيز الدورة الدموية في فروة الرأس، مما يساعد على منع تساقط الشعر وزيادة نموه.  كيرافي (Keravi): بروتين مقوٍّ للشعر يساعد على تقوية بصيلاته، ويقلل التلف وتكسر الشعر.  زيت الخروع (castor oil): غني بالأحماض الدهنية وفيتامين E، يعمل على ترطيب فروة الرأس، وتحفيز نمو الشعر، وتقوية جذوره.  البيوتين (Biotin): يساعد على نمو شعر صحي، ويحسن من مرونة الشعر ويمنع تقصفه.  زيت الثعبان (snake oil): يساعد على تحسين كثافة الشعر وزيادة لمعانه، كما يعمل على تقوية البصيلات.  زيت الزيتون (olive oil): غني بمضادات الأكسدة والفيتامينات التي تغذي فروة الرأس، وترطب الشعر، وتقلل من تساقطه.  البلميط المنشاري (saw palmetto): مكون طبيعي يساعد على منع تحويل هرمون التستوستيرون إلى DHT، وهو الهرمون المرتبط بتساقط الشعر الوراثي.  الكافيين (caffeine): يعزز تدفق الدم إلى فروة الرأس، مما يحفز بصيلات الشعر على النمو، ويزيد كثافته.  زيت جنين القمح الأبيض (white germ oil): غني بفيتامين E والأحماض الدهنية، مما يساعد على تغذية بصيلات الشعر وتعزيز نموه الصحي.  حجم عبوة strongville hair lotion   يتوفر سبراي سترونج فيل للرجال بحجم 100 مل.  سعر سبراي سترونج فيل   يبلغ سعر بخاخ سترونج فيل لتساقط الشعر حوالي 295 جنيه مصري (سعر المنتج قد يتغير تبعاً لتحديث سعره في الصيدليات أو حسب العروض المتاحة).  يوصى باستعمال سترونج فيل بخاخ ل   سبراي سترونج فيل للرجال مناسب لمن يعانون من ضعف وتساقط الشعر فهو يعزز نمو الشعر ويزيد كثافته بالإضافة إلى تقوية بصيلات الشعر مما يقلل التساقط ويمنح الشعر مظهرًا صحيًا.  طريقة استعمال سترونج فيل سبراي   رش المنتج على فروة الرأس بمعدل 6 بخات مرتين يوميًا.  دلك فروة الرأس بلطف بأطراف الأصابع، لضمان امتصاص المنتج بالكامل.  الاستخدام المنتظم ضروري للحصول على أفضل النتائج، ويُنصح بالاستمرار في استخدامه لمدة لا تقل عن 6 أسابيع لملاحظة تحسن في كثافة الشعر وتقليل التساقط.  يمكن استخدامه على الشعر الجاف أو الرطب، لكن يُفضل على الشعر النظيف لضمان امتصاص أفضل.  ما فوائد بخاخ سترونج فيل للشعر؟  يساعد على تقليل تساقط الشعر وتقوية البصيلات.  يساعدعلى تنشيط الدورة الدموية في فروة الرأس، مما يحفز نمو الشعر.  يزيد كثافة الشعر ويعزز سمكه، مما يمنحه مظهرًا أكثر كثافة وصحة.  يرطب فروة الرأس ويغذيها.  ما عيوب سبراي سترونج فيل؟  يعد سبراي سترونج فيل من المنتجات الطبيعية الآمنة للاستخدام، ولكن قد يسبب بعض الحساسية لدى الأشخاص الذين يعانون من فرط الحساسية تجاه أحد مكوناته.  متى تظهر نتائج استخدام strong ville men spray؟  تختلف نتيجة سترونج فيل سبراي من شخص لآخر حسب طبيعة الشعر ومعدل التساقط وكذلك العوامل الوراثية، وتبدأ النتائج الملحوظة في الظهور بعد الاستخدام المنتظم لمدة 6 أسابيع.  ما أفضل سبراي لتساقط الشعر للرجال؟  بخاخ مينوكسيديل minoxidil spray.  بخاخ ريجين regaine spray.  بخاخ أفوجين avogain spray.  بخاخ سترونج فيل strongville spray.  بخاخ مينوكسيلوك minoxilook spray.,ماركة: سترونج فيل
20889,بيوبيونت | أكسجين كريم 20 | 75جم,biopoint emulsion oxydante 75gm nhzj,20,EGP,بيوبوينت,العناية بالشعر>,in stock,https://chefaa.com:443/eg-ar/nowProduct/biopoint-emulsion-oxydante-20-75gm-nhzj,https://cdn.chefaa.com/filters:format(webp)/public/uploads/products/biopoint-emulsion-oxydante-20-75gm-nhzj-01720284466.png,https://cdn.chefaa.com/filters:format(webp)/public/uploads/products/biopoint-emulsion-oxydante-20-75gm-nhzj-01720284466.png,مميزات المنتج   بيوبيونت | أكسجين كريم 20 | 75جم,ماركة: بيوبوينت
22313,هيبتا بانثينول كريم مرطب ومغذي للشعر | 100جم,hepta panthenol moisturizing and nourishing hair cream 100gm gask,149,EGP,No Brand,العناية بالشعر>,in stock,https://chefaa.com:443/eg-ar/nowProduct/hepta-panthenol-moisturizing-and-nourishing-hair-cream-100gm-gask,https://cdn.chefaa.com/filters:format(webp)/public/uploads/products/hepta-panthenol-moisturizing-and-nourishing-hair-cream-100gm-gask-01734950254.png,https://cdn.chefaa.com/filters:format(webp)/public/uploads/products/hepta-panthenol-moisturizing-and-nourishing-hair-cream-100gm-gask-01734950254.png,مميزات المنتج   هو تركيبة غنية وشاملة لفوائد متعددة مثل ازالة الهيشان والتغذية والترطيب والتنعيم وإضافة طبقة حماية بالإضافة إلى تكنولوجيا لوك لمنتج 3 في 1 (كريم و لوشن و زيت).   عن هذا المنتج         كريم هيبتا بانثينول للشعر هو كريم البانثينول الأول والوحيد لجميع أنواع الشعر في مصر لترطيب وتنعيم الشعر الخشن والمتشابك وصعوبة التمشيط. كريم الشعر هيبتا بانثينول معزز بزيت الأرجان وزبدة الشيا والكافيين وزيت الجوجوبا لتغذية الشعر وإعطائه لمعانًا وجاذبية ، كما يعمل كريم هيبتا بانثينول على إصلاح تقصف الشعر والأطراف المتقصفة. يتوقف كريم هيبتا بانثينول للشعر عن التساقط على الشعر التالف بسبب الغسل المتكرر بالشامبو والصباغة والفرد والمعالجة الحرارية. يعيد كريم الشعر هيبتا بانثينول حيوية الشعر ويسهل عملية تمشيطه.,raw_specs: المواصفات
23701,فاتيكا | زيت شعر بجوز الهند من دابر املا | 180مل,dabur vatika hair coconut oil 180m lwnx,40,EGP,فاتيكا,العناية بالشعر>,in stock,https://chefaa.com:443/eg-ar/nowProduct/dabur-vatika-hair-coconut-oil-180m-lwnx,https://cdn.chefaa.com/filters:format(webp)/public/uploads/products/dabur-vatika-hair-coconut-oil-180m-yw7x-01664968966.png,https://cdn.chefaa.com/filters:format(webp)/public/uploads/products/dabur-vatika-hair-coconut-oil-180m-yw7x-01664968966.png,مميزات المنتج   فاتيكا | زيت شعر بجوز الهند من دابر املا | 180مل   عن هذا المنتج     مكونات زيت شعر فاتيكا:     زيت جوز الهند: يعمل على ترطيب الشعر ومنحه مظهرًا أكثر كثافة.   زيت الخروع: يساعد على ترطيب ومنع تكسر الشعر.   الحناء: تعمل على تغطية وتغليف الشعر وترطيبه من الجذور حتى الأطراف.     مميزات دابر فاتيكا زيت شعر بجوز الهند:     يعمل على ترطيب الشعر بفاعلية.   يعمل على تعزيز كثافة الشعر.   يساعد على تغذية الشعر من الجذور حتى الأطراف.   يعمل على تقليل تقصف وتكسر الشعر.   يعمل على تقليل الهيشان.   يساعد على فك التشابك وتسهيل تصفيف الشعر.   يُكسب الشعر مزيد من اللمعان والحيوية.   لا يسبب حساسية فروة الرأس.   خالي من المواد الكيميائية الضارة.   مناسب للشعر الضعيف والخفيف.     حجم Dabur Vatika Coconut Hair Oil:     يتوفر بحجم 180 مل.     يوصي به:   الزيت مناسب لأصحاب الشعر الضعيف والرفيع والجاف حيث يعمل على ترطيب وتغذية الشعر ومده بالعناصر الأساسية لتقليل التساقط، كما يًكسب الشعر مزيد من القوة والكثافة.,ماركة: فاتيكا
18019,بالمرز | تركيبة كريم زيت فورميلا | 150 جرام,palmer cream pressing oil formula qaof,170,EGP,بالمرز,العناية بالشعر>,in stock,https://chefaa.com:443/eg-ar/nowProduct/palmer-s-cream-pressing-oil-formula-150-g-qaof,https://cdn.chefaa.com/filters:format(webp)/public/uploads/products/palmer-s-cream-pressing-oil-formula-150-g-aexp-01653237166.png,https://cdn.chefaa.com/filters:format(webp)/public/uploads/products/palmer-s-cream-pressing-oil-formula-150-g-aexp-01653237166.png,عن هذا المنتج     بالمرز | تركيبة كريم زيت فورميلا | 150 جرام,ماركة: بالمرز
31551,فاست فريز | جل | 100 جم,fast freeze massage gel 100g fwys,160,EGP,No Brand,العناية بالشعر>,in stock,https://chefaa.com:443/eg-ar/nowProduct/fast-freeze-massage-gel-100g-fwys,https://cdn.chefaa.com/filters:format(webp)/public/uploads/products/fast-freeze-massage-gel-100g-fwys-01721636358.png,https://cdn.chefaa.com/filters:format(webp)/public/uploads/products/fast-freeze-massage-gel-100g-fwys-01721636358.png,مميزات المنتج   فاست فريز | جل | 100 جم,raw_specs: المواصفات
1639,غارنييه | صبغة شعر كولور ناتشرالز كريم | 2.1 أسود مزرق,color naturals creme hair color blue black,160,EGP,غارنييه,العناية بالشعر>صبغات الشعر,in stock,https://chefaa.com:443/eg-ar/nowProduct/color-naturals-creme-hair-color-21-blue-black,https://cdn.chefaa.com/filters:format(webp)/public/uploads/products/color-naturals-creme-hair-color-21-blue-black-01722775233.png,https://cdn.chefaa.com/filters:format(webp)/public/uploads/products/color-naturals-creme-hair-color-21-blue-black-01722775233.png,مميزات المنتج   غارنييه | صبغة شعر كولور ناتشرالز كريم | 2.1 أسود مزرق   عن هذا المنتج     ﻿ صبغة غارنييه كولور ناتشرال بتركيبة متطورة مع خلاصة زيت الزيتون الذي يُغذي الشعر والتى تعمل على تغذية شعرك، وتعطيك لون رائع ولامع ومُوحد. . زيت الزيتون فى البلسم يُعالج الشعر بفاعلية لشعر ناعم بلون جرىء ورائع. لا مزيد من الشعر الأبيض. صبغة غارنييه كولور ناتشرال بتركيبة متطورة مع خلاصة زيت الزيتون، وبلسم غنى بزيت الزيتون يستخدم بعد الصبغة ليمنحك الترطيب المطلوب. تركيبة غارنيه كولور ناتشرال الكريمى سهلة التطبيق بواسطة الفرشاه. نتيجة رائعة، احصلى على نفس نتائج الصالون فى البيت. أول صبغة شعر مُغذية بزيت الزيتون والأفوكادو والكاريت. تركيبة كريمي غنية. تركيبة كريمى مع بلسم مُغذى (بزيت الزيتون، والأفوكادو، وزبدة الكاريت) لترطيب وتغذية الشعر. زيت الزيتون فى البلسم يمنحك علاجًا إضافيًا ولمعانًا للشعر. تمنحك Garnier Color Naturals لون لامع يدوم لفترة طويلة. شعر ملئ بالعناصر المُغذية للون غنى. لا للشعر الأبيض ﻿ ﻿.,ماركة: غارنييه
46439,بوبانا ليف ان للشعر الجاف بزيت الأرجان | 200 مل,bobana leave cream with argan oil 200ml dbuu_duwFXnNj,125,EGP,بوبانا,العناية بالشعر>ترطيب وعلاج الشعر,in stock,https://chefaa.com:443/eg-ar/nowProduct/bobana-leave-in-cream-with-argan-oil-200ml-dbuu_duwFXnNj,https://cdn.chefaa.com/filters:format(webp)/public/uploads/products/bobana-leave-in-cream-with-argan-oil-200ml-jtrl-01703419797.png,https://cdn.chefaa.com/filters:format(webp)/public/uploads/products/bobana-leave-in-cream-with-argan-oil-200ml-jtrl-01703419797.png,مميزات المنتج   يتميز بوبانا ليف ان للشعر الجاف bobana leave in بما يلي: غني بزيت الأرجان المعروف بقدرته على ترطيب الشعر بعمق، مما يساعد على تقليل الجفاف والتقصف. تركيبته الغنية تساعد على التحكم في هيشان الشعر، مما يجعله أكثر نعومة وسهولة في التصفيف. يساهم في إبراز تموجات الشعر وجعلها أكثر تحديدًا ووضوحًا. يحمي الشعر من التلف والتقصف. خالٍ من السلفات، والبارابين، والسيليكون، مما يجعله مناسبًا للاستخدام اليومي. مناسب لأصحاب الشعر الجاف والتالف. يمنح الشعر مظهرًا أكثر نعومة ولمعان. سعر بوبانا ليف ان للشعر الجاف مناسب مقارنة بفوائده العديدة للشعر.   عن هذا المنتج     مكونات بوبانا ليف ان للشعر الجاف  يحتوي بوبانا ليف ان على:  زيت الأرجان (argan oil): يرطب الشعر بعمق ويقلل من الجفاف والتقصف كما يضفي لمعانًا ونعومة للشعر.  خلاصة الروزماري (rosemary extract): تحفز الدورة الدموية في فروة الرأس، مما يعزز نمو الشعر ويقلل التساقط.  فيتامين E: مضاد أكسدة قوي يحمي الشعر من التلف كما يساعد على تحسين مرونة الشعر وزيادة لمعانه.  البيوتين (biotin): يعزز نمو الشعر ويقوي بصيلاته.  الكيراتين (keratin): يساعد على إصلاح الشعر التالف والمتقصف ويمنح الشعر مظهرًا أكثر صحة وقوة.  زيت الخروع (castor oil): يعزز نمو الشعر ويزيد كثافته كما يرطب الشعر ويحميه من التقصف والتكسر.  زيت الجوجوبا (jojoba oil): يرطب الشعر ويمنحه نعومة ولمعانًا كذلك يقلل من الهيشان ويساعد في فك التشابك.  الكافيين (caffeine): يحفز نمو بصيلات الشعر ويزيد كثافته.  البانثينول (فيتامين B5): يرطب الشعر ويحافظ على مرونته.  الجلسرين (glycerin): يعمل كمرطب طبيعي يحافظ على رطوبة الشعر ويقلل من الجفاف والتكسر.  حجم عبوة bobana leave in  يتوفر بوبانا ليف ان بحجم 200 مل.  سعر ليف ان بوبانا   يبلغ سعر بوبانا ليف ان للشعر من 110 إلى 145 جنيه مصري (سعر المنتج قد يتغير تبعاً لتحديث سعره في الصيدليات أو حسب العروض المتاحة).  يوصى باستعمال ليف ان بوبانا بالارجان ل  ليف ان بوبانا مناسب لأصحاب الشعر المجعد والجاف فهو يساعد على ترطيب الشعر وتغذيته كما يمنحك تموجات للشعر أكثر تحديداً، مما يكسب الشعر مظهرًا أكثر صحة وحيوية.  طريقة استخدام بوبانا ليف ان   اغسلي شعرك بشامبو مناسب.  قسمي شعرك إلى أجزاء متساوية.  ضعي الليف إن على شعرك المبلل ووزعيه جيداً من منتصف الخصلة حتى آخرها.  صففي شعرك بالطريقة المفضلة لديك.  ما أنواع bobana leave in cream؟  بوبانا ليف ان بزيت جوز الهند bobana leave in with coconut oil.  بوبانا ليف ان بزيت الثوم الأسود bobana leave in with black garlic oil.  بوبانا ليف ان بزيت الأرجان bobana leave in with argan oil.  ما أفضل ليف ان للشعر الجاف والهايش؟  كانتو ليف ان بزبدة الشيا cantu leave in.  بليس ليف ان bless leave in.  إيفا هير كلينيك ليف ان eva hair clinic leave in.  كلاري ليف ان clary leave in.  بوبانا ليف ان بزيت الأرجان bobana leave in.,ماركة: بوبانا
1593,لوريال باريس صبغة شعر برودجي بدون أمونيا | 7.10 اشقر رمادي,prodigy ammonia free hair color ash blonde,430,EGP,لوريال باريس,العناية بالشعر>صبغات الشعر,in stock,https://chefaa.com:443/eg-ar/nowProduct/prodigy-ammonia-free-hair-color-71-ash-blonde,https://cdn.chefaa.com/filters:format(webp)/public/uploads/products/prodigy-ammonia-free-hair-color-71-ash-blonde-01650706351.png,https://cdn.chefaa.com/filters:format(webp)/public/uploads/products/prodigy-ammonia-free-hair-color-71-ash-blonde-01650706351.png,"مميزات المنتج   لوريال باريس صبغة شعر برودجي بدون أمونيا | 7.10 اشقر رمادي   عن هذا المنتج     ﻿ L'Oréal Paris introduces the latest technology in permanent, home hair colour: micro-oil technology. Our micro-oil system perfectly diffuses a blend of colour revealing ultra-fine colour full of highs & lows. Each shade is made of a luxuriou Equipped with Micro-oil technology Lively, multi-tonal colour Offers improved hair texture Provides a radiant shine No ammonia     ﻿",ماركة: لوريال باريس
21827,بايجن | صبغة شعر دائمة | كستنائى متوسط,bigen permanent powder hair color medium chestnut ohm9,105,EGP,بايجن,العناية بالشعر>,in stock,https://chefaa.com:443/eg-ar/nowProduct/bigen-permanent-powder-hair-color-47-medium-chestnut-ohm9,https://cdn.chefaa.com/filters:format(webp)/public/uploads/products/bigen-permanent-powder-hair-color-47-medium-chestnut-08pq-01658151957.png,https://cdn.chefaa.com/filters:format(webp)/public/uploads/products/bigen-permanent-powder-hair-color-47-medium-chestnut-08pq-01658151957.png,مميزات المنتج   بايجن | صبغة شعر دائمة | كستنائى متوسط,ماركة: بايجن
20650,فاتيكا | حمام كريم ببذور الحبة السوداء | 250جم,vatika hammam cream habba souda 250gm 2iye,45,EGP,فاتيكا,العناية بالشعر>ترطيب وعلاج الشعر,in stock,https://chefaa.com:443/eg-ar/nowProduct/vatika-hammam-cream-habba-souda-250gm-2iye,https://cdn.chefaa.com/filters:format(webp)/public/uploads/products/vatika-hammam-cream-habba-souda-250gm-2iye-01691321251.png,https://cdn.chefaa.com/filters:format(webp)/public/uploads/products/vatika-hammam-cream-habba-souda-250gm-2iye-01691321251.png,مميزات المنتج   فاتيكا | حمام كريم ببذور الحبة السوداء | 250جم   عن هذا المنتج     فاتيكا | حمام كريم ببذور الحبة السوداء | 250جم,ماركة: فاتيكا
45586,الو ايفا | زيت بالصبار للشعر الجاف والمتقصف | 85مل,aloe eva hair oil with aloe vera ew2r_duKFfJnQ_du3qziKK_dup66hqw,45,EGP,إيڤا,العناية بالشعر>ترطيب وعلاج الشعر,in stock,https://chefaa.com:443/eg-ar/nowProduct/aloe-eva-hair-oil-with-aloe-vera-100-ew2r_duKFfJnQ_du3qziKK_dup66hqw,https://cdn.chefaa.com/filters:format(webp)/public/uploads/products/aloe-eva-hair-oil-with-aloe-vera-100-ew2r-dukffjnq-du3qzikk-01724848076.png,https://cdn.chefaa.com/filters:format(webp)/public/uploads/products/aloe-eva-hair-oil-with-aloe-vera-100-ew2r-dukffjnq-du3qzikk-01724848076.png,مميزات المنتج   يتميز زيت الو ايفا بالصبار Aloe Eva Hair Oil بما يلي: له تركيبة مميزة غنية بالفيتامينات والمعادن والبروتينات المغذية للشعر. يقوي الشعر ويغذيه من الجذور وحتى الأطراف. يقلل التساقط ويحافظ على صحة ولمعان الشعر. يعالج تلف الشعر ويصلح تقصف الأطراف. يمنح الشعر المزيد من النعومة واللمعان ويكسبه مظهر صحي وأكثر كثافة. سعر زيت الو ايفا بالصبار مناسب مقارنة بفوائده العديدة للشعر.   عن هذا المنتج     مكونات زيت الو ايفا بالصبار   يحتوي زيت الو ايفا بالصبار على:  خلاصة الصبار يرطب الشعر ويغذيه بعمق.  12 نوع من الفيتامينات المغذية للشعر.  20 نوع من المعادن.  17 نوع من البروتينات.   حجم عبوة aloe eva hair oil   يتوفر زيت الو ايفا بالصبار بحجم 85 مل و170 مل و225 مل و300 مل.  سعر زيت الو ايفا بالصبار   يبلغ سعر زيت الو ايفا بالصبار 300 مل حوالي 85 جنيه مصري.  سعر زيت الو ايفا بالصبار 200 مل حوالي 61 جنيه مصري  سعر زيت الو ايفا بالصبار 100 مل حوالي 39 جنيه مصري  سعر المنتج قد يتغير تبعاً لتغير سعره في الصيدليات أو حسب العروض المتاحة.  يوصى باستعمال زيت شعر الو ايفا ل  زيت الو ايفا مناسب للشعر الجاف والمتقصف فهو يغذي الشعر بعمق من الجذور وحتى الأطراف ويمنحه المزيد من النعومة واللمعان مما يمنح شعرك مظهر أكثر صحة وشباباً.  طريقة استخدام زيت الشعر الو ايفا  اغسلي شعرك بالطريقة المعتادة.  وزعي الزيت على أطراف الشعر ثم صففيه بالطريقة المناسبة.  يمكن استخدامه كحمام زيت كما يلي:  ضعيه على الشعر الجاف مباشرة.  دلكي فروة رأسك بحركات دائرية ثم غطي شعرك بكاب حراري.  اتركي الزيت فترة كافية على الشعر حوالي نصف ساعة إلى ساعتين ثم اغسلي شعرك بالشامبو المناسب.  يمكنك تكرار التجربة مرتين إلى ثلاث مرات في الأسبوع للحصول على أفضل النتائج.  ما هي فوائد زيت الو ايفا بالصبار للشعر؟  يغذي الشعر بعمق ويمنحه المزيد من القوة.  يعالج التلف والتقصف وهيشان الشعر.  يرطب الشعر من الجذور حتى الأطراف.  يزيد نعومة ولمعان الشعر ويكسبه مظهرًا أكثر صحة.  يقلل التساقط ويحسن ملمس وصحة الشعر.  ما هي أضرار زيت الو ايفا؟  زيت الو ايفا من المنتجات الآمنة تماماً على الشعر فهو غني بمجموعة واسعة من الفيتامينات والعناصر المغذية للشعر، ولكن قد يسبب فرط الاستخدام ملمسًا دهنيًا غير مستحب خاصة إن كنت تعاني من مشكلات فروة الرأس الدهنية.  ما هي أنواع زيت الو ايفا؟  زيت الو ايفا بخلاصة الصبار Aloe vera extract.  زيت الو ايفا بالصبار وخلاصة الأملا aloe vera and amla extract.  زيت الو ايفا بالصبار وزيت الأرجان aloe vera and argan oil.  زيت ألو ايفا بالصبار وزيت الزيتون aloe vera and olive oil.  زيت ألو ايفا بالصبار واللوز aloe vera and almond extract.  ما أفضل زيت للشعر الجاف من الصيدلية؟  زيت لوريال إلفيف اكسترا أورديناري loreal elvive extraordinary oil.  زيت إمامي للشعر emami oil.  زيت سترونج فيل strongville oil.  زيت فاتيكا vatika oil.  زيت الو ايفا بالصبار aloe eva oil.,ماركة: إيڤا
45521,لوريال باريس | شامبو الفيف شامبو لتساقط الشعر | 400مل,elvive argenine resist shampoo 400ml sxrh_duf6bteQ,170,EGP,لوريال باريس,العناية بالشعر>شامبو وبلسم,in stock,https://chefaa.com:443/eg-ar/nowProduct/elvive-argenine-resist-x3-shampoo-400ml-sxrh_duf6bteQ,https://cdn.chefaa.com/filters:format(webp)/public/uploads/products/elvive-argenine-resist-x3-shampoo-400ml-sxrh-duf6bteq-01727095982.png,https://cdn.chefaa.com/filters:format(webp)/public/uploads/products/elvive-argenine-resist-x3-shampoo-400ml-sxrh-duf6bteq-01727095982.png,"عن هذا المنتج       ﻿ شامبو لوريال الفيف أرجينين ريزيست إكس 3 المضاد لتساقط الشعر هو شامبو مقوي للشعر ذو ملمس كريمى غنى بالمكونات التى تحفز تنشيط الدورة الدموية إلى بصيلات الشعر مما  يغذى الشعر ويجعله أكثر قوة وكثافة ويمنع تساقطه      فوائد شامبو الفيف بمقاومة الأرجنين X3 ضد تساقط الشعر - 400 مل :        ينظف فروة الرأس    يجعل الشعر أقوى وأكثر مقاومة للتساقط    يغذي بصيلات الشعر   يقوي الجذور    مكونات شامبو لوريال الفيف الأسود :  يحتوي شامبو لوريال للشعر الدهني المتساقط على عدة مكونات أهمها :     أرجينين : حمض أميني ضروري لنمو الشعر حيث يعيد بناء ألياف الشعر ويعزز من قوة الشعر عن طريقة تنشيط الدورة الدموية لبصيلات الشعر    حمض الصفصاف ( حمض الساليسيليك ) : يمنع تراكم الإفرازات الدهنية الزائدة حول بصيلات الشعر، ويقلل من تكوين القشرة ، ويحافظ على فروة رأسك خالية من الجلد الميت والقشور   سلفات لوريث الصوديوم ( الكبريتات ) ( SLS ) هي مادة مسئولة عن تكوين الرغوة عند استخدام الشامبو وهى آمنة للاستخدام ما عدا فى حالة الشعر المصبوغ أو المعالج بالكيراتين.    ثنائي الميثيكون ( السيليكون )  : يغلف بصيلات الشعر ويجعل الشعر أكثرلمعانًا، ولكن نظرًا لأنه غير قابل للذوبان في الماء ، فقد يكون من الصعب إزالته بالماء      طريقة استعمال شامبو لوريال الفيف الأصلي X3 لتساقط الشعر :     بلل شعرك جيدًا بالماء   ضع كمية من الشامبو في راحة يديك وافركها لتكوين رغوة   ضع الشامبو على شعرك وقم بتدليك شعرك بالشامبو لعدة دقائق   اشطف الشامبو جيداً بالماء   ضع البلسم مع التركيز على الأطراف   اشطفه بالماء      حجم شامبو l'oreal paris elvive arginine resist x3 :  يتوافر لوريال شامبو  بحجم 400 مل      سعر شامبو لوريال الفيف فى مصر :  تختلف أسعار شامبو لوريال الفيف باختلاف الحجم فيبلغ  سعر شامبو لوريال الاصلي حجم 400 مل حوالى 62 جنيه مصرى "" قد يختلف السعر من وقت لآخر ومن مكان لآخر ""      أنواع شامبو لوريال الفيف l'oreal paris shampoo :       شامبو لوريال باريس البنفسجي بالكيراتين   شامبو لوريال باريس الأحمر للشعر المصبوغ   شامبو لوريال باريس الفيف الأبيض للشعر التالف   شامبو لوريال الفيف الأسود لتساقط الشعر   شامبو لوريال الفيف الذهبي للشعر الجاف          منتجات لوريال الفيف للشعر :  توفر شركة لوريال باريس عدة منتجات للعناية بالشعر منها :       شامبو لوريال الفيف    بلسم لوريال الفيف   بديل الزيت من لوريال   صبغة لوريال للشعر   كريم  الشعر    ماسك الشعر   سيروم الشعر      أفضل شامبو للعناية بالشعر :  مع وجود العديد من أنواع الشامبو ، فإن الخطوة الأولى لاختيار الأفضل بينها هي معرفة ما يناسب نوع شعرك.       الشعر الناعم: اختارى لشعرك شامبو ""مكثف"" لزيادة حجم الشعر   الشعر المجعد:  اختارى لشعرك شامبو مخصص للشعر الجاف والمعالج كيميائياً لتقليل الشعر الهايش ومنع الشعر الجاف والتالف    الشعر الجاف : اختارى الشامبو الذى يحافظ على رطوبة الشعر ويحتوى على الزيوت الطبيعية مثل زيت جوز الهند ،زيت الأفوكادو ، زيت بذور العنب وزيت الأرغان.   الشعر الدهني: اختر الشامبو المصمم خصيصًا للشعر الدهني وابتعد عن الشامبو المرطب وإذا كنت تعانى من قشرة الرأس فقم بمعالجتها بشامبو مضاد للقشرة يحتوي على مكونات مثل الكيتوكونازول أو بيريثيون الزنك أو كبريتيد السيلينيوم    الشعر المصبوغ: اختر شامبو يحافظ على اللون ولا يزيل الصبغة وخالى من السلفات والسيليكون          هل يجب عليك غسل الشعر يوميًا؟  غسل الشعر بالشامبو ثلاث أو أربع مرات أسبوعيًا يعد أمرًا كافيًا لإزالة الزيوت الزائدة بفروة الرأس ولكن إذا كان شعرك من النوع الدهني ، فقد تجد أنك بحاجة إلى غسله كل يوم أو يومين.      هل يجب استخدام بلسم بعد غسل الشعر ؟  للحفاظ على رطوبة شعرك ، يفضل ترطيبه بالبلسم في كل مرة تغسله فيها ، فالبلسم لا يجعل شعرك يبدو أكثر نعومة وسلاسة فحسب ، بل يهدئ من هيشان الشعر ويجعل تصفيفه أسهل كما يساعد البلسم في إعادة ترطيب الشعر المعالج بالألوان أو البروتين والشعر الجاف والتالف",ماركة: لوريال باريس
46669,بايجن سبيدى | صبغة شعر بني غامق مايل للاسود | 882,bigen speedy hair color conditioner with natural herbs q4oq_dutziRca,225,EGP,بايجن,العناية بالشعر>صبغات الشعر,in stock,https://chefaa.com:443/eg-ar/nowProduct/bigen-speedy-hair-color-conditioner-with-natural-herbs-no-882-q4oq_dutziRca,https://cdn.chefaa.com/filters:format(webp)/public/uploads/products/bigen-speedy-hair-color-conditioner-with-natural-herbs-no-882-kyeh-01683988842.png,https://cdn.chefaa.com/filters:format(webp)/public/uploads/products/bigen-speedy-hair-color-conditioner-with-natural-herbs-no-882-kyeh-01683988842.png,مميزات المنتج   بايجين سبيدي كريم لتلوين الشعر بالبلسم  يعمل على تغطية الشعر الابيض خلال 5 دقائق مثالى فى الاستخدام السريع فى الوقت الضيق تحتوى كل أنبوبة على نوع بلسم مختلف ولذلك فإنه عند استعمال كريم كل أنبوبة سوف تحصل على تأثير مزدوج لنوعى البلسم مما يجعل الشعر ناعما لامعا انيقا. تركيبة غنية بزيت التورين وزيت الزيتون اقتصادى ممكن تستخدميه اكثر من مرة حسب الحاجة,ماركة: بايجن
18382,باليت | كريم صبغة الشعر انتنسيف كولور 9-0 أشقر فاتح فائق | 50مل,palette intensive color cream extra light blonde 50ml kfhy,124,EGP,باليت,العناية بالشعر>صبغات الشعر,in stock,https://chefaa.com:443/eg-ar/nowProduct/palette-intensive-color-cream-9-0-extra-light-blonde-50ml-kfhy,https://cdn.chefaa.com/filters:format(webp)/public/uploads/products/palette-intensive-color-cream-9-0-extra-light-blonde-50ml-hl7y-01653554745.png,https://cdn.chefaa.com/filters:format(webp)/public/uploads/products/palette-intensive-color-cream-9-0-extra-light-blonde-50ml-hl7y-01653554745.png,مميزات المنتج   باليت | كريم صبغة الشعر انتنسيف كولور 9-0 أشقر فاتح فائق | 50مل,ماركة: باليت
46236,دوف | شامبو للاصلاح المكثف | 180مل,dove shampoo intensive repair 200ml gu0n_duhZtT6R,95,EGP,دوف,العناية بالشعر>شامبو وبلسم,in stock,https://chefaa.com:443/eg-ar/nowProduct/dove-shampoo-intensive-repair-200ml-gu0n_duhZtT6R,https://cdn.chefaa.com/filters:format(webp)/public/uploads/products/dove-shampoo-intensive-repair-200ml-gu0n-duhztt6r-01737550337.png,https://cdn.chefaa.com/filters:format(webp)/public/uploads/products/dove-shampoo-intensive-repair-200ml-gu0n-duhztt6r-01737550337.png,مميزات المنتج   دوف | شامبو للاصلاح المكثف | 180مل,ماركة: دوف
44957,الفيف | بلسم مقاوم للسقوط الشعر | 360مل,elvive fall resist conditioner 360ml weqn_dujFRVaB,195,EGP,لوريال باريس,العناية بالشعر>شامبو وبلسم,in stock,https://chefaa.com:443/eg-ar/nowProduct/elvive-fall-resist-conditioner-360ml-weqn_dujFRVaB,https://cdn.chefaa.com/filters:format(webp)/public/uploads/products/elvive-fall-resist-conditioner-360ml-q5pl-01701258756.png,https://cdn.chefaa.com/filters:format(webp)/public/uploads/products/elvive-fall-resist-conditioner-360ml-q5pl-01701258756.png,مميزات المنتج   الفيف | بلسم مقاوم للسقوط الشعر | 360مل,ماركة: لوريال باريس
1491,لوريال باريس | شامبو الفيف طول الأحلام | 400مل,elvive dream long reinforcing shampoo for weakened long hair 400ml,180,EGP,لوريال باريس,العناية بالشعر>,in stock,https://chefaa.com:443/eg-ar/nowProduct/elvive-dream-long-reinforcing-shampoo-for-weakened-long-hair-400ml,https://cdn.chefaa.com/filters:format(webp)/public/uploads/products/1616922834elevive-dream-long1jpeg,https://cdn.chefaa.com/filters:format(webp)/public/uploads/products/1616922834elevive-dream-long1jpeg,عن هذا المنتج       شامبو لوريال الفيف طول الأحلام مصمم خصيصاً للشعر الطويل التالف، يحتوي على مزيج من زيت الخروع وفيتامينات B3 و B5 ، يقوي الشعر الطويل ويحمى أطراف الشعر من التقصف للحصول على شعر أحلامك الطويل.    مكونات شامبو الفيف طول الأحلام لعلاج الشعر الطويل الضعيف:     الماء   سلفات لوريث الصوديوم : تساعد على تكوين الرغوة عند تدليك الشعر بالشامبو   دايميثيكون : يمنح الشعر النعومة واللمعان   حمض الصفصاف : يخفف من تكوين القشرة ويحمى بصيلات الشعر   البروتين ( القمح - الذرة - الصويا )   زيت الخروع   فيتامينات B3 و B5   الجلسرين   عطر      فوائد شامبو الفيف:     يقوي الشعر الطويل الضعيف.    يعيد شامبو الفيف اللمعان لشعرك.   يفك تشابك الشعر لتقليل تكسر الشعر.   يحمي نهايات الشعر من التقصف.   يمنع الضرر الناتج عن أدوات التصفيف مثل الحرارة.      طريقة استعمال شامبو الفيف دريم لونج:     قومى بتدليك لوريال شامبو على الشعر الرطب.   شطف الشعر جيداً.    لمزيد من اللمعان ،ضع بلسم الشعر واتركه لعدة دقائق ثم اشطفه بالماء.    جففي شعرك ثم رطبيه باستخدام كريم التصفيف.      حجم شامبو لوريال باريس طول الأحلام:   يتوافر الفيف شامبو بحجم 400 مل,ماركة: لوريال باريس
45922,ديرما اكتيف | تريكو اكت شامبو تساقط | 200مل,dermactive tricho act anti dandruff shampoo 200ml ppqc_dutoEiYK_durTKaEw,199,EGP,ديرما اكتيف,العناية بالشعر>شامبو وبلسم,in stock,https://chefaa.com:443/eg-ar/nowProduct/dermactive-tricho-act-anti-dandruff-shampoo-200ml-ppqc_dutoEiYK_durTKaEw,https://cdn.chefaa.com/filters:format(webp)/public/uploads/products/dermactive-tricho-act-anti-dandruff-shampoo-200ml-ppqc-dutoeiyk-durtkaew-01747552699.png,https://cdn.chefaa.com/filters:format(webp)/public/uploads/products/dermactive-tricho-act-anti-dandruff-shampoo-200ml-ppqc-dutoeiyk-durtkaew-01747552699.png,مميزات المنتج   ديرما اكتيف | تريكو اكت شامبو تساقط | 200مل   عن هذا المنتج     شامبو مخصص للعنایة بالشعر الذي یعاني من التساقط. ینظف الشعر بلطف مع الحفاظ على توازن فروة الرأس.تركیبته الخالیة من السلفات تجعل استخدامھ المتكرر آمنا على فروة الرأس حتى الحساسة.,ماركة: ديرما اكتيف
24876,بيتادين | شامبو 7.5% بوفيدون أيودين | 120مل,betadine shampoo 120ml moix,90,EGP,بيتادين,العناية بالشعر>شامبو وبلسم,in stock,https://chefaa.com:443/eg-ar/nowProduct/betadine-75-shampoo-120ml-moix,https://cdn.chefaa.com/filters:format(webp)/public/uploads/products/betadine-75-shampoo-120ml-moix-01738236598.png,https://cdn.chefaa.com/filters:format(webp)/public/uploads/products/betadine-75-shampoo-120ml-moix-01738236598.png,مميزات المنتج   بيتادين | شامبو 7.5% بوفيدون أيودين | 120مل   عن هذا المنتج     يحتوي كل 100 ملي علي بوفيدون أيودين 7.5 جم. مطهر لفروة الرأس و يساعد علي التخلص من القشرة.,ماركة: بيتادين
62304,كابكسي | ماسك للشعر | 250مل,capixy hair mask 250ml G0KI,375,EGP,كابيكسي,العناية بالشعر>ترطيب وعلاج الشعر,in stock,https://chefaa.com:443/eg-ar/nowProduct/capixy-hair-mask-250ml-G0KI,https://cdn.chefaa.com/filters:format(webp)/public/uploads/products/capixy-hair-mask-250ml-g0ki-01756068714.png,https://cdn.chefaa.com/filters:format(webp)/public/uploads/products/capixy-hair-mask-250ml-g0ki-01756068714.png,مميزات المنتج   كابكسي | ماسك للشعر | 250مل,ماركة: كابيكسي
20691,بايجن | صبغة شعر دائمة كستنائي غامق 48,bigen permanent hair dye mx94,105,EGP,بايجن,العناية بالشعر>,in stock,https://chefaa.com:443/eg-ar/nowProduct/bigen-permanent-hair-dye-mx94,https://cdn.chefaa.com/filters:format(webp)/public/uploads/products/bigen-permanent-hair-dye-mx94-01719951226.png,https://cdn.chefaa.com/filters:format(webp)/public/uploads/products/bigen-permanent-hair-dye-mx94-01719951226.png,مميزات المنتج    بايجن | صبغة شعر دائمة كستنائي غامق 48   عن هذا المنتج     بايجن | صبغة شعر دائمة,ماركة: بايجن
1656,غارنييه | صبغة شعر كولور ناتشرالز كريم | 7.1 أشقر رمادي,color naturals hair color ash blonde,161,EGP,غارنييه,العناية بالشعر>,in stock,https://chefaa.com:443/eg-ar/nowProduct/color-naturals-hair-color-71-ash-blonde,https://cdn.chefaa.com/filters:format(webp)/public/uploads/products/oGWh6qGdK2BF6VC6T8EJSBwiiwj8ukeCbLGPUYtu.jpeg,https://cdn.chefaa.com/filters:format(webp)/public/uploads/products/oGWh6qGdK2BF6VC6T8EJSBwiiwj8ukeCbLGPUYtu.jpeg,"مميزات المنتج   غارنييه | صبغة شعر كولور ناتشرالز كريم | 7.1 أشقر رمادي   عن هذا المنتج     ﻿ Garnier Color Naturals is a permanent colour cream enriched with Olive oil, that nourishes the hair as it colours.  Your hair is deeply nourished, your colour is richer, more uniform and shinier . The second ratio of olive oil in the conditioner is a real treatment for your hair. Your hair is soft and your colour radiant ... And there is no grey hair. Garnier color Naturals is an improved colour cream with olive oil. The after care enriched with a second ratio of olive oil doesn't drip and nourishes your hair deeply after colouring. The creamy texture of Garnier Color Naturals is easy to apply with brush. You can't go Wrong ! Get easily a profesional result at home. Color: Ash Blonde 7.1. Nourishes hair. Gives a better color. With olive oil.",ماركة: غارنييه
24449,الوكيتا | شامبو للمحجبات لتساقط الشعر بخلاصة الكافيين | 250مل,aloekita caffeine rich shampoo 250ml ciuh,229,EGP,No Brand,العناية بالشعر>شامبو وبلسم,in stock,https://chefaa.com:443/eg-ar/nowProduct/aloekita-ds-da-caffeine-rich-shampoo-250ml-ciuh,https://cdn.chefaa.com/filters:format(webp)/public/uploads/products/aloekita-ds-da-caffeine-rich-shampoo-250ml-ciuh-01674467422.png,https://cdn.chefaa.com/filters:format(webp)/public/uploads/products/aloekita-ds-da-caffeine-rich-shampoo-250ml-ciuh-01674467422.png,مميزات المنتج   يتميز شامبو الوكيتا للمحجبات لتساقط الشعر بما يلي: له تركيبة مميزة غنية بالكافيين الذي ينشط الدورة الدموية بفروة الرأس. مناسب لكل حالات تساقط الشعر. ينظم الإفرازات الدهنية بفروة الرأس ولا يسبب الجفاف. سعر شامبو الوكيتا لتساقط الشعر مناسب مقارنة بفوائده العديدة للشعر.   عن هذا المنتج     مكونات شامبو الوكيتا للمحجبات لتساقط الشعر يحتوي شامبو الوكيتا للمحجبات على: خلاصة القهوة الخضراء: لتنشيط الدورة الدموية وزيادة نمو بصيلات الشعر. الأملا: لعلاج التهابات فروة الرأس. مستخلص الصبار: لترطيب الشعر وحمايته من الجفاف. زيت شجرة الشاي: لمنع تراكم الزيوت وتقوية الشعر. حجم الوكيتا شامبو  يتوفر شامبو الوكيتا للمحجبات بحجم 250 مل ويتوفر أيضاً حجم 200 مل. سعر شامبو الوكيتا aloekita shampoo سعره حوالى 180 جنيه. فوائد شامبو الوكيتا يساعد على تقوية بصيلات الشعر وتقليل التساقط. يحمي من التأثير الهرموني الضار على الشعر. يكسب الشعر المزيد من القوة واللمعان والنعومة. يوصى باستعمال aloekita shampoo لـ: شامبو الوكيتا بالكافيين مناسب لأصحاب الشعر الخفيف والضعيف ومن يعانون من تساقط الشعر، إذ يساعد على تقوية وتغذية بصيلات الشعر وبالتالي تقليل التساقط وكذلك يزيد من نمو الشعر ويحميه من الجفاف. أنواع شامبو الوكيتا بالكافيين شامبو الوكيتا دي اس aloekita ds. شامبو الوكيتا دي اس. الوكيتا شامبو الأزرق. ما هو بديل شامبو الوكيتا ؟ شامبو انفنتي توب هير. شامبو ديركوس من فيتشي. شامبو سترونج فيل. شامبو إكرينال. ما الفرق بين شامبو الوكيتا والوكيتا ds؟ يستخدم النوعين لعلاج تساقط الشعر وتقوية البصيلات ولكن ألوكيتا ds مناسب أكثر للمحجبات إذ يحتوي على الكافيين والبروتين مما يساعد على تغذية وتقوية الشعر وكذلك يقاوم الرائحة الناتجة عن تغطية الشعر لمدة طويلة. ما هى طريقة استخدام شامبو الوكيتا كافيين ؟ يوضع شامبو الوكيتا كافيين على الشعر المبلل ويوزع جيداً على الشعر مع تدليك فروة الرأس ثم يشطف بالماء الفاتر. ما هي أضرار شامبو الوكيتا للمحجبات ؟ يتكون الشامبو من مواد طبيعية وآمنة تماماً ولذلك تعد أضراره طفيفة ولكنه قد يسبب زيادة التساقط مع بداية الاستخدام نظراً لأنه يساعد على التخلص من الشعر التالف أولاً ولكن يقل هذا العرض سريعاً. هل شامبو الوكيتا خالي من السلفات ؟ أجل aloekita ds shampoo خالي من السلفات ولكنه في الوقت ذاته ينظف فروة الرأس بعمق. هل يستخدم شامبو الوكيتا للقشرة ؟ شامبو الوكيتا قد يساعد فى حالات القشرة  إذ يحتوي على مكونات تساعد على تنظيم إفراز الزيوت بفروة الرأس والتخلص من الالتهابات والبكتيريا. هل ينفع شامبو الوكيتا للرجال ؟ يساعد شامبو الوكيتا على علاج التساقط لدى الرجال والنساء.,raw_specs: المواصفات
20776,لونا | ماء اكسجين 30% | 80مل,hydrogen peroxide 80ml ptfh,18,EGP,لونا,العناية بالشعر>,in stock,https://chefaa.com:443/eg-ar/nowProduct/hydrogen-peroxide-80ml-ptfh,https://cdn.chefaa.com/filters:format(webp)/public/uploads/products/hydrogen-peroxide-80ml-ptfh-01724151946.png,https://cdn.chefaa.com/filters:format(webp)/public/uploads/products/hydrogen-peroxide-80ml-ptfh-01724151946.png,عن هذا المنتج     لونا | ماء اكسجين 30% | 80مل,ماركة: لونا
694,فاتيكا | سيرم الشعر حماية من الحرارة بالارغان والبابونج والسمسم | 47مل,Vatika Hair Serum Thermal Protect With Argan Chamomile Sesame,170,EGP,فاتيكا,العناية بالشعر>ترطيب وعلاج الشعر,in stock,https://chefaa.com:443/eg-ar/nowProduct/Vatika-Hair-Serum-Thermal-Protect-With-Argan---Chamomile----Sesame---47-Ml,https://cdn.chefaa.com/filters:format(webp)/public/uploads/products/vatika-hair-serum-thermal-protect-with-argan-chamomile-sesame-47-ml-01655630411.png,https://cdn.chefaa.com/filters:format(webp)/public/uploads/products/vatika-hair-serum-thermal-protect-with-argan-chamomile-sesame-47-ml-01655630411.png,مميزات المنتج   ﻿يعمل على حماية شعرك على الفور ضد التأثيرات الضارة لتجفيف الشعر والتصميم والتعرض لأشعة الشمس من خلال توفير طبقة واقية التي تشكل درع على بشرة الشعر والأقفال في تألق. إنها تركيبة فريدة وطبيعية وخفيفة الوزن ومثري مع أرغان ، البابونج والسمسم يحمي بشرة الشعر من التلف الناجم عن الحرارة وإطالة أمد التعرض للشمس. يحمي الشعر من التلف ويصبح ناعماً ولامعاً طوال اليوم.   عن هذا المنتج     ﻿,ماركة: فاتيكا
18402,باليت | كريم صبغة الشعر انتنسيف كولور 5-68 كستنائي متوسط | 50مل,palette intensive color cream medium chestnut 50ml et6e,120,EGP,باليت,العناية بالشعر>صبغات الشعر,in stock,https://chefaa.com:443/eg-ar/nowProduct/palette-intensive-color-cream-5-68-medium-chestnut-50ml-et6e,https://cdn.chefaa.com/filters:format(webp)/public/uploads/products/palette-intensive-color-cream-5-68-medium-chestnut-50ml-22fs-01653569256.png,https://cdn.chefaa.com/filters:format(webp)/public/uploads/products/palette-intensive-color-cream-5-68-medium-chestnut-50ml-22fs-01653569256.png,مميزات المنتج   باليت | كريم صبغة الشعر انتنسيف كولور 5-68 كستنائي متوسط | 50مل,ماركة: باليت
54493,لى كاريتيه | كريم شعر بزبدة الشيا | 150مل,karites shea butter hair food mosturizing 150ml bdja_duUm9xvR,100,EGP,لي كاريتيه,العناية بالشعر>ترطيب وعلاج الشعر,in stock,https://chefaa.com:443/eg-ar/nowProduct/karites-shea-butter-hair-food-mosturizing-150ml-bdja_duUm9xvR,https://cdn.chefaa.com/filters:format(webp)/public/uploads/products/karites-shea-butter-hair-food-mosturizing-150ml-7lfa-01724767112.png,https://cdn.chefaa.com/filters:format(webp)/public/uploads/products/karites-shea-butter-hair-food-mosturizing-150ml-7lfa-01724767112.png,مميزات المنتج   لى كاريتيه | كريم شعر بزبدة الشيا | 150مل,ماركة: لي كاريتيه
7617,دوف بلسم عناية يومية | 350مل,dove daily care hair conditioner 350ml 0vut,170,EGP,دوف,العناية بالشعر>شامبو وبلسم,in stock,https://chefaa.com:443/eg-ar/nowProduct/dove-daily-care-hair-conditioner-350ml-727-0vut,https://cdn.chefaa.com/filters:format(webp)/public/uploads/products/dove-daily-care-hair-conditioner-350ml-727-0vut-01720885235.png,https://cdn.chefaa.com/filters:format(webp)/public/uploads/products/dove-daily-care-hair-conditioner-350ml-727-0vut-01720885235.png,عن هذا المنتج     دوف بلسم عناية يومية,ماركة: دوف
49942,فاتيكا | زيت الشعر الحبة السوداء | 180مل,vatika hair oil black seed 180ml mb9h,45,EGP,فاتيكا,العناية بالشعر>ترطيب وعلاج الشعر,in stock,https://chefaa.com:443/eg-ar/nowProduct/vatika-hair-oil-black-seed-180ml-mb9h,https://cdn.chefaa.com/filters:format(webp)/public/uploads/products/vatika-hair-oil-black-seed-180ml-bu7m-01730636485.png,https://cdn.chefaa.com/filters:format(webp)/public/uploads/products/vatika-hair-oil-black-seed-180ml-bu7m-01730636485.png,مميزات المنتج   فاتيكا | زيت الشعر الحبة السوداء | 180مل,ماركة: فاتيكا
21701,فاتيكا | بلسم لنمو الشعر الطبيعي بالثوم | 400مل,vatika conditioner with spanish garlic 400ml cbmq,100,EGP,فاتيكا,العناية بالشعر>شامبو وبلسم,in stock,https://chefaa.com:443/eg-ar/nowProduct/vatika-conditioner-with-spanish-garlic-400ml-cbmq,https://cdn.chefaa.com/filters:format(webp)/public/uploads/products/vatika-conditioner-with-spanish-garlic-400ml-cbmq-01691495154.png,https://cdn.chefaa.com/filters:format(webp)/public/uploads/products/vatika-conditioner-with-spanish-garlic-400ml-cbmq-01691495154.png,مميزات المنتج   فاتيكا | بلسم لنمو الشعر الطبيعي بالثوم | 400مل   عن هذا المنتج     فاتيكا | بلسم لنمو الشعر الطبيعي بالثوم | 400مل,ماركة: فاتيكا
18337,باليت | كريم صبغة الشعر انتنسيف كولور سباركلينج نوجا 7-65 | 50مل,palette intensive color cream sparkling nougat 50ml yzax,124,EGP,باليت,العناية بالشعر>,in stock,https://chefaa.com:443/eg-ar/nowProduct/palette-intensive-color-cream-7-65-sparkling-nougat-50ml-yzax,https://cdn.chefaa.com/filters:format(webp)/public/uploads/products/palette-intensive-color-cream-7-65-sparkling-nougat-50ml-fkt6-01653493927.png,https://cdn.chefaa.com/filters:format(webp)/public/uploads/products/palette-intensive-color-cream-7-65-sparkling-nougat-50ml-fkt6-01653493927.png,مميزات المنتج   باليت | كريم صبغة الشعر انتنسيف كولور سباركلينج نوجا 7-65 | 50مل,ماركة: باليت
1641,غارنييه | صبغة شعر كولور ناتشرالز كريم | 3.6 بني أحمر غامق,color naturals creme hair color deep red brown,161,EGP,غارنييه,العناية بالشعر>صبغات الشعر,in stock,https://chefaa.com:443/eg-ar/nowProduct/color-naturals-creme-hair-color-36-deep-red-brown,https://cdn.chefaa.com/filters:format(webp)/public/uploads/products/color-naturals-creme-hair-color-36-deep-red-brown-01722775123.png,https://cdn.chefaa.com/filters:format(webp)/public/uploads/products/color-naturals-creme-hair-color-36-deep-red-brown-01722775123.png,مميزات المنتج   غارنييه | صبغة شعر كولور ناتشرالز كريم | 3.6 بني أحمر غامق   عن هذا المنتج     ﻿ ﻿ صبغة غارنيه كولور ناتشرال بتركيبة متطورة مع خلاصة زيت الزيتون الذي يُغذي الشعر والتى تعمل على تغذية شعرك، وتعطيك لون رائع ولامع ومُوحد. . زيت الزيتون فى البلسم يُعالج الشعر بفاعلية لشعر ناعم بلون جرىء ورائع. لا مزيد من الشعر الأبيض. صبغة غارنيه كولور ناتشرال بتركيبة متطورة مع خلاصة زيت الزيتون، وبلسم غنى بزيت الزيتون يستخدم بعد الصبغة ليمنحك الترطيب المطلوب. تركيبة غارنيه كولور ناتشرال الكريمى سهلة التطبيق بواسطة الفرشاه. نتيجة رائعة، احصلى على نفس نتائج الصالون فى البيت.,ماركة: غارنييه
55292,ايفا | بلسم ادفانسد كير كلينك لتطويل الشعر التالف يدوم طويلًا | 230مل,eva advance care clinic conditioner castor oil 230ZZDp,160,EGP,إيڤا,العناية بالشعر>,in stock,https://chefaa.com:443/eg-ar/nowProduct/eva-advance-care-clinic-conditioner-castor-oil-230ZZDp,https://cdn.chefaa.com/filters:format(webp)/public/uploads/products/eva-advance-care-clinic-conditioner-castor-oil-230zzdp-01734395798.png,https://cdn.chefaa.com/filters:format(webp)/public/uploads/products/eva-advance-care-clinic-conditioner-castor-oil-230zzdp-01734395798.png,مميزات المنتج   ايفا | بلسم ادفانسد كير كلينك لتطويل الشعر التالف يدوم طويلًا | 230مل,ماركة: إيڤا
21707,لوريال باريس | بلسم ايلفيف اكسترا اورديناري | 200مل,lor%C3%A9al paris elvive extraordinary oils conditioner 200ml gfhp,124,EGP,لوريال باريس,العناية بالشعر>شامبو وبلسم,in stock,https://chefaa.com:443/eg-ar/nowProduct/lor%C3%A9al-paris-elvive-extraordinary-oils-conditioner-200ml-gfhp,https://cdn.chefaa.com/filters:format(webp)/public/uploads/products/loréal-paris-elvive-extraordinary-oils-conditioner-200ml-67nj-01657120538.png,https://cdn.chefaa.com/filters:format(webp)/public/uploads/products/loréal-paris-elvive-extraordinary-oils-conditioner-200ml-67nj-01657120538.png,مميزات المنتج   لوريال باريس | بلسم ايلفيف اكسترا اورديناري | 200مل,ماركة: لوريال باريس
45734,تويست اند جو | سيرم للتصفيف وعلاج تلف الشعر | 60مل,twist hair serum dry touch 60ml lqcc_dupUajKF,250,EGP,تويست اند جو,العناية بالشعر>ترطيب وعلاج الشعر,in stock,https://chefaa.com:443/eg-ar/nowProduct/twist-go-hair-serum-dry-touch-60ml-lqcc_dupUajKF,https://cdn.chefaa.com/filters:format(webp)/public/uploads/products/twist-go-hair-serum-dry-touch-60ml-jfs9-01716295259.png,https://cdn.chefaa.com/filters:format(webp)/public/uploads/products/twist-go-hair-serum-dry-touch-60ml-jfs9-01716295259.png,عن هذا المنتج     تويست اند جو | سيرم للتصفيف وعلاج تلف الشعر | 60مل,ماركة: تويست اند جو
62144,ديرما اكتيف | تريكو اكت شامبو ضد القشرة | 200مل,dermactive tricho act anti dandruff shampoo 200ml ppqc_dutoEiYK_duGeKTOT,199,EGP,ديرما اكتيف,العناية بالشعر>شامبو وبلسم,in stock,https://chefaa.com:443/eg-ar/nowProduct/dermactive-tricho-act-anti-dandruff-shampoo-200ml-ppqc_dutoEiYK_duGeKTOT,https://cdn.chefaa.com/filters:format(webp)/public/uploads/products/dermactive-tricho-act-anti-dandruff-shampoo-200ml-ppqc-dutoeiyk-dugektot-01753795810.png,https://cdn.chefaa.com/filters:format(webp)/public/uploads/products/dermactive-tricho-act-anti-dandruff-shampoo-200ml-ppqc-dutoeiyk-dugektot-01753795810.png,مميزات المنتج   ديرما اكتيف | تريكو اكت شامبو ضد القشرة | 200مل,ماركة: ديرما اكتيف
18380,باليت | كريم صبغة الشعر انتنسيف كولور 6-0 أشقر غامق | 50مل,palette intensive color cream dark blonde 50ml 273b,124,EGP,باليت,العناية بالشعر>صبغات الشعر,in stock,https://chefaa.com:443/eg-ar/nowProduct/palette-intensive-color-cream-6-0-dark-blonde-50ml-273b,https://cdn.chefaa.com/filters:format(webp)/public/uploads/products/palette-intensive-color-cream-6-0-dark-blonde-50ml-273b-01701262697.png,https://cdn.chefaa.com/filters:format(webp)/public/uploads/products/palette-intensive-color-cream-6-0-dark-blonde-50ml-273b-01701262697.png,مميزات المنتج   باليت | كريم صبغة الشعر انتنسيف كولور 6-0 أشقر غامق | 50مل,ماركة: باليت
48105,لونا | كريم اوكسجين 9% | 30 مجم,luna oxygen cream vol mozc_duBpTbLG,22,EGP,لونا,العناية بالشعر>صبغات الشعر,in stock,https://chefaa.com:443/eg-ar/nowProduct/luna-oxygen-cream-9-30-vol-mozc_duBpTbLG,https://cdn.chefaa.com/filters:format(webp)/public/uploads/products/luna-oxygen-cream-9-30-vol-mozc-01713169536.png,https://cdn.chefaa.com/filters:format(webp)/public/uploads/products/luna-oxygen-cream-9-30-vol-mozc-01713169536.png,عن هذا المنتج     كريم اكسجين تركيبة غنية تـعمل على حمـاية الشعر من التلف والنشفان. • تـركـيـبـة معـالجة بالزيـوت تـوفـر نـعـومة وتـألـق للشعـر. متوفر في تركيزين : 20 Vol. – 6 % 30 vol. – 9 % ماء بيروكسيد الهيدروجين. كحول السيتاريل. عطر دايميثيكون الكحول. حمض الفسفوريك. جليسريل مونو ستيرات. ثنائي الصوديوم EDTA. الجلسرين ، كلوريد السيتيرومونيوم. كبريتات لوريل الصوديوم. مواد حافظة.,ماركة: لونا
44684,ايبا اكت | لوشن للشعر | 120مل,eba act hair lotion 120ml rv2r,249,EGP,No Brand,العناية بالشعر>ترطيب وعلاج الشعر,in stock,https://chefaa.com:443/eg-ar/nowProduct/eba-act-hair-lotion-120ml-rv2r,https://cdn.chefaa.com/filters:format(webp)/public/uploads/products/eba-act-hair-lotion-120ml-hqwd-01721564309.png,https://cdn.chefaa.com/filters:format(webp)/public/uploads/products/eba-act-hair-lotion-120ml-hqwd-01721564309.png,عن هذا المنتج     ايبا اكت | لوشن للشعر | 120مل,raw_specs: المواصفات
20887,بيوبوينت | علاج الشعر بالنخاع | 50 جرام,biopint sachet marrow treatment 50ml ebig,20,EGP,بيوبوينت,العناية بالشعر>,in stock,https://chefaa.com:443/eg-ar/nowProduct/biopint-sachet-marrow-treatment-50ml-ebig,https://cdn.chefaa.com/filters:format(webp)/public/uploads/products/biopint-sachet-marrow-treatment-50ml-ejhq-01655398359.png,https://cdn.chefaa.com/filters:format(webp)/public/uploads/products/biopint-sachet-marrow-treatment-50ml-ejhq-01655398359.png,"مميزات المنتج   يتميز حمام كريم بيوبوينت لفرد الشعر (biopoint حمام كريم) بما يلي: يرطب الشعر بعمق ويعيد إليه النعومة والحيوية. يحمي الشعر من التقصف والهيشان. يزيد مرونة الشعر ويكسبه المزيد من اللمعان. مناسب للشعر المعالج والمصبوغ. سعر حمام كريم بيوبوينت مناسب مقارنة بفوائده العديدة.   عن هذا المنتج     مكونات حمام كريم بيوبوينت لفرد الشعر يحتوي حمام بيوبوينت لفرد الشعر على  خلاصة النخاع: يغذي الشعر ويكسبه النعومة والحيوية. فيتامين هـ: يقوي الشعر ويزيد ترطيبه ونعومته. سعر حمام كريم بيوبوينت بالنخاع حمامات كريم بيوبوينت سعر الكيس الواحد منها حوالى 20 جنيه مصرى.  "" قد يتغير سعر بيوبوينت لفرد الشعر من وقت لاخر تبعاً لتغير سعره فى الاسواق "" حجم اكياس حمام كريم بيوبوينت لفرد الشعر يتوفر حمام كريم biopoint بحجم 50 جم. يوصى باستعمال بيوبوينت حمام كريم بالنخاع   حمامات كريم بيوبوينت بالنخاع مناسبة لجميع أنواع الشعر وكذلك الشعر المصبوغ والمعالج بالبروتين فهو يحمي الشعر من الهيشان ويرطبه بعمق ويكسبه النعومة واللمعان. طريقة استخدام حمام كريم biopoint بيوبوينت بالنخاع بعد غسل الشعر بالشامبو المناسب يقسم الشعر إلى أجزاء ثم يوزع الكريم على الشعر ويترك لمدة 10 إلى 15 دقيقة، ثم يشطف الشعر جيداً. ما فوائد كريم بيوبوينت بالنخاع ؟ يساعد حمام كريم بيوبوينت على ترطيب الشعر بعمق وإكسابه النعومة والحيوية، وكذلك يحمي الشعر من التقصف والهيشان ويجدد الشعر المجهد والتالف. ما أضرار بيوبوينت حمام كريم ؟ عادةً لا يسبب حمام كريم بايو بوينت اضرار للشعر طالما يتم استعماله كما هو موصى به.  كم سعر كيس حمام كريم بيوبوينت ؟ سعر كيس حمام كريم بيوبوينت هو 20 جنيه. ما هى أنواع أنواع حمام كريم بيوبوينت ؟ بيوبوينت حمام كريم بالنخاع حمام كريم بيوبوينت الازرق ما هى أنواع منتجات بيوبوينت للشعر ؟ حمام كريم بيوبوينت بالنخاع حمام كريم بيوبوينت الازرق كريم بيوبوينت فيتامين e كريم بيوبوينت البينك لفرد الشعر كريم بيوبوينت الابيض مرطب للشعر بودرة تفتيح الشعر بيوبوينت  اكسجين بيوبوينت ما افضل حمام كريم للشعر الجاف والهايش ؟ حمام كريم كيش كينج حمام كريم لوفيا حمام كريم بايوبوينت حمام كريم gk حمام كريم بندولين",ماركة: بيوبوينت
46383,البيسين هايبريد شامبو طبي للشعر المتساقط بالكافيين | 250 مل,alpecin caffeine hybrid shampoo 250ml vi80_dunOGTqH,360,EGP,ألبيسين,العناية بالشعر>شامبو وبلسم,in stock,https://chefaa.com:443/eg-ar/nowProduct/alpecin-caffeine-hybrid-shampoo-250ml-vi80_dunOGTqH,https://cdn.chefaa.com/filters:format(webp)/public/uploads/products/alpecin-caffeine-hybrid-shampoo-250ml-69vh-01701344859.png,https://cdn.chefaa.com/filters:format(webp)/public/uploads/products/alpecin-caffeine-hybrid-shampoo-250ml-69vh-01701344859.png,مميزات المنتج   البيسين | شامبو كافيين هايبريد | 250مل,ماركة: ألبيسين
18388,باليت | كريم صبغة الشعر انتنسيف كولور 6-99 بنفسجي كثيف | 50مل,palette intensive color cream intensive violet 50ml asgt,120,EGP,باليت,العناية بالشعر>,in stock,https://chefaa.com:443/eg-ar/nowProduct/palette-intensive-color-cream-6-99-intensive-violet-50ml-asgt,https://cdn.chefaa.com/filters:format(webp)/public/uploads/products/palette-intensive-color-cream-6-99-intensive-violet-50ml-eatf-01653558956.png,https://cdn.chefaa.com/filters:format(webp)/public/uploads/products/palette-intensive-color-cream-6-99-intensive-violet-50ml-eatf-01653558956.png,مميزات المنتج   باليت | كريم صبغة الشعر انتنسيف كولور 6-99 بنفسجي كثيف | 50مل,ماركة: باليت
28209,شامبو كلاري clary shampoo للشعر الجاف والتالف | 300 مل,clary shampoo 300ml is1d,300,EGP,كلاري,العناية بالشعر>,in stock,https://chefaa.com:443/eg-ar/nowProduct/clary-shampoo-300ml-is1d,https://cdn.chefaa.com/filters:format(webp)/public/uploads/products/clary-shampoo-300ml-is1d-01703074045.png,https://cdn.chefaa.com/filters:format(webp)/public/uploads/products/clary-shampoo-300ml-is1d-01703074045.png,مميزات المنتج    شامبو كلاري (clary Shampoo) يتميز بأنه يعمل على تنظيف الشعر بفاعلية  ينشط بصيلات الشعر الخاملة بفضل احتوائه على بروكابيل. يحافظ على الشعر من التلف والتقصف. خالٍ من البارابين، والسلفات، والسيليكون، والزيوت المعدنية.   عن هذا المنتج     مكونات شامبو كلاري  يحتوي شامبو كلاري على:  بروكابيل (procapil) : يقلل تأثير هرمون دايهيدروتستوستيرون (DHT) وهو أحد الأسباب الأساسية لتساقط الشعر ويعمل على تنشيط بصيلات الشعر  وزيادة تدفق الدم لفروة الرأس مما يساهم في تغذيتها ونموها.  زيت الأرجان (argan oil) : يعمل على الترطيب العميق للشعر وحمايته من التلف.  القهوة الخضراء (green coffee) : تعمل على تقليل تساقط الشعر وتحفيز نموه وتحسين الدورة الدموية المغذية لبصيلات الشعر.  كيرافيس بي اي (keravis PE) لها دور في ترطيب، وتغذية، وتقوية الشعر.  كوكاميدوبروبيل بيتاين (cocamidopropyl betaine) يعمل على تنظيف الشعر وتكوين الرغوة. حجم clary shampoo  يتوفر شامبو كلاري بحجم 300 مل. يوصى باستعمال كلاري شامبو  يوصى باستعمال شامبو كلاري من قِبل أطباء الجلدية فهو حل  لمشكلات الشعر المزعجة كالتساقط، والتلف، والتقصف، والجفاف، وفقدان الشعر لمعانه وحيويته. فهو يحتوي على تركيبة مميزة وفريدة لاستعادة الشعر قوته، وحيويته، ولمعانه، ونعومته.   طريقة استخدام clary shampoo  ضعي كمية وفيرة من شامبو كلاري على الشعر المبلل وقومي بتدليكه بلطف ثم اشطفيه جيدًا بالماء.  يمكن استخدامه يوميا على الشعر.  آمن على الشعر المعالَج.  للاستخدام الخارجي فقط.  يُحفظ بعيدًا عن متناول الأطفال.  في حال ملامسته للعين، اغسلي العينين جيدًا بالماء.  للحصول على أفضل النتائج، استخدمي بلسم وسيروم كلاري.  ما هى فوائد شامبو كلاري ؟  شامبو كلاري غني بمكونات طبيعية مصممة للشعر الجاف والتالف وكذلك الشعر المتساقط ويعمل على:  الحد من تساقط الشعر عن طريق تنشيط بصيلات الشعر الخاملة وتعزيز الدورة الدموية لفروة الرأس، وذلك بفضل مادة البروباكيل.  تقوية الشعر من الجذور حتى الأطراف، فيعمل على تغذية بصيلات الشعر وإمدادها بالأكسجين.  الترطيب العميق للشعر مما يمنحه نعومة فائقة.  حماية الشعر من التلف والتقصف الناتج عن الحرارة وعوامل البيئة مما يُكسبه مظهرًا صحيا.  تنظيف عميق للشعر بدون تجريده من الزبوت الطبيعية الموجودة به.  ما هى اضرار شامبو كلاري ؟  قد تظهر أعراض الحساسية مثل احمرار والتهاب فروة الرأس، والحكة في حال كان لديك حساسية تجاه أي من مكوناته.  هل ينفع شامبو كلاري للشعر الدهني ؟  يُستخدم شامبو كلاري لعلاج الشعر الجاف والتالف فيعيد له حيويته وصحته.  هل شامبو Clary خالي من السلفات؟  نعم، يتميز شامبو كلاري بأنه خالٍ من السلفات، والبارابين، والسيليكون، لذا فهو آمن على الشعر.  شامبو كلاري صناعه ايه؟  يُصنع شامبو كلاري من قِبل شركة مصرية لمستحضرات التجميل  والعناية الشخصية وهي شركة باركفيل للصناعات الصيدلية Parkville pharmaceuticals.  هل شامبو كلاري طبي؟  يحتوي شامبو كلاري على تركيبة فعالة من مكونات طبيعية لعلاج تساقط وتلف الشعر ويوصي به العديد من أطباء الجلدية.  ما افضل شامبو للشعر الجاف ؟  شامبو لوريال الفيف للشعر الجاف والتالف (Elvive).  شامبو كوكونات ميلك من هيربال ايسانسز (Coconut milk).  دوف ديلي مويستشر (Dove Daily moisture).  شامبو كلاري للشعر الجاف والتالف (Clary shampoo).,ماركة: كلاري
1657,غارنييه | صبغة شعر كولور ناتشرالز كريم | 7 أشقر,color naturals hair color blonde,146,EGP,غارنييه,العناية بالشعر>صبغات الشعر,in stock,https://chefaa.com:443/eg-ar/nowProduct/color-naturals-hair-color-7-blonde,https://cdn.chefaa.com/filters:format(webp)/public/uploads/products/color-naturals-hair-color-7-blonde-01722781661.png,https://cdn.chefaa.com/filters:format(webp)/public/uploads/products/color-naturals-hair-color-7-blonde-01722781661.png,"مميزات المنتج   غارنييه | صبغة شعر كولور ناتشرالز كريم | 7 أشقر   عن هذا المنتج     ﻿ Garnier Color Naturals is a permanent colour cream enriched with Olive oil, that nourishes the hair as it colours.  Your hair is deeply nourished, your colour is richer, more uniform and shinier . The second ratio of olive oil in the conditioner is a real treatment for your hair. Your hair is soft and your colour radiant ... And there is no grey hair. Garnier color Naturals is an improved colour cream with olive oil. The after care enriched with a second ratio of olive oil doesn't drip and nourishes your hair deeply after colouring. The creamy texture of Garnier Color Naturals is easy to apply with brush. You can't go Wrong ! Get easily a profesional result at home.   Color: Blonde 7 Nourishes hair Gives a better color With olive oil",ماركة: غارنييه
23256,بوبانا | حمام كريم بزيت الثوم الاسود للتساقط | 500مل,bobana hair mask with black garlic oil for hair loss 500ml yfqe,170,EGP,بوبانا,العناية بالشعر>,in stock,https://chefaa.com:443/eg-ar/nowProduct/bobana-hair-mask-with-black-garlic-oil-for-hair-loss-500ml-yfqe,https://cdn.chefaa.com/filters:format(webp)/public/uploads/products/bobana-hair-mask-with-black-garlic-oil-for-hair-loss-500ml-irtt-01664006269.png,https://cdn.chefaa.com/filters:format(webp)/public/uploads/products/bobana-hair-mask-with-black-garlic-oil-for-hair-loss-500ml-irtt-01664006269.png,عن هذا المنتج     بوبانا | حمام كريم بزيت الثوم الاسود للتساقط | 500مل,ماركة: بوبانا
21576,حمام كريم فاتيكا بزيت المنك والزيتون والخروع | 500جم,dabur vatika hair cream with mink oil 500gm 45ur,80,EGP,فاتيكا,العناية بالشعر>,in stock,https://chefaa.com:443/eg-ar/nowProduct/dabur-vatika-hair-cream-with-mink-oil-500gm-45ur,https://cdn.chefaa.com/filters:format(webp)/public/uploads/products/dabur-vatika-hair-cream-with-mink-oil-500gm-45ur-01691416419.png,https://cdn.chefaa.com/filters:format(webp)/public/uploads/products/dabur-vatika-hair-cream-with-mink-oil-500gm-45ur-01691416419.png,مميزات المنتج   يتميز حمام كريم فاتيكا بزيت المنك بما يلي: له تركيبة غنية بالمواد الطبيعية التي تغذي الشعر وتقويه من الجذور وحتى الأطراف. يعزز لمعان الشعر ويكسبه مظهرًا أكثر صحة وجاذبية. يرطب الشعر ويحميه من التلف والجفاف. مناسب للشعر الجاف والتالف والمجعد. يحسن ملمس الشعر ويمنحه المزيد من النعومة. سعر حمام كريم فاتيكا بزيت المنك مناسب مقارنة بحجمه وفوائده العديدة للشعر.   عن هذا المنتج     مكونات حمام كريم فاتيكا بزيت المنك   يحتوي فاتيكا حمام كريم على:  زيت المنك: يساعد على تغذية وترطيب الشعر بعمق.  زيت الزيتون: يرطب الشعر ويحميه من التساقط.  زيت الخروع: يعزز نمو الشعر ويقوي البصيلات.  حجم vatika conditioning hair mask with mink oil  يتوفر vatika conditioning hair mask with mink oil بحجم 500 جم.  سعر حمام كريم فاتيكا بزيت المنك   يتراوح سعر حمام كريم فاتيكا بزيت المنك ما بين 40 إلى 50 جنيه مصري.  يوصى باستعمال حمام كريم فاتيكا بزيت المنك ل  فاتيكا حمام كريم بزيت المنك مناسب لجميع أنواع الشعر وخاصة أصحاب الشعر الجاف والمجعد، فهو يمنح شعرك التغذية والترطيب ويجدد البصيلات مما يساعدك للحصول على شعر قوي ولامع وأكثر نعومة وجاذبية.,ماركة: فاتيكا
18500,لوريال باريس | شامبو مغذي للشعر بالزيت اكسترا اورديناري الفيف | 600مل,loreal paris elvive extraordinary oil nourishing shampoo 600ml yabn,245,EGP,لوريال باريس,العناية بالشعر>شامبو وبلسم,in stock,https://chefaa.com:443/eg-ar/nowProduct/loreal-paris-elvive-extraordinary-oil-nourishing-shampoo-600ml-yabn,https://cdn.chefaa.com/filters:format(webp)/public/uploads/products/loreal-paris-elvive-extraordinary-oil-nourishing-shampoo-600ml-rzlf-01653840518.png,https://cdn.chefaa.com/filters:format(webp)/public/uploads/products/loreal-paris-elvive-extraordinary-oil-nourishing-shampoo-600ml-rzlf-01653840518.png,عن هذا المنتج     لوريال باريس | شامبو مغذي للشعر بالزيت اكسترا اورديناري الفيف | 600مل,ماركة: لوريال باريس
1621,لوريال باريس | صبغة الشعر الرائعة إكسيلانس كريم | 8 أشقر فاتح,excellence creme hair color blonde clar,327,EGP,لوريال باريس,العناية بالشعر>صبغات الشعر,in stock,https://chefaa.com:443/eg-ar/nowProduct/excellence-creme-hair-color-8-blonde-clar,https://cdn.chefaa.com/filters:format(webp)/public/uploads/products/excellence-creme-hair-color-8-blonde-clar-01650803599.png,https://cdn.chefaa.com/filters:format(webp)/public/uploads/products/excellence-creme-hair-color-8-blonde-clar-01650803599.png,مميزات المنتج   لوريال باريس | صبغة الشعر الرائعة إكسيلانس كريم | 8 أشقر فاتح   عن هذا المنتج     ﻿ فوائد المنتج: منتج غني بالكيراتين مخصص من أجل الشعر المصبوغ، حيث يعمل على حماية الشعر وتقويته! الصبغة رقم 1 على مستوى العالم تساعد مكونات هذا المنتج في: يعمل السيراميد على حماية الشعر Pro يعمل الكيراتين على تقوية الشعر يعمل الكولاجين على إعادة بناء الشعر طريقة الاستخدام: 1 - يعمل على حماية الشعر إذا استخدام قبل الصبغة: 1. استخدمي معالج الشعر الواقي على الشعر الجاف غير المغسول 2. ضعيه على الاجزاء الضعيفة من الشعر (أطراف الشعر) امزجي اللون المفضل إليك: 1. ضعي 2B في الزجاجة المخصصة لذلك 2A 2. استبدلي طرف الزجاجة ورجيه جيدًا حتى تمام الاختلاط. 3. لفي طرف الزجاجة بعد المزج 4. يمكنك استخدام المشط أثناء توزيع الصبغة على الشعر 2. أثناء العملية: 1. ابدأي في توزيع الصبغة من الجذور حتى الأطراف، استمري في ذلك لمدة 20 دقيقةbr>2. ضعي الكمية المتبقية على أطراف الشعر - اتركيه لمدة 10 دقائق بحيث يكون الوقت الإجمالي 30 دقيقة 3. بعد العملية: 1. ضعي القليل من الماء الدافيء على الشعر ودلكيه برفق 2. ثم اشطفي الشعر جيدًا بالماء الجاري 3. وزعي البلسم على الشعر جيدًا واتركيه لمدة دقيقتين 4. حافظي على البلسم كي تتمكني من استخدامه مرة اخرى اختبار حساسية الجلد: قد يسبب المنتج حساسية لبعض مناطق الجلد يجب إجراء اختبار حساسية اللجد قبل استخدام المنتج ب 48 ساعة للمزيد من العناية: لتعزيز مظهر شعرك بعد شطفه بالشامبو: استخدمي بلسم مخصص للشعر المصبوغ واشطفي شعرك بالماء البارد كي تحصلي لى المزيد من اللمعان الجديد لدينا: تحتوي صبغة الشعر الأولى على مستوى العالم على تقنية جديدة تمنحكِ حماية ثلاثية لشعرك: السيراميد:  غني بالسيراميد والمواد التي تغذي الشعر وتمنحه نعومة فائقة برو كيراتين:  تركيبة كريمية رائعة تغذي الشعر وتقويهr كولاجين:  يعرف الكولاجين بقدرته على تغذية الشعر تحتوي هذه التركيبة على مواد تنعم الشعر وترطبه   100% تغطية مثالية من الجذور حتى الاطراف يمنحك شعرًا غني اللون يدوم طويلاًr يمنح الشعر نعومة فائقة لون اكثر ثباتًا مشط مخصص لسهولة التوزيع,ماركة: لوريال باريس
23250,فيتال | جيل شفاف | 300مل,vital transparent gel 300ml egyx,255,EGP,فيتال كير,العناية بالشعر>,in stock,https://chefaa.com:443/eg-ar/nowProduct/vital-transparent-gel-300ml-egyx,https://cdn.chefaa.com/filters:format(webp)/public/uploads/products/vital-transparent-gel-300ml-37e6-01663985092.png,https://cdn.chefaa.com/filters:format(webp)/public/uploads/products/vital-transparent-gel-300ml-37e6-01663985092.png,عن هذا المنتج     فيتال | جيل شفاف | 300مل,ماركة: فيتال كير
2918,هيد اند شولدرز | شامبو انسيابي وحريري | 400مل,head shoulders smooth and silky anti dandruff shampoo 400ml,250,EGP,هيد اند شولدرز,العناية بالشعر>,in stock,https://chefaa.com:443/eg-ar/nowProduct/head-shoulders-smooth-and-silky-anti-dandruff-shampoo-400ml,https://cdn.chefaa.com/filters:format(webp)/public/uploads/products/head-shoulders-smooth-and-silky-anti-dandruff-shampoo-400ml-01724058650.png,https://cdn.chefaa.com/filters:format(webp)/public/uploads/products/head-shoulders-smooth-and-silky-anti-dandruff-shampoo-400ml-01724058650.png,مميزات المنتج   هيد اند شولدرز | شامبو انسيابي وحريري | 400مل,ماركة: هيد اند شولدرز
28954,بلانكي | كريم للشعر | 120مل,blankie hair cream 120ml qsc5,160,EGP,بلانكي,العناية بالشعر>,in stock,https://chefaa.com:443/eg-ar/nowProduct/blankie-hair-cream-120ml-qsc5,https://cdn.chefaa.com/filters:format(webp)/public/uploads/products/blankie-hair-cream-120ml-slzh-01681246013.png,https://cdn.chefaa.com/filters:format(webp)/public/uploads/products/blankie-hair-cream-120ml-slzh-01681246013.png,مميزات المنتج   تركيبة فعالة غنية بمكونات طبيعية مثل مستخلص البابونج (الكاموميل) و زبدة الشيا و زيت خروع و الارجان لتغذية و نعومة و تقوية الشعر والحفاظ على ترطيبه. شعر لامع خالي من التشابك و الهيشان. لا يسبب الحساسية، خالي من السلفات و السيليكون والبارابين.   عن هذا المنتج     طريقة الإستخدام : يوضع على الشعر الجاف أو المبلل، و يمشط برفق. لا يشطف. للأعمار من ٣ سنوات فما فوق. لجميع أنواع الشعر. مقاوم للتجاعيد. الاحتياطات : للاستعمال الخارجي فقط. يحفظ بعيداً عن متناول الأطفال الصغار إلا تحت إشراف الكبار. يحفظ في مكان بارد و جاف، بعيداً عن حرارة الشمس المباشرة.,ماركة: بلانكي
53866,فاتيكا | حناء للشعر أسود طبيعي 60جم | 6 أكياس,vatika henna hair natural black 60g sachhuXJ,40,EGP,فاتيكا,العناية بالشعر>صبغات الشعر,in stock,https://chefaa.com:443/eg-ar/nowProduct/vatika-henna-hair-natural-black-60g-6-sachhuXJ,https://cdn.chefaa.com/filters:format(webp)/public/uploads/products/vatika-henna-hair-natural-black-60g-6-sachhuxj-01735068191.png,https://cdn.chefaa.com/filters:format(webp)/public/uploads/products/vatika-henna-hair-natural-black-60g-6-sachhuxj-01735068191.png,مميزات المنتج   فاتيكا | حناء للشعر أسود طبيعي 60جم | 6 أكياس,ماركة: فاتيكا
21391,بايجن | سبيدى كريم سريع لتلوين الشعر بالبلسم | اسود طبيعي 881,bigen speedy natural black uyon,225,EGP,بايجن,العناية بالشعر>,in stock,https://chefaa.com:443/eg-ar/nowProduct/bigen-speedy-natural-black-uyon,https://cdn.chefaa.com/filters:format(webp)/public/uploads/products/bigen-speedy-natural-black-hgmm-01656545999.png,https://cdn.chefaa.com/filters:format(webp)/public/uploads/products/bigen-speedy-natural-black-hgmm-01656545999.png,مميزات المنتج   بايجن | سبيدى كريم سريع لتلوين الشعر بالبلسم | اسود طبيعي 881,ماركة: بايجن
1597,لوريال | صبغة برودجي بدون امونيا | اشقر رمادي فاتح رقم 8.10,prodigy ammonia free hair color light ash blonde,430,EGP,لوريال باريس,العناية بالشعر>صبغات الشعر,in stock,https://chefaa.com:443/eg-ar/nowProduct/prodigy-ammonia-free-hair-color-81-light-ash-blonde,https://cdn.chefaa.com/filters:format(webp)/public/uploads/products/prodigy-ammonia-free-hair-color-81-light-ash-blonde-01650706715.png,https://cdn.chefaa.com/filters:format(webp)/public/uploads/products/prodigy-ammonia-free-hair-color-81-light-ash-blonde-01650706715.png,مميزات المنتج   تتميز صبغة لوريال برودجي اشقر رمادي فاتح بما يلي: لها تركيبة مميزة غنية بالزيوت وخالية من الأمونيا. تعطي الشعر مظهر صحي ولامع وتزيد من ترطيب الشعر. لا تسبب جفاف أو تلف الشعر. يتوفر منها ألوان عديدة تناسب الأذواق المختلفة. سعر صبغة لوريال بدون امونيا مناسب مقارنة لحجمها وفوائدها للشعر.   عن هذا المنتج     مكونات صبغة لوريال بدون امونيا تحتوي صبغة لوريال برودجي اشقر رمادي فاتح على: زيت اللانولين: يرطب الشعر بعمق. زيت السمسم الهندي: له خصائص مضادة للبكتيريا والفطريات. زيوت طبيعية: تزيد لمعان ونعومة الشعر وتساعد على تثبيت اللون. سعر صبغة لوريال برودجي بدون امونيا سعر صبغة لوريال بدون امونيا هو 245 جنيه مصرى. حجم صبغة l'oreal prodigy تتوفر صبغة شعر لوريال بدون امونيا بحجم 100 مل. يوصى باستعمال لوريال صبغة بدون أمونيا صبغة لوريال بدون امونيا مناسبة لجميع أنواع الشعر فهي الخيار الأمثل لكل من ترغب في الحصول على إطلالة مميزة وجذابة بدون ضرر أو تلف للشعر. طريقة استخدام صبغة لوريال بدون امونيا يقسم الشعر إلى أجزاء متساوية. توضع صبغة برودجي بدون امونيا مباشرة على الشعر من الجذور حتى الأطراف. تترك الصبغة لمدة 30 إلى 45 دقيقة. يشطف الشعر جيداً. ما هى الوان صبغة لوريال بدون امونيا برودجي ؟ تشمل درجات صبغة لوريال بدون امونيا الآتى: صبغة لوريال بدون امونيا للشيب اسود 1.0 صبغة لوريال بدون امونيا زيتي  صبغة لوريال رقم 7 صبغة لوريال اشقر رمادي غامق بدون امونيا 6.0 صبغة لوريال بدون امونيا رقم 6 صبغة لوريال بدون امونيا رقم 8 صبغة لوريال بدون امونيا بني غامق 4 صبغة لوريال بدون امونيا بني شوكولاته 4.15 صبغة لوريال اشقر رمادي فاتح جدا بدون امونيا 9.1 صبغة لوريال بدون امونيا اشقر رمادي 7.1 صبغة لوريال بدون امونيا اشقر لؤلؤي 7.0 صبغة لوريال اشقر غامق بدون امونيا 7,ماركة: لوريال باريس
18761,بديل الزيت دوف بالزيوت المغذية لهيشان الشعر | 300 مل,dove nourishing care oil replacement cream 300ml 7bpg,165,EGP,دوف,العناية بالشعر>,in stock,https://chefaa.com:443/eg-ar/nowProduct/dove-nourishing-care-oil-replacement-cream-300ml-7bpg,https://cdn.chefaa.com/filters:format(webp)/public/uploads/products/dove-nourishing-care-oil-replacement-cream-300ml-7bpg-01720886465.png,https://cdn.chefaa.com/filters:format(webp)/public/uploads/products/dove-nourishing-care-oil-replacement-cream-300ml-7bpg-01720886465.png,مميزات المنتج   يتميز بديل الزيت دوف dove oil replacement بما يلي: غني بمجموعة من الزيوت الطبيعية التي تساعد على تغذية وترميم الشعر. يساعد على ترطيب الشعر بعمق وحمايته من الهيشان. يحمي الشعر من التلف الناتج عن التعرض للحرارة. له ملمس خفيف ولا يسبب مظهر لزج أو دهني للشعر. مناسب للاستخدام اليومي. يعطي الشعر مظهر لامع وصحي. يسهل تصفيف الشعر مما يحميه من التلف والتكسر. سعر بديل الزيت دوف مناسب مقارنة بفوائده العديدة للشعر.   عن هذا المنتج     مكونات بديل الزيت دوف الأزرق  يحتوي بديل الزيت دوف على:  داي ميثيكولون (Dimethiconol): نوع من السيليكون يغلف الشعر ويحميه من التلف الحراري ويعزز نعومته ولمعانه.  جلسرين (glycerin): مرطب طبيعي يجذب الرطوبة إلى الشعر ويحافظ على ترطيبه لفترة أطول، مما يقلل من الجفاف.  حجم عبوة dove بديل الزيت   يتوفر دوف بديل الزيت بحجم 300 مل.  سعر دوف بديل الزيت   سعر بديل الزيت من دوف حوالي 135 جنيه مصري (سعر المنتج قد يتغير تبعاً لتحديث سعره في الصيدليات أو حسب العروض المتاحة)  يوصى باستعمال بديل زيت دوف ل   بديل الزيت من دوف مناسب لأصحاب الشعر التالف والمعرض للجفاف، فهو يغذي الشعر ويرطبه بعمق مما يمنحه المزيد من النعومة واللمعان ويكسب الشعر مظهر صحي وأكثر حيوية.  كيفية استخدام بديل الزيت دوف للشعر الجاف   ابدئي بغسل شعرك جيدًا باستخدام الشامبو المناسب لنوع شعرك.  جففي شعرك بلطف باستخدام منشفة ناعمة حتى يصبح رطبًا، وليس مبللاً تمامًا.  خذي كمية مناسبة من بديل الزيت ووزعيها على شعرك بالتساوي بدءاً من منتصف الشعر حتى الأطراف.  تجنبي وضع بديل الزيت مباشرة على فروة الرأس.  دلكي الشعر بلطف باستخدام أصابعك لضمان تغلغله جيدًا في الشعر، مع التركيز على الأطراف الجافة والمتضررة ثم صففيه بالطريقة المعتادة.  بديل الزيت دوف لا يتطلب شطفًا، لذا اتركيه على شعرك واستمتعي بفوائده المرطبة.  إذا كنت تخططين لاستخدام مكواة فرد الشعر أو مجفف الشعر، يمكنك وضع بديل الزيت كحاجز لحماية الشعر من الحرارة.  للحصول على أفضل النتائج، استخدميه بانتظام بعد كل غسل، أو كلما شعرت أن شعرك يحتاج إلى ترطيب إضافي.  ما أنواع بديل الزيت دوف؟  بديل الزيت دوف إصلاح مكثف dove intensive repair.  دوف بالزيوت المغذية nourishing oil care.  بديل الزيت ضد تساقط الشعر hair fall rescue oil replacement.  ما افضل بديل زيت للشعر الجاف؟  بديل الزيت لوريال الفيف loreal elvive oil replacement.  تولا بديل الزيت tola oil replacement.  بديل الزيت دوف dove oil replacement.  فاتيكا بديل الزيت vatika oil replacement.,ماركة: دوف
47352,تيتيلو | ليف ان كونديشنر للشعر | 150جم,tettello hair leave conditioner 300gm lm3n_duwYFE7w,260,EGP,مقام,العناية بالشعر>ترطيب وعلاج الشعر,in stock,https://chefaa.com:443/eg-ar/nowProduct/tettello-hair-leave-in-conditioner-300gm-lm3n_duwYFE7w,https://cdn.chefaa.com/filters:format(webp)/public/uploads/products/tettello-hair-leave-in-conditioner-300gm-lm3n-duwyfe7w-01726314077.png,https://cdn.chefaa.com/filters:format(webp)/public/uploads/products/tettello-hair-leave-in-conditioner-300gm-lm3n-duwyfe7w-01726314077.png,مميزات المنتج   تيتيلو | ليف ان كونديشنر للشعر | 150جم,ماركة: مقام
23475,سيروليز | سيرم للشعر | 120مل,seroleze hair serum 120ml smep,300,EGP,ماكرو للأدوية,العناية بالشعر>,in stock,https://chefaa.com:443/eg-ar/nowProduct/seroleze-hair-serum-120ml-smep,https://cdn.chefaa.com/filters:format(webp)/public/uploads/products/seroleze-hair-serum-120ml-h9wk-01664358604.png,https://cdn.chefaa.com/filters:format(webp)/public/uploads/products/seroleze-hair-serum-120ml-h9wk-01664358604.png,مميزات المنتج   سيروليز | سيرم للشعر | 120مل   عن هذا المنتج     غني بزيت الأرجان من بين الزيوت المغذية الأخرى. تعمل تركيبة سيروليز سيرم للشعر الثلاثية عالية الأداء القائمة على السيليكون على تقوية كل خصلة شعر عن طريق إحكام غلق البشرة وشفائه.   يقوي كل خصلة شعر عن طريق سد وشفاء البشرة.   جميع أنواع الشعر.     طريقة الاستخدام:     ضعي من 2 إلى 4 بخات حسب كثافة الشعر ودلكيه على جذع الشعرة (وليس على فروة الرأس). يفضل وضعه على الشعر الرطب وليس على الشعر المبلل أو الجاف للحفاظ على رطوبة الشعر.   2 إلى 3 مرات في الأسبوع.,ماركة: ماكرو للأدوية
23740,فاتيكا | كريم الحبة السوداء للشعر | 140مل,black seed hair cream 140ml lual,55,EGP,فاتيكا,العناية بالشعر>ترطيب وعلاج الشعر,in stock,https://chefaa.com:443/eg-ar/nowProduct/black-seed-hair-cream-140ml-lual,https://cdn.chefaa.com/filters:format(webp)/public/uploads/products/black-seed-hair-cream-140ml-iato-01665309623.png,https://cdn.chefaa.com/filters:format(webp)/public/uploads/products/black-seed-hair-cream-140ml-iato-01665309623.png,مميزات المنتج   يتميز كريم فاتيكا بالحبة السوداء vatika hair cream black seed بما يلي: تركيبة تعزز قوة الشعر بمقدار الضعف. تضيف لمعانًا وبريقًا لشعرك. تحمي الشعر من التلف الناتج عن الحرارة. خالية من الكحول، السلفات، والفثالات. سعر كريم فاتيكا بالحبة السوداء رخيص جيد جدًا بالنسبة لحجمه وفوائده وتركيبته المرطبة للشعر.   عن هذا المنتج     مكونات كريم فاتيكا بالحبة السوداء  يحتوي كريم فاتيكا بالحبة السوداء على:  الحبة السوداء (Black Seed): تحتوي على مضادات أكسدة قوية تعزز من نمو الشعر وتساعد على منع تساقطه، تُعزز أيضًا من لمعان الشعر وتقوي بصيلاته، مما يمنحه مظهرًا صحيًا ولامعًا.  حجم عبوة كريم فاتيكا للشعر  يتوفر vatika hair cream black seed بعدة أحجام منها: 70 مل، 140 مل و210 مل من الكريم المخصص للشعر.  يوصى باستعمال كريم الشعر فاتيكا بالحبة السوداء   يوصى باستعمال  vatika hair cream black seed للشعر الضعيف والباهت، ويمكن استخدامه لجميع أنواع الشعر، بما في ذلك الشعر الجاف، المعالج كيميائيًا، المتضرر، والمصبوغ، كما أنه مثالي للنساء اللواتي يبحثن عن حل طبيعي لتعزيز قوة ولمعان شعرهن.  سعر كريم فاتيكا بالحبة السوداء   سعر vatika hair cream black seed بحجم 70  مل 21.75 جنيه مصري، وحجم 40 مل بسعر 53 جنيه أما عن حجم 210 مل فهو بسعر 67.5 جنيه (قد يتغير سعر المنتج وفقًا لتحديثه بالصيدليات أو حسب العروض المتاحة).  طريقة استخدام كريم فاتيكا بالحبة السوداء  بعد غسل الشعر، جففيه بالمنشفة لإزالة الرطوبة الزائدة.  ضعي كمية صغيرة من الكريم على راحة يديك.  وزعي الكريم بلطف على شعرك من الجذور حتى الأطراف.  يُفضل استخدامه على شعر رطب لتحقيق أفضل النتائج.  فوائد كريم فاتيكا بالحبة السوداء للشعر  يقوي الشعر ويمنع تساقطه.  يساعد على تغذية فروة الرأس.  يُرطب الشعر ويمنحه مظهرًا صحيًا ولامعًا.  يقلل من تقصف الشعر ويحافظ على مرونته.  ما هى اضرار كريم فاتيكا للشعر ؟  كريم فاتيكا للشعر، مثل أي منتج تجميلي آخر، قد يكون له بعض الآثار الجانبية أو الأضرار على بعض الأشخاص، خاصة إذا كانت فروة الرأس أو الشعر لديهم حساسة أو لديهم حساسية تجاه أحد المكونات. إليك بعض الأضرار المحتملة لاستخدام كريمات الشعر:  تهيج فروة الرأس.  جفاف الشعر.  تساقط الشعر.  ردود فعل تحسسية.  تراكم المنتج.  ما هى انواع كريم فاتيكا ؟  كريم فاتيكا بالحبة السوداء vatika hair cream black seed  كريم فاتيكا بزيت اللوز والعسل  Vatika Almond & Honey Hair Cream  كريم فاتيكا بزيت جوز الهند  Vatika Coconut Hair Cream  كريم فاتيكا بزيت الزيتون  Vatika Olive Hair Cream  كريم فاتيكا بزيت الصبار  Vatika Aloe Vera Hair Cream  كريم فاتيكا بزيت الثوم  Vatika Garlic Hair Cream  كريم فاتيكا بزيت الكيراتين  Vatika Keratin Hair Cream  كريم فاتيكا بزيت الأرغان  Vatika Argan Hair Cream  ما افضل كريم لترطيب الشعر ؟  كريم فاتيكا بالحبة السوداء vatika hair cream black seed.  بندولين كريم الشعر Penduline hair cream.  بلس كريم الشعر Bless hair cream.  الو ايفا بالصبار كريم الشعر Aloe Eva hair cream.  تريتو كريم الشعر Treato hair cream.,ماركة: فاتيكا
21797,كريم بليس للشعر الكيرلي ليف ان بزيت الأرجان | 450 مل,bless leave cream with argan oil 450ml yhfk,135,EGP,بليس,العناية بالشعر>,in stock,https://chefaa.com:443/eg-ar/nowProduct/bless-leave-in-cream-with-argan-oil-450ml-yhfk,https://cdn.chefaa.com/filters:format(webp)/public/uploads/products/bless-leave-in-cream-with-argan-oil-450ml-yhfk-01720620640.png,https://cdn.chefaa.com/filters:format(webp)/public/uploads/products/bless-leave-in-cream-with-argan-oil-450ml-yhfk-01720620640.png,"مميزات المنتج   يتميز كريم بليس للشعر الكيرلي (Bless Leave in Cream) بما يلى : يتميز بتركيبته الخفيفة التي لا تترك أي أثر دهني مزعج على الشعر. خالي من البارابين والسيليكون والسلفات. مناسب للشعر المفرود والكيرلي. مناسب لأصحاب المسامية المنخفضة والمتوسطة والعالية.   عن هذا المنتج     مكونات كريم بليس للشعر الكيرلي ليف ان يحتوى bless كريم على : زيت الأرجان: يعمل على ترطيب الشعر وحمايته من التلف وتقليل تقصف الشعر. زيت الخروع: يعمل على تغذية وترطيب الشعر من الجذور حتى الأطراف. زيت الجوجوبا: يعمل على تقليل الهيشان وترطيب الشعر. الجليسرين: يعمل على ترطيب الشعر وإكسابه مزيد من اللمعان. البانثينول. الماء. فوائد كريم بليس بالارجان كريم بليس للشعر الجاف والكيرلى يساعد على: تغذية الشعر وجعله أكثر حيوية. ترطيب الشعر التالف والمقصف وإكسابه مزيد من النعومة. ترطيب وعلاج الأطراف المتقصفة والجافة. التحكم في تجاعيد الشعر الكيرلي للحصول على تموجات ومظهر أكثر جاذبية. يمنح الشعر ملمس لامع وناعم. تقليل التشابك وتسهيل تصفيف الشعر. تقليل هيشان الشعر. تعزيز صحة ولمعان الشعر. سعر كريم بليس للشعر الكيرلي كريم بليس للشعر الكيرلي سعره يبلغ حوالى 125 جنيه "" قد يتغير سعر بليس ليف ان كريم من وقت لاخر "" حجم بليس ليف ان كريم بالارجان يتوافر كريم bless للشعر الكيرلي بحجم 450 مل يوصي باستعمال كريم بليس للكيرلي بزيت الأرجان بليس كريم ليف ان مناسب لذوي الشعر المفرود والكيرلي الجاف والمتقصف حيث يعمل على تغذية الشعر وترطيبه، كما أنه يعمل على تقليل الهيشان والحصول على شعر مموج جذاب وصحي. ما افضل كريم للشعر الجاف من الصيدلية ؟ كريم بليس بزيت الأرجان كانتو كريم بزبده الشيا  بيوبوينت كريم الشعر بفيتامين  e رو افريكان كريم وليف ان  بزبدة الشيا",ماركة: بليس
18362,أنيفاجين | شامبو مغذي ومقوي للشعر المتساقط للرجال | 200مل,anivagene nourishing and strengthening shampoo for hair loss for men 200ml ue3d,379,EGP,أنيفاجين,العناية بالشعر>,in stock,https://chefaa.com:443/eg-ar/nowProduct/anivagene-nourishing-and-strengthening-shampoo-for-hair-loss-for-men-200ml-ue3d,https://cdn.chefaa.com/filters:format(webp)/public/uploads/products/anivagene-nourishing-and-strengthening-shampoo-for-hair-loss-for-men-200ml-go8y-01653506026.png,https://cdn.chefaa.com/filters:format(webp)/public/uploads/products/anivagene-nourishing-and-strengthening-shampoo-for-hair-loss-for-men-200ml-go8y-01653506026.png,مميزات المنتج   أنيفاجين | شامبو مغذي ومقوي للشعر المتساقط للرجال | 200مل,ماركة: أنيفاجين
1592,لوريال باريس | صبغة شعر برودجي بدون أمونيا | 7.0 الاشقر | اللوز,prodigy ammonia free hair color blonde almond,430,EGP,لوريال باريس,العناية بالشعر>صبغات الشعر,in stock,https://chefaa.com:443/eg-ar/nowProduct/prodigy-ammonia-free-hair-color-70-blonde-almond,https://cdn.chefaa.com/filters:format(webp)/public/uploads/products/prodigy-ammonia-free-hair-color-70-blonde-almond-01650674870.png,https://cdn.chefaa.com/filters:format(webp)/public/uploads/products/prodigy-ammonia-free-hair-color-70-blonde-almond-01650674870.png,"مميزات المنتج   Almond, داكن, اشقر, طبيعي, دائمة, خالي من الأمونيا, يغذي,لوريال, صبغة شعر, لون صبغه, العناية بالشعر, تسريحه شعر, كونسيلر,فاتح, مستحضر تجميل , شعر كوافير, مجعد, ناعم, لامع, الجمال, منتج, زيت , كريم, يعالج, بلسم , ابيض,   عن هذا المنتج     ﻿ تتميز هذه الصبغة بتقنية جزئيات الزيوت الجديدة التي تمنحك مزيج من الألوان لمظهر طبيعي وجذاب حيث تتغلغل الألوان من الجذور حتى الأطراف. كما أنها تحسن من ملمس الشعر وتتركه أكثر نعومة وصحة. مزودة بتقنية جزئيات الزيوت لون مذهل، خصلات متألقة تمنحك ملمس استثنائي للشعر لمعة جذابة خالية من الأمونيا   ﻿",ماركة: لوريال باريس
21828,بايجن | صبغة شعر بودرة | بني متوسط رقم 56,bigen permanent powder hair color powder hhr1,105,EGP,بايجن,العناية بالشعر>,in stock,https://chefaa.com:443/eg-ar/nowProduct/bigen-permanent-powder-hair-color-powder-hhr1,https://cdn.chefaa.com/filters:format(webp)/public/uploads/products/bigen-permanent-powder-hair-color-powder-ahvw-01658152175.png,https://cdn.chefaa.com/filters:format(webp)/public/uploads/products/bigen-permanent-powder-hair-color-powder-ahvw-01658152175.png,مميزات المنتج   بايجن | صبغة شعر بودرة | بني متوسط رقم 56,ماركة: بايجن
24015,صانسيلك | بلسم سيروم بلاك للشعر الاسود | 350 مل,sunsilk balsam njwc,107,EGP,صانسيلك,العناية بالشعر>,in stock,https://chefaa.com:443/eg-ar/nowProduct/sunsilk-balsam-350-ml-5-njwc,https://cdn.chefaa.com/filters:format(webp)/public/uploads/products/sunsilk-balsam-350-ml-5-kvpw-01665671299.png,https://cdn.chefaa.com/filters:format(webp)/public/uploads/products/sunsilk-balsam-350-ml-5-kvpw-01665671299.png,عن هذا المنتج     صانسيلك | بلسم سيروم بلاك للشعر الاسود | 350 مل,ماركة: صانسيلك
20886,دابر فاتيكا | زيت جوز الهند للشعر | 90مل,dabur vatika hair coconut oil 90ml hn5h,25,EGP,فاتيكا,العناية بالشعر>,in stock,https://chefaa.com:443/eg-ar/nowProduct/dabur-vatika-hair-coconut-oil-90ml-hn5h,https://cdn.chefaa.com/filters:format(webp)/public/uploads/products/dabur-vatika-hair-coconut-oil-90ml-zznm-01655398188.png,https://cdn.chefaa.com/filters:format(webp)/public/uploads/products/dabur-vatika-hair-coconut-oil-90ml-zznm-01655398188.png,مميزات المنتج   دابر فاتيكا | زيت جوز الهند للشعر | 90مل   عن هذا المنتج     دابر فاتيكا | زيت جوز الهند للشعر | 90مل,ماركة: فاتيكا
50027,سوبر كيدز | شامبو كيرلي | 300مل,superkids curly shampoo 300ml btf0,160,EGP,سوبر كيدز,العناية بالشعر>شامبو وبلسم,in stock,https://chefaa.com:443/eg-ar/nowProduct/superkids-curly-shampoo-300ml-btf0,https://cdn.chefaa.com/filters:format(webp)/public/uploads/products/superkids-curly-shampoo-300ml-msgn-01730717511.png,https://cdn.chefaa.com/filters:format(webp)/public/uploads/products/superkids-curly-shampoo-300ml-msgn-01730717511.png,مميزات المنتج   سوبر كيدز | شامبو كيرلي | 300مل,ماركة: سوبر كيدز
50187,لوريال باريس | الفيف بلسم بالكيراتين فرد الشعر الطويل والمجعد | 360مل,loreal paris elvive straightening keratin conditioner for long and frizzy hair 300ml iygl o3yq_duQunc6N,185,EGP,لوريال باريس,العناية بالشعر>شامبو وبلسم,in stock,https://chefaa.com:443/eg-ar/nowProduct/loreal-paris-elvive-straightening-keratin-conditioner-for-long-and-frizzy-hair-300ml-iygl-o3yq_duQunc6N,https://cdn.chefaa.com/filters:format(webp)/public/uploads/products/loreal-paris-elvive-straightening-keratin-conditioner-for-long-and-frizzy-hair-300ml-oio5-01653921730.png,https://cdn.chefaa.com/filters:format(webp)/public/uploads/products/loreal-paris-elvive-straightening-keratin-conditioner-for-long-and-frizzy-hair-300ml-oio5-01653921730.png,عن هذا المنتج     لوريال باريس | الفيف بلسم بالكيراتين فرد الشعر الطويل والمجعد | 360مل,ماركة: لوريال باريس
45596,فاتيكا | بديل الزيت للتحكم في تساقط الشعر بالجرجير والثوم والصبار | 200مل,vatika naturals hair fall control oil replacement 200ml ob9t_duKHlr6j,80,EGP,فاتيكا,العناية بالشعر>,in stock,https://chefaa.com:443/eg-ar/nowProduct/vatika-naturals-hair-fall-control-oil-replacement-200ml-ob9t_duKHlr6j,https://cdn.chefaa.com/filters:format(webp)/public/uploads/products/vatika-naturals-hair-fall-control-oil-replacement-200ml-iu2s-01724779065.png,https://cdn.chefaa.com/filters:format(webp)/public/uploads/products/vatika-naturals-hair-fall-control-oil-replacement-200ml-iu2s-01724779065.png,مميزات المنتج   فاتيكا | بديل الزيت للتحكم في تساقط الشعر بالجرجير والثوم والصبار | 200مل,ماركة: فاتيكا
21019,فيانسيه | 2X1 كريم جيل عسل اصفر | 225مل,fiancee large cream gel yellow 0xf2,50,EGP,فيانسيه,العناية بالشعر>ترطيب وعلاج الشعر,in stock,https://chefaa.com:443/eg-ar/nowProduct/fiancee-large-cream-gel-yellow-0xf2,https://cdn.chefaa.com/filters:format(webp)/public/uploads/products/fiancee-large-cream-gel-yellow-0xf2-01736420455.png,https://cdn.chefaa.com/filters:format(webp)/public/uploads/products/fiancee-large-cream-gel-yellow-0xf2-01736420455.png,مميزات المنتج   فيانسيه | 2X1 كريم جيل عسل اصفر | 225مل,ماركة: فيانسيه
1626,صبغة لوريال اكسلانس آش سوبريم | 9.1 أشقر رمادي فاتح جدا,excellence creme hair color very light ash blonde,297,EGP,لوريال باريس,العناية بالشعر>صبغات الشعر,in stock,https://chefaa.com:443/eg-ar/nowProduct/excellence-creme-hair-color-91-very-light-ash-blonde,https://cdn.chefaa.com/filters:format(webp)/public/uploads/products/excellence-creme-hair-color-91-very-light-ash-blonde-01650801371.png,https://cdn.chefaa.com/filters:format(webp)/public/uploads/products/excellence-creme-hair-color-91-very-light-ash-blonde-01650801371.png,مميزات المنتج   تتميز صبغة لوريال اكسلانس بما يلي: أحد أشهر العلامات التجارية في صبغ الشعر. توفر تغطية للشيب بنسبة 100%. تكسب الشعر ألواناً لامعة وزاهية. لا تسبب تلف الشعر وتدوم لفترة طويلة. يتوفر منها درجات عديدة تناسب ألوان الشعر المختلفة. سعر صبغة لوريال اكسلانس مناسب مقارنة بفوائدها للشعر.   عن هذا المنتج     مم تتكون صبغة لوريال اكسلانس   تحتوي عبوة لوريال صبغة على:  سيروم حماية للشعر.  كريم تلوين.  شامبو.  ماسك حماية للشعر بعد الصبغة.  حجم Loreal excellence  تتوفر Loreal excellence بحجم 250 مل.  سعر صبغة لوريال اكسلانس   يتراوح سعر صبغة لوريال اكسلانس ما بين 180 إلى 194 جنيه مصري.  يوصى باستعمال صبغة لوريال اكسلانس ل  لوريال اكسلانس صبغة مناسبة لمن يريدون الحصول على لون شعر مختلف وجذاب بدون حدوث تلف أو ضرر للشعر، فهي تمنح شعرك مظهرًا أكثر جاذبية ولمعانًا.,ماركة: لوريال باريس
6005,إيڤا هير كلينيك جولد أرجان | شامبو بالارجان والذهب | 230مل,eva shampoo gold argan 230ml sevj,160,EGP,إيڤا,العناية بالشعر>,in stock,https://chefaa.com:443/eg-ar/nowProduct/eva-shampoo-gold-argan-230ml-sevj,https://cdn.chefaa.com/filters:format(webp)/public/uploads/products/eva-shampoo-gold-argan-230ml-sevj-01721411253.png,https://cdn.chefaa.com/filters:format(webp)/public/uploads/products/eva-shampoo-gold-argan-230ml-sevj-01721411253.png,مميزات المنتج   جولد ارجان شامبو يرطب الشعر المجهد، مما يعطيه لمعاناً جذاباً و صحياً، كما انه يمنح نعومة و تحكم فى الهيشان.,ماركة: إيڤا
473,لوريال باريس | صبغة الشعر الرائعة إكسيلانس كريم | بني شوكولاته رقم 6.7,loreal paris excellence cr%C3%A8me hair color chocolate brown,327,EGP,لوريال باريس,العناية بالشعر>صبغات الشعر,in stock,https://chefaa.com:443/eg-ar/nowProduct/loreal-paris-excellence-cr%C3%A8me-hair-color-67-chocolate-brown,https://cdn.chefaa.com/filters:format(webp)/public/uploads/products/loreal-paris-excellence-crème-hair-color-67-chocolate-brown-01701264766.png,https://cdn.chefaa.com/filters:format(webp)/public/uploads/products/loreal-paris-excellence-crème-hair-color-67-chocolate-brown-01701264766.png,مميزات المنتج   لوريال باريس | صبغة الشعر الرائعة إكسيلانس كريم | بني شوكولاته رقم 6.7   عن هذا المنتج     منتج غني بالكيراتين مخصص من أجل الشعر المصبوغ، حيث يعمل على حماية الشعر وتقويته تساعد مكونات هذا المنتج في: يعمل السيراميد على حماية الشعر Pro يعمل الكيراتين على تقوية الشعر يعمل الكولاجين على إعادة بناء الشعر ﻿ ﻿ ﻿,ماركة: لوريال باريس
1802,بيوبوينت | كريم الشعر بفيتامين اي | 250مل,biopoint vitamin hair cream,95,EGP,بيوبوينت,العناية بالشعر>,in stock,https://chefaa.com:443/eg-ar/nowProduct/biopoint-vitamin-e-hair-cream,https://cdn.chefaa.com/filters:format(webp)/public/uploads/products/biopoint-vitamin-e-hair-cream-01720286182.png,https://cdn.chefaa.com/filters:format(webp)/public/uploads/products/biopoint-vitamin-e-hair-cream-01720286182.png,مميزات المنتج   بيوبوينت | كريم الشعر بفيتامين اي | 250مل   عن هذا المنتج     ﻿ ﻿ ﻿ ﻿ كريم للشعر الضعيف والتالف ﻿ ﻿,ماركة: بيوبوينت
32079,كلير | كريم لمنع تساقط الشعر ستايلج ديفنس | 210مل,clear styling cream hair fall defense 210ml patw,85,EGP,كلير,العناية بالشعر>ترطيب وعلاج الشعر,in stock,https://chefaa.com:443/eg-ar/nowProduct/clear-styling-cream-hair-fall-defense-210ml-patw,https://cdn.chefaa.com/filters:format(webp)/public/uploads/products/clear-styling-cream-hair-fall-defense-210ml-jmiw-01696261505.png,https://cdn.chefaa.com/filters:format(webp)/public/uploads/products/clear-styling-cream-hair-fall-defense-210ml-jmiw-01696261505.png,مميزات المنتج   كلير | كريم لمنع تساقط الشعر ستايلج ديفنس | 210مل,ماركة: كلير
1708,زيرو فريز | سيروم بالكيراتين لترطيب الشعر الهايش | 148مل,zero frizz keratin serum,330,EGP,زيرو فريز,العناية بالشعر>,in stock,https://chefaa.com:443/eg-ar/nowProduct/zero-frizz-keratin-serum,https://cdn.chefaa.com/filters:format(webp)/public/uploads/products/1604040163zero-frizz-hair-serumjpeg,https://cdn.chefaa.com/filters:format(webp)/public/uploads/products/1604040163zero-frizz-hair-serumjpeg,"مميزات المنتج   زيرو فريز | سيروم بالكيراتين لترطيب الشعر الهايش | 148مل   عن هذا المنتج       مكونات سيروم زيرو فريز بالكيراتين السيكلوميثيكون : أحد أنواع السيليكون ويتميز بأنه متطاير ، مما يعني أنه يتبخر ولا يتراكم على بصيلات الشعر ، ويعطي الشعر ملمسًا حريريًا وناعمًا  ميثيسونول : يخفف من هيشان الشعر دايميثيكون : نوع من السيليكون يحافظ على نعومة الشعر ويمنع هيشانه الكيراتين : عبارة عن بروتين يقوى الشعر ويقلل من تجعد الشعر ويجعله أكثر نعومة توكفيريل : مشتق من فيتامين هـ الضروري لصحة الشعر مميزات zero frizz serum يخفف من التجعد وهيشان الشعر  يجعل الشعر أكثر لمعانًا وسهولة في التصفيف.  مصمم لمعالجة الشعر التالف أو الخشن أو شديد الجفاف.  يحمي الشعر المصبوغ  طريقة استعمال zero frizz serum للشعر من الأفضل وضع السيروم على الشعر وهو مبلل  اضغطى لمرة أو اثنتين على العبوة لإخراج كمية تكفي لشعر متوسط ​​الطول افركي السيروم بين راحة يدك جيدًا  ثم وزعيه بالتساوي على الشعر بداية من منتصفه حتى نهاياته "" احرصي على عدم استخدام الكثير من السيروم ، فقد يجعل شعرك دهنيًا وثقيلًا إذا قمت بذلك "" حجم  سيرم زيرو فريز  يتوافر zero frizz سيرم بحجم 148 مل سعر سيروم زيرو فريز الأصلي سعر zero frizz حوالي 150 جنيه مصرى"" قد يتغير السعر من مكان لآخر ومن وقت لآخر "" أنواع منتجات زيرو فريز شامبو تنعيم بالكيراتين بلسم تنعيم بالكيراتين سيروم الكيراتين المعالج سيروم معالج للشعر بالزبدة الثلاثية علاج ترميم ليلي بالزبدة الثلاثية بخاخ ملمع خالي من السيليكون بالزبدة الثلاثية ما هي أضرار سيروم زيرو فريز بالكيراتين ؟ معظم أنواع السيروم المخصصة لتقليل تجعد وهيشان الشعر تحتوي على السيليكون والذي قد يسبب جفاف الشعر عند استعماله لمدة طويلة ما هى أنواع سيروم زيرو فريز للشعر الجاف ؟ سيروم الكيراتين المعالج سيروم معالج للشعر بالزبدة الثلاثية سيروم زيرو فريز لفرد الشعر يساعد السيروم على جعل الشعر أكثر نعومة وتقليل التجعد والهيشان سيرم زيرو فريز لتطويل الشعر السيروم ليس له تأثير فعال فى زيادة نمو الشعر ما أفضل سيروم للشعر الخفيف ؟ يحتاج الشعر الخفيف إلى سيروم يقلل من تساقط الشعر وترققه ويحتوى على الفيتامينات أ و ب والبيوتين لتعويض تساقط الشعر وتعزيز إعادة نموه ، مثل: سيروم تريتو سكالا سيروم الشعر بالكافيين ريكسول سيروم لعلاج تساقط الشعر  ترس سيروم  سيروبايب سيرم للشعر  ما أفضل سيروم للشعر الجاف والهايش ؟ يحتاج الشعر الجاف والهايش إلى سيروم مرطب يحتوي على مكونات مثل زبدة الشيا والزيوت الطبيعية ، والكيراتين وغيرها من المكونات المرطبة التي تساعد على تقوية وترطيب فروة الرأس ، مثل : سيروم كانتو لنعومة ولمعان الشعر بزبدة الشيا  لوفيا ناتشر سيروم بزبدة الشيا سيروم كريستاس  زيرو فريز سيروم  انرجي سيروم الشعر بالكيراتين  ما أفضل سيروم للشعر المجعد ؟ علاج الشعر المتطاير يحتاج إلى سيروم غنى بالزيوت الطبيعية مثل زيت الجوجوبا ،زيت الأرجان ,زيت جوز الهند , زيت الزيتون أو بالكيراتين الذى يساعد على زيادة نعومة الشعر، مثل : سيروم بيوهير ضد تجعد الشعر بزيت الأرجان سيروم لنعومة الشعر انفيرو من تشي  جي كي هير سيروم بزيت الأرجان لتنعيم الشعر فيتال كير سيروم بزيت الأرجان سيروم لوريال للشعر المجعد نصائح هامة للعناية بالشعر : غسل الشعر بانتظام :  مرتين أو ثلاث مرات بالأسبوع استخدم الشامبو الخالي من المواد الكيميائية مثل الكبريتات والبارابين استخدام البلسم بعد غسل الشعر ( يجب استخدامه فقط على أطراف الشعر وليس على فروة الرأس ) تجفيف الشعر بشكل طبيعي فى الهواء أو باستخدام منشفة وتجنب استخدام الحرارة ترطيب الشعر بالزيوت الطبيعية مثل زيت جوز الهند وزيت اللوز وزيت الزيتون وزيت الخروع استخدام مشط ذو أسنان واسعة عند تصفيف الشعر",ماركة: زيرو فريز
62188,لوريال | الفيف شامبو جليكوليك جلوس للشعر الباهت | 400مل,loreal elvive glycolic gloss hair care shampoo for dull hair 400ml zugo,200,EGP,لوريال باريس,العناية بالشعر>شامبو وبلسم,in stock,https://chefaa.com:443/eg-ar/nowProduct/loreal-elvive-glycolic-gloss-hair-care-shampoo-for-dull-hair-400ml-zugo,https://cdn.chefaa.com/filters:format(webp)/public/uploads/products/loreal-elvive-glycolic-gloss-hair-care-shampoo-for-dull-hair-400ml-xjnl-01755510489.png,https://cdn.chefaa.com/filters:format(webp)/public/uploads/products/loreal-elvive-glycolic-gloss-hair-care-shampoo-for-dull-hair-400ml-xjnl-01755510489.png,مميزات المنتج   لوريال | الفيف شامبو جليكوليك جلوس للشعر الباهت | 400مل,ماركة: لوريال باريس
18702,تريشوب | سيرم للشعر للوقاية من الحرارة | 60مل,trichup thermal protection serum inlr,150,EGP,تريشوب,العناية بالشعر>ترطيب وعلاج الشعر,in stock,https://chefaa.com:443/eg-ar/nowProduct/trichup-thermal-protection-serum-60-ml-inlr,https://cdn.chefaa.com/filters:format(webp)/public/uploads/products/trichup-thermal-protection-serum-60-ml-t2xn-01654003777.png,https://cdn.chefaa.com/filters:format(webp)/public/uploads/products/trichup-thermal-protection-serum-60-ml-t2xn-01654003777.png,مميزات المنتج   تريشوب | سيرم للشعر للوقاية من الحرارة | 60مل,ماركة: تريشوب
28221,سيروبايب | بلسم طبي للشعر الجاف والتالف | 300مل,seropipe hair conditioner 200gm oeg9,215,EGP,سيروبايب,العناية بالشعر>شامبو وبلسم,in stock,https://chefaa.com:443/eg-ar/nowProduct/seropipe-hair-conditioner-200gm-oeg9,https://cdn.chefaa.com/filters:format(webp)/public/uploads/products/seropipe-hair-conditioner-200gm-oeg9-01769438868.png,https://cdn.chefaa.com/filters:format(webp)/public/uploads/products/seropipe-hair-conditioner-200gm-oeg9-01769438868.png,"مميزات المنتج   يتميز سيروبايب بلسم طبي للشعر الجاف (Seropipe hair conditioner) بالآتي: له تركيبة مميزة غنية بالزيوت الطبيعة التي ترطب وتغذي الشعر بعمق. يساعد على تقليل تجعد الشعر وإكسابة النعومة واللمعان. مثالي لأصحاب الشعر الجاف والتالف. يرطب الشعر من الجذور وحتى الأطراف ويساعد على تقليل الهيشان. بلسم سيروبايب سعره مناسب مقارنة بفوائده العديدة للشعر.   عن هذا المنتج      مكونات سيروبايب بلسم طبي للشعر يحتوي سيروبيب بلسم على: كامجين K و كامجين E: أعشاب يابانية طبيعية تحفز الدورة الدموية في فروة الرأس وتحفز نمو الشعر. زيت الخروع: يحفز نمو الشعر ويساعد على ترطيب الشعر. فيتامين هـ : يساعد على تغذية الشعر وإكسابه النعومة واللمعان. حجم seropipe hair conditioner يتوافر بلسم seropipe للشعر الجاف بحجم 300 مل. فوائد بلسم سيروبايب يساعد على ترطيب الشعر بعمق من الجذور وحتى الأطراف  يمنح الشعر المزيد من النعومة والانسيابية  له دور في زيادة طول الشعر وتقليل الهيشان يوصى باستعمال seropipe hair conditioner سيروبايب كونديشنر مناسب لأصحاب الشعر الجاف والتالف والمجعد إذ يساعد على ترطيب الشعر ومنحه النعومة واللمعان. سعر بلسم سيروبايب هير كونديشنر seropipe hair conditioner سعره يبلغ حوالى 215 جنيه. "" بلسم سيروبايب سعره قد يتغير من وقت لاخر تبعاً لتغير سعره فى الاسواق "" ما هى أنواع منتجات سيروبايب ؟ سيروبايب سبراي للشعر. سيروم سيروبايب. شامبو سيروبايب. امبولات سيروبايب للشعر. سيروبايب هير ماسك. بلسم seropipe سيروبايب. ما هي منتجات علاج تساقط الشعر في مجموعه سيروبايب؟ يعد سبراي سيروبايب وأمبولات سيروبايب من المنتجات المخصصة لعلاج تساقط الشعر وتقوية بصيلات الشعر، إذ يساعدان على تحسين نمو الشعر وزيادة كثافته وطوله. ما أفضل بلسم للشعر الجاف والهايش ؟ بليس بلسم سيروبايب هير كونديشنر هيربل اسنسز بلسم بخلاصة زيت المورينجا لي كاريتيه بلسم مرطب للشعر لوفيا بلسم بزبده الشيا ما أفضل بلسم طبي للشعر الجاف والخشن ؟ كانتو بلسم مرطب للشعر فيشي ديركوس دينسي سوليوشنز بلسم لترميم الشعر فولتين بلسم لترطيب الشعر الجاف والخشن سيروبايب بلسم للشعر الجاف والضعيف دوكراي  بلسم إعادة التكثيف",ماركة: سيروبايب
20694,بايجن | صبغة شعر بودرة دائمة 57 بني غامق,bigen permanent hair color powder dark brown 91ew,105,EGP,بايجن,العناية بالشعر>,in stock,https://chefaa.com:443/eg-ar/nowProduct/bigen-permanent-hair-color-powder-57-dark-brown-91ew,https://cdn.chefaa.com/filters:format(webp)/public/uploads/products/bigen-permanent-hair-color-powder-57-dark-brown-pog9-01655293818.png,https://cdn.chefaa.com/filters:format(webp)/public/uploads/products/bigen-permanent-hair-color-powder-57-dark-brown-pog9-01655293818.png,مميزات المنتج   بايجن | صبغة شعر بودرة دائمة 57 بني غامق,ماركة: بايجن
53948,فيولا | شامبو للشعر | 200مل,viola hair revitalizing shampoo mlkOAE,129,EGP,No Brand,العناية بالشعر>شامبو وبلسم,in stock,https://chefaa.com:443/eg-ar/nowProduct/viola-hair-revitalizing-shampoo-200-mlkOAE,https://cdn.chefaa.com/filters:format(webp)/public/uploads/products/viola-hair-revitalizing-shampoo-200-mlkoae-01736340311.png,https://cdn.chefaa.com/filters:format(webp)/public/uploads/products/viola-hair-revitalizing-shampoo-200-mlkoae-01736340311.png,مميزات المنتج   فيولا | شامبو للشعر | 200مل,raw_specs: المواصفات
20880,بانتين | شامبو برو-في ناعم وحريري | 200 مل,pantene pro smooth silky shampoo oaj1,145,EGP,بانتين,العناية بالشعر>,in stock,https://chefaa.com:443/eg-ar/nowProduct/pantene-pro-v-smooth-silky-shampoo-200-ml-oaj1,https://cdn.chefaa.com/filters:format(webp)/public/uploads/products/pantene-pro-v-smooth-silky-shampoo-200-ml-tnef-01655397548.png,https://cdn.chefaa.com/filters:format(webp)/public/uploads/products/pantene-pro-v-smooth-silky-shampoo-200-ml-tnef-01655397548.png,عن هذا المنتج      بانتين  | شامبو برو-في ناعم وحريري  | 200 مل,ماركة: بانتين
56517,تولا هير | بوكس 4X1 (لوشن 120مل + بديل زيت 150مل + 2 شامبو أطفال 80مل ),tola box lotion orep bsh 80x2NOn7,449,EGP,تولا,العناية بالشعر>,in stock,https://chefaa.com:443/eg-ar/nowProduct/tola-box-4-in-1-lotion-120-orep-150-bsh-80x2NOn7,https://cdn.chefaa.com/filters:format(webp)/public/uploads/products/tola-box-4-in-1-lotion-120-orep-150-bsh-80x2non7-01736679961.png,https://cdn.chefaa.com/filters:format(webp)/public/uploads/products/tola-box-4-in-1-lotion-120-orep-150-bsh-80x2non7-01736679961.png,مميزات المنتج   تولا هير | بوكس 4X1 (لوشن 120مل + بديل زيت 150مل + 2 شامبو أطفال 80مل ),ماركة: تولا
1490,لوريال باريس | شامبو لوريال الفيف طول الأحلام | 200مل,elvive dream long reinforcing shampoo for long weakened hair 200ml,125,EGP,لوريال باريس,العناية بالشعر>,in stock,https://chefaa.com:443/eg-ar/nowProduct/elvive-dream-long-reinforcing-shampoo-for-long-weakened-hair-200ml,https://cdn.chefaa.com/filters:format(webp)/public/uploads/products/1616668201new-projectjpg,https://cdn.chefaa.com/filters:format(webp)/public/uploads/products/1616668201new-projectjpg,مميزات المنتج   لوريال باريس | شامبو لوريال الفيف طول الأحلام | 200مل   عن هذا المنتج     شامبو لوريال الفيف طول الأحلام مصمم خصيصاً للشعر الطويل التالف، يحتوي على مزيج من زيت الخروع وفيتامينات B3 و B5 ، يقوي الشعر الطويل ويحمى أطراف الشعر من التقصف للحصول على شعر أحلامك الطويل.     مكونات شامبو الفيف طول الأحلام لعلاج الشعر الطويل الضعيف - 200 مل:     الماء   سلفات لوريث الصوديوم : تساعد على تكوين الرغوة عند تدليك الشعر بالشامبو   دايميثيكون : يمنح الشعر النعومة واللمعان   حمض الصفصاف : يخفف من تكوين القشرة ويحمى بصيلات الشعر   البروتين ( القمح - الذرة - الصويا )   زيت الخروع   فيتامينات B3 و B5   الجلسرين   عطر       فوائد شامبو الفيف:     يقوي الشعر الطويل الضعيف.    يعيد شامبو الفيف اللمعان لشعرك.   يفك تشابك الشعر لتقليل تكسر الشعر.   يحمي نهايات الشعر من التقصف.   يمنع الضرر الناتج عن أدوات التصفيف مثل الحرارة.       طريقة استعمال شامبو الفيف دريم لونج:     قومى بتدليك لوريال شامبو على الشعر الرطب.   شطف الشعر جيداً.    لمزيد من اللمعان ،ضع بلسم الشعر واتركه لعدة دقائق ثم اشطفه بالماء.    جففي شعرك ثم رطبيه باستخدام كريم التصفيف.       حجم شامبو لوريال باريس طول الأحلام:   يتوافر الفيف شامبو بحجم 200 مل,ماركة: لوريال باريس
44518,جلورى | كيس حناء ملون ماهوجني | 10 جم,glory colored henna sachet burgundy soah_ducOgHNT,45,EGP,مجموعة جلوري الطبية,العناية بالشعر>,in stock,https://chefaa.com:443/eg-ar/nowProduct/glory-colored-henna-sachet-burgundy-10-gm-soah_ducOgHNT,https://cdn.chefaa.com/filters:format(webp)/public/uploads/products/glory-colored-henna-sachet-burgundy-10-gm-soah-ducoghnt-01719836034.png,https://cdn.chefaa.com/filters:format(webp)/public/uploads/products/glory-colored-henna-sachet-burgundy-10-gm-soah-ducoghnt-01719836034.png,عن هذا المنتج     جلورى | كيس حناء ملون ماهوجني | 10 جم,ماركة: مجموعة جلوري الطبية
46052,إيڤا | هير كلينك كيرلي شامبو | 230مل,eva hair clinic curls shampoo 230ml jm0d_duLVZ2AH,130,EGP,إيڤا,العناية بالشعر>شامبو وبلسم,in stock,https://chefaa.com:443/eg-ar/nowProduct/eva-hair-clinic-curls-shampoo-230ml-jm0d_duLVZ2AH,https://cdn.chefaa.com/filters:format(webp)/public/uploads/products/eva-hair-clinic-curls-shampoo-230ml-jvgc-01690456975.png,https://cdn.chefaa.com/filters:format(webp)/public/uploads/products/eva-hair-clinic-curls-shampoo-230ml-jvgc-01690456975.png,مميزات المنتج   إيڤا | هير كلينك كيرلي شامبو | 230مل,ماركة: إيڤا
45444,رو افريكان | شامبو زيت الارجان | 500 مل,raw african argan shampoo 500ml wowb_dusnK5en,252,EGP,رو أفريكان,العناية بالشعر>شامبو وبلسم,in stock,https://chefaa.com:443/eg-ar/nowProduct/raw-african-argan-shampoo-500ml-wowb_dusnK5en,https://cdn.chefaa.com/filters:format(webp)/public/uploads/products/raw-african-argan-shampoo-500ml-wowb-dusnk5en-01748346195.png,https://cdn.chefaa.com/filters:format(webp)/public/uploads/products/raw-african-argan-shampoo-500ml-wowb-dusnk5en-01748346195.png,عن هذا المنتج     شامبو طبيعي للشعر الجاف والتالف يحفز نمو الشعر ويقلل من الهيشان ويترك الشعر بمظهر صحي ولامع. يتميز شامبو الأرجان بمزيج ثمين من زيت الأرجان بالإضافة لزيت الجوجوبا ومستخلص الشاي الأخضر ليعمل على تنظيف الشعر وترطيبه بعمق وإعطائه فرصة النمو بصحة، كما يمنح كل خصلة القوة والنعومة بدون تجريدها من زيوتها الطبيعية. هذا المنتج خالي من الألوان الصناعية والمواد الكيميائية القاسية مثل البارابين أو الكبريتات أو السيليكون أو الزيوت المعدنية. لا يتم اختبار منتجاتنا على الحيوانات ولا نتعامل مع موردين يختبروا منتجاتهم علي حيوانات. طريقة الاستخدام: يستخدم على شعر مبلل ويتم تدليك الشعر وفروة الرأس، ثم يشطف جيدًا بالماء,ماركة: رو أفريكان
46448,ايفا | هير كلينك كيرلز حمام كريم | 200مل,eva hair clinic curls mask 200ml qyjn_duqt4CAB,160,EGP,إيڤا,العناية بالشعر>ترطيب وعلاج الشعر,in stock,https://chefaa.com:443/eg-ar/nowProduct/eva-hair-clinic-curls-mask-200ml-qyjn_duqt4CAB,https://cdn.chefaa.com/filters:format(webp)/public/uploads/products/eva-hair-clinic-curls-mask-200ml-vtob-01703441060.png,https://cdn.chefaa.com/filters:format(webp)/public/uploads/products/eva-hair-clinic-curls-mask-200ml-vtob-01703441060.png,مميزات المنتج   ايفا | هير كلينك كيرلز حمام كريم | 200مل,ماركة: إيڤا
49506,جلورى | حنة بالشيكاكي والاملا 10 جم - كستنائي | 1 كيس,glory henna with shikaki amla chestnut 10gm w94z,45,EGP,No Brand,العناية بالشعر>صبغات الشعر,in stock,https://chefaa.com:443/eg-ar/nowProduct/glory-henna-with-shikaki-amla-chestnut-10gm-w94z,https://cdn.chefaa.com/filters:format(webp)/public/uploads/products/glory-henna-with-shikaki-amla-chestnut-10gm-nv7f-01730018738.png,https://cdn.chefaa.com/filters:format(webp)/public/uploads/products/glory-henna-with-shikaki-amla-chestnut-10gm-nv7f-01730018738.png,مميزات المنتج   جلورى | حنة بالشيكاكي والاملا 10 جم - كستنائي | 1 كيس,raw_specs: المواصفات
28963,بليس | كريم يترك على زبدة الشيا | 250مل,bless leave cream shea butter 250gm 3sbb,85,EGP,بليس,العناية بالشعر>,in stock,https://chefaa.com:443/eg-ar/nowProduct/bless-leave-in-cream-shea-butter-250gm-3sbb,https://cdn.chefaa.com/filters:format(webp)/public/uploads/products/bless-leave-in-cream-shea-butter-250gm-xfjz-01681248095.png,https://cdn.chefaa.com/filters:format(webp)/public/uploads/products/bless-leave-in-cream-shea-butter-250gm-xfjz-01681248095.png,مميزات المنتج   بليس | كريم يترك على زبدة الشيا | 250مل,ماركة: بليس
2954,هيربل ايسنسز | شامبو بيو رينيو هايدريت بحليب جوز الهند | 400مل,herbal essences biorenew shampoo coconut milk 400ml,275,EGP,هيربل اسنسز,العناية بالشعر>,in stock,https://chefaa.com:443/eg-ar/nowProduct/herbal-essences-biorenew-shampoo-coconut-milk-400ml,https://cdn.chefaa.com/filters:format(webp)/public/uploads/products/herbal-essences-biorenew-shampoo-coconut-milk-400ml-01719916002.png,https://cdn.chefaa.com/filters:format(webp)/public/uploads/products/herbal-essences-biorenew-shampoo-coconut-milk-400ml-01719916002.png,مميزات المنتج   هيربل ايسنسز | شامبو بيو رينيو هايدريت بحليب جوز الهند | 400مل,ماركة: هيربل اسنسز
21317,صبغة لوريال اكسلانس آش سوبريم | مقاومة للنحاس | 9.12 لؤلؤة باردة أشقر فاتح جدًا,loreal paris excellence ash supreme antibrass permanent hair colour cool pearl very light blonde zgsb,297,EGP,لوريال باريس,العناية بالشعر>,in stock,https://chefaa.com:443/eg-ar/nowProduct/loreal-paris-excellence-ash-supreme-antibrass-permanent-hair-colour-9-12-cool-pearl-very-light-blonde-zgsb,https://cdn.chefaa.com/filters:format(webp)/public/uploads/products/loreal-paris-excellence-ash-supreme-antibrass-permanent-hair-colour-9-12-cool-pearl-very-light-blonde-fuur-01656446394.png,https://cdn.chefaa.com/filters:format(webp)/public/uploads/products/loreal-paris-excellence-ash-supreme-antibrass-permanent-hair-colour-9-12-cool-pearl-very-light-blonde-fuur-01656446394.png,مميزات المنتج   تتميز صبغة لوريال اكسلانس بما يلي: أحد أشهر العلامات التجارية في صبغ الشعر. توفر تغطية للشيب بنسبة 100%. تكسب الشعر ألواناً لامعة وزاهية. لا تسبب تلف الشعر وتدوم لفترة طويلة. يتوفر منها درجات عديدة تناسب ألوان الشعر المختلفة. سعر صبغة لوريال اكسلانس مناسب مقارنة بفوائدها للشعر.   عن هذا المنتج     مم تتكون صبغة لوريال اكسلانس   تحتوي عبوة لوريال صبغة على:  سيروم حماية للشعر.  كريم تلوين.  شامبو.  ماسك حماية للشعر بعد الصبغة.  حجم Loreal excellence  تتوفر Loreal excellence بحجم 250 مل.  سعر صبغة لوريال اكسلانس   يتراوح سعر صبغة لوريال اكسلانس ما بين 180 إلى 245 جنيه مصري.  يوصى باستعمال صبغة لوريال اكسلانس ل  لوريال اكسلانس صبغة مناسبة لمن يريدون الحصول على لون شعر مختلف وجذاب بدون حدوث تلف أو ضرر للشعر، فهي تمنح شعرك مظهرًا أكثر جاذبية ولمعانًا.,ماركة: لوريال باريس
60236,سيروم تريتو للشعر المعالج والتالف من انفنتي | 120 مل,infinity treato serum anti breakage hair serum 120ml fptb vt3n_duuqdpfU,260,EGP,إنفينيتي,العناية بالشعر>ترطيب وعلاج الشعر,in stock,https://chefaa.com:443/eg-ar/nowProduct/infinity-treato-serum-anti-breakage-hair-serum-120ml-fptb-vt3n_duuqdpfU,https://cdn.chefaa.com/filters:format(webp)/public/uploads/products/infinity-treato-serum-anti-breakage-hair-serum-120ml-fptb-vt3n-01722345054.png,https://cdn.chefaa.com/filters:format(webp)/public/uploads/products/infinity-treato-serum-anti-breakage-hair-serum-120ml-fptb-vt3n-01722345054.png,مميزات المنتج   يتميز سيروم تريتو للشعر بما يلي: غني بمكونات ترطيب عميقة تساعد على تغذية الشعر وترطيبه بشكل فعال. يساعد على إصلاح التلف الناتج عن التصفيف الحراري أو المعالجات الكيميائية. يساعد على تقوية بنية الشعر وزيادة مرونته، مما يقلل من انكسار الشعر وتقصفه. يحمي الشعر من التلف والتأثيرات الضارة للبيئة. يحتوي على معامل حماية من الشمس SPF30. يمنح الشعر مظهرًا صحيًا ولامعًا، كما يزيد من نعومته ويسهل تسريحه. يقلل التقصف وهيشان الشعر. له قوام خفيف غير دهني مما يسهل امتصاصه. مناسب لجميع أنواع الشعر. سعر سيروم تريتو للشعر مناسب مقارنة بفوائده العديدة للشعر.   عن هذا المنتج     مكونات سيروم تريتو للشعر   يحتوي تريتو سيروم على:  زيت الجوجوبا: يرطب الشعر بعمق ويساعد على تقوية بصيلات الشعر، كما يساعد على تحسين المرونة ولمعان الشعر.  خلاصة الزيتون: غنية بمضادات الأكسدة التي تساعد على حماية الشعر من التلف الناتج عن التلوث والأشعة فوق البنفسجية، كذلك تغذي فروة الرأس وتحسن نمو الشعر.  زيت الروزماري:يعزز تدفق الدم إلى فروة الرأس وبالتالي يحفز نمو الشعر.  زيت الأفعى: يساعد على تقوية بصيلات الشعر وتقليل تساقطه.  فيتامين ه: يحمي الشعر من التلف الناتج عن التصفيف الحراري والعوامل البيئية، ويغذي الشعر ويكسبه المرونة.  حجم Treato serum   يتوفر سيروم تريتو للشعر بحجم 120 مل.  سعر سيروم تريتو للشعر   يتراوح سعر Treato hair serum ما بين 225 إلى 230 جنيه مصري.  يوصى باستعمال سيروم تريتو للشعر ل   سيروم تريتو مناسب لجميع أنواع الشعر فهو يرطب الشعر بعمق وفعالية دون أن يسبب ملمسًا دهنيًا على الشعر، كما يحمي شعرك من التأثيرات البيئية وأشعة الشمس ما يمنحك شعرًا أكثر صحة ونعومة ويزيد من جاذبية وجمال شعرك.  ما هي طريقة استخدام Treato serum؟  بعد غسل الشعر استخدمي كمية مناسبة من السيروم ووزعيها على شعرك بالتساوي.  يمكنك استخدامه على الشعر المبلل أو الجاف.  صففي شعرك بالطريقة المعتادة.  استخدمي السيروم 2-3 مرات أسبوعياً.  ما هي فوائد سيروم انفنتي للشعر؟  يرطب الشعر بعمق.  يغلف الشعر ويحميه من أشعة الشمس والعوامل البيئية الضارة.  يقلل التساقط ويقوي بصيلات الشعر.  يقلل الهيشان ويزيد نعومة الشعر.  يحمي الشعر من التكسر والتقصف.  يجدد حيوية ونعومة الشعر ويكسبه مظهرًا صحيًا.  ما أفضل أنواع السيروم للشعر؟  سيروم لوفيا.  سيروم لوريال.  سيروم فلوكسيا.  سيروم فاتيكا.  سيروم تريتو.  سيروم أليجون.,ماركة: إنفينيتي
23254,بوبانا | حمام كريم بزيت جوز الهند للشعر الجاف | 500مل,bobana hair mask with coconut oil for dry hair 500ml ayy8,170,EGP,بوبانا,العناية بالشعر>,in stock,https://chefaa.com:443/eg-ar/nowProduct/bobana-hair-mask-with-coconut-oil-for-dry-hair-500ml-ayy8,https://cdn.chefaa.com/filters:format(webp)/public/uploads/products/bobana-hair-mask-with-coconut-oil-for-dry-hair-500ml-gd66-01664005049.png,https://cdn.chefaa.com/filters:format(webp)/public/uploads/products/bobana-hair-mask-with-coconut-oil-for-dry-hair-500ml-gd66-01664005049.png,عن هذا المنتج     بوبانا | حمام كريم بزيت جوز الهند للشعر الجاف | 500مل,ماركة: بوبانا
30502,تريتو | كريم ترميم وإصلاح الشعر 3 في 1 | 120مل,treato hair restore repair cream 120ml k2p8,185,EGP,إنفينيتي,العناية بالشعر>,in stock,https://chefaa.com:443/eg-ar/nowProduct/treato-hair-restore-repair-cream-3-in-1-120ml-k2p8,https://cdn.chefaa.com/filters:format(webp)/public/uploads/products/treato-hair-restore-repair-cream-3-in-1-120ml-ndvc-01686168085.png,https://cdn.chefaa.com/filters:format(webp)/public/uploads/products/treato-hair-restore-repair-cream-3-in-1-120ml-ndvc-01686168085.png,مميزات المنتج   تريتو | كريم ترميم وإصلاح الشعر 3 في 1 | 120مل,ماركة: إنفينيتي
21518,أو أر إس | سبراي لمعان الشعر بزيت الزيتون | 85مل,ors olive oil nourishing sheen hair spray 85ml d08o,65,EGP,أو أر إس,العناية بالشعر>,in stock,https://chefaa.com:443/eg-ar/nowProduct/ors-olive-oil-nourishing-sheen-hair-spray-85ml-d08o,https://cdn.chefaa.com/filters:format(webp)/public/uploads/products/ors-olive-oil-nourishing-sheen-hair-spray-85ml-rrgz-01656862581.png,https://cdn.chefaa.com/filters:format(webp)/public/uploads/products/ors-olive-oil-nourishing-sheen-hair-spray-85ml-rrgz-01656862581.png,مميزات المنتج   أو أر إس | سبراي لمعان الشعر بزيت الزيتون | 85مل,ماركة: أو أر إس
889,سترونج فيل سبراي بخاخ لتساقط الشعر من الصيدلية | 220 مل,strong ville vital hair and scalp extra hair tonic spray,185,EGP,سترونج فيل,العناية بالشعر>,in stock,https://chefaa.com:443/eg-ar/nowProduct/strong-ville-vital-hair-and-scalp-extra-hair-tonic-spray,https://cdn.chefaa.com/filters:format(webp)/public/uploads/products/strong-ville-vital-hair-and-scalp-extra-hair-tonic-spray-01674558317.png,https://cdn.chefaa.com/filters:format(webp)/public/uploads/products/strong-ville-vital-hair-and-scalp-extra-hair-tonic-spray-01674558317.png,"مميزات المنتج   يتميز سترونج فيل سبراي (strong ville spray) بالآتي: يساعد على تقوية بصيلات الشعر وتقليل التساقط. تقوية الروابط بين جزيئات الشعر مما يزيد من صحة وقوة البصيلات. يحفز الدورة الدموية في فروة الرأس مما يساعد على زيادة نمو الشعر. قد يُستخدم سترونج فيل للصلع الوراثي إذ له دور في زيادة كثافة الشعر وتقليل الفراغات. سعر سترونج فيل سبراي (strong ville ) مناسب مقارنة بفوائده للشعر.   عن هذا المنتج     مكونات سترونج فيل سبراي للنساء   يحتوي سبراي سترونج فيل (strong ville tonic spray) على: فايبر هانس : يساعد على تقوية بصيلات الشعر. مادة GP4G: تحفز نمو الشعر وتساعد على إطالة الشعر. الكافيين : ينشط الدورة الدموية في البصيلات ويقوي جذور الشعر. فيتامين هـ : مضاد للأكسدة ، يحمى الشعر من التلف وله دور في زيادة قوة ونعومة الشعر. البيوتين : يساعد على تغذية الشعر وتقليل التساقط. سعر سترونج فيل سبراى strong ville سعر سبراي سترونج فيل حوالى 150 جنيه مصرى. "" قد يتغير سعر بخاخ سترونج فيل من وقت لاخر تبعاً لتغير سعره فى الصيدليات "" حجم سبراي سترونج فيل هير تونيك يتوفر بخاخ سترونج فيل (strong ville بخاخ) في الأسواق بحجم 220 مل. يوصى باستعمال سترونج فيل بخاخ لـ: يعد strong ville hair tonic spray مناسباً لأصحاب الشعر الخفيف ومن يعانون من تساقط الشعر، إذ أنه يساعد على تقوية الشعر من الجذور وحتى الأطراف ويساهم في زيادة طول الشعر. طريقة استعمال سترونج فيل سبراي  يوضع بخاخ سترونج فيل على فروة الرأس مباشرة مع التدليك بحركات دائرية لمدة 3 دقائق على الأقل، ويستخدم مرتين يومياً لمدة 3 إلى 4 شهور. أنواع منتجات سترونج فيل (strongville) سترونج فيل كريم. شامبو سترونج فيل. زيت سترونج فيل. سترونج فيل سبراي ما هى عيوب سبراي سترونج فيل ؟  عادةً لا توجد عيوب كثيرة للسبراى او اعراض جانبية خطيرة ولكن قد يسبب جفاف الشعر فى بعض الحالات. ما هى فوائد بخاخ سترونج فيل للشعر ؟ strongville hair tonic spray استخدامه للشعر يساعد على تغذية فروة الرأس وتحفيز نمو الشعر. ما هى فوائد سترونج فيل للصلع الوراثي ؟ يساعد السبراى على تغذية بصيلات الشعر وفروة الرأس ولكنه ليس علاجاً فعالا للصلع الوراثى. ما افضل بخاخ لتساقط الشعر من الصيدلية ؟ بخاخ فيشي ديركوس للشعر روجين بخاخ للشعر بخاخ سترونج فيل للشعر  سيروبايب سبراي لنمو الشعر.",ماركة: سترونج فيل
2322,إيڤا هير كلينيك كيراتين | سيرم اي كيراتين | 100مل,eva ekeratin protective serum 100ml,200,EGP,إيڤا,العناية بالشعر>,in stock,https://chefaa.com:443/eg-ar/nowProduct/eva-ekeratin-uv-protective-serum-100ml,https://cdn.chefaa.com/filters:format(webp)/public/uploads/products/eva-ekeratin-uv-protective-serum-100ml-01721412624.png,https://cdn.chefaa.com/filters:format(webp)/public/uploads/products/eva-ekeratin-uv-protective-serum-100ml-01721412624.png,مميزات المنتج   يغلف الشعر بطبقة حماية من عوامل الجو والأتربة والرطوبة وأشعة الشمس الضارة. يجعل الشعر لامع وسهل التصفيف.,ماركة: إيڤا
1799,صانسيلك | بلسم قوة ولمعان | 350مل,sunsilk conditioner shine strength 350ml,140,EGP,صانسيلك,العناية بالشعر>شامبو وبلسم,in stock,https://chefaa.com:443/eg-ar/nowProduct/sunsilk-conditioner-shine-strength-350ml,https://cdn.chefaa.com/filters:format(webp)/public/uploads/products/sunsilk-conditioner-shine-strength-350ml-01656256759.png,https://cdn.chefaa.com/filters:format(webp)/public/uploads/products/sunsilk-conditioner-shine-strength-350ml-01656256759.png,عن هذا المنتج     ﻿ ﻿ ﻿ ﻿ ﻿ ﻿ يحتوي على تقنية Straight-Lock الرائعة ، التي تتحكم بنشاط في كل خصلة وتحافظ عليها محاطة تمامًا أثناء تجفيفها.,ماركة: صانسيلك
2922,هيد أند شولدرز | شامبو ضد القشرة أنيق ونظيف | 400مل,head shoulders classic clean anti dandruff shampoo 400ml,250,EGP,هيد اند شولدرز,العناية بالشعر>,in stock,https://chefaa.com:443/eg-ar/nowProduct/head-shoulders-classic-clean-anti-dandruff-shampoo-400ml,https://cdn.chefaa.com/filters:format(webp)/public/uploads/products/head-shoulders-classic-clean-anti-dandruff-shampoo-400ml-01724056336.png,https://cdn.chefaa.com/filters:format(webp)/public/uploads/products/head-shoulders-classic-clean-anti-dandruff-shampoo-400ml-01724056336.png,مميزات المنتج   هيد أند شولدرز | شامبو ضد القشرة أنيق ونظيف | 400مل,ماركة: هيد اند شولدرز
23168,بندولين | اسبراى لنمو الشعر | 250ملى,penduline hair growth spray 250ml e7yz,165,EGP,بندولين,العناية بالشعر>,in stock,https://chefaa.com:443/eg-ar/nowProduct/penduline-hair-growth-spray-250ml-e7yz,https://cdn.chefaa.com/filters:format(webp)/public/uploads/products/penduline-hair-growth-spray-250ml-e7yz-01717072720.png,https://cdn.chefaa.com/filters:format(webp)/public/uploads/products/penduline-hair-growth-spray-250ml-e7yz-01717072720.png,مميزات المنتج   بندولين | اسبراى لنمو الشعر | 250ملى,ماركة: بندولين
20834,دابر أملا | زيت الياسمين للشعر | 270مل,dabur amla jasmine hair oil nourishing hair oil aaaw,110,EGP,دابر أملا,العناية بالشعر>,in stock,https://chefaa.com:443/eg-ar/nowProduct/dabur-amla-jasmine-hair-oil-nourishing-hair-oil-270-ml-aaaw,https://cdn.chefaa.com/filters:format(webp)/public/uploads/products/dabur-amla-jasmine-hair-oil-nourishing-hair-oil-270-ml-no4l-01655373701.png,https://cdn.chefaa.com/filters:format(webp)/public/uploads/products/dabur-amla-jasmine-hair-oil-nourishing-hair-oil-270-ml-no4l-01655373701.png,مميزات المنتج   دابر أملا | زيت الياسمين للشعر | 270مل   عن هذا المنتج     دابر أملا | زيت الياسمين للشعر | 270مل,ماركة: دابر أملا
49766,لوريال باريس | ايلفيف شامبو شعر هيالورون نقي | 600مل,lor%C3%A9al paris elvive hyaluron pure purifying shampoo 600ml a7uw,240,EGP,لوريال باريس,العناية بالشعر>شامبو وبلسم,in stock,https://chefaa.com:443/eg-ar/nowProduct/lor%C3%A9al-paris-elvive-hyaluron-pure-purifying-shampoo-600ml-a7uw,https://cdn.chefaa.com/filters:format(webp)/public/uploads/products/loréal-paris-elvive-hyaluron-pure-purifying-shampoo-600ml-cdgu-01730280620.png,https://cdn.chefaa.com/filters:format(webp)/public/uploads/products/loréal-paris-elvive-hyaluron-pure-purifying-shampoo-600ml-cdgu-01730280620.png,مميزات المنتج   لوريال باريس | ايلفيف شامبو شعر هيالورون نقي | 600مل,ماركة: لوريال باريس
48064,ديفول | هير ستايل كريم | 250جم,divol hair styling cream 250gm m3lj_duBLpuNH,130,EGP,ديفول,العناية بالشعر>ترطيب وعلاج الشعر,in stock,https://chefaa.com:443/eg-ar/nowProduct/divol-hair-styling-cream-250gm-m3lj_duBLpuNH,https://cdn.chefaa.com/filters:format(webp)/public/uploads/products/divol-hair-styling-cream-250gm-m3lj-dublpunh-01772357401.png,https://cdn.chefaa.com/filters:format(webp)/public/uploads/products/divol-hair-styling-cream-250gm-m3lj-dublpunh-01772357401.png,مميزات المنتج   ديفول | هير ستايل كريم | 250جم,ماركة: ديفول
30443,زيت فازلين تونك للشعر | 100مل,vaseline hair tonic intensive 100ml 21um,100,EGP,فازلين,العناية بالشعر>,in stock,https://chefaa.com:443/eg-ar/nowProduct/vaseline-hair-tonic-intensive-100ml-21um,https://cdn.chefaa.com/filters:format(webp)/public/uploads/products/vaseline-hair-tonic-intensive-100ml-3p67-01686082360.png,https://cdn.chefaa.com/filters:format(webp)/public/uploads/products/vaseline-hair-tonic-intensive-100ml-3p67-01686082360.png,مميزات المنتج   يتميز زيت فازلين تونك للشعر بما يلي: يمنح شعرك مظهرًا أنيقًا وصحيًا يدوم طوال اليوم. يسهل تمشيط الشعر ويحميه من الهيشان. يكسب الشعر المزيد من النعومة واللمعان. غني بالزيوت الطبيعية التي تعزز نمو الشعر وتكسبه القوة. له قوام خفيف ولا يسبب ملمسًا دهنيًا للشعر. سعر زيت فازلين تونك للشعر مناسب مقارنة بحجمه وفوائده العديدة للشعر.   عن هذا المنتج     مكونات زيت فازلين تونك للشعر   يحتوي زيت فازلين على:  زيت معدني: يرطب الشعر ويكسبه النعومة واللمعان.  بنزيل بنزوات: يزيد نعومة الشعر ويحارب الفطريات وقشرة الرأس.  سيترونيللول: يحمي الشعر من الجفاف ويساعد على ترطيب فروة الرأس.  جيرانويل: مكون أساسي في زيت الورد يساهم في ترطيب الشعر وإكسابه مظهر أكثر صحة وحيوية.  ليمونين: غني بفيتامين سي وهو يعزز نمو الشعر ويقوي البصيلات ويحافظ على صحة فروة الرأس.  حجم Vaseline oil hair tonic  يتوفر vaseline oil hair tonic بحجم 300 مل.  يوصى باستعمال زيت فازلين تونك للشعر ل  زيت فازلين توونك للشعر مناسب لجميع أنواع الشعر ويساعدك للحصول على شعر أكثر نعومة وحيوية ويقلل من الهيشان وتقصف الشعر ليمنحك إطلالة أكثر إشراقاً وجاذبية.,ماركة: فازلين
2607,داكس كريم تثبيت للشعر المموج - تثبيت متوسط 99 جم,dax neat waves hair dress cream medium hold 99gm,350,EGP,داكس,العناية بالشعر>,in stock,https://chefaa.com:443/eg-ar/nowProduct/dax-neat-waves-hair-dress-cream-medium-hold-99gm,https://cdn.chefaa.com/filters:format(webp)/public/uploads/products/dax-neat-waves-hair-dress-cream-medium-hold-99gm-01719498647.png,https://cdn.chefaa.com/filters:format(webp)/public/uploads/products/dax-neat-waves-hair-dress-cream-medium-hold-99gm-01719498647.png,مميزات المنتج   ﻿﻿تركيبة خفيفة ترطب الشعر وتناسب جميع أنواع الشعر. تركيبة تمنحك التثبيت المطلوب وسهلة الغسل بالماء.,ماركة: داكس
18208,أنيفاجين | تونك لوشن لشعر النساء | 125مل,anivagene lotion hair tonic woman 125ml rutb,749,EGP,أنيفاجين,العناية بالشعر>,in stock,https://chefaa.com:443/eg-ar/nowProduct/anivagene-lotion-hair-tonic-woman-125ml-rutb,https://cdn.chefaa.com/filters:format(webp)/public/uploads/products/anivagene-lotion-hair-tonic-woman-125ml-zid1-01653420882.png,https://cdn.chefaa.com/filters:format(webp)/public/uploads/products/anivagene-lotion-hair-tonic-woman-125ml-zid1-01653420882.png,مميزات المنتج   أنيفاجين | تونك لوشن لشعر النساء | 125مل,ماركة: أنيفاجين
21113,تريكس | ماسك لترطيب وتغذية الشعر | 150مل,trix hair mask 150ml idxd,267,EGP,تريكس,العناية بالشعر>ترطيب وعلاج الشعر,in stock,https://chefaa.com:443/eg-ar/nowProduct/trix-hair-mask-150ml-idxd,https://cdn.chefaa.com/filters:format(webp)/public/uploads/products/trix-hair-mask-150ml-jrfj-01656237418.png,https://cdn.chefaa.com/filters:format(webp)/public/uploads/products/trix-hair-mask-150ml-jrfj-01656237418.png,مميزات المنتج   تريكس | ماسك لترطيب وتغذية الشعر | 150مل   عن هذا المنتج     تريكس | ماسك لترطيب وتغذية الشعر | 150مل,ماركة: تريكس
18669,بانتين | شامبو برو-في عناية ملكي لإصلاح التلف | 400مل,pantene pro milky damage repair shampoo 400ml pgdp,225,EGP,بانتين,العناية بالشعر>,in stock,https://chefaa.com:443/eg-ar/nowProduct/pantene-pro-v-milky-damage-repair-shampoo-400ml-pgdp,https://cdn.chefaa.com/filters:format(webp)/public/uploads/products/pantene-pro-v-milky-damage-repair-shampoo-400ml-q0wp-01653995851.png,https://cdn.chefaa.com/filters:format(webp)/public/uploads/products/pantene-pro-v-milky-damage-repair-shampoo-400ml-q0wp-01653995851.png,عن هذا المنتج     بانتين | شامبو برو-في عناية ملكي لإصلاح التلف | 400مل,ماركة: بانتين
1718,زيرو فريز | بلسم بالزبدة الثلاثية لترطيب الشعر | 355مل,zero frizz triple butter conditioner,190,EGP,زيرو فريز,العناية بالشعر>شامبو وبلسم,in stock,https://chefaa.com:443/eg-ar/nowProduct/zero-frizz-triple-butter-conditioner,https://cdn.chefaa.com/filters:format(webp)/public/uploads/products/Zw1HUVgAUzAfwlXqV1FruuFopQ4xf4cfomZlNbpR.jpeg,https://cdn.chefaa.com/filters:format(webp)/public/uploads/products/Zw1HUVgAUzAfwlXqV1FruuFopQ4xf4cfomZlNbpR.jpeg,مميزات المنتج   ﻿يساعد على تنعيم التجعد,ماركة: زيرو فريز
62472,هيروتس | سيروم الشعر | 50مل,hairoots serum arganjojoba oilvit 50m djOs,349,EGP,No Brand,العناية بالشعر>ترطيب وعلاج الشعر,in stock,https://chefaa.com:443/eg-ar/nowProduct/hairoots-serum-arganjojoba-oilvit-e-50m-djOs,https://cdn.chefaa.com/filters:format(webp)/public/uploads/products/hairoots-serum-arganjojoba-oilvit-e-50m-djos-01756129665.png,https://cdn.chefaa.com/filters:format(webp)/public/uploads/products/hairoots-serum-arganjojoba-oilvit-e-50m-djos-01756129665.png,مميزات المنتج   هيروتس | سيروم الشعر | 50مل,raw_specs: المواصفات
46133,اليجون هير لوشن لتساقط الشعر alejon hair lotion | ١٥٠ مل,alejon hair repair lotion 150ml s2sg_du4VdMKd,350,EGP,أليجون,العناية بالشعر>ترطيب وعلاج الشعر,in stock,https://chefaa.com:443/eg-ar/nowProduct/alejon-hair-repair-lotion-150ml-s2sg_du4VdMKd,https://cdn.chefaa.com/filters:format(webp)/public/uploads/products/alejon-hair-repair-lotion-150ml-s2sg-01690785123.png,https://cdn.chefaa.com/filters:format(webp)/public/uploads/products/alejon-hair-repair-lotion-150ml-s2sg-01690785123.png,مميزات المنتج   يتميز اليجون هير لوشن alejon hair lotion بما يلي: له تركيبة مميزة تساعد على تقليل تساقط الشعر، فيحتوي على مادة الأمينكسيل (Aminexil 2%) التي تساعد على تقوية بصيلات الشعر ومنع تساقطه. يُعزز من نمو الشعر الصحي ويساعد على ملء الفراغات في فروة الرأس. يعالج الثعلبة وتساقط الشعر الموسمي. يعزز تدفق الدم إلى فروة الرأس، مما يغذي بصيلات الشعر ويدعم صحتها. يتميز بتركيبة مغذية غنية بالزيوت الطبيعية مما يدعم تغذية الشعر ويعزز لمعانه. له ملمس خفيف وغير دهني لذلك يُمتص بسرعة ولا يترك أي طبقة دهنية على الشعر أو فروة الرأس. يمكن استخدامه على جميع أنواع الشعر، سواء كان دهنيًا أو جافًا أو عاديًا. سهل الاستخدام دون الحاجة إلى غسل الشعر بعد استخدامه. سعر اليجون هير لوشن مناسب مقارنة بفوائده العديدة للشعر.   عن هذا المنتج     مكونات اليجون هير لوشن لتساقط الشعر  يحتوي هير لوشن اليجون على:  أمينكسيل (Aminexil 2%): يقوي بصيلات الشعر ويمنع تساقطه.  مستخلص إيزودون تريكوكارپوس (Isodon Trichocarpus Extract): يحفز بصيلات الشعر على النمو ويحميه من التلف.  مستخلص البصل (Allium Cepa Bulb Extract): يحسن الدورة الدموية في فروة الرأس ويحفز نمو الشعر.  الكافيين (Caffeine): يمنع تأثير هرمون DHT المسؤول عن تساقط الشعر كما ينشط الدورة الدموية في فروة الرأس.  البانثينول (Panthenol): يرطب الشعر ويزيد من مرونته ويقلل التلف.  مستخلص أوراق البتولا البيضاء (Betula Alba Leaf Extract): مضاد أكسدة يعزز نمو الشعر و يهدئ فروة الرأس.  فيتامين هـ (Tocopheryl Acetate): مضاد أكسدة قوي يحمي الشعر من التلف ويحفز نموه الصحي.  مستخلص الزعتر (Thymus Vulgaris Extract): يعزز نمو الشعر ويعمل كمضاد للبكتيريا والفطريات.  مستخلص حبة البركة (Nigella Sativa Seed Extract): يغذي بصيلات الشعر ويقويها.  مستخلص زهرة البابونج (Chamomilla Recutita Flower Extract): يعمل على تهدئة فروة الرأس وتقليل الالتهابات.  الأرجينين (Arginine): حمض أميني يساعد على بناء الشعر بشكل صحي.  حمض الفوليك (Folic Acid): يحفز إنتاج خلايا جديدة في فروة الرأس لدعم نمو الشعر.  مستخلص أوراق الجنكو بيلوبا (Ginkgo Biloba Leaf Extract): يعزز تدفق الدم في فروة الرأس ويقوي الشعر.  مستخلص أوراق إكليل الجبل (Rosmarinus Officinalis Leaf Extract): يعزز نمو الشعر ويحسن صحة فروة الرأس.  زيت الأرجان (Argania Spinosa Kernel Oil): يغذي الشعر ويرطبه ويحميه من التقصف.  حجم عبوة alejon hair lotion  يتوفر اليجون هير لوشن بحجم 150 مل.  سعر أليجون هير لوشن   يبلغ سعر هير لوشن اليجون من 280 إلى 350 جنيه مصري (سعر المنتج قد يتغير تبعاً لتحديث سعره في الصيدليات أو حسب العروض المتاحة).  يوصى باستعمال اليجون لوشن للشعر ل   لوشن أليجون مناسب لمن يعانون من الشعر الضعيف والمتساقط كذلك من لديهم فراغات فهو يحفز نمو البصيلات ويغذي الشعر بعمق مما يقلل التساقط ويزيد من كثافة وحيوية الشعر.  طريقة استخدام alejon lotion   يفضل استخدامه على شعر نظيف وجاف أو رطب قليلًا.  رج العبوة جيدًا قبل الاستخدام.  رش 6 بخات على فروة الرأس، مع التركيز على المناطق التي تعاني من التساقط أو الفراغات.  يمكن استخدامه مرة صباحًا ومرة مساءً للحصول على أفضل النتائج.  دلك فروة الرأس بلطف لمدة 1-2 دقيقة بأطراف الأصابع لتعزيز الامتصاص وتنشيط الدورة الدموية.  لا يحتاج إلى شطف الشعر بعد الاستخدام.  ما فوائد alejon hair lotion؟  يقلل تساقط الشعر ويقوي بصيلاته.  يساعد على تحفيز نمو الشعر وتنشيط البصيلات.  يعزز تدفق الدم في فروة الرأس مما يقوي الشعر ويمنع تساقطه.  يغذي الشعر بالزيوت الطبيعية ويمنحه الصحة واللمعان.  يعالج الثعلبة وتساقط الشعر الموسمي.  يرطب الشعر ويحميه من الجفاف والتلف.  ما أفضل لوشن لتساقط الشعر؟  سترونج فيل لوشن strongville lotion.  كابكسي هير لوشن capixy hair lotion.  ألوكيتا لوشن alokita lotion.  سيروبايب سبراي seropipe spray.  أليجون هير لوشن alejon hair lotion.  إكرينال سبراي ecrinal spray.,ماركة: أليجون
28213,كلاري | بلسم للشعر الجاف والتالف | 300مل,clary conditioner 300ml iehh,320,EGP,كلاري,العناية بالشعر>شامبو وبلسم,in stock,https://chefaa.com:443/eg-ar/nowProduct/clary-conditioner-300ml-iehh,https://cdn.chefaa.com/filters:format(webp)/public/uploads/products/clary-conditioner-300ml-iehh-01715594423.png,https://cdn.chefaa.com/filters:format(webp)/public/uploads/products/clary-conditioner-300ml-iehh-01715594423.png,مميزات المنتج    يساعد بلسم كلاري (Clary hair conditioner) على: علاج الشعر الجاف والتالف بجانب الشامبو. يغذي الشعر ويمنحه النعومة والترطيب. يحفز نمو الشعر ويقلل من التساقط وذلك لاحتوائه على مادة البروكابيل التي تحفز نشاط بصيلات الشعر الخاملة. لا يحتوي على السلفات، والبارابين، والسيليكون.   عن هذا المنتج     مكونات بلسم كلاري للشعر  يحتوي بلسم كلاري على تركيبة من الزيوت الطبيعية والمواد الفعالة لعلاج الشعر الجاف والتالف، وتشمل:  بروكابيل (procapil): والذي يعزز من الدورة الدموية لفروة الرأس، وينشط بصيلات الشعر الخاملة.  زيت الأرجان (argan oil): يمنح الشعر الترطيب والنعومة.  زيت الزيتون (olive oil): يمد الشعر بالفيتامينات للحفاظ على صحته.  زبدة الشيا (shea butter): تكافح جفاف وتقصف الشعر وتمنحه ترطيبًا ولمعانًا فائقا.  مستخلص الكافيار (caviar extract): يساعد على إصلاح وعلاج الشعر التالف كما يمد الشعر بالفيتامينات الحيوية لتغذيته والحفاظ على صحته.  حجم Clary Hair Conditioner  يتوفر بلسم كلاري في الصيدليات في عبوة بحجم 300 مل. يوصى باستعمال  بلسم Clary  يوصَى باستعمال بلسم كلاري للشعر الجاف والتالف لما له من دور في علاج جفاف وتقصف الشعر؛ إذ يحتوي على مجموعة من المكونات الطبيعية مثل زيت الأرجان، والزيتون، وزبدة الشيا، والكافيار والتي تمنح الشعر الترطيب المثالي وتعيد له لمعانه وحيويته.  طريقة استخدام بلسم كلاري  يتم وضع كمية مناسبة من بلسم كلاري على الشعر المبلل مع الابتعاد عن فروة الرأس بعد غسله بالشامبو، ثم يُشطف بالماء بعد بضع دقائق.   يُفضل استخدامه جنبا إلى جنب مع شامبو كلاري للحصول على أفضل النتائج.   ما هى فوائد بلسم كلاري ؟  علاج جفاف وتقصف الشعر.  إمداد الشعر بالفيتامينات الحيوية اللازمة لتغذيته والحفاظ على صحته.  منح الشعر لمعانًا وترطيبًا عاليًا.  حماية وتغذية الشعر من الجذور حتى الأطراف.  ما هى مجموعة كلاري للشعر ؟  تتضمن منتجات كلاري الشعر ما يلي:  شامبو كلاري للشعر | 300 مل.   بلسم كلاري للشعر | 300 مل.  كلاري هير ماسك للشعر الجاف | 300 مل.  كلاري ماء الكيراتين لشعر أكثر نعومة | 200 مل.  هير ميست معطر الشعر من كلاري | 200 مل.  هير ميست مع عامل حماية +50 لحماية الشعر من أشعة الشمس الضارة | 120 مل.  كلاري كريم ليف ان للشعر | 300 جرام.  سيروم كلاري للشعر | 100 مل.  سكراب فريش مقشر لفروة الرأس لإزالة الأتربة من فروة الرأس، ويُستخدم قبل الشامبو على شعر مبلل | 300 مل.  كلاري بوستر شوت لتقليل تساقط الشعر | 30 مل.  ما سعر مجموعة كلاري للشعر ؟  إليكِ سعر كل منتج من مجموعة كلاري للشعر:  شامبو كلاري للشعر وسعره 250 جنيه مصري.  هير ماسك كلاري وسعره 310 جنيه مصري.  سيروم كلاري للشعر وسعره 295 جنيه مصري.  بلسم كلاري للشعر وسعره 255 جنيه مصري.  كلاري سكراب مقشر لفروة الرأس وسعره 270 جنيه مصري.  هير ميست كلاري مع عامل حماية من أشعة الشمس SPF +50 وسعره 290 جنيه مصري.  كريم كلاري ليف ان للشعر وسعره 250 جنيه مصري.  هير ميست كلاري معطر للشعر وسعره 200 جنيه مصري.   بوستر شوت كلاري لعلاج تساقط الشعر وسعره 450 جنيه مصري.  كلاري ماء الكيراتين للشعر وسعره 225 جنيه مصري.  ما هي افضل انواع البلسم للشعر الجاف ؟  بلسم فيتشي دركوس للشعر الجاف (Vichy Dercos conditioner).  بلسم دوف للشعر الجاف (Dove conditioner).  ريدكين بلسم للشعر الجاف (Redken all soft conditioner).  بلسم كلاري للشعر الجاف والتالف (Clary hair conditioner).,ماركة: كلاري
1588,لوريال باريس | صبغة شعر برودجي بدون أمونيا | 6.0 أشقر غامق,prodigy ammonia free hair color blonde fonce,430,EGP,لوريال باريس,العناية بالشعر>,in stock,https://chefaa.com:443/eg-ar/nowProduct/prodigy-ammonia-free-hair-color-60-blonde-fonce,https://cdn.chefaa.com/filters:format(webp)/public/uploads/products/prodigy-ammonia-free-hair-color-60-blonde-fonce-01650676159.png,https://cdn.chefaa.com/filters:format(webp)/public/uploads/products/prodigy-ammonia-free-hair-color-60-blonde-fonce-01650676159.png,"مميزات المنتج   فاتح, ذهبي, بني, طبيعي, دائمة, خالي من الأمونيا, يغذي,لوريال, صبغة شعر, لون صبغه, العناية بالشعر, تسريحه شعر, كونسيلر,فاتح, مستحضر تجميل , شعر كوافير, مجعد, ناعم, لامع, الجمال, منتج, زيت , كريم, يعالج, بلسم , ابيض,   عن هذا المنتج     ﻿ تتميز هذه الصبغة بتقنية جزئيات الزيوت الجديدة التي تمنحك مزيج من الألوان لمظهر طبيعي وجذاب حيث تتغلغل الألوان من الجذور حتى الأطراف. كما أنها تحسن من ملمس الشعر وتتركه أكثر نعومة وصحة. مزودة بتقنية جزئيات الزيوت لون مذهل، خصلات متألقة تمنحك ملمس استثنائي للشعر لمعة جذابة خالية من الأمونيا   ﻿",ماركة: لوريال باريس
21831,فاتيكا | ماسك وكريم معالج للشعر بالثوم ناتشورالز | 1كجم,vatika hammam cream garlic 1kg t4l5,135,EGP,فاتيكا,العناية بالشعر>ترطيب وعلاج الشعر,in stock,https://chefaa.com:443/eg-ar/nowProduct/vatika-hammam-cream-garlic-1kg-t4l5,https://cdn.chefaa.com/filters:format(webp)/public/uploads/products/vatika-hammam-cream-garlic-1kg-sqie-01658152980.png,https://cdn.chefaa.com/filters:format(webp)/public/uploads/products/vatika-hammam-cream-garlic-1kg-sqie-01658152980.png,مميزات المنتج   فاتيكا | ماسك وكريم معالج للشعر بالثوم ناتشورالز | 1كجم   عن هذا المنتج     فاتيكا | ماسك وكريم معالج للشعر بالثوم ناتشورالز | 1كجم,ماركة: فاتيكا
1148,دوف | بلسم بالافندر | 350 مل,dove thickening ritual conditioner lavender,175,EGP,دوف,العناية بالشعر>شامبو وبلسم,in stock,https://chefaa.com:443/eg-ar/nowProduct/dove-thickening-ritual-conditioner-lavender,https://cdn.chefaa.com/filters:format(webp)/public/uploads/products/1609150545dove-conditioner-reviewjpeg,https://cdn.chefaa.com/filters:format(webp)/public/uploads/products/1609150545dove-conditioner-reviewjpeg,"مميزات المنتج   دوف | بلسم بالافندر | 350 مل   عن هذا المنتج     بلسم دوف يغذى الشعر ويقضي على تشابك الشعر ويجعله سهل التسريح ويمنحه النعومة واللمعان   مكونات بلسم دوف بالافندر لزيادة كثافة الشعر دايميثيكون ( السيليكون ) :  يعمل كمرطب لعلاج أو منع جفاف الشعر   كحول السيتريل : يستخدم كمادة مضافة للبلسم لجعل البلسم أكثر سهولة عند توزيعه على الشعر   جليسرين : مرطب للشعر   سلفات الصوديوم : تساعد على تنظيف الشعر من الشوائب   أرجينين : حمض أمينى يعزز نمو الشعر   عطر     مميزات Dove thickening ritual conditioner lavender     يغذي الشعر   يرطب الشعر بعمق    يمنع جفاف وهيشان الشعر   يترك شعرك منتعشاً ولامعاً     طريقة استعمال بلسم دوف      اغسل شعرك بالشامبو   استخدم كمية البلسم الموصى بها على العبوة   وزع البلسم بالتساوي على أطراف شعرك   مرر أصابعك أو مشطًا واسع الأسنان على أطراف شعر لتوزيع البلسم .     "" يوضع على الشعر المبلل بعد غسل الشعر بالشامبو والتدليك والشطف جيداً ويتم وضعه على أطراف الشعر وليس على فروة الرأس ""   سعر بلسم دوف في مصر   يبلغ سعر dove conditioner حوالي 58 جنيه مصرى "" قد يتغير السعر من مكان لآخر ومن وقت لآخر ""   حجم  dove conditioner    يتوافر البلسم بحجم 350 مل    أنواع بلسم دوف     بلسم دوف عناية يومية     يغذي الشعر ويرطبه ويمنح الشعر النعومة واللمعان     بلسم دوف بالزيوت المغذية للشعر الجاف والخشن     بفضل تركيبته التي تحتوي على زيوت مغذية خفيفة، يغذي الشعر ويجعله لامعاً.     بلسم دوف إصلاح مكثف للشعر التالف     يساهم في تغذية الشعر ويصلح التلف ليبدو الشعر صحياً وقوياً.     بلسم دوف باللافندر     يغذي الشعر ويجعله أكثر كثافة ويمنحه رائحة منعشة.      بلسم للشعر المتساقط     بلسم لمنع تساقط الشعر، ليمنحك شعر أكثر كثافة بشكل ملحوظ   أفضل كريم للشعر الجاف بعد الاستحمام     داكس كريم مرطب للشعر الجاف بعد الاستحمام   لوريال الفيف كريم للشعر الجاف والمجعد بعد الاستحمام   بوجونوفايل واكس للشعر   واكس الشعر من بالمرز     أحسن بلسم للشعر الجاف والخشن والمجعد     Vichy Dercos بلسم مرطب للشعر الجاف   ايفر ستريت بلسم الشعر بالكيراتين   تريتو بلسم للشعر المجعد   بلسم دوف للشعر الجاف     كيراتين كيور بلسم للشعر الخشن     هل يمكن استخدام بلسم الشعر كل يوم؟   على عكس الشامبو ، يمكن استخدام البلسم كل يوم ، لأنه يعيد ترطيب الشعر ويجدد العناصر الغذائية.    ماذا يحدث إذا لم يتم غسل الشعر بعد البلسم؟   يمكن أن يصبح شعرك دهني ولزج نتيجة تراكم مكونات البلسم وعدم غسله    هل يجب استخدام بلسم الشعر ؟   يمكن أن يؤدي غسل شعرك بالشامبو يوميًا إلى تقصف وجفاف الشعر ويساعد بلسم الشعر على حماية شعرك من الجفاف والذى يجعله أكثر عرضة للتجعد والتكسر ، لذا يُفضل استخدام بلسم الشعر   كم من الوقت يجب أن ترك البلسم على الشعر؟   يجب ترك البلسم لمدة ثلاث دقائق على الأقل.   ما مقدار كمية البلسم التي يجب استخدامها؟   يجب عليك استخدام البلسم في كل مرة تغسل فيها شعرك. إذا كان شعرك شديد التجعد أو جاف أو تالف ،وتعتمد كمية البلسم التي تستخدمها على  طول  ونوع شعرك.      إذا كان شعرك قصيرًا ، يجب أن تستخدم القليل من البلسم بحجم حبة توت واحدة تقريبًا.   إذا كان شعرك بطول كتفيك ، يجب أن تستخدم كمية بحجم حبتين من التوت.   إذا كان شعرك طويلًا ، يمكنك استخدام كمية تعادل حجم ثلاث حبات من التوت.   إذا كان شعرك ناعمًا أو خفيفًا ، يجب استخدام كمية أقل من البلسم والتركيز على أطراف شعرك.   إذا كان شعرك كثيفًا أو مجعدًا ، فقد تحتاج إلى استخدام المزيد من البلسم للتأكد من اختراق البلسم لكل خصلة      مشطي شعرك بمشط واسع الأسنان لفك تشابك الشعر وضمان توزيع البلسم بشكل متساوي",ماركة: دوف
1662,غارنييه | صبغة شعر كولور ناتشرالز كريم | 6.1 أشقر غامق رمادي,color naturals hair color dark ash blonde,146,EGP,غارنييه,العناية بالشعر>صبغات الشعر,in stock,https://chefaa.com:443/eg-ar/nowProduct/color-naturals-hair-color-61-dark-ash-blonde,https://cdn.chefaa.com/filters:format(webp)/public/uploads/products/color-naturals-hair-color-61-dark-ash-blonde-01722775460.png,https://cdn.chefaa.com/filters:format(webp)/public/uploads/products/color-naturals-hair-color-61-dark-ash-blonde-01722775460.png,"مميزات المنتج   غارنييه | صبغة شعر كولور ناتشرالز كريم | 6.1 أشقر غامق رمادي   عن هذا المنتج     ﻿ Garnier Color Naturals is a permanent colour cream enriched with Olive oil, that nourishes the hair as it colours.  Your hair is deeply nourished, your colour is richer, more uniform and shinier . The second ratio of olive oil in the conditioner is a real treatment for your hair. Your hair is soft and your colour radiant ... And there is no grey hair. Garnier color Naturals is an improved colour cream with olive oil. The after care enriched with a second ratio of olive oil doesn't drip and nourishes your hair deeply after colouring. The creamy texture of Garnier Color Naturals is easy to apply with brush. You can't go Wrong ! Get easily a profesional result at home.   Color: Dark Ash Blonde 6.1 Nourishes hair Gives a better color With olive oil",ماركة: غارنييه
18207,ايفري ستراند | ماسك مرطب للشعر بالشيا وزيت جوز الهند | 425جم,every strand deep moisture hair masque with shea and coconut oil 425ml ml6g,659.9,EGP,ايفري ستراند,العناية بالشعر>ترطيب وعلاج الشعر,in stock,https://chefaa.com:443/eg-ar/nowProduct/every-strand-deep-moisture-hair-masque-with-shea-and-coconut-oil-425ml-ml6g,https://cdn.chefaa.com/filters:format(webp)/public/uploads/products/every-strand-deep-moisture-hair-masque-with-shea-and-coconut-oil-425ml-ml6g-01721495675.png,https://cdn.chefaa.com/filters:format(webp)/public/uploads/products/every-strand-deep-moisture-hair-masque-with-shea-and-coconut-oil-425ml-ml6g-01721495675.png,مميزات المنتج   يساعد على إصلاح الشعر المتضرر نتيجة استخدام المواد الكيميائية ومنتجات الفرد والصبغات والحرارة وأدوات التصفيف. يوفر ترطيب عميق ومكثف للشعر ويحميه من الجفاف. يُكسب الشعر مزيد من النعومة واللمعان والجاذبية. يتميز بتركيبته سريعة الامتصاص لا تترك أثر لزج أو دهني على الشعر. مناسب لجميع أنواع الشعر. خالي من البارابين والسلفات والديثانولامين (DEA).   عن هذا المنتج     مكونات ايفري ستراند  ماسك مرطب للشعر: زيت جوز الهند: يعمل على ترطيب وتقوية الشعر وتسهيل تصفيفه وجعله أكثر نعومة. زبدة الشيا: تعمل على ترطيب وإصلاح الشعر التالف والجاف. فيتامين هـ: يعمل على إصلاح تلف الشعر وتقويته للحصول على شعر أكثر كثافة وصحة. الجلسرين: يحافظ على ترطيب الشعر وفروة الرأس. ثنائي الميثيكون: يعمل على الحفاظ على رطوبة الشعر. سيكلوبنتاسيلوكسان: نوع من السيليكون يساعد على تنعيم وترطيب الشعر وتقليل الهيشان. بيهينتريمونيوم ميثوسلفات: مادة مشتقة من زيت الكانولا ،تعمل على ترطيب وفك تشابك الشعر وتسهيل تصفيفه. حجم Every Strand Shea & Coconut Oil Deep Moisture Hair Masque: يتوفر بحجم 425 جم. يوصي به: ايفري ستراند ماسك الشعر مناسب لجميع أنواع الشعر الذي يعاني من الضرر والتلف نتيجة استخدام المواد الكيميائية ومنتجات الفرد والصبغات والحرارة وأدوات التصفيف حيث يعمل على ترطيب الشعر وإصلاح الشعر التالف والمتضرر وجعله أكثر نعومة ولمعان وصحة.,ماركة: ايفري ستراند
2401,فيشي | ديركوس دنسي سوليوشنز شامبو لتعزيز كثافة الشعر الخفيف | 250 مل,vichy dercos densi solutions thickening shampoo 250ml,789,EGP,فيشي,العناية بالشعر>,in stock,https://chefaa.com:443/eg-ar/nowProduct/vichy-dercos-densi-solutions-thickening-shampoo-250ml,https://cdn.chefaa.com/filters:format(webp)/public/uploads/products/vichy-dercos-densi-solutions-thickening-shampoo-250ml-01694932799.png,https://cdn.chefaa.com/filters:format(webp)/public/uploads/products/vichy-dercos-densi-solutions-thickening-shampoo-250ml-01694932799.png,مميزات المنتج   فيشي ديركوس دنسي سوليوشنز شامبو لتعزيز كثافة الشعر الخفيف | 250 مل   عن هذا المنتج     مكونات شامبو فيشي ديركوس دنسي سوليوشنز:     رامنوز : يعمل على تحسين فروة الرأس وتعزيز كثافة الشعر.   فيلوكسان: يعمل على تقوية الشعر.   كومنت كبريتات لوريث الصوديوم: مادة تعمل على تنظيف الشعر وفروة الرأس.     مميزات فيشي ديركوس دنسي سوليوشنز شامبو الشعر الخفيف:     يعمل على زيادة سمك وكثافة الشعر خلال 6 أسابيع.   يتميز أنه شامبو علاجي يعمل على تحفيز نمو الشعر وتقليل التساقط والفراغات.   يمنح الشعر مزيد من اللمعان والصحة.   يعمل على تنظيف فروة الرأس والشعر بعمق وفاعلية.   يعمل على تقليل ضعف وترقق الشعر.   يساعد على تنشيط الشعر من الجذور حتى الأطراف وجعله أكثر قوة.   مناسب لفروة الرأس الحساسة.   خالي من البارابين.   تم اختباره من قبل أطباء الجلدية.     حجم Vichy Dercos Densi-Solutions Thickening Shampoo:     يتوفر بحجم 250 مل.     يوصي به:   الشامبو مناسب لأصحاب الشعر الضعيف والخفيف حيث يعمل على تعزيز كثافة الشعر وتحفيز نموه وجعله أكثر قوة وصحة، كما يعمل على علاج ترقق وضعف الشعر وإكسابة مزيد من الحيوية.,ماركة: فيشي
18383,باليت | كريم صبغة الشعر انتنسيف كولور 10-1 أشقر فضي قطبي | 50مل,palette intensive color cream arctic silver blonde 50ml geyr,123,EGP,باليت,العناية بالشعر>صبغات الشعر,in stock,https://chefaa.com:443/eg-ar/nowProduct/palette-intensive-color-cream-10-1-arctic-silver-blonde-50ml-geyr,https://cdn.chefaa.com/filters:format(webp)/public/uploads/products/palette-intensive-color-cream-10-1-arctic-silver-blonde-50ml-geyr-01653555979.png,https://cdn.chefaa.com/filters:format(webp)/public/uploads/products/palette-intensive-color-cream-10-1-arctic-silver-blonde-50ml-geyr-01653555979.png,مميزات المنتج   باليت | كريم صبغة الشعر انتنسيف كولور 10-1 أشقر فضي قطبي | 50مل,ماركة: باليت
46399,ألو إيفا | بديل الزيت المقوي للشعر بالصبار وزيت الأرجان | 250 مل,aloe eva strenghthening hair oil replacement with aloe vera and argan oil 250ml kwhf_dubbltyf,100,EGP,إيڤا,العناية بالشعر>ترطيب وعلاج الشعر,in stock,https://chefaa.com:443/eg-ar/nowProduct/aloe-eva-strenghthening-hair-oil-replacement-with-aloe-vera-and-argan-oil-250ml-kwhf_dubbltyf,https://cdn.chefaa.com/filters:format(webp)/public/uploads/products/aloe-eva-strenghthening-hair-oil-replacement-with-aloe-vera-and-argan-oil-250ml-9pbl-01701701792.png,https://cdn.chefaa.com/filters:format(webp)/public/uploads/products/aloe-eva-strenghthening-hair-oil-replacement-with-aloe-vera-and-argan-oil-250ml-9pbl-01701701792.png,مميزات المنتج   آلو إيڤا بديل الزيت للشعر يحتوي على مزيج من الصبار و زيت الأرجان المغربي الذي يترك شعرك لامعآ وصحيآ مع تقليل الاطراف المقصفة وهيشان أقل.,ماركة: إيڤا
18319,أنيفاجين | ماسك شعر للشعر الجاف | 125مل,anivagene hair mask for dry hair 125ml smrr,599,EGP,أنيفاجين,العناية بالشعر>,in stock,https://chefaa.com:443/eg-ar/nowProduct/anivagene-hair-mask-for-dry-hair-125ml-smrr,https://cdn.chefaa.com/filters:format(webp)/public/uploads/products/anivagene-hair-mask-for-dry-hair-125ml-ekgx-01653489347.png,https://cdn.chefaa.com/filters:format(webp)/public/uploads/products/anivagene-hair-mask-for-dry-hair-125ml-ekgx-01653489347.png,مميزات المنتج   أنيفاجين | ماسك شعر للشعر الجاف | 125مل,ماركة: أنيفاجين
46604,رو افريكان | شامبو بزيت الارجان | 300مل,raw african argan oil shampoo 300ml nczt_duEtxBeA,200,EGP,رو أفريكان,العناية بالشعر>شامبو وبلسم,in stock,https://chefaa.com:443/eg-ar/nowProduct/raw-african-argan-oil-shampoo-300ml-nczt_duEtxBeA,https://cdn.chefaa.com/filters:format(webp)/public/uploads/products/raw-african-argan-oil-shampoo-300ml-nczt-duetxbea-01748345799.png,https://cdn.chefaa.com/filters:format(webp)/public/uploads/products/raw-african-argan-oil-shampoo-300ml-nczt-duetxbea-01748345799.png,مميزات المنتج   رو افريكان | شامبو بزيت الارجان | 300مل,ماركة: رو أفريكان
45735,تويست اند جو | شامبو لتعزيز كثافة الشعر | 250مل,twist volumizing shampoo 250ml 3qwr_du8qAeaF,280,EGP,تويست اند جو,العناية بالشعر>شامبو وبلسم,in stock,https://chefaa.com:443/eg-ar/nowProduct/twist-go-volumizing-shampoo-250ml-3qwr_du8qAeaF,https://cdn.chefaa.com/filters:format(webp)/public/uploads/products/twist-go-volumizing-shampoo-250ml-dgun-01716294785.png,https://cdn.chefaa.com/filters:format(webp)/public/uploads/products/twist-go-volumizing-shampoo-250ml-dgun-01716294785.png,عن هذا المنتج     تويست اند جو | شامبو لتعزيز كثافة الشعر | 250مل,ماركة: تويست اند جو
1179,سيروبايب | سبراي لنمو الشعر | 200مل,seropipe hair spray hair growth accelerator,265,EGP,سيروبايب,العناية بالشعر>,in stock,https://chefaa.com:443/eg-ar/nowProduct/seropipe-hair-spray-hair-growth-accelerator,https://cdn.chefaa.com/filters:format(webp)/public/uploads/products/seropipe-hair-spray-hair-growth-accelerator-01769436608.png,https://cdn.chefaa.com/filters:format(webp)/public/uploads/products/seropipe-hair-spray-hair-growth-accelerator-01769436608.png,"مميزات المنتج   ﻿﻿سيروبايب سبراي ( seropipe hair spray) مخصص للشعر الضعيف والمتساقط والخفيف يتميز بتركيبة متطورة تعمل على تغذية وترطيب الشعر من جذوره وتحفز نمو بصيلات الشعر من جديد ليمنحك شعراً أكثر قوة وكثافة.   عن هذا المنتج     مكونات سيروبايب سبراي لنمو الشعر يحتوى سبراي سيروبايب على:     خلاصة الأعشاب الطبيعية التى تساعد على تحفيز نمّو الشعر عن طريق تحفيز بصيلات الشعر وفروة الرأس.   خلاصة القهوة التي تحفز الدورة الدموية في فروة الرأس    زيت الارجان    فيتامين هـ    البيوتين والكيراتين فوائد seropipe hair spray     يعمل على تغذية الشعر وتقويته من الجذور    يمنع تساقط الشعر     يزيد من كثافته.    ترطيب الشعر ترطيب عميق.   يتميز ايضا سيروبايب برائحته العطرة و الجميلة.     seropipe hair spray طريقة استخدامه  يتم رشح ٦ بخات على  فروة الشعر مع تدليك الشعر لمدّة دقيقة أو اثنين مرة يوميًا      حجم سبراي سيروبايب للشعر  يتوافر seropipe spray بحجم 200 مل     seropipe hair spray سعر  سعر سيروبايب سبراي حوالي  220 جنيه مصرى  "" قد يتغير السعر من مكان لآخر ومن وقت لآخر "" seropipe hair spray أضراره ما هى ؟ سيروبايب سبراي للشعر قد يسبب جفاف للشعر فى بعض الحالات. هل بخاخ سيروبايب يطول الشعر؟ يساعد بخاخ سيروبايب على تعزيز نمو الشعر وتطويله. ما أفضل بخاخ لإنبات الشعر وتكثيفة طبيعي ؟ سيروبايب سبراي للصلع الوراثي فيشى سبراى للشعر سبراى كابكسي للشعر  سترونج فيل سبراي الوكيتا بخاخ نمو الشعر       روتين العناية بالشعر المتساقط :     قبل غسل الشعر ،رطبى شعرك بالزيت ودلكيه لمدة 10 دقائق   مشط شعرك بالفرشاة قبل غسل الشعر للتخلص من التشابك    اختاري شامبو يستهدف محاربة تساقط الشعر   استخدمي البلسم بعد غسل شعرك لحماية الشعر من الجفاف   تجنبى مجفف الشعر بالحرارة ، و جففى شعرك في الهواء    تدليك الشعر كل ليلة قبل النوم بأطراف أصابعك لتحفيز الدورة الدموية وجعل الشعر أقوى   مرة واحدة في الأسبوع ، استخدمى قناع شعر يعزز النمو   تخلصي من الأطراف المتقصفة      أفضل طرق لعلاج تساقط الشعر :  هناك طرق لعلاج تساقط الشعر يمكنك القيام بها في المنزل وتكون هذه الطرق مفيدة خاصةً إذا كان سبب تساقط الشعر هو :       تساقط الشعر المؤقت   الضغط العصبى   تصفيف الشعر بقوة   عدم تناول العناصر الغذائية اللازمة لصحة الشعر    ١. تغيير عادات تصفيف الشعر   تجنب ربط الشعر بإحكام ، مثل الضفائر أو الكعك أو ذيل الحصان.   تجنب البكرات الساخنة والمكواة والصبغة والمعالجات الكيميائية الأخرى.   اغسل شعرك برفق أو اغسله بالفرشاة ، وانتقل إلى مشط ذو أسنان واسعة إذا  لزم الأمر لمنع الكثير من الشد في الجذور.    2. ​​التغذية الصحية   انتبه للأطعمة التي تتناولها ،فإن تناول مجموعة متنوعة من الأطعمة الكاملة الغنية بالفيتامينات والمعادن سيساعد في تغذية جسمك والمناطق المسؤولة عن إعادة نمو الشعر. إذا كنت تشك في أنك تعاني من نقص في بعض الفيتامينات ، فقم بزيارة طبيبك لإجراء فحص الدم ومعالجة المشاكل الغذائية الأخرى ، مثل اضطرابات الأكل أو الظروف الصحية التي قد تمنع امتصاص العناصر الغذائية. 3. تناول مكملات الحديد والزنك النقص  في هذه الفيتامينات قد يؤدي إلى تساقط الشعر ، لذا ستحتاج إلى زيارة طبيبك لإجراء فحص الدم للتحقق من مستويات هذه الفيتامينات وإيجاد جرعة مناسبة وفقًا لمستوى نقص .فيتامينات   4. جرب الوخز بالإبر الوخز بالإبر هو شكل من أشكال الطب الصيني يمارس منذ آلاف السنين. تطبيقاته كثيرة ، ويعتقد بعض الباحثين أنه قد يساعد في تساقط الشعر في حالة مرضى الثعلبة ،حيث تساعد الإبر التي يتم إدخالها في فروة الرأس على تحفيز بصيلات الشعر وتعزيز إعادة النمو.   ضع في اعتبارك أن تطلب من طبيبك إحالتك إلى أخصائي علاج بالابر مرخص إذا كان هذا العلاج يبدو مناسبًا لك.   5. تخفيف الضغط العصبى قد تكون قادرًا على السيطرة على التوتر المستمر في حياتك عن طريق ممارسة الرياضة ، مثل اليوجا ، أو التأمل مما قد يساعد في تنظيم نسبة السكر في الدم وتعزيز الدورة الدموية ، وتعزيز إعادة النمو.",ماركة: سيروبايب
23999,بالمرز | كريم زيت البيرجاموت | 50 جم,palmers cream bergamot oil formula x6ia,80,EGP,بالمرز,العناية بالشعر>,in stock,https://chefaa.com:443/eg-ar/nowProduct/palmers-cream-bergamot-oil-formula-50-x6ia,https://cdn.chefaa.com/filters:format(webp)/public/uploads/products/palmers-cream-bergamot-oil-formula-50-pkvq-01665666676.png,https://cdn.chefaa.com/filters:format(webp)/public/uploads/products/palmers-cream-bergamot-oil-formula-50-pkvq-01665666676.png,مميزات المنتج   بالمرز | كريم زيت البيرجاموت | 50 جم   عن هذا المنتج     بالمرز | كريم زيت البيرجاموت  |  50 جم,ماركة: بالمرز
23246,بوبانا | سيرم بزيت الجوجوبا لحماية ولمعان الشعر | 100مل,bobana serum with jojoba oil protect and shine hair 100ml rj5i,180,EGP,بوبانا,العناية بالشعر>,in stock,https://chefaa.com:443/eg-ar/nowProduct/bobana-serum-with-jojoba-oil-to-protect-and-shine-hair-100ml-rj5i,https://cdn.chefaa.com/filters:format(webp)/public/uploads/products/bobana-serum-with-jojoba-oil-to-protect-and-shine-hair-100ml-an6g-01663979890.png,https://cdn.chefaa.com/filters:format(webp)/public/uploads/products/bobana-serum-with-jojoba-oil-to-protect-and-shine-hair-100ml-an6g-01663979890.png,عن هذا المنتج     بوبانا | سيرم بزيت الجوجوبا لحماية ولمعان الشعر | 100مل,ماركة: بوبانا
54253,روت تو اند | سيرم للعنايه بالشعر الجاف و التالف | 120مل,root end serum for very dry and damaged hair 120ml pnyx_duxQlYjm,420,EGP,روت تو اند,العناية بالشعر>ترطيب وعلاج الشعر,in stock,https://chefaa.com:443/eg-ar/nowProduct/root-to-end-serum-for-very-dry-and-damaged-hair-120ml-pnyx_duxQlYjm,https://cdn.chefaa.com/filters:format(webp)/public/uploads/products/root-to-end-serum-for-very-dry-and-damaged-hair-120ml-kywo-01716294170.png,https://cdn.chefaa.com/filters:format(webp)/public/uploads/products/root-to-end-serum-for-very-dry-and-damaged-hair-120ml-kywo-01716294170.png,عن هذا المنتج     روت تو اند | سيرم للعنايه بالشعر الجاف و التالف | 120مل,ماركة: روت تو اند
49288,شوارزكوف | باليت كريم تلوين الشعر الدائم بني شوكولاتة 3-68,palette permanent naturals color creme chocolate brown 8reu,120,EGP,No Brand,العناية بالشعر>,in stock,https://chefaa.com:443/eg-ar/nowProduct/palette-permanent-naturals-color-creme-3-68-chocolate-brown-8reu,https://cdn.chefaa.com/filters:format(webp)/public/uploads/products/palette-permanent-naturals-color-creme-3-68-chocolate-brown-0kld-01729593477.png,https://cdn.chefaa.com/filters:format(webp)/public/uploads/products/palette-permanent-naturals-color-creme-3-68-chocolate-brown-0kld-01729593477.png,مميزات المنتج   شوارزكوف | باليت كريم تلوين الشعر الدائم بني شوكولاتة 3-68   عن هذا المنتج     شوارزكوف | باليت كريم تلوين الشعر الدائم بني شوكولاتة 3-68,raw_specs: المواصفات
5955,إيڤا هونى هير كريم | كريم شعر بالعسل | 45جم,eva honey hair cream 45gm dxdy,45,EGP,إيڤا,العناية بالشعر>ترطيب وعلاج الشعر,in stock,https://chefaa.com:443/eg-ar/nowProduct/eva-honey-hair-cream-45gm-dxdy,https://cdn.chefaa.com/filters:format(webp)/public/uploads/products/eva-honey-hair-cream-45gm-dxdy-01737646356.png,https://cdn.chefaa.com/filters:format(webp)/public/uploads/products/eva-honey-hair-cream-45gm-dxdy-01737646356.png,عن هذا المنتج     تتغلغل تركيبتنا بصيلات الشعر فتعمل على ترطيبه وتغذيته وتمنحه نعومة فائقة. كريم شعر إيڤا بالعسل يمنع تقصف الأطراف ويعالج الشعر التالف، تاركاً لشعرك النعومة واللمعان الطبيعي.,ماركة: إيڤا
6422,او جي اكس | بلسم حليب جوز الهند | 385مل,ogx coconut milk conditioner 385ml vhbh,350,EGP,او جي اكس,العناية بالشعر>,in stock,https://chefaa.com:443/eg-ar/nowProduct/ogx-coconut-milk-conditioner-385ml-vhbh,https://cdn.chefaa.com/filters:format(webp)/public/uploads/products/ogx-coconut-milk-conditioner-385ml-vhbh-01662901300.png,https://cdn.chefaa.com/filters:format(webp)/public/uploads/products/ogx-coconut-milk-conditioner-385ml-vhbh-01662901300.png,عن هذا المنتج       بلسم مغذي بحليب جوز الهند وبروتينات بياض البيض وزيت جوز الهند التي تغذي الشعر ويعطيه القوة و المرونة والترطيب. يترك الشعر صحيًا ، ناعمًا كالحرير ،لامعًا وقوى. خالى من السلفات والبارابي,ماركة: او جي اكس
20679,جليد | اسبراى الزهر الاستوائي | 300مل,galid tropical flower spray z5ig,75.27,EGP,جليد,العناية بالشعر>,in stock,https://chefaa.com:443/eg-ar/nowProduct/galid-tropical-flower-spray-z5ig,https://cdn.chefaa.com/filters:format(webp)/public/uploads/products/galid-tropical-flower-spray-z5ig-01655303987.png,https://cdn.chefaa.com/filters:format(webp)/public/uploads/products/galid-tropical-flower-spray-z5ig-01655303987.png,عن هذا المنتج     جليد | اسبراى الزهر الاستوائي | 300مل,ماركة: جليد
23383,لوريال باريس | شامبو مقوي للشعر الفيف فل رزيست | 600مل,loreal hair loss shampoo 600ml 5oyx,240,EGP,لوريال باريس,العناية بالشعر>,in stock,https://chefaa.com:443/eg-ar/nowProduct/loreal-hair-loss-shampoo-600ml-5oyx,https://cdn.chefaa.com/filters:format(webp)/public/uploads/products/loreal-hair-loss-shampoo-600ml-5oyx-01727096261.png,https://cdn.chefaa.com/filters:format(webp)/public/uploads/products/loreal-hair-loss-shampoo-600ml-5oyx-01727096261.png,مميزات المنتج   لوريال باريس | شامبو مقوي للشعر الفيف فل رزيست | 600مل   عن هذا المنتج     لوريال | شامبو تساقط |  600مل,ماركة: لوريال باريس
21575,دابر فاتيكا | حمام كريم بجنين القمح للشعر التالف | 400جم,dabur vatika conditioning hammam cream with wheat germ for damaged hair 500gm lhsj,78,EGP,فاتيكا,العناية بالشعر>شامبو وبلسم,in stock,https://chefaa.com:443/eg-ar/nowProduct/dabur-vatika-conditioning-hammam-cream-with-wheat-germ-for-damaged-hair-500gm-lhsj,https://cdn.chefaa.com/filters:format(webp)/public/uploads/products/dabur-vatika-conditioning-hammam-cream-with-wheat-germ-for-damaged-hair-500gm-lhsj-01719491596.png,https://cdn.chefaa.com/filters:format(webp)/public/uploads/products/dabur-vatika-conditioning-hammam-cream-with-wheat-germ-for-damaged-hair-500gm-lhsj-01719491596.png,مميزات المنتج   دابر فاتيكا | حمام كريم بجنين القمح للشعر التالف | 400جم,ماركة: فاتيكا
46609,كلاري | بوستر شوت | 30مل,clary booster shot for hair loss 30ml 0pim_dutDyizZ,450,EGP,كلاري,العناية بالشعر>ترطيب وعلاج الشعر,in stock,https://chefaa.com:443/eg-ar/nowProduct/clary-booster-shot-for-hair-loss-30ml-0pim_dutDyizZ,https://cdn.chefaa.com/filters:format(webp)/public/uploads/products/clary-booster-shot-for-hair-loss-30ml-bxhd-01708318340.png,https://cdn.chefaa.com/filters:format(webp)/public/uploads/products/clary-booster-shot-for-hair-loss-30ml-bxhd-01708318340.png,مميزات المنتج   كلاري | بوستر شوت | 30مل   عن هذا المنتج     كلاري معزز معزز باستخدام بروكابيل كمكون نشط رئيسي، فهو يقلل من تساقط الشعر عن طريق مكافحة شيخوخة بصيلات الشعر وتنشيط بصيلات الشعر الخاملة في جوهرها، يعمل كلاري بوستر شوت على الحفاظ على بصيلات الشعر مغذية وصحية حتى لا تكون خيوط شعرك هشة وتساعد على إعادة تثبيت بصيلات الشعر بقوة أكبر في فروة الرأس. عناية يومية مكثفة لتساقط الشعر، 30 مل. يأتي بوستر شوت من كلاري مع قطارة، يتم وضعه بتدليك لطيف لفروة الرأس لتحسين الدورة الدموية إلى فروة الرأس، مما يؤدي إلى تقوية بصيلات الشعر وتحفيز نمو الشعر.,ماركة: كلاري
20699,بايجن | صبغة شعر دائمة بني بني غامق 37,bigen dark auburn 6gm onkp,87,EGP,بايجن,العناية بالشعر>,in stock,https://chefaa.com:443/eg-ar/nowProduct/bigen-dark-auburn-37-6gm-onkp,https://cdn.chefaa.com/filters:format(webp)/public/uploads/products/bigen-dark-auburn-37-6gm-onkp-01719951112.png,https://cdn.chefaa.com/filters:format(webp)/public/uploads/products/bigen-dark-auburn-37-6gm-onkp-01719951112.png,مميزات المنتج   بايجن | صبغة شعر دائمة بني بني غامق 37,ماركة: بايجن
59844,غارنييه | صبغة شعر كولور ناتشرالز كريم | 9.1 أشقر رمادي فاتح جدًا,color naturals hair color light ash blonde 62vq_duc45ATA,161,EGP,غارنييه,العناية بالشعر>صبغات الشعر,in stock,https://chefaa.com:443/eg-ar/nowProduct/color-naturals-hair-color-91-light-ash-blonde-62vq_duc45ATA,https://cdn.chefaa.com/filters:format(webp)/public/uploads/products/color-naturals-hair-color-91-light-ash-blonde-62vq-01722776852.png,https://cdn.chefaa.com/filters:format(webp)/public/uploads/products/color-naturals-hair-color-91-light-ash-blonde-62vq-01722776852.png,"مميزات المنتج   غارنييه | صبغة شعر كولور ناتشرالز كريم | 9.1 أشقر رمادي فاتح جدًا   عن هذا المنتج     ﻿ ﻿ Garnier Color Naturals is a permanent colour cream enriched with Olive oil, that nourishes the hair as it colours. Your hair is deeply nourished, your colour is richer, more uniform and shinier. The second ratio of olive oil in the conditioner is a real treatment for your hair. Your hair is soft and your colour radiant ... And there is no grey hair. Garnier color Naturals is an improved colour cream with olive oil. The after care enriched with a second ratio of olive oil doesn't drip and nourishes your hair deeply after colouring. The creamy texture of Garnier Color Naturals is easy to apply with brush. You can't go Wrong ! Get easily a professional result at home.   Rich cream formula Gives you 100% Grey Coverage Rich, Long-lasting colour Silky, Shiny hair",ماركة: غارنييه
61152,هيروتس | كريم مرطب مضاد للتجعد | 100مل,hairoots cream anti frizz hydrating cream 100ml yyjl,299,EGP,No Brand,العناية بالشعر>ترطيب وعلاج الشعر,in stock,https://chefaa.com:443/eg-ar/nowProduct/hairoots-cream-anti-frizz-hydrating-cream-100ml-yyjl,https://cdn.chefaa.com/filters:format(webp)/public/uploads/products/hairoots-cream-anti-frizz-hydrating-cream-100ml-jj1y-01751205877.png,https://cdn.chefaa.com/filters:format(webp)/public/uploads/products/hairoots-cream-anti-frizz-hydrating-cream-100ml-jj1y-01751205877.png,مميزات المنتج   هيروتس | كريم مرطب مضاد للتجعد | 100مل,raw_specs: المواصفات
5957,إيڤا هونى هير كريم | كريم شعر بالعسل | 85جم,eva honey hair cream 85gm bd9u,70,EGP,إيڤا,العناية بالشعر>ترطيب وعلاج الشعر,in stock,https://chefaa.com:443/eg-ar/nowProduct/eva-honey-hair-cream-85gm-bd9u,https://cdn.chefaa.com/filters:format(webp)/public/uploads/products/1619170283eva-honey-hair-cream-chefaajpg,https://cdn.chefaa.com/filters:format(webp)/public/uploads/products/1619170283eva-honey-hair-cream-chefaajpg,عن هذا المنتج     تتغلغل تركيبتنا بصيلات الشعر فتعمل على ترطيبه وتغذيته وتمنحه نعومة فائقة. كريم شعر إيڤا بالعسل يمنع تقصف الأطراف ويعالج الشعر التالف، تاركاً لشعرك النعومة واللمعان الطبيعي.,ماركة: إيڤا
45550,حياة تريكس | لوشن لتساقط الشعر | 120مل,trix lotion hair loss 4cbv_duA1oiCz,299,EGP,تريكس,العناية بالشعر>ترطيب وعلاج الشعر,in stock,https://chefaa.com:443/eg-ar/nowProduct/trix-lotion-hair-loss-120-ml-4cbv_duA1oiCz,https://cdn.chefaa.com/filters:format(webp)/public/uploads/products/trix-lotion-hair-loss-120-ml-4cbv-dua1oicz-01753082715.png,https://cdn.chefaa.com/filters:format(webp)/public/uploads/products/trix-lotion-hair-loss-120-ml-4cbv-dua1oicz-01753082715.png,مميزات المنتج   حياة تريكس | لوشن لتساقط الشعر | 120مل,ماركة: تريكس
52304,لوريال باريس | شامبو إلفيف توتال ريبير 5 بخلاصة وردة جيريكو والسيراميد للشعر التالف | 200مل,loreal elvive total repair shampoo with rose jericho extract ceramide for damaged hairVwiV,115,EGP,لوريال باريس,العناية بالشعر>شامبو وبلسم,in stock,https://chefaa.com:443/eg-ar/nowProduct/loreal-elvive-total-repair-5-shampoo-with-rose-of-jericho-extract--ceramide-for-damaged-hairVwiV,https://cdn.chefaa.com/filters:format(webp)/public/uploads/products/loreal-elvive-total-repair-5-shampoo-with-rose-of-jericho-extract-ceramide-for-damaged-hairvwiv-01737294651.png,https://cdn.chefaa.com/filters:format(webp)/public/uploads/products/loreal-elvive-total-repair-5-shampoo-with-rose-of-jericho-extract-ceramide-for-damaged-hairvwiv-01737294651.png,مميزات المنتج   لوريال باريس | شامبو إلفيف توتال ريبير 5 بخلاصة وردة جيريكو والسيراميد للشعر التالف | 200مل,ماركة: لوريال باريس
28958,بلسم بليس بالارجان bless للشعر الجاف والكيرلى | 500 مل,bless conditioner with argan oil 500ml dzgl,135,EGP,بليس,العناية بالشعر>,in stock,https://chefaa.com:443/eg-ar/nowProduct/bless-conditioner-with-argan-oil-500ml-dzgl,https://cdn.chefaa.com/filters:format(webp)/public/uploads/products/bless-conditioner-with-argan-oil-500ml-dzgl-01720620801.png,https://cdn.chefaa.com/filters:format(webp)/public/uploads/products/bless-conditioner-with-argan-oil-500ml-dzgl-01720620801.png,مميزات المنتج   يتميز بلسم بليس بالارجان bless argan conditioner بما يلي: بلسم مغذي يساعد على ترميم الشعر وترطيبه بشكل عميق. غني بالعناصر الغذائية التي تساعد على استعادة الحيوية للشعر الهش والضعيف. يسهل تصفيف الشعر ويحمي من التقصف والهيشان. يحمي الشعر من العوامل البيئية الضارة ويصلح التلف الناتج عن كثرة استخدام الحرارة والصبغة. مناسب للشعر الضعيف والباهت. يعيد اللمعان والنعومة للشعر. سعر بلسم بليس بالارجان مناسب مقارنة بفوائده العديدة للشعر.   عن هذا المنتج     مكونات بلسم بليس بالارجان   يحتوي بلسم بليس على  زيت الأرجان (argan oil): غني بالأحماض الدهنية وفيتامين ه ومضادات الأكسدة مما يساعد على تغذية وترطيب الشعر بعمق وتقليل التقصف والهيشان.  حجم عبوة بلسم Bless  يتوفر بلسم بليس بالارجان بحجم 500 مل.  سعر بلسم بليس للشعر الكيرلي   يبلغ سعر بلسم بليس بالارجان حوالي 125 جنيه مصري (سعر المنتج قد يتغير تبعاً لتغير سعره في الصيدليات وحسب العروض المتوفرة)  يوصى باستعمال bless conditioner ل   بلسم بليس مناسب لأصحاب الشعر الهش والضعيف والأكثر عرضة للتقصف والهيشان فهو يمنح شعرك ترطيباً عميقاً ويسهل تصفيفه، كما يمنحه المزيد من النعومة واللمعان.  طريقة استخدام بلسم بليس   اغسلي شعرك بالشامبو المناسب.  وزعي البلسم على منتصف وأطراف الشعر بالتساوي مع تجنب وضعه على فروة الرأس.  يمكنك استخدام الفرشاة لتسهيل توزيع البلسم.  اتركيه لمدة 2-3 دقائق على الشعر .  اشطفي شعرك جيداً.  ما هي فوائد بلسم بليس للشعر الجاف؟  يساعد على تحسين صحة الشعر وجعله أكثر نعومة ورطوبة.  يعمل على الترطيب العميق للشعر الجاف، مما يجعله أقل عرضة للتقصف والجفاف.  ينعم الشعر ويقلل التشابك، مما يسهل عملية التصفيف ويمنح الشعر مظهراً لامعاً وناعماً.  يساعد على إصلاح التلف الناتج عن العوامل البيئية، والحرارة، أو الصبغات.  يقلل من فرص تكسر الشعر ويجعله أكثر قوة.  يمنح الشعر مظهرًا أكثر حيوية ولمعان.  ما هي افضل انواع البلسم للشعر؟  بلسم سيروبايب seropipe conditioner.  بلسم بليس bless conditioner.  بلسم دوف dove conditioner.  بلسم فيشي ديركوس vichy dercos conditioner.,ماركة: بليس
21782,بانتين | بديل الزيت برو في ميلكي لإصلاح الشعر التالف | 275مل,pantene pro milky damage repair oil replacement for damaged hair 275ml zhdv,210,EGP,بانتين,العناية بالشعر>,in stock,https://chefaa.com:443/eg-ar/nowProduct/pantene-pro-v-milky-damage-repair-oil-replacement-for-damaged-hair-275ml-zhdv,https://cdn.chefaa.com/filters:format(webp)/public/uploads/products/pantene-pro-v-milky-damage-repair-oil-replacement-for-damaged-hair-275ml-bjbv-01658081618.png,https://cdn.chefaa.com/filters:format(webp)/public/uploads/products/pantene-pro-v-milky-damage-repair-oil-replacement-for-damaged-hair-275ml-bjbv-01658081618.png,مميزات المنتج   بانتين | بديل الزيت برو في ميلكي لإصلاح الشعر التالف | 275مل,ماركة: بانتين
27558,الوكيتا | بخاخ نمو الشعر | 200 مل,aloekita hair spray otww,359,EGP,No Brand,العناية بالشعر>,in stock,https://chefaa.com:443/eg-ar/nowProduct/aloekita-hair-spray-otww,https://cdn.chefaa.com/filters:format(webp)/public/uploads/products/aloekita-hair-spray-otww-01692088932.png,https://cdn.chefaa.com/filters:format(webp)/public/uploads/products/aloekita-hair-spray-otww-01692088932.png,مميزات المنتج   الوكيتا | بخاخ نمو الشعر | 200 مل,raw_specs: المواصفات
16393,بليس ليف ان كريم لترطيب الشعر التالف والمقصف والكيرلي بزيت الأرجان | 200 مل,bless leave cream with argan oil 200ml boif,75,EGP,بليس,العناية بالشعر>,in stock,https://chefaa.com:443/eg-ar/nowProduct/bless-leave-in-cream-with-argan-oil-200ml-boif,https://cdn.chefaa.com/filters:format(webp)/public/uploads/products/bless-leave-in-cream-with-argan-oil-200ml-boif-01720623514.png,https://cdn.chefaa.com/filters:format(webp)/public/uploads/products/bless-leave-in-cream-with-argan-oil-200ml-boif-01720623514.png,مميزات المنتج   بليس ليف ان كريم لترطيب الشعر التالف والمقصف والكيرلي بزيت الأرجان | 200 مل   عن هذا المنتج     مكونات بليس ليف ان كريم بزيت الأرجان:     زيت الأرجان: يعمل على ترطيب الشعر وحمايته من التلف وتقليل تقصف الشعر.   زيت الخروع: يعمل على تغذية وترطيب الشعر من الجذور حتى الأطراف.   زيت الجوجوبا: يعمل على تقليل الهيشان وترطيب الشعر.   الجليسرين: يعمل على ترطيب الشعر وإكسابه مزيد من اللمعان.   البانثينول.   الماء.     مميزات ليف ان كريم بزيت الأرجان من بليس:     يعمل على تغذية الشعر وجعله أكثر حيوية.   يعمل على ترطيب الشعر التالف والمقصف وإكسابه مزيد من النعومة.   يساعد على ترطيب وعلاج الأطراف المتقصفة والجافة.   يعمل على التحكم في تجاعيد الشعر الكيرلي للحصول على تموجات ومظهر أكثر جاذبية.   يمنح الشعر ملمس لامع وناعم.   يعمل على تقليل التشابك وتسهيل تصفيف الشعر.   يساعد على تقليل هيشان الشعر.   يساعد على تعزيز صحة ولمعان الشعر.   يتميز بتركيبته الخفيفة التي لا تترك أثر دهني مزعج على الشعر.   خالي من البارابين والسيليكون والسلفات.   مناسب للشعر المفرود والكيرلي.   مناسب لأصحاب المسامية المنخفضة والمتوسطة والعالية.     حجم Bless leave in cream with Argan Oil:     يتوفر بحجم 200 مل.     يوصي به:   الليف ان كريم مناسب لأصحاب الشعر التالف والجاف والمتقصف حيث يعمل على تغذية الشعر وترطيبه، كما أنه يعمل على تقليل الهيشان والتقصف والحصول على شعر لامع وصحي.,ماركة: بليس
23625,بوبانا | شامبو بزيت الثوم الاسود لتغذية الشعر وحمايته من التساقط | 400مل,bobana black garlic oil shampoo against hair loss 3zea,155,EGP,بوبانا,العناية بالشعر>,in stock,https://chefaa.com:443/eg-ar/nowProduct/bobana-black-garlic-oil-shampoo-against-hair-loss-3zea,https://cdn.chefaa.com/filters:format(webp)/public/uploads/products/bobana-black-garlic-oil-shampoo-against-hair-loss-3zea-01720976347.png,https://cdn.chefaa.com/filters:format(webp)/public/uploads/products/bobana-black-garlic-oil-shampoo-against-hair-loss-3zea-01720976347.png,عن هذا المنتج     بوبانا | شامبو بزيت الثوم الاسود لتغذية الشعر وحمايته من التساقط | 400مل,ماركة: بوبانا
1655,غارنييه | صبغة شعر كولور ناتشرالز كريم | 7.7 بني غزالي,color naturals hair color deer brown,161,EGP,غارنييه,العناية بالشعر>,in stock,https://chefaa.com:443/eg-ar/nowProduct/color-naturals-hair-color-77-deer-brown,https://cdn.chefaa.com/filters:format(webp)/public/uploads/products/color-naturals-hair-color-77-deer-brown-01722775580.png,https://cdn.chefaa.com/filters:format(webp)/public/uploads/products/color-naturals-hair-color-77-deer-brown-01722775580.png,"مميزات المنتج   دائمة, Ash, اشقر, أفوكادو, زبده, زيتون, صبغة شعر, لون صبغه, غارنييه, العناية بالشعر, تسريحه شعر, كونسيلر,فاتح, مستحضر تجميل , شعر كوافير, مجعد, ناعم, لامع, الجمال, منتج, زيت , كريم, يعالج, بلسم , ابيض,   عن هذا المنتج     ﻿ Garnier Color Naturals is a permanent colour cream enriched with Olive oil, that nourishes the hair as it colours.  Your hair is deeply nourished, your colour is richer, more uniform and shinier . The second ratio of olive oil in the conditioner is a real treatment for your hair. Your hair is soft and your colour radiant ... And there is no grey hair. Garnier color Naturals is an improved colour cream with olive oil. The after care enriched with a second ratio of olive oil doesn't drip and nourishes your hair deeply after colouring. The creamy texture of Garnier Color Naturals is easy to apply with brush. You can't go Wrong ! Get easily a professional result at home.   Nourishes hair Gives a better color With olive oil",ماركة: غارنييه
18181,لوريال باريس | كريم الشعر إلفيف ليف إن ، فول رسست بوش بول | 200مل,loreal elvive brush proof cream full resist 200ml e7v9,234,EGP,لوريال باريس,العناية بالشعر>ترطيب وعلاج الشعر,in stock,https://chefaa.com:443/eg-ar/nowProduct/loreal-elvive-brush-proof-cream-full-resist-200ml-e7v9,https://cdn.chefaa.com/filters:format(webp)/public/uploads/products/loreal-elvive-brush-proof-cream-full-resist-200ml-e7v9-01727095280.png,https://cdn.chefaa.com/filters:format(webp)/public/uploads/products/loreal-elvive-brush-proof-cream-full-resist-200ml-e7v9-01727095280.png,مميزات المنتج   لوريال باريس | كريم الشعر إلفيف ليف إن ، فول رسست بوش بول | 200مل,ماركة: لوريال باريس
18070,بالمرز هيرفود فورميلا كريم مغذى ومرطب للشعر وفروة الرأس | 150 جم,palmers antidandruff hair food formula gp8b,170,EGP,بالمرز,العناية بالشعر>,in stock,https://chefaa.com:443/eg-ar/nowProduct/palmers-antidandruff-hair-food-formula-gp8b,https://cdn.chefaa.com/filters:format(webp)/public/uploads/products/palmers-antidandruff-hair-food-formula-gqtu-01653304574.png,https://cdn.chefaa.com/filters:format(webp)/public/uploads/products/palmers-antidandruff-hair-food-formula-gqtu-01653304574.png,مميزات المنتج   يعمل على تغذية الشعر وفروة الرأس. يعمل على تهدئة فروة الرأس. يساعد على ترطيب الشعر. يُكسب الشعر مزيد من النعومة والانسيابية. يساعد على فك التشابك وتسهيل تصفيف الشعر. يعمل على تقليل الهيشان. يُكسب الشعر الباهت مزيد من الحيوية واللمعان. خالي من البارابين. مناسب لجميع أنواع الشعر والشعر الباهت.   عن هذا المنتج     مكونات هيرفود فورميلا كريم الشعر من بالمرز: فيتامين أ: يعمل على الحفاظ على رطوبة الشعر وفروة الرأس، وتقليل تساقط الشعر وتحفيز نموه. فيتامين د: يعمل على تحفيز نمو الشعر وتقليل التساقط وتقوية البصيلات وجعل الشعر أكثر قوة وكثافة.  فيتامين هـ: يعمل على إصلاح تلف الشعر وتقوية البصيلات للحصول على شعر أطول وأكثر كثافة. البروتين: يعمل على تقوية وتغذية الشعر وحمايته من التلف والتقصف وتعزيز نعومة ومرونة الشعر. مجموعة من الزيوت الأساسية للشعر. حجم Palmer's Hair Food Formula: يتوفر بحجم  150 جم. يوصي به: الكريم مناسب لجميع أنواع الشعر والشعر الباهت حيث يعمل على ترطيب وتغذية الشعر وتقليل الهيشان وجعل الشعر أكثر لمعاناً وحيوية ونعومة.,ماركة: بالمرز
23736,فاتيكا | كريم تصفيف الشعر | 140جم,vatika styling hair cream mnho,55,EGP,فاتيكا,العناية بالشعر>,in stock,https://chefaa.com:443/eg-ar/nowProduct/vatika-styling-hair-cream-140-mnho,https://cdn.chefaa.com/filters:format(webp)/public/uploads/products/vatika-styling-hair-cream-140-bsja-01665308978.png,https://cdn.chefaa.com/filters:format(webp)/public/uploads/products/vatika-styling-hair-cream-140-bsja-01665308978.png,مميزات المنتج   فاتيكا | كريم تصفيف الشعر | 140جم   عن هذا المنتج     فاتيكا | كريم تصفيف الشعر | 140جم,ماركة: فاتيكا
23471,بوبانا | بلسم بزيت الارجان للشعر التالف | 400مل,bobana conditioner with argan oil for damaged hair 400ml 4ynd,120,EGP,بوبانا,العناية بالشعر>,in stock,https://chefaa.com:443/eg-ar/nowProduct/bobana-conditioner-with-argan-oil-for-damaged-hair-400ml-4ynd,https://cdn.chefaa.com/filters:format(webp)/public/uploads/products/bobana-conditioner-with-argan-oil-for-damaged-hair-400ml-ecb1-01664357581.png,https://cdn.chefaa.com/filters:format(webp)/public/uploads/products/bobana-conditioner-with-argan-oil-for-damaged-hair-400ml-ecb1-01664357581.png,عن هذا المنتج     بوبانا | بلسم بزيت الارجان للشعر التالف | 400مل,ماركة: بوبانا
46053,إيڤا | هير كلينك كيرلي بلسم | 230مل,eva hair clinic curls conditioner 230ml xc3i_duRjrnvH,140,EGP,إيڤا,العناية بالشعر>شامبو وبلسم,in stock,https://chefaa.com:443/eg-ar/nowProduct/eva-hair-clinic-curls-conditioner-230ml-xc3i_duRjrnvH,https://cdn.chefaa.com/filters:format(webp)/public/uploads/products/eva-hair-clinic-curls-conditioner-230ml-wosn-01690457209.png,https://cdn.chefaa.com/filters:format(webp)/public/uploads/products/eva-hair-clinic-curls-conditioner-230ml-wosn-01690457209.png,مميزات المنتج   إيڤا | هير كلينك كيرلي بلسم | 230مل,ماركة: إيڤا
21253,ايفرى ستراند | شامبو مرطب للشعر بزيت الأرجان والمكاديميا | 399مل,every strand hydrating hair shampoo with argan oil and macadamia 2weg,495,EGP,ايفري ستراند,العناية بالشعر>,in stock,https://chefaa.com:443/eg-ar/nowProduct/every-strand-hydrating-hair-shampoo-with-argan-oil-and-macadamia-399-ml-2weg,https://cdn.chefaa.com/filters:format(webp)/public/uploads/products/every-strand-hydrating-hair-shampoo-with-argan-oil-and-macadamia-399-ml-2weg-01721495515.png,https://cdn.chefaa.com/filters:format(webp)/public/uploads/products/every-strand-hydrating-hair-shampoo-with-argan-oil-and-macadamia-399-ml-2weg-01721495515.png,مميزات المنتج   ايفرى ستراند | شامبو مرطب للشعر بزيت الأرجان والمكاديميا | 399 مل,ماركة: ايفري ستراند
18068,بالمرز | جل تصفيف الشعر لتثبيت قوي | 150جم,palmers strong hold styling gel anti dandruff gtqs,110,EGP,بالمرز,العناية بالشعر>,in stock,https://chefaa.com:443/eg-ar/nowProduct/palmers-strong-hold-styling-gel-anti-dandruff-gtqs,https://cdn.chefaa.com/filters:format(webp)/public/uploads/products/palmers-strong-hold-styling-gel-anti-dandruff-lzfo-01653303849.png,https://cdn.chefaa.com/filters:format(webp)/public/uploads/products/palmers-strong-hold-styling-gel-anti-dandruff-lzfo-01653303849.png,عن هذا المنتج     بالمرز | جل تصفيف الشعر لتثبيت قوي | 150جم,ماركة: بالمرز
18379,صبغة باليت انتنسيف كولور | صبغة شعر اشقر رمادي فاتح رقم 8.1,palette intensive color cream light blonde cendre 50ml k67o,120,EGP,باليت,العناية بالشعر>صبغات الشعر,in stock,https://chefaa.com:443/eg-ar/nowProduct/palette-intensive-color-cream-8-1-light-blonde-cendre-50ml-k67o,https://cdn.chefaa.com/filters:format(webp)/public/uploads/products/palette-intensive-color-cream-8-1-light-blonde-cendre-50ml-2z8i-01653552356.png,https://cdn.chefaa.com/filters:format(webp)/public/uploads/products/palette-intensive-color-cream-8-1-light-blonde-cendre-50ml-2z8i-01653552356.png,مميزات المنتج   باليت | كريم صبغة الشعر انتنسيف كولور 8-1 أشقر رمادي فاتح | 50مل,ماركة: باليت
20688,بايجن | بودرة صبغة شعر دائمة كستنائي فاتح 46,bigen hair color ecf1,105,EGP,بايجن,العناية بالشعر>,in stock,https://chefaa.com:443/eg-ar/nowProduct/bigen-hair-color-no-46-ecf1,https://cdn.chefaa.com/filters:format(webp)/public/uploads/products/bigen-hair-color-no-46-ecf1-01719950959.png,https://cdn.chefaa.com/filters:format(webp)/public/uploads/products/bigen-hair-color-no-46-ecf1-01719950959.png,مميزات المنتج   بايجن | بودرة صبغة شعر دائمة كستنائي فاتح 46,ماركة: بايجن
21016,فيانسيه | 2X1 جيل كريم ضد القشرة | 225مل,fiancee cream gel kfil,60,EGP,فيانسيه,العناية بالشعر>ترطيب وعلاج الشعر,in stock,https://chefaa.com:443/eg-ar/nowProduct/fiancee-cream-gel-kfil,https://cdn.chefaa.com/filters:format(webp)/public/uploads/products/fiancee-cream-gel-kfil-01721642181.png,https://cdn.chefaa.com/filters:format(webp)/public/uploads/products/fiancee-cream-gel-kfil-01721642181.png,مميزات المنتج   فيانسيه | 2X1 جيل كريم ضد القشرة | 225مل,ماركة: فيانسيه
46451,مينك | كريم بلسم للشعر مينك و عسل | 250مل,mink hair cream balsam mink honey 250ml l7wp_duUOVOU4,55,EGP,مينك,العناية بالشعر>ترطيب وعلاج الشعر,in stock,https://chefaa.com:443/eg-ar/nowProduct/mink-hair-cream-balsam-mink-honey-250ml-l7wp_duUOVOU4,https://cdn.chefaa.com/filters:format(webp)/public/uploads/products/mink-hair-cream-balsam-mink-honey-250ml-vim0-01703505653.png,https://cdn.chefaa.com/filters:format(webp)/public/uploads/products/mink-hair-cream-balsam-mink-honey-250ml-vim0-01703505653.png,مميزات المنتج   مينك | كريم بلسم للشعر مينك و عسل | 250مل,ماركة: مينك
48476,بالمرز | كريم شعر أوليف أويل | 150جم,palmers olive oil formula 150gm zdyn_duxJnrM9,160,EGP,بالمرز,العناية بالشعر>ترطيب وعلاج الشعر,in stock,https://chefaa.com:443/eg-ar/nowProduct/palmers-olive-oil-formula-150gm-zdyn_duxJnrM9,https://cdn.chefaa.com/filters:format(webp)/public/uploads/products/palmers-olive-oil-formula-150gm-zdyn-01721224268.png,https://cdn.chefaa.com/filters:format(webp)/public/uploads/products/palmers-olive-oil-formula-150gm-zdyn-01721224268.png,عن هذا المنتج     بالمرز | كريم شعر أوليف أويل | 150جم,ماركة: بالمرز
50236,بيوبوينت | حمام كريم للشعر | 50جم,biopoint hair conditioner cream sachet 50ml ufct_duGEj23p,18,EGP,بيوبوينت,العناية بالشعر>ترطيب وعلاج الشعر,in stock,https://chefaa.com:443/eg-ar/nowProduct/biopoint-hair-conditioner-cream-sachet-50ml-ufct_duGEj23p,https://cdn.chefaa.com/filters:format(webp)/public/uploads/products/biopoint-hair-conditioner-cream-sachet-50ml-xwzs-01701246938.png,https://cdn.chefaa.com/filters:format(webp)/public/uploads/products/biopoint-hair-conditioner-cream-sachet-50ml-xwzs-01701246938.png,عن هذا المنتج     بيوبوينت | حمام كريم للشعر | 50جم,ماركة: بيوبوينت
47621,كيراكوز | سيرم الشعر | 5 امبولات | 10 مل,kerakoz hair serum amps 10ml itj2,185,EGP,No Brand,العناية بالشعر>ترطيب وعلاج الشعر,in stock,https://chefaa.com:443/eg-ar/nowProduct/kerakoz-hair-serum-4-amps-10ml-itj2,https://cdn.chefaa.com/filters:format(webp)/public/uploads/products/kerakoz-hair-serum-4-amps-10ml-itj2-01751272270.png,https://cdn.chefaa.com/filters:format(webp)/public/uploads/products/kerakoz-hair-serum-4-amps-10ml-itj2-01751272270.png,مميزات المنتج   كيراكوز | سيرم الشعر | 5 امبولات | 10 مل,raw_specs: المواصفات
50029,سوبر كيدز | جل الشعر الكيرلي | 250مل,superkids curly hair gel 250ml ag1f,120,EGP,سوبر كيدز,العناية بالشعر>ترطيب وعلاج الشعر,in stock,https://chefaa.com:443/eg-ar/nowProduct/superkids-curly-hair-gel-250ml-ag1f,https://cdn.chefaa.com/filters:format(webp)/public/uploads/products/superkids-curly-hair-gel-250ml-dx30-01730717740.png,https://cdn.chefaa.com/filters:format(webp)/public/uploads/products/superkids-curly-hair-gel-250ml-dx30-01730717740.png,مميزات المنتج   سوبر كيدز | جل الشعر الكيرلي | 250مل,ماركة: سوبر كيدز
2124,الو إيڤا | امبولات للشعر بالصبار وبروتينات الزبادي | 4 امبولات,aloe eva aloe vera and yoghurt proteins hair ampoules ampoules,120,EGP,إيڤا,العناية بالشعر>,in stock,https://chefaa.com:443/eg-ar/nowProduct/aloe-eva-aloe-vera-and-yoghurt-proteins-hair-ampoules-4-ampoules,https://cdn.chefaa.com/filters:format(webp)/public/uploads/products/1619007357aloe-eva-aloe-vera-and-yoghurt-proteins-hair-ampoules-chefaajpg,https://cdn.chefaa.com/filters:format(webp)/public/uploads/products/1619007357aloe-eva-aloe-vera-and-yoghurt-proteins-hair-ampoules-chefaajpg,عن هذا المنتج       للشعر الجاف المجهد.   تعيد للشعر توازنه وترطيبه الطبيعي كما تغذي فروة الرأس بعمق وتقلل من تقصف أطرافه وتزيد الشعر كثافةً.   الصبـار المركـز الغنـي بــ12 ڤيتاميــن، و20 معدن و17 بروتين يغذي الشعـر مـن جـذوره وحتـى أطرافه ويقويه، ويقلل من تساقطه ويمنحه نمـو̈ صحية وحيوية ملحوظة اشراقة جديـدة.   آلـو إيڤــا أمپـولات الشعر باحتوائها على مزيج من الصبار وبروتينات الزبادي توفر العناية المكثفة لتغذية فروة الراس وتقوية الجذور لحيوية تدوم أطول.,ماركة: إيڤا
21018,فيانسية | هير فود كريم مغذي للشعر بزيت الزيتون | 225مل,fiancee hairfood 225g txmb,47,EGP,فيانسيه,العناية بالشعر>,in stock,https://chefaa.com:443/eg-ar/nowProduct/fiancee-hairfood-225g-txmb,https://cdn.chefaa.com/filters:format(webp)/public/uploads/products/fiancee-hairfood-225g-txmb-01721642476.png,https://cdn.chefaa.com/filters:format(webp)/public/uploads/products/fiancee-hairfood-225g-txmb-01721642476.png,مميزات المنتج   فيانسية | هير فود كريم مغذي للشعر بزيت الزيتون | 225مل   عن هذا المنتج     فيانسية | هير فود كريم مغذي للشعر بزيت الزيتون | 225مل,ماركة: فيانسيه
31916,بايو | سيروم للشعر المجعد بالشيا والأفوكادو للنساء | 150مل,bio anti frizz hair serum with shea and avocado for women 150ml rj2m,340,EGP,بايو,العناية بالشعر>,in stock,https://chefaa.com:443/eg-ar/nowProduct/bio-anti-frizz-hair-serum-with-shea-and-avocado-for-women-150ml-rj2m,https://cdn.chefaa.com/filters:format(webp)/public/uploads/products/bio-anti-frizz-hair-serum-with-shea-and-avocado-for-women-150ml-rj2m-01719953589.png,https://cdn.chefaa.com/filters:format(webp)/public/uploads/products/bio-anti-frizz-hair-serum-with-shea-and-avocado-for-women-150ml-rj2m-01719953589.png,مميزات المنتج   بايو | سيروم للشعر المجعد بالشيا والأفوكادو للنساء | 150مل,ماركة: بايو
1661,غارنييه | صبغة شعر كولور ناتشرالز كريم | 6.3 بني قهوة,color naturals hair color mocca,161,EGP,غارنييه,العناية بالشعر>صبغات الشعر,in stock,https://chefaa.com:443/eg-ar/nowProduct/color-naturals-hair-color-63-mocca,https://cdn.chefaa.com/filters:format(webp)/public/uploads/products/color-naturals-hair-color-63-mocca-01722776643.png,https://cdn.chefaa.com/filters:format(webp)/public/uploads/products/color-naturals-hair-color-63-mocca-01722776643.png,"مميزات المنتج   دائمة, Chocolate, داكن, بني, أفوكادو, زبده, زيتون, صبغة شعر, لون صبغه, غارنييه, العناية بالشعر, تسريحه شعر, كونسيلر,فاتح, مستحضر تجميل , شعر كوافير, مجعد, ناعم, لامع, الجمال, منتج, زيت , كريم, يعالج, بلسم , ابيض,   عن هذا المنتج     ﻿ ﻿ صبغة غارنييه كولور ناتشرال بتركيبة متطورة مع خلاصة زيت الزيتون الذي يُغذي الشعر والتى تعمل على تغذية شعرك، وتعطيك لون رائع ولامع ومُوحد. . زيت الزيتون فى البلسم يُعالج الشعر بفاعلية لشعر ناعم بلون جرىء ورائع. لا مزيد من الشعر الأبيض.   صبغة غارنييه كولور ناتشرال بتركيبة متطورة مع خلاصة زيت الزيتون، وبلسم غنى بزيت الزيتون يستخدم بعد الصبغة ليمنحك الترطيب المطلوب. تركيبة غارنيه كولور ناتشرال الكريمى سهلة التطبيق بواسطة الفرشاه. نتيجة رائعة، احصلى على نفس نتائج الصالون فى البيت.   أول صبغة شعر مُغذية بزيت الزيتون والأفوكادو والكاريت تركيبة كريمي غنية تركيبة كريمى مع بلسم مُغذى (بزيت الزيتون، والأفوكادو، وزبدة الكاريت) لترطيب وتغذية الشعر. زيت الزيتون فى البلسم يمنحك علاجًا إضافيًا ولمعانًا للشعر. تمنحك Garnier Color Naturals لون لامع يدوم لفترة طويلة. شعر ملئ بالعناصر المُغذية للون غنى لا للشعر الأبيض   ﻿",ماركة: غارنييه
23403,بندولين | اسبراي فك تشابك | 250مل,pendulum detangling spray 250ml bccj,150,EGP,بندولين,العناية بالشعر>ترطيب وعلاج الشعر,in stock,https://chefaa.com:443/eg-ar/nowProduct/pendulum-detangling-spray-250ml-bccj,https://cdn.chefaa.com/filters:format(webp)/public/uploads/products/pendulum-detangling-spray-250ml-ycx3-01664260901.png,https://cdn.chefaa.com/filters:format(webp)/public/uploads/products/pendulum-detangling-spray-250ml-ycx3-01664260901.png,مميزات المنتج   بندولين | اسبراي فك تشابك | 250مل,ماركة: بندولين
21047,جي كي هير | ليف إن كريم لترطيب الشعر وتقليل التقصف | 130مل,hair global keratin leave conditioner cream 130ml aaki,800,EGP,جى كى هير,العناية بالشعر>شامبو وبلسم,in stock,https://chefaa.com:443/eg-ar/nowProduct/gk-hair-global-keratin-leave-in-conditioner-cream-130ml-aaki,https://cdn.chefaa.com/filters:format(webp)/public/uploads/products/gk-hair-global-keratin-leave-in-conditioner-cream-130ml-aaki-01722331221.png,https://cdn.chefaa.com/filters:format(webp)/public/uploads/products/gk-hair-global-keratin-leave-in-conditioner-cream-130ml-aaki-01722331221.png,مميزات المنتج   يعمل على حماية الشعر من التكسر. يساعد على ترطيب الشعر. يُكسب الشعر مزيد من النعومة واللمعان. يساعد على فرد الشعر ومكافحة التجعد لفترة تصل إلى 24 ساعة. يساعد على تسهيل تصفيف الشعر. مناسب للرجال والنساء. مناسب للشعر الجاف والتالف. خالي من السلفات والبارابين والفثالات والديثانولامين (DEA) وتري إيتانولامين (TEA).   عن هذا المنتج     مكونات جي كي هير جلوبال كيراتين ليف إن كريم: الجوفيكسن: مزيج من البروتينات (الكيراتين) التى تعمل على حماية الشعر الجاف والهش والتالف من العوامل البيئية القاسية. خلاصة الحبوب الطبيعية: تعمل على تقوية الشعر وحمايته من التلف. حجم GK Hair Global Keratin Leave-In Cream Conditioner: يتوفر بحجم 300 مل. يوصي به: جي كي هير جلوبال كيراتين ليف إن كريم بلسم مناسب للذين يعانون من جفاف الشعر حيث يعمل ترطيب وتغذية الشعر  وحمايته من التكسر  وإكسابة مزيد من النعومة والحيوية.,ماركة: جى كى هير
1671,غارنييه | صبغة شعر كولور ناتشرالز كريم | 8.11 أشقر فاتح رمادي عميق,color naturals creme hair color deep light ash blonde,161,EGP,غارنييه,العناية بالشعر>,in stock,https://chefaa.com:443/eg-ar/nowProduct/color-naturals-creme-hair-color-811-deep-light-ash-blonde,https://cdn.chefaa.com/filters:format(webp)/public/uploads/products/thmfKG84I6K8gaSUBNCplQnSTolQUtLywdZf8GST.jpeg,https://cdn.chefaa.com/filters:format(webp)/public/uploads/products/thmfKG84I6K8gaSUBNCplQnSTolQUtLywdZf8GST.jpeg,مميزات المنتج   غارنييه | صبغة شعر كولور ناتشرالز كريم | 8.11 أشقر فاتح رمادي عميق   عن هذا المنتج     ﻿ صبغة غارنييه كولور ناتشرال بتركيبة متطورة مع خلاصة زيت الزيتون الذي يُغذي الشعر والتى تعمل على تغذية شعرك، وتعطيك لون رائع ولامع ومُوحد. . زيت الزيتون فى البلسم يُعالج الشعر بفاعلية لشعر ناعم بلون جرىء ورائع. لا مزيد من الشعر الأبيض. صبغة غارنييه كولور ناتشرال بتركيبة متطورة مع خلاصة زيت الزيتون، وبلسم غنى بزيت الزيتون يستخدم بعد الصبغة ليمنحك الترطيب المطلوب. تركيبة غارنيه كولور ناتشرال الكريمى سهلة التطبيق بواسطة الفرشاه. نتيجة رائعة، احصلى على نفس نتائج الصالون فى البيت. أول صبغة شعر مُغذية بزيت الزيتون والأفوكادو والكاريت. تركيبة كريمي غنية. تركيبة كريمى مع بلسم مُغذى (بزيت الزيتون، والأفوكادو، وزبدة الكاريت) لترطيب وتغذية الشعر. زيت الزيتون فى البلسم يمنحك علاجًا إضافيًا ولمعانًا للشعر. تمنحك Garnier Color Naturals لون لامع يدوم لفترة طويلة. شعر ملئ بالعناصر المُغذية للون غنى. لا للشعر الأبيض.   ﻿,ماركة: غارنييه
23958,بالمرز | كريم الشعر | 50 مل,palmers hair cream dpvw,80,EGP,بالمرز,العناية بالشعر>,in stock,https://chefaa.com:443/eg-ar/nowProduct/palmers-hair-cream-50-dpvw,https://cdn.chefaa.com/filters:format(webp)/public/uploads/products/palmers-hair-cream-50-rait-01665580607.png,https://cdn.chefaa.com/filters:format(webp)/public/uploads/products/palmers-hair-cream-50-rait-01665580607.png,مميزات المنتج   بالمرز | كريم الشعر | 50 مل,ماركة: بالمرز
47549,ليكسورا | ماسك لتقليل تساقط الشعر | 250مل,lixora anti hair loss mask 250ml go0p,350,EGP,No Brand,العناية بالشعر>ترطيب وعلاج الشعر,in stock,https://chefaa.com:443/eg-ar/nowProduct/lixora-anti-hair-loss-mask-250ml-go0p,https://cdn.chefaa.com/filters:format(webp)/public/uploads/products/lixora-anti-hair-loss-mask-250ml-whez-01726482145.png,https://cdn.chefaa.com/filters:format(webp)/public/uploads/products/lixora-anti-hair-loss-mask-250ml-whez-01726482145.png,مميزات المنتج   ليكسورا | ماسك لتقليل تساقط الشعر | 250مل,raw_specs: المواصفات
21619,صانسيلك | زيت جوز هند ومونوى | 250مل,sunsilk oil blooms coconut oil monoi 250ml fmrr,100,EGP,صانسيلك,العناية بالشعر>,in stock,https://chefaa.com:443/eg-ar/nowProduct/sunsilk-oil-blooms-coconut-oil-monoi-250ml-fmrr,https://cdn.chefaa.com/filters:format(webp)/public/uploads/products/sunsilk-oil-blooms-coconut-oil-monoi-250ml-fmrr-01664976330.png,https://cdn.chefaa.com/filters:format(webp)/public/uploads/products/sunsilk-oil-blooms-coconut-oil-monoi-250ml-fmrr-01664976330.png,عن هذا المنتج     صانسيلك | زيت جوز هند ومونوى | 250مل,ماركة: صانسيلك
18735,لونا | صبغة شعر بيرمنانت رقم 26 | 6جم,luna permanent hair color 6gm 3ogz,105,EGP,لونا,العناية بالشعر>,in stock,https://chefaa.com:443/eg-ar/nowProduct/luna-permanent-hair-color-no-26-6gm-3ogz,https://cdn.chefaa.com/filters:format(webp)/public/uploads/products/luna-permanent-hair-color-no-26-6gm-lqfg-01654017531.png,https://cdn.chefaa.com/filters:format(webp)/public/uploads/products/luna-permanent-hair-color-no-26-6gm-lqfg-01654017531.png,عن هذا المنتج     لونا | صبغة شعر بيرمنانت رقم 26 | 6جم,ماركة: لونا
45539,انفنتي داندل كريم لقشرة الشعر dandel cream | ١٠٠ مل,infinity dandel cream s3ql kxoe_duEXfS06,180,EGP,إنفينيتي,العناية بالشعر>ترطيب وعلاج الشعر,in stock,https://chefaa.com:443/eg-ar/nowProduct/infinity-dandel-cream-100-ml-s3ql-kxoe_duEXfS06,https://cdn.chefaa.com/filters:format(webp)/public/uploads/products/infinity-dandel-cream-100-ml-s3ql-kxoe-01722613223.png,https://cdn.chefaa.com/filters:format(webp)/public/uploads/products/infinity-dandel-cream-100-ml-s3ql-kxoe-01722613223.png,مميزات المنتج   يتميز انفنتي داندل كريم لقشرة الشعر infinity dandel cream بما يلي: يتميز بتركيبة غنية بالمكونات الطبيعية التي تعزز صحة الشعر وفروة الرأس. يحتوي على زبدة الشيا وزيت الأرجان وفيتامين E، التي تعمل على ترميم الشعر المتضرر وتقويته. يساعد على ترطيب الشعر بعمق، مما يقلل من الجفاف والتقصف. تركيبته الفريدة تساهم في التخلص من قشرة الرأس وتخفيف الحكة المصاحبة لها. يساعد على تحقيق توازن في إفراز الزيوت بفروة الرأس، مما يقلل من مشكلات القشرة والصدفية. يحسن مظهر الشعر ويكسبه النعومة واللمعان. سعر انفنتي داندل كريم لقشرة الشعر مناسب مقارنة بفوائده العديدة للشعر.   عن هذا المنتج     مكونات انفنتي داندل كريم للشعر   يحتوي داندل كريم على:  الكافيين (caffeine): يحفز الدورة الدموية في فروة الرأس، مما يعزز نمو الشعر ويساعد على تقليل تساقط الشعر عن طريق تقوية البصيلات.  زيت الأرجان (argan oil): يغذي الشعر بعمق ويمنحه ترطيبًا فائقًا كذلك يقلل من التقصف ويمنح الشعر لمعانًا طبيعيًا.  زيت الإيمو (emu oil): مضاد للالتهابات، يساعد على تهدئة فروة الرأس وتقليل الحكة.  زيت حبة البركة (black seed oil): يحتوي على مضادات الأكسدة التي تحمي فروة الرأس من الالتهابات كذلك يغذي بصيلات الشعر ويحفز نموه الصحي.  زيت الجرجير (watercress oil): يعزز كثافة الشعر ويقوي جذوره.  زيت جنين القمح (wheat germ oil): غني بفيتامين E الذي يحمي الشعر من التلف والجفاف ويساعد على ترطيبه وتنعيمه.  اللانولين (lanolin): يعمل كمرطب طبيعي، يمنح الشعر النعومة والمرونة.  فيتامين هـ (E): مضاد للأكسدة، يساعد على حماية الشعر من العوامل البيئية الضارة ويحافظ على صحة فروة الرأس ويمنع التقصف.  زيت المنك (mink oil): يغذي بصيلات الشعر ويمنحها قوة ولمعانًا كما يساعد على علاج الجفاف والتقصف.  زبدة الشيا (shea butter): مرطب قوي لفروة الرأس والشعر، ويحافظ على نعومته.  حجم عبوة infinity dandel cream   يتوفر كريم انفنتي داندل لقشرة الشعر بحجم 100 مل.  سعر كريم داندل dandel cream   يبلغ سعر كريم داندل للقشرة حوالي 130 جنيه مصري (سعر المنتج قد يتغير تبعاً لتحديث سعره في الصيدليات أو حسب العروض المتاحة).  يوصى باستعمال كريم داندل ل  كريم داندل للشعر مناسب لمن يعانون من القشرة وتلف الشعر فهو غني بالمرطبات الطبيعية التي تغذي الشعر وتزيد ترطيبه مما يحمي الشعر من التقصف والتلف، ويزيد صحة الشعر.  طريقة استخدام كريم انفنتي داندل للشعر  بعد غسل الشعر يوضع الكريم على جذور الشعر وفروة الرأس النظيفة والمبللة ويدلك بلطف لمدة 3 دقائق.  ما أفضل كريم لقشرة الشعر؟  كريم هيمالايا للقشرة himalaya cream.  كريم فاتيكا ناتشورالز للقشرة vatika naturals cream.  كريم بونا puna cream.  كريم بالمرز للقشرة palmer's cream.  كريم داندل للقشرة dandel cream.,ماركة: إنفينيتي
28401,كلاري هير ميست clary heat protection واقي الحرارة للشعر | 120 مل,clary mist spf heat protection 120ml thfh,320,EGP,كلاري,العناية بالشعر>,in stock,https://chefaa.com:443/eg-ar/nowProduct/clary-mist-spf-50-heat-protection-120ml-thfh,https://cdn.chefaa.com/filters:format(webp)/public/uploads/products/clary-mist-spf-50-heat-protection-120ml-thfh-01703073648.png,https://cdn.chefaa.com/filters:format(webp)/public/uploads/products/clary-mist-spf-50-heat-protection-120ml-thfh-01703073648.png,"مميزات المنتج   يتميز سبراى كلاري هير ميست clary heat protection بالآتي: يحافظ على الشعر من التلف الناتج من التعرض للحرارة وأشعة الشمس. يحمي الشعر المصبوغ ويحافظ على لونه. يرطب الشعر من الجذور وحتى الأطراف. يساعد على حماية الشعر من التساقط. له دور في الحفاظ على الشعر من التقصف والهيشان. مخصص للشعر الجاف والأكثر عرضة للتلف. يعد سعر Clary hair mist مناسباً مقارنة بفوائده للشعر.   عن هذا المنتج     مكونات كلاري هيت بروتكشن clary heat protection mist يحتوى كلاي سبراي واقي من الحرارة للشعر على: بروكابيل : يساعد على حماية الشعر من التساقط. مستخلص بذور المريمية : يعمل على ترطيب وتنعيم الشعر. زيت الأرجان: يساعد على تغذية وترطيب الشعر وحمايته من التقصف. فيتامين هـ : يغذي الشعر ويحميه من التساقط. معامل حماية الشعر من الحرارة SPF +50. حجم سبراي كلاري clary hair mist يتوافر كلاري هير ميست للحماية من الحرارة بحجم 120 مل وحجم 200 مل. سعر كلاري هير ميست واقي الحرارة للشعر سعر هير ميست كلاري يبلغ حوالى 290 جنيه. "" قد يتغير سعر سبراي كلاري للشعر من وقت لاخر تبعاً لتغيره فى الصيدليات"" يوصى باستعمال سبراى كلاري قبل الحرارة  كلاري سبراي هير ميست للحماية من الحرارة مناسب لجميع أنواع الشعر وخاصة الشعر الجاف والمعرض للتلف والهيشان، ويتم استخدامه قبل تعرض الشعر للحرارة للحفاظ على ترطيب ونعومة الشعر وحمايته من التلف. للحصول على أفضل نتيجة ينصح باستخدام مجموعة كلاري للشعر المكونة من: ماسك كلاري للشعر. كلاري شامبو للشعر. كلارى ماء الكيراتين. كلاري سيروم للشعر. ما أفضل سيروم لحماية الشعر من الحرارة ؟ فاتيكا سيرم الشعر للحماية من الحرارة. تريشوب سيرم للحماية من الحرارة بوبانا سيرم بزيت الجوجوبا. تريتو سيرم لحماية الشعر. تشى انفرا للحماية من الحرارة, ما أفضل بخاخ لحماية الشعر من الحرارة ؟ من أفضل أنواع بخاخ الشعر التي تتميز بتركيبة توفر حماية فعالة من الحرارة: كلاري بخاخ لحماية الشعر من الحرارة. واقي حراري للشعر من كانتو بخلاصة زبدة الشيا. ايفا هير كلينك جولد ارجان  واقي حرارة . سبراي حماية الشعر من بايو سيلك. بخاخ حماية الشعر ايرون جارد من تشى CHI.",ماركة: كلاري
471,غارنييه | صبغة شعر كولور ناتشرال كريم | 5.3 بني فاتح ذهبي,Garnier Color Naturals Hair Color Light Golden Brown 5.3,146,EGP,غارنييه,العناية بالشعر>صبغات الشعر,in stock,https://chefaa.com:443/eg-ar/nowProduct/Garnier-Color-Naturals-Hair-Color---Light-Golden-Brown-5.3,https://cdn.chefaa.com/filters:format(webp)/public/uploads/products/garnier-color-naturals-hair-color-light-golden-brown-53-01722777349.png,https://cdn.chefaa.com/filters:format(webp)/public/uploads/products/garnier-color-naturals-hair-color-light-golden-brown-53-01722777349.png,مميزات المنتج   غارنييه | صبغة شعر كولور ناتشرال كريم | 5.3 بني فاتح ذهبي   عن هذا المنتج     ﻿ صبغة غارنيه كولور ناتشرال بتركيبة متطورة مع خلاصة زيت الزيتون الذي يُغذي الشعر  والتى تعمل على تغذية شعرك، وتعطيك لون رائع ولامع ومُوحد. . زيت الزيتون فى البلسم يُعالج الشعر بفاعلية لشعر ناعم بلون جرىء ورائع. لا مزيد من الشعر الأبيض. ﻿ ﻿,ماركة: غارنييه
48074,موديش | شامبو للشعر بالكيراتين وخلاصة الاعشاب | 500مل,modish hair shampoo keratin and herbal extracts 500ml o72n_duv97x2A,195,EGP,موديش,العناية بالشعر>شامبو وبلسم,in stock,https://chefaa.com:443/eg-ar/nowProduct/modish-hair-shampoo-keratin-and-herbal-extracts-500ml-o72n_duv97x2A,https://cdn.chefaa.com/filters:format(webp)/public/uploads/products/modish-hair-shampoo-keratin-and-herbal-extracts-500ml-hlkp-01701698978.png,https://cdn.chefaa.com/filters:format(webp)/public/uploads/products/modish-hair-shampoo-keratin-and-herbal-extracts-500ml-hlkp-01701698978.png,مميزات المنتج   موديش | شامبو للشعر بالكيراتين وخلاصة الاعشاب | 500مل,ماركة: موديش
20700,بايجن | صبغة شعر دائمة بني نحاسي 76,bigen permenant hair color ulkv,87,EGP,بايجن,العناية بالشعر>,in stock,https://chefaa.com:443/eg-ar/nowProduct/bigen-permenant-hair-color-ulkv,https://cdn.chefaa.com/filters:format(webp)/public/uploads/products/bigen-permenant-hair-color-ulkv-01674638860.png,https://cdn.chefaa.com/filters:format(webp)/public/uploads/products/bigen-permenant-hair-color-ulkv-01674638860.png,مميزات المنتج   بايجن | صبغة شعر دائمة بني نحاسي 76,ماركة: بايجن
18021,بالمرز | بلسم بتركيبة زيت الزيتون | 50جم,palmers olive oil formula 50g qtir,72,EGP,بالمرز,العناية بالشعر>,in stock,https://chefaa.com:443/eg-ar/nowProduct/palmers-olive-oil-formula-50g-qtir,https://cdn.chefaa.com/filters:format(webp)/public/uploads/products/palmers-olive-oil-formula-50g-qlun-01653237545.png,https://cdn.chefaa.com/filters:format(webp)/public/uploads/products/palmers-olive-oil-formula-50g-qlun-01653237545.png,مميزات المنتج   بالمرز | بلسم بتركيبة زيت الزيتون | 50جم,ماركة: بالمرز
21131,ديفول | بلسم للأطفال | 500مل,divol conditioner for kids 500ml wvvz,150,EGP,ديفول,العناية بالشعر>,in stock,https://chefaa.com:443/eg-ar/nowProduct/divol-conditioner-for-kids-500ml-wvvz,https://cdn.chefaa.com/filters:format(webp)/public/uploads/products/divol-conditioner-for-kids-500ml-rfhd-01656246431.png,https://cdn.chefaa.com/filters:format(webp)/public/uploads/products/divol-conditioner-for-kids-500ml-rfhd-01656246431.png,عن هذا المنتج     ديفول | بلسم للأطفال | 500مل,ماركة: ديفول
20697,بايجن | صبغة شعر بودرة | اسود شرقي رقم 59,bigen hair dye ai15,90,EGP,بايجن,العناية بالشعر>,in stock,https://chefaa.com:443/eg-ar/nowProduct/bigen-hair-dye-no-59-ai15,https://cdn.chefaa.com/filters:format(webp)/public/uploads/products/bigen-hair-dye-no-59-nek9-01655294238.png,https://cdn.chefaa.com/filters:format(webp)/public/uploads/products/bigen-hair-dye-no-59-nek9-01655294238.png,مميزات المنتج   بايجن | صبغة شعر رقم 59,ماركة: بايجن
2606,داكس | مصفف ومثبّت للشعر لشعر لامع | 99جم,dax high and tight awesome shine hair dress cream 99gm,350,EGP,داكس,العناية بالشعر>,in stock,https://chefaa.com:443/eg-ar/nowProduct/dax-high-and-tight-awesome-shine-hair-dress-cream-99gm,https://cdn.chefaa.com/filters:format(webp)/public/uploads/products/dax-high-and-tight-awesome-shine-hair-dress-cream-99gm-01719497935.png,https://cdn.chefaa.com/filters:format(webp)/public/uploads/products/dax-high-and-tight-awesome-shine-hair-dress-cream-99gm-01719497935.png,مميزات المنتج   ﻿﻿يمنح لمعان وقوة فائقين ، فهو محصن بزيت جوز الهند ، وزيت الخروع ، واللانولين ، وزيت الجوجوبا,ماركة: داكس
48090,بليس | شامبو شيا | 300مل,bless shampoo with shea butter 300ml mdnl_duLNl2MV,85,EGP,بليس,العناية بالشعر>شامبو وبلسم,in stock,https://chefaa.com:443/eg-ar/nowProduct/bless-shampoo-with-shea-butter-300ml-mdnl_duLNl2MV,https://cdn.chefaa.com/filters:format(webp)/public/uploads/products/bless-shampoo-with-shea-butter-300ml-pgpf-01704129416.png,https://cdn.chefaa.com/filters:format(webp)/public/uploads/products/bless-shampoo-with-shea-butter-300ml-pgpf-01704129416.png,مميزات المنتج   بليس | شامبو شيا | 300مل,ماركة: بليس
1616,لوريال باريس | صبغة الشعر الرائعة إكسيلانس كريم | 7.1 أشقر رمادي,excellence creme hair color ash blonde,327,EGP,لوريال باريس,العناية بالشعر>صبغات الشعر,in stock,https://chefaa.com:443/eg-ar/nowProduct/excellence-creme-hair-color-71-ash-blonde,https://cdn.chefaa.com/filters:format(webp)/public/uploads/products/MFxq3ixc3ba1x531C5At5t4fHKBLBCkOhkazNx4B.jpeg,https://cdn.chefaa.com/filters:format(webp)/public/uploads/products/MFxq3ixc3ba1x531C5At5t4fHKBLBCkOhkazNx4B.jpeg,"مميزات المنتج   دائمة, Ash, اشقر, يغذي, الكولاجين, الكيراتين,لوريال, صبغة شعر, لون صبغه, العناية بالشعر, تسريحه شعر, كونسيلر,فاتح, مستحضر تجميل , شعر كوافير, مجعد, ناعم, لامع, الجمال, منتج, زيت , كريم, يعالج, بلسم , ابيض,   عن هذا المنتج     ﻿ ﻿ Product Benefits: Our first hair colour enriched with PRO-KERATIN that protects and strengthens the hair while you colour! Worlds No.1 Hair color with T CARE PROTECTION   The 3 powerful ingredients used help: Ceramides PROTECT Pro Keratin STRENGTHENS Collagen RESTORES Application: 1 - Before Protect Your Hair: 1. Use the protective serum 1 on dry and unwashed hair 2. Apply to the most fragile parts of the hair( Length and ends) Mix Your Color: 1. Pour 2B into developer bottle 2A 2. Replace the applicator tip and shake vigorously until mixture is totally blended 3. Twist off the applicator tip after mixing 4. You can choose to use the comb applicator on length 2. During: 1. Start applying at the root- let it develop for 20 minutes 2. Apply remaining through hair length and ends- let it develop for 10 minutes Total develop time- 30 minutes 3. After: 1. Pour little warm water on the hair and massage it gently 2. Then rinse thoroughly until water runs clear 3. Spread the conditioner through hair and leave it for 2 minutes 4. Keep the conditioner for another application between coloring Skin Allergy Test: The product can lead to allergic reactions which in certain rare cases may be severe Allergy test must be done before 48hr For Extra Care: To enhance the look of your color after application rinse your hair without shampoo: Use color protective conditioner Rinse out with cold water for extra shine Innovation: Now, the world’s no1 hair color goes even further with triple-care color: an advanced technology with 3 powerful care ingredient: Ceramide:  Enriched with ceramide, a replica of hair’s natural cement, excellence crème smoothens and protects the hair Pro-Keratin:  Excellence crème revitalizes and strengthens the hair Collagen:  Known for its densifying power Excellence Crème Replenishes and Softens the hair   100% Grey coverage from root to tip Rich, even, long-lasting color Soft and silky touch 85% more resistant to brushing Special comb applicator for ease in application",ماركة: لوريال باريس
21628,دابر املا | سبراي للأطفال لفك تشابك الشعر | 200مل,dabur amla nourishing detangler hair spray for kids 200ml 9tof,85,EGP,دابر أملا,العناية بالشعر>ترطيب وعلاج الشعر,in stock,https://chefaa.com:443/eg-ar/nowProduct/dabur-amla-nourishing-detangler-hair-spray-for-kids-200ml-9tof,https://cdn.chefaa.com/filters:format(webp)/public/uploads/products/dabur-amla-nourishing-detangler-hair-spray-for-kids-200ml-9tof-01719490297.png,https://cdn.chefaa.com/filters:format(webp)/public/uploads/products/dabur-amla-nourishing-detangler-hair-spray-for-kids-200ml-9tof-01719490297.png,مميزات المنتج   يتميز بخاخ دابر املا للاطفال بما يلي: غني بالزيوت الطبيعية المغذية للشعر. يرطب الشعر ويكسبه النعومة والحيوية. يساعد على فك تشابك الشعر مما يسهل تمشيطه. خالي من البارابين والبارافين. سعر دابر املا للاطفال بخاخ مناسب مقارنة بفوائده العديدة.   عن هذا المنتج     مكونات بخاخ دابر املا للاطفال   يحتوي بخاخ دابر املا للاطفال على:  زيت الأملا: يغذي الشعر ويكسبه المزيد من القوة والنعومة.  زيت اللوز: يرطب الشعر ويمنحه الحيوية ويقلل الهيشان.  زيت الزيتون: يزيد ترطيب وتنعيم الشعر.  حجم Dabur Amla Nourishing Detangler Hair Spray  يتوفر Dabur Amla Nourishing Detangler Hair Spray بحجم 200 مل.  يوصى باستعمال دابر املا كيدز بخاخ ل   دابر املا كيدز بخاخ مناسب لجميع أنواع الشعر فهو غني بالزيوت الطبيعية المغذية للشعر ويساعد على ترطيب الشعر وزيادة النعومة والحيوية للشعر.  ما هى فوائد بخاخ دابر املا للاطفال ؟  يقلل تشابك الشعر ويحميه من الهيشان.  يكسب الشعر النعومة والترطيب.  يحمي الشعر من التلف والتقصف.  يزيد قوة الشعر ويحميه من التساقط.  ما هى أضرار زيت دابر املا كيدز ؟  يحتوي زيت دابر املا كيدز على مواد طبيعية لا تسبب ضرراً للشعر، ولكن قد تكون رائحته قوية ونفاذة مما يسبب بعض الانزعاج وكذلك قد يسبب ملمس دهني على الشعر في حالة استخدام كمية كبيرة من الزيت على الشعر.,ماركة: دابر أملا
18396,باليت | صبغة شعر كريم دائمة ناتشورالز 3-0 بنى غامق | 50مل,palette permanent naturals color creme dark brown 50ml imbr,120,EGP,باليت,العناية بالشعر>,in stock,https://chefaa.com:443/eg-ar/nowProduct/palette-permanent-naturals-color-creme-3-0-dark-brown-50ml-imbr,https://cdn.chefaa.com/filters:format(webp)/public/uploads/products/palette-permanent-naturals-color-creme-3-0-dark-brown-50ml-imbr-01653564771.png,https://cdn.chefaa.com/filters:format(webp)/public/uploads/products/palette-permanent-naturals-color-creme-3-0-dark-brown-50ml-imbr-01653564771.png,مميزات المنتج   باليت | صبغة شعر كريم دائمة ناتشورالز 3-0 بنى غامق | 50مل,ماركة: باليت
50841,بلوكوبيشيا | محلول موضعي للشعر بنسبة 5% | 60مل,blockopecia solution mllY6R,107,EGP,No Brand,العناية بالشعر>ترطيب وعلاج الشعر,in stock,https://chefaa.com:443/eg-ar/nowProduct/blockopecia-5--solution-60-mllY6R,https://cdn.chefaa.com/filters:format(webp)/public/uploads/products/blockopecia-5-solution-60-mlly6r-01732639547.png,https://cdn.chefaa.com/filters:format(webp)/public/uploads/products/blockopecia-5-solution-60-mlly6r-01732639547.png,مميزات المنتج   بلوكوبيشيا | محلول موضعي للشعر بنسبة 5% | 60 مل,raw_specs: المواصفات
30893,رو افريكان | قناع الشيا للشعر | 250جم,raw african shea hair mask 250gm 5vvu,278,EGP,رو أفريكان,العناية بالشعر>,in stock,https://chefaa.com:443/eg-ar/nowProduct/raw-african-shea-hair-mask-250gm-5vvu,https://cdn.chefaa.com/filters:format(webp)/public/uploads/products/raw-african-shea-hair-mask-250gm-z5jm-01687207432.png,https://cdn.chefaa.com/filters:format(webp)/public/uploads/products/raw-african-shea-hair-mask-250gm-z5jm-01687207432.png,مميزات المنتج   رو افريكان |  قناع الشيا للشعر | 250جم,ماركة: رو أفريكان
21039,جي كى هير | جلوبال كيراتين شامبو معالجة الشعر المصبوغ للنساء | 300مل,hair global keratin color protection moisturizing shampoo 300ml jt62,750,EGP,جى كى هير,العناية بالشعر>,in stock,https://chefaa.com:443/eg-ar/nowProduct/gk-hair-global-keratin-color-protection-moisturizing-shampoo-300ml-jt62,https://cdn.chefaa.com/filters:format(webp)/public/uploads/products/gk-hair-global-keratin-color-protection-moisturizing-shampoo-300ml-jt62-01722331752.png,https://cdn.chefaa.com/filters:format(webp)/public/uploads/products/gk-hair-global-keratin-color-protection-moisturizing-shampoo-300ml-jt62-01722331752.png,عن هذا المنتج     جي كى هير | جلوبال كيراتين شامبو معالجة الشعر المصبوغ للنساء | 300مل,ماركة: جى كى هير
46021,مينك | كريم مغذي للشعر بزيت المينك واللوز | 150مل,mink hair food cream with mink oil almond 300ml 3up2_duXewwW8,40,EGP,مينك,العناية بالشعر>ترطيب وعلاج الشعر,in stock,https://chefaa.com:443/eg-ar/nowProduct/mink-hair-food-cream-with-mink-oil-almond-300ml-3up2_duXewwW8,https://cdn.chefaa.com/filters:format(webp)/public/uploads/products/mink-hair-food-cream-with-mink-oil-almond-300ml-8ckv-01687167919.png,https://cdn.chefaa.com/filters:format(webp)/public/uploads/products/mink-hair-food-cream-with-mink-oil-almond-300ml-8ckv-01687167919.png,مميزات المنتج   مينك | كريم مغذي للشعر بزيت المينك واللوز | 150مل   عن هذا المنتج     مينك كريم مغذي للشعر بزيت المينك واللوز 300مل تركيبة فريدة لشعر صحي وناعم ملئ بالشباب والحيوية يجعل الشعر ناعم ولامع مينك كريم مغذي للشعر بزيت المينك واللوز يعمل علي تجديد الشعر شديد الجفاف المتقصف ينصح باستخدامه يوميا,ماركة: مينك
45412,إيڤا هير كلينيك كيراتين | شامبو اي كيراتين ضد القشرة | 230مل,eva ekeratin anti dandruff shampoo 230ml_du2Y1pJ3,133,EGP,إيڤا,العناية بالشعر>شامبو وبلسم,in stock,https://chefaa.com:443/eg-ar/nowProduct/eva-ekeratin-anti-dandruff-shampoo-230ml_du2Y1pJ3,https://cdn.chefaa.com/filters:format(webp)/public/uploads/products/eva-ekeratin-anti-dandruff-shampoo-230ml-du2y1pj3-01738004570.png,https://cdn.chefaa.com/filters:format(webp)/public/uploads/products/eva-ekeratin-anti-dandruff-shampoo-230ml-du2y1pj3-01738004570.png,مميزات المنتج   يمنح تأثير ثلاثي المفعول الحماية من العوامل المسببة للقشرة وتنقي فروة الرأس. و يقوم بحماية البروتين الطبيعي في الشعر من العوامل البيئية الضارة و إعادة بناء الشعر التالف.,ماركة: إيڤا
21675,صانسيلك | بديل الزيت بالعسل و زيت اللوز | 300مل,sunsilk natural recharge anti breakage oil replacement hair cream with honey 300ml igvo,144,EGP,صانسيلك,العناية بالشعر>,in stock,https://chefaa.com:443/eg-ar/nowProduct/sunsilk-natural-recharge-anti-breakage-oil-replacement-hair-cream-with-honey-300ml-igvo,https://cdn.chefaa.com/filters:format(webp)/public/uploads/products/sunsilk-natural-recharge-anti-breakage-oil-replacement-hair-cream-with-honey-300ml-qxwm-01657114737.png,https://cdn.chefaa.com/filters:format(webp)/public/uploads/products/sunsilk-natural-recharge-anti-breakage-oil-replacement-hair-cream-with-honey-300ml-qxwm-01657114737.png,مميزات المنتج   صانسيلك | بديل الزيت بالعسل و زيت اللوز | 300مل,ماركة: صانسيلك
45681,انفينيتي | توب هير امبولات لعلاج تساقط الشعر | 8 امبولات | 10مل,infinity top hair treatment ampoules ampoules 10ml gjjk_du6pFy72,450,EGP,إنفينيتي,العناية بالشعر>ترطيب وعلاج الشعر,in stock,https://chefaa.com:443/eg-ar/nowProduct/infinity-top-hair-treatment-ampoules-8-ampoules-10ml-gjjk_du6pFy72,https://cdn.chefaa.com/filters:format(webp)/public/uploads/products/infinity-top-hair-treatment-ampoules-8-ampoules-10ml-qjxn-01722767607.png,https://cdn.chefaa.com/filters:format(webp)/public/uploads/products/infinity-top-hair-treatment-ampoules-8-ampoules-10ml-qjxn-01722767607.png,عن هذا المنتج     تحتوي الأمبولة على مكونات طبيعية تساعد على تنشيط الدورة الدموية في بصيلات الشعر وتقوية الشعر وتعزيز نمو الشعر الجديد بنسبة تصل إلى 121% كما يقلل من تساقط الشعر بنسبة 58% المكونات: مستخلص الفليفلة والثوم.  مركب حيوي للشعر وفروة الرأس.  فيتيسينس.  فيتامين ب 6.  بروكابيل. الفوائد: يوقف تساقط الصلع الوراثي. يحفز كثافة الشعر. يقوي بصيلات الشعر. يحفز نمو الشعر. طريقة الاستخدام: يوضع يوميا على فروة الرأس ويدلك برفق لا يشطف,ماركة: إنفينيتي
21890,باليت | صغيرة ناتشورال 7/0 | اشقر متوسط,palette small natural medium blond nyeh,120,EGP,باليت,العناية بالشعر>صبغات الشعر,in stock,https://chefaa.com:443/eg-ar/nowProduct/palette-small-natural-70-medium-blond-nyeh,https://cdn.chefaa.com/filters:format(webp)/public/uploads/products/palette-small-natural-70-medium-blond-nyeh-01772356021.png,https://cdn.chefaa.com/filters:format(webp)/public/uploads/products/palette-small-natural-70-medium-blond-nyeh-01772356021.png,مميزات المنتج   باليت | صغيرة ناتشورال 7/0 | اشقر متوسط,ماركة: باليت
62042,لوريال باريس | بلسم لتعزيز لمعان الشعر | 360مل,lor%C3%A9al paris gloss sealing conditioner 200ml l5ei,220,EGP,لوريال باريس,العناية بالشعر>شامبو وبلسم,in stock,https://chefaa.com:443/eg-ar/nowProduct/lor%C3%A9al-paris-gloss-sealing-conditioner-200ml-l5ei,https://cdn.chefaa.com/filters:format(webp)/public/uploads/products/loréal-paris-gloss-sealing-conditioner-200ml-ac7q-01752154362.png,https://cdn.chefaa.com/filters:format(webp)/public/uploads/products/loréal-paris-gloss-sealing-conditioner-200ml-ac7q-01752154362.png,مميزات المنتج   لوريال باريس | بلسم لتعزيز لمعان الشعر | 360مل,ماركة: لوريال باريس
40093,ريجو | لوشن للشعر | 250مل,rego hair lotion yb6k,180,EGP,No Brand,العناية بالشعر>ترطيب وعلاج الشعر,in stock,https://chefaa.com:443/eg-ar/nowProduct/rego-hair-lotion-250-ml-yb6k,https://cdn.chefaa.com/filters:format(webp)/public/uploads/products/rego-hair-lotion-250-ml-yb6k-01727864546.png,https://cdn.chefaa.com/filters:format(webp)/public/uploads/products/rego-hair-lotion-250-ml-yb6k-01727864546.png,مميزات المنتج   ريجو | لوشن للشعر | 250مل,raw_specs: المواصفات
24003,دابر املا | زيت مغذي لشعر الاطفال | 200مل,dabur amla kids hair oil qv0u,88,EGP,دابر أملا,العناية بالشعر>ترطيب وعلاج الشعر,in stock,https://chefaa.com:443/eg-ar/nowProduct/dabur-amla-kids-hair-oil-200-qv0u,https://cdn.chefaa.com/filters:format(webp)/public/uploads/products/dabur-amla-kids-hair-oil-200-d6ak-01665667763.png,https://cdn.chefaa.com/filters:format(webp)/public/uploads/products/dabur-amla-kids-hair-oil-200-d6ak-01665667763.png,"مميزات المنتج   يتميز زيت دابر املا للاطفال (dabur amla oil) بما يلى: يُكسب الشعر مزيد من الطول والنعومة والحيوية. يتميز برائحته الخفيفة المميزة. يحتوي على مجموعة من المكونات الطبيعية الفعالة. يتميز بتركيبته الغير لزجة سهله الشطف. خالي من البارابين والبارافين والمواد الكيميائية الضارة.   عن هذا المنتج     مكونات زيت دابر املا للاطفال يحتوى زيت دابر املا للاطفال على     زيت أملا: يعمل على تعزيز نمو الشعر وتقوية فروة الرأس والشعر.   زيت اللوز: مصدر لفيتامين هـ ويعمل على تحفيز نمو الشعر وحمايته من الضرر.   زيت الزيتون: يعمل على تقوية الشعر وتغذيته وجعله أكثر نعومة.     فوائد زيت دابر املا للشعر للاطفال يعمل على تقليل الهيشان. يساعد على فك التشابك وتسهيل تصفيف الشعر. يعمل على تقوية وتغذية الشعر. يعمل على تحفيز نمو الشعر. يعمل على ترطيب الشعر وحمايته من الجفاف. سعر زيت دابر املا الاصلي في مصر سعر زيت دابر املا كيدز حوالى 67.5 جنيه. "" قد يتغير سعر زيت دابر املا الصغيرة من وقت لاخر تبعاً لتغير سعره فى الاسواق"" حجم دابر املا كيدز dabur amla hair oil يتوافر زيت دابر املا الاصلي بحجم 200 مل. يوصي باستعمال زيت شعر دابر املا زيت دابر املا مخصص للأطفال حيث يعمل على تعزيز نمو الشعر وتقليل تساقطه، كما يساعد على ترطيب وتغذية الشعر وتقليل هيشانه وتسهيل تصفيفه. طريقة استخدام زيت دابر املا لتطويل الشعر قبل استخدام الشامبو، استخدمي أطراف أصابعك للتدليك الزيت بلطف على فروة الرأس ثم يتم غسل الشعر بالشامبو استخدميه بانتظام للحصول على شعر أطول وأقوى وأكثر نعومة. ما هى اضرار زيت دابر املا كيدز ؟ استخدام الزيت بكثرة على فروة الرأس يمكن أن يسد بصيلات الشعر، مما يؤدي إلى تساقط الشعر وقشرة الرأس  ووضعه على الشعر المتسخ يمكن أن يسبب التهابات فروة الرأس"". هل زيت دابر املا يكثف الشعر ؟ زيت دابر املا الاصلي لتطويل الشعر يحتوى على مجموعة من الزيوت الطبيعية التى تغذى الشعر. زيت دابر املا للاطفال من عمر كام ؟ يمكن استعماله من عمر ٥ سنوات. هل يمكن استخدام زيت دابر املا يوميا ؟ يمكن استعماله يومياً على اطراف الشعر وليس فروة الرأس هل زيت دابر املا يطول الشعر ؟ زيت دابر املا غنى بالزيوت الطبيعية التى تساعد على تغذية الشعر. ما الفرق بين زيت دابر املا الاصلي والتقليد ؟ لضمان ان الزيت اصلى يوصى بشراء الزيت من اماكن موثوقة. ما أفضل زيت لتنعيم وتطويل شعر الأطفال ؟  زيت بندولين كيدز  دابر املا كيدز زيت الشعر المغذي  زيت جونسون للشعر  بلانكى زيت الشعر للأطفال الرضع",ماركة: دابر أملا
1478,لوريال باريس | بديل الزيت الفيف بمقاومة الأرجنين ضد تساقط الشعر | 300مل,elvive argenine resist oil replacement 300ml,180,EGP,لوريال باريس,العناية بالشعر>,in stock,https://chefaa.com:443/eg-ar/nowProduct/elvive-argenine-resist-x3-oil-replacement-300ml,https://cdn.chefaa.com/filters:format(webp)/public/uploads/products/elvive-argenine-resist-x3-oil-replacement-300ml-01727093380.png,https://cdn.chefaa.com/filters:format(webp)/public/uploads/products/elvive-argenine-resist-x3-oil-replacement-300ml-01727093380.png,مميزات المنتج   امنحي شعرك العناصر الغذائية الأساسية باستخدام بديل الزيت الفيف بالأرجنين من لوريال باريس، فهو عبارة عن كريم للشعر غني بالزيوت لتقوية الشعر الضعيف والمعرض للتساقط. يقوم هذا الزيت بتوفير العناصر الغذائية الأساسية لبصيلة الشعر، حيث أن البصيلة الضعيفة هي السبب الرئيسي لسقوط الشعر. لذلك يعتبر الكريم مثاليا لمحاربة مشاكل تساقط الشعر. قومي بتغذية شعرك بدون أي مجهود باستخدام الكريم> شعر مغذى لأقصى درجة: احصلي على شعر صحي وكثيف وطويل باستخدام بديل الزيت الفيف من لوريال باريس الذي يقوم بتوفير الأحماض الامينية اللازمة والبروتين حتى بصيلة الشعر مما يقلل من تساقط الشعر لحدِ كبير> علاج استراتيجي: يأتي هذا الكريم بقوام خفيف وخالي من الدهون. يمكنك وضعه على الشعر الجاف او الرطب بعد استخدام الشامبو حيث أنه يعمل كمرطب عند استخدامه بعد غسل الشعر   عن هذا المنتج     ﻿,ماركة: لوريال باريس
18738,فاتيكا | مايونيز للشعر علاج للتحكم في تساقط الشعر | 500مل,vatika hair mayonnaise hair fall control hair treatment 500ml vp2l,160,EGP,فاتيكا,العناية بالشعر>شامبو وبلسم,in stock,https://chefaa.com:443/eg-ar/nowProduct/vatika-hair-mayonnaise-hair-fall-control-hair-treatment-500ml-vp2l,https://cdn.chefaa.com/filters:format(webp)/public/uploads/products/vatika-hair-mayonnaise-hair-fall-control-hair-treatment-500ml-vp2l-01655627384.png,https://cdn.chefaa.com/filters:format(webp)/public/uploads/products/vatika-hair-mayonnaise-hair-fall-control-hair-treatment-500ml-vp2l-01655627384.png,مميزات المنتج   فاتيكا | مايونيز للشعر علاج للتحكم في تساقط الشعر | 500مل   عن هذا المنتج     فاتيكا | مايونيز للشعر علاج للتحكم في تساقط الشعر | 500مل,ماركة: فاتيكا
29085,كانتو | كريم شامبو مطهر الشعر خالي من السولفيت بزبدة الشيا | 400مل,cantu cleansing cream shampoo sulfate free 400ml tiyc,489,EGP,كانتو,العناية بالشعر>,in stock,https://chefaa.com:443/eg-ar/nowProduct/cantu-cleansing-cream-shampoo-sulfate-free-400ml-tiyc,https://cdn.chefaa.com/filters:format(webp)/public/uploads/products/cantu-cleansing-cream-shampoo-sulfate-free-400ml-tiyc-01697006739.png,https://cdn.chefaa.com/filters:format(webp)/public/uploads/products/cantu-cleansing-cream-shampoo-sulfate-free-400ml-tiyc-01697006739.png,مميزات المنتج   كانتو | كريم شامبو مطهر الشعر خالي من السولفيت بزبدة الشيا | 400مل,ماركة: كانتو
54261,روت تو اند | لوشن مضاد لتجعد الشعر | 250مل,root end anti frizz hair reparing lotion 250ml ri6r_dubSGp1s,495,EGP,روت تو اند,العناية بالشعر>ترطيب وعلاج الشعر,in stock,https://chefaa.com:443/eg-ar/nowProduct/root-to-end-anti-frizz-hair-reparing-lotion-250ml-ri6r_dubSGp1s,https://cdn.chefaa.com/filters:format(webp)/public/uploads/products/root-to-end-anti-frizz-hair-reparing-lotion-250ml-3tqy-01709413774.png,https://cdn.chefaa.com/filters:format(webp)/public/uploads/products/root-to-end-anti-frizz-hair-reparing-lotion-250ml-3tqy-01709413774.png,مميزات المنتج   روت تو اند | لوشن مضاد لتجعد الشعر | 250مل,ماركة: روت تو اند
1605,لوريال باريس | صبغة الشعر الرائعة إكسيلانس كريم | 4 بني,excellence creme hair color brown,297,EGP,لوريال باريس,العناية بالشعر>صبغات الشعر,in stock,https://chefaa.com:443/eg-ar/nowProduct/excellence-creme-hair-color-4-brown,https://cdn.chefaa.com/filters:format(webp)/public/uploads/products/excellence-creme-hair-color-4-brown-01650710987.png,https://cdn.chefaa.com/filters:format(webp)/public/uploads/products/excellence-creme-hair-color-4-brown-01650710987.png,"مميزات المنتج   دائمة, فاتح, بني, يغذي, الكولاجين, الكيراتين,لوريال, صبغة شعر, لون صبغه, العناية بالشعر, تسريحه شعر, كونسيلر,فاتح, مستحضر تجميل , شعر كوافير, مجعد, ناعم, لامع, الجمال, منتج, زيت , كريم, يعالج, بلسم , ابيض,   عن هذا المنتج     ﻿ ﻿ Product Benefits: Our first hair colour enriched with PRO-KERATIN that protects and strengthens the hair while you colour! Worlds No.1 Hair color with T CARE PROTECTION   The 3 powerful ingredients used help: Ceramides PROTECT Pro Keratin STRENGTHENS Collagen RESTORES Application: 1 - Before Protect Your Hair: 1. Use the protective serum 1 on dry and unwashed hair 2. Apply to the most fragile parts of the hair( Length and ends) Mix Your Color: 1. Pour 2B into developer bottle 2A 2. Replace the applicator tip and shake vigorously until mixture is totally blended 3. Twist off the applicator tip after mixing 4. You can choose to use the comb applicator on length 2. During: 1. Start applying at the root- let it develop for 20 minutes 2. Apply remaining through hair length and ends- let it develop for 10 minutes Total develop time – 30 minutes 3. After: 1. Pour little warm water on the hair and massage it gently 2. Then rinse thoroughly until water runs clear 3. Spread the conditioner through hair and leave it for 2 minutes 4. Keep the conditioner for another application between coloring Skin Allergy Test: The product can lead to allergic reactions which in certain rare cases may be severe Allergy test must be done before 48hr For Extra Care: To enhance the look of your color after application rinse your hair without shampoo: Use color protective conditioner Rinse out with cold water for extra shine Innovation: Now, the world’s no1 hair color goes even further with triple-care color: an advanced technology with 3 powerful care ingredient: Ceramide:  Enriched with ceramide, a replica of hair’s natural cement, excellence crème smoothens and protects the hair Pro-Keratin:  Excellence crème revitalizes and strengthens the hair Collagen:  Known for its densifying power Excellence Crème Replenishes and Softens the hair   100% Grey coverage from root to tip Rich, even, long-lasting color Soft and silky touch 85% more resistant to brushing Special comb applicator for ease in application",ماركة: لوريال باريس
30570,سوبر كيدز | بخاخ فك تشابك الشعر | 120مل,superkids detangling spray 120ml ccfv,120,EGP,سوبر كيدز,العناية بالشعر>,in stock,https://chefaa.com:443/eg-ar/nowProduct/superkids-detangling-spray-120ml-ccfv,https://cdn.chefaa.com/filters:format(webp)/public/uploads/products/superkids-detangling-spray-120ml-xppe-01686500319.png,https://cdn.chefaa.com/filters:format(webp)/public/uploads/products/superkids-detangling-spray-120ml-xppe-01686500319.png,مميزات المنتج   سوبر كيدز | بخاخ فك تشابك الشعر | 120مل,ماركة: سوبر كيدز
56850,جلوري | حناء للشعر لون بني فاتح 10جم | 1 كيس,glory henna light brown 9wde g5zh_duOjT5dB,45,EGP,مجموعة جلوري الطبية,العناية بالشعر>صبغات الشعر,in stock,https://chefaa.com:443/eg-ar/nowProduct/glory-henna-light-brown-10-gm-9wde-g5zh_duOjT5dB,https://cdn.chefaa.com/filters:format(webp)/public/uploads/products/glory-henna-light-brown-10-gm-9wde-g5zh-duojt5db-01750337323.png,https://cdn.chefaa.com/filters:format(webp)/public/uploads/products/glory-henna-light-brown-10-gm-9wde-g5zh-duojt5db-01750337323.png,مميزات المنتج   جلوري | حناء للشعر لون بني فاتح 10جم | 1 كيس,ماركة: مجموعة جلوري الطبية
55631,ليه كاريتيه | سيروم مرطب للشعر بزبدة الشيا | 60مل,karites shea butter hair serum 60mlfQPH,160,EGP,لي كاريتيه,العناية بالشعر>ترطيب وعلاج الشعر,in stock,https://chefaa.com:443/eg-ar/nowProduct/karites-shea-butter-hair-serum-60mlfQPH,https://cdn.chefaa.com/filters:format(webp)/public/uploads/products/karites-shea-butter-hair-serum-60mlfqph-01733075363.png,https://cdn.chefaa.com/filters:format(webp)/public/uploads/products/karites-shea-butter-hair-serum-60mlfqph-01733075363.png,مميزات المنتج   ليه كاريتيه | سيروم مرطب للشعر بزبدة الشيا | 60 مل   عن هذا المنتج     ليه كاريتيه | سيروم مرطب للشعر بزبدة الشيا | 60 مل,ماركة: لي كاريتيه
20975,فاتيكا | قناع العسل والخروع للشعر | 500جم,vatika honey and castor hair mask 4uqy,80,EGP,فاتيكا,العناية بالشعر>,in stock,https://chefaa.com:443/eg-ar/nowProduct/vatika-honey-and-castor-hair-mask-500-g-4uqy,https://cdn.chefaa.com/filters:format(webp)/public/uploads/products/vatika-honey-and-castor-hair-mask-500-g-stwd-01655654096.png,https://cdn.chefaa.com/filters:format(webp)/public/uploads/products/vatika-honey-and-castor-hair-mask-500-g-stwd-01655654096.png,مميزات المنتج   فاتيكا | قناع العسل والخروع للشعر | 500جم    عن هذا المنتج     فاتيكا | قناع العسل والخروع للشعر | 500جم,ماركة: فاتيكا
32,فيشي | ديركوس دينسي سوليوشنز بلسم لترميم الشعر وتعزيز كثافته | 200مل,vichy dercos densi solutions restoring balm conditioner,790,EGP,فيشي,العناية بالشعر>شامبو وبلسم,in stock,https://chefaa.com:443/eg-ar/nowProduct/vichy-dercos-densi-solutions-restoring-balm-conditioner-150-ml,https://cdn.chefaa.com/filters:format(webp)/public/uploads/products/vichy-dercos-densi-solutions-restoring-balm-conditioner-150-ml-01648115080.png,https://cdn.chefaa.com/filters:format(webp)/public/uploads/products/vichy-dercos-densi-solutions-restoring-balm-conditioner-150-ml-01648115080.png,مميزات المنتج   يوفر ترطيب وعناية فائقة لفروة الرأس والشعر. يعمل على تعزيز كثافة وسمك الشعر. يُكسب الشعر مزيد من القوة واللمعان. يعمل على حماية الشعر من أضرار العوامل البيئية الضارة. مناسب لفروة الرأس الحساسة. مناسب للشعر الهايش والخفيف. خالي من البارابين والسيليكون والملونات. تم اختباره من قبل أطباء الجلدية. لا يسبب حساسية فروة الرأس.   عن هذا المنتج     مكونات بلسم ديركوس دينسي سوليوشنز من فيشي: شمع الكانديلا: يعمل على منع فقدان رطوبة فروة الرأس والشعر ويجعل الشعر أكثر لمعان. سيراميد: يعمل على إعادة رطوبة الشعر، كما يساعد ترميم وتقوية الشعر وحمايته من التلف لجعله أكثر حيوية وصحة. رامنوز : يعمل على تعزيز كثافة الشعر. زيت النعناع: يعمل على تعزيز نمو الشعر وإعادة لمعانه من جديد. حجم Vichy Dercos Densi-Solutions Restoring Thickening Balm : يتوفر بحجم 200 مل. يوصي به: البلسم مناسب للذين يعانون من الشعر الخفيف والهايش حيث يعمل على ترميم الشعر وتعزيز كثافة وسمك الشعر.,ماركة: فيشي
46574,فاتيكا | زيت شعر بالزيتون | 180مل,vatika naturals olive enriched hair oil 180ml jljj_duekFMUT,45,EGP,فاتيكا,العناية بالشعر>ترطيب وعلاج الشعر,in stock,https://chefaa.com:443/eg-ar/nowProduct/vatika-naturals-olive-enriched-hair-oil-180ml-jljj_duekFMUT,https://cdn.chefaa.com/filters:format(webp)/public/uploads/products/vatika-naturals-olive-enriched-hair-oil-180ml-5mke-01704817925.png,https://cdn.chefaa.com/filters:format(webp)/public/uploads/products/vatika-naturals-olive-enriched-hair-oil-180ml-5mke-01704817925.png,مميزات المنتج   فاتيكا | زيت شعر بالزيتون | 180مل,ماركة: فاتيكا
46078,سوبر كيدز | سبراي الشعر المغذي | 120مل,superkids nutritive hair spray 120ml ydxb_duYTkXUK,150,EGP,سوبر كيدز,العناية بالشعر>ترطيب وعلاج الشعر,in stock,https://chefaa.com:443/eg-ar/nowProduct/superkids-nutritive-hair-spray-120ml-ydxb_duYTkXUK,https://cdn.chefaa.com/filters:format(webp)/public/uploads/products/superkids-nutritive-hair-spray-120ml-wyyf-01693997384.png,https://cdn.chefaa.com/filters:format(webp)/public/uploads/products/superkids-nutritive-hair-spray-120ml-wyyf-01693997384.png,مميزات المنتج   سوبر كيدز | سبراي الشعر المغذي | 120مل,ماركة: سوبر كيدز
18076,فيتال | جل العناية بالصبار النقي للبشرة | 300مل,vital aloe vera pure skin gel coop,280,EGP,فيتال كير,العناية بالشعر>,in stock,https://chefaa.com:443/eg-ar/nowProduct/vital-aloe-vera-pure-skin-gel-coop,https://cdn.chefaa.com/filters:format(webp)/public/uploads/products/vital-aloe-vera-pure-skin-gel-085n-01653309689.png,https://cdn.chefaa.com/filters:format(webp)/public/uploads/products/vital-aloe-vera-pure-skin-gel-085n-01653309689.png,عن هذا المنتج     فيتال | جل العناية بالصبار النقي للبشرة | 300مل,ماركة: فيتال كير
49392,كومبليت كير | مصل تنظيف فروة الرأس والشعر | 60 مل,complete care scalp and hair clearing serum j9ax,100,EGP,No Brand,العناية بالشعر>,in stock,https://chefaa.com:443/eg-ar/nowProduct/complete-care-scalp-and-hair-clearing-serum-j9ax,https://cdn.chefaa.com/filters:format(webp)/public/uploads/products/complete-care-scalp-and-hair-clearing-serum-20vy-01729678600.png,https://cdn.chefaa.com/filters:format(webp)/public/uploads/products/complete-care-scalp-and-hair-clearing-serum-20vy-01729678600.png,مميزات المنتج   كومبليت كير | مصل تنظيف فروة الرأس والشعر | 60 مل   عن هذا المنتج     كومبليت كير | مصل تنظيف فروة الرأس والشعر | 60 مل,raw_specs: المواصفات
32111,فاتيكا | زيت بالجرجير لتغذية جذور الشعر | 90مل,vatika naturals watercress enriched hair oil 90ml ddvv,21,EGP,فاتيكا,العناية بالشعر>ترطيب وعلاج الشعر,in stock,https://chefaa.com:443/eg-ar/nowProduct/vatika-naturals-watercress-enriched-hair-oil-90ml-ddvv,https://cdn.chefaa.com/filters:format(webp)/public/uploads/products/vatika-naturals-watercress-enriched-hair-oil-90ml-n7da-01696284968.png,https://cdn.chefaa.com/filters:format(webp)/public/uploads/products/vatika-naturals-watercress-enriched-hair-oil-90ml-n7da-01696284968.png,مميزات المنتج   يتميز زيت فاتيكا بالجرجير بما يلي: يحتوي على مكونات طبيعية تساعد على تغذية جذور الشعر وتقويتها، ما يساعد على تحسين صحة الشعر وتقليل تساقطه. تساعد على تحفيز نمو الشعر وزيادة كثافته، مما يساهم في الحصول على شعر صحي وكثيف. يحسن صحة فروة الرأس ويقلل تساقط الشعر. يرطب الشعر ويحميه من الجفاف، ما يجعله ناعمًا ولامعًا. يحتوي على مضادات الأكسدة التي تساعد على حماية الشعر من التلف الناتج عن التصفيف المتكرر وتأثيرات العوامل البيئية الضارة.  منتج طبيعي وآمن للاستخدام، إذ لا يحتوي على مواد كيميائية ضارة ولا يسبب أي تهيج أو حساسية لفروة الرأس. سعر زيت فاتيكا بالجرجير مناسب مقارنة بحجمه ودوره في الحصول على شعر أكثر صحة وحيوية.   عن هذا المنتج     مكونات زيت فاتيكا بالجرجير   يحتوي زيت فاتيكا على:  خلاصة الجرجير: يغذي بصيلات الشعر ويقويه من الجذور وحتى الأطراف.  النخاع: يغذي الشعر ويكسبه النعومة ويحفز نموه.  فيتامين ه: غني بمضادات الأكسدة التي تزيد نعومة ولمعان الشعر ويساهم في تقليل التساقط.  حجم Vatika oil with watercress  يتوفر Vatika oil with watercress بحجم 90 مل.  سعر زيت فاتيكا بالجرجير  سعر زيت فاتيكا بالجرجير 15 جنيه مصري.  يوصى باستعمال زيت فاتيكا بالجرجير ل   زيت فاتيكا بالجرجير مناسب لجميع أنواع الشعر فهو يغذي بصيلات الشعر ويقلل التساقط وكذلك يمنحك شعرًا أكثر قوة ونعومة، بفضل تركيبته المميزة الغنية بالمواد الطبيعية المغذية للشعر.,ماركة: فاتيكا
48092,جى.دو | شامبو للجنسين بزيت المكاديميا | 400مل,gdoux shampoo with macadamia oil 400ml ne2o_duQHp84w,245,EGP,جي.دو,العناية بالشعر>شامبو وبلسم,in stock,https://chefaa.com:443/eg-ar/nowProduct/gdoux-shampoo-with-macadamia-oil-400ml-ne2o_duQHp84w,https://cdn.chefaa.com/filters:format(webp)/public/uploads/products/gdoux-shampoo-with-macadamia-oil-400ml-lwai-01704131994.png,https://cdn.chefaa.com/filters:format(webp)/public/uploads/products/gdoux-shampoo-with-macadamia-oil-400ml-lwai-01704131994.png,مميزات المنتج   جى.دو | شامبو للجنسين بزيت المكاديميا | 400مل,ماركة: جي.دو
46290,الوكيتا | قناع الشعر | 200 مل,aloekita hair mask vtbs_duBuRw91,235,EGP,الوكيتا,العناية بالشعر>ترطيب وعلاج الشعر,in stock,https://chefaa.com:443/eg-ar/nowProduct/aloekita-hair-mask-vtbs_duBuRw91,https://cdn.chefaa.com/filters:format(webp)/public/uploads/products/aloekita-hair-mask-eghf-01672672872.png,https://cdn.chefaa.com/filters:format(webp)/public/uploads/products/aloekita-hair-mask-eghf-01672672872.png,مميزات المنتج   الوكيتا | قناع الشعر | 200 مل   عن هذا المنتج     الوكيتا | قناع الشعر | 200 مل,ماركة: الوكيتا
21769,هيربل اسنسز | شامبو زيت المورينجا الذهبي المنعم | 400مل,herbal essences renew smooth golden moringa oil shampoo 400ml 7goj,280,EGP,هيربل اسنسز,العناية بالشعر>شامبو وبلسم,in stock,https://chefaa.com:443/eg-ar/nowProduct/herbal-essences-renew-smooth-golden-moringa-oil-shampoo-400ml-7goj,https://cdn.chefaa.com/filters:format(webp)/public/uploads/products/herbal-essences-renew-smooth-golden-moringa-oil-shampoo-400ml-7goj-01722336522.png,https://cdn.chefaa.com/filters:format(webp)/public/uploads/products/herbal-essences-renew-smooth-golden-moringa-oil-shampoo-400ml-7goj-01722336522.png,مميزات المنتج   هيربل اسنسز | شامبو زيت المورينجا الذهبي المنعم | 400مل,ماركة: هيربل اسنسز
20768,فاتيكا | كريم تصفيف الشعر فائق الترطيب باللوز | 190مل + 10% خصم,vatika orange family cream g10 discount jlyt,75,EGP,فاتيكا,العناية بالشعر>,in stock,https://chefaa.com:443/eg-ar/nowProduct/vatika-orange-family-cream-210-g10-discount-jlyt,https://cdn.chefaa.com/filters:format(webp)/public/uploads/products/vatika-orange-family-cream-210-g10-discount-jlyt-01750926511.png,https://cdn.chefaa.com/filters:format(webp)/public/uploads/products/vatika-orange-family-cream-210-g10-discount-jlyt-01750926511.png,مميزات المنتج   فاتيكا | كريم تصفيف الشعر فائق الترطيب باللوز | 190مل + 10% خصم,ماركة: فاتيكا
18535,لي كاريتيه شامبو لتنظيف الشعر العادي والجاف بزبدة الشيا | 400 مل,les karites shampoo with shea butter 400ml qzir,135,EGP,لي كاريتيه,العناية بالشعر>,in stock,https://chefaa.com:443/eg-ar/nowProduct/les-karites-shampoo-with-shea-butter-400ml-qzir,https://cdn.chefaa.com/filters:format(webp)/public/uploads/products/les-karites-shampoo-with-shea-butter-400ml-qzir-01724231343.png,https://cdn.chefaa.com/filters:format(webp)/public/uploads/products/les-karites-shampoo-with-shea-butter-400ml-qzir-01724231343.png,مميزات المنتج   يعمل على تنظيف فروة الرأس والشعر بعمق وفاعلية. يعمل على تسهيل تصفيف الشعر. يُكسب الشعر مزيد من النعومة واللمعان. مناسب للشعر العادي والجاف. لا يسبب جفاف الشعر. خالي من سلفات الصوديوم والسيليكون والبارابين.   عن هذا المنتج     مكونات شامبو لي كاريتيه: زبدة الشيا: تعمل على تغذية وترطيب فروة الرأس. حجم Les Karites Shampoo with Shea Butter: يتوفر بحجم 400 مل. يوصي به: الشامبو مناسب للشعر الجاف والعادي حيث يعمل على تنظيف الشعر وفروة الرأس بفعالية، كما يعمل على تسهيل تصفيف الشعر وجعله أكثر حيوية ولمعان.,ماركة: لي كاريتيه
18377,صبغة باليت انتينسيف كولور كريم اسود الماس (0-1) | 50 مل,palette intensive color cream black 50ml oipg,120,EGP,باليت,العناية بالشعر>,in stock,https://chefaa.com:443/eg-ar/nowProduct/palette-intensive-color-cream-1-0-black-50ml-oipg,https://cdn.chefaa.com/filters:format(webp)/public/uploads/products/palette-intensive-color-cream-1-0-black-50ml-iole-01653550177.png,https://cdn.chefaa.com/filters:format(webp)/public/uploads/products/palette-intensive-color-cream-1-0-black-50ml-iole-01653550177.png,مميزات المنتج   تتميز صبغة باليت بما يلي: تعد من أحد أشهر أنواع الصبغات التي تفضلها الكثير من السيدات. توفر عدد كبير ومتنوع من الألوان لتناسب جميع الأذواق. تغذي الشعر وتزيد لمعانه. لا تسبب تلف أو تقصف الشعر. سعر صبغة باليت مناسب مقارنة بجودتها وفوائدها للشعر.   عن هذا المنتج      مكونات صبغة باليت تحتوي صبغة باليت على: الكيراتين: يحمي الشعر من التلف. البانثينول: يرطب الشعر ويكسبه النعومة. الزيوت المغذية: ترطب الشعر وتغذيه. حجم palette hair color تتوفر صبغة باليت في الأسواق بحجم 50 مل. يوصى باستعمال hair color palette ل: صبغة باليت مناسبة لجميع أنواع الشعر وهي توفر تغطية عالية للشعر الأبيض وكذلك يتوفر منها العديد من الدرجات والألوان لتناسب كافة الأذواق.  طريقة استخدام صبغة باليت ضعي محتويات الصبغة في إناء صغير وامزجيها جيداً. قسمي شعرك إلى أجزاء متساوية. وزعي الصبغة جيداً على شعرك من الجذور وحتى الأطراف. تترك الصبغة من 30 إلى 45 دقيقة على الشعر. اغسلي شعرك جيداً باستخدام الشامبو المناسب مع وضع قناع العناية بالشعر بعد الصبغة للحفاظ على ترطيب الشعر. الوان صبغة باليت بالارقام  تشمل درجات صبغة باليت ما يلى: صبغة باليت احمر 6-88 صبغة باليت بني شوكولاتة 3-65 صبغة باليت بني فاتح 5-0 صبغة باليت بني 4-0 صبغة باليت بني بندقي 7-0  صبغة باليت بني غامق 3-0 صبغة باليت اشقر 6-0 صبغة باليت اشقر فاتح 8-0 صبغة باليت اشقر رمادي 8-1  صبغة باليت اشقر متوسط 7-0 صبغة باليت اسود 1-0 صبغة باليت اسود مزرق 1-1  صبغة باليت نحاسي 7-57 صبغة باليت بنفسجي 6-99 صبغة باليت زيتونى 5-68 صبغة باليت نبيتي 3-68,ماركة: باليت
51623,بلوبيل ايلون | كريم الكيراتين للشعر التالف | 120جم,elone hair cream with keratin ml1lHH,275,EGP,بلو بيل,العناية بالشعر>ترطيب وعلاج الشعر,in stock,https://chefaa.com:443/eg-ar/nowProduct/elone-hair-cream-with-keratin-120-ml1lHH,https://cdn.chefaa.com/filters:format(webp)/public/uploads/products/elone-hair-cream-with-keratin-120-ml1lhh-01736670435.png,https://cdn.chefaa.com/filters:format(webp)/public/uploads/products/elone-hair-cream-with-keratin-120-ml1lhh-01736670435.png,مميزات المنتج   بلوبيل ايلون | كريم الكيراتين للشعر التالف | 120جم,ماركة: بلو بيل
23474,بوبانا | بلسم بزيت الثوم الاسود ضد التساقط | 400مل,bobana conditioner with black garlic oil against hair loss 400ml lb3h,120,EGP,بوبانا,العناية بالشعر>,in stock,https://chefaa.com:443/eg-ar/nowProduct/bobana-conditioner-with-black-garlic-oil-against-hair-loss-400ml-lb3h,https://cdn.chefaa.com/filters:format(webp)/public/uploads/products/bobana-conditioner-with-black-garlic-oil-against-hair-loss-400ml-lb3h-01720977968.png,https://cdn.chefaa.com/filters:format(webp)/public/uploads/products/bobana-conditioner-with-black-garlic-oil-against-hair-loss-400ml-lb3h-01720977968.png,عن هذا المنتج     بوبانا | بلسم بزيت الثوم الاسود ضد التساقط | 400مل,ماركة: بوبانا
47548,ليكسورا | اس كيه شامبو لتقليل تساقط الشعر | 250مل,lixora anti hair loss shampoo 250ml 8an6,350,EGP,No Brand,العناية بالشعر>شامبو وبلسم,in stock,https://chefaa.com:443/eg-ar/nowProduct/lixora-sk-anti-hair-loss-shampoo-250ml-8an6,https://cdn.chefaa.com/filters:format(webp)/public/uploads/products/lixora-sk-anti-hair-loss-shampoo-250ml-bkgj-01726481918.png,https://cdn.chefaa.com/filters:format(webp)/public/uploads/products/lixora-sk-anti-hair-loss-shampoo-250ml-bkgj-01726481918.png,مميزات المنتج   ليكسورا | اس كيه شامبو لتقليل تساقط الشعر | 250مل,raw_specs: المواصفات
18071,بالمرز هيرفود فورميلا كريم مغذى ومرطب للشعر وفروة الرأس | 50 جم,palmers hair food formula for hair and scalp with vitamin frgc,75,EGP,بالمرز,العناية بالشعر>,in stock,https://chefaa.com:443/eg-ar/nowProduct/palmers-hair-food-formula-for-hair-and-scalp-with-vitamin-a-frgc,https://cdn.chefaa.com/filters:format(webp)/public/uploads/products/palmers-hair-food-formula-for-hair-and-scalp-with-vitamin-a-mv0i-01653304753.png,https://cdn.chefaa.com/filters:format(webp)/public/uploads/products/palmers-hair-food-formula-for-hair-and-scalp-with-vitamin-a-mv0i-01653304753.png,مميزات المنتج   يعمل على تغذية الشعر وفروة الرأس. يساعد على ترطيب الشعر. يُكسب الشعر مزيد من النعومة والانسيابية. يساعد على فك التشابك وتسهيل تصفيف الشعر. يعمل على تقليل الهيشان. يُكسب الشعر الباهت مزيد من الحيوية واللمعان. خالي من البارابين. مناسب لجميع أنواع الشعر والشعر الباهت. لا يتم اختباره على الحيوانات.   عن هذا المنتج     مكونات هيرفود فورميلا كريم الشعر من بالمرز: فيتامين أ: يعمل على الحفاظ على رطوبة الشعر وفروة الرأس، وتقليل تساقط الشعر وتحفيز نموه. فيتامين د: يعمل على تحفيز نمو الشعر وتقليل التساقط وتقوية البصيلات وجعل الشعر أكثر قوة وكثافة.  فيتامين هـ: يعمل على إصلاح تلف الشعر وتقوية البصيلات للحصول على شعر أطول وأكثر كثافة. البروتين: يعمل على تقوية وتغذية الشعر وحمايته من التلف والتقصف وتعزيز نعومة ومرونة الشعر. مجموعة من الزيوت الأساسية للشعر. حجم Palmer's Hair Food Formula: يتوفر بحجم  50 جم. يوصي به: الكريم مناسب لجميع أنواع الشعر والشعر الباهت حيث يعمل على ترطيب وتغذية الشعر وتقليل الهيشان وجعل الشعر أكثر  لمعاناً وحيوية ونعومة.,ماركة: بالمرز
28402,كلاري | ماء الكيراتين لشعر أكثر نعومة | 200مل,clary hair water keratin smooth 200ml o8rm,300,EGP,كلاري,العناية بالشعر>,in stock,https://chefaa.com:443/eg-ar/nowProduct/clary-hair-water-keratin-smooth-200ml-o8rm,https://cdn.chefaa.com/filters:format(webp)/public/uploads/products/clary-hair-water-keratin-smooth-200ml-o8rm-01703073891.png,https://cdn.chefaa.com/filters:format(webp)/public/uploads/products/clary-hair-water-keratin-smooth-200ml-o8rm-01703073891.png,"مميزات المنتج   كلاري ماء الكيراتين (clary hair water) هو تركيبة جديدة مضادة لتجعد الشعر الناتج عن التعرض لأشعة الشمس والحرارة أو السباحة. غني بالكيراتين الطبيعي لتعويض الشعر عن النقص في الكيراتين نتيجة التعرض للحرارة والشمس.  يمنحك شعرًا ناعمًا ومظهرًا صحيا في 10 ثوانٍ فقط. يمكّنك من تصفيف الشعر بسلاسة وسهولة. غني بالفيتامينات الحيوية التي تغذي الشعر وتمنحه مظهرًا صحيًا.   عن هذا المنتج     مكونات كلاري ماء الكيراتين للشعر  تحتوي clary hair water على تركيبة مميزة وجديدة لتمنح شعرك مظهرًا أكثر صحة ونعومة في 10 ثوانٍ، وتتضمن ما يلي:  ماء (water)  كيراتين (keratin): يمنح شعرك لمعانًا ونعومة ويقلل الهيشان.  فيتامين هـ (vitamin E): مضاد للأكسدة يمنحك فروة رأس صحية ويعالج هيشان وتلف الشعر.  فيتامين أ (vitamin A): يقوي جذور الشعر ويحافظ على رطوبة فروة الرأس ويحمي الشعر من التكسر والتقصف.  حمض البانتوثينك أو فيتامين ب٥ (vitamin B5): يعمل على تقوية وتغذية الشعر من الجذور حتى الأطراف ويحميه من التكسر.  فيتامين ب٦ (vitamin B6): يدعم عمل الكيراتين كما يحفز نمو الشعر.  مستخلص الروزماري (rosemary extract): يعالج تلف وتقصف الشعر، كما يحفز من نمو الشعر ويزيد كثافته.   كافيين (caffeine): يحفز نمو الشعر ويقلل التساقط.  زيت جنين القمح (wheat germ oil): غني بفيتامين هـ ويعمل على تغذية الشعر ويمنحه الترطيب والنعومة.  ما هو ماء الكيراتين؟  ماء يحتوي على بروتين الكيراتين الطبيعي كالذي ينتجه الشعر مضافًا إليه مواد فعالة أخرى تزيد من فعاليته ليقلل هيشان الشعر ويمنحه لمعانا، ونعومة، ومظهرًا صحيًا.  حجم clary hair water  يتوفر كلاري ماء الكيراتين بحجم 200 مل.  سعر clary hair water  يبلغ سعر clary hair water للشعر 300 جنيه مصري. ""سعر المنتج قد يتغير تبعا لتغير سعره في الصيدليات"".  يوصى باستعمال كلاري ماء الكيراتين  يوصى باستعمال clary hair water ليعطي شعرك تأثيرًا مضادًا للتجعد ويضيف إليه نعومة ولمعانًا في 10 ثوانٍ فقط، كما يعوّض الشعر عن نقص الكيراتين الطبيعي نتيجة تعرضه للحرارة أو أشعة الشمس أو السباحة مما يمنحه مظهرًا صحيًا.   طريقة استخدام  كلاري ماء الكيراتين  يجب رج الزجاجة جيدًا قبل الاستخدام.  رشي كلاري ماء الكيراتين على شعرك بالكامل ثم صففيه.  يمكن استخدامه على الشعر المبلل أو الجاف.   ما هى منتجات كلاري للشعر ؟  شامبو كلاري للشعر بحجم 300 مل.   بلسم كلاري للشعر بحجم 300 مل.  هير ماسك كلاري للشعر الجاف بحجم 300 مل.  كلاري ماء الكيراتين بحجم 200 مل.  سيروم كلاري للشعر بحجم 100 مل.  هير ميست كلاري معطر للشعر بحجم 200 مل.  هير ميست كلاري للشعر مع عامل حماية +50 لحماية الشعر من أشعة الشمس الضارة بحجم 120 مل.  كلاري بوستر شوت لتقليل تساقط الشعر بحجم 30 مل.   كريم ليف ان للشعر بحجم 300 جرام.  سكراب فريش مقشر لفروة الرأس لإزالة الأتربة من فروة الرأس بحجم 300 مل.  ما هى فوائد مجموعة كلاري للشعر ؟  تمنح شعرك مظهرًا صحيا وأكثر حيوية.  تحفز الدورة الدموية لفروة الرأس وتنشط بصيلات الشعر لزيادة كثافة الشعر.  تعطي شعرك نعومة وترطيبًا فائقًا.  تغذي الشعر من الجذور حتى الأطراف.",ماركة: كلاري
18069,بالمرز | جل التصفيف ميجا هولد | 150جم,palmers mega hold styling gel cw4b,115,EGP,بالمرز,العناية بالشعر>,in stock,https://chefaa.com:443/eg-ar/nowProduct/palmers-mega-hold-styling-gel-150-g-cw4b,https://cdn.chefaa.com/filters:format(webp)/public/uploads/products/palmers-mega-hold-styling-gel-150-g-fmqf-01653304146.png,https://cdn.chefaa.com/filters:format(webp)/public/uploads/products/palmers-mega-hold-styling-gel-150-g-fmqf-01653304146.png,مميزات المنتج   بالمرز | جل التصفيف ميجا هولد | 150جم,ماركة: بالمرز
1488,لوريال باريس | الفيف دريم لونج ماسك لترطيب وعلاج الشعر الطويل والتالف | 300مل,elvive dream long hair rescue mask for weakened long hair 300ml,420,EGP,لوريال باريس,العناية بالشعر>ترطيب وعلاج الشعر,in stock,https://chefaa.com:443/eg-ar/nowProduct/elvive-dream-long-hair-rescue-mask-for-weakened-long-hair-300ml,https://cdn.chefaa.com/filters:format(webp)/public/uploads/products/1617192168elvive-dream-long-hair-rescue-mask-chefaa1jpg,https://cdn.chefaa.com/filters:format(webp)/public/uploads/products/1617192168elvive-dream-long-hair-rescue-mask-chefaa1jpg,مميزات المنتج   لوريال باريس | الفيف دريم لونج ماسك لترطيب وعلاج الشعر الطويل والتالف | 300مل   عن هذا المنتج     مكونات ماسك لوريال باريس الفيف دريم لونج:     الكيراتين النباتي: هو بروتين ينعم ويقوى الشعر ويقلل هيشان وتجعد وتقصف الشعر.   زيت الخروع: يعمل على تغذية الشعر وترطيبه.   فيتامينات : تعمل على إصلاح وتغذية الشعر، وتقليل تقصف الأطراف.     مميزات لوريال باريس الفيف دريم لونج ماسك:     يوفر ترطيب مكثف للشعر.   يساعد على علاج وإصلاح الشعر الضعيف والتالف.   يعمل على تغذية الشعر بعمق من الجذور حتى الأطراف.   يعمل على علاج وترطيب الأطراف المتقصفة.   يعمل على تقليل الهيشان.   يساعد على تعزيز كثافة الشعر.   يًكسب الشعر مزيد من اللمعان والصحة.   يساعد على تسهيل تصفيف الشعر وفك التشابك.   مناسب للشعر الطويل والتالف والجاف.     حجم Elvive Dream Long Hair Rescue Mask For Weakened Long Hair:     يتوفر بحجم 300 مل.     يوصي به:   الماسك مناسب للشعر الطويل التالف والضعيف حيث يعمل على تغذية وترطيب الشعر، كما يعمل على إصلاح الشعر والتقصف والهيشان وجعله أكثر صحة ومرونة.,ماركة: لوريال باريس
48129,روت تو اند | ليف ان كونديشينر للشعر الجاف والتالف | 400مل,root end leave conditioner for dry and damaged hair 400ml 8e2i_du1hY4j7,500,EGP,روت تو اند,العناية بالشعر>شامبو وبلسم,in stock,https://chefaa.com:443/eg-ar/nowProduct/root-to-end-leave-in-conditioner-for-dry-and-damaged-hair-400ml-8e2i_du1hY4j7,https://cdn.chefaa.com/filters:format(webp)/public/uploads/products/root-to-end-leave-in-conditioner-for-dry-and-damaged-hair-400ml-hf5n-01716456739.png,https://cdn.chefaa.com/filters:format(webp)/public/uploads/products/root-to-end-leave-in-conditioner-for-dry-and-damaged-hair-400ml-hf5n-01716456739.png,عن هذا المنتج     روت تو اند | ليف ان كونديشينر للشعر الجاف والتالف | 400مل,ماركة: روت تو اند
21710,لوريال باريس | بلسم الفيف توتال ريبير 5 | 200مل,loreal paris elvive total repair repairing conditioner 200ml byey,124,EGP,لوريال باريس,العناية بالشعر>شامبو وبلسم,in stock,https://chefaa.com:443/eg-ar/nowProduct/loreal-paris-elvive-total-repair-5-repairing-conditioner-200ml-byey,https://cdn.chefaa.com/filters:format(webp)/public/uploads/products/loreal-paris-elvive-total-repair-5-repairing-conditioner-200ml-0qee-01657121005.png,https://cdn.chefaa.com/filters:format(webp)/public/uploads/products/loreal-paris-elvive-total-repair-5-repairing-conditioner-200ml-0qee-01657121005.png,مميزات المنتج   لوريال باريس | بلسم الفيف توتال ريبير 5 | 200مل   عن هذا المنتج     لوريال باريس | بلسم الفيف توتال ريبير 5 | 200مل,ماركة: لوريال باريس
1675,غارنييه | صبغة شعر كولور ناتشرالز كريم | 7.11 أشقر رمادي عميق,color naturals creme hair color deep ashy blonde,161,EGP,غارنييه,العناية بالشعر>,in stock,https://chefaa.com:443/eg-ar/nowProduct/color-naturals-creme-hair-color-711-deep-ashy-blonde,https://cdn.chefaa.com/filters:format(webp)/public/uploads/products/color-naturals-creme-hair-color-711-deep-ashy-blonde-01722775015.png,https://cdn.chefaa.com/filters:format(webp)/public/uploads/products/color-naturals-creme-hair-color-711-deep-ashy-blonde-01722775015.png,مميزات المنتج   غارنييه | صبغة شعر كولور ناتشرالز كريم | 7.11 أشقر رمادي عميق   عن هذا المنتج     ﻿ صبغة غارنيه كولور ناتشرال بتركيبة متطورة مع خلاصة زيت الزيتون الذي يُغذي الشعر والتى تعمل على تغذية شعرك، وتعطيك لون رائع ولامع ومُوحد. . زيت الزيتون فى البلسم يُعالج الشعر بفاعلية لشعر ناعم بلون جرىء ورائع. لا مزيد من الشعر الأبيض. صبغة غارنيه كولور ناتشرال بتركيبة متطورة مع خلاصة زيت الزيتون، وبلسم غنى بزيت الزيتون يستخدم بعد الصبغة ليمنحك الترطيب المطلوب. تركيبة غارنيه كولور ناتشرال الكريمى سهلة التطبيق بواسطة الفرشاه. نتيجة رائعة، احصلى على نفس نتائج الصالون فى البيت. أول صبغة شعر مُغذية بزيت الزيتون والأفوكادو والكاريت. تركيبة كريمي غنية. تركيبة كريمى مع بلسم مُغذى (بزيت الزيتون، والأفوكادو، وزبدة الكاريت) لترطيب وتغذية الشعر. زيت الزيتون فى البلسم يمنحك علاجًا إضافيًا ولمعانًا للشعر. تمنحك Garnier Color Naturals لون لامع يدوم لفترة طويلة. شعر ملئ بالعناصر المُغذية للون غنى. لا للشعر الأبيض.,ماركة: غارنييه
1795,صانسيلك | بلسم ترطيب الشعر بجوز الهند ناتشورال ريتشارج | 350مل,sunsilk natural recharge conditioner moisture with coconut,107,EGP,صانسيلك,العناية بالشعر>شامبو وبلسم,in stock,https://chefaa.com:443/eg-ar/nowProduct/sunsilk-natural-recharge-conditioner-moisture-with-coconut-350-ml,https://cdn.chefaa.com/filters:format(webp)/public/uploads/products/sunsilk-natural-recharge-conditioner-moisture-with-coconut-350-ml-01656258125.png,https://cdn.chefaa.com/filters:format(webp)/public/uploads/products/sunsilk-natural-recharge-conditioner-moisture-with-coconut-350-ml-01656258125.png,عن هذا المنتج     ﻿ ﻿ ﻿ ﻿ ﻿ يعيد تألق شعرك الطبيعي,ماركة: صانسيلك
23755,فاتيكا | شامبو ضد القشرة | 190 مل,vatika shampoo yuqs,45,EGP,فاتيكا,العناية بالشعر>,in stock,https://chefaa.com:443/eg-ar/nowProduct/vatika-shampoo-190-ml-1-yuqs,https://cdn.chefaa.com/filters:format(webp)/public/uploads/products/vatika-shampoo-190-ml-1-1eig-01665312816.png,https://cdn.chefaa.com/filters:format(webp)/public/uploads/products/vatika-shampoo-190-ml-1-1eig-01665312816.png,عن هذا المنتج     فاتيكا | شامبو ضد القشرة | 190 مل,ماركة: فاتيكا
53662,سوبر كيدز | ماسك للشعر | 300جم,super kids deep moisturizing hair mask years alcohol free silicone free parabens freeKDUH,135,EGP,سوبر كيدز,العناية بالشعر>,in stock,https://chefaa.com:443/eg-ar/nowProduct/super-kids-deep-moisturizing-hair-mask-1-years--alcohol-free-silicone-free-parabens-freeKDUH,https://cdn.chefaa.com/filters:format(webp)/public/uploads/products/super-kids-deep-moisturizing-hair-mask-1-years-alcohol-free-silicone-free-parabens-freekduh-01733247619.png,https://cdn.chefaa.com/filters:format(webp)/public/uploads/products/super-kids-deep-moisturizing-hair-mask-1-years-alcohol-free-silicone-free-parabens-freekduh-01733247619.png,مميزات المنتج   سوبر كيدز | ماسك للشعر | 300جم,ماركة: سوبر كيدز
18077,فيتال | جل تصفيف الشعر ميجا اكستريم | 300مل,vital care spiking gel10 orange 300mg mfes,254.9,EGP,فيتال كير,العناية بالشعر>,in stock,https://chefaa.com:443/eg-ar/nowProduct/vital-care-spiking-gel10-orange-300mg-mfes,https://cdn.chefaa.com/filters:format(webp)/public/uploads/products/vital-care-spiking-gel10-orange-300mg-np52-01653309896.png,https://cdn.chefaa.com/filters:format(webp)/public/uploads/products/vital-care-spiking-gel10-orange-300mg-np52-01653309896.png,مميزات المنتج   فيتال | جل تصفيف الشعر ميجا اكستريم | 300مل,ماركة: فيتال كير
21299,فاتيكا | شامبو لتعزيز حجم وكثافة الشعر الناعم الضعيف والمتضرر | 190مل,vatika volume and thickness shampoo for damaged hair 190ml 1cdu,45,EGP,فاتيكا,العناية بالشعر>شامبو وبلسم,in stock,https://chefaa.com:443/eg-ar/nowProduct/vatika-volume-and-thickness-shampoo-for-damaged-hair-190ml-1cdu,https://cdn.chefaa.com/filters:format(webp)/public/uploads/products/vatika-volume-and-thickness-shampoo-for-damaged-hair-190ml-0yef-01656441299.png,https://cdn.chefaa.com/filters:format(webp)/public/uploads/products/vatika-volume-and-thickness-shampoo-for-damaged-hair-190ml-0yef-01656441299.png,مميزات المنتج   فاتيكا | شامبو لتعزيز حجم وكثافة الشعر الناعم الضعيف والمتضرر | 190مل   عن هذا المنتج     مكونات شامبو فاتيكا لتعزيز كثافة الشعر:     جوز الهند: يعمل على تقوية الشعر وتغذيته وحمايته من آثار الشيخوخة المبكرة، مثل الصلع وتساقط الشعر المفرط، كما يقلل التكسر والتقصف ويرطب ويهدئ تجاعيد الشعر.   الحناء: غنية بمضادات الأكسدة التى تحافظ على صحة بصيلات الشعر، وتعمل على تعزيز لمعان ونعومة الشعر، وتقليل الشيب المبكر.   الخروع: يقلل التهابات فروة الرأس ويعمل على ترطيب الشعر وتعزيز نمو الشعر وتقليل التساقط.     مميزات فاتيكا شامبو للشعر الناعم والمتضرر:     يعمل على تنظيف فروة الرأس والشعر بفاعلية.   يعمل على تعزيز حجم وكثافة الشعر.   يساعد على تغذية وترطيب وتقوية الشعر من الجذور حتى الأطراف.   يحتوي على العديد من المكونات الطبيعية التي تعمل على تعزيز نمو الشعر.   يعزز لمعان ونعومة الشعر.   يساعد على تقليل هيشان الشعر.   يعمل على حماية الشعر من التلف.   مناسب للشعر الهايش والخفيف.   لا يسبب حساسية فروة الرأس.   تم اختباره من قبل أطباء الجلدية.   لا يسبب جفاف الشعر.   خالي من المواد الكيميائية الضارة.     حجم Vatika Volume And Thickness Shampoo:     يتوفر بحجم 190 مل.     يوصي به:   الشامبو مناسب للشعر الناعم الضعيف والمتضرر حيث يعمل على تنظيف فروة الرأس بعمق للتخلص من الشوائب والأتربة، كما يعمل على تعزيز كثافة وسمك الشعر وجعله أكثر حيوية ولمعان.,ماركة: فاتيكا
23663,تريشوب | سيرم يقلل التقصف | 60مل,trichup serum that reduces breakage 60ml hhdu,150,EGP,تريشوب,العناية بالشعر>,in stock,https://chefaa.com:443/eg-ar/nowProduct/trichup-serum-that-reduces-breakage-60ml-hhdu,https://cdn.chefaa.com/filters:format(webp)/public/uploads/products/trichup-serum-that-reduces-breakage-60ml-p8qe-01664945573.png,https://cdn.chefaa.com/filters:format(webp)/public/uploads/products/trichup-serum-that-reduces-breakage-60ml-p8qe-01664945573.png,عن هذا المنتج     تريشوب | سيرم يقلل التقصف | 60مل,ماركة: تريشوب
46530,بليس | كريم ليف ان للشعر غني بفيتامين اي | 450مل,bless leave cream with vitamin 450ml heez_duYWEQrD,160,EGP,بليس,العناية بالشعر>ترطيب وعلاج الشعر,in stock,https://chefaa.com:443/eg-ar/nowProduct/bless-leave-in-cream-with-vitamin-e-450ml-heez_duYWEQrD,https://cdn.chefaa.com/filters:format(webp)/public/uploads/products/bless-leave-in-cream-with-vitamin-e-450ml-wxui-01704129776.png,https://cdn.chefaa.com/filters:format(webp)/public/uploads/products/bless-leave-in-cream-with-vitamin-e-450ml-wxui-01704129776.png,مميزات المنتج   بليس | كريم ليف ان للشعر غني بفيتامين اي | 450مل,ماركة: بليس
18336,ايفري ستراند | بلسم للترطيب العميق للشعر بزيت الشيا وجوز الهند | 399مل,every strand deep moisture conditioner with shea and coconut oil 399ml k3fv,494.9,EGP,ايفري ستراند,العناية بالشعر>,in stock,https://chefaa.com:443/eg-ar/nowProduct/every-strand-deep-moisture-conditioner-with-shea-and-coconut-oil-399ml-k3fv,https://cdn.chefaa.com/filters:format(webp)/public/uploads/products/every-strand-deep-moisture-conditioner-with-shea-and-coconut-oil-399ml-k3fv-01721496210.png,https://cdn.chefaa.com/filters:format(webp)/public/uploads/products/every-strand-deep-moisture-conditioner-with-shea-and-coconut-oil-399ml-k3fv-01721496210.png,عن هذا المنتج     ايفري ستراند | بلسم للترطيب العميق للشعر بزيت الشيا وجوز الهند | 399مل,ماركة: ايفري ستراند
32319,بايو | سيروم للشعر المجعد بالشيا والأفوكادو للنساء | 75مل,bio anti frizz hair serum with shea and avocado for women 75ml vlvw_duJxX6rF,249.9,EGP,بايو,العناية بالشعر>,in stock,https://chefaa.com:443/eg-ar/nowProduct/bio-anti-frizz-hair-serum-with-shea-and-avocado-for-women-75ml-vlvw_duJxX6rF,https://cdn.chefaa.com/filters:format(webp)/public/uploads/products/bio-anti-frizz-hair-serum-with-shea-and-avocado-for-women-75ml-vlvw-dujxx6rf-01719955188.png,https://cdn.chefaa.com/filters:format(webp)/public/uploads/products/bio-anti-frizz-hair-serum-with-shea-and-avocado-for-women-75ml-vlvw-dujxx6rf-01719955188.png,عن هذا المنتج     بايو | سيروم للشعر المجعد بالشيا والأفوكادو للنساء | 75مل,ماركة: بايو
31845,انيفاجين | نوتري سيروم مغذي الشعر | 125مل,anivagene nutri serum hair nourishing 125ml gzmm,569,EGP,أنيفاجين,العناية بالشعر>,in stock,https://chefaa.com:443/eg-ar/nowProduct/anivagene-nutri-serum-hair-nourishing-125ml-gzmm,https://cdn.chefaa.com/filters:format(webp)/public/uploads/products/anivagene-nutri-serum-hair-nourishing-125ml-xpuh-01694971879.png,https://cdn.chefaa.com/filters:format(webp)/public/uploads/products/anivagene-nutri-serum-hair-nourishing-125ml-xpuh-01694971879.png,مميزات المنتج   انيفاجين | نوتري سيروم مغذي الشعر | 125مل,ماركة: أنيفاجين
21022,جي كي هير | ماسك علاجى مرطب ومغذى للشعر | 200جم,hair global keratin deep conditioner hair mask 200gm f3tz,1195,EGP,جى كى هير,العناية بالشعر>ترطيب وعلاج الشعر,in stock,https://chefaa.com:443/eg-ar/nowProduct/gk-hair-global-keratin-deep-conditioner-hair-mask-200gm-f3tz,https://cdn.chefaa.com/filters:format(webp)/public/uploads/products/gk-hair-global-keratin-deep-conditioner-hair-mask-200gm-f3tz-01722331820.png,https://cdn.chefaa.com/filters:format(webp)/public/uploads/products/gk-hair-global-keratin-deep-conditioner-hair-mask-200gm-f3tz-01722331820.png,مميزات المنتج   يعمل على ترطيب الشعر بعمق. يساعد على إصلاح وعلاج الشعر التالف والمتضرر. يُكسب الشعر مزيد من النعومة. يساعد على تغذية الشعر. يساعد على تسهيل تصفيف الشعر. يساعد على حماية الشعر المتضرر والتالف نتيجة التعرض لعوامل بيئية ضارة والحرارة واستخدام الصبغات والمواد الكيميائية الضارة. يعمل على تقوية وإعادة بناء الشعر. مناسب لجميع أنواع الشعر وخاصة الشعر الكيرلي. مناسب للرجال والنساء. خالي من الكبريتات والبارابين والفثالات والديثانولامين (DEA) وتري ايثانولامين (TEA).   عن هذا المنتج     مكونات جي كي هير ماسك الشعر: الجوفيكسن: مزيج من البروتينات (الكيراتين) التى تعمل على حماية الشعر الجاف والهش والتالف والمصبوغ من العوامل البيئية القاسية. زيوت بذور الجوجوبا الطبيعية :  تعمل على ترطيب وتغذية الشعر. خلاصة الحبوب الطبيعية: تعمل على تقوية الشعر وحمايته من العوامل البيئية الخارجية القاسية. حجم GK hair deep conditioner hair masque: يتوفر بحجم 200 جم. يوصي به: البلسم مناسب للرجال والنساء الذين يعانون من تلف وجفاف الشعر نتيجة التعرض للعوامل البيئية الضارة والحرارة واستخدام الصبغات والمواد الكيميائية الضارة حيث يعمل على ترطيب وحماية وتغذية الشعر وجعله أكثر نعومة وحيوية.,ماركة: جى كى هير
21031,جي كي هير | الاصلي للشعر للترطيب وزيادة اللمعان | 50مل,hair global keratin serum 50ml cqox,880,EGP,جى كى هير,العناية بالشعر>ترطيب وعلاج الشعر,in stock,https://chefaa.com:443/eg-ar/nowProduct/gk-hair-global-keratin-serum-50ml-cqox,https://cdn.chefaa.com/filters:format(webp)/public/uploads/products/gk-hair-global-keratin-serum-50ml-cqox-01722332069.png,https://cdn.chefaa.com/filters:format(webp)/public/uploads/products/gk-hair-global-keratin-serum-50ml-cqox-01722332069.png,مميزات المنتج   يعمل على تقليل تجعد الشعر. يعمل على ترطيب وتغذية الشعر. يساعد على تنعيم وفرد الشعر . يساعد على تهدئة الشعر  المتطاير والهايش. يُكسب الشعر مزيد من النعومة واللمعان والحيوية. مناسب لجميع أنواع الشعر. يتميز بتركيبته التي لا تترك أثر لزج على الشعر. خالي من السلفات والبارابين والفثالات وداي ايثانولامين (DEA) وتري إيتانولامين (TEA).   عن هذا المنتج     مكونات سيروم جي كي هير جلوبال كيراتين: الجوفيكسن:  مزيج من البروتينات (الكيراتين) ، يعمل على حماية الشعر الجاف والهش والتالف والمصبوغ من العوامل البيئية القاسية. زيت الأرجان: يعمل على تقليل تجعد الشعر وتغذيته ومده بالفيتامينات والعناصر الغذائية مثل مضادات الأكسدة والأحماض الدهنية الأساسية وفيتامين هـ ، وجعله أكثر نعومة ولمعان. السيليكون: يعمل على الحفاظ على رطوبة الشعر وحمايته من الجفاف. حجم GK hair Global Keratin Argan Oil Hair Serum: يتوفر بحجم 50 مل. يوصي به: جي كي هير سيروم بزيت الأرجان مناسب للنساء الذين يعانون من الشعر المجعد والمتطاير حيث يعمل على ترطيب وتهدئة التطاير والهيشان وتقليل التجعد وجعل الشعر أكثر نعومة ولمعان.,ماركة: جى كى هير
21068,جي كي هير | بلسم لترطيب وتغذية وحماية الشعر المصبوغ | 300مل,global keratin color protection moisturizing conditioner qig8,750,EGP,جى كى هير,العناية بالشعر>شامبو وبلسم,in stock,https://chefaa.com:443/eg-ar/nowProduct/gk-global-keratin-color-protection-moisturizing-conditioner-300-ml-qig8,https://cdn.chefaa.com/filters:format(webp)/public/uploads/products/gk-global-keratin-color-protection-moisturizing-conditioner-300-ml-qig8-01722330512.png,https://cdn.chefaa.com/filters:format(webp)/public/uploads/products/gk-global-keratin-color-protection-moisturizing-conditioner-300-ml-qig8-01722330512.png,مميزات المنتج   يساعد على ترطيب الشعر الجاف والتالف والمتقصف. يتميز بتركيبته التي تعمل على حماية الشعر المصبوغ من التلف. يساعد على الحفاظ على لون الشعر المصبوغ.  يُكسب الشعر مزيد من النعومة واللمعان والحيوية. يعمل على مكافحة تجعد الشعر. يساعد على تقوية وتغذية الشعر. يساعد على حماية الشعر من التلف والعوامل البيئية الضارة. مناسب للشعر العادي والجاف. مناسب للرجال والنساء. خالي من الكبريتات والبارابين والفثالات والديثانولامين (DEA) وتري ايثانولامين (TEA).   عن هذا المنتج     مكونات جي كي هير بلسم للشعر المصبوغ: الجوفيكسن: مزيج من البروتينات (الكيراتين) التى تعمل على حماية الشعر الجاف والمتقصف والمتضرر من الصبغات والألوان. زيوت البذور الطبيعية: تعمل على ترطيب وتغذية الشعر. خلاصة النباتات الطبيعية: تعمل على ترطيب الشعر الجاف والخشن. خلاصة الحبوب الطبيعية: تعمل على تقوية الشعر وحمايته من العوامل البيئية الخارجية القاسية. حجم GK Hair Global Keratin Moisturizing Conditioner - Color Protection: يتوفر بحجم 300 مل. يوصي به: البلسم مناسب للشعر العادي والجاف والمصبوغ حيث يعمل على ترطيب وتغذية الشعر وحمايته من التلف والحفاظ على لونه وجعله أكثر نعومة ولمعان.,ماركة: جى كى هير
52482,لوريال باريس | سيروم إلفيف المضاد لتساقط الشعر | 120 مل,loreal elvive aminexil serum mlorkW,638,EGP,No Brand,العناية بالشعر>,in stock,https://chefaa.com:443/eg-ar/nowProduct/loreal-elvive-aminexil-15--serum-120-mlorkW,https://cdn.chefaa.com/filters:format(webp)/public/uploads/products/loreal-elvive-aminexil-15-serum-120-mlorkw-01735327715.png,https://cdn.chefaa.com/filters:format(webp)/public/uploads/products/loreal-elvive-aminexil-15-serum-120-mlorkw-01735327715.png,مميزات المنتج   لوريال باريس | سيروم إلفيف المضاد لتساقط الشعر | 120 مل   عن هذا المنتج     لوريال باريس | سيروم إلفيف المضاد لتساقط الشعر | 120 مل,raw_specs: المواصفات
472,غارنييه | صبغة شعر كولور ناتشرال كريم | 3 بني غامق,garnier color naturals hair color dark brown,161,EGP,غارنييه,العناية بالشعر>صبغات الشعر,in stock,https://chefaa.com:443/eg-ar/nowProduct/garnier-color-naturals-hair-color-dark-brown-3,https://cdn.chefaa.com/filters:format(webp)/public/uploads/products/garnier-color-naturals-hair-color-dark-brown-3-01722777243.png,https://cdn.chefaa.com/filters:format(webp)/public/uploads/products/garnier-color-naturals-hair-color-dark-brown-3-01722777243.png,مميزات المنتج   ﻿﻿﻿﻿صبغة غارنييه كولور ناتشرال بتركيبة متطورة مع خلاصة زيت الزيتون الذي يُغذي الشعر والتى تعمل على تغذية شعرك،وتعطيك لون رائع ولامع وموحد ..زيت الزيتون فى البلسم يُعالج الشعر بفاعلية لشعر ناعم بلون جرىء ورائع. لا مزيد من الشعر الأبيض.   عن هذا المنتج     ﻿ ﻿ ﻿,ماركة: غارنييه
18408,أنيفاجيين | بلسم مغذي للشعر الجاف | 125مل,anivagen nourishing conditioner for dry hair 125ml yivf,379,EGP,أنيفاجين,العناية بالشعر>شامبو وبلسم,in stock,https://chefaa.com:443/eg-ar/nowProduct/anivagen-nourishing-conditioner-for-dry-hair-125ml-yivf,https://cdn.chefaa.com/filters:format(webp)/public/uploads/products/anivagen-nourishing-conditioner-for-dry-hair-125ml-f4zb-01653580797.png,https://cdn.chefaa.com/filters:format(webp)/public/uploads/products/anivagen-nourishing-conditioner-for-dry-hair-125ml-f4zb-01653580797.png,مميزات المنتج   أنيفاجيين | بلسم مغذي للشعر الجاف | 125مل,ماركة: أنيفاجين
20715,فيانسيه | 2X1 كريم جيل ضد القشره | 125مل,fiancee cream gel anti dandruff 125ml 4zvf,42,EGP,فيانسيه,العناية بالشعر>ترطيب وعلاج الشعر,in stock,https://chefaa.com:443/eg-ar/nowProduct/fiancee-cream-gel-anti-dandruff-125ml-4zvf,https://cdn.chefaa.com/filters:format(webp)/public/uploads/products/fiancee-cream-gel-anti-dandruff-125ml-4zvf-01721643521.png,https://cdn.chefaa.com/filters:format(webp)/public/uploads/products/fiancee-cream-gel-anti-dandruff-125ml-4zvf-01721643521.png,مميزات المنتج   فيانسيه | 2X1 كريم جيل ضد القشره | 125مل,ماركة: فيانسيه
20828,لوريال باريس | بلسم الفيف دريم للشعر الطويل والمجعد | 200 مل,elvive dream long cond 200ml ptih,124,EGP,لوريال باريس,العناية بالشعر>شامبو وبلسم,in stock,https://chefaa.com:443/eg-ar/nowProduct/elvive-dream-long-cond-200ml-ptih,https://cdn.chefaa.com/filters:format(webp)/public/uploads/products/elvive-dream-long-cond-200ml-y3zt-01655372924.png,https://cdn.chefaa.com/filters:format(webp)/public/uploads/products/elvive-dream-long-cond-200ml-y3zt-01655372924.png,عن هذا المنتج     لوريال باريس | بلسم الفيف دريم للشعر الطويل والمجعد | 200 مل,ماركة: لوريال باريس
20976,فاتيكا | كريم ترطيب عميق لشعر حريري ولامع | 500جم,vatika deep conditioning silky and shiny hair cream 500gm fldn,80,EGP,فاتيكا,العناية بالشعر>,in stock,https://chefaa.com:443/eg-ar/nowProduct/vatika-deep-conditioning-silky-and-shiny-hair-cream-500gm-fldn,https://cdn.chefaa.com/filters:format(webp)/public/uploads/products/vatika-deep-conditioning-silky-and-shiny-hair-cream-500gm-npbb-01655654213.png,https://cdn.chefaa.com/filters:format(webp)/public/uploads/products/vatika-deep-conditioning-silky-and-shiny-hair-cream-500gm-npbb-01655654213.png,مميزات المنتج   فاتيكا | كريم ترطيب عميق لشعر حريري ولامع | 500جم   عن هذا المنتج     فاتيكا | كريم ترطيب عميق لشعر حريري ولامع | 500جم,ماركة: فاتيكا
21020,فيانسية | جيل كريم بالقوه الثلاثيه موف 2*1 | 225مل,fiancee large cream gel 767j,60,EGP,فيانسيه,العناية بالشعر>,in stock,https://chefaa.com:443/eg-ar/nowProduct/fiancee-large-cream-gel-767j,https://cdn.chefaa.com/filters:format(webp)/public/uploads/products/fiancee-large-cream-gel-767j-01721642962.png,https://cdn.chefaa.com/filters:format(webp)/public/uploads/products/fiancee-large-cream-gel-767j-01721642962.png,عن هذا المنتج     فيانسية | جيل كريم بالقوه الثلاثيه موف 2*1 | 225مل,ماركة: فيانسيه
21163,فاتيكا | كريم تصفيف الشعر الغني بالارجان المغربي | 70مل,vatika styling moroccan argan enriched hair cream 70ml rd8l,29,EGP,فاتيكا,العناية بالشعر>ترطيب وعلاج الشعر,in stock,https://chefaa.com:443/eg-ar/nowProduct/vatika-styling-moroccan-argan-enriched-hair-cream-70ml-rd8l,https://cdn.chefaa.com/filters:format(webp)/public/uploads/products/vatika-styling-moroccan-argan-enriched-hair-cream-70ml-giw9-01656260565.png,https://cdn.chefaa.com/filters:format(webp)/public/uploads/products/vatika-styling-moroccan-argan-enriched-hair-cream-70ml-giw9-01656260565.png,مميزات المنتج    فاتيكا | كريم تصفيف الشعر الغني بالارجان المغربي | 70مل,ماركة: فاتيكا
23750,فاتيكا | زيت صبار الشعر | 180 مل,vatika hair cactus oil so6o,45,EGP,فاتيكا,العناية بالشعر>,in stock,https://chefaa.com:443/eg-ar/nowProduct/vatika-hair-cactus-oil-180-so6o,https://cdn.chefaa.com/filters:format(webp)/public/uploads/products/vatika-hair-cactus-oil-180-v7hq-01665312009.png,https://cdn.chefaa.com/filters:format(webp)/public/uploads/products/vatika-hair-cactus-oil-180-v7hq-01665312009.png,عن هذا المنتج     فاتيكا | زيت صبار الشعر | 180 مل,ماركة: فاتيكا
46206,دابر املا | كيدز زيت مغذى للشعر لشعر اطول | 270مل,dabur amla kids nourishing hair oil 270ml b6j7_duoILuxN,115,EGP,دابر أملا,العناية بالشعر>ترطيب وعلاج الشعر,in stock,https://chefaa.com:443/eg-ar/nowProduct/dabur-amla-kids-nourishing-hair-oil-270ml-b6j7_duoILuxN,https://cdn.chefaa.com/filters:format(webp)/public/uploads/products/dabur-amla-kids-nourishing-hair-oil-270ml-b6j7-01721734055.png,https://cdn.chefaa.com/filters:format(webp)/public/uploads/products/dabur-amla-kids-nourishing-hair-oil-270ml-b6j7-01721734055.png,مميزات المنتج   دابر املا | كيدز زيت مغذى للشعر لشعر اطول | 270مل,ماركة: دابر أملا
46131,أليجون | شامبو ضد تساقط الشعر | 200مل,alejon anti hair loss shampoo 200ml zjxo_duF5Cafz,220,EGP,أليجون,العناية بالشعر>شامبو وبلسم,in stock,https://chefaa.com:443/eg-ar/nowProduct/alejon-anti-hair-loss-shampoo-200ml-zjxo_duF5Cafz,https://cdn.chefaa.com/filters:format(webp)/public/uploads/products/alejon-anti-hair-loss-shampoo-200ml-zyx0-01684763816.png,https://cdn.chefaa.com/filters:format(webp)/public/uploads/products/alejon-anti-hair-loss-shampoo-200ml-zyx0-01684763816.png,مميزات المنتج   أليجون | شامبو ضد تساقط الشعر | 200مل,ماركة: أليجون
18417,إيڤا هير كلينيك جولد أرجان | سيرم | 90مل,eva hair clinic gold argan serum 90ml z4de,235,EGP,إيڤا,العناية بالشعر>,in stock,https://chefaa.com:443/eg-ar/nowProduct/eva-hair-clinic-gold-argan-serum-90ml-z4de,https://cdn.chefaa.com/filters:format(webp)/public/uploads/products/eva-hair-clinic-gold-argan-serum-90ml-z4de-01721411610.png,https://cdn.chefaa.com/filters:format(webp)/public/uploads/products/eva-hair-clinic-gold-argan-serum-90ml-z4de-01721411610.png,مميزات المنتج   إيڤا هير كلينيك جولد أرجان | سيرم | 90مل,ماركة: إيڤا
23997,بالمرز | هير سيلك كريم لتقليل هيشان الشعر | 50 جرام,palmers cream hair silk z1nb,80,EGP,بالمرز,العناية بالشعر>,in stock,https://chefaa.com:443/eg-ar/nowProduct/palmers-cream-hair-silk-50-z1nb,https://cdn.chefaa.com/filters:format(webp)/public/uploads/products/palmers-cream-hair-silk-50-i8xy-01665666417.png,https://cdn.chefaa.com/filters:format(webp)/public/uploads/products/palmers-cream-hair-silk-50-i8xy-01665666417.png,مميزات المنتج   بالمرز | هير سيلك كريم لتقليل هيشان الشعر | 50 جرام,ماركة: بالمرز
46351,فيانسيه | كريم للشعر بزيت الزيتون | 240مل,fiancee hair food cream with olive oil hsdv_duiImqk1,130,EGP,فيانسيه,العناية بالشعر>ترطيب وعلاج الشعر,in stock,https://chefaa.com:443/eg-ar/nowProduct/fiancee-hair-food-cream-with-olive-oil-240-ml-hsdv_duiImqk1,https://cdn.chefaa.com/filters:format(webp)/public/uploads/products/fiancee-hair-food-cream-with-olive-oil-240-ml-hsdv-duiimqk1-01736419050.png,https://cdn.chefaa.com/filters:format(webp)/public/uploads/products/fiancee-hair-food-cream-with-olive-oil-240-ml-hsdv-duiimqk1-01736419050.png,مميزات المنتج   فيانسيه | كريم للشعر بزيت الزيتون | 240مل,ماركة: فيانسيه
53656,صانسيلك | شامبو لمعان ساحر للشعر الاسود | 350مل | 20% خصم,sunsilk black shine offeri4hE,107,EGP,صانسيلك,العناية بالشعر>شامبو وبلسم,in stock,https://chefaa.com:443/eg-ar/nowProduct/sunsilk-black-shine-400-ml-offeri4hE,https://cdn.chefaa.com/filters:format(webp)/public/uploads/products/sunsilk-black-shine-400-ml-offeri4he-01757941869.png,https://cdn.chefaa.com/filters:format(webp)/public/uploads/products/sunsilk-black-shine-400-ml-offeri4he-01757941869.png,مميزات المنتج   صانسيلك | شامبو لمعان ساحر للشعر الاسود | 350مل | 20% خصم,ماركة: صانسيلك
18215,ايفري ستراند | ماسك مرطب للشعر الجاف والتالف بالالوفيرا وماء جوز الهند | 425جم,every strand mask aloe vera coconut water 425gm trcb,634.9,EGP,ايفري ستراند,العناية بالشعر>ترطيب وعلاج الشعر,in stock,https://chefaa.com:443/eg-ar/nowProduct/every-strand-mask-aloe-vera-coconut-water-425gm-trcb,https://cdn.chefaa.com/filters:format(webp)/public/uploads/products/every-strand-mask-aloe-vera-coconut-water-425gm-trcb-01721495888.png,https://cdn.chefaa.com/filters:format(webp)/public/uploads/products/every-strand-mask-aloe-vera-coconut-water-425gm-trcb-01721495888.png,مميزات المنتج   يساعد على إصلاح الشعر المتضرر والجاف والهايش. يوفر ترطيب عميق ومكثف للشعر. يساعد على تقليل تقصف وتكسر الشعر. يساعد على تغذية الشعر من الجذور حتى الأطراف. يساعد على تقليل الهيشان وتسهيل تصفيف الشعر وفك التشابك. يُكسب الشعر مزيد من النعومة واللمعان والصحة. خالي من البارابين والسلفات والملونات والزيوت المعدنية. يتميز بتركيبته الخفيفة سريعة الامتصاص لا تترك أثر دهنى لزج على الشعر.   عن هذا المنتج     مكونات ايفري ستراند ماسك للشعر الجاف والتالف: ماء جوز الهند: يعمل على تقوية وترطيب الشعر، كما يساعد على تغذية الشعر ومده بالفيتامينات والمعادن. خلاصة الصبار: يعمل على ترطيب الشعر وحمايته من التقصف. الجلسرين: يعمل على ترطيب الشعر  ثنائي هيبتيل سكسينات: يعمل على الحفاظ على رطوبة الشعر. حجم Every Strand Aloe Vera & Coconut Water Weightless Hydration Masque: يتوفر بحجم 425 جم. يوصي به: ايفري ستراند ماسك الشعر مناسب الجاف والتالف حيث يعمل على علاج الشعر التالف والمتضرر وترطيب الشعر وحمايته من التقصف والتكسر وجعله أكثر نعومة ولمعان وصحة.,ماركة: ايفري ستراند
46075,رو افريكان | بلسم بزيت الارجان | 300مل,raw african argan oil conditioner 300ml iqie_duikPjPN,200,EGP,رو أفريكان,العناية بالشعر>شامبو وبلسم,in stock,https://chefaa.com:443/eg-ar/nowProduct/raw-african-argan-oil-conditioner-300ml-iqie_duikPjPN,https://cdn.chefaa.com/filters:format(webp)/public/uploads/products/raw-african-argan-oil-conditioner-300ml-iqie-duikpjpn-01748345981.png,https://cdn.chefaa.com/filters:format(webp)/public/uploads/products/raw-african-argan-oil-conditioner-300ml-iqie-duikpjpn-01748345981.png,مميزات المنتج   رو افريكان | بلسم بزيت الارجان | 300مل,ماركة: رو أفريكان
53362,ريفادون | سيروم الشعر | 120 مل,rivadon hair serum mlCydu,350,EGP,No Brand,العناية بالشعر>,in stock,https://chefaa.com:443/eg-ar/nowProduct/rivadon-hair-serum-120-mlCydu,https://cdn.chefaa.com/filters:format(webp)/public/uploads/products/rivadon-hair-serum-120-mlcydu-01735050286.png,https://cdn.chefaa.com/filters:format(webp)/public/uploads/products/rivadon-hair-serum-120-mlcydu-01735050286.png,مميزات المنتج   ريفادون | سيروم الشعر | 120 مل   عن هذا المنتج     ريفادون | سيروم الشعر | 120 مل,raw_specs: المواصفات
53747,ماكرو | زيت شعر تريس | 250مل,tress hair oil mldxog,190,EGP,ماكرو للأدوية,العناية بالشعر>,in stock,https://chefaa.com:443/eg-ar/nowProduct/tress-hair-oil-250-mldxog,https://cdn.chefaa.com/filters:format(webp)/public/uploads/products/tress-hair-oil-250-mldxog-01733344906.png,https://cdn.chefaa.com/filters:format(webp)/public/uploads/products/tress-hair-oil-250-mldxog-01733344906.png,مميزات المنتج   ماكرو | زيت شعر تريس | 250مل,ماركة: ماكرو للأدوية
1570,لوريال باريس | صبغة شعر بني 400 | بدون امونيا,casting creme gloss hair color brown,459,EGP,لوريال باريس,العناية بالشعر>صبغات الشعر,in stock,https://chefaa.com:443/eg-ar/nowProduct/casting-creme-gloss-hair-color-400-brown,https://cdn.chefaa.com/filters:format(webp)/public/uploads/products/1588151008casting-creme-gloss-hair-color-400-brown.jpeg,https://cdn.chefaa.com/filters:format(webp)/public/uploads/products/1588151008casting-creme-gloss-hair-color-400-brown.jpeg,"مميزات المنتج   لوريال باريس | صبغة شعر بني 400 | بدون امونيا   عن هذا المنتج       ﻿ صبغة لوريال كاستينج تمنح شعرك لون طبيعي 100% ليستمر حتى 28 مرة من غسل الشعر ، تتميز  بأنها لا تحتوى على الأمونيا وبالتالى لا تسبب ضرر للشعر كما يتوافر منها العديد من الألوان المختلفة لتناسب جميع الأذواق      صبغة شعر لوريال كاستينج بني  رقم 400 :  تتميز باختراقها للشعر بعمق لتغطية كل أجزاء الشعر بفاعلية لتمنح شعرك اللون البني اللامع ويستمر لون الصبغة لمدة طويلة        صبغة لوريال باريس l'oreal casting creme gloss :     تمنح شعرك لون واضح ولامع   لا تحتوى على الأمونيا   تحتوي على مواد مرطبة ومغذية للشعر مثل العسل الطبيعي وزيت جوز الهند   تناسب الشعر المعالج كيميائياً أو المفرود بالبروتين   لا تسبب تساقط الشعر   تتميز بألوان عديدة لتناسب جميع الأذواق   تتميز بثبات لونها لفترة طويلة على الشعر   تتميز بسهولة الاستخدام   لا تسبب حساسية أو تهيج فروة الرأس          محتويات عبوة صبغة لوريال بدون امونيا :     معجون الصبغة.   الكريم المظهر للصبغة.   قفازات.   بلسم العناية بالشعر   ورقة التعليمات وطريقة الاستخدام.          طريقة استخدام صبغة لوريال كاستينج بدون امونيا :     اغسلى شعرك قبل وضع الصبغة بحوالى 24 إلى 48 ساعة  (  تجنبي استخدام البلسم عند غسل شعرك )   غطى أي سطح حولك وضعى الجرائد على الأرض لحمايتها من أى لون قد ينسكب عليها   ضعى منشفة حول كتفيك   مشطى شعرك جيدًا وتأكد من عدم وجود تشابك في شعرك.   استخدمي مشطًا لفصل شعرك إلى أجزاء صغيرة   كلما كان شعرك أكثر سمكًا ، كلما كان عليك تقسيمه لأجزاء أصغر حتى تتمكن الصبغة من إشباع الشعر بالكامل.   ضعى فازلين أو مرطب على أذنيك ورقبتك، هذه الخطوة اختيارية لكنها ستجعل من السهل إزالة أي صبغة تلامس بشرتك.   ارتدِ قفازاتك   استخدمي فرشاه لتوزيع الصبغه على كل جزء شعرك   ضعي الصبغة على شعرك جيدًا   ضعى بونيه بلاستيك أو كيس بلاستيك على شعرك   قومي بإزالة أجزاء الصبغة التي تطايرت على بشرتك   اتركي الصبغة على الشعر واتبعى التعليمات الموجودة على العلبة فلا تغسل الصبغة قبل الحد الأدنى من الوقت أو تترك الصبغة بعد الوقت.   اشطفي شعرك جيدا بالماء الدافئ  ( اشطفي شعرك حتى يصبح الماء نظيفًا  دون لون )   انتظري ساعة على الأقل قبل غسل شعرك بالشامبو   جففى شعرك وقومى بتصفيفه كالمعتاد        سعر صبغة لوريال بدون امونيا :  تتراوح أسعار صبغة لوريال بدون امونيا  من 100 إلى  130 جنيه مصرى  "" قد يتغير السعر من مكان لآخر ومن وقت لآخر ""      حجم صبغة لوريال بدون امونيا للشيب :  تتوافر صبغة شعر لوريال بدون امونيا بحجم 220 جم      الوان صبغة لوريال باريس كاستينج بدون امونيا :  تتوافر لوريال صبغة شعر بدون امونيا بعدة ألوان وهي       درجات اللون الأسود من صبغة لوريال باريس بدون امونيا :      أسود غامق جداً   أسود عميق   أسود عرق سوس   أسود أزرق   أسود أحمر          درجات اللون البني ( الكستنائي  ) من صبغة لوريال بدون امونيا :     بني   بني فاتح   بني فاتح رمادي   بني متوسط   كستنائي غامق    كستنائي غامق جدا   شوكولاته غامق    شوكولاتة   موكا   كاكاو   كاراميل        درجات اللون الأحمر :     أحمر كرز   أحمر توت   أحمر عميق   ماهوجني        درجات اللون الأشقر :     أشقر   أشقر فاتح   أشقر فاتح ذهبي   أشقر داكن   عسلي فاتح   عسلي غامق   لاتيه مثلج   صبغة لوريال بدون امونيا اشقر رمادي فاتح        أنواع صبغات الشعر :         صبغة الشعر المؤقتة :   ليس الجميع مستعدًا للحفاظ على لون شعره لفترة طويلة. وهنا يأتي دور صبغة الشعر المؤقتة .   صبغة الشعر المؤقتة تغطي فقط الجزء الخارجي من الشعر ، لذلك لا تظل لفترة طويلة.      صبغة الشعر شبه الدائمة :  إذا كنت تريد الحفاظ على لون شعرك أكثر قليلاً ، فإن صبغة الشعر شبه الدائمة ستفي بالغرض.  عادة لا تحتوي على الأمونيا ويدوم اللون حتى 8 غسلات للشعر ولهذه الأسباب يمكن أن تكون الصبغة شبه الدائمة خيارًا رائعًا لتغطية الشعر في المنزل      صبغة الشعر الدائمة :  إذا كنت تريد الاحتفاظ بلون شعر واحد لفترة من الوقت ، فربما تكون صبغة الشعر الدائمة هي الخيار المناسب لك. تتطلب هذه الصبغة معالجة كيميائية أكثر تعقيدًا وتخترق شعرك بعمق أكبر وهذا يعني أن لون الشعر يمكن أن يستمر لأسابيع    يمكن استخدام صبغة الشعر الدائمة للمساعدة في تفتيح أو تغميق أو تخفيف لون شعرك ويمكن أن تساعد في توفير تغطية عالية للشعر الرمادي.      صبغة شعر الحناء  قد تكون الحناء خيارًا جيدًا إذا كنت قد عانيت سابقًا من حساسية عند صبغ شعرك ،وقد تكون الحناء مفيدة أيضًا لمن يعانون من قشرة الرأس. ﻿ ﻿ ﻿ ﻿",ماركة: لوريال باريس
20872,بانتين | شامبو وبلسم برو-في للعناية اليومية | 200 مل,pantene pro daily care shampoo conditioner 200ml kgcr,145,EGP,بانتين,العناية بالشعر>,in stock,https://chefaa.com:443/eg-ar/nowProduct/pantene-pro-v-daily-care-2-in-1-shampoo-conditioner-200ml-kgcr,https://cdn.chefaa.com/filters:format(webp)/public/uploads/products/pantene-pro-v-daily-care-2-in-1-shampoo-conditioner-200ml-xakt-01655396623.png,https://cdn.chefaa.com/filters:format(webp)/public/uploads/products/pantene-pro-v-daily-care-2-in-1-shampoo-conditioner-200ml-xakt-01655396623.png,عن هذا المنتج     بانتين | شامبو وبلسم برو-في للعناية اليومية | 200 مل,ماركة: بانتين
52308,لوريال | شامبو بروفيشنال ابسولوت ريبير | 300 مل,loreal professional absolut repair shampoo with protein gold quinoa extract for dry damaged hair07CH,900,EGP,No Brand,العناية بالشعر>,in stock,https://chefaa.com:443/eg-ar/nowProduct/loreal-professional-absolut-repair-shampoo-with-protein--gold-quinoa-extract-for-dry--damaged-hair07CH,https://cdn.chefaa.com/filters:format(webp)/public/uploads/products/loreal-professional-absolut-repair-shampoo-with-protein-gold-quinoa-extract-for-dry-damaged-hair07ch-01735398666.png,https://cdn.chefaa.com/filters:format(webp)/public/uploads/products/loreal-professional-absolut-repair-shampoo-with-protein-gold-quinoa-extract-for-dry-damaged-hair07ch-01735398666.png,مميزات المنتج   لوريال | شامبو بروفيشنال ابسولوت ريبير | 300 مل   عن هذا المنتج     لوريال | شامبو بروفيشنال ابسولوت ريبير | 300 مل,raw_specs: المواصفات
1794,صانسيلك | بلسم ضد تقصف الشعر بالعسل ناتشورال ريتشارج | 350مل,sunsilk natural recharge conditioner anti breakage with honey,150,EGP,صانسيلك,العناية بالشعر>شامبو وبلسم,in stock,https://chefaa.com:443/eg-ar/nowProduct/sunsilk-natural-recharge-conditioner-anti-breakage-with-honey-350-ml,https://cdn.chefaa.com/filters:format(webp)/public/uploads/products/sunsilk-natural-recharge-conditioner-anti-breakage-with-honey-350-ml-01656257341.png,https://cdn.chefaa.com/filters:format(webp)/public/uploads/products/sunsilk-natural-recharge-conditioner-anti-breakage-with-honey-350-ml-01656257341.png,عن هذا المنتج     ﻿ ﻿ ﻿ ﻿ ﻿ يغذي ويفك شعرك مما يجعله أقوى وناعم 5 مرات,ماركة: صانسيلك
1053,بانتين | بلسم عناية مرطبة | 360مل,pantene pro moisture renewal conditioner,210,EGP,بانتين,العناية بالشعر>شامبو وبلسم,in stock,https://chefaa.com:443/eg-ar/nowProduct/pantene-pro-v-moisture-renewal-conditioner,https://cdn.chefaa.com/filters:format(webp)/public/uploads/products/pantene-pro-v-moisture-renewal-conditioner-01680772582.png,https://cdn.chefaa.com/filters:format(webp)/public/uploads/products/pantene-pro-v-moisture-renewal-conditioner-01680772582.png,مميزات المنتج   بانتين بلسم عناية مرطبة 360 ملى,ماركة: بانتين
1573,لوريال باريس صبغة شعر كاستينج كريم اللامعة | 535 شيكولاته,casting creme gloss hair color mahogany golden light brown,460,EGP,لوريال باريس,العناية بالشعر>صبغات الشعر,in stock,https://chefaa.com:443/eg-ar/nowProduct/casting-creme-gloss-hair-color-535-mahogany-golden-light-brown,https://cdn.chefaa.com/filters:format(webp)/public/uploads/products/1588151438casting-creme-gloss-hair-color-535-mahogany-golden-light-brown.jpeg,https://cdn.chefaa.com/filters:format(webp)/public/uploads/products/1588151438casting-creme-gloss-hair-color-535-mahogany-golden-light-brown.jpeg,"مميزات المنتج   لوريال باريس | افضل صبغة شعر كاستينج كريم اللامعة | 535 شيكولاته   عن هذا المنتج       ﻿ صبغة لوريال كاستينج تمنح شعرك لون طبيعي 100% ليستمر حتى 28 مرة من غسل الشعر ، تتميز  بأنها لا تحتوى على الأمونيا وبالتالى لا تسبب ضرر للشعر كما يتوافر منها العديد من الألوان المختلفة لتناسب جميع الأذواق      صبغة شعر لوريال كاستينج شوكولاته  رقم 500 :  تتميز باختراقها للشعر بعمق لتغطية كل أجزاء الشعر بفاعلية لتمنح شعرك لون الشوكولا كما يستمر لون الصبغة لمدة طويلة        صبغة لوريال باريس l'oreal casting creme gloss :     تمنح شعرك لون واضح ولامع   لا تحتوى على الأمونيا   تحتوي على مواد مرطبة ومغذية للشعر مثل العسل الطبيعي وزيت جوز الهند   تناسب الشعر المعالج كيميائياً أو المفرود بالبروتين   لا تسبب تساقط الشعر   تتميز بألوان عديدة لتناسب جميع الأذواق   تتميز بثبات لونها لفترة طويلة على الشعر   تتميز بسهولة الاستخدام   لا تسبب حساسية أو تهيج فروة الرأس          محتويات عبوة صبغة لوريال بدون امونيا :     معجون الصبغة.   الكريم المظهر للصبغة.   قفازات.   بلسم العناية بالشعر   ورقة التعليمات وطريقة الاستخدام.          طريقة استخدام صبغة لوريال كاستينج بدون امونيا :     اغسلى شعرك قبل وضع الصبغة بحوالى 24 إلى 48 ساعة  (  تجنبي استخدام البلسم عند غسل شعرك )   غطى أي سطح حولك وضعى الجرائد على الأرض لحمايتها من أى لون قد ينسكب عليها   ضعى منشفة حول كتفيك   مشطى شعرك جيدًا وتأكد من عدم وجود تشابك في شعرك.   استخدمي مشطًا لفصل شعرك إلى أجزاء صغيرة   كلما كان شعرك أكثر سمكًا ، كلما كان عليك تقسيمه لأجزاء أصغر حتى تتمكن الصبغة من إشباع الشعر بالكامل.   ضعى فازلين أو مرطب على أذنيك ورقبتك، هذه الخطوة اختيارية لكنها ستجعل من السهل إزالة أي صبغة تلامس بشرتك.   ارتدِ قفازاتك   استخدمي فرشاه لتوزيع الصبغه على كل جزء شعرك   ضعي الصبغة على شعرك جيدًا   ضعى بونيه بلاستيك أو كيس بلاستيك على شعرك   قومي بإزالة أجزاء الصبغة التي تطايرت على بشرتك   اتركي الصبغة على الشعر واتبعى التعليمات الموجودة على العلبة فلا تغسل الصبغة قبل الحد الأدنى من الوقت أو تترك الصبغة بعد الوقت.   اشطفي شعرك جيدا بالماء الدافئ  ( اشطفي شعرك حتى يصبح الماء نظيفًا  دون لون )   انتظري ساعة على الأقل قبل غسل شعرك بالشامبو   جففى شعرك وقومى بتصفيفه كالمعتاد        سعر صبغة لوريال بدون امونيا :  تتراوح أسعار صبغة لوريال بدون امونيا  من 100 إلى  130 جنيه مصرى  "" قد يتغير السعر من مكان لآخر ومن وقت لآخر ""      حجم صبغة لوريال بدون امونيا للشيب :  تتوافر صبغة شعر لوريال بدون امونيا بحجم 220 جم      الوان صبغة لوريال باريس كاستينج بدون امونيا :  تتوافر لوريال صبغة شعر بدون امونيا بعدة ألوان وهي       درجات اللون الأسود من صبغة لوريال باريس بدون امونيا :      أسود غامق جداً   أسود عميق   أسود عرق سوس   أسود أزرق   أسود أحمر          درجات اللون البني ( الكستنائي  ) من صبغة لوريال بدون امونيا :     بني   بني فاتح   بني فاتح رمادي   بني متوسط   كستنائي غامق    كستنائي غامق جدا   شوكولاته غامق    شوكولاتة   موكا   كاكاو   كاراميل        درجات اللون الأحمر :     أحمر كرز   أحمر توت   أحمر عميق   ماهوجني        درجات اللون الأشقر :     أشقر   أشقر فاتح   أشقر فاتح ذهبي   أشقر داكن   عسلي فاتح   عسلي غامق   لاتيه مثلج   صبغة لوريال بدون امونيا اشقر رمادي فاتح        أنواع صبغات الشعر :         صبغة الشعر المؤقتة :   ليس الجميع مستعدًا للحفاظ على لون شعره لفترة طويلة. وهنا يأتي دور صبغة الشعر المؤقتة .   صبغة الشعر المؤقتة تغطي فقط الجزء الخارجي من الشعر ، لذلك لا تظل لفترة طويلة.      صبغة الشعر شبه الدائمة :  إذا كنت تريد الحفاظ على لون شعرك أكثر قليلاً ، فإن صبغة الشعر شبه الدائمة ستفي بالغرض.  عادة لا تحتوي على الأمونيا ويدوم اللون حتى 8 غسلات للشعر ولهذه الأسباب يمكن أن تكون الصبغة شبه الدائمة خيارًا رائعًا لتغطية الشعر في المنزل      صبغة الشعر الدائمة :  إذا كنت تريد الاحتفاظ بلون شعر واحد لفترة من الوقت ، فربما تكون صبغة الشعر الدائمة هي الخيار المناسب لك. تتطلب هذه الصبغة معالجة كيميائية أكثر تعقيدًا وتخترق شعرك بعمق أكبر وهذا يعني أن لون الشعر يمكن أن يستمر لأسابيع    يمكن استخدام صبغة الشعر الدائمة للمساعدة في تفتيح أو تغميق أو تخفيف لون شعرك ويمكن أن تساعد في توفير تغطية عالية للشعر الرمادي.      صبغة شعر الحناء  قد تكون الحناء خيارًا جيدًا إذا كنت قد عانيت سابقًا من حساسية عند صبغ شعرك ،وقد تكون الحناء مفيدة أيضًا لمن يعانون من قشرة الرأس. ﻿ ﻿ ﻿",ماركة: لوريال باريس
1579,لوريال باريس | صبغة شعر كاستينج كريم اللامعة | 810 أشقر رمادي,casting creme gloss hair color ashy blonde,460,EGP,لوريال باريس,العناية بالشعر>صبغات الشعر,in stock,https://chefaa.com:443/eg-ar/nowProduct/casting-creme-gloss-hair-color-810-ashy-blonde,https://cdn.chefaa.com/filters:format(webp)/public/uploads/products/casting-creme-gloss-hair-color-810-ashy-blonde-01652633366.png,https://cdn.chefaa.com/filters:format(webp)/public/uploads/products/casting-creme-gloss-hair-color-810-ashy-blonde-01652633366.png,"مميزات المنتج   لوريال باريس | صبغة شعر كاستينج كريم اللامعة | 810 أشقر رمادي   عن هذا المنتج       ﻿ ﻿ صبغة لوريال كاستينج تمنح شعرك لون طبيعي 100% ليستمر حتى 28 مرة من غسل الشعر ، تتميز  بأنها لا تحتوى على الأمونيا وبالتالى لا تسبب ضرر للشعر كما يتوافر منها العديد من الألوان المختلفة لتناسب جميع الأذواق      صبغة شعر لوريال كاستينج أشقر رمادي رقم 810 :  تتميز باختراقها للشعر بعمق لتغطية كل أجزاء الشعر بفاعلية لتمنح شعرك اللون الأشقر المائل للرمادي ويستمر لون الصبغة لمدة طويلة        صبغة لوريال باريس l'oreal casting creme gloss :     تمنح شعرك لون واضح ولامع   لا تحتوى على الأمونيا   تحتوي على مواد مرطبة ومغذية للشعر مثل العسل الطبيعي وزيت جوز الهند   تناسب الشعر المعالج كيميائياً أو المفرود بالبروتين   لا تسبب تساقط الشعر   تتميز بألوان عديدة لتناسب جميع الأذواق   تتميز بثبات لونها لفترة طويلة على الشعر   تتميز بسهولة الاستخدام   لا تسبب حساسية أو تهيج فروة الرأس          محتويات عبوة صبغة لوريال بدون امونيا :     معجون الصبغة.   الكريم المظهر للصبغة.   قفازات.   بلسم العناية بالشعر   ورقة التعليمات وطريقة الاستخدام.          طريقة استخدام صبغة لوريال كاستينج بدون امونيا :     اغسلى شعرك قبل وضع الصبغة بحوالى 24 إلى 48 ساعة  (  تجنبي استخدام البلسم عند غسل شعرك )   غطى أي سطح حولك وضعى الجرائد على الأرض لحمايتها من أى لون قد ينسكب عليها   ضعى منشفة حول كتفيك   مشطى شعرك جيدًا وتأكد من عدم وجود تشابك في شعرك.   استخدمي مشطًا لفصل شعرك إلى أجزاء صغيرة   كلما كان شعرك أكثر سمكًا ، كلما كان عليك تقسيمه لأجزاء أصغر حتى تتمكن الصبغة من إشباع الشعر بالكامل.   ضعى فازلين أو مرطب على أذنيك ورقبتك، هذه الخطوة اختيارية لكنها ستجعل من السهل إزالة أي صبغة تلامس بشرتك.   ارتدِ قفازاتك   استخدمي فرشاه لتوزيع الصبغه على كل جزء شعرك   ضعي الصبغة على شعرك جيدًا   ضعى بونيه بلاستيك أو كيس بلاستيك على شعرك   قومي بإزالة أجزاء الصبغة التي تطايرت على بشرتك   اتركي الصبغة على الشعر واتبعى التعليمات الموجودة على العلبة فلا تغسل الصبغة قبل الحد الأدنى من الوقت أو تترك الصبغة بعد الوقت.   اشطفي شعرك جيدا بالماء الدافئ  ( اشطفي شعرك حتى يصبح الماء نظيفًا  دون لون )   انتظري ساعة على الأقل قبل غسل شعرك بالشامبو   جففى شعرك وقومى بتصفيفه كالمعتاد        سعر صبغة لوريال بدون امونيا :  تتراوح أسعار صبغة لوريال بدون امونيا  من 100 إلى  130 جنيه مصرى  "" قد يتغير السعر من مكان لآخر ومن وقت لآخر ""      حجم صبغة لوريال بدون امونيا للشيب :  تتوافر صبغة شعر لوريال بدون امونيا بحجم 220 جم      الوان صبغة لوريال باريس كاستينج بدون امونيا :  تتوافر لوريال صبغة شعر بدون امونيا بعدة ألوان وهي       درجات اللون الأسود من صبغة لوريال باريس بدون امونيا :      أسود غامق جداً   أسود عميق   أسود عرق سوس   أسود أزرق   أسود أحمر          درجات اللون البني ( الكستنائي  ) من صبغة لوريال بدون امونيا :     بني   بني فاتح   بني فاتح رمادي   بني متوسط   كستنائي غامق    كستنائي غامق جدا   شوكولاته غامق    شوكولاتة   موكا   كاكاو   كاراميل        درجات اللون الأحمر :     أحمر كرز   أحمر توت   أحمر عميق   ماهوجني        درجات اللون الأشقر :     أشقر   أشقر فاتح   أشقر فاتح ذهبي   أشقر داكن   عسلي فاتح   عسلي غامق   لاتيه مثلج   صبغة لوريال بدون امونيا اشقر رمادي فاتح        أنواع صبغات الشعر :         صبغة الشعر المؤقتة :   ليس الجميع مستعدًا للحفاظ على لون شعره لفترة طويلة. وهنا يأتي دور صبغة الشعر المؤقتة .   صبغة الشعر المؤقتة تغطي فقط الجزء الخارجي من الشعر ، لذلك لا تظل لفترة طويلة.      صبغة الشعر شبه الدائمة :  إذا كنت تريد الحفاظ على لون شعرك أكثر قليلاً ، فإن صبغة الشعر شبه الدائمة ستفي بالغرض.  عادة لا تحتوي على الأمونيا ويدوم اللون حتى 8 غسلات للشعر ولهذه الأسباب يمكن أن تكون الصبغة شبه الدائمة خيارًا رائعًا لتغطية الشعر في المنزل      صبغة الشعر الدائمة :  إذا كنت تريد الاحتفاظ بلون شعر واحد لفترة من الوقت ، فربما تكون صبغة الشعر الدائمة هي الخيار المناسب لك. تتطلب هذه الصبغة معالجة كيميائية أكثر تعقيدًا وتخترق شعرك بعمق أكبر وهذا يعني أن لون الشعر يمكن أن يستمر لأسابيع    يمكن استخدام صبغة الشعر الدائمة للمساعدة في تفتيح أو تغميق أو تخفيف لون شعرك ويمكن أن تساعد في توفير تغطية عالية للشعر الرمادي.      صبغة شعر الحناء  قد تكون الحناء خيارًا جيدًا إذا كنت قد عانيت سابقًا من حساسية عند صبغ شعرك ،وقد تكون الحناء مفيدة أيضًا لمن يعانون من قشرة الرأس. ﻿ ﻿",ماركة: لوريال باريس
1604,لوريال باريس | صبغة الشعر الرائعة إكسيلانس كريم | 3 كستنائى غامق,excellence creme hair color dark chestnut brown,327,EGP,لوريال باريس,العناية بالشعر>صبغات الشعر,in stock,https://chefaa.com:443/eg-ar/nowProduct/excellence-creme-hair-color-3-dark-chestnut-brown,https://cdn.chefaa.com/filters:format(webp)/public/uploads/products/excellence-creme-hair-color-3-dark-chestnut-brown-01650707737.png,https://cdn.chefaa.com/filters:format(webp)/public/uploads/products/excellence-creme-hair-color-3-dark-chestnut-brown-01650707737.png,"مميزات المنتج   دائمة, فاتح, بني, يغذي, الكولاجين, الكيراتين,لوريال, صبغة شعر, لون صبغه, العناية بالشعر, تسريحه شعر, كونسيلر,فاتح, مستحضر تجميل , شعر كوافير, مجعد, ناعم, لامع, الجمال, منتج, زيت , كريم, يعالج, بلسم , ابيض,   عن هذا المنتج     ﻿ Product Benefits: Our first hair colour enriched with PRO-KERATIN that protects and strengthens the hair while you colour! Worlds No.1 Hair color with T CARE PROTECTION   The 3 powerful ingredients used help: Ceramides PROTECT Pro Keratin STRENGTHENS Collagen RESTORES Application: 1 - Before Protect Your Hair: 1. Use the protective serum 1 on dry and unwashed hair 2. Apply to the most fragile parts of the hair( Length and ends) Mix Your Color: 1. Pour 2B into developer bottle 2A 2. Replace the applicator tip and shake vigorously until mixture is totally blended 3. Twist off the applicator tip after mixing 4. You can choose to use the comb applicator on length 2. During: 1. Start applying at the root- let it develop for 20 minutes 2. Apply remaining through hair length and ends- let it develop for 10 minutes Total develop time – 30 minutes 3. After: 1. Pour little warm water on the hair and massage it gently 2. Then rinse thoroughly until water runs clear 3. Spread the conditioner through hair and leave it for 2 minutes 4. Keep the conditioner for another application between coloring Skin Allergy Test: The product can lead to allergic reactions which in certain rare cases may be severe Allergy test must be done before 48hr For Extra Care: To enhance the look of your color after application rinse your hair without shampoo: Use color protective conditioner Rinse out with cold water for extra shine Innovation: Now, the world’s no1 hair color goes even further with triple-care color: an advanced technology with 3 powerful care ingredient: Ceramide:  Enriched with ceramide, a replica of hair’s natural cement, excellence crème smoothens and protects the hair Pro-Keratin:  Excellence crème revitalizes and strengthens the hair Collagen:  Known for its densifying power Excellence Crème Replenishes and Softens the hair   100% Grey coverage from root to tip Rich, even, long-lasting color Soft and silky touch 85% more resistant to brushing Special comb applicator for ease in application",ماركة: لوريال باريس
1615,لوريال باريس | صبغة الشعر الرائعة إكسيلانس كريم | 7 أشقر,excellence creme hair color blonde,297,EGP,لوريال باريس,العناية بالشعر>صبغات الشعر,in stock,https://chefaa.com:443/eg-ar/nowProduct/excellence-creme-hair-color-7-blonde,https://cdn.chefaa.com/filters:format(webp)/public/uploads/products/excellence-creme-hair-color-7-blonde-01650799614.png,https://cdn.chefaa.com/filters:format(webp)/public/uploads/products/excellence-creme-hair-color-7-blonde-01650799614.png,"مميزات المنتج   لوريال باريس | صبغة الشعر الرائعة إكسيلانس كريم | 7 أشقر   عن هذا المنتج     ﻿ Product Benefits: Our first hair colour enriched with PRO-KERATIN that protects and strengthens the hair while you colour! Worlds No.1 Hair color with T CARE PROTECTION   The 3 powerful ingredients used help: Ceramides PROTECT Pro Keratin STRENGTHENS Collagen RESTORES Application: 1 - Before Protect Your Hair: 1. Use the protective serum 1 on dry and unwashed hair 2. Apply to the most fragile parts of the hair( Length and ends) Mix Your Color: 1. Pour 2B into developer bottle 2A 2. Replace the applicator tip and shake vigorously until mixture is totally blended 3. Twist off the applicator tip after mixing 4. You can choose to use the comb applicator on length 2. During: 1. Start applying at the root- let it develop for 20 minutes 2. Apply remaining through hair length and ends- let it develop for 10 minutes Total develop time – 30 minutes 3. After: 1. Pour little warm water on the hair and massage it gently 2. Then rinse thoroughly until water runs clear 3. Spread the conditioner through hair and leave it for 2 minutes 4. Keep the conditioner for another application between coloring Skin Allergy Test: The product can lead to allergic reactions which in certain rare cases may be severe Allergy test must be done before 48hr For Extra Care: To enhance the look of your color after application rinse your hair without shampoo: Use color protective conditioner Rinse out with cold water for extra shine Innovation: Now, the world’s no1 hair color goes even further with triple-care color: an advanced technology with 3 powerful care ingredient: Ceramide:  Enriched with ceramide, a replica of hair’s natural cement, excellence crème smoothens and protects the hair Pro-Keratin:  Excellence crème revitalizes and strengthens the hair Collagen:  Known for its densifying power Excellence Crème Replenishes and Softens the hair   100% Grey coverage from root to tip Rich, even, long-lasting color Soft and silky touch 85% more resistant to brushing Special comb applicator for ease in application",ماركة: لوريال باريس
1673,غارنييه | صبغة شعر كولور ناتشرالز كريم | 8 أشقر فاتح,color naturals creme hair color light blonde,161,EGP,غارنييه,العناية بالشعر>,in stock,https://chefaa.com:443/eg-ar/nowProduct/color-naturals-creme-hair-color-8-light-blonde,https://cdn.chefaa.com/filters:format(webp)/public/uploads/products/color-naturals-creme-hair-color-8-light-blonde-01722776259.png,https://cdn.chefaa.com/filters:format(webp)/public/uploads/products/color-naturals-creme-hair-color-8-light-blonde-01722776259.png,مميزات المنتج   غارنييه | صبغة شعر كولور ناتشرالز كريم | 8 أشقر فاتح   عن هذا المنتج     ﻿ صبغة غارنيه كولور ناتشرال بتركيبة متطورة مع خلاصة زيت الزيتون الذي يُغذي الشعر والتى تعمل على تغذية شعرك، وتعطيك لون رائع ولامع ومُوحد. . زيت الزيتون فى البلسم يُعالج الشعر بفاعلية لشعر ناعم بلون جرىء ورائع. لا مزيد من الشعر الأبيض.         صبغة غارنيه كولور ناتشرال بتركيبة متطورة مع خلاصة زيت الزيتون، وبلسم غنى بزيت الزيتون يستخدم بعد الصبغة ليمنحك الترطيب المطلوب. تركيبة غارنيه كولور ناتشرال الكريمى سهلة التطبيق بواسطة الفرشاه. نتيجة رائعة، احصلى على نفس نتائج الصالون فى البيت.   أول صبغة شعر مُغذية بزيت الزيتون والأفوكادو والكاريت تركيبة كريمي غنية تركيبة كريمى مع بلسم مُغذى (بزيت الزيتون، والأفوكادو، وزبدة الكاريت) لترطيب وتغذية الشعر. زيت الزيتون فى البلسم يمنحك علاجًا إضافيًا ولمعانًا للشعر. تمنحك Garnier Color Naturals لون لامع يدوم لفترة طويلة. شعر ملئ بالعناصر المُغذية للون غنى لا للشعر الأبيض               ﻿,ماركة: غارنييه
2611,داكس كريم للشعر القصير والناعم - 99 جم,dax short and neat light hair dress cream 99gm,340,EGP,داكس,العناية بالشعر>,in stock,https://chefaa.com:443/eg-ar/nowProduct/dax-short-and-neat-light-hair-dress-cream-99gm,https://cdn.chefaa.com/filters:format(webp)/public/uploads/products/dax-short-and-neat-light-hair-dress-cream-99gm-01719498805.png,https://cdn.chefaa.com/filters:format(webp)/public/uploads/products/dax-short-and-neat-light-hair-dress-cream-99gm-01719498805.png,مميزات المنتج   داكس كريم للشعر القصير والناعم - 99 جم   عن هذا المنتج     ﻿ تركيبة خفيفة ترطب الشعر وتناسب جميع أنواع الشعر. تركيبة تمنحك التثبيت المطلوب وسهلة الغسل بالماء.,ماركة: داكس
2613,داكس | مستحضر علاجي للشعر | 99جم,dax wave and groom red hair dress,350,EGP,داكس,العناية بالشعر>,in stock,https://chefaa.com:443/eg-ar/nowProduct/dax-wave-and-groom-red-hair-dress-99-gm,https://cdn.chefaa.com/filters:format(webp)/public/uploads/products/dax-wave-and-groom-red-hair-dress-99-gm-01719498473.png,https://cdn.chefaa.com/filters:format(webp)/public/uploads/products/dax-wave-and-groom-red-hair-dress-99-gm-01719498473.png,مميزات المنتج   داكس | مستحضر علاجي للشعر | 99جم   عن هذا المنتج     ﻿ ﻿ دهان لتصفيف الشعر,ماركة: داكس
32408,سانوسان | شامبو وسائل استحمام بالموز للأطفال خالٍ من كبريتات لوريث الصوديوم | 400مل,sanosan kids shampoo shower banana sls free 400ml 64ft,465,EGP,سانوسان,العناية بالشعر>,in stock,https://chefaa.com:443/eg-ar/nowProduct/sanosan-kids-shampoo-shower-banana-sls-free-400ml-64ft,https://cdn.chefaa.com/filters:format(webp)/public/uploads/products/sanosan-kids-shampoo-shower-banana-sls-free-400ml-tkrt-01697380006.png,https://cdn.chefaa.com/filters:format(webp)/public/uploads/products/sanosan-kids-shampoo-shower-banana-sls-free-400ml-tkrt-01697380006.png,مميزات المنتج   سانوسان | شامبو وسائل استحمام بالموز للأطفال خالٍ من كبريتات لوريث الصوديوم | 400مل,ماركة: سانوسان
18078,فيتال | جل الشعر ميجا هولد سبايكينج | 300مل,vital care mega hold spiking hair gel dn0x,255,EGP,فيتال كير,العناية بالشعر>,in stock,https://chefaa.com:443/eg-ar/nowProduct/vital-care-mega-hold-spiking-hair-gel-dn0x,https://cdn.chefaa.com/filters:format(webp)/public/uploads/products/vital-care-mega-hold-spiking-hair-gel-ln0e-01653310071.png,https://cdn.chefaa.com/filters:format(webp)/public/uploads/products/vital-care-mega-hold-spiking-hair-gel-ln0e-01653310071.png,مميزات المنتج   فيتال | جل الشعر ميجا هولد سبايكينج | 300مل,ماركة: فيتال كير
18080,فيتال | جل رياضي للتثبيت الشديد | 300مل,vital care extreme hold sport gel ap1n,254.9,EGP,فيتال كير,العناية بالشعر>,in stock,https://chefaa.com:443/eg-ar/nowProduct/vital-care-extreme-hold-sport-gel-300-ml-ap1n,https://cdn.chefaa.com/filters:format(webp)/public/uploads/products/vital-care-extreme-hold-sport-gel-300-ml-er8b-01653310407.png,https://cdn.chefaa.com/filters:format(webp)/public/uploads/products/vital-care-extreme-hold-sport-gel-300-ml-er8b-01653310407.png,عن هذا المنتج     فيتال | جل رياضي للتثبيت الشديد | 300مل,ماركة: فيتال كير
18085,داكس | واكس للشعر اخضر وذهبي | 99 جم,dax hair wax green and gold 99g shpk,350,EGP,داكس,العناية بالشعر>,in stock,https://chefaa.com:443/eg-ar/nowProduct/dax-hair-wax-green-and-gold-99g-shpk,https://cdn.chefaa.com/filters:format(webp)/public/uploads/products/dax-hair-wax-green-and-gold-99g-shpk-01719496451.png,https://cdn.chefaa.com/filters:format(webp)/public/uploads/products/dax-hair-wax-green-and-gold-99g-shpk-01719496451.png,مميزات المنتج   داكس | واكس للشعر اخضر وذهبي | 99 جم,ماركة: داكس
18206,ايفري ستراند | ماسك مرطب للشعر الجاف والتالف بزيت الأرجان والمكاديميا | 425جم,every strand hydrating hair masque with argan oil and macadamia 425ml pzr4,659.9,EGP,ايفري ستراند,العناية بالشعر>,in stock,https://chefaa.com:443/eg-ar/nowProduct/every-strand-hydrating-hair-masque-with-argan-oil-and-macadamia-425ml-pzr4,https://cdn.chefaa.com/filters:format(webp)/public/uploads/products/every-strand-hydrating-hair-masque-with-argan-oil-and-macadamia-425ml-pzr4-01721496451.png,https://cdn.chefaa.com/filters:format(webp)/public/uploads/products/every-strand-hydrating-hair-masque-with-argan-oil-and-macadamia-425ml-pzr4-01721496451.png,مميزات المنتج   يعمل على ترطيب الشعر وحمايته من الجفاف. يساعد على إصلاح الشعر الجاف والتالف والمتضرر نتيجة استخدام المواد الكيميائية ومنتجات الفرد والصبغات والحرارة وأدوات التصفيف. يُكسب الشعر مزيد من النعومة واللمعان. يعمل على تغذية الشعر من الجذور حتى الأطراف. يساعد على تقليل الهيشان. يساعد على تسهيل تصفيف الشعر وفك التشابك. يعطى نتائج من أول استخدام. خالي من البارابين والسلفات والديثانولامين (DEA). يتميز بتركيبته سريعة الامتصاص التي لا تترك أثر لزج أو دهني على الشعر. مناسب لجميع أنواع الشعر.   عن هذا المنتج     مكونات ايفري ستراند ماسك  للشعر الجاف والتالف: زيت الأرجان: يعمل على ترطيب وتقوية الشعر التالف، كما يساعد على تسهيل فك تشابك الشعر وتقليل هيشانه وجعله أكثر صحة ولمعان.  زيت بذور المكاديميا: يعمل على تقوية وتغذية الشعر ومده بالبروتينات والعناصر الغذائية، كما يساعد على ترطيب الشعر وتقليل هيشانه وحمايته من التكسر. الجلسرين: يحافظ على رطوبة الشعر. ثنائي الميثيكون: يعمل على الحفاظ على رطوبة الشعر. سيكلوبنتاسيلوكسان: نوع من السيليكون يساعد على تنعيم وترطيب الشعر وتقليل الهيشان. بيهينتريمونيوم ميثوسلفات: مادة مشتقة من زيت الكانولا ،تعمل على ترطيب وفك تشابك الشعر وتسهيل تصفيفه. حجم Every Strand Argan Oil with Macadamia Hydrating Hair Masque: يتوفر بحجم 425 جم. يوصي به: ايفري ستراند ماسك الشعر مناسب لجميع أنواع الشعر الذي يعاني من الجفاف والهيشان والتلف نتيجة استخدام المواد الكيميائية ومنتجات الفرد والصبغات والحرارة حيث يعمل على ترطيب الشعر وإصلاح الشعر التالف والجاف، كما يعمل على تقليل هيشان الشعر وجعله أكثر نعومة ولمعان وصحة.,ماركة: ايفري ستراند
18307,بايو | سيروم للشعر المجعد ببروتين جنين القمح للنساء | 75مل,bio anti frizz hair serum with wheatgerm protein for women z1wu,250,EGP,بايو,العناية بالشعر>,in stock,https://chefaa.com:443/eg-ar/nowProduct/bio-anti-frizz-hair-serum-with-wheatgerm-protein-for-women-z1wu,https://cdn.chefaa.com/filters:format(webp)/public/uploads/products/bio-anti-frizz-hair-serum-with-wheatgerm-protein-for-women-ld0j-01653485254.png,https://cdn.chefaa.com/filters:format(webp)/public/uploads/products/bio-anti-frizz-hair-serum-with-wheatgerm-protein-for-women-ld0j-01653485254.png,مميزات المنتج   بايو | سيروم للشعر المجعد ببروتين جنين القمح للنساء | 75مل,ماركة: بايو
18335,ايفرى ستراند | كيراتين وصبار بلسم مرمم | 399مل,every strand keratin aloe vera repair conditioner 1u8p,494.9,EGP,ايفري ستراند,العناية بالشعر>شامبو وبلسم,in stock,https://chefaa.com:443/eg-ar/nowProduct/every-strand-keratin-aloe-vera-repair-conditioner-399-ml-1u8p,https://cdn.chefaa.com/filters:format(webp)/public/uploads/products/every-strand-keratin-aloe-vera-repair-conditioner-399-ml-kd2b-01653493647.png,https://cdn.chefaa.com/filters:format(webp)/public/uploads/products/every-strand-keratin-aloe-vera-repair-conditioner-399-ml-kd2b-01653493647.png,عن هذا المنتج     ايفرى ستراند | كيراتين وصبار بلسم مرمم | 399مل,ماركة: ايفري ستراند
18361,أنيفاجين | شامبو مغذي ومقوي للشعر المتساقط للسيدات | 200مل,anivagene anti dandruff shampoo 99ml phib,379,EGP,أنيفاجين,العناية بالشعر>,in stock,https://chefaa.com:443/eg-ar/nowProduct/anivagene-anti-dandruff-shampoo-99ml-phib,https://cdn.chefaa.com/filters:format(webp)/public/uploads/products/anivagene-anti-dandruff-shampoo-99ml-aysh-01653505853.png,https://cdn.chefaa.com/filters:format(webp)/public/uploads/products/anivagene-anti-dandruff-shampoo-99ml-aysh-01653505853.png,مميزات المنتج   أنيفاجين | شامبو مغذي ومقوي للشعر المتساقط للسيدات | 200مل,ماركة: أنيفاجين
18501,لوريال باريس | شامبو الفيف دريم طويل مستقيم | 600مل,lor%C3%A9al paris elvive dream long straight shampoo 600ml 5phb,265,EGP,لوريال باريس,العناية بالشعر>,in stock,https://chefaa.com:443/eg-ar/nowProduct/lor%C3%A9al-paris-elvive-dream-long-straight-shampoo-600ml-5phb,https://cdn.chefaa.com/filters:format(webp)/public/uploads/products/loréal-paris-elvive-dream-long-straight-shampoo-600ml-hhux-01653840733.png,https://cdn.chefaa.com/filters:format(webp)/public/uploads/products/loréal-paris-elvive-dream-long-straight-shampoo-600ml-hhux-01653840733.png,مميزات المنتج   لوريال باريس | شامبو الفيف دريم طويل مستقيم | 600مل,ماركة: لوريال باريس
21069,جي كى هير | شامبو موازنة الشعر | 300مل,hair taming system with juvexin balancing shampoo ahcx,760,EGP,جى كى هير,العناية بالشعر>,in stock,https://chefaa.com:443/eg-ar/nowProduct/gk-hair-taming-system-with-juvexin-balancing-shampoo-300-ahcx,https://cdn.chefaa.com/filters:format(webp)/public/uploads/products/gk-hair-taming-system-with-juvexin-balancing-shampoo-300-le5a-01655987194.png,https://cdn.chefaa.com/filters:format(webp)/public/uploads/products/gk-hair-taming-system-with-juvexin-balancing-shampoo-300-le5a-01655987194.png,مميزات المنتج   جي كى هير | شامبو موازنة الشعر | 300مل,ماركة: جى كى هير
21288,لوريال | كاستينغ كريم أشقر 700 صبغة شعر,lorealloreal paris casting creme gloss blonde hair color 6awy,530,EGP,لوريال باريس,العناية بالشعر>,in stock,https://chefaa.com:443/eg-ar/nowProduct/lorealloreal-paris-casting-creme-gloss-700-blonde-hair-color-6awy,https://cdn.chefaa.com/filters:format(webp)/public/uploads/products/lorealloreal-paris-casting-creme-gloss-700-blonde-hair-color-75bt-01656439355.png,https://cdn.chefaa.com/filters:format(webp)/public/uploads/products/lorealloreal-paris-casting-creme-gloss-700-blonde-hair-color-75bt-01656439355.png,مميزات المنتج   لوريال | كاستينغ كريم أشقر 700 صبغة شعر,ماركة: لوريال باريس
23176,ايمامى | زيت شعر 7*1 | 200مل,emami hair oil 200ml 93qs,285,EGP,إمامي,العناية بالشعر>,in stock,https://chefaa.com:443/eg-ar/nowProduct/emami-71-hair-oil-200ml-93qs,https://cdn.chefaa.com/filters:format(webp)/public/uploads/products/emami-71-hair-oil-200ml-ybqc-01663740515.png,https://cdn.chefaa.com/filters:format(webp)/public/uploads/products/emami-71-hair-oil-200ml-ybqc-01663740515.png,عن هذا المنتج     ايمامى | زيت شعر 7*1 | 200مل,ماركة: إمامي
23657,غارنييه | اشقر غامق | 6,garnier dark blond rzdd,161,EGP,غارنييه,العناية بالشعر>صبغات الشعر,in stock,https://chefaa.com:443/eg-ar/nowProduct/garnier-dark-blond-rzdd,https://cdn.chefaa.com/filters:format(webp)/public/uploads/products/garnier-dark-blond-yg33-01664944147.png,https://cdn.chefaa.com/filters:format(webp)/public/uploads/products/garnier-dark-blond-yg33-01664944147.png,عن هذا المنتج     غارنييه | اشقر غامق | 6,ماركة: غارنييه
28900,بايو | سيروم للشعر المجعد بالكيراتين للنساء | 75مل,bio anti frizz hair serum with keratin for women 75ml abfh,250,EGP,بيو بالانس,العناية بالشعر>,in stock,https://chefaa.com:443/eg-ar/nowProduct/bio-anti-frizz-hair-serum-with-keratin-for-women-75ml-abfh,https://cdn.chefaa.com/filters:format(webp)/public/uploads/products/bio-anti-frizz-hair-serum-with-keratin-for-women-75ml-abfh-01719953978.png,https://cdn.chefaa.com/filters:format(webp)/public/uploads/products/bio-anti-frizz-hair-serum-with-keratin-for-women-75ml-abfh-01719953978.png,مميزات المنتج   بايو | سيروم للشعر المجعد بالكيراتين للنساء | 75مل,ماركة: بيو بالانس
31503,ابافيكس | مصل الشعر | 120 مل,ebafix hair serum h31c,219,EGP,No Brand,العناية بالشعر>,in stock,https://chefaa.com:443/eg-ar/nowProduct/ebafix-hair-serum-120-ml-h31c,https://cdn.chefaa.com/filters:format(webp)/public/uploads/products/ebafix-hair-serum-120-ml-h31c-01720942743.png,https://cdn.chefaa.com/filters:format(webp)/public/uploads/products/ebafix-hair-serum-120-ml-h31c-01720942743.png,مميزات المنتج   ابافيكس | مصل الشعر | 120 مل   عن هذا المنتج     ابافيكس | مصل الشعر | 120 مل,raw_specs: المواصفات
31971,كانتو | بلسم مغذي للشعر للاطفال | 237مل,cantu care for kids nourishing conditioner 237ml ysk4,399,EGP,كانتو,العناية بالشعر>,in stock,https://chefaa.com:443/eg-ar/nowProduct/cantu-care-for-kids-nourishing-conditioner-237ml-ysk4,https://cdn.chefaa.com/filters:format(webp)/public/uploads/products/cantu-care-for-kids-nourishing-conditioner-237ml-ysk4-01724030511.png,https://cdn.chefaa.com/filters:format(webp)/public/uploads/products/cantu-care-for-kids-nourishing-conditioner-237ml-ysk4-01724030511.png,مميزات المنتج   كانتو | بلسم مغذي للشعر للاطفال | 237مل,ماركة: كانتو
32114,داكس | كريم شعر سوبر نيت | 85جم,dax purple super neat hair cream 85gm 98qd,295,EGP,No Brand,العناية بالشعر>,in stock,https://chefaa.com:443/eg-ar/nowProduct/dax-purple-super-neat-hair-cream-85gm-98qd,https://cdn.chefaa.com/filters:format(webp)/public/uploads/products/dax-purple-super-neat-hair-cream-85gm-98qd-01719498317.png,https://cdn.chefaa.com/filters:format(webp)/public/uploads/products/dax-purple-super-neat-hair-cream-85gm-98qd-01719498317.png,مميزات المنتج   داكس | كريم شعر سوبر نيت | 85جم,raw_specs: المواصفات
32409,سانوسان | شامبو وسائل استحمام للأطفال بتوت العليق خالٍ من كبريتات لوريث الصوديوم | 400مل,sanosan kids shampoo shower raspberry sls free 400ml zarw,465,EGP,سانوسان,العناية بالشعر>,in stock,https://chefaa.com:443/eg-ar/nowProduct/sanosan-kids-shampoo-shower-raspberry-sls-free-400ml-zarw,https://cdn.chefaa.com/filters:format(webp)/public/uploads/products/sanosan-kids-shampoo-shower-raspberry-sls-free-400ml-28x3-01697380166.png,https://cdn.chefaa.com/filters:format(webp)/public/uploads/products/sanosan-kids-shampoo-shower-raspberry-sls-free-400ml-28x3-01697380166.png,مميزات المنتج   سانوسان | شامبو وسائل استحمام للأطفال بتوت العليق خالٍ من كبريتات لوريث الصوديوم | 400مل,ماركة: سانوسان
45035,بلوبيل | شامبو روزاليا للشعر | 200مل,bluebell rozalia hair shampoo 200ml jdqg,235,EGP,بلو بيل,العناية بالشعر>شامبو وبلسم,in stock,https://chefaa.com:443/eg-ar/nowProduct/bluebell-rozalia-hair-shampoo-200ml-jdqg,https://cdn.chefaa.com/filters:format(webp)/public/uploads/products/bluebell-rozalia-hair-shampoo-200ml-bpyg-01723017809.png,https://cdn.chefaa.com/filters:format(webp)/public/uploads/products/bluebell-rozalia-hair-shampoo-200ml-bpyg-01723017809.png,مميزات المنتج   بلوبيل | شامبو روزاليا للشعر | 200مل,ماركة: بلو بيل
46369,بندولين | حمام كريم لتقليل تساقط الشعر بخلاصه الشاي | 150جم,penduline anti dandruff hair cream with tea tree extract 150gm zsm8_duWzAlYB,119,EGP,بندولين,العناية بالشعر>ترطيب وعلاج الشعر,in stock,https://chefaa.com:443/eg-ar/nowProduct/penduline-anti-dandruff-hair-cream-with-tea-tree-extract-150gm-zsm8_duWzAlYB,https://cdn.chefaa.com/filters:format(webp)/public/uploads/products/penduline-anti-dandruff-hair-cream-with-tea-tree-extract-150gm-h2vj-01701169175.png,https://cdn.chefaa.com/filters:format(webp)/public/uploads/products/penduline-anti-dandruff-hair-cream-with-tea-tree-extract-150gm-h2vj-01701169175.png,مميزات المنتج   بندولين | حمام كريم لتقليل تساقط الشعر بخلاصه الشاي | 150جم   عن هذا المنتج     بندولين | حمام كريم لتقليل تساقط الشعر بخلاصه الشاي | 150جم,ماركة: بندولين
46385,بايو | سيروم للشعر المجعد بزيت الزيتون للنساء | 150مل,bio anti frizz hair serum with olive oil for women 150ml aurk_duSP5NK9,350,EGP,بايو,العناية بالشعر>ترطيب وعلاج الشعر,in stock,https://chefaa.com:443/eg-ar/nowProduct/bio-anti-frizz-hair-serum-with-olive-oil-for-women-150ml-aurk_duSP5NK9,https://cdn.chefaa.com/filters:format(webp)/public/uploads/products/bio-anti-frizz-hair-serum-with-olive-oil-for-women-150ml-7j9l-01701346367.png,https://cdn.chefaa.com/filters:format(webp)/public/uploads/products/bio-anti-frizz-hair-serum-with-olive-oil-for-women-150ml-7j9l-01701346367.png,عن هذا المنتج     بايو | سيروم للشعر المجعد بزيت الزيتون للنساء | 150مل,ماركة: بايو
46552,صانسيلك | بلسم كثيف وطويل | 350مل,sunsilk thick long conditioner 350ml 0n89_dufHgrfH,140,EGP,صانسيلك,العناية بالشعر>شامبو وبلسم,in stock,https://chefaa.com:443/eg-ar/nowProduct/sunsilk-thick-long-conditioner-350ml-0n89_dufHgrfH,https://cdn.chefaa.com/filters:format(webp)/public/uploads/products/sunsilk-thick-long-conditioner-350ml-eop2-01704204541.png,https://cdn.chefaa.com/filters:format(webp)/public/uploads/products/sunsilk-thick-long-conditioner-350ml-eop2-01704204541.png,مميزات المنتج   صانسيلك | بلسم كثيف وطويل | 350مل,ماركة: صانسيلك
46699,إنرجي | سيروم بالكولاجين | 100مل,energy cosmetics restructuring serum with collagen for damaged and treated hair bhej hlvq_duldrnRq_du3bL9jl,380,EGP,إنرجي,العناية بالشعر>ترطيب وعلاج الشعر,in stock,https://chefaa.com:443/eg-ar/nowProduct/energy-cosmetics-restructuring-serum-with-collagen-for-damaged-and-treated-hair-60-ml-bhej-hlvq_duldrnRq_du3bL9jl,https://cdn.chefaa.com/filters:format(webp)/public/uploads/products/energy-cosmetics-restructuring-serum-with-collagen-for-damaged-and-treated-hair-60-ml-bhej-hlvq-duldrnrq-01709469609.png,https://cdn.chefaa.com/filters:format(webp)/public/uploads/products/energy-cosmetics-restructuring-serum-with-collagen-for-damaged-and-treated-hair-60-ml-bhej-hlvq-duldrnrq-01709469609.png,مميزات المنتج   إنرجي | سيروم بالكولاجين | 100مل,ماركة: إنرجي
47727,1+1 تولا هير | لوشن | 120مل,tola hair lotion 120ml free 0hec,349,EGP,تولا,العناية بالشعر>ترطيب وعلاج الشعر,in stock,https://chefaa.com:443/eg-ar/nowProduct/tola-hair-lotion-120ml-11-free-0hec,https://cdn.chefaa.com/filters:format(webp)/public/uploads/products/tola-hair-lotion-120ml-11-free-go05-01726663527.png,https://cdn.chefaa.com/filters:format(webp)/public/uploads/products/tola-hair-lotion-120ml-11-free-go05-01726663527.png,مميزات المنتج   1+1 تولا هير | لوشن | 120مل,ماركة: تولا
47322,تيتيلو | شامبو لتقليل تساقط الشعر | 400مل,tettello anti hairloss shampoo 400ml qyuo,405,EGP,مقام,العناية بالشعر>شامبو وبلسم,in stock,https://chefaa.com:443/eg-ar/nowProduct/tettello-anti-hairloss-shampoo-400ml-qyuo,https://cdn.chefaa.com/filters:format(webp)/public/uploads/products/tettello-anti-hairloss-shampoo-400ml-tiwz-01726307686.png,https://cdn.chefaa.com/filters:format(webp)/public/uploads/products/tettello-anti-hairloss-shampoo-400ml-tiwz-01726307686.png,مميزات المنتج   تيتيلو | شامبو لتقليل تساقط الشعر | 400مل,ماركة: مقام
47328,تيتيلو | بلسم مضاد لتساقط الشعر | 400جم,tettello anti hair fall conditioner 400gm s35r,450,EGP,مقام,العناية بالشعر>شامبو وبلسم,in stock,https://chefaa.com:443/eg-ar/nowProduct/tettello-anti-hair-fall-conditioner-400gm-s35r,https://cdn.chefaa.com/filters:format(webp)/public/uploads/products/tettello-anti-hair-fall-conditioner-400gm-m4cq-01726310122.png,https://cdn.chefaa.com/filters:format(webp)/public/uploads/products/tettello-anti-hair-fall-conditioner-400gm-m4cq-01726310122.png,مميزات المنتج   تيتيلو | بلسم مضاد لتساقط الشعر | 400جم,ماركة: مقام
47349,تيتيلو | بلسم مضاد لتساقط الشعر | 200جم,tettello anti hair fall conditioner 400gm s35r_dug8aYwL,250,EGP,مقام,العناية بالشعر>شامبو وبلسم,in stock,https://chefaa.com:443/eg-ar/nowProduct/tettello-anti-hair-fall-conditioner-400gm-s35r_dug8aYwL,https://cdn.chefaa.com/filters:format(webp)/public/uploads/products/tettello-anti-hair-fall-conditioner-400gm-s35r-dug8aywl-01726312543.png,https://cdn.chefaa.com/filters:format(webp)/public/uploads/products/tettello-anti-hair-fall-conditioner-400gm-s35r-dug8aywl-01726312543.png,مميزات المنتج   تيتيلو | بلسم مضاد لتساقط الشعر | 200جم,ماركة: مقام
47482,ليكسورا | سيروم لتقليل تساقط الشعر | 50مل,lixora anti hair loss serum 50ml 9nrp,475,EGP,No Brand,العناية بالشعر>ترطيب وعلاج الشعر,in stock,https://chefaa.com:443/eg-ar/nowProduct/lixora-anti-hair-loss-serum-50ml-9nrp,https://cdn.chefaa.com/filters:format(webp)/public/uploads/products/lixora-anti-hair-loss-serum-50ml-y1yj-01726408261.png,https://cdn.chefaa.com/filters:format(webp)/public/uploads/products/lixora-anti-hair-loss-serum-50ml-y1yj-01726408261.png,مميزات المنتج   ليكسورا | سيروم لتقليل تساقط الشعر | 50مل,raw_specs: المواصفات
47598,تريكو جو في | سبراي للشعر | 150مل,tricho grow vee hair spray 150ml zebw,490,EGP,No Brand,العناية بالشعر>ترطيب وعلاج الشعر,in stock,https://chefaa.com:443/eg-ar/nowProduct/tricho-grow-vee-hair-spray-150ml-zebw,https://cdn.chefaa.com/filters:format(webp)/public/uploads/products/tricho-grow-vee-hair-spray-150ml-5squ-01726559419.png,https://cdn.chefaa.com/filters:format(webp)/public/uploads/products/tricho-grow-vee-hair-spray-150ml-5squ-01726559419.png,مميزات المنتج   تريكو جو في | سبراي للشعر | 150مل,raw_specs: المواصفات
47599,تريكو جو في | شامبو بالبيوتين والكيراتين | 200 مل,tricho grow vee shampoo with biotin keratin 200ml gmkw,290,EGP,No Brand,العناية بالشعر>شامبو وبلسم,in stock,https://chefaa.com:443/eg-ar/nowProduct/tricho-grow-vee-shampoo-with-biotin-keratin-200ml-gmkw,https://cdn.chefaa.com/filters:format(webp)/public/uploads/products/tricho-grow-vee-shampoo-with-biotin-keratin-200ml-aiym-01726559609.png,https://cdn.chefaa.com/filters:format(webp)/public/uploads/products/tricho-grow-vee-shampoo-with-biotin-keratin-200ml-aiym-01726559609.png,مميزات المنتج   تريكو جو في | شامبو بالبيوتين والكيراتين | 200 مل,raw_specs: المواصفات
49568,لوريال باريس | ايلفيف شامبو شعر هيالورون نقي | 400مل,lor%C3%A9al paris elvive hyaluron pure purifying shampoo 400ml z1v3,190,EGP,لوريال باريس,العناية بالشعر>,in stock,https://chefaa.com:443/eg-ar/nowProduct/lor%C3%A9al-paris-elvive-hyaluron-pure-purifying-shampoo-400ml-z1v3,https://cdn.chefaa.com/filters:format(webp)/public/uploads/products/loréal-paris-elvive-hyaluron-pure-purifying-shampoo-400ml-qms6-01730054799.png,https://cdn.chefaa.com/filters:format(webp)/public/uploads/products/loréal-paris-elvive-hyaluron-pure-purifying-shampoo-400ml-qms6-01730054799.png,مميزات المنتج   لوريال باريس | ايلفيف شامبو شعر هيالورون نقي | 400مل,ماركة: لوريال باريس
50682,باتيستي | شامبو بجوز الهند والنباتات الاستوائية شامبو جاف | 200مل,batiste dry shampoo tropical mlKLmm,550,EGP,No Brand,العناية بالشعر>,in stock,https://chefaa.com:443/eg-ar/nowProduct/batiste-dry-shampoo-tropical-200-mlKLmm,https://cdn.chefaa.com/filters:format(webp)/public/uploads/products/batiste-dry-shampoo-tropical-200-mlklmm-01735149300.png,https://cdn.chefaa.com/filters:format(webp)/public/uploads/products/batiste-dry-shampoo-tropical-200-mlklmm-01735149300.png,مميزات المنتج    باتيستي | شامبو بجوز الهند والنباتات الاستوائية شامبو جاف | 200مل,raw_specs: المواصفات
52585,ماجيك | زيت للشعر | 60مل,magic hair oil mlUTWu,80,EGP,No Brand,العناية بالشعر>,in stock,https://chefaa.com:443/eg-ar/nowProduct/magic-hair-oil-60-mlUTWu,https://cdn.chefaa.com/filters:format(webp)/public/uploads/products/magic-hair-oil-60-mlutwu-01733915543.png,https://cdn.chefaa.com/filters:format(webp)/public/uploads/products/magic-hair-oil-60-mlutwu-01733915543.png,مميزات المنتج   ماجيك | زيت للشعر  | 60 مل   عن هذا المنتج     ماجيك | زيت للشعر   | 60 مل,raw_specs: المواصفات
54314,داكس | واكس الشعر | 85جم,dax hair shaper hair dress 99g yvds_du4igGBD,350,EGP,داكس,العناية بالشعر>ترطيب وعلاج الشعر,in stock,https://chefaa.com:443/eg-ar/nowProduct/dax-hair-shaper-hair-dress-99g-yvds_du4igGBD,https://cdn.chefaa.com/filters:format(webp)/public/uploads/products/dax-hair-shaper-hair-dress-99g-yvds-01719496274.png,https://cdn.chefaa.com/filters:format(webp)/public/uploads/products/dax-hair-shaper-hair-dress-99g-yvds-01719496274.png,مميزات المنتج   داكس | واكس الشعر | 85جم,ماركة: داكس
55708,ليتل تيكل | سبراي لفك تشابك الشعر | 120مل,little tickle detangling spray 120ml 2yMabm,175,EGP,No Brand,العناية بالشعر>ترطيب وعلاج الشعر,in stock,https://chefaa.com:443/eg-ar/nowProduct/little-tickle-detangling-spray-120ml-2yMabm,https://cdn.chefaa.com/filters:format(webp)/public/uploads/products/little-tickle-detangling-spray-120ml-2ymabm-01736936366.png,https://cdn.chefaa.com/filters:format(webp)/public/uploads/products/little-tickle-detangling-spray-120ml-2ymabm-01736936366.png,مميزات المنتج   ليتل تيكل | سبراي لفك تشابك الشعر | 120مل,raw_specs: المواصفات
55710,ليتل تيكل | ماسك شعر للأطفال | 200مل,little tickle kids hair mask 1yCPdb,175,EGP,No Brand,العناية بالشعر>ترطيب وعلاج الشعر,in stock,https://chefaa.com:443/eg-ar/nowProduct/little-tickle-kids-hair-mask-200-ml-1yCPdb,https://cdn.chefaa.com/filters:format(webp)/public/uploads/products/little-tickle-kids-hair-mask-200-ml-1ycpdb-01734955692.png,https://cdn.chefaa.com/filters:format(webp)/public/uploads/products/little-tickle-kids-hair-mask-200-ml-1ycpdb-01734955692.png,مميزات المنتج   ليتل تيكل | ماسك شعر للأطفال | 200مل,raw_specs: المواصفات
55745,لوريال | شامبو فيتامينو كولور | 300 مل,loreal expert vitamino color 300mlz20LBV,1005,EGP,No Brand,العناية بالشعر>,in stock,https://chefaa.com:443/eg-ar/nowProduct/loreal-expert-vitamino-color-sh-300mlz20LBV,https://cdn.chefaa.com/filters:format(webp)/public/uploads/products/loreal-expert-vitamino-color-sh-300mlz20lbv-01735398439.png,https://cdn.chefaa.com/filters:format(webp)/public/uploads/products/loreal-expert-vitamino-color-sh-300mlz20lbv-01735398439.png,مميزات المنتج   لوريال | شامبو فيتامينو كولور | 300 مل   عن هذا المنتج     لوريال | شامبو فيتامينو كولور | 300 مل,raw_specs: المواصفات
55753,لوريال | شامبو إكسبيرت ميتال ديتوكس | 300مل,loreal metal detox shampoo 300ml7gEl,1400,EGP,لوريال باريس,العناية بالشعر>,in stock,https://chefaa.com:443/eg-ar/nowProduct/loreal-metal-detox-shampoo-300ml7gEl,https://cdn.chefaa.com/filters:format(webp)/public/uploads/products/loreal-metal-detox-shampoo-300ml7gel-01735501410.png,https://cdn.chefaa.com/filters:format(webp)/public/uploads/products/loreal-metal-detox-shampoo-300ml7gel-01735501410.png,مميزات المنتج   لوريال | شامبو إكسبيرت ميتال ديتوكس | 300مل,ماركة: لوريال باريس
56468,صانسيلك | ماسك باي باي تساقط الشعر | 220مل,sunsilk mask bye bye hair fall 220mlMIFd,145,EGP,صانسيلك,العناية بالشعر>ترطيب وعلاج الشعر,in stock,https://chefaa.com:443/eg-ar/nowProduct/sunsilk-mask-bye-bye-hair-fall-220mlMIFd,https://cdn.chefaa.com/filters:format(webp)/public/uploads/products/sunsilk-mask-bye-bye-hair-fall-220mlmifd-01734523283.png,https://cdn.chefaa.com/filters:format(webp)/public/uploads/products/sunsilk-mask-bye-bye-hair-fall-220mlmifd-01734523283.png,مميزات المنتج   صانسيلك | ماسك باي باي تساقط الشعر | 220مل,ماركة: صانسيلك
56469,صانسيلك | ماسك لترطيب وتقليل هيشان الشعر | 220مل,sunsilk mask moisture bomb 220ml6OcL,225,EGP,صانسيلك,العناية بالشعر>ترطيب وعلاج الشعر,in stock,https://chefaa.com:443/eg-ar/nowProduct/sunsilk-mask-moisture-bomb-220ml6OcL,https://cdn.chefaa.com/filters:format(webp)/public/uploads/products/sunsilk-mask-moisture-bomb-220ml6ocl-01734522917.png,https://cdn.chefaa.com/filters:format(webp)/public/uploads/products/sunsilk-mask-moisture-bomb-220ml6ocl-01734522917.png,مميزات المنتج   صانسيلك | ماسك لترطيب وتقليل هيشان الشعر | 220مل,ماركة: صانسيلك
56473,صانسيلك | بلسم وداعا لتساقط الشعر | 170مل,sunsilk super cond170mlbye bye hair fallhNmg,130,EGP,صانسيلك,العناية بالشعر>شامبو وبلسم,in stock,https://chefaa.com:443/eg-ar/nowProduct/sunsilk-super-cond170mlbye-bye-hair-fallhNmg,https://cdn.chefaa.com/filters:format(webp)/public/uploads/products/sunsilk-super-cond170mlbye-bye-hair-fallhnmg-01734529612.png,https://cdn.chefaa.com/filters:format(webp)/public/uploads/products/sunsilk-super-cond170mlbye-bye-hair-fallhnmg-01734529612.png,مميزات المنتج   صانسيلك | بلسم وداعا لتساقط الشعر | 170مل,ماركة: صانسيلك
56475,صانسيلك | بلسم لشعر حيوي وصحي المظهر | 170مل,sunsilk super cond170mlout with damage9m6k,130,EGP,صانسيلك,العناية بالشعر>شامبو وبلسم,in stock,https://chefaa.com:443/eg-ar/nowProduct/sunsilk-super-cond170mlout-with-damage9m6k,https://cdn.chefaa.com/filters:format(webp)/public/uploads/products/sunsilk-super-cond170mlout-with-damage9m6k-01734523694.png,https://cdn.chefaa.com/filters:format(webp)/public/uploads/products/sunsilk-super-cond170mlout-with-damage9m6k-01734523694.png,مميزات المنتج   صانسيلك | بلسم لشعر حيوي وصحي المظهر | 170مل,ماركة: صانسيلك
56478,سوبر كيدز | سيروم شعر | 100مل,super kids hair serum2twT,350,EGP,سوبر كيدز,العناية بالشعر>,in stock,https://chefaa.com:443/eg-ar/nowProduct/super-kids-hair-serum2twT,https://cdn.chefaa.com/filters:format(webp)/public/uploads/products/super-kids-hair-serum2twt-01733248177.png,https://cdn.chefaa.com/filters:format(webp)/public/uploads/products/super-kids-hair-serum2twt-01733248177.png,مميزات المنتج   سوبر كيدز | سيروم شعر | 100مل,ماركة: سوبر كيدز
60461,رو افريكان | بلسم فوليكل بوستر | 300مل,raw african follicle bosster conditioner 300ml yjcp,270,EGP,رو أفريكان,العناية بالشعر>شامبو وبلسم,in stock,https://chefaa.com:443/eg-ar/nowProduct/raw-african-follicle-bosster-conditioner-300ml-yjcp,https://cdn.chefaa.com/filters:format(webp)/public/uploads/products/raw-african-follicle-bosster-conditioner-300ml-2kr4-01740235712.png,https://cdn.chefaa.com/filters:format(webp)/public/uploads/products/raw-african-follicle-bosster-conditioner-300ml-2kr4-01740235712.png,مميزات المنتج   رو افريكان | بلسم فوليكل بوستر | 300مل,ماركة: رو أفريكان
61880,لوريال باريس | سيروم الفيف هيالورون بيور | 200مل,loreal elvive hyaluron pure serum 200ml qmD4,500,EGP,No Brand,العناية بالشعر>ترطيب وعلاج الشعر,in stock,https://chefaa.com:443/eg-ar/nowProduct/loreal-elvive-hyaluron-pure-serum-200ml-qmD4,https://cdn.chefaa.com/filters:format(webp)/public/uploads/products/loreal-elvive-hyaluron-pure-serum-200ml-qmd4-01755078490.png,https://cdn.chefaa.com/filters:format(webp)/public/uploads/products/loreal-elvive-hyaluron-pure-serum-200ml-qmd4-01755078490.png,مميزات المنتج   لوريال باريس | سيروم الفيف هيالورون بيور | 200مل,raw_specs: المواصفات
62012,لوريال باريس | اكسلانس كولور رقم 4.15 | خصم 15%,loreal paris prodigy ammonia free hair color frosted brown xp5s_duQXi8K6,297,EGP,لوريال باريس,العناية بالشعر>صبغات الشعر,in stock,https://chefaa.com:443/eg-ar/nowProduct/loreal-paris-prodigy-ammonia-free-hair-color-415-frosted-brown-xp5s_duQXi8K6,https://cdn.chefaa.com/filters:format(webp)/public/uploads/products/loreal-paris-prodigy-ammonia-free-hair-color-415-frosted-brown-xp5s-duqxi8k6-01752144921.png,https://cdn.chefaa.com/filters:format(webp)/public/uploads/products/loreal-paris-prodigy-ammonia-free-hair-color-415-frosted-brown-xp5s-duqxi8k6-01752144921.png,مميزات المنتج   لوريال باريس | اكسلانس كولور رقم 4.15 | خصم 15%,ماركة: لوريال باريس
62040,جي كي | سيروم للشعر للترطيب وزيادة اللمعان | 100مل,global keratin serum 50ml ntuk_duwWt2l9,1300,EGP,جى كى هير,العناية بالشعر>ترطيب وعلاج الشعر,in stock,https://chefaa.com:443/eg-ar/nowProduct/gk-global-keratin-serum-50ml-ntuk_duwWt2l9,https://cdn.chefaa.com/filters:format(webp)/public/uploads/products/gk-global-keratin-serum-50ml-ntuk-duwwt2l9-01752153778.png,https://cdn.chefaa.com/filters:format(webp)/public/uploads/products/gk-global-keratin-serum-50ml-ntuk-duwwt2l9-01752153778.png,"مميزات المنتج   جي كي | سيروم للشعر للترطيب وزيادة اللمعان | 100مل   عن هذا المنتج     مكونات سيروم gk للشعر يحتوى سيروم gk للشعر المعالج بالبروتين : الجوفيكسن: مزيج من البروتينات (الكيراتين) ، يعمل على حماية الشعر الجاف والهش والتالف والمصبوغ من العوامل البيئية القاسية. زيت الأرجان: يعمل على تقليل تجعد الشعر وتغذيته ومده بالفيتامينات والعناصر الغذائية مثل مضادات الأكسدة والأحماض الدهنية الأساسية وفيتامين هـ ، وجعله أكثر نعومة ولمعان. السيليكون: يعمل على الحفاظ على رطوبة الشعر وحمايته من الجفاف. سعر سيروم gk في مصر سعر سيروم جي كي الاصلي هو 515 جنيه, حجم gk hair serum يتوافر سيروم gk للشعر المعالج بالبروتين بحجم 50 مل. يوصي باستعمال سيروم جي كي رلـ : سيروم جي كي هير (gk serum) بزيت الأرجان مناسب للنساء الذين يعانون من الشعر المجعد والمتطاير حيث يعمل على ترطيب وتهدئة التطاير والهيشان وتقليل التجعد وجعل الشعر أكثر نعومة ولمعان. ما هى فوائد سيروم gk ؟ سيروم جي كي للشعر يعمل على تقليل تجعد الشعر. يعمل على ترطيب وتغذية الشعر. يساعد على تنعيم وفرد الشعر . يساعد على تهدئة الشعر المتطاير والهايش ما هى طريقة استخدام سيروم gk ؟ يُستخدم سيروم للشعر gk على شعر نظيف جاف أو رطب بعد غسله بالشامبو والبلسم. ضعي جي كي سيروم على أطراف شعرك حتى منتصف الشعر. ما الفرق بين سيروم gk الأصلي والتقليد ؟  سيروم gk الاصلي  يكون مكتوب علي العبوة صنع في أمريكا وتاريخ الإنتاج ويكون لون العبوة ذهبى لامع   سيروم gk التقليد قد لا يكون مكتوب على العبوة انها صنعت فى امريكا ولونها يكون باهت ما هي أفضل أنواع السيروم للشعر واسعارها؟ سيروم gk للشعر (سعره  515 جنيه ) زيرو فريز سيروم لنعومة الشعر (سعره 280 جنيه) لوفيا سيروم مرطب للشعر  (سعره 450 جنيه) إيڤا سيرم اي كيراتين (سعره 165 جنيه)",ماركة: جى كى هير
62055,لي كاريتيه | شامبو زيت الأرجان | 400مل,les karites argan oil shampoo 400ml bo97,135,EGP,لي كاريتيه,العناية بالشعر>شامبو وبلسم,in stock,https://chefaa.com:443/eg-ar/nowProduct/les-karites-argan-oil-shampoo-400ml-bo97,https://cdn.chefaa.com/filters:format(webp)/public/uploads/products/les-karites-argan-oil-shampoo-400ml-7fdy-01752161739.png,https://cdn.chefaa.com/filters:format(webp)/public/uploads/products/les-karites-argan-oil-shampoo-400ml-7fdy-01752161739.png,مميزات المنتج   لي كاريتيه | شامبو زيت الأرجان | 400مل,ماركة: لي كاريتيه
62167,نيبولا | سيروم للشعر | 100مل,nebula hair serum 100ml jueq,369,EGP,No Brand,العناية بالشعر>ترطيب وعلاج الشعر,in stock,https://chefaa.com:443/eg-ar/nowProduct/nebula-hair-serum-100ml-jueq,https://cdn.chefaa.com/filters:format(webp)/public/uploads/products/nebula-hair-serum-100ml-6bng-01754312575.png,https://cdn.chefaa.com/filters:format(webp)/public/uploads/products/nebula-hair-serum-100ml-6bng-01754312575.png,مميزات المنتج   نيبولا | سيروم للشعر | 100مل,raw_specs: المواصفات
