product_id,name,name_en,price,currency,brand,category,availability,url,thumbnail_image,gallery_images,description,specifications
36619,هيرو بيبى | إف إي إتش حليب بروتين | 400جم,hero feh milk grams dki3,659,EGP,هيرو بيبي,الأم والطفل>طعام الاطفال و مستلزماته,in stock,https://chefaa.com:443/eg-ar/nowProduct/hero-feh-milk-400-grams-dki3,https://cdn.chefaa.com/filters:format(webp)/public/uploads/products/hero-feh-milk-400-grams-dki3-01726400562.png,https://cdn.chefaa.com/filters:format(webp)/public/uploads/products/hero-feh-milk-400-grams-dki3-01726400562.png,مميزات المنتج   هيرو بيبى | إف إي إتش حليب بروتين | 400جم,ماركة: هيرو بيبي
47251,هيرو بيبي | جود نايت ارز و ذرة | 150جم,hero baby good night rice corn 150gm l1b6,75,EGP,هيرو بيبي,الأم والطفل>طعام الاطفال و مستلزماته,in stock,https://chefaa.com:443/eg-ar/nowProduct/hero-baby-good-night-rice-corn-150gm-l1b6,https://cdn.chefaa.com/filters:format(webp)/public/uploads/products/hero-baby-good-night-rice-corn-150gm-0eys-01726135402.png,https://cdn.chefaa.com/filters:format(webp)/public/uploads/products/hero-baby-good-night-rice-corn-150gm-0eys-01726135402.png,مميزات المنتج   هيرو بيبي | جود نايت ارز و ذرة | 150جم,ماركة: هيرو بيبي
47247,هيرو بيبي | جود نايت حبوب قمح وشوفان مع الحليب | 150جم,hero baby good night wheat oat with milk 150gm ihru,110,EGP,هيرو بيبي,الأم والطفل>طعام الاطفال و مستلزماته,in stock,https://chefaa.com:443/eg-ar/nowProduct/hero-baby-good-night-wheat-oat-with-milk-150gm-ihru,https://cdn.chefaa.com/filters:format(webp)/public/uploads/products/hero-baby-good-night-wheat-oat-with-milk-150gm-nk8f-01726134503.png,https://cdn.chefaa.com/filters:format(webp)/public/uploads/products/hero-baby-good-night-wheat-oat-with-milk-150gm-nk8f-01726134503.png,مميزات المنتج   هيرو بيبي | جود نايت حبوب قمح وشوفان مع الحليب | 150جم,ماركة: هيرو بيبي
27492,هيرو بيبي | نيوترا سينس 2 للمناعة والتطور الإدراكي 6-12 أشهر | 400جم,hero baby nutrasense 400gm x7p7,399,EGP,هيرو بيبي,الأم والطفل>طعام الاطفال و مستلزماته,in stock,https://chefaa.com:443/eg-ar/nowProduct/hero-baby-nutrasense-2-400gm-x7p7,https://cdn.chefaa.com/filters:format(webp)/public/uploads/products/hero-baby-nutrasense-2-400gm-26gj-01672602423.png,https://cdn.chefaa.com/filters:format(webp)/public/uploads/products/hero-baby-nutrasense-2-400gm-26gj-01672602423.png,"مميزات المنتج    هيرو بيبي | نيوترا سينس 2 للمناعة والتطور الإدراكي 6-12 أشهر | 400جم   عن هذا المنتج     مكونات هيرو بيبي نيوتراسينس  يحتوي هيرو بيبي نيوتراسينس على:  دي اتش ايه (DHA): أحماض أوميجا المشبعة لتعزيز نمو الطفل.  حليب البقر (milk fat).  سكريات متعددة (HMOs): تساعد على تطوير وتعزيز جهاز المناعة لدى الرضع، وحمايتهم من العدوى.  سيلينيوم (Selenium): مضاد أكسدة فعال في حماية الخلايا والأنسجة.  فيتامين ج (Vitamin C): مضاد أكسدة فعال في حماية الخلايا والأنسجة، بالإضافة إلى دوره في تعزيز وتقوية المناعة.  فيتامين هـ (Vitamin E): مضاد أكسدة فعال في حماية الخلايا والأنسجة.  فيتامين د (Vitamin D): يحسن من بناء العظام والأسنان.  الحديد (Iron): يقي من فقر الدم ويحسن من صحة كريات الدم الحمراء.  طريقة استخدام هيرو بيبي نيوتراسينس  يغسل كوب الضراعة ويغلى لمدة 5 دقائق ثم يوضع على سطح نظيف.  في وعاء منفصل يغلى الماء لمدة 5 دقائق ويترك حتى يبرد.  تسكب كمية كافية من الماء الفاتر المغلي مسبقًا في كوب الرضاعة المعقم.  يملأ المكيال المرفق من خلال الضغط عليه باتجاه العلبة ويكشط الجزء الزائد بالحافة المستوية من السكين.  يضاف المسحوق إلى الماء ويخلط جيدًا حتى يذوب بالكامل.  يجب التأكد من حرارة الوجبة قبل إعطائها للطفل.  بديل Hero Baby Nutrasense  نان Nana .  هيرو بيبي Hero Baby.  نستوجين Nestogen.  سعر هيرو بيبي نيوترا سينس 2 سعر هيرو بيبي نيوترا سينس 2 حوالى  331 جنيه،  ""قد يتغير سعر هيرو بيبي نيوترا سينس  تبعاً لتغير سعره فى الصيدليات"". أنواع لبن هيرو بيبي نيوتراسينس  هيرو بيبي نيوتراسينس 1 للأطفال من سن الولادة حتى 6 أشهر.  هيرو بيبي نيوتراسينس 2 للأطفال من 6-12 شهر.  هيرو بيبي نيوتراسينس 3 للأطفال من 1-3 سنوات.",ماركة: هيرو بيبي
2245,مولفيكس | حفاضات ماكسي جامبو عبوة اقتصادية مقاس 4 | 58 قطعة,molfix diapers jumbo pack maxi with unique technology jumbo economy pack pcs size,440,EGP,مولفيكس,الأم والطفل>الحفاضات و مستحضرات التغيير,in stock,https://chefaa.com:443/eg-ar/nowProduct/molfix-diapers-jumbo-pack-maxi-with-unique-3d-technology-jumbo-economy-pack-58-pcs-size-4,https://cdn.chefaa.com/filters:format(webp)/public/uploads/products/molfix-diapers-jumbo-pack-maxi-with-unique-3d-technology-jumbo-economy-pack-58-pcs-size-4-01698912778.png,https://cdn.chefaa.com/filters:format(webp)/public/uploads/products/molfix-diapers-jumbo-pack-maxi-with-unique-3d-technology-jumbo-economy-pack-58-pcs-size-4-01698912778.png,مميزات المنتج   لا يتفتت مولفيكس أثناء امتصاص السائل من خلال نظام الجسم المرن ثلاثي الأبعاد ويحمي شكله. يجعل طفلك يتحرك بسهولة. تقنية ثلاثية الأبعاد فريدة: نظام جسم مرن ، أشرطة جانبية مرنة ، حواجز مرنة مانعة للتسرب ، منطقة ماصة مزدوجة.,ماركة: مولفيكس
2246,مولفيكس | حفاضات ميدي جامبو عبوة اقتصادية مقاس 3 | 58 قطعة,molfix diapers jumbo pack midi with unique technology jumbo economy pack pcs size,400,EGP,مولفيكس,الأم والطفل>الحفاضات و مستحضرات التغيير,in stock,https://chefaa.com:443/eg-ar/nowProduct/molfix-diapers-jumbo-pack-midi-with-unique-3d-technology-jumbo-economy-pack-58-pcs-size-3,https://cdn.chefaa.com/filters:format(webp)/public/uploads/products/molfix-diapers-jumbo-pack-midi-with-unique-3d-technology-jumbo-economy-pack-58-pcs-size-3-01698832224.png,https://cdn.chefaa.com/filters:format(webp)/public/uploads/products/molfix-diapers-jumbo-pack-midi-with-unique-3d-technology-jumbo-economy-pack-58-pcs-size-3-01698832224.png,مميزات المنتج   لا يتفتت مولفيكس أثناء امتصاص السائل من خلال نظام الجسم المرن ثلاثي الأبعاد ويحمي شكله. يجعل طفلك يتحرك بسهولة. تقنية ثلاثية الأبعاد فريدة: نظام جسم مرن ، أشرطة جانبية مرنة ، حواجز مرنة مانعة للتسرب ، منطقة ماصة مزدوجة.,ماركة: مولفيكس
2247,مولفيكس | حفاضات ميني جامبو عبوة اقتصادية مقاس 2 | 60 قطعة,molfix diapers jumbo pack mini with unique technology jumbo economy pack pcs size,340,EGP,مولفيكس,الأم والطفل>الحفاضات و مستحضرات التغيير,in stock,https://chefaa.com:443/eg-ar/nowProduct/molfix-diapers-jumbo-pack-mini-with-unique-3d-technology-jumbo-economy-pack-60-pcs-size-2,https://cdn.chefaa.com/filters:format(webp)/public/uploads/products/molfix-diapers-jumbo-pack-mini-with-unique-3d-technology-jumbo-economy-pack-60-pcs-size-2-01698835656.png,https://cdn.chefaa.com/filters:format(webp)/public/uploads/products/molfix-diapers-jumbo-pack-mini-with-unique-3d-technology-jumbo-economy-pack-60-pcs-size-2-01698835656.png,مميزات المنتج   يحتوي مولفيكس على مؤشر للرطوبة يتغير في اللون من الأصفر إلى الأزرق لفهم الوقت المتغير.,ماركة: مولفيكس
2241,مولفيكس | حفاضات كومفورت فيكس عبوه جامبو لحديثي الولادة مقاس 1 | 60 قطعة,molfix diapers jumbo pack newborn comfortfix with unique technology pcs size,360,EGP,مولفيكس,الأم والطفل>الحفاضات و مستحضرات التغيير,in stock,https://chefaa.com:443/eg-ar/nowProduct/molfix-diapers-jumbo-pack-newborn-comfortfix-with-unique-3d-technology-60-pcs-size-1,https://cdn.chefaa.com/filters:format(webp)/public/uploads/products/molfix-diapers-jumbo-pack-newborn-comfortfix-with-unique-3d-technology-60-pcs-size-1-01718292044.png,https://cdn.chefaa.com/filters:format(webp)/public/uploads/products/molfix-diapers-jumbo-pack-newborn-comfortfix-with-unique-3d-technology-60-pcs-size-1-01718292044.png,مميزات المنتج   لا يتفتت مولفيكس أثناء امتصاص السائل من خلال نظام الجسم المرن ثلاثي الأبعاد ويحمي شكله. يجعل طفلك يتحرك بسهولة. تقنية ثلاثية الأبعاد فريدة: نظام جسم مرن ، أشرطة جانبية مرنة ، حواجز مرنة مانعة للتسرب ، منطقة ماصة مزدوجة.,ماركة: مولفيكس
21284,مولفيكس | حفاضات بانتس للاطفال ميدي مقاس 3 | 58 قطعة,molfix midi baby diaper pants pieces size c2wx,380,EGP,مولفيكس,الأم والطفل>الحفاضات و مستحضرات التغيير,in stock,https://chefaa.com:443/eg-ar/nowProduct/molfix-midi-baby-diaper-pants-58-pieces-size-c2wx,https://cdn.chefaa.com/filters:format(webp)/public/uploads/products/molfix-midi-baby-diaper-pants-58-pieces-size-c2wx-01698834639.png,https://cdn.chefaa.com/filters:format(webp)/public/uploads/products/molfix-midi-baby-diaper-pants-58-pieces-size-c2wx-01698834639.png,مميزات المنتج   مولفيكس | حفاضات بانتس للاطفال ميدي مقاس 3 | 58 قطعة,ماركة: مولفيكس
2242,مولفيكس | حفاضات كومفورت فيكس عبوه صغيره جونيور مقاس 5 | 7 قطع,molfix diapers small pack junior comfortfix pcs size,65,EGP,مولفيكس,الأم والطفل>الحفاضات و مستحضرات التغيير,in stock,https://chefaa.com:443/eg-ar/nowProduct/molfix-diapers-small-pack-junior-comfortfix-7-pcs-size-5,https://cdn.chefaa.com/filters:format(webp)/public/uploads/products/molfix-diapers-small-pack-junior-comfortfix-7-pcs-size-5-01722770885.png,https://cdn.chefaa.com/filters:format(webp)/public/uploads/products/molfix-diapers-small-pack-junior-comfortfix-7-pcs-size-5-01722770885.png,مميزات المنتج   مولفيكس | حفاضات كومفورت فيكس عبوه صغيره جونيور مقاس 5 | 7 قطع,ماركة: مولفيكس
2263,مولفيكس | حفاضات عبوه صغيره ميدي مقاس 3 | 9 قطع,molfix diapers small pack midi comfortfix pcs size,70,EGP,مولفيكس,الأم والطفل>الحفاضات و مستحضرات التغيير,in stock,https://chefaa.com:443/eg-ar/nowProduct/molfix-diapers-small-pack-midi-comfortfix-9-pcs-size-3,https://cdn.chefaa.com/filters:format(webp)/public/uploads/products/molfix-diapers-small-pack-midi-comfortfix-9-pcs-size-3-01698844789.png,https://cdn.chefaa.com/filters:format(webp)/public/uploads/products/molfix-diapers-small-pack-midi-comfortfix-9-pcs-size-3-01698844789.png,مميزات المنتج   مولفيكس | حفاضات عبوه صغيره ميدي مقاس 3 | 9 قطع   عن هذا المنتج     ﻿,ماركة: مولفيكس
21549,مولفيكس | حفاضات كومفورت فيكس عبوه صغيره لحديثي الولادة مقاس 1 | 11 قطعة,molfix diapers small pack newborn comfortfix size 11pcs ir5e,70,EGP,مولفيكس,الأم والطفل>الحفاضات و مستحضرات التغيير,in stock,https://chefaa.com:443/eg-ar/nowProduct/molfix-diapers-small-pack-newborn-comfortfix-size-1-11pcs-ir5e,https://cdn.chefaa.com/filters:format(webp)/public/uploads/products/molfix-diapers-small-pack-newborn-comfortfix-size-1-11pcs-ir5e-01698826432.png,https://cdn.chefaa.com/filters:format(webp)/public/uploads/products/molfix-diapers-small-pack-newborn-comfortfix-size-1-11pcs-ir5e-01698826432.png,مميزات المنتج   مولفيكس | حفاضات كومفورت فيكس عبوه صغيره لحديثي الولادة مقاس 1 | 11 قطعة,ماركة: مولفيكس
21274,مولفيكس | حفاضات بانتس أطفال كبيرة جدًا مقاس 6 | 48 قطعة,molfix extra large baby diaper pants pieces payq,440,EGP,مولفيكس,الأم والطفل>الحفاضات و مستحضرات التغيير,in stock,https://chefaa.com:443/eg-ar/nowProduct/molfix-extra-large-baby-diaper-pants-48-pieces-payq,https://cdn.chefaa.com/filters:format(webp)/public/uploads/products/molfix-extra-large-baby-diaper-pants-48-pieces-payq-01698834286.png,https://cdn.chefaa.com/filters:format(webp)/public/uploads/products/molfix-extra-large-baby-diaper-pants-48-pieces-payq-01698834286.png,مميزات المنتج   مولفيكس | حفاضات بانتس أطفال كبيرة جدًا مقاس 6 | 48 قطعة,ماركة: مولفيكس
18410,مولفيكس | حفاضات بانتس للاطفال ماكسي مقاس 4 | 58 قطعة,molfix maxi baby diaper pants size 58pcs evxf,410,EGP,مولفيكس,الأم والطفل>الحفاضات و مستحضرات التغيير,in stock,https://chefaa.com:443/eg-ar/nowProduct/molfix-maxi-baby-diaper-pants-size-4-58pcs-evxf,https://cdn.chefaa.com/filters:format(webp)/public/uploads/products/molfix-maxi-baby-diaper-pants-size-4-58pcs-evxf-01698831717.png,https://cdn.chefaa.com/filters:format(webp)/public/uploads/products/molfix-maxi-baby-diaper-pants-size-4-58pcs-evxf-01698831717.png,مميزات المنتج   مولفيكس | حفاضات بانتس للاطفال ماكسي مقاس 4 | 58 قطعة,ماركة: مولفيكس
46077,سوبر كيدز | مناديل مائية مبللة | 72 منديل,superkids kids water wipes wipes ctxu_duYlWwKK,80,EGP,سوبر كيدز,الأم والطفل>الحفاضات و مستحضرات التغيير,in stock,https://chefaa.com:443/eg-ar/nowProduct/superkids-kids-water-wipes-72-wipes-ctxu_duYlWwKK,https://cdn.chefaa.com/filters:format(webp)/public/uploads/products/superkids-kids-water-wipes-72-wipes-tuyl-01693996663.png,https://cdn.chefaa.com/filters:format(webp)/public/uploads/products/superkids-kids-water-wipes-72-wipes-tuyl-01693996663.png,مميزات المنتج   سوبر كيدز | مناديل مائية مبللة | 72 منديل,ماركة: سوبر كيدز
47346,هابينيس | كريم شعر للاطفال | 300مل,happiness kids hair cream 300ml 3pwq,295,EGP,مقام,الأم والطفل>الاستحمام,in stock,https://chefaa.com:443/eg-ar/nowProduct/happiness-kids-hair-cream-300ml-3pwq,https://cdn.chefaa.com/filters:format(webp)/public/uploads/products/happiness-kids-hair-cream-300ml-cuxd-01726312213.png,https://cdn.chefaa.com/filters:format(webp)/public/uploads/products/happiness-kids-hair-cream-300ml-cuxd-01726312213.png,مميزات المنتج   هابينيس | كريم شعر للاطفال | 300مل,ماركة: مقام
5476,جونسون | سليب تايم زيت للجسم للاطفال باللافندر | 75مل,johnsons sleep time baby oil 75ml,65,EGP,جونسون,الأم والطفل>الاستحمام,in stock,https://chefaa.com:443/eg-ar/nowProduct/johnsons-sleep-time-baby-oil-75ml-ph,https://cdn.chefaa.com/filters:format(webp)/public/uploads/products/johnsons-sleep-time-baby-oil-75ml-ph-01722416032.png,https://cdn.chefaa.com/filters:format(webp)/public/uploads/products/johnsons-sleep-time-baby-oil-75ml-ph-01722416032.png,مميزات المنتج   جونسون | سليب تايم زيت للجسم للاطفال باللافندر | 75مل,ماركة: جونسون
5814,جونسون | زيت سليب تايم البنفسجي باللافندر للأطفال | 200مل,johnsons sleep time baby oil 200ml tmfq,130,EGP,جونسون,الأم والطفل>الاستحمام,in stock,https://chefaa.com:443/eg-ar/nowProduct/johnsons-sleep-time-baby-oil-200ml-tmfq,https://cdn.chefaa.com/filters:format(webp)/public/uploads/products/johnsons-sleep-time-baby-oil-200ml-tmfq-01662559783.png,https://cdn.chefaa.com/filters:format(webp)/public/uploads/products/johnsons-sleep-time-baby-oil-200ml-tmfq-01662559783.png,"مميزات المنتج   جونسون | زيت سليب تايم  البنفسجي باللافندر للأطفال  | 200مل   عن هذا المنتج     مكونات زيت جونسون للأطفال يحتوى زيت جونسون الموف للجسم على سائل البرافين ، ايزوبروبيل بالميتات ، عطر فوائد زيت جونسون للبشرة للأطفال يحافظ على ترطيب البشرة الجافة يحمي البشرة الحساسة من الجفاف حجم زيت جونسون للجسم وقت النوم يتوافر زيت جونسون البنفسجي بعدة أحجام هى 75 مل و100 مل و200 مل. طريقة استخدام زيت جونسون باللافندر للجسم دلكي زيت جونسون الموف للجسم برفق على بشرة الطفل الرطبة بعد حمام دافئ للمساعدة على منع فقدان الرطوبة وجفاف الجلد ، مما يجعل بشرة الطفل ناعمة يعمل الزيت شكل أفضل على البشرة الرطبة أكثر من الجافة. سعر زيت جونسون في الصيدلية للأطفال   يتراوح سعر زيت جونسون للأطفال البنفسجي من 50 إلى 99 جنيه حسب حجم العبوة كالتالى: سعر زيت جونسون صغير - 75 مل : 54 جنيه سعر زيت جونسون 100 مل : 65 جنيه سعر زيت جونسون ٢٠٠ مل : 99 جنيه "" قد يتغير السعر من مكان لآخر ومن وقت لآخر """,ماركة: جونسون
21387,بندولين | سيرم مورينجا وارجان | 60مل,penduline moringa and argan serum 60ml d4v5,300,EGP,بندولين,الأم والطفل>الاستحمام,in stock,https://chefaa.com:443/eg-ar/nowProduct/penduline-moringa-and-argan-serum-60ml-d4v5,https://cdn.chefaa.com/filters:format(webp)/public/uploads/products/penduline-moringa-and-argan-serum-60ml-chdp-01656544907.png,https://cdn.chefaa.com/filters:format(webp)/public/uploads/products/penduline-moringa-and-argan-serum-60ml-chdp-01656544907.png,مميزات المنتج   بندولين | سيرم مورينجا وارجان | 60مل,ماركة: بندولين
2616,سيريلاك | 3 فواكه مع القمح واللبن والحديد بالاضافة للفيتامينات والبروبيوتيك | 125جم,cerelac fruits with wheat milk with iron vitamins probiotics 125gm,60,EGP,نيسلا,الأم والطفل>طعام الاطفال و مستلزماته,in stock,https://chefaa.com:443/eg-ar/nowProduct/cerelac-3-fruits-with-wheat-milk-with-iron-vitamins-probiotics-125gm,https://cdn.chefaa.com/filters:format(webp)/public/uploads/products/cerelac-3-fruits-with-wheat-milk-with-iron-vitamins-probiotics-125gm-01723048973.png,https://cdn.chefaa.com/filters:format(webp)/public/uploads/products/cerelac-3-fruits-with-wheat-milk-with-iron-vitamins-probiotics-125gm-01723048973.png,مميزات المنتج   سيريلاك | 3 فواكه مع القمح واللبن والحديد بالاضافة للفيتامينات والبروبيوتيك | 125جم   عن هذا المنتج     وجبة مليئة بالفيتامينات والبروبيوتيك المغذية لتلبية احتياجات النمو طفلك.,ماركة: نيسلا
62485,هيرو في دي 3 قطرات | 15مل,hero drops kSSG,32,EGP,هيرو بيبي,الأم والطفل>طعام الاطفال و مستلزماته,in stock,https://chefaa.com:443/eg-ar/nowProduct/hero-vi-d3-drops-15-ml-kSSG,https://cdn.chefaa.com/filters:format(webp)/public/uploads/products/hero-vi-d3-drops-15-ml-kssg-01756134705.png,https://cdn.chefaa.com/filters:format(webp)/public/uploads/products/hero-vi-d3-drops-15-ml-kssg-01756134705.png,مميزات المنتج   هيرو في دي 3 قطرات | 15مل,ماركة: هيرو بيبي
50950,بابلز | وسادات رضاعة وسادات ثدي لوازم الرضاعة الطبيعية للأمهات | 10 قطع,bubbles breast pads pcsTIsX,85,EGP,بابلز بيبي,الأم والطفل>مستلزمات الرضاعة الطبيعية,in stock,https://chefaa.com:443/eg-ar/nowProduct/bubbles-breast-pads-10-pcsTIsX,https://cdn.chefaa.com/filters:format(webp)/public/uploads/products/bubbles-breast-pads-10-pcstisx-01733167938.png,https://cdn.chefaa.com/filters:format(webp)/public/uploads/products/bubbles-breast-pads-10-pcstisx-01733167938.png,مميزات المنتج   بابلز | وسادات رضاعة وسادات ثدي لوازم الرضاعة الطبيعية للأمهات | 10 قطع,ماركة: بابلز بيبي
21527,مولفيكس | حفاضات للاطفال بتقنية ثلاثية الابعاد ماكسي مقاس 4 | 8 قطع,molfix baby diapers with unique technology maxi size 8pcs gu4c,65,EGP,مولفيكس,الأم والطفل>الحفاضات و مستحضرات التغيير,in stock,https://chefaa.com:443/eg-ar/nowProduct/molfix-baby-diapers-with-unique-3d-technology-maxi-size-4-8pcs-gu4c,https://cdn.chefaa.com/filters:format(webp)/public/uploads/products/molfix-baby-diapers-with-unique-3d-technology-maxi-size-4-8pcs-gu4c-01667135775.png,https://cdn.chefaa.com/filters:format(webp)/public/uploads/products/molfix-baby-diapers-with-unique-3d-technology-maxi-size-4-8pcs-gu4c-01667135775.png,مميزات المنتج   مولفيكس | حفاضات للاطفال بتقنية ثلاثية الابعاد ماكسي مقاس 4 | 8 قطع,ماركة: مولفيكس
2792,بامبرز | حفاضات بيبي دراي حديثي الولادة 2-5كجم مقاس 1 | 60 قطعة,pampers baby dry diapers size new born diapers,375,EGP,بامبرز,الأم والطفل>الحفاضات و مستحضرات التغيير,in stock,https://chefaa.com:443/eg-ar/nowProduct/pampers-baby-dry-diapers-size-1-new-born-2-5-kg-60-diapers,https://cdn.chefaa.com/filters:format(webp)/public/uploads/products/1593360271pampers-baby-dry-diapers-size-1-new-born-2-5-kg-60-diapersjpg,https://cdn.chefaa.com/filters:format(webp)/public/uploads/products/1593360271pampers-baby-dry-diapers-size-1-new-born-2-5-kg-60-diapersjpg,مميزات المنتج   ناعمة كالحرير: حفاضات مصنوعة من مواد ناعمة تلتف حول بشرة طفلك بلطف لتمنحه احساسًا بالنعومة. قنوات امتصاص إضافية: تقوم بتوزيع البلل بشكل متساوي للحفاظ على جفاف بشرة طفلك حتى 13 ساعة. مؤشر البلل: يساعدك على معرفة الوقت المناسب لتغيير الحفاض، حيث أن هذا المؤشر يتحول إلى اللون الأزرق لمعرفة متى يقوم طفلك بالتبول في الحفاض.   حفاضات مناسبة لمنطقة الحبل السري: تضمن ارتداءً مريحًا لتحمي منطقة السرة. قنوات هوائية : تسمح بتدفق الهواء إلى بشرة الطفل لضمان الحفاظ على بشرته جافة. طبقة من اللوشن المرطب: تحافظ على بشرة طفلك جافة وتمنع حدوث أي التهابات.,ماركة: بامبرز
27904,هيرو بيبي | نيوترا سينس 3 للمناعة والتطور الإدراكي 1-3 سنوات | 400جم,hero baby nutrasense 400gm m0ta,381,EGP,هيرو بيبي,الأم والطفل>طعام الاطفال و مستلزماته,in stock,https://chefaa.com:443/eg-ar/nowProduct/hero-baby-nutrasense-3-400gm-m0ta,https://cdn.chefaa.com/filters:format(webp)/public/uploads/products/hero-baby-nutrasense-3-400gm-m0ta-01676892840.png,https://cdn.chefaa.com/filters:format(webp)/public/uploads/products/hero-baby-nutrasense-3-400gm-m0ta-01676892840.png,"مميزات المنتج    هيرو بيبي | نيوترا سينس 3 للمناعة والتطور الإدراكي 1-3 سنوات | 400جم   عن هذا المنتج     مكونات هيرو بيبي نيوتراسينس  يحتوي هيرو بيبي نيوتراسينس على:  دي اتش ايه (DHA): أحماض أوميجا المشبعة لتعزيز نمو الطفل.  حليب البقر (milk fat).  سكريات متعددة (HMOs): تساعد على تطوير وتعزيز جهاز المناعة لدى الرضع، وحمايتهم من العدوى.  سيلينيوم (Selenium): مضاد أكسدة فعال في حماية الخلايا والأنسجة.  فيتامين ج (Vitamin C): مضاد أكسدة فعال في حماية الخلايا والأنسجة، بالإضافة إلى دوره في تعزيز وتقوية المناعة.  فيتامين هـ (Vitamin E): مضاد أكسدة فعال في حماية الخلايا والأنسجة.  فيتامين د (Vitamin D): يحسن من بناء العظام والأسنان.  الحديد (Iron): يقي من فقر الدم ويحسن من صحة كريات الدم الحمراء.  طريقة استخدام هيرو بيبي نيوتراسينس يغسل كوب الضراعة ويغلى لمدة 5 دقائق ثم يوضع على سطح نظيف.  في وعاء منفصل يغلى الماء لمدة 5 دقائق ويترك حتى يبرد.  تسكب كمية كافية من الماء الفاتر المغلي مسبقًا في كوب الرضاعة المعقم.  يملأ المكيال المرفق من خلال الضغط عليه باتجاه العلبة ويكشط الجزء الزائد بالحافة المستوية من السكين.  يضاف المسحوق إلى الماء ويخلط جيدًا حتى يذوب بالكامل.  يجب التأكد من حرارة الوجبة قبل إعطائها للطفل.  بديل Hero Baby Nutrasense  نان Nana .  هيرو بيبي Hero Baby.  نستوجين Nestogen.  سعر لبن هيرو بيبي نيوترا سينس 3 سعر هيرو بيبي نيوترا سينس 2 حوالى 349 جنيه، ""قد يتغير سعر هيرو بيبي نيوترا سينس  تبعاً لتغير سعره فى الصيدليات"". أنواع لبن هيرو بيبي نيوتراسينس  هيرو بيبي نيوتراسينس 1 للأطفال من سن الولادة حتى 6 أشهر.  هيرو بيبي نيوتراسينس 2 للأطفال من 6-12 شهر.  هيرو بيبي نيوتراسينس 3 للأطفال من 1-3 سنوات.",ماركة: هيرو بيبي
342,بامبرز | حفاظات بيبي بانتس مقاس 5 | 58 قطعة,pampers baby pants diapers size pcs,490,EGP,بامبرز,الأم والطفل>الحفاضات و مستحضرات التغيير,in stock,https://chefaa.com:443/eg-ar/nowProduct/pampers-baby-pants-diapers-size-5-52-pcs,https://cdn.chefaa.com/filters:format(webp)/public/uploads/products/pampers-baby-pants-diapers-size-5-52-pcs-01740322798.png,https://cdn.chefaa.com/filters:format(webp)/public/uploads/products/pampers-baby-pants-diapers-size-5-52-pcs-01740322798.png,مميزات المنتج   حجم حفاضات: 5. وزن الطفل (بالكيلوغرام): 12 - 18 كجم. إجمالي عدد الحفاضات: 58 قطعة. ما يصل إلى 12 ساعة من الجفاف. تمتص السوائل اللآلئ ما يصل إلى 30 ضعف وزنها.,ماركة: بامبرز
26178,إيزيكول بيبي | انزيم اللاكتيز نقط فموية | 15مل,easycol baby lactase enzyme oral drops wcjk,325,EGP,No Brand,الأم والطفل>الاستحمام,in stock,https://chefaa.com:443/eg-ar/nowProduct/easycol-baby-lactase-enzyme-oral-drops-15-ml-wcjk,https://cdn.chefaa.com/filters:format(webp)/public/uploads/products/easycol-baby-lactase-enzyme-oral-drops-15-ml-wcjk-01673121172.png,https://cdn.chefaa.com/filters:format(webp)/public/uploads/products/easycol-baby-lactase-enzyme-oral-drops-15-ml-wcjk-01673121172.png,مميزات المنتج   إيزيكول بيبي | انزيم اللاكتيز نقط فموية | 15مل,raw_specs: المواصفات
2618,سيريلاك | 3 فواكه مع القمح واللبن والحديد بالاضافة للفيتامينات والبروبيوتيك | 500جم,cerelac fruits with wheat milk with iron vitamins probiotics 500gm,165,EGP,نيسلا,الأم والطفل>طعام الاطفال و مستلزماته,in stock,https://chefaa.com:443/eg-ar/nowProduct/cerelac-3-fruits-with-wheat-milk-with-iron-vitamins-probiotics-500gm,https://cdn.chefaa.com/filters:format(webp)/public/uploads/products/cerelac-3-fruits-with-wheat-milk-with-iron-vitamins-probiotics-500gm-01756811266.png,https://cdn.chefaa.com/filters:format(webp)/public/uploads/products/cerelac-3-fruits-with-wheat-milk-with-iron-vitamins-probiotics-500gm-01756811266.png,مميزات المنتج   وجبة مليئة بالفيتامينات والبروبيوتيك المغذية لتلبية احتياجات النمو طفلك.,ماركة: نيسلا
7589,بندولين | برفيوم للأطفال للبنات | 100مل,penduline girls kids perfume 100ml xmrq,135,EGP,بندولين,الأم والطفل>الاستحمام,in stock,https://chefaa.com:443/eg-ar/nowProduct/penduline-girls-kids-perfume-100ml-xmrq,https://cdn.chefaa.com/filters:format(webp)/public/uploads/products/1632320392penduline-kids-girls-perfume-100ml-chefaa1jpeg,https://cdn.chefaa.com/filters:format(webp)/public/uploads/products/1632320392penduline-kids-girls-perfume-100ml-chefaa1jpeg,مميزات المنتج   برفيوم بندولين للأطفال لرائحة تدوم طويلا ، خالي من الكحول لطيف على الجلد ولا يسبب الحساسية.,ماركة: بندولين
674,لبن ابتاميل 1 ادفانس لعمر 0 - 6 أشهر | 400 جم,aptamil milk,390,EGP,دانون,الأم والطفل>طعام الاطفال و مستلزماته,in stock,https://chefaa.com:443/eg-ar/nowProduct/aptamil-1-milk-400-gm,https://cdn.chefaa.com/filters:format(webp)/public/uploads/products/aptamil-1-milk-400-gm-01756726791.png,https://cdn.chefaa.com/filters:format(webp)/public/uploads/products/aptamil-1-milk-400-gm-01756726791.png,مميزات المنتج   لبن ابتاميل 1 (aptamil 1 milk) تركيبة فريدة تحتوي على العديد من الفيتامينات والأحماض والمغذيات التي تعمل على زيادة مناعة الطفل وتعزز نموه.   عن هذا المنتج     مكونات لبن ابتاميل 1 (aptamil 1 milk)   يحتوى لبن صناعى ابتاميل على تركيبة سهلة الهضم ومتكاملة من الناحية الغذائية ، تحتوى على حليب البقر ومعززة بالبريبايوتيك الذي يغذي البكتيريا النافعة في الأمعاء والاحماض الدهنية DHA للمساعدة في دعم نمو الدماغ والعين، والفيتامينات والمعادن الأساسية الموجودة في حليب الثدي بما في ذلك فيتامين د للمساعدة في دعم الجهاز المناعي. فوائد حليب ابتاميل 1 يمتاز بكونه تركيبة متكاملة ومتطورة تفيد الأطفال. يحتوي على العديد من الأحماض والدهون والفيتامينات والمعادن والحديد الذي يحتاجه الطفل في مراحل نموه المختلفة والتي تسهم في تعزيز مناعته واستكمال نموه بشكل صحي. يقدم عدة أنواع مختلفة ليناسب عمر الأطفال ويستمر معهم لفترة طويلة ويمدهم بالطاقة والعناصر اللازمة لبناء جسمهم. طريقة تحضير لبن aptamil غسل اليدين جيداً وتعقيم كل الأدوات المستخدمة. قومي بغلي ماء نظيف ثم اتركيه ليبرد حتى تصبح درجة حرارته 40 درجة مئوية ثم قومي بسكب كمية الماء المناسبة. تجنبي استخدام الماء المغلي لعدة مرات. استخدمي المكيال المرفق مع اللبن وسوي البودره بالحافة وضعي الكمية الملائمة للماء الموضوع. غطى الزجاجة ورجيها جيداً حتى تمام الذوبان. اختبري حرارة الحليب أولاً على يدك قبل اعطائه للطفل. حجم حليب ابتاميل للمواليد يتوافر حليب ابتاميل بريميوم 1 بحجم 400 جرام. ما أنواع لبن ابتاميل aptamil milk  ؟ لبن ابتاميل 1 (aptamil 1 )  يحتوي حليب ابتاميل 1 للرضع على تركيبة مميزة من فيتامين (A-C-D)، حديد وأوميجا 3 لذا يعتبر بديل مناسب للبن الأم ويلائم من عمر يوم -6 أشهر. حليب ابتاميل 2 (aptamil 2 ) يحتوي aptamil milk 2 على مجموعة من العناصر الأساسية لنمو الرضيع كما يحتوي على البريبيوتكس ويناسب الأطفال من عمر 6 شهور لسنة. حليب ابتاميل 3 (aptamil 3 ) يحتوي حليب أبتاميل جونيور على تركيبة متنوعة من الفيتامينات والحديد والأحماض بجانب الدهون غير المشبعة والتي تساعد في بناء جسم الطفل وتناسبه حتى عمر 3 سنوات. حليب ابتاميل كمفورت (aptamil comfort ) حليب ابتاميل للمغص والغازات يستخدم للرضع للمحافظة على صحة وراحة الجهاز الهضمي للطفل وتحسين عملية الهضم وعلاج الإمساك.   ابتاميل اتش ايه (aptamil ha ) مناسب للأطفال الذين يعانون من الحساسية بداية من عمر يوم إلى 6 شهور. حليب ابتاميل للترجيع (aptamil ar ) يتم استخدام لبن ابتاميل للأطفال AR من عمر يوم لتخفيف وتقليل حالات ارتجاع المعدة التي يعاني منها الأطفال خلال الرضاعة من خلال تثخين اللين في المعدة للتخفيف من الإرجاع. ابتاميل بروسينيو (aptamil prosyneo ) لبن aptamil مخصص للرضع من عمر يوم واحد ​​إلى 12 شهرًا الذين يعانون من حساسية حليب البقر والحالات المرتبطة به ، يتميز يتركيبة تحتوى على البروتينات المحللة. ما فائدة حليب ابتاميل للمغص والإمساك ؟ يتم استخدام حليب ابتاميل للمواليد كمفورت من عمر يوم ل6 شهور وذلك لدوره الهام في تخفيف الاضطرابات الهضمية وعلاج المغص والإمساك الذي يعاني منه الأطفال. ما فائدة حليب ابتاميل لزيادة الوزن ؟ يستخدم لبن ابتاميل للرضع لزيادة وزن الطفل دون التسبب في مغص أو انتفاخات له. هل حليب ابتاميل يسبب إمساك؟ لا يسبب لبن aptamil الإمساك للأطفال. هل حليب ابتاميل خالي من اللاكتوز؟ يمتاز لبن ابتاميل للرضع LF بكونه خالي من اللاكتوز وقد صمم خصيصاً للأطفال الذين يعانون من الإسهال أو الحساسية من اللاكتوز. ما هي بلد المنشأ حليب ابتاميل؟ بلد منشأ لبن اطفال ابتاميل هى هولندا.  ما أضرار حليب ابتاميل بريميوم بلس ؟ لا توجد أضرار تذكر من تناول الأطفال حليب ابتاميل بريميوم بلس ما دام لا يعانى الطفل من الحساسية تجاه أى من مكونات الحليب ما افضل نوع لبن للرضع ؟ لبن ابتاميل 1،2،3. هيرو بيبي. نان. بيبيلاك. نستوجين. لبن S26 لبن صناعي لحديثي الولادة. لبن ابتاميل للرضع. ليبتوميل بلس. ما افضل نوع لبن الأطفال المدعم ؟ سويسلاك. نكتاليا. بيوميل.,ماركة: دانون
52253,جونسون | شامبو للأطفال | 750مل,johnsons baby shampoo offerceI6,250,EGP,جونسون,الأم والطفل>الاستحمام,in stock,https://chefaa.com:443/eg-ar/nowProduct/johnsons-baby-shampoo-750-ml-offerceI6,https://cdn.chefaa.com/filters:format(webp)/public/uploads/products/johnsons-baby-shampoo-750-ml-offercei6-01733175136.png,https://cdn.chefaa.com/filters:format(webp)/public/uploads/products/johnsons-baby-shampoo-750-ml-offercei6-01733175136.png,مميزات المنتج   جونسون | شامبو للأطفال | 750مل,ماركة: جونسون
47868,كواليتا | مناديل مبلله بغطاء بالزنك | 80 قطعة,qualita baby wipes wipes srdh_duZtLayX_dub9Ezdy,65,EGP,كواليتا,الأم والطفل>الحفاضات و مستحضرات التغيير,in stock,https://chefaa.com:443/eg-ar/nowProduct/qualita-baby-wipes-72-wipes-srdh_duZtLayX_dub9Ezdy,https://cdn.chefaa.com/filters:format(webp)/public/uploads/products/qualita-baby-wipes-72-wipes-srdh-duztlayx-dub9ezdy-01726923459.png,https://cdn.chefaa.com/filters:format(webp)/public/uploads/products/qualita-baby-wipes-72-wipes-srdh-duztlayx-dub9ezdy-01726923459.png,مميزات المنتج   كواليتا | مناديل مبلله بغطاء بالزنك | 80 قطعة,ماركة: كواليتا
49327,بيبى كريم | بالزنك وزيت الزيتون | 60جم,baby cream with zinc olive oil 60gm 0vde,75,EGP,No Brand,الأم والطفل>الحفاضات و مستحضرات التغيير,in stock,https://chefaa.com:443/eg-ar/nowProduct/baby-cream-with-zinc-olive-oil-60gm-0vde,https://cdn.chefaa.com/filters:format(webp)/public/uploads/products/baby-cream-with-zinc-olive-oil-60gm-nffv-01729604710.png,https://cdn.chefaa.com/filters:format(webp)/public/uploads/products/baby-cream-with-zinc-olive-oil-60gm-nffv-01729604710.png,مميزات المنتج   بيبى كريم | بالزنك وزيت الزيتون | 60جم,raw_specs: المواصفات
2625,نيسلا | سيريلاك | بالقمح واللبن والحديد بالاضافة للفيتامينات والبروبيوتيك من عمر 6+ شهور فآكبر | 125جم,cerelac wheat milk with iron vitamins probiotics,55,EGP,نيسلا,الأم والطفل>طعام الاطفال و مستلزماته,in stock,https://chefaa.com:443/eg-ar/nowProduct/cerelac-wheat-milk-with-iron-vitamins-probiotics-125-gm,https://cdn.chefaa.com/filters:format(webp)/public/uploads/products/cerelac-wheat-milk-with-iron-vitamins-probiotics-125-gm-01668522810.png,https://cdn.chefaa.com/filters:format(webp)/public/uploads/products/cerelac-wheat-milk-with-iron-vitamins-probiotics-125-gm-01668522810.png,مميزات المنتج   سيريلاك | بالقمح واللبن والحديد بالاضافة للفيتامينات والبروبيوتيك | 125جم   عن هذا المنتج     وجبة مليئة بالفيتامينات والبروبيوتيك المغذية لتلبية احتياجات النمو لطفلك.,ماركة: نيسلا
49358,بيبي كريم | مرطب للبشرة ولمنطقة الحفاض بزيت الزيتون | 30جم,baby cream skin emollient diaper rash with olive oil 30gm gdtm,45,EGP,No Brand,الأم والطفل>الحفاضات و مستحضرات التغيير,in stock,https://chefaa.com:443/eg-ar/nowProduct/baby-cream-skin-emollient-diaper-rash-with-olive-oil-30gm-gdtm,https://cdn.chefaa.com/filters:format(webp)/public/uploads/products/baby-cream-skin-emollient-diaper-rash-with-olive-oil-30gm-ijjy-01729667274.png,https://cdn.chefaa.com/filters:format(webp)/public/uploads/products/baby-cream-skin-emollient-diaper-rash-with-olive-oil-30gm-ijjy-01729667274.png,مميزات المنتج   بيبي كريم | مرطب للبشرة ولمنطقة الحفاض بزيت الزيتون | 30جم,raw_specs: المواصفات
653,بيبيلاك 3 لبن بيبي جونيور +1 | 400جم,bebelac bebejunior milk,320,EGP,بيبيلاك,الأم والطفل>طعام الاطفال و مستلزماته,in stock,https://chefaa.com:443/eg-ar/nowProduct/bebelac-3-bebejunior-1-milk-400-gm,https://cdn.chefaa.com/filters:format(webp)/public/uploads/products/1622557837bebelac-3-bebe-junior-1-milk-400gm-chefaapng,https://cdn.chefaa.com/filters:format(webp)/public/uploads/products/1622557837bebelac-3-bebe-junior-1-milk-400gm-chefaapng,مميزات المنتج   مخصص للأطفال من عمر سنة إلى ٣ سنوات. يحتوي على حليب الأبقار بالإضافة إلى العديد من البروتينات والأحماض الأمينية والدهنية والزيوت الطبيعية والنيوكليوتيدات ومضادات الأكسدة ومجموعة من الفيتامينات والمعادن.,ماركة: بيبيلاك
46036,بندولين | فرشاة أسنان أطفال أحمر في أبيض,penduline red and white kids toothbrush kr5r_duQMOCAW,60,EGP,بندولين,الأم والطفل>الاستحمام,in stock,https://chefaa.com:443/eg-ar/nowProduct/penduline-red-and-white-kids-toothbrush-kr5r_duQMOCAW,https://cdn.chefaa.com/filters:format(webp)/public/uploads/products/penduline-red-and-white-kids-toothbrush-9udy-01688458939.png,https://cdn.chefaa.com/filters:format(webp)/public/uploads/products/penduline-red-and-white-kids-toothbrush-9udy-01688458939.png,مميزات المنتج   بندولين | فرشاة أسنان أطفال أحمر في أبيض,ماركة: بندولين
31453,بامبرز | حفاضات كلوت بريميوم كير مقاس 5 جونيور 12-18 كجم عبوة جامبو | 40 قطعة,pampers premium care pants diapers size junior 18kg jumbo pack diapers uywu,510,EGP,بامبرز,الأم والطفل>الحفاضات و مستحضرات التغيير,in stock,https://chefaa.com:443/eg-ar/nowProduct/pampers-premium-care-pants-diapers-size-5-junior-12-18kg-jumbo-pack-40-diapers-uywu,https://cdn.chefaa.com/filters:format(webp)/public/uploads/products/pampers-premium-care-pants-diapers-size-5-junior-12-18kg-jumbo-pack-40-diapers-zzyq-01692266970.png,https://cdn.chefaa.com/filters:format(webp)/public/uploads/products/pampers-premium-care-pants-diapers-size-5-junior-12-18kg-jumbo-pack-40-diapers-zzyq-01692266970.png,مميزات المنتج   بامبرز | حفاضات كلوت بريميوم كير مقاس 5 جونيور 12-18 كجم عبوة جامبو | 40 قطعة,ماركة: بامبرز
5803,جونسون | شامبو لا تشابك بعد اليوم لتنظيف شعر وفروة رأس الأطفال | 200مل,johnsons shampoo more tangles 200ml,105,EGP,جونسون,الأم والطفل>الاستحمام,in stock,https://chefaa.com:443/eg-ar/nowProduct/johnsons-shampoo-no-more-tangles-200ml,https://cdn.chefaa.com/filters:format(webp)/public/uploads/products/johnsons-shampoo-no-more-tangles-200ml-01724319839.png,https://cdn.chefaa.com/filters:format(webp)/public/uploads/products/johnsons-shampoo-no-more-tangles-200ml-01724319839.png,مميزات المنتج   جونسون | شامبو لا تشابك بعد اليوم لتنظيف شعر وفروة رأس الأطفال | 200مل,ماركة: جونسون
28252,كريم سوبر كيدز للشعر للاطفال من عمر سنة | 200مل,superkids hair cream 200ml 3vwa,120,EGP,سوبر كيدز,الأم والطفل>الاستحمام,in stock,https://chefaa.com:443/eg-ar/nowProduct/superkids-hair-cream-200ml-3vwa,https://cdn.chefaa.com/filters:format(webp)/public/uploads/products/superkids-hair-cream-200ml-zlpd-01674560364.png,https://cdn.chefaa.com/filters:format(webp)/public/uploads/products/superkids-hair-cream-200ml-zlpd-01674560364.png,"مميزات المنتج   يتميز كريم سوبر كيدز للاطفال بما يلي: مصمم خصيصًا لشعر الأطفال الرقيق، ما يجعله مناسبًا للاستخدام اليومي دون أن يسبب تهيجًا أو جفافًا. يحتوي الكريم على مكونات مرطبة ومغذية تساعد على ترطيب وتغذية شعر الأطفال، مما يجعله ناعمًا وسهل التصفيف. يساعد على منع التجعيد وتسهيل تصفيف الشعر، ما يساعد في الحفاظ على مظهر الشعر المفضل للأطفال. خالٍ من السيليكون والبارابين والزيوت المعدنية. يمنح طفلك شعرًا أكثر صحة ونعومة. آمن للاستخدام من عمر سنة. سعر كريم سوبر كيدز للاطفال مناسب مقارنة بحجمه وفوائده العديدة لشعر الأطفال.   عن هذا المنتج     مكونات كريم سوبر كيدز للاطفال يحتوي سوبر كيدز كريم على: خلاصة الكاموميل: تهدئ فروة الرأس وتناسب فروة الرأس الحساسة. البيوتين: يساعد على تعزيز نمو الشعر وتقويته. الكيراتين: يعزز قوة ولمعان الشعر ويساعد على إصلاح التلف. زيت الأرجان: يحتوي على فيتامين E وأحماض دهنية تساعد على ترطيب وتغذية الشعر. ل-أرجينين: يحفز نمو الشعر ويعزز قوته. خلاصة الصبار: يرطب الشعر ويقلل الهيشان والتجعيد. ألانتوين: يغذي الشعر ويمنحه مظهرًا أكثر صحة. زبدة الشيا: ترطب الشعر بعمق وتساعد على تقوية الشعر. زيت جوز الهند: يساعد على ترطيب الشعر وتنعيمه. زيت جنين القمح: يحتوي على فيتامينات ومعادن تساعد على تغذية وتقوية الشعر. زيت الزيتون: يحتوي على مضادات أكسدة تساعد على حماية الشعر من التلف. زيت الخروع: يساعد على ترطيب فروة الرأس وتحفيز نمو الشعر. حجم Super kids cream يتوفر كريم سوبر كيدز للاطفال للشعر بحجم 200 مل. سعر كريم سوبر كيدز للشعر يبلغ سعر سوبر كيدز كريم للشعر للاطفال حوالي 120 جنيه مصري. "" قد يتغير السعر من وقت لاخر تبعاً لتغيره فى الصيدليات "" يوصى باستعمال كريم سوبر كيدز للاطفال ل سوبر كيدز كريم مناسب لترطيب شعر الأطفال فهو مصمم بتركيبة فريدة ترطب الشعر بعمق وتحمي من التجعيد والهيشان، مما يسهل تصفيف الشعر ويحميه من التلف كما يحسن مرونة الشعر ويمنح شعر طفلك مظهراً أكثر صحة وحيوية. طريقة استعمال superkids cream اغسلي شعر طفلك بالشامبو المناسب. قسمي الشعر إلى أجزاء متساوية. استخدمي كمية مناسبة من الكريم ووزعيها على أطراف الشعر. ابدأي بتمشيط الشعر وتصفيفه بالطريقة المفضلة لدى طفلك. ما افضل كريم شعر للاطفال عمر سنة؟ كريم شعر بلانكي. كريم بندولين. كريم ديفول. كريم سوبر كيدز. كريم شعر تولا. ما هي منتجات سوبر كيدز؟ كريم الشعر. سبراي مغذي للشعر. سبراي لفك تشابك الشعر. بلسم للشعر. سوبر كيدز 2 في 1 شامبو وبلسم. سوبر كيدز 3 في 1 شامبو وبلسم وجل استحمام. شامبو سوبر كيدز برائحة الفراولة وشامبو بالتفاح وشامبو بالمانجو. رول أون بدون رائحة ورول أون برائحة الأناناس. سوبر كيدز بابل باث. سوبر كيدز صن سكرين. فوم غسول الوجه. مالتي فيتامين. مناديل مبللة 72 قطعة. هير ماسك سوبر كيدز. سبراي للشعر الكيرلي. جل للشعر الكيرلي.",ماركة: سوبر كيدز
2620,سيريلاك | بالعسل مع القمح واللبن والحديد بالاضافة للفيتامينات والبروبيوتيك | 125جم,cerelac honey with wheat milk with iron vitamins probiotics 125gm,60,EGP,نيسلا,الأم والطفل>طعام الاطفال و مستلزماته,in stock,https://chefaa.com:443/eg-ar/nowProduct/cerelac-honey-with-wheat-milk-with-iron-vitamins-probiotics-125gm,https://cdn.chefaa.com/filters:format(webp)/public/uploads/products/cerelac-honey-with-wheat-milk-with-iron-vitamins-probiotics-125gm-01723048377.png,https://cdn.chefaa.com/filters:format(webp)/public/uploads/products/cerelac-honey-with-wheat-milk-with-iron-vitamins-probiotics-125gm-01723048377.png,مميزات المنتج   وجبة مليئة بالفيتامينات والبروبيوتيك المغذية لتلبية احتياجات النمو طفلك.,ماركة: نيسلا
55044,ديرما اكتيف | كريم مهدئ لحفاضات الأطفال | 75مل,dermactive baby diaper sooth cream 75mlL5zy,109,EGP,ديرما اكتيف,الأم والطفل>الحفاضات و مستحضرات التغيير,in stock,https://chefaa.com:443/eg-ar/nowProduct/dermactive-baby-diaper-sooth-cream-75mlL5zy,https://cdn.chefaa.com/filters:format(webp)/public/uploads/products/dermactive-baby-diaper-sooth-cream-75mll5zy-01733097733.png,https://cdn.chefaa.com/filters:format(webp)/public/uploads/products/dermactive-baby-diaper-sooth-cream-75mll5zy-01733097733.png,مميزات المنتج   ديرما اكتيف | كريم مهدئ لحفاضات الأطفال | 75مل,ماركة: ديرما اكتيف
5811,جونسون | زيت للشعر والجسم للأطفال الوردى | 75مل,johnsons normal baby oil 75ml,65,EGP,جونسون,الأم والطفل>الاستحمام,in stock,https://chefaa.com:443/eg-ar/nowProduct/johnsons-normal-baby-oil-75ml,https://cdn.chefaa.com/filters:format(webp)/public/uploads/products/johnsons-normal-baby-oil-75ml-01724578967.png,https://cdn.chefaa.com/filters:format(webp)/public/uploads/products/johnsons-normal-baby-oil-75ml-01724578967.png,"مميزات المنتج   جونسون | زيت للشعر والجسم للأطفال الوردى | 75مل   عن هذا المنتج     مكونات زيت جونسون للشعر والجسم للأطفال  يحتوي زيت جونسون للشعر والبشرة على: زيت البارافين: يساعد على حفظ رطوبة البشرة وزيادة نعومتها. أيزوبروبايل بالميتات: يساهم في ترطيب الجلد وتحسين ملمسه. سعر زيت جونسون - 75 مل الصغير سعر زيت جونسون في الصيدلية للاطفال هو 53 جنيه لحجم 75 مل. حجم زيت جونسون للجسم وللشعر يتوافر  زيت شعر جونسون للاطفال بحجم 200 مل وحجم 75 مل. يوصى باستعمال زيت جونسون للاطفال  يعد زيت جونسون مناسباً للأطفال ولجميع أفراد العائلة إذ أنه مثالي في ترطيب البشرة والحفاظ على نعومتها، وكذلك يعمل على حماية الجلد من الجفاف والالتهابات. أنواع زيت جونسون للبشرة  زيت جونسون باللافندر البنفسجي. زيت جونسون الأخضر بالصبار. زيت جونسون الأصفر بخلاصة الكاموميل والبابونج. زيت جونسون الوردي. ما هى فوائد زيت جونسون للشعر للاطفال ؟ تتعدد استخدامات زيت جونسون إذ يمكن استخدامه لترطيب الشعر وفروة الرأس وذلك بفضل تركيبته المميزة وقدرته الفعالة على جعل الشعر أكثر نعومة وانسيابية. ما هى فوائد زيت جونسون للمنطقه الحساسة ؟ يمكن استخدام زيت جونسون لترطيب وتنعيم المناطق الحساسة وكذلك يساعد على حمايتها من الالتهابات. ما فوائد زيت جونسون للجسم بعد الاستحمام للكبار ؟ يمكن زيت جونسون للمساج وترطيب البشرة بعد الاستحمام حيث يساعد على الحفاظ على نعومة البشرة ورطوبتها. ما فوائد زيت جونسون للمنطقه الحساسة ؟ يمكن استخدام زيت جونسون لترطيب وتنعيم المناطق الحساسة وكذلك يساعد على حمايتها من الالتهابات. ما فوائد زيت جونسون للوجه قبل النوم ؟ زيت بيبي جونسون يساعد على ترطيب البشرة وحبس الرطوبة ولكن لا يُفضل استعماله على الوجه لفترة طويلة, ما فوائد زيت جونسون للمؤخره لعلاج جلد الوزة ؟ استعمال زيت جونسون لعلاج جلد الوزة ليس فعالاً فى التخلص من المشكلة ولكنه يساعد على جعل البشرة أكثر ترطيباً ونعومة. ما هى فوائد زيت جونسون لتبييض الوجه ؟ جونسون زيت لا يحتوى على أى مكونات تساعد على تفتيح البشرة. ما هى فوائد زيت جونسون للمهبل ؟ لا يُستخدم الزيت داخلياً ، فهو مخصص للاستخدام الخارجى موضعياً على الجلد. ما هى فوائد زيت جونسون للجنس ؟ إذا كنت تبحث عن مزلق، فيجب تجنب أي شيء يعتمد على الفازلين أو الزيوت المعدنية بما في ذلك زيت الأطفال خاصة عند استعمال واقي ذكري من اللاتكس. هل يمكن استخدام زيت جونسون للشعر ؟ أجل يمكن استعمال زيت جونسون لشعر الاطفال. ما هى أضرار زيت جونسون للوجه ؟ يمكن أن يساعد الزيت على ترطيب البشرة وتنعيمها ولكن إذا كانت بشرتك معرضة لحب الشباب، فيجب عليك تجنب وضع الزيت على الوجه، لأنه قد يسبب ظهور البثور. ما هى أضرار زيت جونسون للشعر ؟ زيت جونسون للاطفال للشعر عادةً لا يسبب أضرار عند استعماله بطريقة صحيحة هل زيت جونسون يطول الشعر ؟ يساعد  جونسون زيت الاطفال للشعر على ترطيب الشعر مما يمنع الجفاف والقشرة التى يمكن أن تعيق نمو الشعر. هل زيت جونسون يسمر البشرة ؟ لا يسبب الزيت اسمرار البشرة. هل زيت جونسون يمنع الحمل ؟ لا يسبب استعمال الزيت على الجلد منع الحمل. ما هى أضرار زيت جونسون للمهبل ؟ لا يجب استعمال الزيوت المعدنية داخلياً. هل زيت جونسون مفيد للشعر ؟ أجل  يستخدم زيت جونسون للشعر حيث يساعد على ترطيب الشعر جيداً. ما أفضل نوع زيت جونسون للشعر ؟ زيت جونسون الوردى وزيت جونسون الأخضر بالصبار ما افضل زيت لشعر الأطفال عمر سنة ؟ زيت شعر للاطفال جونسون سانوسلن بيبى اويل ايفا بيبي زيت للأطفال  بندولين زيت للاطفال",ماركة: جونسون
46116,بندولين | كريم للاطفال لمنطقة الحفاضات | 75مل,penduline baby diaper rash cream 75ml s4wp_duB08jyh,150,EGP,بندولين,الأم والطفل>الحفاضات و مستحضرات التغيير,in stock,https://chefaa.com:443/eg-ar/nowProduct/penduline-baby-diaper-rash-cream-75ml-s4wp_duB08jyh,https://cdn.chefaa.com/filters:format(webp)/public/uploads/products/penduline-baby-diaper-rash-cream-75ml-1aqe-01684689945.png,https://cdn.chefaa.com/filters:format(webp)/public/uploads/products/penduline-baby-diaper-rash-cream-75ml-1aqe-01684689945.png,مميزات المنتج   يتميز كريم بندولين للاطفال للحفاضات بما يلي: له تركيبة فريدة غنية بأكسيد الزنك بنسبة تصل حتى 15%. يقلل الحساسية والالتهابات واحمرار الجلد. يساعد على ترميم البشرة وإعادة نضارتها. يرطب البشرة ويكسبها مظهرًا حيويًا وصحيًا. آمن للاستخدام للأطفال من عمر يوم واحد. خالي من الكحول والعطور ولا يسبب تهيج البشرة. سعر كريم بندولين للاطفال للحفاضات مناسب مقارنة بفوائده في تهدئة وترطيب الجلد.   عن هذا المنتج     مكونات كريم بندولين للاطفال للحفاضات   يحتوي بندولين كريم للأطفال على:  أكسيد الزنك: يحمي البشرة من الالتهابات ويقلل من الحساسية.  زيت الكاموميل الأزرق: يرطب البشرة ويعمل كملطف ومهدئ للجلد.  البانثينول: يعمل كمرطب للبشرة ويعيد لها النضارة والنعومة.  زيت الجوجوبا: يحسن ملمس البشرة ويرطبها، ويقلل من الاحمرار والتهاب البشرة.  حجم penduline diaper rash cream   يتوفر penduline diaper rash cream بحجم 75 جم.  يوصى باستعمال كريم بندولين للاطفال للحفاضات ل  بندولين كريم للاطفال مناسب لعلاج التهابات الحفاضات وتهدئة احمرار الجلد، فهو يعمل كمرطب وملطف للبشرة ويساعد على ترميم وتجديد البشرة، وكذلك يحمي البشرة من الجفاف والحساسية.,ماركة: بندولين
59707,بندولين | سائل استحمام للشعر والجسم | 300مل,penduline baby bath blue chamomile 300ml agcq_duEgMb3k,185,EGP,بندولين,الأم والطفل>الاستحمام,in stock,https://chefaa.com:443/eg-ar/nowProduct/penduline-baby-bath-blue-chamomile-300ml-agcq_duEgMb3k,https://cdn.chefaa.com/filters:format(webp)/public/uploads/products/penduline-baby-bath-blue-chamomile-300ml-ab5z-01701353528.png,https://cdn.chefaa.com/filters:format(webp)/public/uploads/products/penduline-baby-bath-blue-chamomile-300ml-ab5z-01701353528.png,مميزات المنتج   بندولين | سائل استحمام للشعر والجسم | 300مل,ماركة: بندولين
31452,بامبرز | حفاضات بريميوم كير مقاس 4 | 58 قطعة,pampers premium extra care size diapers diapers nogm,520,EGP,بامبرز,الأم والطفل>,in stock,https://chefaa.com:443/eg-ar/nowProduct/pampers-premium-extra-care-size-4-diapers-58-diapers-nogm,https://cdn.chefaa.com/filters:format(webp)/public/uploads/products/pampers-premium-extra-care-size-4-diapers-58-diapers-7xvq-01692266743.png,https://cdn.chefaa.com/filters:format(webp)/public/uploads/products/pampers-premium-extra-care-size-4-diapers-58-diapers-7xvq-01692266743.png,مميزات المنتج   بامبرز | حفاضات بريميوم كير مقاس 4 | 58 قطعة,ماركة: بامبرز
45692,بيبى جوى | حفاضات مقاس 4 بانتس 11-18كيلو | 58 قطعة,babyjoy shorts for girls boys 44diapers udf0_dupms7zq_duHe5ku8_duo3SLWt,390,EGP,بيبي جوي,الأم والطفل>الحفاضات و مستحضرات التغيير,in stock,https://chefaa.com:443/eg-ar/nowProduct/babyjoy-shorts-for-girls-boys-4-44diapers-udf0_dupms7zq_duHe5ku8_duo3SLWt,https://cdn.chefaa.com/filters:format(webp)/public/uploads/products/babyjoy-shorts-for-girls-boys-4-44diapers-udf0-dupms7zq-duhe5ku8-duo3slwt-01756738744.png,https://cdn.chefaa.com/filters:format(webp)/public/uploads/products/babyjoy-shorts-for-girls-boys-4-44diapers-udf0-dupms7zq-duhe5ku8-duo3slwt-01756738744.png,مميزات المنتج   بيبى جوى | حفاضات مقاس 4 بانتس 11-18كيلو | 58 قطعة,ماركة: بيبي جوي
5797,جونسون | شامبو للاطفال الأصلي الاصفر | 200مل,johnsonsgold shampoo 200ml,100,EGP,جونسون,الأم والطفل>الاستحمام,in stock,https://chefaa.com:443/eg-ar/nowProduct/johnsonsgold-shampoo-200ml,https://cdn.chefaa.com/filters:format(webp)/public/uploads/products/johnsonsgold-shampoo-200ml-01724575915.png,https://cdn.chefaa.com/filters:format(webp)/public/uploads/products/johnsonsgold-shampoo-200ml-01724575915.png,مميزات المنتج   جونسون | شامبو للاطفال الأصلي الاصفر | 200مل   عن هذا المنتج     مكونات جونسون بيبي شامبو جولد : ديسيل جلوكوسيد: يعمل على تنظيف الشعر وفروة الرأس بلطف.   ميثيل الصوديوم كوكويل تورات و إيسيثيونات كوكويل الصوديوم و كوكاميدو بروبيل بيتين: مواد تعمل على تنظيف الشعر وفروة الرأس بلطف. الجلسرين: يحافظ على ترطيب فروة الرأس. بولي كواتيرنيوم-10: يعمل على إكساب الشعر مزيد من النعومة. سوربيتان لورات البولي إيثيلين غليكول-80: يعمل على تنظيف الشعر بلطف. حمض الستريك: يجعل درجة حموضة الشامبو مناسبة ومتوازنة مع بشرة الطفل.  الماء. حجم Johnson's Baby Shampoo Gold: يتوفر بحجم 200  مل.. يوصي به: الشامبو مناسب للأطفال حيث يعمل على تنظيف فروة الرأس والشعر  بلطف دون أن يسبب جفاف أو تهيج.,ماركة: جونسون
5796,جونسون | شامبو للاطفال الأصلي الاصفر | 100مل,johnsonsgold shampoo 100ml,60,EGP,جونسون,الأم والطفل>الاستحمام,in stock,https://chefaa.com:443/eg-ar/nowProduct/johnsonsgold-shampoo-100ml,https://cdn.chefaa.com/filters:format(webp)/public/uploads/products/johnsonsgold-shampoo-100ml-01724319672.png,https://cdn.chefaa.com/filters:format(webp)/public/uploads/products/johnsonsgold-shampoo-100ml-01724319672.png,مميزات المنتج   جونسون | شامبو للاطفال الأصلي الاصفر | 100مل   عن هذا المنتج     مكونات شامبو جونسون للاطفال الأصلي ديسيل جلوكوسيد: يعمل على تنظيف الشعر وفروة الرأس بلطف.   ميثيل الصوديوم كوكويل تورات و إيسيثيونات كوكويل الصوديوم و كوكاميدو بروبيل بيتين: مواد تعمل على تنظيف الشعر وفروة الرأس بلطف. الجلسرين: يحافظ على ترطيب فروة الرأس. بولي كواتيرنيوم-10: يعمل على إكساب الشعر مزيد من النعومة. سوربيتان لورات البولي إيثيلين غليكول-80: يعمل على تنظيف الشعر بلطف. حمض الستريك: يجعل درجة حموضة الشامبو مناسبة ومتوازنة مع بشرة الطفل.  الماء. فوائد شامبو جونسون للكبار والأطفال  يعمل على تنظيف فروة الرأس وشعر الطفل بلطف. يعمل على تسهيل تصفيف الشعر وجعله أكثر نعومة وصحة. يتميز بدرجة حموضة مناسبة لبشرة الطفل. يساعد في الحفاظ على صحة الشعر وفروة الرأس. سعر شامبو جونسون للاطفال 100 مل سعر شامبو جونسون للكبار والأطفال حجم 100 مل هو 29 جنيه. حجم johnson's baby shampoo gold يتوافر شامبو جونسون لتطويل الشعر بحجم 100 مل و200 مل و500 مل و750 مل . يوصي باستعمال شامبو جونسون للاطفال الاصفر الشامبو مناسب للأطفال حيث يعمل على تنظيف فروة الرأس والشعر بلطف دون أن يسبب جفاف أو تهيج. ما هى أنواع شامبو جونسون ؟ شامبو جونسون الاخضر لمنع تشابك الشعر. شامبو جونسون الأصفر. شامبو جونسون الموف لتقوية الشعر.  شامبو جونسون بالقطرات الناعمة الوردي. شامبو جونسون الأخضر للأطفال بخلاصة البابونج.,ماركة: جونسون
28248,شامبو سوبر كيدز للاطفال برائحة ميلك شيك الفراولة | 300مل,superkids kids shampoo strawberry milkshake fragrance 300ml u5po,125,EGP,سوبر كيدز,الأم والطفل>الاستحمام,in stock,https://chefaa.com:443/eg-ar/nowProduct/superkids-kids-shampoo-strawberry-milkshake-fragrance-300ml-u5po,https://cdn.chefaa.com/filters:format(webp)/public/uploads/products/superkids-kids-shampoo-strawberry-milkshake-fragrance-300ml-mq8g-01674559756.png,https://cdn.chefaa.com/filters:format(webp)/public/uploads/products/superkids-kids-shampoo-strawberry-milkshake-fragrance-300ml-mq8g-01674559756.png,مميزات المنتج   يتميز شامبو سوبر كيدز للاطفال بالفراولة بما يلي: مصمم خصيصاً ليناسب الأطفال ولا يسبب الدموع. خالٍ من المواد الضارة مثل السلفات والسيلكون والبارابين. ينظف فروة الرأس بعمق دون أن يسبب الجفاف أو الحساسية. مناسب للأطفال من عمر سنتين. له رائحة منعشة ومحببة لدى الأطفال. يمنح الشعر مظهرًا لامعًا وصحيًا. يوفر تجربة استحمام فريدة وممتعة للأطفال. سعر شامبو سوبر كيدز للاطفال بالفراولة مناسب مقارنة بحجمه وفوائده العديدة.   عن هذا المنتج     مكونات شامبو سوبر كيدز للاطفال بالفراولة   يحتوي سوبر كيدز شامبو على:  هيدروكسي بروبيل ترايمونيوم كلوريد: يساعد على تقليل التجعد وتسهيل تصفيف الشعر.  كوكاميد بيتايين: يُنظف الشعر وفروة الرأس بلطف دون أن يسبب تهيجًا أو جفافًا.  هيدروكسي بروبيل ميثيل سيليولوز: يساعد على تحسين قوام الشامبو والحفاظ على ترطيب الشعر.  رائحة الفراولة:تجذب انتباه الأطفال وتجعل تجربة الاستحمام ممتعة ومريحة.  حجم Super kids shampoo  يتوفر شامبو سوبر كيدز للاطفال بالفراولة بحجم 300 مل.  سعر شامبو سوبر كيدز للاطفال عمر سنة   يبلغ سعر Super kids shampoo حوالي 95 جنيه مصري.  يوصى باستعمال شامبو سوبر كيدز للاطفال ل  شامبو سوبر كيدز مناسب لفروة رأس الأطفال الرقيقة والحساسة، فهو مصمم بتركيبة لطيفة ولا تسبب الدموع بالإضافة إلى رائحته المميزة التي تضفي على تجربة الاستحمام المزيد من المتعة والانتعاش.  ما هي فوائد superkids shampoo؟  ينظف فروة الرأس بفعالية.  يحافظ على نعومة الشعر ويحميه من الجفاف.  يقلل الهيشان والتجعد.  يكسب طفلك شعرًا أكثر صحة وحيوية.  لا يسبب الدموع.  يجعل تجربة الاستحمام محببة للأطفال.  ما هي أنواع شامبو سوبر كيدز؟  شامبو سوبر كيدز برائحة التفاح الأخضر.  شامبو سوبر كيدز بالمانجو الإفريقي.  شامبو سوبر كيدز برائحة ميلك شيك الفراولة.  سوبر كيدز بيبي شامبو.  سوبر كيدز شامبو للشعر الكيرلي.  سوبر كيدز 2 في 1.  ما أفضل شامبو للاطفال ماينشف الشعر؟  شامبو جونسون للأطفال.  شامبو بندولين.  شامبو سوبر كيدز للأطفال.  ديفول شامبو.  سانوسان شامبو للأطفال.,ماركة: سوبر كيدز
28386,سوبر كيدز رول اون مزيل عرق للأطفال قبل البلوغ | 30مل,superkids roll fragrance free 30ml fkkw,85,EGP,سوبر كيدز,الأم والطفل>الاستحمام,in stock,https://chefaa.com:443/eg-ar/nowProduct/superkids-roll-on-fragrance-free-30ml-fkkw,https://cdn.chefaa.com/filters:format(webp)/public/uploads/products/superkids-roll-on-fragrance-free-30ml-z8bp-01675773638.png,https://cdn.chefaa.com/filters:format(webp)/public/uploads/products/superkids-roll-on-fragrance-free-30ml-z8bp-01675773638.png,مميزات المنتج   يتميز سوبر كيدز رول اون مزيل عرق للاطفال (superkids roll on) بما يلي: مزيل عرق مصمم خصيصاً ليناسب بشرة الأطفال الرقيقة والحساسة. مصنوع من مواد طبيعية وآمن للاستخدام. خالٍ من الألمونيوم والبارابين والكحول والتلك والفثالات. لا يترك علامات على الملابس. يوفر حماية طويلة الأمد ضد الروائح الكريهة والعرق. بدون رائحة عطرية ولا يسبب التهيج أو الحساسية. مناسب للأطفال من عمر 9-15 سنة. تم اختباره من قبل أطباء الجلدية. سعر سوبر كيدز رول اون مزيل عرق للاطفال مناسب مقارنة بفوائده في القضاء على رائحة العرق وتركيبته الآمنة والفعالة.   عن هذا المنتج     مكونات سوبر كيدز رول اون مزيل عرق للاطفال  يحتوي مزيل عرق سوبر كيدز رول اون على:  زنك أكسيد: يقلل رائحة العرق كما يعمل كمضاد للالتهابات ويساعد على تهدئة البشرة وحمايتها من التهيج.  نشا البطاطس: يعمل على امتصاص الزيوت الزائدة ويساعد على تهدئة البشرة.  زيت الكاموميل: له خصائص مهدئة ومنعمة للبشرة.  زيت الكالنديولا: يساعد على ترطيب البشرة وتهدئتها.  زيت جوز الهند: له خصائص مرطبة ومغذية للبشرة.  الانتوين: يعمل على تهدئة وتلطيف البشرة المتهيجة.  الفحم: يساعد على امتصاص الشوائب والدهون الزائدة من البشرة.  بندق الساحرة: له خصائص مضادة للالتهابات ويساعد على تقليل الالتهابات الجلدية.  زهرة القطن: تعمل على تهدئة وتنعيم البشرة.  نبات الأروروت: يساعد على تهدئة البشرة وتقليل التهيج.  حجم superkids roll on deodorant  يتوفر سوبر كيدز مزيل عرق للاطفال بحجم 30 مل.  سعر مزيل عرق سوبر كيدز رول اون يبلغ سعر superkids roll on حوالي 75 جنيه مصري.  يوصى باستعمال سوبر كيدز مزيل عرق مزيل عرق سوبر كيدز مناسب للأطفال من عمر 9 إلى 15 سنة وهو يتميز بتركيبته الطبيعية والآمنة على البشرة، بالإضافة لدوره في التحكم في رائحة العرق مما يعطي الطفل شعوراً مميزاً بالنظافة والانتعاش يدوم لأطول فترة.  ما هي طريقة استعمال سوبر كيدز رول اون؟  تأكدي أن بشرة طفلك نظيفة وجافة قبل استخدام المنتج.  افتحي الغطاء وابدأي بتدوير الرول-اون لأسفل لتفريغ كمية مناسبة من المنتج.  حركي الرول-اون على بشرة الطفل تحت الإبط.  يمكن استخدام مزيل العرق يومياً أو حسب الحاجة.  بعد الانتهاء من استخدام المنتج، أغلقي الغطاء بإحكام للحفاظ على جودة المنتج.  ما هو مزيل العرق المناسب للاطفال؟  مزيل العرق المناسب للأطفال يجب أن يكون خالياً من المواد الكيميائية القاسية والمواد الحافظة التي قد تسبب تهيجًا لبشرة الطفل.   يُفضل اختيار منتجات مزيل العرق التي تحتوي على مكونات طبيعية ولطيفة على بشرة الأطفال، مع اختبارها على البشرة أولاً قبل الاستخدام.  متى يبدأ الاطفال باستخدام مزيل العرق؟  عادةً ما يبدأ الأطفال باستخدام مزيل العرق عندما يصلون إلى سن البلوغ وتبدأ غدد العرق في العمل بشكل أكبر، وبشكل عام يكون هذا حوالي سن 8-14 عامًا، ولكن يمكن أن تختلف هذه الفترة من طفل لآخر.  من المهم أن يتم استخدام مزيل العرق بحذر مع الأطفال، ويُفضل استخدام منتجات خالية من المواد الكيميائية القاسية، كما يجب التأكد من أن المنتج مناسب لعمر الطفل ولا يسبب تهيجًا لبشرته.  ما أفضل مزيل عرق للاطفال قبل البلوغ ؟  جيست جينتل مزيل عرق.  فريش مونستر مزيل عرق.  سوبر كيدز رول أون.,ماركة: سوبر كيدز
45842,بيبي جوي | بانتس حفاضات مقاس 5 | 52 قطعة,babyjoy pants diapers size pcs qfvx_duMh32WY,400,EGP,بيبي جوي,الأم والطفل>الحفاضات و مستحضرات التغيير,in stock,https://chefaa.com:443/eg-ar/nowProduct/babyjoy-pants-diapers-size-5-52-pcs-qfvx_duMh32WY,https://cdn.chefaa.com/filters:format(webp)/public/uploads/products/babyjoy-pants-diapers-size-5-52-pcs-qfvx-dumh32wy-01756818767.png,https://cdn.chefaa.com/filters:format(webp)/public/uploads/products/babyjoy-pants-diapers-size-5-52-pcs-qfvx-dumh32wy-01756818767.png,مميزات المنتج   بيبي جوي | بانتس حفاضات مقاس 5 | 52 قطعة,ماركة: بيبي جوي
21136,ديفول | شامبو للأطفال | 300مل,divol kids shampoo 300ml smyl,150,EGP,ديفول,الأم والطفل>الاستحمام,in stock,https://chefaa.com:443/eg-ar/nowProduct/divol-kids-shampoo-300ml-smyl,https://cdn.chefaa.com/filters:format(webp)/public/uploads/products/divol-kids-shampoo-300ml-ydyh-01656249077.png,https://cdn.chefaa.com/filters:format(webp)/public/uploads/products/divol-kids-shampoo-300ml-ydyh-01656249077.png,مميزات المنتج   ديفول | شامبو للأطفال | 300مل,ماركة: ديفول
2617,سيريلاك | 3 فواكه مع القمح واللبن والحديد بالاضافة للفيتامينات والبروبيوتيك | 250جم,cerelac fruits with wheat milk with iron vitamins probiotics 250gm,100,EGP,نيسلا,الأم والطفل>طعام الاطفال و مستلزماته,in stock,https://chefaa.com:443/eg-ar/nowProduct/cerelac-3-fruits-with-wheat-milk-with-iron-vitamins-probiotics-250gm,https://cdn.chefaa.com/filters:format(webp)/public/uploads/products/cerelac-3-fruits-with-wheat-milk-with-iron-vitamins-probiotics-250gm-01723048856.png,https://cdn.chefaa.com/filters:format(webp)/public/uploads/products/cerelac-3-fruits-with-wheat-milk-with-iron-vitamins-probiotics-250gm-01723048856.png,مميزات المنتج   سيريلاك | 3 فواكه مع القمح واللبن والحديد بالاضافة للفيتامينات والبروبيوتيك | 250جم   عن هذا المنتج     وجبة مليئة بالفيتامينات والبروبيوتيك المغذية لتلبية احتياجات النمو لطفلك.,ماركة: نيسلا
46479,بي بم | حفاضات أطفال ميدي مقاس 3 | 58 قطعة,bebem natural diapers size midi 58diapers pbcu_duPqk1cT,340,EGP,بي بم,الأم والطفل>الحفاضات و مستحضرات التغيير,in stock,https://chefaa.com:443/eg-ar/nowProduct/bebem-natural-diapers-size-3-midi-58diapers-pbcu_duPqk1cT,https://cdn.chefaa.com/filters:format(webp)/public/uploads/products/bebem-natural-diapers-size-3-midi-58diapers-a7c3-01703607967.png,https://cdn.chefaa.com/filters:format(webp)/public/uploads/products/bebem-natural-diapers-size-3-midi-58diapers-a7c3-01703607967.png,مميزات المنتج   بي بم | حفاضات أطفال ميدي مقاس 3 | 58 قطعة,ماركة: بي بم
61044,تشيكس جروي شراب للاطفال | 250مل,chicks growee for kids syrup 250ml tdac,290,EGP,No Brand,الأم والطفل>طعام الاطفال و مستلزماته,in stock,https://chefaa.com:443/eg-ar/nowProduct/chicks-growee-for-kids-syrup-250ml-tdac,https://cdn.chefaa.com/filters:format(webp)/public/uploads/products/chicks-growee-for-kids-syrup-250ml-wzqj-01750672078.png,https://cdn.chefaa.com/filters:format(webp)/public/uploads/products/chicks-growee-for-kids-syrup-250ml-wzqj-01750672078.png,مميزات المنتج   تشيكس جروي شراب للاطفال | 250مل,raw_specs: المواصفات
28955,بلانكي | كيدز مرطب يومي | 200مل,blankie kids daily moisturizer 200ml pfui,180,EGP,بلانكي,الأم والطفل>الاستحمام,in stock,https://chefaa.com:443/eg-ar/nowProduct/blankie-kids-daily-moisturizer-200ml-pfui,https://cdn.chefaa.com/filters:format(webp)/public/uploads/products/blankie-kids-daily-moisturizer-200ml-pfui-01720448176.png,https://cdn.chefaa.com/filters:format(webp)/public/uploads/products/blankie-kids-daily-moisturizer-200ml-pfui-01720448176.png,مميزات المنتج   بلانكي | كيدز مرطب يومي | 200مل,ماركة: بلانكي
5812,جونسون | زيت بالصبار للشعر والبشرة للأطفال | 75مل,johnsons aloe vera baby oil 75ml ihgy,70,EGP,جونسون,الأم والطفل>الاستحمام,in stock,https://chefaa.com:443/eg-ar/nowProduct/johnsons-aloe-vera-baby-oil-75ml-ihgy,https://cdn.chefaa.com/filters:format(webp)/public/uploads/products/johnsons-aloe-vera-baby-oil-75ml-ihgy-01724579093.png,https://cdn.chefaa.com/filters:format(webp)/public/uploads/products/johnsons-aloe-vera-baby-oil-75ml-ihgy-01724579093.png,مميزات المنتج   جونسون | زيت بالصبار للشعر والبشرة للأطفال | 75مل   عن هذا المنتج     مكونات زيت جونسون بالصبار للشعر والبشرة  يحتوي زيت جونسون للأطفال على: زيت البارافين: يساعد على حفظ رطوبة البشرة وزيادة نعومتها. أيزوبروبايل بالميتات: يساهم في ترطيب الجلد وتحسين ملمسه. مستخلص أوراق الصبار: يعمل على تهدئة وترطيب البشرة وله خصائص مضادة للأكسدة. سعر زيت جونسون بالصبار سعر زيت جونسون 75 مل الأخضر هو 35 جنيه حجم زيت جونسون الاخضر يتوفر زيت جونسون للجسم بحجم 200 مل وحجم 75 مل. يوصى باستعمال زيت جونسون لـ: يعد زيت جونسون مناسباً للأطفال ولجميع أفراد العائلة إذ أنه مثالي في ترطيب البشرة والحفاظ على نعومتها، وكذلك يعمل على حماية الجلد من الجفاف والالتهابات. أنواع زيت جونسون للبشرة  زيت جونسون باللافندر البنفسجي. زيت جونسون الأخضر بالصبار. زيت جونسون الأصفر بخلاصة الكاموميل والبابونج. زيت جونسون الوردي. ما هى فوائد زيت جونسون للشعر ؟ تتعدد استخدامات زيت جونسون إذ يمكن استخدامه لترطيب الشعر وفروة الرأس وذلك بفضل تركيبته المميزة وقدرته الفعالة على جعل الشعر أكثر نعومة وانسيابية. ما هى فوائد زيت جونسون للمنطقه الحساسة ؟ يمكن استخدام زيت جونسون لترطيب وتنعيم المناطق الحساسة وكذلك يساعد على حمايتها من الالتهابات. ما هى فوائد زيت جونسون بالصبار للوجه ؟ مكن أن يساعد على ترطيب البشرة وتنعيمها عن طريق الاحتفاظ بالرطوبة وعلى الرغم من أنه زيت صناعي إلا أنه لطيف على البشرة ونادرًا ما يسبب الحساسية.,ماركة: جونسون
75,سانوسان | كريم لالتهاب الحفاضات للاطفال | 150مل,sanosan baby care cream,438.9,EGP,سانوسان,الأم والطفل>الحفاضات و مستحضرات التغيير,in stock,https://chefaa.com:443/eg-ar/nowProduct/sanosan-baby-care-cream-150-ml,https://cdn.chefaa.com/filters:format(webp)/public/uploads/products/sanosan-baby-care-cream-150-ml-01652783675.png,https://cdn.chefaa.com/filters:format(webp)/public/uploads/products/sanosan-baby-care-cream-150-ml-01652783675.png,"مميزات المنتج   تركيبة لطيفة وفعالة من مكونات طبيعية تجعل بشرة الطفل صحية وناعمة  خالي من البارابين والمواد الحافظة خالي من زيت البارافين والألوان الصناعية   عن هذا المنتج       مكونات سانوسان كريم للعناية ببشرة الأطفال أكسيد الزنك  زيت الزيتون العضوي  بروتين الحليب  آلانتوين تعمل هذه المكونات على ترطيب وتغذية البشرة وتخفف من التهاب وتهيج الجلد فوائد كريم سانوسان للبشره  يهدئ الكريم من التهاب واحمرار الجلد يخفف الحكة والانزعاج تحمى الجلد من التهاب الحفاضات والتهيج  طريقة استعمال sanosan diaper rash cream  يتم غسل المنطقة بلطف يتم وضع الكريم على بشرة الطفل  يترك الكريم حتى يمتص قبل وضع الحفاض  يتم وضع الكريم بعد كل تغيير للحفاض  حجم كريم سانوسان للأطفال يتوافر sanosan cream بحجم 150 مل سعر كريم سانوسان للحفاضات  سعر sanosan cream حوالي 270 جنيه مصرى "" قد يتغير السعر من مكان لآخر ومن وقت لآخر "" علاج تسلخات الأطفال  تغيير الحفاضات باستمرار : عندما يكون الطفل مصابًا بطفح جلدي من الحفاض ، يجب أن يقوم الآباء بتغيير حفاضات الطفل على الفور ،فقد يؤدي بقاء الطفل بحفاضات مبللة أو متسخة عندما يكون لديهم طفح جلدي إلى تفاقم الأعراض تبديل نوع الحفاضات  : إذا أصيب الطفل بطفح جلدي من الحفاض بشكل متكرر ، فقد تكون بشرته حساسة لمنتج معين. فمثلاً يمكن أن يؤدي نوع معين من الحفاضات أو مناديل الأطفال المبللة إلى ظهور الطفح الجلدي.  تهوية المنطقة قدر الإمكان :عندما يصاب الطفل بطفح جلدي من الحفاض ، فإن التأكد من قضاء بعض الوقت خلال اليوم بدون حفاضات يمكن أن يساعد في تجفيف المنطقة وشفائها.  التأكد من أن الحفاض ملائم : يمكن أن تؤدي الحفاضات الضيقة جدًا إلى زيادة الطفح الجلدي ، لذا يجب على الآباء التحقق من أن جميع الحفاضات مناسبة بشكل صحيح والتأكد من أنهم يشترون أحجامًا أكبر مع نمو الطفل. تجربة كريمات ومراهم العناية بمنطقة الحفاض : هناك العديد من الكريمات والمراهم المهدئة للجلد المتوفرة في الصيدليات وعبر الإنترنت  يجب على الآباء اختيار الكريمات التي تحتوي على أكسيد الزنك وعند استخدام هذه الكريمات يجب وضع طبقة سميكة منها على الجلد المصاب والسماح للمنطقة بالجفاف قبل ارتداء الحفاض  تجنب استخدام مناديل الأطفال المبللة : على الرغم من أنه من الضروري الحفاظ على الجلد فى منطقة الحفاض نظيف ، إلا أن مناديل الأطفال المبللة يمكن أن تهيج الطفح الجلدي الموجود.إذا كان الطفل يعاني من طفح الحفاض ، فمن الأفضل تنظيف منطقة الحفاض برفق باستخدام الماء والصابون الخالي من الرائحة ثم التربيت على الجلد حتى يجف. في الحالات التي لا يكون فيها ذلك ممكنًا ، يُنصح باختيار المناديل الطبيعية الخالية من الرائحة والمتوفرة في الصيدليات أو عبر الإنترنت .  استخدام الصابون والمنظفات الخالية من العطور :العطور الموجودة في الصابون والمنظفات ، مسؤولة عن العديد من حالات طفح الحفاضات. تجنب فرك المنطقة : يُعد الحفاظ على منطقة الحفاض نظيفة وجافة أمرًا ضرورياً، خاصةً عندما يكون الطفل مصاب بالطفح الجلدي ، ولكن يجب أن يتم تنظيف وتجفيف المنطقة بلطف دون فركها ، لأن فرك هذه المنطقة يمكن أن يؤدي إلى زيادة الطفح الجلدي  أفضل كريم لالتهاب الحفاضات للأطفال كريم زنك اوليف لعلاج التسلخات عند الأطفال سودو كريم لعلاج تسلخات الأطفال الشديدة سانوسان كريم لتسلخات الحفاضات بالمرز كريم حفاضات للأطفال سيباميد كريم تسلخات الأطفال حديثي الولادة أفضل كريم لعلاج تسلخات الأطفال كريم ميكسدرم مضاد للالتهابات  كريم بوليدرم للحكة وتهيج الجلد كريم بانديرم للالتهابات والحساسية مرهم بيتاديرم للإلتهابات كيناكومب مرهم للتسلخات",ماركة: سانوسان
995,بامبرز | حفاضات بريميوم كير مقاس 1 | 60 قطعة,pampers premium care size one,422,EGP,بامبرز,الأم والطفل>الحفاضات و مستحضرات التغيير,in stock,https://chefaa.com:443/eg-ar/nowProduct/pampers-premium-care-size-one,https://cdn.chefaa.com/filters:format(webp)/public/uploads/products/0bwdFrW9uMEjgFczIMk95265RuVXtGNie9kqiNNm.jpeg,https://cdn.chefaa.com/filters:format(webp)/public/uploads/products/0bwdFrW9uMEjgFczIMk95265RuVXtGNie9kqiNNm.jpeg,مميزات المنتج   ﻿﻿﻿﻿تتميز بانها لطيفة علي بشرة الطفل و تتميز بالمرونة﻿,ماركة: بامبرز
30631,بيبي جوي | حفاضات 14-25كجم لارج مقاس 5 | 58 قطعة,babyjoy pcs cjvw,430,EGP,بيبي جوي,الأم والطفل>الحفاضات و مستحضرات التغيير,in stock,https://chefaa.com:443/eg-ar/nowProduct/babyjoy-5-58-pcs-cjvw,https://cdn.chefaa.com/filters:format(webp)/public/uploads/products/babyjoy-5-58-pcs-aaob-01686688890.png,https://cdn.chefaa.com/filters:format(webp)/public/uploads/products/babyjoy-5-58-pcs-aaob-01686688890.png,مميزات المنتج   بيبي جوي | حفاضات 14-25كجم لارج مقاس 5 | 58 قطعة,ماركة: بيبي جوي
62120,مولفيكس | حفاضات أطفال بريميوم حديثي الولادة مقاس 1 | 58 قطعة,molfix premium baby diapers newborn size diapers ffg0,321,EGP,مولفيكس,الأم والطفل>الحفاضات و مستحضرات التغيير,in stock,https://chefaa.com:443/eg-ar/nowProduct/molfix-premium-baby-diapers-newborn-size-1-58-diapers-ffg0,https://cdn.chefaa.com/filters:format(webp)/public/uploads/products/molfix-premium-baby-diapers-newborn-size-1-58-diapers-ebd6-01752576706.png,https://cdn.chefaa.com/filters:format(webp)/public/uploads/products/molfix-premium-baby-diapers-newborn-size-1-58-diapers-ebd6-01752576706.png,مميزات المنتج   مولفيكس | حفاضات أطفال بريميوم حديثي الولادة مقاس 1 | 58 قطعة,ماركة: مولفيكس
28246,سوبر كيدز | شامبو وبلسم وجل استحمام 3 في 1 برائحة ميلك شيك الفراولة | 500مل,superkids strawberry milkshake fragrance 500ml bt2i,200,EGP,سوبر كيدز,الأم والطفل>الاستحمام,in stock,https://chefaa.com:443/eg-ar/nowProduct/superkids-3-in-1-strawberry-milkshake-fragrance-500ml-bt2i,https://cdn.chefaa.com/filters:format(webp)/public/uploads/products/superkids-3-in-1-strawberry-milkshake-fragrance-500ml-j6nk-01674559320.png,https://cdn.chefaa.com/filters:format(webp)/public/uploads/products/superkids-3-in-1-strawberry-milkshake-fragrance-500ml-j6nk-01674559320.png,مميزات المنتج   سوبر كيدز | شامبو وبلسم وجل استحمام 3 في 1 برائحة ميلك شيك الفراولة | 500مل,ماركة: سوبر كيدز
21326,بيبي جوي | حفاضات ستريتش مقاس 2 | 60 قطعة,babyjoy small stretch diapers lumping pieces lh0j,320,EGP,بيبي جوي,الأم والطفل>الحفاضات و مستحضرات التغيير,in stock,https://chefaa.com:443/eg-ar/nowProduct/babyjoy-small-stretch-diapers-no-lumping-60-pieces-lh0j,https://cdn.chefaa.com/filters:format(webp)/public/uploads/products/babyjoy-small-stretch-diapers-no-lumping-60-pieces-dzoy-01656447732.png,https://cdn.chefaa.com/filters:format(webp)/public/uploads/products/babyjoy-small-stretch-diapers-no-lumping-60-pieces-dzoy-01656447732.png,مميزات المنتج   بيبي جوي | حفاضات ستريتش مقاس 2 | 60 قطعة,ماركة: بيبي جوي
60820,مولفيكس | حفاضات بانتس سباحة للاطفال مقاس 4-5 | 11 قطعة,molfix swimming pants size pcs hlyv,145,EGP,مولفيكس,الأم والطفل>الحفاضات و مستحضرات التغيير,in stock,https://chefaa.com:443/eg-ar/nowProduct/molfix-swimming-pants-size-4-5-11-pcs-hlyv,https://cdn.chefaa.com/filters:format(webp)/public/uploads/products/molfix-swimming-pants-size-4-5-11-pcs-uxbp-01744703557.png,https://cdn.chefaa.com/filters:format(webp)/public/uploads/products/molfix-swimming-pants-size-4-5-11-pcs-uxbp-01744703557.png,مميزات المنتج   مولفيكس | حفاضات بانتس سباحة للاطفال مقاس 4-5 | 11 قطعة,ماركة: مولفيكس
2791,بامبرز | مناديل مبللة للأطفال خالية من الكحول والعطور | 56 مناديل,pampers wipes sensitive,90,EGP,بامبرز,الأم والطفل>الحفاضات و مستحضرات التغيير,in stock,https://chefaa.com:443/eg-ar/nowProduct/pampers-wipes-sensitive-56-,https://cdn.chefaa.com/filters:format(webp)/public/uploads/products/1593359733pampers-wipes-sensitive-56-jpg,https://cdn.chefaa.com/filters:format(webp)/public/uploads/products/1593359733pampers-wipes-sensitive-56-jpg,مميزات المنتج   تتميز بامبرز مناديل مبللة للاطفال بما يلي: مناديل بامبرز توفر العناية الكاملة للأطفال ويمكن استخدامها للوجه واليدين. لها ملمس لطيف وناعم على البشرة. خالية من الكحول والعطور وآمنة على بشرة الطفل. مزودة بلوشن معطر لتكسب البشرة رائحة منعشة وجميلة. سعر مناديل مبللة بامبرز مناسب مقارنة بفوائدها للبشرة.   عن هذا المنتج     مكونات بامبرز مناديل مبللة للاطفال    تحتوي بامبرز مناديل مبللة للاطفال على:  لوشن خلاصة الصبار: لترطيب البشرة وإكسابها رائحة منعشة.  حجم pampers wipes  تتوفر pampers wipes بأحجام مختلفة وتأتي على هيئة عبوة تحتوي على عدد معين من المناديل منها 56 و64 منديلًا.  يوصى باستعمال وايبس بامبرز ل   وايبس بامبرز مثالية للحفاظ على بشرة طفلك نظيفة وناعمة فهي تتميز بملمس ناعم ولطيف ورائحة منعشة.  ما أفضل  مناديل مبللة للاطفال بدون كحول ؟  مناديل بندولين المبللة.  مناديل أفينو المبللة.  مناديل سانوسان المبللة.  إيفا كلينيك بيبي وايبس.  بامبرز مناديل مبللة للاطفال.,ماركة: بامبرز
47356,بابلز | عضاضة بالبطيخ,bubbles teether watermelon ttch,115,EGP,بابلز بيبي,الأم والطفل>طعام الاطفال و مستلزماته,in stock,https://chefaa.com:443/eg-ar/nowProduct/bubbles-teether-watermelon-ttch,https://cdn.chefaa.com/filters:format(webp)/public/uploads/products/bubbles-teether-watermelon-puso-01726313280.png,https://cdn.chefaa.com/filters:format(webp)/public/uploads/products/bubbles-teether-watermelon-puso-01726313280.png,مميزات المنتج   بابلز | عضاضة بالبطيخ,ماركة: بابلز بيبي
31982,سيريلاك | بالقمح واللبن | 500جم,nestle cerelac wheat milk 500gm defi,160,EGP,نيسلا,الأم والطفل>طعام الاطفال و مستلزماته,in stock,https://chefaa.com:443/eg-ar/nowProduct/nestle-cerelac-wheat-milk-500gm-defi,https://cdn.chefaa.com/filters:format(webp)/public/uploads/products/nestle-cerelac-wheat-milk-500gm-gzy0-01695477176.png,https://cdn.chefaa.com/filters:format(webp)/public/uploads/products/nestle-cerelac-wheat-milk-500gm-gzy0-01695477176.png,مميزات المنتج   سيريلاك | بالقمح واللبن | 500جم,ماركة: نيسلا
47337,هابينيس | زيت اطاله شعر الاطفال | 200مل,happiness kids hair oil 120ml tpc2_dujorWUM,325,EGP,مقام,الأم والطفل>الاستحمام,in stock,https://chefaa.com:443/eg-ar/nowProduct/happiness-kids-hair-oil-120ml-tpc2_dujorWUM,https://cdn.chefaa.com/filters:format(webp)/public/uploads/products/happiness-kids-hair-oil-120ml-tpc2-dujorwum-01726311255.png,https://cdn.chefaa.com/filters:format(webp)/public/uploads/products/happiness-kids-hair-oil-120ml-tpc2-dujorwum-01726311255.png,مميزات المنتج   هابينيس | زيت اطاله شعر الاطفال | 200مل,ماركة: مقام
46543,هابينيس | لوشن ترطيب الجلد للاطفال | 150مل,happiness baby skin moisturizer lotion 150ml rqxn_duQmfAXk,130,EGP,مقام,الأم والطفل>الاستحمام,in stock,https://chefaa.com:443/eg-ar/nowProduct/happiness-baby-skin-moisturizer-lotion-150ml-rqxn_duQmfAXk,https://cdn.chefaa.com/filters:format(webp)/public/uploads/products/happiness-baby-skin-moisturizer-lotion-150ml-cnk3-01704197794.png,https://cdn.chefaa.com/filters:format(webp)/public/uploads/products/happiness-baby-skin-moisturizer-lotion-150ml-cnk3-01704197794.png,مميزات المنتج   هابينيس | لوشن ترطيب الجلد للاطفال | 150مل,ماركة: مقام
50695,بيبيلاك | 2 حليب من 6-12شهر | 400جم,bebelac milk gm4TwH,329,EGP,بيبيلاك,الأم والطفل>طعام الاطفال و مستلزماته,in stock,https://chefaa.com:443/eg-ar/nowProduct/bebelac-2-milk-400-gm4TwH,https://cdn.chefaa.com/filters:format(webp)/public/uploads/products/bebelac-2-milk-400-gm4twh-01733568185.png,https://cdn.chefaa.com/filters:format(webp)/public/uploads/products/bebelac-2-milk-400-gm4twh-01733568185.png,مميزات المنتج   بيبيلاك | 2 حليب من 6-12شهر | 400جم,ماركة: بيبيلاك
21509,بندولين | شامبو للاطفال | 65مل,penduline shampoo for kids 65ml f9z6,70,EGP,بندولين,الأم والطفل>الاستحمام,in stock,https://chefaa.com:443/eg-ar/nowProduct/penduline-shampoo-for-kids-65ml-f9z6,https://cdn.chefaa.com/filters:format(webp)/public/uploads/products/penduline-shampoo-for-kids-65ml-f9z6-01757353487.png,https://cdn.chefaa.com/filters:format(webp)/public/uploads/products/penduline-shampoo-for-kids-65ml-f9z6-01757353487.png,مميزات المنتج   بندولين | شامبو للاطفال | 65مل,ماركة: بندولين
18374,بيبي جوي | حفاضات ستريتش مقاس 4 | 58 قطعة,babyjoy large stretch diapers lumping 58pcs vfjv,380,EGP,بيبي جوي,الأم والطفل>الحفاضات و مستحضرات التغيير,in stock,https://chefaa.com:443/eg-ar/nowProduct/babyjoy-large-stretch-diapers-no-lumping-58pcs-vfjv,https://cdn.chefaa.com/filters:format(webp)/public/uploads/products/babyjoy-large-stretch-diapers-no-lumping-58pcs-vfjv-01654706083.png,https://cdn.chefaa.com/filters:format(webp)/public/uploads/products/babyjoy-large-stretch-diapers-no-lumping-58pcs-vfjv-01654706083.png,مميزات المنتج   بيبي جوي | حفاضات ستريتش مقاس 4 | 58 قطعة,ماركة: بيبي جوي
45939,بابلز | بودرة اطفال | 100جم,bubbles baby powder large 100gm rnld_dujaH32J,45,EGP,بابلز بيبي,الأم والطفل>الحفاضات و مستحضرات التغيير,in stock,https://chefaa.com:443/eg-ar/nowProduct/bubbles-baby-powder-large-100gm-rnld_dujaH32J,https://cdn.chefaa.com/filters:format(webp)/public/uploads/products/bubbles-baby-powder-large-100gm-h3j5-01713286077.png,https://cdn.chefaa.com/filters:format(webp)/public/uploads/products/bubbles-baby-powder-large-100gm-h3j5-01713286077.png,مميزات المنتج   بابلز | بودرة اطفال | 100جم,ماركة: بابلز بيبي
5636,بندولين | كريم للشعر الكيرلي للاطفال بزبدة الشيا | 150مل,penduline shea hair cream,165,EGP,بندولين,الأم والطفل>الاستحمام,in stock,https://chefaa.com:443/eg-ar/nowProduct/penduline-shea-hair-cream-150-gm-ph,https://cdn.chefaa.com/filters:format(webp)/public/uploads/products/16163209971610351870shea-creamjpgtxt,https://cdn.chefaa.com/filters:format(webp)/public/uploads/products/16163209971610351870shea-creamjpgtxt,"مميزات المنتج   كريم بندولين للشعر الكيرلي للاطفال بزبدة الشيا يعمل على تقليل تشابك الشعر وتسهيل تصفيفه. يًكسب الشعر الكيرلي اللمعان والحيوية والكثافة المطلوبة. مناسب لروتين الشعر المجعد. مناسب للكبار والأطفال من عمر عام. خالي من السلفات والسيليكون والبارابين والزيوت المعدنية. تم اختبار من قبل أطباء الجلدية والأطفال. سعر كريم بندولين للشعر الجاف مناسب لمميزاته العديدة   عن هذا المنتج     مكونات كريم بندولين للشعر الكيرلي للاطفال يحتوى كريم شعر بندولين على:     زبدة الشيا.   زيت الأرجان.   زيت اللوز.   زيت الجوجوبا.   زيت الزيتون.   خلاصة الموز.   حمض البنزويك.   حمض الستياريك.   الماء.     فوائد كريم بندولين للاطفال للشعر يعمل كريم بندولين للشعر الهايش على ترطيب الشعر الجاف والكيرلي والحفاظ على تموجاته للحصول على مظهر جذاب. يعمل كريم بندولين بالشيا للكبار على تغذية الشعر بعمق ويحميه من التقصف. يساعد كريم شعر بندولين للاطفال على تقليل الهيشان. يعمل penduline كريم على تقليل تشابك الشعر وتسهيل تصفيفه. يًكسب الشعر الكيرلي اللمعان والحيوية والكثافة المطلوبة     سعر كريم بندولين للشعر الكيرلي للاطفال يبلغ سعر كريم بندولين للاطفال 100 جنيه مصرى. "" قد يتغير سعر كريم بندولين بزبدة الشيا من وقت لاخر تبعاً لتغير سعره فى الاسواق"" حجم بندولين كريم Penduline Hair Cream يتوافر كريم بندولين للشعر الخشن بحجم 150 مل. يوصي باستعمال كريم بندولين بزبدة الشيا بندولين كريم مناسب للأطفال والكبار أصحاب الشعر الكيرلي للحصول على مظهر صحي وجذاب ، كما أنه مناسب للشعر الجاف حيث يعمل على ترطيبه وتغذيته بعمق وحمايته من التقصف. طريقة استخدام كريم بندولين شيا ضعي كمية صغيرة من بندولين كريم بالشيا على شعر طفلك ووزعيها بلطف على الشعر من الجذور إلى الأطراف ما هى أنواع كريم بندولين ؟ كريم بندولين الازرق للشعر للأطفال بندولين كيدز كريم مرطب للشعر الويفي البنفسجى بندولين كريم للشعر الكيرلي للاطفال كريم بندولين الاخضر بخلاصة المورينجا لترميم واصلاح الشعر ما فوائد كريم بندولين بزبدة الشيا للكبار ؟ يعالج كريم بندولين بزبدة الشيا الشعر التالف، ويحسن نمو الشعر الطبيعي والصحي. ما أفضل كريم للشعر الكيرلي للاطفال ؟ كريم بندولين بزبدة الشيا للاطفال كانتو كريم للشعر الكيرلي للاطفال. بلانكى كريم شعر للاطفال ما أفضل كريم شعر للاطفال من الصيدلية ؟ كريم بندولين البينك كريم سوبر كيدز للشعر هابينيس كريم شعر للأطفال كريم بالمرز للأطفال",ماركة: بندولين
28176,فاين بيبي | حفاضات اطفال لارج 7-14كجم مقاس 4 | 58 قطعة,fine baby diaper size large 14kg new and improved doublelock barries 58pcs liys,370,EGP,فاين,الأم والطفل>الحفاضات و مستحضرات التغيير,in stock,https://chefaa.com:443/eg-ar/nowProduct/fine-baby-diaper-size-4-large-7-14kg-new-and-improved-doublelock-barries-58pcs-liys,https://cdn.chefaa.com/filters:format(webp)/public/uploads/products/fine-baby-diaper-size-4-large-7-14kg-new-and-improved-doublelock-barries-58pcs-liys-01725368620.png,https://cdn.chefaa.com/filters:format(webp)/public/uploads/products/fine-baby-diaper-size-4-large-7-14kg-new-and-improved-doublelock-barries-58pcs-liys-01725368620.png,مميزات المنتج   فاين بيبي | حفاضات اطفال لارج 7-14كجم مقاس 4 | 58 قطعة,ماركة: فاين
29411,نكتاليا | مرحلة 2 حليب بودر | 400جم,nactalia milk powder 400gm w0pa,255,EGP,No Brand,الأم والطفل>طعام الاطفال و مستلزماته,in stock,https://chefaa.com:443/eg-ar/nowProduct/nactalia-2-milk-powder-400gm-w0pa,https://cdn.chefaa.com/filters:format(webp)/public/uploads/products/nactalia-2-milk-powder-400gm-w0pa-01719672092.png,https://cdn.chefaa.com/filters:format(webp)/public/uploads/products/nactalia-2-milk-powder-400gm-w0pa-01719672092.png,مميزات المنتج   نكتاليا | مرحلة 2 حليب بودر | 400جم,raw_specs: المواصفات
46138,هابينيس | شامبو لاطفال | 200مل,happiness kids shampoo 200ml fvtv_duhDA6Fd,160,EGP,مقام,الأم والطفل>الاستحمام,in stock,https://chefaa.com:443/eg-ar/nowProduct/happiness-kids-shampoo-200ml-fvtv_duhDA6Fd,https://cdn.chefaa.com/filters:format(webp)/public/uploads/products/happiness-kids-shampoo-200ml-xkqp-01684768171.png,https://cdn.chefaa.com/filters:format(webp)/public/uploads/products/happiness-kids-shampoo-200ml-xkqp-01684768171.png,مميزات المنتج   هابينيس | شامبو لاطفال | 200مل,ماركة: مقام
5584,بندولين | كريم المورينجا لترميم واصلاح الشعر | 150مل,penduline moringa cream,160,EGP,بندولين,الأم والطفل>الاستحمام,in stock,https://chefaa.com:443/eg-ar/nowProduct/penduline-moringa-cream-150-ml,https://cdn.chefaa.com/filters:format(webp)/public/uploads/products/16160603276772504641297jpg,https://cdn.chefaa.com/filters:format(webp)/public/uploads/products/16160603276772504641297jpg,مميزات المنتج   تركيبة فريدة لترميم جميع أنواع الشعر التالف والمتقصف والمتهالك.   عن هذا المنتج         تركيبة فريدة لترميم جميع أنواع الشعر التالف والمتقصف والمتهالك.   غنى بزيت المورينجا وبروتينات القمح وزيت جوزة الهند بالإضافة إلى زيت الجوجوبا والبانثينول ، تركيبة متكاملة تعمل على إصلاح الشعر من الداخل وإعادة صحته وحيويته وحجمه الكثيف.   طبيعى 100 % ، خفيف على الشعر وملمسه غير دهنى ولا يترك أثر على الشعر غير أنه خالى من الزيوت المعدنية والسالفينت السيليكون والكحول وجميع المواد الكيميائية الضارة.,ماركة: بندولين
47355,بابلز | حلمة بميزة التدفق البطيء ناتشورال من 6 شهور,bubbles natural slow flow nipple uofh,90,EGP,بابلز بيبي,الأم والطفل>طعام الاطفال و مستلزماته,in stock,https://chefaa.com:443/eg-ar/nowProduct/bubbles-natural-slow-flow-nipple-6m-uofh,https://cdn.chefaa.com/filters:format(webp)/public/uploads/products/bubbles-natural-slow-flow-nipple-6m-z5vl-01726313133.png,https://cdn.chefaa.com/filters:format(webp)/public/uploads/products/bubbles-natural-slow-flow-nipple-6m-z5vl-01726313133.png,مميزات المنتج   بابلز | حلمة بميزة التدفق البطيء ناتشورال من 6 شهور,ماركة: بابلز بيبي
2789,بامبرز | حفاضات الأطفال الجافة دراي مقاس 6 | 48 قطعة,pampers baby dry diapers size extra large diapers,430,EGP,بامبرز,الأم والطفل>الحفاضات و مستحضرات التغيير,in stock,https://chefaa.com:443/eg-ar/nowProduct/pampers-baby-dry-diapers-size-6-extra-large-13-kg-48-diapers,https://cdn.chefaa.com/filters:format(webp)/public/uploads/products/1593359297pampers-baby-dry-diapers-size-6-extra-large-13-kg-48-diapersjpg,https://cdn.chefaa.com/filters:format(webp)/public/uploads/products/1593359297pampers-baby-dry-diapers-size-6-extra-large-13-kg-48-diapersjpg,مميزات المنتج   مقاس الحفاضة ‏:‏ 6. وزن الطفل: فوق 15 كجم. عدد الحفاضات‏:‏ 48.,ماركة: بامبرز
5805,جونسون | بيبي سليب تايم شامبو لتنظيف بشرة الطفل وشعره | 200مل,johnsons sleep time shampoo 200ml,110,EGP,جونسون,الأم والطفل>الاستحمام,in stock,https://chefaa.com:443/eg-ar/nowProduct/johnsons-sleep-time-shampoo-200ml,https://cdn.chefaa.com/filters:format(webp)/public/uploads/products/johnsons-sleep-time-shampoo-200ml-01724575405.png,https://cdn.chefaa.com/filters:format(webp)/public/uploads/products/johnsons-sleep-time-shampoo-200ml-01724575405.png,مميزات المنتج   جونسون | بيبي سليب تايم شامبو لتنظيف بشرة الطفل وشعره | 200مل   عن هذا المنتج     مكونات سليب تايم شامبو من جونسون: ديسيل جلوكوسيد: يعمل على تنظيف الشعر وفروة الرأس بلطف.   ميثيل الصوديوم كوكويل تورات و إيسيثيونات كوكويل الصوديوم و كوكاميدو بروبيل بيتين: مواد تعمل على تنظيف الشعر وفروة الرأس بلطف. الجلسرين: يحافظ على ترطيب فروة الرأس. بولي كواتيرنيوم-10: يعمل على إكساب الشعر مزيد من النعومة. سوربيتان لورات البولي إيثيلين غليكول-80: يعمل على تنظيف الشعر بلطف. حمض الستريك: يجعل درجة حموضة الشامبو مناسبة ومتوازنة مع بشرة الطفل. الماء. حجم Johnson's Baby Bedtime Shampoo: يتوفر بحجم 200 مل. يوصي به: الشامبو مناسب للأطفال حيث يعمل على تنظيف فروة الرأس والشعر  والبشرة بلطف دون أن يسبب جفاف أو تهيج، كما يساعد على جعل الطفل ينام بشكل أفضل.,ماركة: جونسون
74,سانوسان | بيبي شامبو وجل استحمام لتنظيف بشرة الطفل وشعره | 200مل,sanosan baby bath shampoo 200ml,295,EGP,سانوسان,الأم والطفل>الاستحمام,in stock,https://chefaa.com:443/eg-ar/nowProduct/sanosan-baby-bath-shampoo-200ml,https://cdn.chefaa.com/filters:format(webp)/public/uploads/products/sanosan-baby-bath-shampoo-200ml-01655026479.png,https://cdn.chefaa.com/filters:format(webp)/public/uploads/products/sanosan-baby-bath-shampoo-200ml-01655026479.png,مميزات المنتج   سانوسان | بيبي شامبو وجل استحمام لتنظيف بشرة الطفل وشعره | 200مل   عن هذا المنتج     مكونات سانوسان بيبي شامبو وجل استحمام:     بروتين الحليب: يعمل كطبقة واقية على الجلد لحمايته من الجفاف.   خلاصة الزيتون: له خصائص مضادات للأكسدة ويعمل على ترطيب البشرة.     مميزات شامبو وشاور جل سانوسان بيبي:     يتميز أنه منتجان في منتج واحد فهو يعمل على تنظيف بشرة وشعر الطفل بلطف.   يعمل على حماية بشرة الطفل من الجفاف والحفاظ عليها ناعمة وصحية.   يعمل على تكوين طبقة واقية على بشرة الطفل مما يقلل فقدان الجلد للرطوبة.   يعمل على تنظيف فروة الشعر بلطف.   يساعد على تغذية بشرة الطفل.   مناسب للاستخدام لحديثي الولادة منذ اليوم الأول.   يتميز باحتوائه على تركيبة خفيفة لا تسبب الدموع.   تم اختباره من قبل أطباء الجلدية والأطفال والعيون.   خالي من زيت البارافين والبارابين والسيليكون والمواد الكيميائية الضارة.   منتج ألماني ومرخص من قبل وزارة الصحة.      حجم Sanosan Baby Bath and Shampoo:     يتوفر بحجم 200 مل.     يوصي به:   الشامبو والشاور مناسب للأطفال منذ الولادة حيث يعمل على تنظيف البشرة والشعر  بلطف دون أن يسبب جفاف أو تهيج.,ماركة: سانوسان
62610,مولفيكس | حفاضات أطفال بريميوم أكسجين عبوة جامبو بمقاس متوسط 3 لحديثي الولادة | 56 قطعة,molfix premium oxygen size piece OrRJ,380,EGP,مولفيكس,الأم والطفل>الحفاضات و مستحضرات التغيير,in stock,https://chefaa.com:443/eg-ar/nowProduct/molfix-premium-oxygen-size-3-56-piece-OrRJ,https://cdn.chefaa.com/filters:format(webp)/public/uploads/products/molfix-premium-oxygen-size-3-56-piece-orrj-01756169008.png,https://cdn.chefaa.com/filters:format(webp)/public/uploads/products/molfix-premium-oxygen-size-3-56-piece-orrj-01756169008.png,مميزات المنتج   مولفيكس | حفاضات أطفال بريميوم أكسجين عبوة جامبو بمقاس متوسط 3 لحديثي الولادة | 56 قطعة,ماركة: مولفيكس
70,جونسون | لوشن للأطفال الوردي | 200مل,johnsons baby soft lotion 200ml,160,EGP,جونسون,الأم والطفل>الحفاضات و مستحضرات التغيير,in stock,https://chefaa.com:443/eg-ar/nowProduct/johnsons-baby-soft-lotion-200ml,https://cdn.chefaa.com/filters:format(webp)/public/uploads/products/johnsons-baby-soft-lotion-200ml-01724579325.png,https://cdn.chefaa.com/filters:format(webp)/public/uploads/products/johnsons-baby-soft-lotion-200ml-01724579325.png,"مميزات المنتج   جونسون | لوشن للأطفال الوردي | 200مل   عن هذا المنتج     فوائد لوشن جونسون للأطفال      آمن على بشرة الأطفال الرقيقة   لا يسبب الحساسية   يرطب البشرة بفاعلية ويحميها من الجفاف   يمنح البشرة رائحة منعشة     كيفية استخدام لوشن جونسون للأطفال   قم بتدليك بشرة الطفل بلطف بكمية مناسبة من اللوشن يوميًا للحصول على عناية خفيفة ورقيقة لبشرة طفلك الحساسة.   استخدامات لوشن جونسون للأطفال   يساعد اللوشن على ترطيب البشرة ومنحها نعومة تدوم طوال اليوم وحماية فعالة من الجفاف   أنواع لوشن جونسون للأطفال    لوشن الوجه والجسم لحديثي الولادة Cotton Touch    لوشن مصنوع من قطن حقيقي مصمم خصيصًا مع درجة حموضة متوازنة لتناسب بشرة الأطفال حديثي الولادة الحساسة.   يتميز بأنه خفيف ولطيف ليناسب بشرة الطفل منذ اليوم الأول ، يوفر ترطيبًا فعال للبشرة ويتم امتصاصه بسرعة ويدوم لمدة 24 ساعة ويترك بشرة الطفل ناعمة وصحية   لوشن للأطفال بزيت جوز الهند   يمنح لوشن الجسم بتركيبته المميزة من زيت جوز الهند المرطب طفلك بشرة ناعمة وصحية ويغذي بشرة الطفل لمدة 24 ساعة ويمنحها رائحة منعشة   لوشن ما قبل النوم للأطفال    لوشن الجسم للأطفال قبل النوم يحتوي على زيت جوز الهند المرطب ويتميز برائحة ناعمة ومهدئة    لوشن الشوفان والفانيليا مغذي ومرطب للبشرة   لوشن الأطفال بالشوفان والفانيليا لطيفًا على البشرة وغير قاسٍ على الإطلاق ، حيث يرطب البشرة الجافة بلطف لمدة 24 ساعة وهو مصنوع من مستخلص الشوفان والفانيليا ويساعد لوشن الأطفال جونسون على منح طفلك بشرة أكثر نعومة وصحة.   لوشن البشرة بزبدة الشيا والكاكاو   لوشن الأطفال بزبدة الشيا والكاكاو يعمل على تهدئة وترطيب بشرة الطفل الجافة ويجعلها أكثر نعومة وصحة.   حجم لوشن بيبي جونسون للوجه والجسم   يتوافر johnson baby lotion بعدة أحجام من  100 إلى 400 مل   سعر لوشن جونسون للأطفال     يتراوح سعر johnson baby lotion من 36 إلى 75 على حسب حجم العبوة  "" قد يتغير السعر من مكان لآخر ومن وقت لآخر ""   هل لوشن جونسون للأطفال يبيض ؟   اللوشن ليس له تأثير فى تبييض البشرة   ما هي مكونات لوشن جونسون للأطفال ؟   تختلف مكونات اللوشن من نوع لآخر وعادة ما يحتوي اللوشن على المياه  والجلسرين وزيت جوز الهند و دايميثيكون وثاني أكسيد التيتانيوم وغيرها   أفضل لوشن للأطفال     سيباميد لوشن للأطفال   افينو مرطب الجسم للأطفال   لوشن سيرافى المرطب   موستيلا بيبى لوشن    سيتافيل بيبى لوشن     نصائح للعناية ببشرة الأطفال حديثي الولادة   بشرة الطفل توفر له الحماية من العالم الخارجي ولكنها أكثر حساسية من بشرة الكبار فهى أرق ب 30٪ من بشرة البالغين كما أنها يمكن أن تفقد الرطوبة بشكل أسرع وهى أكثر عرضة للتهيج     الاستحمام :     يحتاج الأطفال إلى الاستحمام مرتين إلى ثلاثة مرات في الأسبوع باستخدام الماء الدافئ وليس الساخن     اغمسي منشفة في الماء والصابون واستخدميها لغسل جسم طفلك    اغسلى فروة رأس طفلك بلطف بشامبو مخصص للأطفال   لتنظيف وجه الطفل بللي قطعة قطنية وامسحي بشرته برفق.   جففى بشرة طفلك بلطف وبمجرد أن تجف ، ضعي لوشن الأطفال على الفور للحفاظ على الرطوبة ومنع جفاف الجلد.       الحفاضات     من المهم تغيير حفاضات طفلك بشكل متكرر ، مع مسح البشرة برفق في كل مرة باستخدام مناديل الأطفال المبللة.   ثم يتم وضع كريم الحفاضات والانتظار بضع لحظات حتى تجف البشرة حتى لا تؤدي الرطوبة إلى ظهور الطفح الجلدي     منتجات العناية بالطفل      من الأفضل استخدام منتجات العناية المصممة خصيصًا للأطفال ، مثل الشامبو الخالي من العطور والخالي من الدموع وجل الاستحمام واللوشن وغيرها    ويجب تجنب استخدام الصابون المعطر والمضاد للبكتيريا ومزيل العرق أيضًا لأنه قد تكون قاسية على بشرة الطفل",ماركة: جونسون
5633,بندولين | زيت للاطفال أفضل زيت لشعر الأطفال البنات | 120مل,penduline kids oil,205,EGP,بندولين,الأم والطفل>الاستحمام,in stock,https://chefaa.com:443/eg-ar/nowProduct/penduline-kids-oil-120-ml-ph,https://cdn.chefaa.com/filters:format(webp)/public/uploads/products/penduline-kids-oil-120-ml-ph-01701170961.png,https://cdn.chefaa.com/filters:format(webp)/public/uploads/products/penduline-kids-oil-120-ml-ph-01701170961.png,"مميزات المنتج    زيت بندولين للاطفال (Penduline Oil) يمنح شعر طفلك النعومة واللمعان والتغذية والترطيب اللازم ، ويتميز بتركيبة من مكونات طبيعية آمنة ومناسبة لطفلك.   عن هذا المنتج     مكونات زيت بندولين للاطفال Penduline Oil يحتوى زيت بندولين للاطفال الرضع على:   زيت السمسم : يحتوي على فيتامين هـ بالإضافة إلى خصائصه المضادة للأكسدة والمضادة للالتهابات. زيت جنين القمح : غني بفيتامين B6 وحمض الفوليك وفيتامين هـ ويعمل على ترطيب وتغذية الشعر. زيت القرع : يحتوي على أحماض أوميغا 3 والأحماض الدهنية الأساسية والزنك وفيتامين هـ ويعمل كمرطب فعال في تغذية الشعر. زيت الكاموميل : يمنح الشعر النعومة واللمعان ويعمل على تهدئة تهيج فروة الرأس ويحفز نمو الشعر ويزيد الدورة الدموية في فروة الرأس. زيت الزيتون : يرطب الشعر ويقلل من تهيج فروة الرأس. زيت الجوجوبا : يساعد على ترطيب وتغذية بصيلات الشعر.  زيت جوز الهند :  يساعد على تغذية بصيلات الشعر.   فوائد زيت بندولين كيدز     يحفز نمو الشعر.   يرطب الشعر.   يساعد على منع ومعالجة أضرار الحرارة والتصفيف.   يضيف اللمعان.   يغذي الشعر.     طريقة استخدام زيت بندولين للاطفال للشعر     دلكي الزيت برفق على فروة الشعر لبضع دقائق بحركات دائرية.   يمكنك تقسيم الشعر إلى أجزاء صغيرة لتسهيل توزيع الزيت.    يُستخدم الزيت مرتين إلى 3 مرات أسبوعياً. حجم زيت بندولين كيدز يتوافر زيت بندولين للشعر بحجم 120 مل سعر زيت بندولين للأطفال سعر زيت شعر بندولين للأطفال حوالي 109 جنيه مصرى "" قد يتغير سعر  زيت البندولين من وقت لآخر تبعاً لتغير سعره فى الأسواق "" ما أنواع منتجات بندولين للعنايه بالشعر ؟     شامبو بندولين.   كريم بندولين بالشيا.    كريم بندولين كيدز.   حمام كريم بندولين للشعر.   زيت بندولين للأطفال.   زيت بندولين بلس للشعر.     ما أفضل زيت شعر للأطفال ؟     بندولين زيت شعر للأطفال.   زيت شعر هيمالايا للاطفال.   زيت جونسون.     لماذا يجب استخدام زيت الشعر للأطفال؟     من المهم استخدام زيت الشعر لطفلك للحفاظ على رطوبة الشعر وإلا سوف يجف.     كيف اختار زيت الشعر المناسب لطفلي؟     يجب استخدام زيوت الشعر المصنوعة من مواد طبيعية بدون أي مواد حافظة أو مواد كيميائية أو عطور لتدليك شعر الطفل. ويُعد زيت جوز الهند أفضل زيت طبيعي لشعر الأطفال ويمكن استخدامه فى أى وقت من السنة.     هل يمكن وضع زيت الشعر للطفل بانتظام؟     يمكن أن يساعد استخدام زيت الشعر على فروة رأس طفلك وتدليكها على تحفيز وتنشيط فروة الشعر ، لكن الكثير من التدليك بالزيت يمكن أن يسد المسام ويؤدي إلى الإصابة بالعدوى.     ما هى اضرار الزيت على الشعر؟   قد يؤدي ترك الزيت على الشعر يوم لفترة طويلة إلى تراكم الزيت  على فروة الرأس مما قد يسبب انسداد المسام وتجمع الأوساخ وتراكم القشرة ، لذا عند استخدام الزيت بانتظام فيُفضل غسل الشعر بالشامبو بانتظام.   ما هو أفضل زيت للشعر لطفلة؟   أي زيت يحتوي على مكونات طبيعية مثل زيت الزيتون أو زيت اللوز النقي أو زيت جوز الهند مناسب لشعر الاطفال.   نصائح هامة للعناية بشعر طفلك:     لا تغسلي شعر طفلك كل يوم خاصة مع الأطفال حديثي الولادة.   لا يحتاج الطفل إلى غسل الشعر أكثر من مرتين في الأسبوع.   استخدمى شامبو لا يسبب الدموع.    كوني لطيفة عندما  تدلكين فروة رأس طفلك بالشامبو لأن  تدليك فروة الرأس بقوة يمكن أن يؤدي إلى إجهاد بصيلات الشعر وتسريع تساقط الشعر أو تكسره.   مشطي شعر طفلك بفرشاة ناعمة أو مشط واسع الأسنان.   تجنبي ربط الشعر بقوة أو تصفيف الشعر بطريقة تشد الشعر إلى الخلف بشدة ، لأن ذلك قد يؤدي إلى تلف وضعف الشعر.   إذا كان طفلك يحتاج إلى قص الشعر ، فافعل ذلك عندما يكون الطفل مرتاحًا وقم بتجهيز بعض الألعاب لإلهائه.",ماركة: بندولين
329,بيبى جوى | حفاضات للأطفال 6-12كجم ميديم مقاس 3 | 58 قطعة,Babyjoy %D8%AD%D9%81%D8%A7%D8%B6%D8%A7%D8%AA %D9%84%D9%84%D8%A3%D8%B7%D9%81%D8%A7%D9%84 %D9%85%D9%82%D8%A7%D8%B3 %D9%82%D8%B7%D8%B9%D8%A9,385,EGP,بيبي جوي,الأم والطفل>الحفاضات و مستحضرات التغيير,in stock,https://chefaa.com:443/eg-ar/nowProduct/Babyjoy-%D8%AD%D9%81%D8%A7%D8%B6%D8%A7%D8%AA-%D9%84%D9%84%D8%A3%D8%B7%D9%81%D8%A7%D9%84---%D9%85%D9%82%D8%A7%D8%B3-3---58-%D9%82%D8%B7%D8%B9%D8%A9,https://cdn.chefaa.com/filters:format(webp)/public/uploads/products/babyjoy-حفاضات-للأطفال-مقاس-3-58-قطعة-01756815547.png,https://cdn.chefaa.com/filters:format(webp)/public/uploads/products/babyjoy-حفاضات-للأطفال-مقاس-3-58-قطعة-01756815547.png,مميزات المنتج   بيبى جوى | حفاضات للأطفال 6-12كجم ميديم مقاس 3 | 58 قطعة,ماركة: بيبي جوي
31951,بابلز | شفاط أنف للأطفال روز | 1 قطعة,bubbles baby nasal aspirator 8ham,95,EGP,بابلز بيبي,الأم والطفل>الاستحمام,in stock,https://chefaa.com:443/eg-ar/nowProduct/bubbles-baby-nasal-aspirator-8ham,https://cdn.chefaa.com/filters:format(webp)/public/uploads/products/bubbles-baby-nasal-aspirator-8ham-01721237170.png,https://cdn.chefaa.com/filters:format(webp)/public/uploads/products/bubbles-baby-nasal-aspirator-8ham-01721237170.png,مميزات المنتج   بابلز | شفاط أنف للأطفال روز | 1 قطعة,ماركة: بابلز بيبي
5637,بندولين | كريم للشعر للأطفال لترطيب الشعر وفك التشابك | 150جم,penduline kids hair cream,139,EGP,بندولين,الأم والطفل>الاستحمام,in stock,https://chefaa.com:443/eg-ar/nowProduct/penduline-kids-hair-cream-150-gm-ph,https://cdn.chefaa.com/filters:format(webp)/public/uploads/products/16163211831610351748kids-hair-creamjpgtxt,https://cdn.chefaa.com/filters:format(webp)/public/uploads/products/16163211831610351748kids-hair-creamjpgtxt,مميزات المنتج   يتميز كريم بندولين للشعر للأطفال بما يلي: له تركيبة مخصصة للعناية بشعر الأطفال. يرطب الشعر ويحميه من الهيشان والتشابك. غني بالمواد الطبيعية الآمنة على شعر الأطفال. يحافظ على مظهر الشعر الكيرلي. مناسب لجميع أنواع الشعر. خالي من البارابين والسليكون والزيوت المعدنية. يمنح الشعر مظهر لامع وصحي. سعر كريم بندولين للشعر للأطفال مناسب مقارنة بفوائده العديدة.   عن هذا المنتج     مكونات كريم بندولين للشعر للأطفال  يحتوي كريم بندولين للشعر للأطفال على  جل الصبار: يساعد على ترطيب الشعر بعمق.  زيت اللوز الحلو: يرطب الشعر ويحميه من الجفاف والهيشان.  زبدة الكاكاو: تزيد ترطيب الشعر وتحسن ملمسه.  زيت الأرجان: يعالج التقصف وتكسر الشعر ويرطب الشعر بعمق.  زيت الجوجوبا: يعطي الشعر مظهر أكثر صحة ونعومة.  البانثينول: يرطب الشعر ويحافظ على مظهره.  حجم Penduline cream for kids  يتوفر penduline cream for kids بحجم 150 جم.  يوصى باستعمال بندولين كريم للأطفال ل  بندولين كريم للأطفال مناسب لجميع أنواع الشعر فهو يرطب الشعر بعمق ويعالج الهيشان والتقصف، ويكسب الشعر مظهر أكثر صحة ونعومة.,ماركة: بندولين
7590,بيندولين | سيروم الشعر بالمورينجا والأرجان | 120مل,penduline serum 120ml tlyy,475,EGP,بندولين,الأم والطفل>الاستحمام,in stock,https://chefaa.com:443/eg-ar/nowProduct/penduline-serum-120ml-tlyy,https://cdn.chefaa.com/filters:format(webp)/public/uploads/products/1632321327penduline-serum-120ml-chefaajpeg,https://cdn.chefaa.com/filters:format(webp)/public/uploads/products/1632321327penduline-serum-120ml-chefaajpeg,"مميزات المنتج   بندولين سيرم للشعر, أول تركيبة مبتكرة خالية من السيليكون , غني بزيت الأرجان و زيت المورينجا. لا يتراكم على الشعر أو فروة الرأس و يزال بسهولة أثناء غسيل الشعر حتى مع استخدام الشامبوهات الخالية من السلفات و لذلك فهو يحافظ على تنفس بصيلات الشعر ولا يسبب إنسداد المسام أو القشرة أو جفاف الشعر ، يستخدم للتصفيف اليومي للقضاء على هيشان الشعر وتشابكه وإعادة حيويته ولمعانه.",ماركة: بندولين
47244,هيرو بيبي | 8 حبوب و الخضروات مع الحليب | 150جم,hero baby cereal fruit with milk 150gm vq1w_dunxqY9Q,110,EGP,هيرو بيبي,الأم والطفل>طعام الاطفال و مستلزماته,in stock,https://chefaa.com:443/eg-ar/nowProduct/hero-baby-8-cereal-fruit-with-milk-150gm-vq1w_dunxqY9Q,https://cdn.chefaa.com/filters:format(webp)/public/uploads/products/hero-baby-8-cereal-fruit-with-milk-150gm-vq1w-dunxqy9q-01751285073.png,https://cdn.chefaa.com/filters:format(webp)/public/uploads/products/hero-baby-8-cereal-fruit-with-milk-150gm-vq1w-dunxqy9q-01751285073.png,مميزات المنتج   هيرو بيبي | 8 حبوب و الخضروات مع الحليب | 150جم,ماركة: هيرو بيبي
47609,بلانكي | صن سكرين للأطفال مرطب بمعامل حماية من الشمس | 120مل,blankie kids sunscreen spf 150ml zagl_duWzc7Mk,200,EGP,بلانكي,الأم والطفل>الاستحمام,in stock,https://chefaa.com:443/eg-ar/nowProduct/blankie-kids-sunscreen-spf-50-150ml-zagl_duWzc7Mk,https://cdn.chefaa.com/filters:format(webp)/public/uploads/products/blankie-kids-sunscreen-spf-50-150ml-zagl-duwzc7mk-01726563700.png,https://cdn.chefaa.com/filters:format(webp)/public/uploads/products/blankie-kids-sunscreen-spf-50-150ml-zagl-duwzc7mk-01726563700.png,مميزات المنتج   يتميز صن بلوك بلانكي للأطفال بما يلي: يوفر حماية عالية من أشعة الشمس UVA وUVB. له تركيبة مثالية آمنة على بشرة الأطفال. يرطب بشرة الطفل ويحميها من الالتهاب. سريع الامتصاص ولا يسبب الحساسية. خالي من السيليكون والبارابين. سعر blankie صن بلوك مناسب مقارنة بفوائده للبشرة.   عن هذا المنتج     مكونات صن بلوك بلانكي  يحتوي بلانكي كيدز صن بلوك على: أكسيد الزنك: يحمي البشرة من أشعة الشمس الضارة. زبدة الشيا: تساعد على ترطيب وتنعيم البشرة. مستخلص البابونج: يحمي البشرة من الالتهابات والجفاف. زيت جوز الهند: يزيد من نعومة البشرة ويكسبها النضارة. حجم blankie sunblock  يتوفر صن بلوك بلانكي للاطفال بحجم 120 مل. يوصى باستعمال صن بلوك blankie ل: يساعد صن بلوك بلانكي على الحماية من أشعة الشمس ويتميز بأنه آمن على البشرة الأطفال ولا يسبب الحساسية أو الجفاف للبشرة. ما هي مميزات وعيوب صن بلوك بلانكي؟  يتميز صن بلوك بلانكي بتركيبة غنية بالمواد الطبيعية الآمنة على بشرة الأطفال وهو يساعد على الحماية العميقة من أشعة الشمس وكذلك الحماية الالتهابات وجفاف البشرة. أما من جهة العيوب فقد يسبب الحساسية أو التهاب البشرة في حالة فرط الحساسية تجاه أحد المكونات. هل منتجات بلانكي للاطفال جيدة؟ صممت منتجات بلانكي لتناسب بشرة الأطفال الحساسة وتم اختبارها من قبل أطباء الجلدية، وتتميز بأنها خالية من السلفات والسيليكون والبارابين والبارافين ولا تسبب الحساسية. ما هي بلد المنشأ لمنتجات blankie؟ منتجات بلانكي مصرية الصنع. طريقة استخدام  صن بلوك بلانكي:  يوضع على البشرة بكمية مناسبة (١٥-٣٠) دقيقة قبل التعرض للشمس. يكرر وضعه كل ساعتين أو بعد السباحة أو التعرق أو تجفيف المنشفة. يستخدم من عمر سنتين. لجميع أنواع البشرة.,ماركة: بلانكي
47416,هابينس | كريم لعلاج طفح الحفاضات للأطفال | 125جم,happiness baby diaper rash cream 125gm phjk,125,EGP,مقام,الأم والطفل>الحفاضات و مستحضرات التغيير,in stock,https://chefaa.com:443/eg-ar/nowProduct/happiness-baby-diaper-rash-cream-125gm-phjk,https://cdn.chefaa.com/filters:format(webp)/public/uploads/products/happiness-baby-diaper-rash-cream-125gm-vuvs-01726343691.png,https://cdn.chefaa.com/filters:format(webp)/public/uploads/products/happiness-baby-diaper-rash-cream-125gm-vuvs-01726343691.png,مميزات المنتج   هابينس | كريم لعلاج طفح الحفاضات للأطفال | 125جم,ماركة: مقام
45934,بندولين | شاور جل للأطفال بالكاندى | 300مل,penduline shower gel sweets 65ml i9hx_duDeZJi6_du0mEIfk,199,EGP,بندولين,الأم والطفل>الاستحمام,in stock,https://chefaa.com:443/eg-ar/nowProduct/penduline-shower-gel-sweets-65ml-i9hx_duDeZJi6_du0mEIfk,https://cdn.chefaa.com/filters:format(webp)/public/uploads/products/penduline-shower-gel-sweets-65ml-i9hx-dudezji6-01713300609.png,https://cdn.chefaa.com/filters:format(webp)/public/uploads/products/penduline-shower-gel-sweets-65ml-i9hx-dudezji6-01713300609.png,مميزات المنتج   بندولين | شاور جل للأطفال بالكاندى | 300مل,ماركة: بندولين
46330,بيندولين | بلسم كيرلي للاطفال بالشيا | 300مل,penduline curly kids conditioner with shea 300ml murq_dundn7li,190,EGP,بندولين,الأم والطفل>الاستحمام,in stock,https://chefaa.com:443/eg-ar/nowProduct/penduline-curly-kids-conditioner-with-shea-300ml-murq_dundn7li,https://cdn.chefaa.com/filters:format(webp)/public/uploads/products/penduline-curly-kids-conditioner-with-shea-300ml-hdjo-01683666394.png,https://cdn.chefaa.com/filters:format(webp)/public/uploads/products/penduline-curly-kids-conditioner-with-shea-300ml-hdjo-01683666394.png,مميزات المنتج   بيندولين | بلسم كيرلي للاطفال بالشيا | 300مل,ماركة: بندولين
31448,بامبرز | حفاضات بريميوم جامبو سعودى مقاس 5 | 50 قطعه,pampers extra care size5 diapers npk0,490,EGP,بامبرز,الأم والطفل>الحفاضات و مستحضرات التغيير,in stock,https://chefaa.com:443/eg-ar/nowProduct/pampers-extra-care-size5-50-diapers-npk0,https://cdn.chefaa.com/filters:format(webp)/public/uploads/products/pampers-extra-care-size5-50-diapers-5dab-01692266238.png,https://cdn.chefaa.com/filters:format(webp)/public/uploads/products/pampers-extra-care-size5-50-diapers-5dab-01692266238.png,مميزات المنتج   بامبرز | حفاضات بريميوم جامبو سعودى مقاس 5 | 50 قطعه,ماركة: بامبرز
46139,هابينيس | زيت اطاله شعر الاطفال | 120مل,happiness kids hair oil 120ml tpc2_duvYy0un,235,EGP,مقام,الأم والطفل>الاستحمام,in stock,https://chefaa.com:443/eg-ar/nowProduct/happiness-kids-hair-oil-120ml-tpc2_duvYy0un,https://cdn.chefaa.com/filters:format(webp)/public/uploads/products/happiness-kids-hair-oil-120ml-ptri-01684768440.png,https://cdn.chefaa.com/filters:format(webp)/public/uploads/products/happiness-kids-hair-oil-120ml-ptri-01684768440.png,مميزات المنتج   هابينيس | زيت اطاله شعر الاطفال | 120مل,ماركة: مقام
62612,مولفيكس | حفاضات أطفال بريميوم اكسجين مقاس 5 | 56قطعة,molfix premium oxygen size piece BOXc,435,EGP,مولفيكس,الأم والطفل>الحفاضات و مستحضرات التغيير,in stock,https://chefaa.com:443/eg-ar/nowProduct/molfix-premium-oxygen-size-5-56-piece-BOXc,https://cdn.chefaa.com/filters:format(webp)/public/uploads/products/molfix-premium-oxygen-size-5-56-piece-boxc-01756169388.png,https://cdn.chefaa.com/filters:format(webp)/public/uploads/products/molfix-premium-oxygen-size-5-56-piece-boxc-01756169388.png,مميزات المنتج   مولفيكس | حفاضات أطفال بريميوم اكسجين مقاس 5 | 56قطعة,ماركة: مولفيكس
31450,بامبرز | بريميوم عناية فائقة مقاس 6 حفاضات | 38 قطعة,pampers premium extra care size diapers diapers likf,515,EGP,بامبرز,الأم والطفل>الحفاضات و مستحضرات التغيير,in stock,https://chefaa.com:443/eg-ar/nowProduct/pampers-premium-extra-care-size-6-diapers-38-diapers-likf,https://cdn.chefaa.com/filters:format(webp)/public/uploads/products/pampers-premium-extra-care-size-6-diapers-38-diapers-likf-01721217657.png,https://cdn.chefaa.com/filters:format(webp)/public/uploads/products/pampers-premium-extra-care-size-6-diapers-38-diapers-likf-01721217657.png,مميزات المنتج   بامبرز | بريميوم عناية فائقة مقاس 6 حفاضات | 38 قطعة,ماركة: بامبرز
52270,كيلاتوب كريم مهدئ للبشرة | 50جم,kelatop soothing hydrating restoring body cream parabens free sulfate frees3HT,65,EGP,No Brand,الأم والطفل>الحفاضات و مستحضرات التغيير,in stock,https://chefaa.com:443/eg-ar/nowProduct/kelatop-soothing-hydrating--restoring-body-cream--parabens-free-sulfate-frees3HT,https://cdn.chefaa.com/filters:format(webp)/public/uploads/products/kelatop-soothing-hydrating-restoring-body-cream-parabens-free-sulfate-frees3ht-01734951193.png,https://cdn.chefaa.com/filters:format(webp)/public/uploads/products/kelatop-soothing-hydrating-restoring-body-cream-parabens-free-sulfate-frees3ht-01734951193.png,مميزات المنتج   كيلاتوب كريم مهدئ للبشرة | 50جم   عن هذا المنتج     كريم كيلاتوب هو الأول من نوعه في السوق المصري الذي يحارب التهابات الجلد والعدوى بقوة (بديل الكورتيزون طبيعي المصدر) فهو لا يضعف مناعة الجلد ولا يسبب تكرار الإصابة مثل الكورتيزون الصناعي.  كريم كيلاتوب خالٍ من الكورتيزون، ولكن له نفس فعالية المنتجات التي تحتوي على الكورتيزون (كعامل سريع وقوي مضاد للالتهابات). يحتوي كريم كيلاتوب على 27 مكونًا نشطًا يعمل (كمضاد للبكتيريا والفطريات).,raw_specs: المواصفات
2788,بامبرز | حفاضات بيبي دراي كبير 9-18كجم مقاس 4 | 58 قطعة,pampers baby dry diapers size maxi diapers,440,EGP,بامبرز,الأم والطفل>الحفاضات و مستحضرات التغيير,in stock,https://chefaa.com:443/eg-ar/nowProduct/pampers-baby-dry-diapers-size-4-maxi-9-18-kg-58-diapers,https://cdn.chefaa.com/filters:format(webp)/public/uploads/products/pampers-baby-dry-diapers-size-4-maxi-9-18-kg-58-diapers-11692259894.png,https://cdn.chefaa.com/filters:format(webp)/public/uploads/products/pampers-baby-dry-diapers-size-4-maxi-9-18-kg-58-diapers-11692259894.png,مميزات المنتج   ناعمة كالحرير: حفاضات مصنوعة من مواد ناعمة تلتف حول بشرة طفلك بلطف لتمنحه احساسًا بالنعومة. قنوات امتصاص إضافية: تقوم بتوزيع البلل بشكل متساوي للحفاظ على جفاف بشرة طفلك حتى 13 ساعة. مؤشر البلل: يساعدك على معرفة الوقت المناسب لتغيير الحفاض، حيث أن هذا المؤشر يتحول إلى اللون الأزرق لمعرفة متى يقوم طفلك بالتبول في الحفاض.   حفاضات مناسبة لمنطقة الحبل السري: تضمن ارتداءً مريحًا لتحمي منطقة السرة. قنوات هوائية : تسمح بتدفق الهواء إلى بشرة الطفل لضمان الحفاظ على بشرته جافة. طبقة من اللوشن المرطب: تحافظ على بشرة طفلك جافة وتمنع حدوث أي التهابات.,ماركة: بامبرز
31443,بامبرز | حفاضات بانتس جامبو لحماية فائقة من التسرب مقاس 3 | 58 قطعة,pampers pants jumbo diapers size 58diapers 0cae,450,EGP,بامبرز,الأم والطفل>الحفاضات و مستحضرات التغيير,in stock,https://chefaa.com:443/eg-ar/nowProduct/pampers-pants-jumbo-diapers-size-3-58diapers-0cae,https://cdn.chefaa.com/filters:format(webp)/public/uploads/products/pampers-pants-jumbo-diapers-size-3-58diapers-whgn-01692261853.png,https://cdn.chefaa.com/filters:format(webp)/public/uploads/products/pampers-pants-jumbo-diapers-size-3-58diapers-whgn-01692261853.png,مميزات المنتج   بامبرز | حفاضات بانتس جامبو لحماية فائقة من التسرب مقاس 3 | 58 قطعة,ماركة: بامبرز
55972,نيستوجن | حليب للأطفال 1 بالحديد | 400جم,nestogen infant milk with iron gmdRKP,255,EGP,نيسلا,الأم والطفل>طعام الاطفال و مستلزماته,in stock,https://chefaa.com:443/eg-ar/nowProduct/nestogen-infant-milk-1-with-iron-400-gmdRKP,https://cdn.chefaa.com/filters:format(webp)/public/uploads/products/nestogen-infant-milk-1-with-iron-400-gmdrkp-01734794381.png,https://cdn.chefaa.com/filters:format(webp)/public/uploads/products/nestogen-infant-milk-1-with-iron-400-gmdrkp-01734794381.png,مميزات المنتج   نيستوجن | حليب للأطفال 1 بالحديد | 400جم,ماركة: نيسلا
670,اس26 | برو جولد مرحلة 1 لبن اطفال | 400جم,pro gold milk,370,EGP,نيسلا,الأم والطفل>طعام الاطفال و مستلزماته,in stock,https://chefaa.com:443/eg-ar/nowProduct/s-26-pro-gold-1-milk-400-gm,https://cdn.chefaa.com/filters:format(webp)/public/uploads/products/s-26-pro-gold-1-milk-400-gm-01726146262.png,https://cdn.chefaa.com/filters:format(webp)/public/uploads/products/s-26-pro-gold-1-milk-400-gm-01726146262.png,مميزات المنتج   مخصص للأطفال منذ الولادة إلى عمر ٦ أشهر. يحتوي على حليب الأبقار بالإضافة إلى العديد من البروتينات والأحماض الأمينية والدهنية والزيوت الطبيعية والنيوكليوتيدات ومضادات الأكسدة ومجموعة من الفيتامينات والمعادن.,ماركة: نيسلا
55046,ديرما اكتيف | شامبو لطيف للأطفال | 250مل,dermactive baby gentle shampo 250mlUfa1,169,EGP,ديرما اكتيف,الأم والطفل>الاستحمام,in stock,https://chefaa.com:443/eg-ar/nowProduct/dermactive-baby-gentle-shampo-250mlUfa1,https://cdn.chefaa.com/filters:format(webp)/public/uploads/products/dermactive-baby-gentle-shampo-250mlufa1-01733096965.png,https://cdn.chefaa.com/filters:format(webp)/public/uploads/products/dermactive-baby-gentle-shampo-250mlufa1-01733096965.png,مميزات المنتج   ديرما اكتيف | شامبو لطيف للأطفال | 250مل,ماركة: ديرما اكتيف
5540,جونسون | دريم كولونيا للاطفال البنفسجي | 100مل,johnsons cologne dream 100ml,140,EGP,جونسون,الأم والطفل>الاستحمام,in stock,https://chefaa.com:443/eg-ar/nowProduct/johnsons-cologne-dream-100ml-ph,https://cdn.chefaa.com/filters:format(webp)/public/uploads/products/johnsons-cologne-dream-100ml-ph-01724319253.png,https://cdn.chefaa.com/filters:format(webp)/public/uploads/products/johnsons-cologne-dream-100ml-ph-01724319253.png,مميزات المنتج   جونسون | دريم كولونيا للاطفال البنفسجي | 100مل   عن هذا المنتج     مكونات كولونيا جونسون البنفسجي تحتوي كولونيا اطفال جونسون على: زيت الخروع: يكسب البشرة النعومة والترطيب. عطر: يعطي إحساساً بالانتعاش والنظافة. سعر كولونيا جونسون للاطفال البنفسجي سعر كولونيا جونسون البنفسجي هو 135 جنيه. حجم كولونيا جونسون الموف باللافندر تتوافر كولونيا جونسون باللافندر بحجم 100 مل. يوصى باستعمال كولونيا جونسون للاطفال برفان جونسون للاطفال مناسب لبشرة الأطفال الحساسة والرقيقة فهي تتميز بتركيبة لطيفة وآمنة على البشرة، ويمكن استخدامها للحفاظ على رائحة طفلك جميلة ومميزة. ما هى أنواع كولونيا جونسون ؟ كولونيا جونسون البنفسجى باللافندر. كولونيا جونسون بالليمون (كولونيا جونسون الاصفر). جونسون كولونيا للاطفال ندى الصباح (كولونيا بيبي جونسون الزرقاء).,ماركة: جونسون
28951,بلانكي | زيت اطفال | 100مل,blankie baby oil 100ml 4l9a,150,EGP,بلانكي,الأم والطفل>الاستحمام,in stock,https://chefaa.com:443/eg-ar/nowProduct/blankie-baby-oil-100ml-4l9a,https://cdn.chefaa.com/filters:format(webp)/public/uploads/products/blankie-baby-oil-100ml-4l9a-01720448900.png,https://cdn.chefaa.com/filters:format(webp)/public/uploads/products/blankie-baby-oil-100ml-4l9a-01720448900.png,مميزات المنتج   بلانكي | زيت اطفال | 100مل,ماركة: بلانكي
21265,مولفيكس | حفاضات بانتس أطفال جونيور مقاس 5 | 58 قطعة,molfix diapers pants juniorjumbo pieces size gmyu,460,EGP,مولفيكس,الأم والطفل>الحفاضات و مستحضرات التغيير,in stock,https://chefaa.com:443/eg-ar/nowProduct/molfix-diapers-pants-juniorjumbo-52-pieces-size-5-gmyu,https://cdn.chefaa.com/filters:format(webp)/public/uploads/products/molfix-diapers-pants-juniorjumbo-52-pieces-size-5-gmyu-01699206727.png,https://cdn.chefaa.com/filters:format(webp)/public/uploads/products/molfix-diapers-pants-juniorjumbo-52-pieces-size-5-gmyu-01699206727.png,مميزات المنتج   مولفيكس | حفاضات بانتس أطفال جونيور مقاس 5 | 58 قطعة,ماركة: مولفيكس
23014,بامبرز | حفاضات بريميوم كير مقاس 4 كبير العبوة الجامبو | 44 قطعة,pampers premium care size maxi jumbo pack diaper pants stjw,520,EGP,بامبرز,الأم والطفل>الحفاضات و مستحضرات التغيير,in stock,https://chefaa.com:443/eg-ar/nowProduct/pampers-premium-care-size-4-maxi-jumbo-pack-44-diaper-pants-stjw,https://cdn.chefaa.com/filters:format(webp)/public/uploads/products/pampers-premium-care-size-4-maxi-jumbo-pack-44-diaper-pants-so8n-01663507048.png,https://cdn.chefaa.com/filters:format(webp)/public/uploads/products/pampers-premium-care-size-4-maxi-jumbo-pack-44-diaper-pants-so8n-01663507048.png,مميزات المنتج   بامبرز | حفاضات بريميوم كير مقاس 4 كبير العبوة الجامبو | 44 قطعة,ماركة: بامبرز
5639,بندولين | شامبو للأطفال | 250مل,penduline shampoo,189,EGP,بندولين,الأم والطفل>الاستحمام,in stock,https://chefaa.com:443/eg-ar/nowProduct/penduline-shampoo-250-ml-ph,https://cdn.chefaa.com/filters:format(webp)/public/uploads/products/16163215681610351475shampoojpgtxt,https://cdn.chefaa.com/filters:format(webp)/public/uploads/products/16163215681610351475shampoojpgtxt,"مميزات المنتج   بندولين | شامبو للأطفال | 250مل   عن هذا المنتج     مكونات شامبو بندولين للأطفال زيت الأرجان : غني بفيتامين هـ ويعمل كمرطب للشعر ويمنع جفافه ويقلل من التجعد زيت الجوجوبا : يرطب ويغذي الشعر ويعزز من نموه البروتين ( الكيراتين ) : يرطب الشعر ويغذيه ويحافظ على نعومته البانثينول : يحافظ على الشعر رطب ويمنع جفافه مميزات شامبو بندولين كيدز خالي من أملاح الصوديوم والبارابين والسلفات  لا يحتوى على أي كحول أو ألوان آمن للأطفال تركيبة طبيعية 100% ينظف فروة الشعر بلطف  طريقة استعمال penduline kids shampoo يُشطف الشعر بالماء الدافىء ضع كمية من الشامبو بين يديك  دلك  فروة الشعر بالشامبو بلطف بحركات دائرية اشطف فروة الشعر جيداً وتأكد من إزالة الشامبو تماماً  حجم penduline shampoo يتوافر بندولين أفضل نوع شامبو للأطفال بحجم 250 مل سعر شامبو بندولين كيدز   سعر المنتج حوالي  120 جنيه مصرى "" قد يتغير السعر من مكان لآخر ومن وقت لآخر "" ما عيوب شامبو بندولين ؟ شامبو بندولين يتميز بتركيبة طبيعية آمن للاستخدام للأطفال فهو خالى من المواد الكيميائية الضارة ومعظم الأمهات اللاتى استخدمن شامبو penduline لأطفالهم كانت تجربتهن جيدة ولم يسبب الشامبو أى مشاكل لأطفالهم  ما أفضل شامبو للأطفال لتنعيم الشعر ؟ سيباميد أفضل شامبو للأطفال ينعم موستيلا أفضل أنواع شامبو للأطفال  سانوسان شامبو  شامبو سيتافيل هيمالايا شامبو للأطفال ما أفضل زيت شعر للأطفال ؟ زيت بندولين للأطفال زيت فلاينس للأطفال زيت دابر أملا الطريقة الصحيحة لغسل الشعر : ترطيب الشعر قبل غسله  تحتوي معظم أنواع الشامبو على مكونات قد تسبب إزالة الزيوت الطبيعية المرطبة لبصيلات الشعر، ويساعد ترطيب الشعر بالزيت قبل غسله في تجنب هذه المشكلة. قومى بوضع بعض قطرات من زيت الشعر (يمكنك استخدام زيت جوز الهند أو الزيتون أو الأرجان ) على فروة الرأس وتدليكها قبل غسل الشعر بحوالى 2 إلى 3 ساعات فك تشابك الشعر قبل غسله من الصعب فك تشابك الشعر عندما يكون مبللاً ،كما أن الشعر المبلل ضعيف وأكثر هشاشة ويمكن أن يتكسر بسهولة. شطف الشعر جيداً اشطفي الشعر جيدًا لمدة دقيقة قبل وضع الشامبو ، واستخدمي الماء الفاتر أو الدافئ  لأن الماء الساخن يمكن أن يسبب جفاف الشعر وقد يتسبب في تلف الشعر وحرق فروة الرأس تخفيف الشامبو قومى بتخفيف الشامبو عن طريق خلطه بالماء لأن الشامبو يمكن أن يحتوي على مواد كيميائية قاسية ، وبتخفيفه سيقل ضرر هذه المواد  على الشعر  تدليك الشعر بالشامبو دلكي الشامبو على فروة الرأس  بأصابعك في حركات دائرية لعدة دقائق ، فهذا يساعد على تنشيط وتقشير فروة رأسك. شطف الشعر جيداً لإزالة الشامبو اشطفي الشعر جيدًا بالماء الدافئ للتخلص من أى بقايا للشامبو ترطيب الشعر بالبلسم بعد غسله  بعد تدليك الشعر بالشامبو وشطفه جيداً ، رطبى شعرك بالبلسم ويمكنك بعد ذلك شطفه خلال 5 دقائق أو ترك البلسم على شعرك لفترة أطول قليلاً ، حسب التعليمات. "" تجنبى وضع البلسم على فروة الرأس "" "" اشطفى شعرك من البلسم جيداً لأن أي بقايا منه يمكن أن تضر بشعرك وتجعله يبدو باهتًا "" اشطفي شعرك بالماء البارد اشطفي شعرك بالماء البارد. إذا كان ذلك ممكنًاً حيث يساعد شطف الشعر بالماء البارد أو العادي فى الحفاظ على رطوبة بصيلات الشعر تجفيف الشعر  يفضل دائمًا تجفيف الشعر بالمنشفة بلطف لأن تجفيف الشعر بالمنشفة بقوة يمكن أن يسبب ضررًا شديدًا بالشعر ويجعله يبدو باهتًا للغاية. ويمكنك  ايضاً بدلاً من ذلك محاولة عصر الماء الزائد من الشعر بلطف أو ترك الشعر يجف من تلقاء نفسه.",ماركة: بندولين
5620,بندولين | حمام كريم للاطفال بزبدة الشيا | 300جم,penduline kids hair mask,199,EGP,بندولين,الأم والطفل>الاستحمام,in stock,https://chefaa.com:443/eg-ar/nowProduct/penduline-kids-hair-mask-ph,https://cdn.chefaa.com/filters:format(webp)/public/uploads/products/16163168671610802206mask-creamjpgtxt,https://cdn.chefaa.com/filters:format(webp)/public/uploads/products/16163168671610802206mask-creamjpgtxt,"مميزات المنتج   يتميز حمام كريم بندولين للاطفال بما يلي: له تركيبة طبيعية تماماً وآمنة على الشعر. يغذي الشعر ويساعد على الترطيب العميق. يساعد على إصلاح الشعر التالف والمجهد. يمكن استخدامه للأطفال والكبار. يكسب الشعر المزيد من النعومة واللمعان. سعر حمام كريم بندولين بالشيا مناسب مقارنة بفوائده العديدة للشعر.   عن هذا المنتج       مكونات حمام كريم بندولين فيتامين هـ : له خصائص مضادة للأكسدة ويحفز نمو الشعر  البانثينول : يساعد فى ترطيب الشعر ومنحه اللمعان والقوة والنعومة  زيت الأرجان : يرطب بصيلات الشعر ويمنحه اللمعان زيت الجوجوبا : يحمى الشعر من الجفاف والتكسر والتقصف ويقوي الشعر ويمنع تساقطه زيت القرع : غنى بأحماض أوميغا ٣ والأحماض الدهنية الأساسية، والزنك، وفيتامين E، فيتامين K والتى تغذي الشعر وتعزز كثافة الشعر وقوته  زيت نخالة الأرز  الكيراتين :  يجعل الشعر أقل تجعدًا وأسهل في التصفيف وأكثر نعومة الشيا :  لها خصائص مضادة للالتهابات وتساعد في تقليل الاحمرار وتهيج فروة الرأس فوائد حمام كريم بندولين للشعر الهايش يمنح الشعر اللمعان والنعومة يرطب الشعر يحمي الشعر من التساقط والتلف  يغذي الشعر ويقويه طريقة استعمال بندولين حمام كريم إذا كان الشعر طويلًا أو سميكًا ، فقومى بتقسيمه إلى أقسام بمشابك الشعر. ضعى الكريم على الشعر  إذا كان الشعر جافًا ، ابدئي بوضع الكريم بالقرب من فروة رأسك ثم باتجاه الأطراف.  إذا كان الشعر دهنيًا ، ابدئي بوضع الكريم من منتصف الشعر ثم باتجاه الأطراف. بمجرد الانتهاء من وضع الكريم ، مرري مشطًا واسع الأسنان على شعرك للمساعدة في ضمان توزيع الكريم بالتساوي. غطي الشعر بقبعة استحمام أو غلاف بلاستيكي. ثم لف منشفة حول الرأس اتركي الكريم لمدة 20 إلى 30 دقيقة على الأقل. اشطفي الشعر جيدًا بالماء الفاتر أو البارد وتجنبى الماء الساخن.  بعد شطف الشعر ،قومى بتجفيف شعرك جيداً للشعر الجاف أو المجعد أو التالف ، يمكنك استخدام حمام الكريم مرة واحدة في الأسبوع، إذا كان شعرك يميل إلى أن يكون أكثر دهنية ، جربي استخدام حمام الكريم مرة كل أسبوعين. حجم penduline hair mask يتوفر حمام كريم بندولين بزبدة الشيا بحجم 300 جم. يوصى باستعمال حمام كريم بندولين بزبدة الشيا ل: بندولين حمام كريم مناسب للأطفال والكبار إذ يساعد على تغذية وترطيب الشعر وكذلك له دور في إصلاح الشعر التالف والمجهد ويحمي الشعر من التقصف والهيشان. سعر حمام كريم بندولين للشعر الطويل  سعر penduline hair mask حوالي  150 جنيه مصرى "" قد يتغير السعر من مكان لآخر ومن وقت لآخر "" أنواع منتجات بندولين للعنايه بالشعر شامبو بندولين كريم بندولين بالشيا  كريم بندولين كيدز حمام كريم بندولين للشعر زيت بندولين للأطفال زيت بندولين بلس للشعر هل من الضروري استخدام حمام الكريم للشعر ؟ ليست كل أنواع الشعر يناسبها استخدام حمام الكريم حيث يعتقد خبراء العناية بالشعر أن أولئك الذين لديهم شعر مجعد أو باهت أو جاف هم من يحتاجون إليه بشدة ، ويوصى أيضاً باستخدمه إذا كنت بحاجة إلى إضافة المزيد من الرطوبة إلى الشعر لتسهيل تصفيفه ما هى كيفية استخدام حمام كريم بندولين ؟ يغسل الشعر باستخدام الشامبو المناسب، ثم يوزع الكريم على الشعر جيداً ويترك لمدة ربع أو نصف ساعة ثم يشطف الشعر بالماء الفاتر. ما هى فوائد حمام كريم بندولين بزبدة الشيا ؟   يساعد حمام كريم بندولين على ترطيب الشعر بعمق وحمايته من التساقط، وكذلك يحمي الشعر من الهيشان والتلف ويكسبه المزيد من النعومة والحيوية. ما أفضل حمام كريم للشعر الهايش للاطفال؟ حمام كريم بيو سوفت. حمام كريم كانتو. حمام كريم بندولين. حمام كريم ريو. ما أفضل حمام كريم للشعر ؟ هناك العديد من أنواع حمام الكريم للشعر في الأسواق من ماركات مختلفة و بتركيبات مختلفة.  مما قد يجعل من الصعب اختيار حمام الكريم المناسب لك نادرًا ما يكون طول الشعر عاملاً عند اختيار حمام الكريم ، لذا توقفى عن الحيرة بشأن حمام الكريم الذي يناسب الشعر الطويل أو القصير ،وبدلاً من ذلك ، ركزي على ملمس الشعر لأن حمامات الكريم للشعر الرقيق ليست مثل حمامات الكريم المخصصة للشعر الكثيف.  بالنسبة للشعر الجاف الكثيف ، ركزي على التركيبات التي تزيد من رطوبة بصيلات الشعر حتى تبدو أكثر نعومة ولمعاناً.  هناك أيضًا حمامات الكريم المصممة للشعر المصبوغ وهذا النوع من حمامات الكريم له فوائد إضافية تتمثل في الحفاظ على لون الشعر ، ومنع تلاشي اللون بسرعة ومن أفضل أنواع حمام الكريم للشعر الجاف : فاشكول حمام كريم  ايفرى ستراند حمام كريم حمام كريم للشعر بيوبوينت لوفيا حمام كريم لاكمي تكنيا ديب كير حمام كريم ريو حمام كريم للأطفال بندولين حمام كريم للأطفال",ماركة: بندولين
3007,بامبرز | حفاظات بيبي بانتس مقاس 6 | 48 قطعة,pampers baby pants diapers size pcs mnsin,450,EGP,بامبرز,الأم والطفل>الحفاضات و مستحضرات التغيير,in stock,https://chefaa.com:443/eg-ar/nowProduct/pampers-baby-pants-diapers-size-6-48-pcs-mnsin,https://cdn.chefaa.com/filters:format(webp)/public/uploads/products/1594797348received-328924178106926jpeg,https://cdn.chefaa.com/filters:format(webp)/public/uploads/products/1594797348received-328924178106926jpeg,مميزات المنتج   بامبرز | حفاظات بيبي بانتس مقاس 6 | 48 قطعة,ماركة: بامبرز
46140,هابينيس | اسبراي فك تشابك لاطفال | 150مل,happiness kids detangling spray 150ml mu7o_dubxYbmY,180,EGP,مقام,الأم والطفل>الاستحمام,in stock,https://chefaa.com:443/eg-ar/nowProduct/happiness-kids-detangling-spray-150ml-mu7o_dubxYbmY,https://cdn.chefaa.com/filters:format(webp)/public/uploads/products/happiness-kids-detangling-spray-150ml-5jdk-01684770077.png,https://cdn.chefaa.com/filters:format(webp)/public/uploads/products/happiness-kids-detangling-spray-150ml-5jdk-01684770077.png,مميزات المنتج   هابينيس | اسبراي فك تشابك لاطفال | 150مل,ماركة: مقام
21100,بامبرز | حفاضات كلوت عناية مميزة مقاس 6 كبير جدًا 16+ كجم عبوة جامبو | 36 قطعة,pampers diapers premium care size extra large jumbo pack pcs kxwk,536,EGP,بامبرز,الأم والطفل>الحفاضات و مستحضرات التغيير,in stock,https://chefaa.com:443/eg-ar/nowProduct/pampers-diapers-premium-care-size-6-extra-large-16-kg-jumbo-pack-36-pcs-kxwk,https://cdn.chefaa.com/filters:format(webp)/public/uploads/products/pampers-diapers-premium-care-size-6-extra-large-16-kg-jumbo-pack-36-pcs-xhda-01656206431.png,https://cdn.chefaa.com/filters:format(webp)/public/uploads/products/pampers-diapers-premium-care-size-6-extra-large-16-kg-jumbo-pack-36-pcs-xhda-01656206431.png,مميزات المنتج   بامبرز | حفاضات كلوت عناية مميزة مقاس 6 كبير جدًا 16+ كجم عبوة جامبو | 36 قطعة,ماركة: بامبرز
5583,بندولين | كيدز كريم مرطب للشعر الويفي والكيرلي بخلاصة المشمش | 150مل,penduline wavy hair cream,169,EGP,بندولين,الأم والطفل>الاستحمام,in stock,https://chefaa.com:443/eg-ar/nowProduct/penduline-wavy-hair-cream-150-ml,https://cdn.chefaa.com/filters:format(webp)/public/uploads/products/16160601156772504641167jpg,https://cdn.chefaa.com/filters:format(webp)/public/uploads/products/16160601156772504641167jpg,مميزات المنتج   بندولين | كيدز كريم مرطب للشعر الويفي والكيرلي بخلاصة المشمش | 150مل   عن هذا المنتج     مكونات بندولين كريم الشعر الويفي:     الماء.   زيت الجوجوبا.   زيت جوز الهند.   زيت الأرجان.   زيت بذرة المشمش.   زيت عباد الشمس.   فيتامين هـ.   زيت المورينجا.   بانثينول.    جليسيرين.   حمض ستياريك.   بروتينات القمح.     مميزات كريم الشعر الويفي من بندولين:     يمتاز باحتوائه على تركيبة مخصصة للشعر الكيرلي تساعد على ترطيبه والحصول على تموجات ومظهر أكثر جاذبية.   يعمل على تقليل تشابك الشعر وتسهيل تصفيفه.   يعمل على علاج التلف وتقليل هيشان الشعر.   يساعد على تغذية الشعر.   يتميز أنه لا يترك أي أثر دهني على الشعر وذلك لاحتوائه على تركيبة خفيفة غير زيتية.   مناسب للأطفال بداية من عمر عام.   مناسب للكبار.   طبيعى 100% وخالى تماماً من الزيوت المعدنية والفازلين والسلفات والسيليكون والكحول.   لا يحتوي على بروتين لكي يناسب طبيعة الشعر الحساسة للبروتين.   تم اختباره من قبل أطباء الجلدية والأطفال.     حجم Penduline Wavy Hair Cream:     يتوفر بحجم 150 مل.     يوصي به:   الكريم مناسب للشعر الويفي والكيرلي والشعر الحساس للبروتين حيث يعمل على ترطيب الشعر وتقليل الهيشان والتقصف.,ماركة: بندولين
7591,بندولين | شامبو للأطفال للشعر الكيرلي والمجعد | 300مل,penduline curly shampoo 300ml asvg,189,EGP,بندولين,الأم والطفل>الاستحمام,in stock,https://chefaa.com:443/eg-ar/nowProduct/penduline-curly-shampoo-300ml-asvg,https://cdn.chefaa.com/filters:format(webp)/public/uploads/products/1632321714penduline-curly-shampoo-300ml-chefaajpeg,https://cdn.chefaa.com/filters:format(webp)/public/uploads/products/1632321714penduline-curly-shampoo-300ml-chefaajpeg,مميزات المنتج   بندولين | شامبو للأطفال للشعر الكيرلي والمجعد | 300مل   عن هذا المنتج     مكونات بندولين شامبو للشعر الكيرلي:     زيت بذور العنب.   زيت الأرجان.   زيت الجوجوبا.   زيت عباد الشمس.     مميزات شامبو بندولين للشعر الكيرلي:     يعمل على تنظيف فروة الرأس والشعر الكيرلي والمجعد.   يعمل على تنعيم وتلبية متطلبات الشعر الكيرلي.   يعمل على تغذية الشعر وفروة الرأس.   يًكشب الشعر الكيرلي مظهر صحي ولامع.   لا يسبب جفاف الشعر.   يحتوي على تركيبة خفيفة لا تسبب الدموع.   مناسب للأطفال والكبار.   لا يحتوي على بروتين لكي يناسب طبيعة الشعر الحساسة للبروتين.   خالي من السلفات والسيليكون والبارابين والزيوت المعدنية.   تم اختباره من قبل أطباء الجلدية والأطفال.     حجم Penduline Curly Shampoo:     يتوفر بحجم 300 مل.     يوصي به:   الشامبو مناسب للأطفال والكبار للعناية بالشعر الكيرلي والمجعد حيث يعمل على تنظيف الشعر بلطف وإكسابه مظهر صحي ولامع.,ماركة: بندولين
5816,جونسون | بلسم لا تشابك بعد اليوم الأطفال | 200مل,johnsons more tangles kids conditioner 200ml snts,110,EGP,جونسون,الأم والطفل>الاستحمام,in stock,https://chefaa.com:443/eg-ar/nowProduct/johnsons-no-more-tangles-kids-conditioner-200ml-snts,https://cdn.chefaa.com/filters:format(webp)/public/uploads/products/johnsons-no-more-tangles-kids-conditioner-200ml-snts-01662562066.png,https://cdn.chefaa.com/filters:format(webp)/public/uploads/products/johnsons-no-more-tangles-kids-conditioner-200ml-snts-01662562066.png,مميزات المنتج   جونسون | بلسم لا تشابك بعد اليوم الأطفال | 200مل,ماركة: جونسون
5627,جونسون | بلسم للاطفال لترطيب وفك تشابك الشعر | 300مل,johnson baby conditioner 300ml,105,EGP,جونسون,الأم والطفل>الاستحمام,in stock,https://chefaa.com:443/eg-ar/nowProduct/johnson-baby-conditioner-300ml-ph,https://cdn.chefaa.com/filters:format(webp)/public/uploads/products/johnson-baby-conditioner-300ml-ph-01724319139.png,https://cdn.chefaa.com/filters:format(webp)/public/uploads/products/johnson-baby-conditioner-300ml-ph-01724319139.png,"مميزات المنتج   جونسون | بلسم للاطفال لترطيب وفك تشابك الشعر | 300مل   عن هذا المنتج     مكونات بلسم جونسون الجديد  يحتوى البلسم على عدة مكونات مثل :  الماء   كحول سيتريل   الجلسرين  عطر  حمض الستريك   بانثينول  غلوكونات النحاس   طريقة استخدام بلسم جونسون للأطفال  بعد غسل شعر الطفل بالشامبو ، ضعي كمية صغيرة من البلسم في راحة يدك ثم قومى بوضع البلسم على أطراف الشعر ثم اشطفى شعر طفلك جيداً وجففيه بلطف  طريقة استخدام بلسم بخاخ جونسون  بعد غسل شعرك بالشامبو ، استخدمي كمية البلسم الموصى بها على الزجاجة ووزعيه بالتساوي على أطراف الشعر ثم مرري أصابعك أو مشطًا واسع الأسنان على أطراف شعرك لتوزيع البلسم   حجم johnson baby conditioner  يتوافر بلسم بيبي جونسون بحجم ١٠٠ مل و٢٠٠ مل و٣٠٠ مل و٤٠٠ مل و٥٠٠ مل  سعر بلسم جونسون    يتراوح سعر المنتج  من 75 الى 125 جنيه مصرى  "" قد يتغير السعر من مكان لآخر ومن وقت لآخر ""  أنواع  بلسم جونسون للأطفال  بلسم فائق الترطيب من جونسون  يتميز بتركيبة من البروتين وفيتامين ب٥ الذى يساعد على ترطيب وتقوية شعر الطفل   بلسم جونسون لا تشابك بعد اليوم  يعمل بلسم جونسون الأخضر على فك تشابك الشعر بلطف للحصول على شعر سهل التصفيف دون عناء ويتوافر منه نوعين بلسم جونسون الأخضر لا يغسل بالماء و بلسم جونسون يُغسل بالماء  سترنث دروبس بلسم مقوي للشعر بفيتامين هـ  بلسم لترطيب الشعر وتنعيمه يساعد على منع التكسر وتحتوي تركيبته على نخالة القمح وفيتامين هـ ، وهو مصممة خصيصًا لتكون لطيفة على شعر الطفل الصغير.  بلسم جونسون القطرات اللامعه  بخاخ بلسم جونسون للأطفال بزيت الأرغان وبروتينات الحرير ليمنح شعر طفلك اللمعان والنعومة التي تدوم طويلاً.  بلسم جونسون يترك على الشعر   بلسم جونسون بدون غسيل للشعر المجعد يحتوى على تركيبة من زبدة الشيا يعمل على ترطيب شعر  الطفل  بلسم جونسون الأصفر  بلسم الأطفال لترطيب وفك تشابك الشعر مما يجعله سهل التمشيط ويجعله أكثر نعومة ولمعان وذو رائحة منعشة  هل ينفع بلسم جونسون للشعر الجاف ؟  أجل البلسم مناسب للشعر الجاف فهو فعال فى ترطيب الشعر وجعله أكثر نعومة ولمعان  ما هي أضرار بلسم جونسون ؟  البلسم آمن ولا يسبب مشاكل للأطفال  ما هي فوائد البلسم للشعر ؟  البلسم يجعل الشعر أنعم وأسهل في التحكم. كما أنه يحمي خصلات الشعر من التلف",ماركة: جونسون
47867,كواليتا | مناديل مبلله بغطاء بزيت الزيتون | 80 قطعة,qualita baby wipes wipes srdh_duZtLayX,65,EGP,كواليتا,الأم والطفل>الحفاضات و مستحضرات التغيير,in stock,https://chefaa.com:443/eg-ar/nowProduct/qualita-baby-wipes-72-wipes-srdh_duZtLayX,https://cdn.chefaa.com/filters:format(webp)/public/uploads/products/qualita-baby-wipes-72-wipes-srdh-duztlayx-01726923238.png,https://cdn.chefaa.com/filters:format(webp)/public/uploads/products/qualita-baby-wipes-72-wipes-srdh-duztlayx-01726923238.png,مميزات المنتج   كواليتا | مناديل مبلله بغطاء بزيت الزيتون | 80 قطعة,ماركة: كواليتا
28318,بامبرز | حفاضات بريميوم اكسترا كير عناية مميزة مقاس 2 | 70 قطعة,pampers diapers premium extra care size pcs 5hoh,515,EGP,بامبرز,الأم والطفل>الحفاضات و مستحضرات التغيير,in stock,https://chefaa.com:443/eg-ar/nowProduct/pampers-diapers-premium-extra-care-size-2-70-pcs-5hoh,https://cdn.chefaa.com/filters:format(webp)/public/uploads/products/pampers-diapers-premium-extra-care-size-2-70-pcs-gnxk-01674984159.png,https://cdn.chefaa.com/filters:format(webp)/public/uploads/products/pampers-diapers-premium-extra-care-size-2-70-pcs-gnxk-01674984159.png,مميزات المنتج   بامبرز | حفاضات بريميوم اكسترا كير عناية مميزة مقاس 2 | 70 قطعة,ماركة: بامبرز
5820,جونسون | سائل استحمام اطفال | 200مل,johnsons baby bath 200ml unun,130,EGP,جونسون,الأم والطفل>الاستحمام,in stock,https://chefaa.com:443/eg-ar/nowProduct/johnsons-baby-bath-200ml-unun,https://cdn.chefaa.com/filters:format(webp)/public/uploads/products/johnsons-baby-bath-200ml-unun-01724319059.png,https://cdn.chefaa.com/filters:format(webp)/public/uploads/products/johnsons-baby-bath-200ml-unun-01724319059.png,مميزات المنتج   جونسون | سائل استحمام اطفال | 200مل   عن هذا المنتج         هي رعاية يومية ناعمة ولطيفة تُعد مثالياُ للأطفال والكبار أيضًا ، ومناسبة للاستخدامات اليومية وآمنة للبشرة الطفل الناعمة.   تركيبة لا دموع بعد اليوم لطيفة للعينين مثل الماء النقي.   يقلل من فرص الالتهابات والتهيج الجلدي.   يُنظيف البشرة الحساسة برفق دون ان يؤدي الى جفاف.,ماركة: جونسون
28388,سوبر كيدز | بيبي شامبو بالعسل واللبن | 200مل,superkids baby shampoo honey milk 200ml hyga,120,EGP,سوبر كيدز,الأم والطفل>الاستحمام,in stock,https://chefaa.com:443/eg-ar/nowProduct/superkids-baby-shampoo-honey-milk-200ml-hyga,https://cdn.chefaa.com/filters:format(webp)/public/uploads/products/superkids-baby-shampoo-honey-milk-200ml-ohdi-01675774299.png,https://cdn.chefaa.com/filters:format(webp)/public/uploads/products/superkids-baby-shampoo-honey-milk-200ml-ohdi-01675774299.png,مميزات المنتج   سوبر كيدز | بيبي شامبو بالعسل واللبن | 200مل,ماركة: سوبر كيدز
7588,بندولين | برفيوم للأطفال الأولاد | 100مل,penduline boys kids perfume 100ml yjig,115,EGP,بندولين,الأم والطفل>الاستحمام,in stock,https://chefaa.com:443/eg-ar/nowProduct/penduline-boys-kids-perfume-100ml-yjig,https://cdn.chefaa.com/filters:format(webp)/public/uploads/products/1632320070penduline-kids-boys-perfume-100ml-chefaa1jpeg,https://cdn.chefaa.com/filters:format(webp)/public/uploads/products/1632320070penduline-kids-boys-perfume-100ml-chefaa1jpeg,مميزات المنتج   برفيوم بندولين للأطفال لرائحة تدوم طويلا ، خالي من الكحول لطيف على الجلد ولا يسبب الحساسية.   عن هذا المنتج     برفيوم بندولين للأطفال لرائحة تدوم طويلا ، خالي من الكحول لطيف على الجلد ولا يسبب الحساسية.,ماركة: بندولين
45829,بندولين | شاور جيل للاطفال فريش | 300مل,penduline shower gel for babies fresh 450ml ffbo_dupQiZZS_duvTzZ3e,189,EGP,بندولين,الأم والطفل>الاستحمام,in stock,https://chefaa.com:443/eg-ar/nowProduct/penduline-shower-gel-for-babies-fresh-450ml-ffbo_dupQiZZS_duvTzZ3e,https://cdn.chefaa.com/filters:format(webp)/public/uploads/products/penduline-shower-gel-for-babies-fresh-450ml-ffbo-dupqizzs-01716215754.png,https://cdn.chefaa.com/filters:format(webp)/public/uploads/products/penduline-shower-gel-for-babies-fresh-450ml-ffbo-dupqizzs-01716215754.png,مميزات المنتج   بندولين | شاور جيل للاطفال فريش | 300مل,ماركة: بندولين
47194,فاين بيبي | حفاضات اطفال متوسط 2-5كجم مقاس 1 | 60 قطعة,fine baby diapers size medium 5kg 60pcs ueav,320,EGP,فاين,الأم والطفل>الحفاضات و مستحضرات التغيير,in stock,https://chefaa.com:443/eg-ar/nowProduct/fine-baby-diapers-size-1-medium-2-5kg-60pcs-ueav,https://cdn.chefaa.com/filters:format(webp)/public/uploads/products/fine-baby-diapers-size-1-medium-2-5kg-60pcs-l57s-01726085296.png,https://cdn.chefaa.com/filters:format(webp)/public/uploads/products/fine-baby-diapers-size-1-medium-2-5kg-60pcs-l57s-01726085296.png,مميزات المنتج   فاين بيبي | حفاضات اطفال متوسط 2-5كجم مقاس 1 | 60 قطعة,ماركة: فاين
31451,بامبرز | حفاضات بريميوم كير مقاس 3 | 62 قطعة,pampers premium extra care size diapers pcs nfjb,490,EGP,بامبرز,الأم والطفل>الحفاضات و مستحضرات التغيير,in stock,https://chefaa.com:443/eg-ar/nowProduct/pampers-premium-extra-care-size-3-diapers-62-pcs-nfjb,https://cdn.chefaa.com/filters:format(webp)/public/uploads/products/pampers-premium-extra-care-size-3-diapers-62-pcs-pcj9-01692266627.png,https://cdn.chefaa.com/filters:format(webp)/public/uploads/products/pampers-premium-extra-care-size-3-diapers-62-pcs-pcj9-01692266627.png,مميزات المنتج   بامبرز | حفاضات بريميوم كير مقاس 3 | 62 قطعة,ماركة: بامبرز
31447,بامبرز | حفاضات بانتس لحماية فائقة من التسرب مقاس 4 | 58 قطعة,pampers diaper pants size pcs rwwb,460,EGP,بامبرز,الأم والطفل>الحفاضات و مستحضرات التغيير,in stock,https://chefaa.com:443/eg-ar/nowProduct/pampers-diaper-pants-size-4-58-pcs-rwwb,https://cdn.chefaa.com/filters:format(webp)/public/uploads/products/pampers-diaper-pants-size-4-58-pcs-nv0w-01692266026.png,https://cdn.chefaa.com/filters:format(webp)/public/uploads/products/pampers-diaper-pants-size-4-58-pcs-nv0w-01692266026.png,مميزات المنتج   بامبرز | حفاضات بانتس لحماية فائقة من التسرب مقاس 4 | 58 قطعة,ماركة: بامبرز
46709,بابلز | ببرونة كلاسيك ابيض | 270مل,bubbles classic baby bottle white 260ml unxj_dusKAP00_duPKbDec,155,EGP,بابلز بيبي,الأم والطفل>طعام الاطفال و مستلزماته,in stock,https://chefaa.com:443/eg-ar/nowProduct/bubbles-classic-baby-bottle-white-260ml-unxj_dusKAP00_duPKbDec,https://cdn.chefaa.com/filters:format(webp)/public/uploads/products/bubbles-classic-baby-bottle-white-260ml-unxj-duskap00-dupkbdec-01736184055.png,https://cdn.chefaa.com/filters:format(webp)/public/uploads/products/bubbles-classic-baby-bottle-white-260ml-unxj-duskap00-dupkbdec-01736184055.png,مميزات المنتج   بابلز | ببرونة كلاسيك ابيض | 270مل,ماركة: بابلز بيبي
21645,بابلز | فرشاة أسنان تلبس في الإصبع للأطفال,bubbles babys finger tooth brush zmhh,60,EGP,بابلز بيبي,الأم والطفل>الاستحمام,in stock,https://chefaa.com:443/eg-ar/nowProduct/bubbles-babys-finger-tooth-brush-zmhh,https://cdn.chefaa.com/filters:format(webp)/public/uploads/products/bubbles-babys-finger-tooth-brush-p1n0-01657039882.png,https://cdn.chefaa.com/filters:format(webp)/public/uploads/products/bubbles-babys-finger-tooth-brush-p1n0-01657039882.png,مميزات المنتج   بابلز | فرشاة أسنان تلبس في الإصبع للأطفال,ماركة: بابلز بيبي
62086,ديفول | حمام كريم الشعر للأطفال بالأفوكادو | 450مل,divol kids avocado hair cream bath 450ml 2bmc,200,EGP,ديفول,الأم والطفل>الاستحمام,in stock,https://chefaa.com:443/eg-ar/nowProduct/divol-kids-avocado-hair-cream-bath-450ml-2bmc,https://cdn.chefaa.com/filters:format(webp)/public/uploads/products/divol-kids-avocado-hair-cream-bath-450ml-kily-01752241456.png,https://cdn.chefaa.com/filters:format(webp)/public/uploads/products/divol-kids-avocado-hair-cream-bath-450ml-kily-01752241456.png,مميزات المنتج   ديفول | حمام كريم الشعر للأطفال بالأفوكادو | 450مل,ماركة: ديفول
60414,بندولين | ماسك للشعر الكيرلي للاطفال | 450مل,penduline curly kids hair mask 450ml pa9z_dumSEx9a,250,EGP,بندولين,الأم والطفل>الاستحمام,in stock,https://chefaa.com:443/eg-ar/nowProduct/penduline-curly-kids-hair-mask-450ml-pa9z_dumSEx9a,https://cdn.chefaa.com/filters:format(webp)/public/uploads/products/penduline-curly-kids-hair-mask-450ml-pa9z-01721213013.png,https://cdn.chefaa.com/filters:format(webp)/public/uploads/products/penduline-curly-kids-hair-mask-450ml-pa9z-01721213013.png,مميزات المنتج   بندولين | ماسك للشعر الكيرلي للاطفال | 450مل,ماركة: بندولين
55047,ديرما اكتيف | سيروم لفك تشابك شعر الأطفال | 120مل,dermactive baby hair derangling serum 120mlfpsN,189,EGP,ديرما اكتيف,الأم والطفل>الاستحمام,in stock,https://chefaa.com:443/eg-ar/nowProduct/dermactive-baby-hair-derangling-serum-120mlfpsN,https://cdn.chefaa.com/filters:format(webp)/public/uploads/products/dermactive-baby-hair-derangling-serum-120mlfpsn-01733097103.png,https://cdn.chefaa.com/filters:format(webp)/public/uploads/products/dermactive-baby-hair-derangling-serum-120mlfpsn-01733097103.png,مميزات المنتج   ديرما اكتيف | سيروم لفك تشابك شعر الأطفال | 120مل,ماركة: ديرما اكتيف
5800,جونسون | بيبي شامبو جولد لتنظيف وتسهيل تصفيف الشعر | 500مل,johnsonsgold shampoo 500ml,185,EGP,جونسون,الأم والطفل>الاستحمام,in stock,https://chefaa.com:443/eg-ar/nowProduct/johnsonsgold-shampoo-500ml,https://cdn.chefaa.com/filters:format(webp)/public/uploads/products/johnsonsgold-shampoo-500ml-01738333752.png,https://cdn.chefaa.com/filters:format(webp)/public/uploads/products/johnsonsgold-shampoo-500ml-01738333752.png,مميزات المنتج   جونسون | بيبي شامبو جولد لتنظيف وتسهيل تصفيف الشعر | 500مل   عن هذا المنتج     مكونات جونسون بيبي شامبو جولد : ديسيل جلوكوسيد: يعمل على تنظيف الشعر وفروة الرأس بلطف.   ميثيل الصوديوم كوكويل تورات و إيسيثيونات كوكويل الصوديوم و كوكاميدو بروبيل بيتين: مواد تعمل على تنظيف الشعر وفروة الرأس بلطف. الجلسرين: يحافظ على ترطيب فروة الرأس. بولي كواتيرنيوم-10: يعمل على إكساب الشعر مزيد من النعومة. سوربيتان لورات البولي إيثيلين غليكول-80: يعمل على تنظيف الشعر بلطف. حمض الستريك: يجعل درجة حموضة الشامبو مناسبة ومتوازنة مع بشرة الطفل.  الماء. حجم Johnson's Baby Shampoo Gold: يتوفر بحجم 500  مل. يوصي به: الشامبو مناسب للأطفال حيث يعمل على تنظيف فروة الرأس والشعر  بلطف دون أن يسبب جفاف أو تهيج.,ماركة: جونسون
48123,ديفول | شامبو للشعر الدهني للاطفال | 500مل,divol kids shampoo for oily hair 500ml xnwv_duRP6jSA,185,EGP,ديفول,الأم والطفل>الاستحمام,in stock,https://chefaa.com:443/eg-ar/nowProduct/divol-kids-shampoo-for-oily-hair-500ml-xnwv_duRP6jSA,https://cdn.chefaa.com/filters:format(webp)/public/uploads/products/divol-kids-shampoo-for-oily-hair-500ml-1wkp-01716292941.png,https://cdn.chefaa.com/filters:format(webp)/public/uploads/products/divol-kids-shampoo-for-oily-hair-500ml-1wkp-01716292941.png,مميزات المنتج   ديفول | شامبو للشعر الدهني للاطفال | 500مل,ماركة: ديفول
47878,سوبر كيدز | شامبو وبلسم 2*1 برائحة التوت البري | 500مل,superkids shampoo conditioner with blueberry 500ml ctxg,190,EGP,سوبر كيدز,الأم والطفل>الاستحمام,in stock,https://chefaa.com:443/eg-ar/nowProduct/superkids-2-in-1-shampoo-conditioner-with-blueberry-500ml-ctxg,https://cdn.chefaa.com/filters:format(webp)/public/uploads/products/superkids-2-in-1-shampoo-conditioner-with-blueberry-500ml-hct1-01726927803.png,https://cdn.chefaa.com/filters:format(webp)/public/uploads/products/superkids-2-in-1-shampoo-conditioner-with-blueberry-500ml-hct1-01726927803.png,مميزات المنتج   سوبر كيدز | شامبو وبلسم 2*1 برائحة التوت البري | 500مل,ماركة: سوبر كيدز
72,سانوسان | شامبو لتنظيف بشرة الطفل وشعره | 200مل,Sanosan Baby Shampoo 200ml,295,EGP,سانوسان,الأم والطفل>الاستحمام,in stock,https://chefaa.com:443/eg-ar/nowProduct/Sanosan-Baby-Shampoo---200ml,https://cdn.chefaa.com/filters:format(webp)/public/uploads/products/sanosan-baby-shampoo-200ml-01669023524.png,https://cdn.chefaa.com/filters:format(webp)/public/uploads/products/sanosan-baby-shampoo-200ml-01669023524.png,مميزات المنتج   سانوسان | شامبو لتنظيف بشرة الطفل وشعره | 200مل   عن هذا المنتج     مكونات شامبو سانوسان بيبي:     بروتين الحليب: يعمل كطبقة واقية على الجلد لحمايته من الجفاف.   مستخلص الزيتون: له خصائص مضادات للأكسدة ويعمل على ترطيب البشرة.     مميزات سانوسان بيبي شامبو:     يعمل على تنظيف بشرة وشعر الطفل بلطف.   يعمل على تسهيل تصفيف الشعر وجعله أكثر نعومة.   يساعد على تنظيف فروة الرأس الشعر بلطف.   يحافظ على درجة حموضة (PH) البشرة .   مناسب للاستخدام لحديثي الولادة منذ اليوم الأول.   يتميز باحتوائه على تركيبة خفيفة لا تسبب الدموع.   تم اختباره من قبل أطباء الجلدية والأطفال والعيون.   لا يسبب جفاف البشرة أو الشعر.   خالي من زيت البارافين و البارابين والسيليكون والمواد الكيميائية الضارة.   منتج ألماني ومرخص من قبل وزارة الصحة.      حجم Sanosan Baby Shampoo:     يتوفر بحجم 200 مل.     يوصي به:   الشامبو مناسب للأطفال منذ الولادة حيث يعمل على تنظيف البشرة والشعر  بلطف دون أن يسبب جفاف أو تهيج.,ماركة: سانوسان
5826,جونسون | لوشن سليب تايم | 200مل,johnsons sleep time lotion 200ml tpj9,160,EGP,جونسون,الأم والطفل>الاستحمام,in stock,https://chefaa.com:443/eg-ar/nowProduct/johnsons-sleep-time-lotion-200ml-tpj9,https://cdn.chefaa.com/filters:format(webp)/public/uploads/products/johnsons-sleep-time-lotion-200ml-tpj9-01662642703.png,https://cdn.chefaa.com/filters:format(webp)/public/uploads/products/johnsons-sleep-time-lotion-200ml-tpj9-01662642703.png,مميزات المنتج   جونسون | لوشن سليب تايم | 200مل   عن هذا المنتج         إن تركيبة اللوشن اللافندر للأطفال من جونسون وتحتوي على زيت اللافندر الذي يساعد طفلك علي النوم بشكل أفضل و أطول كما يترك بشرة طفلك ناعمة وملساء بعد استخدام واحد فقط.   إعطاء رائحة مُنعشة ويغذي بشرة الطفل الرقيقة لمدة 24 ساعة.   لا يسبب الحساسية حيث انه لطيف على بشرة طفلك.   يمتصه الجلد بسهولة دون أن يترك بقايا دهنية.   يرطب ويحمي الجلد من الجفاف.,ماركة: جونسون
2525,نيفيا | رول أون واقي من الشمس للأطفال بمعامل حمايه +50 | 50مل,nivea sun kids protect and play spf50 roll,450,EGP,نيفيا,الأم والطفل>الاستحمام,in stock,https://chefaa.com:443/eg-ar/nowProduct/nivea-sun-kids-protect-and-play-spf50-roll-on-50-ml,https://cdn.chefaa.com/filters:format(webp)/public/uploads/products/nivea-sun-kids-protect-and-play-spf50-roll-on-50-ml-01655376815.png,https://cdn.chefaa.com/filters:format(webp)/public/uploads/products/nivea-sun-kids-protect-and-play-spf50-roll-on-50-ml-01655376815.png,"مميزات المنتج   نيفيا | رول أون واقي من الشمس للأطفال بمعامل حمايه +50 | 50مل   عن هذا المنتج     نيفيا واقي من الشمس رول أون NIVEA Kids Roll-On Sunscreen بمعامل حماية +50 يعمل على حماية بشرة الأطفال من الحروق والتلف والحساسية التي تسببها أشعة الشمس الضارة كما يعمل على ترطيب بشرتهم وعدم إصابتها بالجفاف.   مكونات نيفيا صن سكرين رول أون:   يحتوي على مكونات طبيعية مثل الجلسرين والذي يعمل على ترطيب البشرة وحماية بشرتهم من أشعة الشمس الضارة وخاصة عند التعرض لها لفترات طويلة.   مميزات رول أون واقي الشمس للأطفال من نيفيا:     تركيبة آمنة تلائم بشرة الأطفال الحساسة.   يحتوي على مكونات فعالة تعمل على حماية البشرة من أشعة الشمس فوق بنفسجية طويلة وقصيرة المدي UVA وUVB.   يحتوي على مكونات مقاومة للماء.   يعمل على الحماية من الشيخوخة المبكرة التي قد تصيب الجلد وحروق الشمس نتيجة التعرض لفترات طويلة وتقليل معدل الإصابة بالحساسية من أشعة الشمس وعلاج البقع التي قد تسببها.   يوفر مستوى عالي من الترطيب للبشرة لاحتوائه على جلسرين.   لا يحتوي على مواد قاسية تضر البشرة.     طريقة استعمال واقي الشمس نيفيا للأطفال:     وضع كمية ملائمة على الجلد قبل التعرض للشمس بفترة تتراوح بين 15-20 دقيقة لضمان امتصاص الجلد له بالكامل.   إعادة وضعه مرة أخرى خاصة بعد السباحة والتعرق والتنشيف.     الحجم والسعر:   حجم نيفيا رول أون واقي الشمس:    يتوافر NIVEA Kids Roll-On بحجم 50 مللي.    سعر رول أون نيفيا واقي الشمس:    سعر Kids Roll-On Sunscreen From NIVEA  حوالي 450 جنيه "" قد يتغير السعر من مكان لآخر ومن وقت لآخر"".   كيفية حماية بشرة الطفل من أشعة الشمس الضارة:     اختيار واقي الشمس الملائم لطبيعة جلد الطفل الحساسة.   استخدام واقي لأشعة فوق بنفسجية طويلة وقصيرة المدي.   وضع الواقي قبل التعرض للشمس بفترة لا تقل عن 15 دقيقة.   تكرار وضع واقي الشمس كل ساعتين وبعد السباحة والتعرق.   ارتداء نظارات شمسية.   ارتداء ملابس قطنية بأكمام طويلة للحماية من الشمس.   ارتداء قبعات لتغطية الوجه.   تقليل التعرض للشمس في الفترة بين ١١ صباحاً الى ٣ مساءاً لأن أشعة الشمس تكون شديدة.   اختيار المستحضرات التي تحمي من أشعة الشمس.   اختيار أماكن اللعب البعيدة عن الشمس.     أفضل منتجات الحماية من أشعة الشمس للأطفال:     لوشن سيباميد للحماية من أشعة الشمس.   كريم صن آند سي.   رول أون و لوشن نيفيا للحماية من الشمس.   نيتروجينا واقى الشمس للاطفال   صن بلوك لونا.",ماركة: نيفيا
60743,بامبرز | حفاضات بيبي دراي وسط 6-10كجم مقاس 3 | 58 قطعة,pampers baby dry diapers size midi diapers h6xb_duiwMNnE,438,EGP,بامبرز,الأم والطفل>الحفاضات و مستحضرات التغيير,in stock,https://chefaa.com:443/eg-ar/nowProduct/pampers-baby-dry-diapers-size-3-midi-6-10-kg-58-diapers-h6xb_duiwMNnE,https://cdn.chefaa.com/filters:format(webp)/public/uploads/products/1593358683pampers-baby-dry-diapers-size-3-midi-6-10-kg-58-diapersjpg,https://cdn.chefaa.com/filters:format(webp)/public/uploads/products/1593358683pampers-baby-dry-diapers-size-3-midi-6-10-kg-58-diapersjpg,مميزات المنتج   ناعمة كالحرير: حفاضات مصنوعة من مواد ناعمة تلتف حول بشرة طفلك بلطف لتمنحه احساسًا بالنعومة. قنوات امتصاص إضافية: تقوم بتوزيع البلل بشكل متساوي للحفاظ على جفاف بشرة طفلك حتى 13 ساعة. مؤشر البلل: يساعدك على معرفة الوقت المناسب لتغيير الحفاض، حيث أن هذا المؤشر يتحول إلى اللون الأزرق لمعرفة متى يقوم طفلك بالتبول في الحفاض.   حفاضات مناسبة لمنطقة الحبل السري: تضمن ارتداءً مريحًا لتحمي منطقة السرة. قنوات هوائية : تسمح بتدفق الهواء إلى بشرة الطفل لضمان الحفاظ على بشرته جافة. طبقة من اللوشن المرطب: تحافظ على بشرة طفلك جافة وتمنع حدوث أي التهابات.,ماركة: بامبرز
49070,بندولين | جل للشعر الكيرلي للأطفال | 250مل,penduline curly kids hair gel 250ml 8uht_duiqppEJ,110,EGP,بندولين,الأم والطفل>الاستحمام,in stock,https://chefaa.com:443/eg-ar/nowProduct/penduline-curly-kids-hair-gel-250ml-8uht_duiqppEJ,https://cdn.chefaa.com/filters:format(webp)/public/uploads/products/penduline-curly-kids-hair-gel-250ml-8uht-01721213358.png,https://cdn.chefaa.com/filters:format(webp)/public/uploads/products/penduline-curly-kids-hair-gel-250ml-8uht-01721213358.png,مميزات المنتج   بندولين | جل للشعر الكيرلي للأطفال | 250مل,ماركة: بندولين
52246,جونسون | اويل جل مرطب للاطفال برائحة الزهور المنعشة | 200مل,johnsons baby moisturizing hydrating body oil gel dyes free parabens free phthalates free59Ke,325,EGP,جونسون,الأم والطفل>الاستحمام,in stock,https://chefaa.com:443/eg-ar/nowProduct/johnsons-baby-moisturizing--hydrating-body-oil-gel--dyes-free-parabens-free-phthalates-free59Ke,https://cdn.chefaa.com/filters:format(webp)/public/uploads/products/johnsons-baby-moisturizing-hydrating-body-oil-gel-dyes-free-parabens-free-phthalates-free59ke-01732617147.png,https://cdn.chefaa.com/filters:format(webp)/public/uploads/products/johnsons-baby-moisturizing-hydrating-body-oil-gel-dyes-free-parabens-free-phthalates-free59ke-01732617147.png,مميزات المنتج   جونسون | اويل جل مرطب للاطفال برائحة الزهور المنعشة | 200مل,ماركة: جونسون
2807,بامبرز | بيبي دراي حفاضات كبير جداً 11-25كجم مقاس 5 | 58 قطعة,pampers baby dry diapers size junior diapers,475,EGP,بامبرز,الأم والطفل>الحفاضات و مستحضرات التغيير,in stock,https://chefaa.com:443/eg-ar/nowProduct/pampers-baby-dry-diapers-size-5-junior-11-25-kg-58-diapers,https://cdn.chefaa.com/filters:format(webp)/public/uploads/products/pampers-baby-dry-diapers-size-5-junior-11-25-kg-58-diapers-01692258768.png,https://cdn.chefaa.com/filters:format(webp)/public/uploads/products/pampers-baby-dry-diapers-size-5-junior-11-25-kg-58-diapers-01692258768.png,مميزات المنتج   ناعمة كالحرير: حفاضات مصنوعة من مواد ناعمة تلتف حول بشرة طفلك بلطف لتمنحه احساسًا بالنعومة. قنوات امتصاص إضافية: تقوم بتوزيع البلل بشكل متساوي للحفاظ على جفاف بشرة طفلك حتى 13 ساعة. مؤشر البلل: يساعدك على معرفة الوقت المناسب لتغيير الحفاض، حيث أن هذا المؤشر يتحول إلى اللون الأزرق لمعرفة متى يقوم طفلك بالتبول في الحفاض.   حفاضات مناسبة لمنطقة الحبل السري: تضمن ارتداءً مريحًا لتحمي منطقة السرة. قنوات هوائية : تسمح بتدفق الهواء إلى بشرة الطفل لضمان الحفاظ على بشرته جافة. طبقة من اللوشن المرطب: تحافظ على بشرة طفلك جافة وتمنع حدوث أي التهابات.,ماركة: بامبرز
7593,بندولين | بلسم للأطفال للشعر الكيرلى بالزيوت الطبيعية | 300مل,penduline curly conditioner 300ml msvl,155,EGP,بندولين,الأم والطفل>الاستحمام,in stock,https://chefaa.com:443/eg-ar/nowProduct/penduline-curly-conditioner-300ml-msvl,https://cdn.chefaa.com/filters:format(webp)/public/uploads/products/1632321993penduline-curly-conditioner-300ml-chefaajpeg,https://cdn.chefaa.com/filters:format(webp)/public/uploads/products/1632321993penduline-curly-conditioner-300ml-chefaajpeg,مميزات المنتج   يتميز بلسم بندولين للاطفال بما يلي: يعد التركيبة الأولى والوحيدة المخصصة لتغذية وترطيب شعر الأطفال. مناسب للشعر الكيرلي. يرطب الشعر بعمق ويحميه من الهيشان. خالي من السلفات والسيليكون والبارابين. لا يحتوي على البروتين ليناسب أصحاب الشعر الحساس للبروتين. يكسب الشعر المزيد من النعومة واللمعان. غني بزيت بذور العنب وزيت الارجان وزيت الجوجوبا وزيت عباد الشمس لترطيب الشعر وفك تشابكه وسهولة تسريحه سعر بلسم بندولين للاطفال مناسب مقارنة بحجمه وفوائده العديدة للشعر.   عن هذا المنتج     مكونات بلسم بندولين للاطفال  يحتوي بلسم بندولين على: زيت الأرجان: يساعد على الترطيب العميق للشعر وحمايته من التلف. زيت الجوجوبا: يرطب الشعر ويساعد على علاج التلف والتقصف. زيت عباد الشمس: غني بفيتامين ه الذي يغذي الشعر ويكسبه النعومة واللمعان. زيت بذور العنب: غني بفيتامين هـ ومضادات الأكسدة ويساعد على ترطيب فروة الرأس وزيادة حيوية ولمعان الشعر. حجم بلسم بندولين للشعر الكيرلي  يتوفر penduline hair conditioner في الأسواق بحجم 300 مل. يوصى باستعمال بندولين بلسم  للشعر العادي ل:  بلسم بندولين للشعر مناسب للأطفال أصحاب الشعر الكيرلي والتالف والمجعد إذ يتميز بتركيبة آمنة غنية بالزيوت الطبيعية التي تساعد على الترطيب العميق للشعر وعلاج التلف، بالإضافة إلى تحسين ملمس الشعر وإكسابه النعومة واللمعان. ما هى أنواع منتجات بندولين للأطفال؟ شامبو بندولين للأطفال penduline shampoo. كريم بندولين للشعر الكيرلي. سيروم بندولين للاطفال. حمام كريم بندولين. زيت بندولين للاطفال.,ماركة: بندولين
46645,جونسون | سائل للاستحمام | 500مل,johnson baby sleep time bath 300ml chefaabox_durYVb75_du4QaIxR,200,EGP,جونسون,الأم والطفل>الاستحمام,in stock,https://chefaa.com:443/eg-ar/nowProduct/johnson-baby-sleep-time-bath-300ml-chefaabox_durYVb75_du4QaIxR,https://cdn.chefaa.com/filters:format(webp)/public/uploads/products/johnson-baby-sleep-time-bath-300ml-chefaabox-duryvb75-du4qaixr-01730099640.png,https://cdn.chefaa.com/filters:format(webp)/public/uploads/products/johnson-baby-sleep-time-bath-300ml-chefaabox-duryvb75-du4qaixr-01730099640.png,مميزات المنتج   جونسون | سائل للاستحمام | 500مل,ماركة: جونسون
59999,ديفول | شامبو للاطفال للعناية بالشعر الدهني | 300مل,divol kids shampoo 300ml g5xn_duxuS38e_duOwEUxE,140,EGP,ديفول,الأم والطفل>الاستحمام,in stock,https://chefaa.com:443/eg-ar/nowProduct/divol-kids-shampoo-300ml-g5xn_duxuS38e_duOwEUxE,https://cdn.chefaa.com/filters:format(webp)/public/uploads/products/divol-kids-shampoo-300ml-g5xn-duxus38e-01713301153.png,https://cdn.chefaa.com/filters:format(webp)/public/uploads/products/divol-kids-shampoo-300ml-g5xn-duxus38e-01713301153.png,مميزات المنتج   يتميز شامبو ديفول للاطفال بما يلي: له تركيبة مميزة تساعد على تنظيف الشعر والتخلص من الزيوت الزائدة. غني بمكونات طبيعية تساعد على تغذية وترطيب الشعر بعمق. يرطب الشعر ويكسبه المزيد من النعومة. يساعد على فك تشابك الشعر المجعد. خالي من السلفات والسيليكون والبارابين. سعر شامبو ديفول للاطفال مناسب مقارنة بفوائده العديدة للشعر.   عن هذا المنتج     مكونات شامبو ديفول للاطفال    يحتوي divol shampoo kids على:  زبدة الشيا: تساعد على ترطيب الشعر وتنعيم.  زيت الجوجوبا: يزيد من ترطيب الشعر ويساعد على زيادة كثافة الشعر.  زيت الجرجير: يقوي جذور الشعر ويحميه من التساقط.  البيوتين: يحسن ملمس الشعر ويكسبه النعومة والحيوية.  مستخلص الصبار: يغذي الشعر ويساعد على زيادة الترطيب.  حجم ديفول شامبو للشعر الكيرلي  يتوفر شامبو divol للاطفال بحجم 300 مل و500 مل.  يوصى باستعمال divol شامبو ل:  شامبو اطفال ديفول مناسب لجميع أنواع الشعر فهو غني بمكونات طبيعية مفيدة ومغذية للشعر مما يساعد على إكساب الشعر النعومة واللمعان وحمايته من الجفاف.  ما هو افضل شامبو للاطفال؟  شامبو بندولين للأطفال.  شامبو ديفول للاطفال.  شامبو جونسون للاطفال.  شامبو سانوسان للاطفال.,ماركة: ديفول
649,نان | بري لبن | 400جم,nan pre milk,380,EGP,نيسلا,الأم والطفل>طعام الاطفال و مستلزماته,in stock,https://chefaa.com:443/eg-ar/nowProduct/nan-pre-milk-400-gm,https://cdn.chefaa.com/filters:format(webp)/public/uploads/products/1623324495nan-pre-milk-400gm-chefaapng,https://cdn.chefaa.com/filters:format(webp)/public/uploads/products/1623324495nan-pre-milk-400gm-chefaapng,مميزات المنتج   مخصص للأطفال الذين يعانون من نقصان الوزن والأطفال المولودين مبكراً. يحتوي هذا النوع من الحليب على سعرات حرارية ومعادن إضافية لتلبية احتياجات هؤلاء الأطفال.,ماركة: نيسلا
45135,كودومو | معجون اسنان بنكهه العنب | 45جم,kodomo grape toothpaste 45g v4jh,65,EGP,No Brand,الأم والطفل>الاستحمام,in stock,https://chefaa.com:443/eg-ar/nowProduct/kodomo-grape-toothpaste-45g-v4jh,https://cdn.chefaa.com/filters:format(webp)/public/uploads/products/kodomo-grape-toothpaste-45g-yymk-01724666743.png,https://cdn.chefaa.com/filters:format(webp)/public/uploads/products/kodomo-grape-toothpaste-45g-yymk-01724666743.png,مميزات المنتج   كودومو |  معجون اسنان بنكهه العنب | 45جم,raw_specs: المواصفات
5533,جونسون | كولونيا اطفال ندى الصباح | 100مل,johnsons cologne morning dew 100ml,140,EGP,جونسون,الأم والطفل>الاستحمام,in stock,https://chefaa.com:443/eg-ar/nowProduct/johnsons-cologne-morning-dew-100ml,https://cdn.chefaa.com/filters:format(webp)/public/uploads/products/johnsons-cologne-morning-dew-100ml-01724319408.png,https://cdn.chefaa.com/filters:format(webp)/public/uploads/products/johnsons-cologne-morning-dew-100ml-01724319408.png,مميزات المنتج   عطر لطيف وخفيف يدوم طويلاً ويترك بشرة طفلك نظيفة ورائحة عطرة. مع تركيبة خالية من الكحول تجعلها آمنة ومثالية بشرة طفلك الرقيقة دون أن تسبب تهيج الجلد.,ماركة: جونسون
2794,بامبرز | حفاضات بيبي دراي 3-8كجم مقاس 2 | 60 قطعة,pampers baby dry diapers size mini diapers,379,EGP,بامبرز,الأم والطفل>الحفاضات و مستحضرات التغيير,in stock,https://chefaa.com:443/eg-ar/nowProduct/pampers-baby-dry-diapers-size-2-mini-3-8-kg-60-diapers,https://cdn.chefaa.com/filters:format(webp)/public/uploads/products/pampers-baby-dry-diapers-size-2-mini-3-8-kg-60-diapers-01692261005.png,https://cdn.chefaa.com/filters:format(webp)/public/uploads/products/pampers-baby-dry-diapers-size-2-mini-3-8-kg-60-diapers-01692261005.png,مميزات المنتج   ناعمة كالحرير: حفاضات مصنوعة من مواد ناعمة تلتف حول بشرة طفلك بلطف لتمنحه احساسًا بالنعومة. قنوات امتصاص إضافية: تقوم بتوزيع البلل بشكل متساوي للحفاظ على جفاف بشرة طفلك حتى 13 ساعة. مؤشر البلل: يساعدك على معرفة الوقت المناسب لتغيير الحفاض، حيث أن هذا المؤشر يتحول إلى اللون الأزرق لمعرفة متى يقوم طفلك بالتبول في الحفاض.   حفاضات مناسبة لمنطقة الحبل السري: تضمن ارتداءً مريحًا لتحمي منطقة السرة. قنوات هوائية : تسمح بتدفق الهواء إلى بشرة الطفل لضمان الحفاظ على بشرته جافة. طبقة من اللوشن المرطب: تحافظ على بشرة طفلك جافة وتمنع حدوث أي التهابات.,ماركة: بامبرز
67,جونسون | بيبي سليب تايم باث لتنظيف بشرة الطفل وشعره | 500مل,johnsons sleep time shampoo 500ml,210,EGP,جونسون,الأم والطفل>الاستحمام,in stock,https://chefaa.com:443/eg-ar/nowProduct/johnsons-sleep-time-shampoo-500ml,https://cdn.chefaa.com/filters:format(webp)/public/uploads/products/johnsons-sleep-time-shampoo-500ml-01765274909.png,https://cdn.chefaa.com/filters:format(webp)/public/uploads/products/johnsons-sleep-time-shampoo-500ml-01765274909.png,مميزات المنتج   جونسون | بيبي سليب تايم باث لتنظيف بشرة الطفل وشعره | 500مل   عن هذا المنتج     مكونات سليب تايم باث من جونسون: ديسيل جلوكوسيد: يعمل على تنظيف الشعر وفروة الرأس بلطف.   ميثيل الصوديوم كوكويل تورات و إيسيثيونات كوكويل الصوديوم و كوكاميدو بروبيل بيتين: مواد تعمل على تنظيف الشعر وفروة الرأس بلطف. الجلسرين: يحافظ على ترطيب فروة الرأس. بولي كواتيرنيوم-10: يعمل على إكساب الشعر مزيد من النعومة. سوربيتان لورات البولي إيثيلين غليكول-80: يعمل على تنظيف الشعر بلطف. حمض الستريك: يجعل درجة حموضة الشامبو مناسبة ومتوازنة مع بشرة الطفل. الماء. حجم Johnson's Baby Bedtime Bath: يتوفر بحجم 500 مل. يوصي به: باث مناسب للأطفال حيث يعمل على تنظيف فروة الرأس والشعر  والبشرة بلطف دون أن يسبب جفاف أو تهيج، كما يساعد على جعل الطفل ينام بشكل أفضل.,ماركة: جونسون
48035,بي بم | حفاضات طبيعي جامبو جونيور مقاس 5 | 58 قطعة,bebem natural diapers jumbo pack junior size 58pcs 7dcq_duW9dTPb,386,EGP,بي بم,الأم والطفل>الحفاضات و مستحضرات التغيير,in stock,https://chefaa.com:443/eg-ar/nowProduct/bebem-natural-diapers-jumbo-pack-junior-size-5-58pcs-7dcq_duW9dTPb,https://cdn.chefaa.com/filters:format(webp)/public/uploads/products/bebem-natural-diapers-jumbo-pack-junior-size-5-58pcs-7dcq-01691651866.png,https://cdn.chefaa.com/filters:format(webp)/public/uploads/products/bebem-natural-diapers-jumbo-pack-junior-size-5-58pcs-7dcq-01691651866.png,مميزات المنتج   بي بم | حفاضات طبيعي جامبو جونيور مقاس 5 | 58 قطعة,ماركة: بي بم
1399,موستيلا | بيبي سبراى معطر للبشرة مصفف شعر | 200مل,mustelababyskinfreshenerspray,599,EGP,موستيلا,الأم والطفل>الاستحمام,in stock,https://chefaa.com:443/eg-ar/nowProduct/mustelababyskinfreshenerspray,https://cdn.chefaa.com/filters:format(webp)/public/uploads/products/mustelababyskinfreshenerspray-01650672204.png,https://cdn.chefaa.com/filters:format(webp)/public/uploads/products/mustelababyskinfreshenerspray-01650672204.png,مميزات المنتج   موستيلا | بيبي سبراى معطر للبشرة مصفف شعر | 200مل   عن هذا المنتج       بخاخ معطر بشرة الأطفال موستيلا هو ماء منعش وتصفيف يمكن استخدامه منذ الأيام الأولى من الحياة لإكمال روتين النظافة اليومية للطفل.   من المفترض أن يتم استخدامه كخطوة أخيرة في العناية ببشرة الطفل ، هذا البخاخ المنعش يزيل بسرعة جميع بقايا الحليب المنظف من الجلد بينما يحفز حواس الطفل النامية برائحة رقيقة ولطيفة.   المنتج متوفر في موزع بخاخ مريح ، مما يجعل من السهل تجديد بشرة الطفل طوال اليوم.,ماركة: موستيلا
45937,بندولين | شاور جل برائحة الموز | 300مل,penduline shower gel with banana scent 65m 2zio_duTQwU24_duZ136YN,189,EGP,بندولين,الأم والطفل>الاستحمام,in stock,https://chefaa.com:443/eg-ar/nowProduct/penduline-shower-gel-with-banana-scent-65m-2zio_duTQwU24_duZ136YN,https://cdn.chefaa.com/filters:format(webp)/public/uploads/products/penduline-shower-gel-with-banana-scent-65m-2zio-dutqwu24-01713298525.png,https://cdn.chefaa.com/filters:format(webp)/public/uploads/products/penduline-shower-gel-with-banana-scent-65m-2zio-dutqwu24-01713298525.png,مميزات المنتج   بندولين | شاور جل برائحة الموز | 300مل,ماركة: بندولين
28339,فاين بيبي | حفاضات اطفال بيبي ماكسي عبوة التوفير 11-18كجم مقاس 5 | 58 قطعة,fine baby diapers maxi new and improved doublelock barries size 18kg pcs 6qir,450,EGP,فاين,الأم والطفل>الحفاضات و مستحضرات التغيير,in stock,https://chefaa.com:443/eg-ar/nowProduct/fine-baby-diapers-maxi-new-and-improved-doublelock-barries-size-5-11-18kg-58-pcs-6qir,https://cdn.chefaa.com/filters:format(webp)/public/uploads/products/fine-baby-diapers-maxi-new-and-improved-doublelock-barries-size-5-11-18kg-58-pcs-6qir-01757491862.png,https://cdn.chefaa.com/filters:format(webp)/public/uploads/products/fine-baby-diapers-maxi-new-and-improved-doublelock-barries-size-5-11-18kg-58-pcs-6qir-01757491862.png,مميزات المنتج   فاين بيبي | حفاضات اطفال بيبي ماكسي عبوة التوفير 11-18كجم مقاس 5 | 58 قطعة,ماركة: فاين
31454,بامبرز | بريميوم كير شورت مقاس 3 متوسط | 56 قطعة,pampers pants size medium pcs lnqm,536,EGP,بامبرز,الأم والطفل>الحفاضات و مستحضرات التغيير,in stock,https://chefaa.com:443/eg-ar/nowProduct/pampers-pants-size-3-medium-56-pcs-lnqm,https://cdn.chefaa.com/filters:format(webp)/public/uploads/products/pampers-pants-size-3-medium-56-pcs-srlm-01692267242.png,https://cdn.chefaa.com/filters:format(webp)/public/uploads/products/pampers-pants-size-3-medium-56-pcs-srlm-01692267242.png,مميزات المنتج   بامبرز | بريميوم كير شورت مقاس 3 متوسط | 56 قطعة,ماركة: بامبرز
45890,فاين بيبي | حفاضات اطفال لارج 3- 6كجم مقاس 2 | 58 قطعة,fine baby diaper size large 6kg new and improved doublelock barries 58pcs sizz_duCXHPVY,330,EGP,فاين,الأم والطفل>الحفاضات و مستحضرات التغيير,in stock,https://chefaa.com:443/eg-ar/nowProduct/fine-baby-diaper-size-2-large-3-6kg-new-and-improved-doublelock-barries-58pcs-sizz_duCXHPVY,https://cdn.chefaa.com/filters:format(webp)/public/uploads/products/fine-baby-diaper-size-2-large-3-6kg-new-and-improved-doublelock-barries-58pcs-sizz-01721653849.png,https://cdn.chefaa.com/filters:format(webp)/public/uploads/products/fine-baby-diaper-size-2-large-3-6kg-new-and-improved-doublelock-barries-58pcs-sizz-01721653849.png,مميزات المنتج   فاين بيبي | حفاضات اطفال لارج 3- 6كجم مقاس 2 | 58 قطعة,ماركة: فاين
5531,جونسون | كولونيا بالليمون للأطفال | 100مل,johnsons cologne lemon fresh 100ml,140,EGP,جونسون,الأم والطفل>الاستحمام,in stock,https://chefaa.com:443/eg-ar/nowProduct/johnsons-cologne-lemon-fresh-100ml,https://cdn.chefaa.com/filters:format(webp)/public/uploads/products/johnsons-cologne-lemon-fresh-100ml-01724584800.png,https://cdn.chefaa.com/filters:format(webp)/public/uploads/products/johnsons-cologne-lemon-fresh-100ml-01724584800.png,مميزات المنتج   جونسون | كولونيا بالليمون للأطفال | 100مل   عن هذا المنتج     مكونات كولونيا جونسون للاطفال تحتوي كولونيا جونسون للاطفال على: زيت الخروع: يكسب البشرة النعومة والترطيب. عطر: يعطي إحساساً بالانتعاش والنظافة. حجم كولونيا اطفال Johnson's تتوفر كولونيا اطفال Johnson's بحجم 100 مل. يوصى باستعمال جونسون كولونيا للاطفال جونسون كولونيا للاطفال مناسبة لبشرة الأطفال الحساسة والرقيقة فهي تتميز بتركيبة لطيفة وآمنة على البشرة، ويمكن استخدامها للحفاظ على رائحة طفلك جميلة ومميزة. أنواع كولونيا جونسون كولونيا جونسون البنفسجى باللافندر. كولونيا جونسون بالليمون (كولونيا جونسون الاصفر). جونسون كولونيا ندى الصباح (كولونيا بيبي جونسون الزرقاء).,ماركة: جونسون
29433,نيدو | 1 بلس ميلك | 288جم,nido plus milk 288gm q5hv,160,EGP,نيسلا,الأم والطفل>طعام الاطفال و مستلزماته,in stock,https://chefaa.com:443/eg-ar/nowProduct/nido-1-plus-milk-288gm-q5hv,https://cdn.chefaa.com/filters:format(webp)/public/uploads/products/nido-1-plus-milk-288gm-xvxv-01682885377.png,https://cdn.chefaa.com/filters:format(webp)/public/uploads/products/nido-1-plus-milk-288gm-xvxv-01682885377.png,مميزات المنتج   نيدو | 1 بلس ميلك | 288جم,ماركة: نيسلا
5809,جونسون | بيبي شامبو القطرات اللامعة للصغار لتنظيف الشعر وفروة الرأس | 500مل,johnsons shiny drops kids shampoo 500ml,180,EGP,جونسون,الأم والطفل>الاستحمام,in stock,https://chefaa.com:443/eg-ar/nowProduct/johnsons-shiny-drops-kids-shampoo-500ml,https://cdn.chefaa.com/filters:format(webp)/public/uploads/products/johnsons-shiny-drops-kids-shampoo-500ml-01662558778.png,https://cdn.chefaa.com/filters:format(webp)/public/uploads/products/johnsons-shiny-drops-kids-shampoo-500ml-01662558778.png,مميزات المنتج   جونسون | بيبي شامبو القطرات اللامعة للصغار لتنظيف الشعر وفروة الرأس | 500مل   عن هذا المنتج     مكونات شامبو القطرات اللامعة للصغار من جونسون بيبي: ديسيل جلوكوسيد: يعمل على تنظيف الشعر وفروة الرأس بلطف.   ميثيل الصوديوم كوكويل تورات و إيسيثيونات كوكويل الصوديوم و كوكاميدو بروبيل بيتين: مواد تعمل على تنظيف الشعر وفروة الرأس بلطف. الجلسرين: يحافظ على ترطيب فروة الرأس. بولي كواتيرنيوم-10: يعمل على إكساب الشعر مزيد من النعومة. سوربيتان لورات البولي إيثيلين غليكول-80: يعمل على تنظيف الشعر بلطف. حمض الستريك: يجعل درجة حموضة الشامبو مناسبة ومتوازنة مع بشرة الطفل. الماء. زيت الأرجان: يعمل على ترطيب الشعر وحمايته من التلف وتقليل تقصف الشعر. حجم Johnson's Baby Shiny Drops Kids Shampoo:  يتوفر بحجم 500 مل. يوصي به:  الشامبو مناسب للأطفال حيث يعمل على تنظيف فروة الرأس والشعر  بلطف دون أن يسبب جفاف أو تهيج، كما يُكسب الشعر مزيد من النعومة واللمعان.,ماركة: جونسون
46101,سانوسان | لوشن للاطفال | 100مل,sanosan baby lotion pflegelotion 100ml 670x_dujJkt5I_duxsbvLe,195,EGP,سانوسان,الأم والطفل>الاستحمام,in stock,https://chefaa.com:443/eg-ar/nowProduct/sanosan-baby-lotion-pflegelotion-100ml-670x_dujJkt5I_duxsbvLe,https://cdn.chefaa.com/filters:format(webp)/public/uploads/products/1636461407sanosan-baby-lotion-pflegelotion-100mljpg,https://cdn.chefaa.com/filters:format(webp)/public/uploads/products/1636461407sanosan-baby-lotion-pflegelotion-100mljpg,مميزات المنتج   سانوسان | لوشن للاطفال | 100مل,ماركة: سانوسان
46313,سانوسان | شامبو وجل استحمام للاطفال | 100مل,sanosan baby bath and shampoo 100ml axmq_dura7fq1,162,EGP,سانوسان,الأم والطفل>الاستحمام,in stock,https://chefaa.com:443/eg-ar/nowProduct/sanosan-baby-bath-and-shampoo-100ml-axmq_dura7fq1,https://cdn.chefaa.com/filters:format(webp)/public/uploads/products/sanosan-baby-bath-and-shampoo-100ml-8uxe-01683625413.png,https://cdn.chefaa.com/filters:format(webp)/public/uploads/products/sanosan-baby-bath-and-shampoo-100ml-8uxe-01683625413.png,مميزات المنتج   سانوسان | شامبو وجل استحمام للاطفال | 100مل,ماركة: سانوسان
59802,بابلز | ببرونة ناتشورال | 280مل,bubbles natural feeding bottle 280ml d3kz_duyeSdwx,235,EGP,بابلز بيبي,الأم والطفل>طعام الاطفال و مستلزماته,in stock,https://chefaa.com:443/eg-ar/nowProduct/bubbles-natural-feeding-bottle-280ml-d3kz_duyeSdwx,https://cdn.chefaa.com/filters:format(webp)/public/uploads/products/bubbles-natural-feeding-bottle-280ml-d3kz-01721235222.png,https://cdn.chefaa.com/filters:format(webp)/public/uploads/products/bubbles-natural-feeding-bottle-280ml-d3kz-01721235222.png,مميزات المنتج   بابلز | ببرونة ناتشورال | 280مل,ماركة: بابلز بيبي
54214,بابلز | زجاجة رضاعة كلاسيك | 120مل,bubbles classic bottle 120ml vrxl_duY7xPs1,148,EGP,بابلز بيبي,الأم والطفل>طعام الاطفال و مستلزماته,in stock,https://chefaa.com:443/eg-ar/nowProduct/bubbles-classic-bottle-120ml-vrxl_duY7xPs1,https://cdn.chefaa.com/filters:format(webp)/public/uploads/products/bubbles-classic-bottle-120ml-dv8u-01703626020.png,https://cdn.chefaa.com/filters:format(webp)/public/uploads/products/bubbles-classic-bottle-120ml-dv8u-01703626020.png,مميزات المنتج   بابلز | زجاجة رضاعة كلاسيك | 120مل,ماركة: بابلز بيبي
53724,تولا | كيدز كريم ليف ان للشعر الكيرلي | 120مل,tola kids moisturizing nourishing antihair loss leavein cream with shea butter caffeine jojoba for curly hair years parabens free sulfate free,295,EGP,تولا,الأم والطفل>الاستحمام,in stock,https://chefaa.com:443/eg-ar/nowProduct/tola-kids-moisturizing-nourishing--antihair-loss-leavein-cream-with-shea-butter-caffeine--jojoba-for-curly-hair-1-years--parabens-free-sulfate-free-mi,https://cdn.chefaa.com/filters:format(webp)/public/uploads/products/tola-kids-moisturizing-nourishing-antihair-loss-leavein-cream-with-shea-butter-caffeine-jojoba-for-curly-hair-1-years-parabens-free-sulfate-free-mi-01733085013.png,https://cdn.chefaa.com/filters:format(webp)/public/uploads/products/tola-kids-moisturizing-nourishing-antihair-loss-leavein-cream-with-shea-butter-caffeine-jojoba-for-curly-hair-1-years-parabens-free-sulfate-free-mi-01733085013.png,مميزات المنتج   تولا | كيدز كريم ليف ان للشعر الكيرلي | 120مل,ماركة: تولا
46671,سانوسان | جل استحمام & شامبو برائحة الفراولة | 400مل,sanosan kids shower shampoo strawberry 400ml 9nzp_du2VtWcr,460,EGP,سانوسان,الأم والطفل>الاستحمام,in stock,https://chefaa.com:443/eg-ar/nowProduct/sanosan-kids-shower-shampoo-strawberry-400ml-9nzp_du2VtWcr,https://cdn.chefaa.com/filters:format(webp)/public/uploads/products/sanosan-kids-shower-shampoo-strawberry-400ml-gd93-01684038051.png,https://cdn.chefaa.com/filters:format(webp)/public/uploads/products/sanosan-kids-shower-shampoo-strawberry-400ml-gd93-01684038051.png,مميزات المنتج   سانوسان | جل استحمام & شامبو برائحة الفراولة | 400مل,ماركة: سانوسان
53811,ترو | لهاية سيليكون من عمر 6 شهور فما فوق ازرق | 1 قطعة,true soother silicone 6m20224347BDi,110,EGP,No Brand,الأم والطفل>طعام الاطفال و مستلزماته,in stock,https://chefaa.com:443/eg-ar/nowProduct/true-soother-silicone-6m20224347BDi,https://cdn.chefaa.com/filters:format(webp)/public/uploads/products/true-soother-silicone-6m20224347bdi-01732008465.png,https://cdn.chefaa.com/filters:format(webp)/public/uploads/products/true-soother-silicone-6m20224347bdi-01732008465.png,مميزات المنتج   ترو | لهاية سيليكون من عمر 6 شهور فما فوق ازرق | 1 قطعة,raw_specs: المواصفات
10105,سوبر كيدز | شامبو برائحة التفاح الاخضر | 300مل,kids shampoo green apple rr4y,125,EGP,سوبر كيدز,الأم والطفل>الاستحمام,in stock,https://chefaa.com:443/eg-ar/nowProduct/kids-shampoo-green-apple-300-ml-rr4y,https://cdn.chefaa.com/filters:format(webp)/public/uploads/products/kids-shampoo-green-apple-300-ml-wuuu-1640168015.png,https://cdn.chefaa.com/filters:format(webp)/public/uploads/products/kids-shampoo-green-apple-300-ml-wuuu-1640168015.png,مميزات المنتج   سوبر كيدز | شامبو برائحة التفاح الاخضر | 300مل,ماركة: سوبر كيدز
2341,إيڤا كلينيك بيبي | بلسم للشعر الجاف للأطفال 12 - 36 شهر | 200مل,eva skin clinic bebe conditioner,120,EGP,إيڤا,الأم والطفل>الاستحمام,in stock,https://chefaa.com:443/eg-ar/nowProduct/eva-skin-clinic-bebe-conditioner,https://cdn.chefaa.com/filters:format(webp)/public/uploads/products/eva-skin-clinic-bebe-conditioner-01721410386.png,https://cdn.chefaa.com/filters:format(webp)/public/uploads/products/eva-skin-clinic-bebe-conditioner-01721410386.png,"مميزات المنتج   إيڤا كلينيك بيبي | بلسم للشعر الجاف للأطفال 12 - 36 شهر | 200مل   عن هذا المنتج     بلسم إيفا سكين كلينيك للأطفال Eva Skin Clinic Bebe Conditioner يحتوي على تركيبة متميزة من المواد الطبيعية لذا يعتبر من أفضل أنواع البلسم المستخدمة لترطيب وتغذية شعر الأطفال وحمايته من التشابك والهيشان. مكونات إيفا سكين كلينيك بيبي:     زيت الزيتون.   الجوجوبا.   مزيج من المواد الطبيعية التي تعطيه ملمس صحي وناعم. مميزات بلسم إيفا سكين كلينيك:     يمتاز باحتوائه على تركيبة متعددة طبيعية تعمل على ترطيب الشعر وتجعل من السهل تسريحه دون الإصابة بالتهابات في العين.   يحتوي على كل من زيت الزيتون والجوجوبا الذي يساعد على تنعيم الشعر الهايش والجاف وتجعل من السهل تصفيفه.   يعمل كمضاد للتشابك من خلال الحفاظ على ترطيب الشعر وتقوية بصيلات وخصلات الشعر ومنحة إطلالة صحية.   تغذية الشعر من الجذور. طريقة استعمال بلسم إيفا للأطفال:     يغسل الشعر بالشامبو جيداً.   يتم وضع كمية ملائمة على الشعر المبلل ويشطف جيداً بالماء. حجم بلسم إيفا للأطفال:   يتوافر بحجم 200 مللي. سعر إيڤا سكين كلينيك بيبي بلسم:     يبلغ سعر Eva Skin Clinic conditioner من شركة ايفا لمستحضرات التجميل حوالي 120 جنيه "" قد يتغير السعر من مكان لآخر ومن وقت لآخر"". بلسم إيفا لهيشان الشعر للأطفال:   يحتوي على تركيبة فريدة من الزيوت الطبيعية التي تعمل على علاج هيشان شعر الطفل. منتجات إيفا:    تتمثل eva products فيما يلي:     إيڤا سكين كلينيك بيبي شامبو للأطفال.   بلسم إيفا للأطفال.   ايفا هير كلينيك جولد ارجان الواقي من الحرارة.   الو إيڤا أرجان بلسم الشعر الجديد.   الو إيڤا أرجان شامبو الشعر الجديد.   إيڤا هير كلينيك جولد ارجان ماسك مقوي للشعر.   الو إيڤا أرجان زيت الشعر الجديد.   إيڤا هير كلينيك جولد ارجان سيرم.   الو إيڤا أرجان ماسك الشعر الجديد. أفضل بلسم للشعر:     بلسم لوفيا ناتشر.   بلسم بانتين برو.   بلسم إيفا سكين كلينيك من eva cosmetics.   بلسم هيربل اسنسز.   بلسم لوريال. أفضل بلسم للشعر الجاف:     بلسم دوف.   بلسم فيشي.   بلسم إيفا سكين كلينيك للأطفال.   بلسم ايفر ستريت بالكيراتين. أفضل بلسم للشعر الجاف والمجعد:     تريتلو بلسم.   بلسم جليس.   إيڤا سكين كلينيك بيبي بلسم الذي يعتبر أفضل أنواع بلسم للشعر الجاف.   بلسم لوريال باريس.   تريسيمي بلسم. أفضل بلسم للشعر الهايش:     بلسم إيفا لهيشان الشعر للأطفال الذي يعتبر أحسن بلسم للشعر.   زيرو فريز بلسم.   بلسم كيراتين كيور.   بلسم هيربل اسنسز. علاج الشعر الهايش للأطفال:     تجنب استخدام الزيوت بعد غسل الشعر ويفضل الاكتفاء ببلسم مثل Eva Skin Clinic Bebe Conditioner مع كريم خفيف للمحافظة على رطوبة الشعر حتى مع اللعب والحركة.   يمكن استخدام الزيت لعمل حمام زيت قبل غسل الشعر بساعتين.   الاختيار الجيد لبلسم الشعر يعد واحد من أهم طرق علاج الشعر الهايش عند الأطفال لذا ينصح باستخدام بلسم أطفال eva cosmetics egypt. منتجات لفك تشابك الشعر:     منتجات ايفا للعناية بالشعر مثل إيفا سكين كلينيك بيبي شامبو وبلسم لفك تشابك الشعر.   فرشاة فك التشابك.   بلسم سيباميد أو أورجانيكس أو كيدي للأطفال.   سبراي مناسب لفك التشابك مثل سبراي كانتو.   اختيار نوع ملائم من الشامبو الذي يعمل على ترطيب الشعر وسهولة تصفيفه. علاج الشعر الجاف للأطفال:     تجنب غسل الشعر بشكل يومي.   القيام بحمام زيت بشكل دوري باستخدام الزيوت الطبيعية مثل زيت الزيتون مع زيت اللوز.   اختيار الشامبو والبلسم المناسب لطبيعة الشعر لتجنب إصابته بالضرر مثل شامبو وبلسم إيفا للأطفال الذي يعتبر واحد من منتجات ايفا للعناية بالشعر. بلسم للأطفال للشعر:     بلسم جونسون القطرات اللامعة.   بلسم كانتو.   بلسم سيباميد.   إيفا سكين كلينيك بيبي.",ماركة: إيڤا
45848,ديرما اكتيف | اكتى سولير كيدز سبراي لوشن حماية من الشمس للاطفال بمعامل حمايه +50 | 125مل,dermactive acti solaire spf kids lotion spray 125ml xkrc_duwUDJNR,369,EGP,ديرما اكتيف,الأم والطفل>الاستحمام,in stock,https://chefaa.com:443/eg-ar/nowProduct/dermactive-acti-solaire-spf-50-kids-lotion-spray-125ml-xkrc_duwUDJNR,https://cdn.chefaa.com/filters:format(webp)/public/uploads/products/dermactive-acti-solaire-spf-50-kids-lotion-spray-125ml-npq2-01715253901.png,https://cdn.chefaa.com/filters:format(webp)/public/uploads/products/dermactive-acti-solaire-spf-50-kids-lotion-spray-125ml-npq2-01715253901.png,مميزات المنتج   تم اختباره ليكون مقاومًا للماء والعرق ومقاوم للضوء لضمان حماية موثوقة من أشعة الشمس. تركيبته الخفيفة غير الدهنية سريعة الامتصاص تجعله ينتشر بسهولة على الجلد. يترك البشرة رطبة وناعمة ونضرة فور الاستخدام. مناسب لاستخدام الأطفال من سن 3 سنوات.   عن هذا المنتج     تم اختباره ليكون مقاومًا للماء والعرق ومقاوم للضوء لضمان حماية موثوقة من أشعة الشمس. تركيبته الخفيفة غير الدهنية سريعة الامتصاص تجعله ينتشر بسهولة على الجلد. يترك البشرة رطبة وناعمة ونضرة فور الاستخدام. مناسب لاستخدام الأطفال من سن 3 سنوات.,ماركة: ديرما اكتيف
21106,ديفول | سيروم للأطفال | 100مل,divol kids hair serum 100ml zexu,300,EGP,ديفول,الأم والطفل>الاستحمام,in stock,https://chefaa.com:443/eg-ar/nowProduct/divol-kids-hair-serum-100ml-zexu,https://cdn.chefaa.com/filters:format(webp)/public/uploads/products/divol-kids-hair-serum-100ml-xtod-01656235509.png,https://cdn.chefaa.com/filters:format(webp)/public/uploads/products/divol-kids-hair-serum-100ml-xtod-01656235509.png,مميزات المنتج   ديفول | سيروم للأطفال | 100مل,ماركة: ديفول
46492,بابلز | بيبرونة كلاسيك روز | 180مل,bubbles classic bottle rose 120ml tiff_duMOBr9T,155,EGP,بابلز بيبي,الأم والطفل>طعام الاطفال و مستلزماته,in stock,https://chefaa.com:443/eg-ar/nowProduct/bubbles-classic-bottle-rose-120ml-tiff_duMOBr9T,https://cdn.chefaa.com/filters:format(webp)/public/uploads/products/bubbles-classic-bottle-rose-120ml-yoli-01703626194.png,https://cdn.chefaa.com/filters:format(webp)/public/uploads/products/bubbles-classic-bottle-rose-120ml-yoli-01703626194.png,مميزات المنتج   بابلز | بيبرونة كلاسيك روز | 180مل,ماركة: بابلز بيبي
55074,ديفول | جل استحمام للأطفال بالفراولة | 300مل,divol kids shower gel strawberry 300mlor08,100,EGP,ديفول,الأم والطفل>الاستحمام,in stock,https://chefaa.com:443/eg-ar/nowProduct/divol-kids-shower-gel-strawberry-300mlor08,https://cdn.chefaa.com/filters:format(webp)/public/uploads/products/divol-kids-shower-gel-strawberry-300mlor08-01733741634.png,https://cdn.chefaa.com/filters:format(webp)/public/uploads/products/divol-kids-shower-gel-strawberry-300mlor08-01733741634.png,مميزات المنتج   ديفول | جل استحمام للأطفال بالفراولة | 300مل,ماركة: ديفول
60731,بابلز | ببرونة ناتشورال بيد ازرق من 1-6 شهور | 150مل,bubbles natural feeding bottle with handle months blue 150ml o7nc,265,EGP,بابلز بيبي,الأم والطفل>طعام الاطفال و مستلزماته,in stock,https://chefaa.com:443/eg-ar/nowProduct/bubbles-natural-feeding-bottle-with-handle-1-6-months-blue-150ml-o7nc,https://cdn.chefaa.com/filters:format(webp)/public/uploads/products/bubbles-natural-feeding-bottle-with-handle-1-6-months-blue-150ml-hg4a-01740906965.png,https://cdn.chefaa.com/filters:format(webp)/public/uploads/products/bubbles-natural-feeding-bottle-with-handle-1-6-months-blue-150ml-hg4a-01740906965.png,مميزات المنتج   بابلز | ببرونة ناتشورال بيد ازرق من 1-6 شهور | 150مل,ماركة: بابلز بيبي
62681,باشن بيبي | كريم للشعر | 120جم,passion baby hair cream rFPt,95,EGP,No Brand,الأم والطفل>الاستحمام,in stock,https://chefaa.com:443/eg-ar/nowProduct/passion-baby-hair-cream-120-gm-rFPt,https://cdn.chefaa.com/filters:format(webp)/public/uploads/products/passion-baby-hair-cream-120-gm-rfpt-01755772594.png,https://cdn.chefaa.com/filters:format(webp)/public/uploads/products/passion-baby-hair-cream-120-gm-rfpt-01755772594.png,مميزات المنتج   باشن بيبي | كريم للشعر | 120جم,raw_specs: المواصفات
