product_id,name,name_en,price,currency,brand,category,availability,url,thumbnail_image,gallery_images,description,specifications
1412,بيبانثين كريم مرطب للوجه bepanthen cream | ٣٠ جم,bepanthencreammoisturizing,207.5,EGP,بيبانثين,العناية بالبشرة>الترطيب,in stock,https://chefaa.com:443/eg-ar/nowProduct/bepanthencreammoisturizing,https://cdn.chefaa.com/filters:format(webp)/public/uploads/products/1629382950moisturizing-creamjpg,https://cdn.chefaa.com/filters:format(webp)/public/uploads/products/1629382950moisturizing-creamjpg,"مميزات المنتج   بيبانثين كريم مرطب (bepanthen cream) مرطب وملطف للبشرة ، بتركيبته المميزة يحافظ على رطوبة البشرة ويحميها من الجفاف والتهيج والالتهابات.   عن هذا المنتج       مكونات كريم بيبانثين للوجه (bepanthen cream) بيبانثين كريم مرطب يحتوي على المادة الفعالة ديكسابنثينول التى تساعد على إصلاح وتجديد الجلد كما أن لها تأثير مهدئ وملطف ومرطب للجلد. فوائد كريم بيبانثين للوجه يستخدم كريم Bepanthen لعلاج جفاف وتهيج الجلد فى حالات : احمرار وحروق الشمس حروق الطفيفة المناطق الخشنة من الجلد (مثل اليدين أو المرفقين أو القدمين) الطفح الجلدي طريقة استخدام كريم بيبانثين للوجة يتم وضع كريم Bepanthen مرة واحدة أو عدة مرات يوميًا حسب الحاجة  "" يمكن استخدام كريم بيبانثين للحامل وأثناء الرضاعة الطبيعية. حجم بيبانثين كريم مرطب يتوافر كريم بيبانثين للوجه بحجم 30 جرام. سعر بيبانثين كريم مرطب 30 جم في الصيدليات سعر مرطب بيبانثين (bepanthen cream 30 gm) حوالي 207 جنيه مصرى. "" قد يتغير سعر كريم بيبانثين للوجه من وقت لآخر "" أنواع مرطب بيبانثين للوجه والجسم كريم بيبانثين بلس للجروح ( كريم بيبانثين البرتقالي للجروح ) كريم بيبانثين للمنطقة الحساسة للأطفال ( كريم بيبانثين الوردي ) كريم بيبانثين الأزرق المرطب للبشرة لوشن بيبانثين ما فائدة كريم بيبانثين للمنطقة الحساسة ؟ كريم مرطب بيبانثين له تأثير مهدئ وملطف للجلد لذا يستخدم فى علاج تهيج والتهابات المنطقة الحساسة. هل يُستخدم bepanthen كريم لحب الشباب ؟ بيبانثين مرطب لا يساعد فى علاج الحبوب ولكنه يخفف من تهيج البشرة المصاحب للإصابة بالحبوب. هل يُستخدم  كريم بيبانثين الازرق للتفتيح ؟ الكريم لا يساعد على تفتيح أو تبييض البشرة ولكنه يخفف من التهاب وجفاف الجلد الذى قد يسبب اسمرار لون البشرة. هل يُستخدم كريم بيبانثين للشفايف ؟ يمكن استخدام الكريم ليخفف من جفاف والتهاب المنطقة حول الشفايف. ما فائدة كريم بيبانثين بعد التقشير ؟ قد يصاحب عملية تقشير الجلد احمرار والتهاب بالبشرة لذا يمكن استخدام الكريم للوقاية وتخفيف هذا الاحمرار والتهيج. هل يُستخدم كريم بيبانثين الازرق للهالات ؟ لا يساعد كريم بيبانثين الازرق فى علاج الهالات السوداء. ما فائدة كريم بيبانثين للحروق ؟ قد يساعد كريم بيبانثين الازرق فى حالات الحروق الطفيفة وحروق الشمس ليلطف ويهدئ الجلد. ما أضرار مرطب بيبانثين للوجة ؟ مرطب بيبانثين للوجه يعتبر آمنًا وفعالًا لمعظم الأشخاص، لكنه قد يسبب الشعور باللزوجة أو الثقل على البشرة إذا تم استخدام كمية كبيرة. هل ينفع مرطب بيبانثين للبشره الدهنية ؟ مرطب بيبانثين (bepanthen moisturizing cream) يمكن أن يُستخدم للبشرة الدهنية ولكن إذا كانت عرضة لحب الشباب أو انسداد المسام، فالافضل استخدم منتجات بتركيبة خفيفة وخالية من الزيوت. هل ينفع بيبانثين للاطفال ؟ نعم، بيبانثين آمن ومناسب للاستخدام على بشرة الأطفال. متى تظهر نتائج كريم بيبانثين ؟ تظهر نتائج كريم بيبانثين فى حالات استعماله من اجل: الترطيب وتهدئة البشرة : التحسن عادةً يظهر خلال ساعات قليلة من الاستخدام الأول، قد تشعر البشرة بالترطيب والنعومة. علاج التهيج أو الجفاف البسيط : التحسن عادةً يظهر خلال 2 إلى 3 أيام من الاستخدام المنتظم.  التئام الجروح أو الطفح : قد يستغرق من 5 إلى 7 أيام للتحسن الواضح، خاصة في حالات الطفح أو التهيج الشديد. هل يُستخدم كريم بيبانثين للشعر ؟ كريم بيبانثين غير مخصص للاستخدام على الشعر ولكن بإمكانك استخدامه لترطيب شعرك الجاف من خلال وضع مسحة بسيطة من الكريم على أطراف شعرك ثم تمشيطه برفق كم مرة يتم استخدام بيبانثين كريم مرطب ؟ يُفضل ترطيب الوجه مرتين في اليوم ، مرة واحدة في هذا الصباح ومرة في الليل ،مما يضمن الحفاظ على رطوبة الجلد طوال اليوم  هل يمكن أن يسبب المرطب حب الشباب ؟  يُعد ترطيب البشرة جزء مهم جدًا فى علاج حب الشباب حيث يميل الجلد الرطب إلى تقليل تراكم الدهون داخل المسام مما يخفف من ظهور حب الشباب ما أفضل كريم مرطب للوجه ؟ كريم أفين مرطب avene clean-ac للبشرة الدهنية مرطب فيشي نورماديرم للبشرة الدهنية مرطب لاروش ايفاكلار اتش للبشرة الدهنية توبي كريم مرطب لايت Topicrem lait للبشرة المختلطة  مرطب أفين كولد كريم للبشرة العادية مرطب لاروش ليبيكار lipikar Baume AP للبشرة الجافة يورياج زيموس كريم للوجه uriage xemose للبشرة الجافة بيوديرما اتوديرم كريم مغذى للبشرة الجافة  ما أفضل لوشن مرطب للجسم ؟ نيفيا بودى لوشن ذي بودي شوب لوشن للجسم فازلين لوشن للجسم جونسون لوشن للجسم لوشن للجسم من باث اند بودي وركس  لوشن معطر للجسم من فيكتوريا سيكريت  لوشن معطر للجسم من افون",ماركة: بيبانثين
2454,نيفيا | سوفت كريم مرطب ومنعش للجسم | 50مل,nivea soft moisturizing cream refreshingly soft 50ml,48,EGP,نيفيا,العناية بالبشرة>الترطيب,in stock,https://chefaa.com:443/eg-ar/nowProduct/nivea-soft-moisturizing-cream-refreshingly-soft-50ml,https://cdn.chefaa.com/filters:format(webp)/public/uploads/products/nivea-soft-moisturizing-cream-refreshingly-soft-50ml-01655029300.png,https://cdn.chefaa.com/filters:format(webp)/public/uploads/products/nivea-soft-moisturizing-cream-refreshingly-soft-50ml-01655029300.png,عن هذا المنتج         كريم ترطيب مكثف ذات فاعلية عالية.   سريع الامتصاص وينعش البشرة.   يعطي نتائج ملحوظة ويترك البشرة ناعمة ونضرة وجذابة.   للاستخدام اليومي.   مصرح به كمنتج لطيف على الجلد ومتطابق مع البشرة ولا يسبب أية تفاعلات جلدية.,ماركة: نيفيا
2451,نيفيا | سوفت كريم مرطب ومنعش للجسم | 100مل,nivea soft moisturizing cream refreshingly soft 100ml,80,EGP,نيفيا,العناية بالبشرة>الترطيب,in stock,https://chefaa.com:443/eg-ar/nowProduct/nivea-soft-moisturizing-cream-refreshingly-soft-100ml,https://cdn.chefaa.com/filters:format(webp)/public/uploads/products/nivea-soft-moisturizing-cream-refreshingly-soft-100ml-01655030204.png,https://cdn.chefaa.com/filters:format(webp)/public/uploads/products/nivea-soft-moisturizing-cream-refreshingly-soft-100ml-01655030204.png,عن هذا المنتج     كريم ترطيب مكثف ذات فاعلية عالية.   سريع الامتصاص وينعش البشرة.   يعطي نتائج ملحوظة ويترك البشرة ناعمة ونضرة وجذابة.   للاستخدام اليومي.   مصرح به كمنتج لطيف على الجلد ومتطابق مع البشرة ولا يسبب أية تفاعلات جلدية.,ماركة: نيفيا
2452,نيفيا | سوفت كريم مرطب ومنعش للجسم | 200مل,nivea soft moisturizing cream refreshingly soft 200ml,145,EGP,نيفيا,العناية بالبشرة>الترطيب,in stock,https://chefaa.com:443/eg-ar/nowProduct/nivea-soft-moisturizing-cream-refreshingly-soft-200ml,https://cdn.chefaa.com/filters:format(webp)/public/uploads/products/nivea-soft-moisturizing-cream-refreshingly-soft-200ml-01655030643.png,https://cdn.chefaa.com/filters:format(webp)/public/uploads/products/nivea-soft-moisturizing-cream-refreshingly-soft-200ml-01655030643.png,عن هذا المنتج     كريم ترطيب مكثف ذات فاعلية عالية.   سريع الامتصاص وينعش البشرة.   يعطي نتائج ملحوظة ويترك البشرة ناعمة ونضرة وجذابة.   للاستخدام اليومي.   مصرح به كمنتج لطيف على الجلد ومتطابق مع البشرة ولا يسبب أية تفاعلات جلدية.,ماركة: نيفيا
55304,إيفا | مقشر لليد جولد سبيل | 50مل,eva hand scrub gold spell mlHmM7,70,EGP,إيڤا,العناية بالبشرة>,in stock,https://chefaa.com:443/eg-ar/nowProduct/eva-hand-scrub-gold-spell-50-mlHmM7,https://cdn.chefaa.com/filters:format(webp)/public/uploads/products/eva-hand-scrub-gold-spell-50-mlhmm7-01733082879.png,https://cdn.chefaa.com/filters:format(webp)/public/uploads/products/eva-hand-scrub-gold-spell-50-mlhmm7-01733082879.png,مميزات المنتج   إيفا | مقشر لليد جولد سبيل | 50مل,ماركة: إيڤا
51715,إيفا | ناتشورال جلو كريم لتفتيح وترطيب منطقة حول العين | 15جم,eva natural glow eye contor lightening cream 15mlQ8yh,65,EGP,إيڤا,العناية بالبشرة>,in stock,https://chefaa.com:443/eg-ar/nowProduct/eva-natural-glow-eye-contor-lightening-cream-15mlQ8yh,https://cdn.chefaa.com/filters:format(webp)/public/uploads/products/eva-natural-glow-eye-contor-lightening-cream-15mlq8yh-01733093840.png,https://cdn.chefaa.com/filters:format(webp)/public/uploads/products/eva-natural-glow-eye-contor-lightening-cream-15mlq8yh-01733093840.png,مميزات المنتج   إيفا | ناتشورال جلو كريم لتفتيح وترطيب منطقة حول العين | 15جم,ماركة: إيڤا
46598,إيفا | كريم نهاري للعناية بالبشرة بعامل حماية من الشمس SPF 30 | 50 جم,eva skin care natural glow day cream spf 50gm expn_duhCJidw,100,EGP,إيڤا,العناية بالبشرة>الترطيب,in stock,https://chefaa.com:443/eg-ar/nowProduct/eva-skin-care-natural-glow-day-cream-spf-30-50gm-expn_duhCJidw,https://cdn.chefaa.com/filters:format(webp)/public/uploads/products/eva-skin-care-natural-glow-day-cream-spf-30-50gm-xbgl-01707992133.png,https://cdn.chefaa.com/filters:format(webp)/public/uploads/products/eva-skin-care-natural-glow-day-cream-spf-30-50gm-xbgl-01707992133.png,عن هذا المنتج     إيفا | كريم نهاري للعناية بالبشرة بعامل حماية من الشمس SPF 30 | 50 جم,ماركة: إيڤا
32196,ايفا | كريم الاستحمام سكين كير باشون | 250مل,eva skin care shower cream passion 250ml 0aex,110,EGP,إيڤا,العناية بالبشرة>,in stock,https://chefaa.com:443/eg-ar/nowProduct/eva-skin-care-shower-cream-passion-250ml-0aex,https://cdn.chefaa.com/filters:format(webp)/public/uploads/products/eva-skin-care-shower-cream-passion-250ml-0aex-01721406147.png,https://cdn.chefaa.com/filters:format(webp)/public/uploads/products/eva-skin-care-shower-cream-passion-250ml-0aex-01721406147.png,مميزات المنتج   ايفا | كريم الاستحمام سكين كير باشون | 250مل,ماركة: إيڤا
5956,إيفا | كريم الوجه الخالي من البقع | 18 جرام,spotless face cream 2io9,30,EGP,إيڤا,العناية بالبشرة>السيروم,in stock,https://chefaa.com:443/eg-ar/nowProduct/spotless-face-cream-18-gm-2io9,https://cdn.chefaa.com/filters:format(webp)/public/uploads/products/1619719352spotless-face-cream-18gm-chefaajpg,https://cdn.chefaa.com/filters:format(webp)/public/uploads/products/1619719352spotless-face-cream-18gm-chefaajpg,مميزات المنتج   يتميز كريم سبوتلس ايفا (spotless eva) بما يلي: له تركيبة طبيعية تساعد على تفتيح البشرة وعلاج التصبغات. يجدد خلايا البشرة ويساعد على تقشير خلايا الجلد الميت. يمكن استخدامه لتفتيح الكوع والركبتين. يحارب البكتيريا وحب الشباب وعلامات تقدم السن. ينقي مسام البشرة ويقاوم البثور السوداء. سعر كريم سبوتلس ايفا مناسب مقارنة بفوائده العديدة.   عن هذا المنتج     مكونات كريم سبوتلس ايفا يحتوي كريم سبوتلس ايفا (spotless cream) على: بروتينات اللبن: تجدد شباب البشرة وتحميها من علامات تقدم السن. الليمون: مقشر طبيعي للبشرة ويساعد على تفتيحها وعلاج البقع والتصبغات. سعر كريم سبوتلس الاصلي يبلغ سعر سبوتلس كريم حوالى 25 جنيه مصرى. حجم كريم spotless eva يتوفر كريم spotless eva بحجم 18 جم. يوصى باستعمال كريم سبوتلس باللبن الرايب والليمون كريم سبوتلس باللبن الرايب والليمون مناسب لتفتيح وتوحيد لون البشرة وكذلك له دور في مقاومة حب الشباب وعلامات تقدم سن البشرة. متى تظهر نتائج كريم سبوتلس ؟ تظهر نتائج spotless كريم بعد حوالي شهر إلى 3 أشهر مع الانتظام باستخدامه مرتين يومياً. ما هى فوائد كريم سبوتلس للوجه ؟ يوحد لون البشرة ويساعد على تفتيحها. يقاوم ظهور حب الشباب والبثور السوداء. يحمي من التجاعيد وعلامات تقدم سن البشرة. يجدد خلايا البشرة ويعالج البقع والتصبغات. ما هى خلطة كريم سبوتلس للتفتيح ؟ يمكن خلط كريم سبوتلس مع كريم بيتاديرم لتفتيح البشرة وعلاج الالتهاب ولكن يجب استخدامه لمدة 5 أيام فقط ثم التوقف عن استخدامه. ما هى طريقة استخدام كريم سبوتلس للحبوب ؟ يغسل الوجه جيداً ثم يوضع سبوتلس كريم للوجه على الحبوب، ويمكن استخدامه مع كريم فيوسيدين مضاد حيوي للحصول على نتائج أفضل. ما هى اضرار كريم سبوتلس لحب الشباب ؟ قد لا يعطي سبوتلس كريم للوجه نتائج فعالة في علاج الحبوب ولذلك يفضل استخدام مضاد حيوي مناسب. هل يُستخدم كريم سبوتلس للبشرة الدهنية ؟ كريم سبوتلس مناسب للبشرة الدهنية إذ يساعد على تنقية المسام وتقليل تكون البكتيريا المسببة للحبوب.,ماركة: إيڤا
1173,كريم ستارفيل للحبوب وإزالة الرؤوس السوداء للبشرة الدهنية | 60 جم,star ville acne prone skin cream,85,EGP,ستارفيل,العناية بالبشرة>,in stock,https://chefaa.com:443/eg-ar/nowProduct/star-ville-acne-prone-skin-cream,https://cdn.chefaa.com/filters:format(webp)/public/uploads/products/star-ville-acne-prone-skin-cream-01669729110.png,https://cdn.chefaa.com/filters:format(webp)/public/uploads/products/star-ville-acne-prone-skin-cream-01669729110.png,"عن هذا المنتج       ﻿  كريم ستارفيل مخصصة للبشرة المصابة بحب الشباب والرؤوس السوداء يتميز بمكونات طبيعية تقضى على البكتيريا المسببة لحب الشباب كما تقلل من التهاب واحمرار البشرة والبقع الناتجة عن الحبوب مكونات ستارفيل كريم لحب الشباب : زيت شجرة الشاي : يعد زيت شجرة الشاي مفيداً فى علاج حب الشباب بسبب خصائصه المضادة للالتهابات والمضادة للميكروبات. كما أنه يهدئ الاحمرار والتورم والالتهاب. وقد يخفف أيضًا من ظهور آثار حب الشباب  حمض السالسيلك : يمكن أن يساعد في علاج حب الشباب عن طريق تقشير الجلد وإزالة خلايا الجلد الميتة التي والتى يمكن أن تسد المسام فيتامين هـ :  مضاد للأكسدة ، يحمى البشرة من العوامل الضارة  البانثينول : يساعد على ترطيب البشرة وزيادة مرونتها  ونضارتها الكلورهيكسيدين : مطهر يقضي على البكتيريا خلاصة الصبار : تعزز من تدفق الدم في البشرة وله تأثير مضاد للبكتيريا  خلاصة الميرمية خلاصة البابونج خلاصة إكليل الجبل فوائد كريم starville :  تخفف من ظهور حب الشباب تساعد فى إزالة الرؤوس السوداء طريقة استعمال  starville acne prone skin cream : يتم غسل البشرة بغسول مناسب وتجفيفها جيداً يتم وضع كمية صغيرة من الكريم على البشرة حجم starville cream : يتوافر كريم ستارفيل للحبوب بحجم 60 جرام سعر ستارفيل كريم حب الشباب : يبلغ سعر كريم  ستارفيل حوالى 85 جنيه"" قد يختلف السعر من مكان لآخر ومن وقت لاخر "" نصائح لاختيار الغسول المناسب للبشرة المعرضة لحب الشباب : إذا كنت تريد روتينًا بسيطًا، فابحث عن غسول يحتوي على مكونات نشطة مثل أحماض ألفا هيدروكسي أو أحماض بيتا هيدروكسي أو حمض الساليسيليك أو بيروكسيد البنزويل أو سلفاسيتاميد الصوديوم أو الزنك أو مكونات زيت شجرة الشاي. إذا كنت تحب المنظفات البسيطة واللطيفة التي تساعد على تنظيف البشرة فقط ، فاستخدم معها منتجات علاج حب الشباب مثل السيروم والعلاجات الموضعية  للبشرة الحساسة المصابة بحب الشباب استخدم غسول مضاد للالتهابات  للبشرة الدهنية استخدم غسول يحتوى على زيت شجرة الشاي ، زيت الجوجوبا ، الفحم ، الكبريت  ،حمض الساليسيليك ، بيروكسيد البنزويل أو سلفاسيتاميد الصوديوم للبشرة الجافة يفضل استخدام صابون مرطب يحتوي على سيراميد ، البانثينول أو زبدة الشيا مع الفيتامينات ومضادات الأكسدة  روتين العناية بالبشرة المصابة بحب الشباب : الخطوة 1: نظف بلطف ولكن جيدًا باستخدام أطراف أصابعك أو قطعة قماش ناعمة ، نظف وجهك جيدًا  تأكد من استخدام المنظف المناسب لبشرتك  إذا كنت تستخدم حاليًا أدوية لعلاج حب الشباب ، فستحتاج إلى منظف لطيف غير معالج أما إذا كنت لا تستخدم أدوية فاختر منظفاً يحتوي على حمض الساليسيليك أو بيروكسيد البنزويل  إذا كنت تضع مكياج ، أو إذا أصبحت بشرتك أكثر اتساخًا أو متعرقة  ، فقم بغسل مزدوج في الليل : نظف البشرة ثم اشطف جيدًا ،ثم كرر ذلك مرة أخرى لضمان التخلص من كل آثار المكياج والعرق والأوساخ الخطوة 2: استخدم التونر يمكن أن يساعد التونر على إزالة الإفرازات الدهنية الزائدة ومكافحة الرؤوس السوداء ضع التونر على قطعة من القطن ومرريها بلطف على الوجه  إذا كانت بشرتك جافة إما بشكل طبيعي أو لأنك تستخدم علاجات حب الشباب ، فإن التونر المرطب هو الخيار الأفضل لك. الخطوة 3: قم بتطبيق أدوية علاج حب الشباب بعد أن يجف التونر تمامًا ضعي كريمات علاج حب الشباب وفقًا للتوجيهات. قد يكون هذا دواء يصفه لك الطبيب ، أو كريم لحب الشباب بدون وصفة طبية. الخطوة 4: ضع مرطبًا أو جل خالي من الزيوت الخطوة 5 : الحماية من الشمس إذا لم يكن المرطب الخاص بك يحتوي على عامل حماية من الشمس (SPF) ، فعليك التفكير في استخدام منتج واقٍ من الشمس   ﻿",ماركة: ستارفيل
46311,ستارفيل غسول جل للبشرة الدهنية والمعرضة للحبوب | 100 مل,starville acne prone skin facial cleanser 100ml fcq8_duG7RVxK,80,EGP,ستارفيل,العناية بالبشرة>الغسول,in stock,https://chefaa.com:443/eg-ar/nowProduct/starville-acne-prone-skin-facial-cleanser-100ml-fcq8_duG7RVxK,https://cdn.chefaa.com/filters:format(webp)/public/uploads/products/starville-acne-prone-skin-facial-cleanser-100ml-fcq8-01703061854.png,https://cdn.chefaa.com/filters:format(webp)/public/uploads/products/starville-acne-prone-skin-facial-cleanser-100ml-fcq8-01703061854.png,مميزات المنتج   منظف الوجه للبشرة المعرضة لحب الشباب من ستارفيل مثالي لإزالة خلايا الجلد الميتة والرؤوس السوداء والأوساخ. يساعد في الحفاظ على بشرتك نظيفة ومنتعشة. يمكن حمل هذا المنظف المليء بالجل بسهولة في حقيبة يدك أو حقيبة الظهر للحفاظ على صحة بشرتك أثناء التنقل. بشرة خالية من حب الشباب والشوائب: يحافظ على بشرتك خالية من حب الشباب والشوائب. كما أنه يساعد في إزالة الزيوت الزائدة من بشرتك مع الحفاظ على توازن درجة الحموضة فيه. مناسب لجميع أنواع البشرة: يناسب هذا الكريم جميع أنواع البشرة بشكل مثالي. أضفه إلى روتين العناية ببشرتك وتفاجأ بنتائج مذهلة.   عن هذا المنتج     مكونات ستارفيل غسول للبشرة الدهنية والمعرضة للحبوب: زيت شجرة الشاي: يحتوي على مضادات للبكتيريا والالتهابات ويساعد فى تقليل حب الشباب. حمض الساليسيليك (Salicylic acid): يساعد على تقشير الجلد وإزالة خلايا الجلد الميتة وتقليل آثار الحبوب. خلاصة العرقسوس: يساعد على تقليل الاحمرار والالتهاب. الكبريت. البانثينول: يساعد على ترطيب البشرة ومنع جفافها. فوائد غسول ستارفيل للبشرة الدهنية والمعرضة للحبوب: يعمل على تنقية المسام وعلاج مشاكل البشرة مثل حب الشباب. يساعد على تنظيف البشرة بعمق ويزيل الشوائب والأتربة. يعمل الغسول على تقليل آثار الحبوب والبقع وإزالة خلايا الجلد الميت. يساعد على التحكم بالإفرازات الدهنية مما يقلل ظهور الحبوب. يساعد على تقليل ظهور الرؤوس السوداء والبيضاء للحصول على بشرة نقية. يساعد على تقشير البشرة وإزالة الجلد الميت المسبب لانسداد المسام. يعمل على تخفيف الالتهابات التي تصاحب ظهور حب الشباب. يساعد على تقليل ظهور الحبوب لاحتوائه على زيت شجرة الشاي المضاد للبكتيريا المسببة لظهور الحبوب. حجم Starville Facial Cleanser Gel Tea Tree Oil: يتوفر بحجم 200 مل. يوصي باستعمال غسول ستارفيل لـ: غسول Starville مناسب للبشرة الدهنية والمختلطة والمعرضة للحبوب حيث يعمل على تنقية المسام وتقليل الافرازات الدهنية وتقليل ظهور الحبوب.,ماركة: ستارفيل
893,غسول ستارفيل للحبوب starville غسول للبشرة الدهنية والمختلطة | 200 مل,star ville facial cleanser,125,EGP,ستارفيل,العناية بالبشرة>الغسول,in stock,https://chefaa.com:443/eg-ar/nowProduct/star-ville-facial-cleanser,https://cdn.chefaa.com/filters:format(webp)/public/uploads/products/star-ville-facial-cleanser-01674476919.png,https://cdn.chefaa.com/filters:format(webp)/public/uploads/products/star-ville-facial-cleanser-01674476919.png,"مميزات المنتج   يتميز غسول ستارفيل للحبوب (starville cleanser) بما يلى : منظف الوجه للبشرة المعرضة لحب الشباب من ستارفيل مثالي لإزالة خلايا الجلد الميتة والرؤوس السوداء والأوساخ. يساعد في الحفاظ على بشرتك نظيفة ومنتعشة. يمكن حمل هذا المنظف المليء بالجل بسهولة في حقيبة يدك أو حقيبة الظهر للحفاظ على صحة بشرتك أثناء التنقل. يحافظ على بشرتك خالية من حب الشباب والشوائب يساعد في إزالة الزيوت الزائدة من بشرتك مع الحفاظ على توازن درجة الحموضة فيه. غسول ستارفيل للبشرة المختلطة وللبشرة الدهنية والمعرضة للحبوب سعر غسول ستارفيل بزيت شجرة الشاي مناسب لمفعوله   عن هذا المنتج     مكونات غسول ستارفيل للحبوب للبشرة الدهنية يحتوى غسول ستارفيل للحبوب (starville غسول) على:  زيت شجرة الشاي: يحتوي على مضادات للبكتيريا والالتهابات ويساعد فى تقليل حب الشباب.   حمض الساليسيليك (Salicylic acid): يساعد على تقشير الجلد وإزالة خلايا الجلد الميتة وتقليل آثار الحبوب.   خلاصة العرقسوس: يساعد على تقليل الاحمرار والالتهاب.   الكبريت.   البانثينول: يساعد على ترطيب البشرة ومنع جفافها.     فوائد غسول ستارفيل للبشرة الدهنية والمختلطة  غسول ستارفيل للبشرة المختلطة له العديد من الفوائد منها أنه: يعمل على تنقية المسام وعلاج مشاكل البشرة مثل حب الشباب. يساعد على تنظيف البشرة بعمق ويزيل الشوائب والأتربة. يعمل الغسول على تقليل آثار الحبوب والبقع وإزالة خلايا الجلد الميت. يساعد على التحكم بالإفرازات الدهنية مما يقلل ظهور الحبوب. يساعد على تقليل ظهور الرؤوس السوداء والبيضاء للحصول على بشرة نقية. يساعد على تقشير البشرة وإزالة الجلد الميت المسبب لانسداد المسام. يعمل على تخفيف الالتهابات التي تصاحب ظهور حب الشباب. يساعد على تقليل ظهور الحبوب لاحتوائه على زيت شجرة الشاي المضاد للبكتيريا المسببة لظهور الحبوب. حجم غسول starville للبشره الدهنية يتوفر غسول ستارفيل للحبوب بحجم 200  مل و100 مل و 400 مل. سعر غسول ستارفيل في الصيدليات  يبلغ سعر غسول starville للبشره الدهنية 200 مل حوالى 125 جنيه. سعر غسول ستارفيل للبشره الدهنيه 400 مل حوالى 210 جنيه. يبلغ سعر غسول starville للبشره المختلطة  ١٠٠ مل حوالى 80جنيه. "" قد يتغير سعر ستارفيل غسول من وقت لاخر تبعاً لتغير سعره فى الاسواق "" يوصي باستعمال  starville غسول لكل من ستارفيل غسول مناسب للبشرة الدهنية والمختلطة والمعرضة للحبوب حيث يعمل على تنقية المسام وتقليل الافرازات الدهنية وتقليل ظهور الحبوب. طريقة استخدام ستارفيل غسول starville cleanser اغسل يديك. بللي وجهك بالماء الفاتر. ضعي المنظف على كامل الوجه، وصولاً إلى خط الشعر، والفك، والرقبة. دلكي وجهك ورقبتك باستخدام الغسول. اشطفيه جيدًا حتى لا يبقى أي أثر للغسول. قم بتجفيف بشرتك. ما هى أضرار غسول ستارفيل ؟ ستارفيل غسول للبشرة الدهنية قد يسبب ظهور الحبوب فى بداية الاستعمال. ما هى عيوب غسول ستارفيل الازرق ؟ قد تلاحظين في البداية ظهور الحبوب ما هى مميزات غسول ستارفيل ؟ يساعد في تقليل ظهور الحبوب وتنظيم إفراز الدهون. ما هى أنواع غسول ستارفيل ؟ غسول ستارفيل للتفتيح الابيض غسول ستارفيل للبشرة المختلطة والدهنية الازرق ما الفرق بين غسول ستارفيل الابيض والازرق ؟ غسول ستارفيل الابيض مخصص لتفتيح البشرة غسول ستارفيل الازرق مخصص لتقليل افرازات الدهون وتقليل لمعان البشرة وتقليل ظهور الحبوب. غسول سينوبار ولا ستارفيل للبشره المختلطه ؟ غسول ستارفيل بزيت شجرة الشاي وغسول سينوبار كلاهما جيد للبشرة المختلطة وسعرهم جيد بالنسبة لكميتهم وفاعليتهم. هل غسول ستارفيل مناسب للبشره الدهنيه ؟ أجل غسول ستارفيل الاخضر مناسب للبشرة الدهنية. هل غسول ستارفيل مناسب للبشرة المختلطة ؟ أجل غسول ستارفيل الاخضر مناسب للبشرة المختلطة. هل غسول ستارفيل مضر للحامل ؟ يمكن استعمال غسول ستارفيل للحامل. ما هى مدة صلاحية غسول ستارفيل ؟ الصلاحية مدونة على العبوة من الخارج وعادةً ما تكون سنتين من تاريخ الانتاج. ما أرخص غسول للبشرة الدهنية والحبوب ؟ غسول starville للبشره المختلطة والدهنية غسول نيتروجينا للبشرة الدهنية والمختلطة غسول بوبانا بحبيبات الفحم هيميالا غسول للبشرة الدهنية بخلاصة النيم غسول توبى جينت الأزرق. غسول ناترى للحبوب.",ماركة: ستارفيل
28399,ستارفيل غسول جل للبشرة الدهنية والمعرضة للحبوب | 400 مل,starville acne prone skin facial cleanser gel 400ml ejeh,210,EGP,ستارفيل,العناية بالبشرة>الغسول,in stock,https://chefaa.com:443/eg-ar/nowProduct/starville-acne-prone-skin-facial-cleanser-gel-400ml-ejeh,https://cdn.chefaa.com/filters:format(webp)/public/uploads/products/starville-acne-prone-skin-facial-cleanser-gel-400ml-ejeh-01703074220.png,https://cdn.chefaa.com/filters:format(webp)/public/uploads/products/starville-acne-prone-skin-facial-cleanser-gel-400ml-ejeh-01703074220.png,مميزات المنتج   منظف الوجه للبشرة المعرضة لحب الشباب من ستارفيل مثالي لإزالة خلايا الجلد الميتة والرؤوس السوداء والأوساخ. يساعد في الحفاظ على بشرتك نظيفة ومنتعشة. يمكن حمل هذا المنظف المليء بالجل بسهولة في حقيبة يدك أو حقيبة الظهر للحفاظ على صحة بشرتك أثناء التنقل. بشرة خالية من حب الشباب والشوائب: يحافظ على بشرتك خالية من حب الشباب والشوائب. كما أنه يساعد في إزالة الزيوت الزائدة من بشرتك مع الحفاظ على توازن درجة الحموضة فيه. مناسب لجميع أنواع البشرة: يناسب هذا الكريم جميع أنواع البشرة بشكل مثالي. أضفه إلى روتين العناية ببشرتك وتفاجأ بنتائج مذهلة.   عن هذا المنتج     مكونات ستارفيل غسول للبشرة الدهنية والمعرضة للحبوب: زيت شجرة الشاي: يحتوي على مضادات للبكتيريا والالتهابات ويساعد فى تقليل حب الشباب. حمض الساليسيليك (Salicylic acid): يساعد على تقشير الجلد وإزالة خلايا الجلد الميتة وتقليل آثار الحبوب. خلاصة العرقسوس: يساعد على تقليل الاحمرار والالتهاب. الكبريت. البانثينول: يساعد على ترطيب البشرة ومنع جفافها. فوائد غسول ستارفيل للبشرة الدهنية والمعرضة للحبوب: يعمل على تنقية المسام وعلاج مشاكل البشرة مثل حب الشباب. يساعد على تنظيف البشرة بعمق ويزيل الشوائب والأتربة. يعمل الغسول على تقليل آثار الحبوب والبقع وإزالة خلايا الجلد الميت. يساعد على التحكم بالإفرازات الدهنية مما يقلل ظهور الحبوب. يساعد على تقليل ظهور الرؤوس السوداء والبيضاء للحصول على بشرة نقية. يساعد على تقشير البشرة وإزالة الجلد الميت المسبب لانسداد المسام. يعمل على تخفيف الالتهابات التي تصاحب ظهور حب الشباب. يساعد على تقليل ظهور الحبوب لاحتوائه على زيت شجرة الشاي المضاد للبكتيريا المسببة لظهور الحبوب. حجم Starville Facial Cleanser Gel Tea Tree Oil: يتوفر بحجم 200 مل. يوصي باستعمال غسول ستارفيل لـ: غسول Starville مناسب للبشرة الدهنية والمختلطة والمعرضة للحبوب حيث يعمل على تنقية المسام وتقليل الافرازات الدهنية وتقليل ظهور الحبوب.,ماركة: ستارفيل
45725,ستارفيل | جل مرطب للبشرة الدهنية | 100جم,starville acne prone skin hydrating gel with tea tree 100ml cwzj_duBF5Ear,175,EGP,ستارفيل,العناية بالبشرة>الترطيب,in stock,https://chefaa.com:443/eg-ar/nowProduct/starville-acne-prone-skin-hydrating-gel-with-tea-tree-100ml-cwzj_duBF5Ear,https://cdn.chefaa.com/filters:format(webp)/public/uploads/products/starville-acne-prone-skin-hydrating-gel-with-tea-tree-100ml-kqae-01716308999.png,https://cdn.chefaa.com/filters:format(webp)/public/uploads/products/starville-acne-prone-skin-hydrating-gel-with-tea-tree-100ml-kqae-01716308999.png,مميزات المنتج   ستارفيل | جل مرطب للبشرة الدهنية | 100جم,ماركة: ستارفيل
21682,صابونة ستارفيل للحبوب للبشره الدهنية | 100جم,starville acne prone skin soap 100gm t4gy,50,EGP,ستارفيل,العناية بالبشرة>الغسول,in stock,https://chefaa.com:443/eg-ar/nowProduct/starville-acne-prone-skin-soap-100gm-t4gy,https://cdn.chefaa.com/filters:format(webp)/public/uploads/products/starville-acne-prone-skin-soap-100gm-aoue-01657115806.png,https://cdn.chefaa.com/filters:format(webp)/public/uploads/products/starville-acne-prone-skin-soap-100gm-aoue-01657115806.png,"مميزات المنتج   صابونة ستارفيل للحبوب (starville soap) يتميز بما يلى:  يحتوي على مكونات تنظف البشرة بفاعلية. يحتوى على مكونات مضادة لحب الشباب تساعد في تقليل البثور ومنع ظهور جديدة مثل زيت شجرة الشاي وحمض السالسيلك. غير كوميدوغينيك اى لا يسبب انسداد المسام مناسب للبشرة الدهنية والمختلطة   عن هذا المنتج     مكونات صابونة ستارفيل للحبوب تحتوى صابونة starville على: الكبريت :  يساعد الكبريت على تقليل الإفرازات الدهنية الزائدة من البشرة والتي قد تساهم في ظهور حب الشباب . كما أنه يزيل خلايا الجلد الميتة للمساعدة على فتح المسام أكسيد الزنك : فعال أيضًا في علاج حب الشباب لأنه يخفف من تهيج الجلد والالتهابات المصاحبة لحب الشباب . كما يساعد أيضًا في تنظيم إنتاج الدهون من البشرة وله خصائص مضادة للميكروبات والبكتيريا التي تؤدي عادة إلى ظهور حب الشباب زيت شجرة الشاي : يعد زيت شجرة الشاي مفيداً فى علاج حب الشباب بسبب خصائصه المضادة للالتهابات والمضادة للميكروبات. كما أنه يهدئ الاحمرار والتورم والالتهاب. وقد يخفف أيضًا من ظهور آثار حب الشباب فيتامين سى :  يقلل من الاحمرار والالتهاب المصاحب لحب الشباب كما يساعد أيضًا على زيادة إنتاج الكولاجين حمض السالسيلك : يمكن أن يساعد في علاج حب الشباب عن طريق تقشير الجلد وإزالة خلايا الجلد الميتة التي والتى يمكن أن تسد المسام خلاصة الصبار : تعزز من تدفق الدم في البشرة وله تأثير مضاد للبكتيريا فوائد صابونه ستارفيل للحبوب تخفف من ظهور حب الشباب تساعد فى إزالة الرؤوس السوداء طريقة استعمال صابونة ستارفيل للبشره الدهنية يتم غسل البشرة بالماء ترغي starville صابونة بين اليدين مع الماء ثم يتم تدليك البشرة لمدة دقيقة حجم صابون ستارفيل  starville soap  يتوافر صابون ستارفيل للحبوب بحجم 100 جرام سعر صابونه ستارفيل للبشره الدهنية يبلغ سعر صابونة ستارفيل للحبوب حوالى 50 جنيه. "" قد يتغير سعر صابونة ستارفيل من وقت لاخر تبعاً لتغير السعر فى الصيدليات "" ما أضرار صابونة starville للحبوب ؟ صابون ستارفيل للبشرة الدهنية يمكن أن يسبب بعض الآثار الجانبية المحتملة مثل الجفاف والتهيج لدى اصحاب البشرة الحساسة. ما أنواع صابونة ستارفيل للوجه ؟ صابونة ستارفيل لحب الشباب صابونة ستارفيل للتفتيح ستارفيل صابونة لازالة الرؤوس السوداء ما افضل صابونة لحب الشباب للبشرة الدهنية ؟ صابونة ستارفيل لحب الشباب صابونة ناترى للبشرة الدهنية سينوبار صابونة صابونه تراي تكت لحب الشباب",ماركة: ستارفيل
46633,ستارفيل | ماسك ورقي للبشرة المعرضة للحبوب | 1 كيس,starville acne prone skin face mask k4e3_duuCEk6b,45,EGP,ستارفيل,العناية بالبشرة>الماسك,in stock,https://chefaa.com:443/eg-ar/nowProduct/starville-acne-prone-skin-face-mask-k4e3_duuCEk6b,https://cdn.chefaa.com/filters:format(webp)/public/uploads/products/starville-acne-prone-skin-face-mask-ukbf-01708451510.png,https://cdn.chefaa.com/filters:format(webp)/public/uploads/products/starville-acne-prone-skin-face-mask-ukbf-01708451510.png,مميزات المنتج   ستارفيل | ماسك ورقي للبشرة المعرضة للحبوب | 1 كيس,ماركة: ستارفيل
7711,ستارفيل | اي كونتور للعين للهالات السوداء | 30جم,starville eye contour 3rnn,250,EGP,ستارفيل,العناية بالبشرة>العناية بالعيون,in stock,https://chefaa.com:443/eg-ar/nowProduct/starville-eye-contour-811-3rnn,https://cdn.chefaa.com/filters:format(webp)/public/uploads/products/starville-eye-contour-811-3rnn-01719818563.png,https://cdn.chefaa.com/filters:format(webp)/public/uploads/products/starville-eye-contour-811-3rnn-01719818563.png,"مميزات المنتج   يتميز ستارفيل اي كونتور كريم للعين (starville eye contour) بما يلي: يساعد على تقليل الانتفاخ والتورم تحت العينين. له دور في علاج الهالات السوداء وتقليل البقع الداكنة وتوحيد لون البشرة. له قوام خفيف تمتصه البشرة بسهولة. يساعد على علاج التجاعيد والخطوط الرفيعة. يعمل على ترطب الجلد وزيادة نعومته. غني بالفيتامينات المغذية التي تكسب الجلد النضارة والإشراق. يكسب الجلد ملمس ناعم ورطب. سعر جيل ستارفيل للعين مناسب مقارنة بفوائده العديدة.   عن هذا المنتج     مكونات starville eye contour gel يحتوي كريم ستارفيل للهالات السوداء  على: أيليس: تساعد على تخفيف التورم تحت العين. جلابريدين: يوحد لون البشرة ويقلل من التصبغات. مستخلص القهوة: تعزز الدورة الدموية وتساعد على تفتيح البشرة. فيتامين سي: يغذي البشرة ويكسبها النضارة ويقلل من الهالات السوداء. فيتامين ه: يساعد على ترطيب وتغذية البشرة. ميلاسلو: مستخلص ياباني يساعد على تقليل البقع والتصبغات. مستخلص الكافيار: غني بالفيتامينات والمعادن ويعزز إنتاج الكولاجين بالبشرة. الجلسرين: يزيد من نعومة وترطيب الجلد. حجم ستارفيل اي كونتور جيل للعين يتوفر كريم ستارفيل للعين  بحجم 30 جم. سعر ستارفيل اي كونتور starville eye contour سعره يبلغ حوالى 225 جنيه. "" سعر starville eye contour قد يتغير من وقت لاخر تبعاً لتغير سعره فى الاسواق ""   يوصى باستعمال eye cream starville  كريم العين من ستارفيل للهالات السوداء مناسب لمن يعانون من الاسمرار أو الانتفاخات تحت العين إذ يساعد على تفتيح وتوحيد لون البشرة والتقليل من الانتفاخ بالإضافة إلى دوره في شد الجلد وعلاج الخطوط الرفيعة حول العين. فوائد كونتور ستارفيل starville eye cream يعمل على ترطيب وتغذية لمنطقة محيط العين.  يعمل على تقليل إنتاج صبغة الميلانين.  يساعد على تقليل ومنع انتفاخات تحت العينين.  يوفر حماية وتهدئة عميقة لمنطقة محيط العين.  يقلل من احتقان الجلد ويوفر الترطيب لمنطقة محيط العين.  مضاد للتجاعيد ويساعد في تقليل الخطوط الدقيقة تحت العين.  مرطب يعمل على زيادة نضارة البشرة ومنع ظهور التجاعيد.  يغذي البشرة بالفيتامينات الأساسية اللازمة لإطلالة طبيعية متألقة متوهجة صحية.  يساعد في تقليل البقع الداكنة وإزالة الهالات السوداء للحصول على بشرة متناسقة اللون. starville eye contour طريقة استخدامه غسل البشرة بالغسول المناسب ونجفيفها جيداً يوزع جل ستارفيل على المنطقة حول العين والتدليك برفق حتى تمتصه البشرة. يُستخدم كونتور ستارفيل كل يوم مرة صباحاً ومرة مساءً. ما ارخص كريم للهالات السوداء ؟ ارجينتو كريم للعين كريم للهالات السوداء رخيص. كريم انفنتي للعين ستارفيل جل للعين ايفا كريم تبييض محيط العينين",ماركة: ستارفيل
46634,سيروم ستارفيل هيالورونيك اسيد مرطب وموحد للون البشرة| 30 مل,starville hyaluronic acid serum 30ml xu90_dujsiMzp,290,EGP,ستارفيل,العناية بالبشرة>السيروم,in stock,https://chefaa.com:443/eg-ar/nowProduct/starville-hyaluronic-acid-serum-30ml-xu90_dujsiMzp,https://cdn.chefaa.com/filters:format(webp)/public/uploads/products/starville-hyaluronic-acid-serum-30ml-2g1v-01708452168.png,https://cdn.chefaa.com/filters:format(webp)/public/uploads/products/starville-hyaluronic-acid-serum-30ml-2g1v-01708452168.png,مميزات المنتج   يتميز سيروم ستارفيل هيالورونيك اسيد starville hyaluronic acid serum بما يلي: يوفر ترطيباً عميقاً للبشرة يدوم حتى 24 ساعة، ويحتوي على نوعين من حمض الهيالورونيك، مما يضمن ترطيبًا مكثفًا للبشرة، ويتركها ناعمة ونضرة. يساهم في تعزيز إنتاج الكولاجين، مما يقلل ظهور الخطوط الدقيقة والتجاعيد، ويمنح البشرة مظهرًا أكثر شبابًا. يحسن مرونة الجلد، مما يجعل البشرة تبدو أكثر حيوية وإشراقًا. يساعد على تقليل التصبغات وتوحيد لون البشرة، مما يمنحها مظهرًا أكثر تجانسًا. له ملمس ناعم وخفيف مما يسهل امتصاصه. مناسب لجميع أنواع البشرة. آمن على البشرة ولا يسبب الحساسية. سعر سيروم ستارفيل هيالورونيك اسيد مناسب مقارنة بفوائده العديدة للبشرة.   عن هذا المنتج     مكونات سيروم ستارفيل هيالورونيك اسيد   يحتوي سيروم ستارفيل على:  حمض الهيالورونيك 3% (hyaluronic acid): يرطب البشرة بعمق ويساعد على تحسين مرونة البشرة وتقليل التجاعيد والخطوط الدقيقة.  مستخلص نبات سنتيلا أسياتيكا (Centella Asiatica): يساعد على تهدئة البشرة المتهيجة والمُلتهبة ويقلل من احمرار البشرة وحساسيتها.  نياسيناميد (niacinamide): يعمل على توحيد لون البشرة وتقليل التصبغات والبقع الداكنة.  فيتامين ب12 (vitamin B12): يساعد على تجديد خلايا البشرة وتحسين لونها ونضارتها.  فيتامين ه (vitamin E): مضاد أكسدة قوي يحمي البشرة من التلف كما يساعد على ترطيب البشرة وتقليل التجاعيد وعلامات الشيخوخة.  البيوتين (Biotin): يعزز صحة البشرة ويساعد على تحسين ترطيبها ومرونتها.  بانثينول (panthenol): يعمل كمرطب عميق، ويساعد على تهدئة البشرة وتخفيف التهيج والاحمرار.  فيتامين ب9 (vitamin B9): يساعد على تعزيز إنتاج الكولاجين وتجديد خلايا البشرة.  هيالورونات الصوديوم (sodium hyaluronate): شكل مشتق من حمض الهيالورونيك، يوفر ترطيبًا فائقًا ويحافظ على نضارة البشرة كما يساعد على تقليل التجاعيد والخطوط الدقيقة.  الجلسرين (glycerin): يعمل كمرطب قوي، يحافظ على رطوبة البشرة ويحميها من الجفاف.  حجم عبوة starville hyaluronic acid serum  يتوفر سيروم ستارفيل هيالورونيك اسيد بحجم 30 مل.  سعر سيروم ستارفيل   يبلغ سعر سيروم starville hyaluronic acid حوالي 250 جنيه مصري (سعر المنتج قد يتغير تبعاً لتحديث سعره في الصيدليات أو حسب العروض المتاحة).  يوصى باستعمال ستارفيل سيروم ل  سيروم ستارفيل مناسب لجميع أنواع البشرة فهو يتميز بملمس ناعم وخفيف على البشرة يوفر ترطيباً عميقاً ويحمي البشرة من الجفاف وعلامات تقدم السن، مما يكسبها المزيد من النضارة والحيوية.  طريقة استخدام سيروم ستارفيل   اغسلي وجهك جيدًا باستخدام غسول مناسب لنوع بشرتك.  ضعي 3-4 قطرات من السيروم على وجهك ورقبتك على بشرة رطبة.  وزعيه بلطف باستخدام أطراف أصابعك مع التدليك بحركات دائرية حتى تمتصه البشرة بالكامل.  يُفضل استخدام السيروم مرتين يوميًا، صباحًا ومساءً، للحصول على أفضل النتائج.  ما فوائد سيروم ستارفيل هيالورونيك اسيد؟  يرطب البشرة بعمق ويحافظ على ترطيبها لفترة طويلة.  يحسن مرونة البشرة ويقلل التجاعيد.  يساعد على توحيد لون البشرة وتقليل التصبغات.  يهدئ البشرة ويحميها من الاحمرار والتهيج.  مضاد أكسدة قوي يحمي البشرة ويكسبها النضارة.  غني بالفيتامينات مما يعزز صحة وحيوية البشرة.  ما ارخص سيروم هيالورونيك اسيد؟  سيروم إيفا هيالورونيك اسيد eva serum.  سيروم سكين سايد هيالورنيك أسيد skinside serum.  سيروم لوريال بحمض الهيالورونيك loreal serum.  سيروم ستارفيل starville serum.  سيروم ديرماتيك dermatique serum.,ماركة: ستارفيل
28205,ستارفيل | ماء ميسيلار تربيل اكشن لجميع انواع البشرة | 200مل,starville micellar water 200ml u8ct,125,EGP,ستارفيل,العناية بالبشرة>الغسول,in stock,https://chefaa.com:443/eg-ar/nowProduct/starville-micellar-water-200ml-u8ct,https://cdn.chefaa.com/filters:format(webp)/public/uploads/products/starville-micellar-water-200ml-u8ct-01719822018.png,https://cdn.chefaa.com/filters:format(webp)/public/uploads/products/starville-micellar-water-200ml-u8ct-01719822018.png,"مميزات المنتج   ماء ميسيلار ستارفيل للتفتيح (starville micellar water) يتميز بما يلى: يتميز بدرجة حموضة مناسبة لطبيعة البشرة. يُحافظ على نعومة ونضارة البشرة ويعيد حيويتها من جديد. لا يسبب حساسية أو جفاف البشرة. مناسب للوجه والعينين والشفاه. مناسب لجميع أنواع البشرة. لا يحتاج إلى غسل الوجه بعد الاستخدام.   عن هذا المنتج     مكونات ماء ميسيلار ستارفيل للبشرة الدهنية خلاصة الخيار: لها خصائص مضادة للأكسدة والالتهابات وتعمل على ترطيب وتهدئة البشرة. زيت شجرة الشاي: له خصائص مضادة للبكتيريا والالتهابات ويساعد فى تقليل ظهور حب الشباب. نياسيناميد أو فيتامين ب3: يعمل على تهدئة البشرة وتقليل الاحمرار وتقوية الحاجز الواقي للبشرة. فيتامين هـ: له خصائص مضادة للأكسدة ويعمل على تقليل التجاعيد. الجليسرين: يعمل على ترطيب البشرة. فوائد Starville Micellar Water يعمل على إزالة مكياج العين والوجه والشفاه بفاعلية. يعمل على الحفاظ على رطوبة البشرة. يعمل على تنظيف البشرة وإزالة الدهون والشوائب والزيوت التي تسبب انسداد المسام وظهور الحبوب. يعمل على تنقية المسام. سعر ماء ميسيلار ستارفيل للتفتيح سعر ميسيلار ووتر ستارفيل حوالى 100 جنيه مصرى. "" قد يتغير سعر مزيل ميكب ستارفيل تبعاً لتغير سعره فى الصيدليات "" حجم starville micellar water يتوافر ماء ميسيلار ستارفيل بحجم 200 مل. يوصي باستعمال ستارفيل ماء ميسيلار لـ: ستارفيل ماء ميسيلار مناسب لجميع أنواع البشرة حيث يعمل على تنظيف البشرة وإزالة مكياج العينين والشفاه والوجه بفاعلية دون التسبب بحساسية أو تهيج البشرة. ما أفضل أنواع ماء ميسيلار ؟ ايفا ماء ميسيلار للبشرة الجافة ستارفيل ماء ميسيلار للبشرة الدهنية ماء ميسيلار بيوديرما للبشره الدهنية والحساسة ماء ميسيلار غارنييه للبشرة المختلطة ماء ميسيلار نيفيا للبشرة الحساسة",ماركة: ستارفيل
45727,ستارفيل | مناديل ميسيلار المبللة لإزالة المكياج | 50منديل,starville micellar water makeup remover wipes 50wipes meh6_du64GSft,125,EGP,ستارفيل,العناية بالبشرة>الغسول,in stock,https://chefaa.com:443/eg-ar/nowProduct/starville-micellar-water-makeup-remover-wipes-50wipes-meh6_du64GSft,https://cdn.chefaa.com/filters:format(webp)/public/uploads/products/starville-micellar-water-makeup-remover-wipes-50wipes-n5cx-01716308533.png,https://cdn.chefaa.com/filters:format(webp)/public/uploads/products/starville-micellar-water-makeup-remover-wipes-50wipes-n5cx-01716308533.png,مميزات المنتج   ستارفيل | مناديل ميسيلار المبللة لإزالة المكياج | 50منديل,ماركة: ستارفيل
21142,ستارفيل | رول اون لايت بينك مزيل للعرق ومفتح للبشرة برائحة جوز الهند | 60مل,starville roll whitening light pink free 60ml cxih,130,EGP,ستارفيل,العناية بالبشرة>,in stock,https://chefaa.com:443/eg-ar/nowProduct/starville-roll-on-whitening-light-pink-free-60ml-cxih,https://cdn.chefaa.com/filters:format(webp)/public/uploads/products/starville-roll-on-whitening-light-pink-free-60ml-cxih-01703077450.png,https://cdn.chefaa.com/filters:format(webp)/public/uploads/products/starville-roll-on-whitening-light-pink-free-60ml-cxih-01703077450.png,مميزات المنتج   ستارفيل | رول اون لايت بينك مزيل للعرق ومفتح للبشرة برائحة جوز الهند | 60مل   عن هذا المنتج     مكونات ستارفيل مزيل عرق رول اون:     فيتامين سي: يمتلك خصائص مضادة للأكسدة ويعمل على حماية البشرة من العوامل الضارة.   فيتامين هـ: له خصائص مضادة للأكسدة تعمل على تجديد خلايا البشرة.   الجلسرين: يعمل على ترطيب البشرة.   خلاصة العرقسوس: له خصائص مضاد للأكسدة ويعمل على تقليل وإزالة البقع والتصبغات.   حمض الكوجيك: يعمل على تفتيح البقع الداكنة وتوحيد لون البشرة.   بانثينول: يساعد على تلطيف وترطيب الجلد.     مميزات مزيل عرق رول اون ستارفيل:     يعمل على تفتيح البقع الداكنة والاسمرار والتصبغات.   يتميز بتركيبة خفيفة لا تسبب تهيج أو جفاف البشرة.   يوفر حماية من العرق لفترة تصل إلى 24 ساعة.   مناسب لجميع أنواع البشرة.   يتميز أنه سريع الامتصاص ولا يترك أي أثر على الملابس.   خالي من أملاح الألومنيوم.   يمكن استخدامه للجنسين.     حجم  Starville Whitening Roll On with Coconut Scent:     يتوفر بحجم 60 مل.     يوصي به:   لجميع أنواع البشرة للجنسين حيث يعمل على توفير حماية من العرق لفترة طويلة وتفتيح البقع الداكنة والاسمرار والتصبغات.,ماركة: ستارفيل
28204,مزيل عرق ستارفيل بالتوت رول اون | 60 مل,starville roll whitening red berry scent 60ml zt5d,130,EGP,ستارفيل,العناية بالبشرة>,in stock,https://chefaa.com:443/eg-ar/nowProduct/starville-roll-on-whitening-red-berry-scent-60ml-zt5d,https://cdn.chefaa.com/filters:format(webp)/public/uploads/products/starville-roll-on-whitening-red-berry-scent-60ml-zt5d-01703080588.png,https://cdn.chefaa.com/filters:format(webp)/public/uploads/products/starville-roll-on-whitening-red-berry-scent-60ml-zt5d-01703080588.png,مميزات المنتج   يتميز مزيل عرق ستارفيل بالتوت Starville antiperspirant with red berry بما يلي: له تركيبة فعالة تساعد على منع التعرق الزائد والحفاظ على جفاف الإبطين طوال اليوم. له رائحة منعشة وجذابة تدوم لفترة طويلة. يساعد على التخلص من البقع الداكنة وتفتيح تحت الإبطين. خال من أملاح الألمونيوم ولا يسبب التهيج أو الحساسية. مناسب لجميع أنواع البشرة. مفعوله يدوم حتى 24 ساعة. سعر مزيل عرق ستارفيل بالتوت مناسب مقارنة بحجمه وفوائده العديدة.   عن هذا المنتج     مكونات مزيل عرق ستارفيل بالتوت   يحتوي ستارفيل مزيل عرق على:  ألفا أربوتين: يساعد على تفتيح لون البشرة وتقليل ظهور التصبغات الداكنة.  خلاصة العرقسوس: يعمل على توحيد لون البشرة وتفتيحها.  حمض الكوجيك: يعمل كمقشر لطيف على البشرة ما يساهم في تفتيح لونها وزيادة نعومتها.  فيتامين سي: يعمل كمضاد أكسدة ويساعد على تفتيح لون البشرة وتحسين مظهرها العام.  فيتامين هـ: يساعد على ترطيب وتغذية البشرة وتحسين مرونتها.  الجلسرين: يعمل كمرطب للبشرة ويساعد على تهدئتها.  زيت اللافندر: يعمل كمضاد للروائح الكريهة كما يقلل التهيج والالتهاب.  البانثينول: يساعد على ترطيب البشرة وتهدئتها وتحسين مرونتها.  حجم Starville antiperspirant with red berry  يتوفر Starville antiperspirant with red berry بحجم 60 مل.  سعر ديودرنت ستارفيل برائحة التوت   يبلغ سعر Starville anti perspirant with red berry حوالي 110 جنيه مصري.  يوصى باستعمال مزيل عرق ستارفيل بالتوت ل  مزيل عرق ستارفيل مناسب لجميع أنواع البشرة ويمكن استخدامه للجنسين، وهو يساعد على تقليل التعرق المفرط وتفتيح تحت الإبطين كما يقلل التهيج والالتهاب ويمنح بشرتك ملمس ناعم ورطب.  ما هي روائح مزيل عرق ستارفيل؟  رول أون الأزرق برائحة اللافندر.  ستارفيل البينك برائحة جوز الهند.  ستارفيل للتفتيح بمزيج من العطور العربية.  ستارفيل للتفتيح برائحة الفانيليا.  رول أون بمزيج من الروائح الطبيعية.  ستارفيل برائحة التوت الأحمر.  ما هو أفضل مزيل عرق للتفتيح؟  ميلاتيكس رول أون.  ديرماتيك رول أون.  كولاجرا رول أون.  ستارفيل رول أون.  بيزلاين رول أون.,ماركة: ستارفيل
18563,ستارفيل | فيتامين سي سيروم لتقليل التجاعيد وتوحيد لون البشرة | 30مل,starville vitamin skin refining serum 30ml wx7u,290,EGP,ستارفيل,العناية بالبشرة>,in stock,https://chefaa.com:443/eg-ar/nowProduct/starville-vitamin-c-skin-refining-serum-30ml-wx7u,https://cdn.chefaa.com/filters:format(webp)/public/uploads/products/starville-vitamin-c-skin-refining-serum-30ml-wx7u-01703081418.png,https://cdn.chefaa.com/filters:format(webp)/public/uploads/products/starville-vitamin-c-skin-refining-serum-30ml-wx7u-01703081418.png,مميزات المنتج   ستارفيل | فيتامين سي سيروم لتقليل التجاعيد وتوحيد لون البشرة | 30مل   عن هذا المنتج     مكونات ستارفيل سيروم فيتامين سي:     فيتامين سي بتركيز 10%:  له خصائص مضادة للأكسدة ويعمل على مقاومة التجاعيد من خلال تعزيز إنتاج الكولاجين، كما أنه يساعد على توحيد لون البشرة وتقليل التصبغات والبقع الداكنة.   فيتامين هـ: له خصائص مضادة للأكسدة والالتهابات ويحمي البشرة من الأضرار الناتجة عن التعرض لعوامل خارجية مثل أشعة الشمس.   أسترا فورس: مستخلص يتم استخراجه من عشبة القتاد ويعمل على تقليل عيوب البشرة، كما أنه يساعد على شد وتنعيم البشرة.   هيالورونات الصوديوم: يعمل على تقليل تهيج البشرة، كما أنه يعمل على محاربة التجاعيد وترطيب البشرة.   مستخلص لحاء الصنوبر البحري : يساعد على تقليل التصبغات والتجاعيد والآثار الضارة الناتجة عن التعرض لأشعة الشمس.   خلاصة العرقسوس:  يعمل على تقليل إنتاج صبغة الميلانين مما يقلل من ظهور التصبغات والبقع الداكنة.   مستخلص عصير العنب: يعمل على تعزيز إنتاج الكولاجين ويساعد على محاربة التصبغات ومكافحة الجذور الحرة وتقليل التهابات البشرة.     مميزات سيروم فيتامين سي من ستارفيل:     يساعد على مقاومة التجاعيد وتقليل الخطوط الدقيقة.   يعمل على توحيد لون البشرة.   يقلل من ظهور التصبغات والبقع الداكنة.   يعمل على تعزيز نضارة وحيوية البشرة.   يساعد على تغذية البشرة بالفيتامينات الأساسية للحصول على بشرة أكثر صحة ونضارة.   مناسب لجميع أنواع البشرة.   لا يسبب انسداد المسام.   يمتلك تركيبة خفيفة على البشرة سريعة الامتصاص.   خالي من البارابين.     حجم Starville Vitamin C Skin Refining Serum:     يتوفر بحجم 30 مل.     يوصي به:   لجميع أنواع البشرة حيث يعمل على محاربة التجاعيد وعلامات تقدم العمر وتقليل التصبغات والبقع وتوحيد لون البشرة.,ماركة: ستارفيل
28199,غسول ستارفيل للتفتيح الابيض starville whitening cleanser | ٢٠٠ مل,starville whitening cleanser 200ml ufo5,160,EGP,ستارفيل,العناية بالبشرة>الغسول,in stock,https://chefaa.com:443/eg-ar/nowProduct/starville-whitening-cleanser-200ml-ufo5,https://cdn.chefaa.com/filters:format(webp)/public/uploads/products/starville-whitening-cleanser-200ml-ufo5-01719819488.png,https://cdn.chefaa.com/filters:format(webp)/public/uploads/products/starville-whitening-cleanser-200ml-ufo5-01719819488.png,"مميزات المنتج   غسول ستارفيل للتفتيح الابيض (starville whitening Cleanser) يتميز بما يلى: يساعد على تنظيف البشرة والمسام بعمق. يعمل على تفتيح وتوحيد لون البشرة. يعمل على تقليل البقع الداكنة. لا يسبب حساسية البشرة. يساعد على تفتيح اسمرار البشرة والمناطق الحساسة. يُكسب البشرة مزيد من النعومة والنضارة والإشراق للحصول على بشرة متألقة ومتناسقة. مناسب لجميع أنواع البشرة. مناسب للوجه والجسم والأماكن الحساسة. لا يسبب جفاف البشرة.   عن هذا المنتج     مكونات غسول ستارفيل للتفتيح الابيض يحتوى غسول ستارفيل وايتينج على: ألفا أربوتين: يساعد على تقليل إنتاج صبغة الميلانين مما يساعد على تقليل التصبغات والبقع وتفتيح لون البشرة. الجلابريدين (خلاصة العرق سوس): يساعد على تقليل إنتاج صبغة الميلانين مما يقلل من التصبغات والبقع. حمض الكوجيك: يساعد على تفتيح البقع الداكنة وتوحيد لون البشرة. ليسين أزيلات: مشتق من حمض الأزيليك  ، يعمل على تقليل البقع الداكنة والتصبغات. فيتامين سي: له خصائص مضادة للأكسدة كما يعمل على تعزيز إنتاج الكولاجين وتقليل إنتاج الميلانين وتعزيز نضارة البشرة. النياسيناميد (فيتامين ب3 ) : يعمل على تلطيف وتهدئة البشرة وتفتيح البقع الداكنة وتقليل المسام. فيتامين هـ: له خصائص مضادة للأكسدة والالتهابات ويساعد فى الحفاظ على نضارة الجلد. حمض اللاكتيك: يعمل على تقشير البشرة وجعلها أكثر نعومة. حمض الساليسيليك: يعمل على تقشير الجلد وإزالة خلايا الجلد الميتة وتقليل آثار الحبوب. حمض الستريك: يعمل على تقشير خلايا الجلد الميتة وتنظيف المسام. زبدة الشيا: تعمل على ترطيب وتنعيم البشرة. الجليسرين: يعمل على ترطيب البشرة وحمايتها من الجفاف. إكسيليتول: يعمل على ترطيب البشرة وتقليل فقدان رطوبة الجلد. مستخلص لحاء شجرة ابيروا فالكاتا: تعمل على تقليل التهابات البشرة. البانثينول: يعمل على تقليل التهابات البشرة وحمايتها من الجفاف. آلانتوين: يعمل على تهدئة البشرة وتقليل تهيج وحساسية الجلد. خلاصة البابونج: تعمل على تهدئة البشرة وجعلها أكثر نضارة. خلاصة الألوفيرا: تعمل على ترطيب البشرة. زيت بذور عباد الشمس: يعمل على ترطيب وتهدئة البشرة وحمايتها من العوامل الخارجية الضارة. فوائد غسول ستارفيل للتفتيح يساعد على تنظيف البشرة وتنقية المسام. يعمل على تفتيح وتوحيد لون البشرة. يعمل على تقليل البقع الداكنة. يساعد على تقشير البشرة وإزالة خلايا الجلد الميتة للحصول على بشرة ناعمة وصحية. سعر غسول ستارفيل الابيض في الصيدليات يبلغ سعر غسول ستارفيل وايتنج حوالى 160 جنيه. "" قد يتغير سعر غسول ستارفيل في الصيدليات من وقت لاخر "" حجم غسول starville whitening يتوافر ستارفيل وايتنج غسول بحجم 200 مل. يوصي باستعمال ستارفيل غسول تفتيح غسول ستارفيل الابيض مناسب لجميع أنواع البشرة التي تعاني من البقع الداكنة ويمكن استعماله الوجه والجسم والأماكن الحساسة حيث يعمل على توحيد لون البشرة والتخلص من البقع الداكنة دون أن يسبب جفاف أو تهيج البشرة. طريقة استخدام starville whitening cleanser طريقة استخدام غسول ستارفيل للتفتيح كالتالى: اغسلي وجهك جيدًا بالماء الدافئ لإزالة الأوساخ والمكياج. ضعي كمية مناسبة من ستارفيل وايتنج كلينسر على يديك أو على قطعة قطن. قومي بتوزيع الغسول بلطف على الوجه والرقبة بحركة دائرية، مع تجنب منطقة العينين. اتركي الغسول على البشرة لبضع دقائق حسب التعليمات (عادةً من 1-3 دقائق). اشطفي وجهك جيدًا بالماء الفاتر ثم بالماء البارد لغلق المسام. بعد الشطف، استخدمي مرطبًا مناسبًا لنوع بشرتك. ما أضرار غسول ستارفيل للتفتيح 200 مل ؟ غسول ستارفيل للتفتيح عادةً ما يكون استعماله آمن بالنسبة لمعظم المستخدمين.  قد يسبب غسول ستارفيل للجسم بعض الآثار الجانبية خاصةً إذا تم استخدامه بشكل غير صحيح أو إذا كانت البشرة حساسة مثل جفاف وتهيج البشرة. ما هى مدة صلاحية غسول ستارفيل وايتنج ؟ مدة صلاحية غسول تفتيح ستارفيل تعتمد على تاريخ الإنتاج وتاريخ انتهاء الصلاحية المدون على العبوة. عادةً ما تكون صلاحية المنتجات التجميلية، بما في ذلك الغسول، حوالي 1-3 سنوات من تاريخ الإنتاج، ولكن يُفضل استخدامه خلال عام من فتح العبوة. هل غسول ستارفيل مضر للحامل ؟ غسول ستارفيل وايتينج بشكل عام يحتوي على مكونات تفتيح وعناية بالبشرة، ولكن تأثيره أثناء الحمل يعتمد على مكوناته المحددة. في معظم الحالات، يُفضل اتخاذ الحذر عند استخدام أي منتجات تحتوي على مكونات فعالة أثناء الحمل. ايهما افضل غسول سينوبار ولا ستارفيل الابيض ؟ اختيار بين غسول سينوبار وغسول ستارفيل يعتمد على نوع بشرتك واحتياجاتك الخاصة.  إذا كانت بشرتك دهنية وتعاني من حب الشباب، قد يكون سينوبار خيارًا أفضل. إذا كنت تبحثين عن تفتيح بشرتك وتقليل البقع الداكنة، فقد تفضلين ستارفيل. غسول سينوبار: يحتوي على مكونات طبيعية ومهدئة مثل مستخلصات الأعشاب. مخصص لتنظيف البشرة بعمق، ويعمل على تقليل حب الشباب والمشاكل الجلدية. مناسب للبشرة الدهنية والمعرضة لحب الشباب. ستارڤيل وايتنج غسول: يحتوي على مكونات فعالة للتفتيح، مثل الأحماض ومكونات تفتيح البشرة. يساعد في تفتيح البشرة وتقليل البقع الداكنة.  مناسب للبشرة التي تحتاج إلى تفتيح، لكن يجب الحذر لأصحاب البشرة الحساسة.",ماركة: ستارفيل
890,كريم ستارفيل للتفتيح starville whitening cream | ٦٠ مل,star ville whitening cream with arbutin,130,EGP,ستارفيل,العناية بالبشرة>,in stock,https://chefaa.com:443/eg-ar/nowProduct/star-ville-whitening-cream-with-arbutin,https://cdn.chefaa.com/filters:format(webp)/public/uploads/products/star-ville-whitening-cream-with-arbutin-01703081809.png,https://cdn.chefaa.com/filters:format(webp)/public/uploads/products/star-ville-whitening-cream-with-arbutin-01703081809.png,"مميزات المنتج   يتميز كريم ستارفيل للتفتيح للبشرة الدهنية (starville whitening cream) بما يلى: يعمل على تفتيح التصبغات والبقع البنية والداكنة بفاعلية. يعمل على علاج وتفتيح اسمرار البشرة والمناطق الحساسة. يعمل على تفتيح وتوحيد لون البشرة. يُكسب البشرة مزيد من النضارة والحيوية. مناسب لجميع أنواع البشرة. يتميز بتركيبته الخفيفة سريعة الامتصاص.   عن هذا المنتج       مكونات كريم ستارفيل للتفتيح للبشرة الدهنية والجافة يحتوى ستارفيل وايتنج كريم على:  ألفا أربوتين: يعمل على تقليل إنتاج صبغة الميلانين مما يساعد على تقليل التصبغات والبقع وتفتيح وتوحيد لون البشرة. حمض الكوجيك: يعمل على تفتيح البقع الداكنة وتوحيد لون البشرة. العرق السوس: يعمل على تقليل إنتاج صبغة الميلانين مما يقلل من ظهور التصبغات والبقع الداكنة. فيتامين سي: له خصائص مضادة للأكسدة كما يعمل على تعزيز إنتاج الكولاجين وتقليل إنتاج الميلانين وتعزيز نضارة البشرة. فيتامين هـ: له خصائص مضادة للأكسدة والالتهابات ويساعد فى الحفاظ على رطوبة الجلد وتحفيز تجدد خلايا البشرة. البانثينول: يعمل على تقليل التهابات البشرة وترطيبها وحمايتها من الجفاف. البابونج: يعمل على تفتيح وتهدئة البشرة وجعلها أكثر نضارة. زيت الخروع: يعمل على ترطيب البشرة وتقليل فقدانها للماء. شمع النحل: له خصائص مضادة للأكسدة والالتهابات ويساعد على ترطيب البشرة.  سعر كريم ستارفيل للتفتيح starville whitening cream سعره حوالى 130 جنيه. "" قد يتغير سعر ستارفيل وايتنج كريم من وقت لاخر تبعاً لتغير سعره فى الاسواق"" حجم ستارفيل كريم تفتيح يتوافر كريم تفتيح ستارفيل بحجم 60 مل. يوصي باستعمال starville whitening cream لكل من: ستارفيل وايتنج كريم مناسب لجميع أنواع البشرة التي تعاني من التصبغات والبقع البنية والداكنة حيث يعمل على تفتيح وتوحيد لون البشرة والتخلص من البقع الداكنة للحصول على بشرة نضرة ومشرقة. طريقة استخدام كريم ستارفيل للتفتيح  ضعي طبقة رقيقة من كريم ستارفيل للتبييض ، ودلكي بلطف  يُستخدم كريم تفتيح ستارفيل مرتين يومياً هل يُستخدم كريم ستارفيل لتفتيح المناطق الحساسة ؟ يمكن استعمال ستارفيل وايتنج كريم لتفتيح المناطق الحساسة. ما أضرار كريم ستارفيل للتفتيح ؟ عادةً لا يسبب استعمال كريم ستارفيل وايتنينج أضرار خطيرة. ما فوائد كريم ستارفيل للتفتيح ؟ يساعد كريم starville whitening cream على توحيد لون البشرة وعلاج البقع الداكنة وجعل البشرة أكثر نضارة. هل كريم ستارفيل آمن للحامل ؟ لا يوصى باستعمال ستارفيل وايت كريم فى فترة الحمل إلا بوصف من الطبيب. هل كريم ستارفيل يفتح البشره ؟ أجل كريم ستارفيل وايتنج يساعد على تفتيح مناطق البشرة التى تعانى من البقع الداكنة والتصبغات. ما أنواع كريم ستارفيل ؟ كريم ستارفيل للحبوب كريم ستارفيل للتفتيح ما الفرق بين ستارفيل كريم وجل ؟ كريم تفتيح ستارفيل قوامه أثقل قليلًا ويمنح إحساسًا بالترطيب لذلك يناسب البشرة الجافة أو الحساسة، ستارفيل جل يتميز بقوام خفيف غير دهني وسريع الامتصاص، مما يجعله مناسبًا أكثر للبشرة الدهنية أو المختلطة،. ما أفضل كريم تفتيح للبشرة الدهنية من الصيدلية ؟  لاروش بوزيه بيجمنتكلار كريم للتصبغات والبقع  بيوديرما وايت أوبجيكتيف كريم تفتيح الوجه  سيروم فيشي ايديال وايت لتفتيح البشرة السمراء سيروم نوكس المصحح للبقع الداكنة كريم ايزيس يونيتون بودى تون فولدكس كريم لتفتيح المناطق الحساسة  كريم تريتوسبوت لتقشير وتفتيح البشرة كريم فيد اوت بيزلين كريم تفتيح للبشرة",ماركة: ستارفيل
45938,ستارفيل | ماسك ورقي للبشرة للتفتيح,starville acne prone skin face mask k4e3_duvTuVkN_duJrAx7T,45,EGP,ستارفيل,العناية بالبشرة>الماسك,in stock,https://chefaa.com:443/eg-ar/nowProduct/starville-acne-prone-skin-face-mask-k4e3_duvTuVkN_duJrAx7T,https://cdn.chefaa.com/filters:format(webp)/public/uploads/products/starville-acne-prone-skin-face-mask-k4e3-duvtuvkn-01713296675.png,https://cdn.chefaa.com/filters:format(webp)/public/uploads/products/starville-acne-prone-skin-face-mask-k4e3-duvtuvkn-01713296675.png,مميزات المنتج   ستارفيل | ماسك ورقي للبشرة للتفتيح,ماركة: ستارفيل
21412,ستارفيل رول اون مزيل عرق ومبيض بدون رائحة | 60 مل,starville lightening roll 60ml vhcl,140,EGP,ستارفيل,العناية بالبشرة>,in stock,https://chefaa.com:443/eg-ar/nowProduct/starville-lightening-roll-on-60ml-vhcl,https://cdn.chefaa.com/filters:format(webp)/public/uploads/products/starville-lightening-roll-on-60ml-vhcl-01703078200.png,https://cdn.chefaa.com/filters:format(webp)/public/uploads/products/starville-lightening-roll-on-60ml-vhcl-01703078200.png,"مميزات المنتج     يتميز ستارفيل مزيل عرق ومبيض بما يلى : خالي من أملاح الألومنيوم لطيف على البشرة ( لا يسبب جفاف أو تهيج البشرة ) يفتح البقع الداكنة لا يسبب الحساسية  مناسب لجميع أنواع البشرة يوفر حماية من رائحة العرق لمدة ٢٤ ساعة   عن هذا المنتج     مكونات مضاد التعرق ستار فيل وايتنينج حمض الكوجيك : يساعد على تفتيح البقع الداكنة خلاصة العرقسوس : لها خصائص مضادة للأكسدة ويخفف من تصبغات البشرة فيتامين سي : لها خصائص مضادة للأكسدة ويساعد في حماية البشرة من العوامل الضارة فيتامين هـ الذى يعمل مضاد للأكسدة ويساعد على تجديد خلايا البشرة الجلسرين زيت اللافندر طريقة استخدام starville whitening roll on تنظيف وتجفيف منطقة تحت الإبط جيدًا وضع مزيل العرق الانتظار حتى يجف مزيل العرق تمامًا قبل ارتداء الملابس حجم starville whitening roll on يتوافر مزيل عرق تفتيح البشرة ستارفيل بحجم 60 مل سعر رول اون ستارفيل للتفتيح يبلغ سعر مضاد التعرق ستارفيل حوالي 120 جنيه مصرى "" قد يتغير السعر من مكان لآخر ومن وقت لآخر """,ماركة: ستارفيل
28202,ستارفيل | رول اون للتفتيح و تقليل الشعر | 60مل,starville whitening roll hair reducer 60ml tzwy,160,EGP,ستارفيل,العناية بالبشرة>,in stock,https://chefaa.com:443/eg-ar/nowProduct/starville-whitening-roll-on-hair-reducer-60ml-tzwy,https://cdn.chefaa.com/filters:format(webp)/public/uploads/products/starville-whitening-roll-on-hair-reducer-60ml-tzwy-01703076769.png,https://cdn.chefaa.com/filters:format(webp)/public/uploads/products/starville-whitening-roll-on-hair-reducer-60ml-tzwy-01703076769.png,مميزات المنتج   ستارفيل | رول اون للتفتيح و تقليل الشعر | 60مل,ماركة: ستارفيل
18453,ستارفيل مزيل عرق رول اون للتفتيح بمزيج العطور العربية | 60 مل,starville whitening roll orient pearl scent 60ml xvma,130,EGP,ستارفيل,العناية بالبشرة>,in stock,https://chefaa.com:443/eg-ar/nowProduct/starville-whitening-roll-on-orient-pearl-scent-60ml-xvma,https://cdn.chefaa.com/filters:format(webp)/public/uploads/products/starville-whitening-roll-on-orient-pearl-scent-60ml-xvma-01703080140.png,https://cdn.chefaa.com/filters:format(webp)/public/uploads/products/starville-whitening-roll-on-orient-pearl-scent-60ml-xvma-01703080140.png,مميزات المنتج   ستارفيل | رول اون تفتيح ومزيل العرق بمزيج العطور العربية | 60مل   عن هذا المنتج     مكونات ستارفيل مزيل عرق رول اون:     حمض الكوجيك: يعمل على تفتيح البقع الداكنة وتوحيد لون البشرة.   فيتامين هـ: يتميز بخصائص مضادة للأكسدة تعمل على تجديد خلايا البشرة.   فيتامين سي: له خصائص مضادة للأكسدة ويعمل على حماية البشرة من العوامل الضارة.   خلاصة العرقسوس: له خصائص مضاد للأكسدة ويعمل على تقليل وإزالة التصبغات والبقع.   الجلسرين: يعمل على ترطيب البشرة.   بانثينول: يساعد على تلطيف وترطيب الجلد.   مزيج من العطور العربية.     مميزات ستارفيل  رول اون مزيل عرق:     يساعد على تفتيح البقع الداكنة والاسمرار والتصبغات.   يتميز بتركيبة خفيفة لا تسبب تهيج أو جفاف البشرة.   يعمل على توفير حماية من العرق لفترة تصل إلى 24 ساعة.   مناسب لجميع أنواع البشرة.   سريع الامتصاص ولا يترك أي أثر على الملابس.   خالي من أملاح الألومنيوم.   يمكن استخدامه للرجال والنساء.     حجم  Starville Whitening Roll On Orient Pear:     يتوفر بحجم 60 مل.     يوصي به:   لجميع أنواع البشرة وللرجال والنساء حيث يساعد على توفير حماية من العرق لفترة طويلة وتفتيح البقع الداكنة وتقليل التصبغات.,ماركة: ستارفيل
897,غسول شان للبشرة الجافة والمختلطة shaan cleanser | ٢٥٠ مل,shaan facial cleanser post laser,175,EGP,شان,العناية بالبشرة>الغسول,in stock,https://chefaa.com:443/eg-ar/nowProduct/shaan-facial-cleanser-post-laser,https://cdn.chefaa.com/filters:format(webp)/public/uploads/products/shaan-facial-cleanser-post-laser-01745332210.png,https://cdn.chefaa.com/filters:format(webp)/public/uploads/products/shaan-facial-cleanser-post-laser-01745332210.png,"مميزات المنتج   غسول شان للبشرة الجافة (shaan cleanser) يتميز بما يلى: يساعد على تنظيف البشرة وتنقية المسام. يعمل على إزالة الشوائب والأتربة والأوساخ بفاعلية. يساعد على إزالة خلايا الجلد الميتة للحصول على بشرة ناعمة وصحية. يعمل على الحفاظ على الحاجز الواقي للبشرة. لا يسبب حساسية أو جفاف البشرة. خالي من الصابون. مناسب للبشرة الجافة والحساسة.   عن هذا المنتج     مكونات غسول شان للبشرة الجافة (shaan cleanser)  يحتوى غسول shaan على: اللانولين: يعمل على ترطيب وتهدئة البشرة. د-بانثينول: يعمل على تقليل التهابات البشرة وحمايتها من الجفاف. العسل: له خصائص مضادة للبكتيريا والالتهابات. الدايميثيكون: يعمل على الحفاظ على رطوبة البشرة. فيتامين سي: له خصائص مضادة للأكسدة ويعمل على تعزيز نضارة البشرة. فيتامين هـ: له خصائص مضادة للأكسدة والالتهابات ويساعد فى الحفاظ على نضارة الجلد. زيت الزيتون: له خصائص مضادات للأكسدة ويعمل على ترطيب البشرة. زيت المريمية: له خصائص مضادة للالتهابات ويعمل على تهدئة البشرة. الجليسرين: يعمل على ترطيب البشرة وحمايتها من الجفاف. ديسيل جلوكوزيد: المادة المسئولة عن تنظيف البشرة وتكوين الرغوة دون أن تسبب جفاف أو تهيج البشرة. حجم عبوة shaan facial cleanser  يتوافر shaan facial cleanser بحجم 250 مل. سعر غسول شان للبشرة الجافة يبلغ سعر غسول shaan حوالى 150 جنيه. "" قد يتغير سعر غسول شان في الصيدليات من وقت لاخر "" طريقة استخدام غسول شان للوجه  بللي وجهك بالماء الفاتر واستخدمي أطراف أصابعك لوضع غسول shaan للوجه ثم اشطفي وجهك بالماء الفاتر وجففيه بمنشفة ناعمة. يوصى باستعمال شان غسول غسول شان مناسب للبشرة الجافة الحساسة حيث يعمل على تنظيف البشرة بلطف وفاعلية دون التسبب في جفاف أو تهيج الجلد، كما يساعد على الحفاظ على الحاجز الواقي للبشرة دون أن يسبب جفاف البشرة. ما فوائد غسول شان للبشرة الجافة والحساسة ؟ shaan غسول يساعد على تنظيف المسام بعمق ويتميز بتركيبة لطيفة على البشرة لا تسبب الحساسية، بالإضافة إلى احتوائه على المرطبات الطبيعية التي تزيد نعومة البشرة وتكسبها النضارة. ما اضرار غسول شان جل ؟ لا يسبب shaan gel غسول أضرار للبشرة طالما ان البشرة لا تعانى من حساسية تجاه اى من مكوناته, هل غسول شان يفتح البشرة ؟ شان غسول ليس له تأثير فعال فى تفتيح البشرة. هل ينفع غسول shaan للبشرة الدهنية ؟ يمكن استعماله لجميع أنواع البشرة وخاصة الجافة والحساسة. هل غسول شان جيل بيطلع حبوب؟ غسول شان للبشره الدهنية عادةً لا يسبب ظهور حبوب. هل ينفع غسول شان للبشرة المختلطة ؟ يمكن استعماله لجميع أنواع البشرة وخاصة الجافة والحساسة. ما أنواع غسول شان shaan  ؟ غسول شان للمناطق الحساسة (shaan feminine cleanser) غسول شان مضاد للاكسدة لجميع انواع البشرة (shaan facial cleanser 250 ml) ما افضل غسول للبشرة الحساسة طبي ؟ سيتافيل غسول غسول شان سيرافى غسول. غسول بايوديرما اوتوديرم",ماركة: شان
24641,ليب بالم شان مرطب شفايف shaan lip balm | ٥ جم,shaan lip balm 5gm jcut,90,EGP,شان,العناية بالبشرة>,in stock,https://chefaa.com:443/eg-ar/nowProduct/shaan-lip-balm-5gm-jcut,https://cdn.chefaa.com/filters:format(webp)/public/uploads/products/shaan-lip-balm-5gm-ck2e-01667205561.png,https://cdn.chefaa.com/filters:format(webp)/public/uploads/products/shaan-lip-balm-5gm-ck2e-01667205561.png,"مميزات المنتج   يتميز ليب بالم شان مرطب شفايف (shaan lip balm) بما يلى: يعمل على علاج الشفاه الجافة وشديدة الجفاف والمتشققة. يوفر ترطيب فعال وعميق للشفاه ويحميها من الجفاف والتشققات لفترة طويلة. يساعد على تغذية الشفاه. يُكسب الشفاه ملمس ناعم. يحافظ على رطوبة الشفاه.   يعمل على تهدئة وحماية الشفاه وجعلها أكثر صحة ونضارة. مناسب للشفاه الجافة وشديدة الجفاف والمتشققة يتميز بحجمه الصغير مما يسهل حمله واستخدامه خلال السفر والتنقلات.   عن هذا المنتج     مكونات ليب بالم شان مرطب شفايف (shaan lip balm) يحتوى مرطب شفايف شان (shaan nourishing lip balm) على: الجليسرين: يعمل على ترطيب الشفاه وحمايتها من الجفاف. البانثينول: يعمل على تقليل التهابات الشفاه وترطيبها وحمايتها من الجفاف. زبدة الكاكاو: تعمل على ترطيب وتنعيم الشفاه. العسل: له خصائص مضادة للالتهابات ويعمل على ترطيب وتنعيم الشفاه وحمايتها من الجفاف والتشققات وإكسابها مظهر أكثر نضارة وصحة. زيت جوز الهند : يعمل على تقليل الالتهابات وتهدئة وترطيب الشفاه وحمايتها من الجفاف فوائد ليب بالم شان مرطب شفاه مرطب شان للشفايف هو مرطب شفاه طبي يحتوي على تركيبة مغذية ومرطبة ، يحمى من الجفاف والتشققات ويعمل على استعادة جمال وصحة الشفاه . سعر ليب بالم شان سعر شان ليب بالم مرطب شفاه هو 90 جنيه مصرى. "" shaan lip balm سعره  قد يتغير من وقت لاخر تبعاً لتغير السعر فى الصيدليات"" حجم shaan lip balm يتوافر زبدة كاكاو شان بحجم 5 جم. يوصي باستعمال شان ليب بالم lip balm shaan مرطب شفاه شان مناسب لمن يعاني من الجفاف والتشققات حيث يعمل على علاج وترطيب وتهدئة وحماية الشفاه وجعلها أكثر نضارة ونعومة. ما الوان و أنواع ليب بالم شان ؟ ليب بالم شان شفاف lip balm shaan شان ليب بالم فراولة shaan lip balm strawberry شان ليب بالم شيري shaan lip balm cherry شان ليب بالم روز shaan lip balm rose ما افضل مرطب شفايف طبي ؟ مرطب شفايف فازلين الوردي مرطب للشفايف سيتافيل لونا ليب ثيرابى كارميكس مرطب شفاه مرطب شفاه ستارلاين ما هو علاج جفاف وتشقق الشفاه ؟ تجنب لمس أو لعق الشفاه. اشرب الكثير من الماء وحافظ على رطوبة الجسم. قومى بإزالة أحمر الشفاه قبل الذهاب إلى السرير. قومى بترطيب الشفاه بمرطب مناسب يحمى من الجفاف. قومي بتقشير شفتيك باستخدام مقشر الشفاه الطبيعي.",ماركة: شان
896,مرطب شان كريم للبشرة الجافة والحساسة shaan cream | ١٢٠ جم,shaan skin rejuvenation cream,150,EGP,شان,العناية بالبشرة>الترطيب,in stock,https://chefaa.com:443/eg-ar/nowProduct/shaan-skin-rejuvenation-cream,https://cdn.chefaa.com/filters:format(webp)/public/uploads/products/shaan-skin-rejuvenation-cream-01674479136.png,https://cdn.chefaa.com/filters:format(webp)/public/uploads/products/shaan-skin-rejuvenation-cream-01674479136.png,"مميزات المنتج   يتميز مرطب شان كريم (shaan cream) بما يلي: مناسب للوجه و الجسم. يعمل على تجديد خلايا البشرة له تركيبة غنية ومميزة تحتوي على أكثر من 10 مرطبات. يحتوي على البانثينول والألنتوين وزيت الجوجوبا يقلل فقدان الرطوبة والاحتفاظ بها داخل البشرة للوصول الى ترطيب يدوم طويلا. يحتوي على الفيتامينات لتغذية البشرة للحفاظ على نضارة البشرة حمايتها من عوامل الجو الضارة. يحفظ رطوبة البشرة لأطول فترة. يكسب البشرة المزيد من النضارة والنعومة. يمكن استخدامه عقب جلسات الليزر لتسريع شفاء البشرة. سعر كريم شان للبشرة الجافة  مناسب مقارنة بحجمه وفاعليته .   عن هذا المنتج     مكونات شان كريم مرطب shaan cream يحتوي شان كريم مرطب للبشرة الجافة shaan cream على: برو فيتامين B5: لترطيب البشرة وإكسابها النضارة. ألانتوين: يعمل كمرطب ومهدئ للبشرة. زيت الجوجوبا: يزيد من رطوبة ونعومة البشرة. فيتامين هـ: يغذي البشرة ويحميها من علامات تقدم السن. زيت السمسم: له خصائص مضادة للأكسدة ويحفز إنتاج الكولاجين. زيت الزيون: يحفظ رطوبة البشرة لأطول فترة. حجم مرطب شان كريم shaan rejuvenation cream يتوفر كريم شان للبشرة الدهنية بحجم 120 جم. يوصى باستخدام كريم شان مرطب للوجه  : مرطب شان كريم مناسب لأصحاب البشرة الجافة والحساسة إذ يتميز بتركيبة غنية تساعد على ترطيب وتنعيم البشرة وإكسابها المزيد من النضارة والإشراق. سعر مرطب شان كريم للبشرة الجافة سعر كريم شان المرطب  حوالى 150 جنيه لعبوة حجمها 120 جم. "" قد يتغير سعر شان كريم من وقت لاخر تبعاً لتغيره فى الصيدليات "" ما فوائد مرطب شان كريم للوجه ؟ يساعد كريم shaan للبشرة الجافة على ترطيب البشرة العميق وحمايتها من الجفاف وعلامات تقدم سن البشرة، بالإضافة إلى دوره في تجديد شباب البشرة وإكسابها النضارة والنعومة ويمكن استخدامه بعد جلسات الليزر لتخفيف الالتهاب والمساعدة على شفاء الجلد. ما الفرق بين شان جل وشان كريم shaan ؟ شان جل مناسب لأصحاب البشرة الدهنية والمختلطة أما شان كريم يناسب أصحاب البشرة الجافة والحساسة. هل يُستخدم كريم شان للتفتيح ؟ لا يحتوي مرطب شان للبشرة الجافة على مكونات لتفتيح البشرة ولكنه يساعد على ترطيب البشرة بعمق مما يكسب البشرة المزيد من النضارة والحيوية. هل ينفع شان كريم مرطب للبشرة الدهنية ؟ من الافضل استعمال شان جل بدلاً من شان كريم كمرطب للبشرة الدهنية. ما عيوب مرطب شان كريم ؟ مرطب شان كريم هو منتج فعال للترطيب، ولكن يمكن أن يكون له بعض العيوب إذا كانت لديك بشرة دهنية أو إذا تم استخدامه بشكل مفرط. يجب دائمًا التأكد من ملاءمته لنوع البشرة ومراجعة مكونات الكريم قبل استخدامه. ما أفضل كريم مرطب طبي للبشره الجافة  ؟ كريم مرطب شان للبشرة الجافة  ديرماتيك كريم مرطب بيبانثين كريم مرطب هيبتا بانثينول كريم مرطب",ماركة: شان
31456,شان مرطب جل للبشره الدهنية والمختلطة | ٦٠ جم,shaan soothing gel aloe vera extract 60gm zb7f,100,EGP,شان,العناية بالبشرة>الترطيب,in stock,https://chefaa.com:443/eg-ar/nowProduct/shaan-soothing-gel-aloe-vera-extract-60gm-zb7f,https://cdn.chefaa.com/filters:format(webp)/public/uploads/products/shaan-soothing-gel-aloe-vera-extract-60gm-mtkf-01692319371.png,https://cdn.chefaa.com/filters:format(webp)/public/uploads/products/shaan-soothing-gel-aloe-vera-extract-60gm-mtkf-01692319371.png,"مميزات المنتج   يتميز مرطب شان جل للبشرة الدهنية بما يلي: يرطب البشرة ويكسبها المزيد من النعومة. غني بالفيتامينات ومضادات الأكسدة المغذية للبشرة. له قوام خفيف تمتصه البشرة بسهولة. يحافظ على نضارة وحيوية البشرة ويساعد على حفظ رطوبة البشرة لأطول فترة. سعر مرطب شان جل shaan gel مناسب مقارنة بفوائده للبشرة. جيل مرطب خفيف الملمس و سريع الامتصاص لا يترك أي آثار دهنية على البشرة. مناسب للوجه لجميع أنواع البشرة يعمل على تجديد خلايا البشرة يحتوي على مجموعة مرطبات ومهدئات للبشرة  يحتوي على الفيتامينات لتغذية البشرة ومضادات الأكسدة للحفاظ على نضارة البشرة و حمايتها من عوامل الجو الضارة.   عن هذا المنتج     مكونات مرطب شان جل للبشرة الدهنية (shaan soothing gel) يحتوي كريم مرطب شان جل على: زيت اللوز: يساعد على ترطيب وتنعيم البشرة. ألانتوين: يعمل كمرطب ومهدئ للبشرة. فيتامين ه: يغذي البشرة ويحافظ على نضارتها. البانثينول: يكسب البشرة المزيد من النعومة والترطيب. مستخلص الصبار: يهدئ البشرة ويحميها من الحساسية والالتهابات. الجلسرين: لترطيب مضاعف للبشرة.   سعر مرطب شان جل للبشرة المختلطة سعر مرطب شان جل للبشرة الدهنية  في الصيدليات هو 100 جنيه. "" shaan gel سعره  قد يتغير من وقت لاخر تبعاً لغير سعره فى الاسواق "" حجم شان جل مرطب للبشرة الدهنية والمختلطة يتوفر shaan gel مرطب بحجم 60 جم و 120 جم و200 جم. يوصى باستعمال  مرطب shaan gel مرطب شان جل مناسب لأصحاب البشرة الدهنية والمختلطة إذ يوفر ترطيب عالي للبشرة بدون أن يترك ملمس دهني على البشرة ولا يسبب انسداد المسام، وهو يتميز بتركيبة مميزة تحافظ على نضارة ونعومة البشرة لأطول فترة. فوائد مرطب شان جل shaan soothing gel  مرطب شان يوفر ترطيب عالي للبشرة ويكسبها المزيد من النضارة والنعومة بفضل تركيبته المزودة بمجموعة من المرطبات والفيتامينات المغذية للبشرة وكذلك مضادات الأكسدة، ويمكن استخدامه كمثبت ومرطب قبل وشع المكياج إذ يمتاز شان جل بقوامه الخفيف غير الدهني.",ماركة: شان
24635,شان مرطب للجسم للبشرة الجافة وشديدة الجفاف | 300 مل,shaan moisturizing body milk for dry and very dry skin 300ml sicl,200,EGP,شان,العناية بالبشرة>,in stock,https://chefaa.com:443/eg-ar/nowProduct/shaan-moisturizing-body-milk-for-dry-and-very-dry-skin-300ml-sicl,https://cdn.chefaa.com/filters:format(webp)/public/uploads/products/shaan-moisturizing-body-milk-for-dry-and-very-dry-skin-300ml-c0ms-01667203552.png,https://cdn.chefaa.com/filters:format(webp)/public/uploads/products/shaan-moisturizing-body-milk-for-dry-and-very-dry-skin-300ml-c0ms-01667203552.png,مميزات المنتج   يتميز شان مرطب للجسم بالآتي: له تركيبة مميزة تساعد على ترطيب البشرة العميق لمدة تدوم حتى 72 ساعة. غني بزبدة الشيا والفيتامينات التي تساعد على تغذية وترطيب البشرة. يحمي الجسم من الجفاف والتشققات. يحافظ على نعومة البشرة ولا يترك ملمس دهني على البشرة. خالي من الكحول والبارابين والعطور. يناسب جميع أنواع البشرة وخاصة البشرة الجافة. سعر مرطب شان مناسب مقارنة بفوائده العديدة للبشرة.   عن هذا المنتج      مكونات مرطب شان بودى ميلك يحتوي shaan body milk على: السيراميد: يساعد على الترطيب العميق للبشرة والحفاظ على حاجز البشرة. حمض الهيالورونيك: يرطب البشرة ويكسبها المرونة ويساعد على الاحتفاظ برطوبة الجلد لأطول فترة ممكنة، وله دور في مقاومة علامات تقدم سن البشرة. فيتامين ب3: لتنظيم إفراز الزيوت وتفتيح التصبغات ومقاومة احمرار والتهاب الجلد. فيتامين E: يعمل كمادة مضادة للأكسدة تحافظ على شباب البشرة وتكسبها الترطيب والنعومة. زبدة الشيا: غنية بالأحماض الدهنية التي ترطب وتغذي البشرة بعمق. حجم شان مرطب للجسم  يتوفر shaan body milk بحجم 300 مل. يوصى باستعمال شان لوشن مرطب للجسم ل: شان بودي ميلك مناسب لجميع أنواع البشرة وخاصة أصحاب البشرة الجافة إذ يساعد على مقاومة الجفاف والترطيب العميق للبشرة ويكسب الجلد المزيد من النعومة مما يحافظ على نضارة الجلد ويحميه من علامات التقدم في العمر.,ماركة: شان
45580,ديرما اكتيف | أكتي ريبير جل التنظيف المهدئ | 200مل,dermactive acti repair soothing cleansing gel 200ml nzfz_dunao8Ca,189,EGP,ديرما اكتيف,العناية بالبشرة>الغسول,in stock,https://chefaa.com:443/eg-ar/nowProduct/dermactive-acti-repair-soothing-cleansing-gel-200ml-nzfz_dunao8Ca,https://cdn.chefaa.com/filters:format(webp)/public/uploads/products/dermactive-acti-repair-soothing-cleansing-gel-200ml-96zv-01724850258.png,https://cdn.chefaa.com/filters:format(webp)/public/uploads/products/dermactive-acti-repair-soothing-cleansing-gel-200ml-96zv-01724850258.png,مميزات المنتج   ديرما اكتيف | أكتي ريبير جل التنظيف المهدئ | 200مل,ماركة: ديرما اكتيف
45110,ديرماكتيف كريم للتفتيح اكتي وايت | 50 مل,acti white anti spot and pigmentation cream 50ml bey9,225,EGP,ديرما اكتيف,العناية بالبشرة>الترطيب,in stock,https://chefaa.com:443/eg-ar/nowProduct/acti-white-anti-spot-and-pigmentation-cream-50ml-bey9,https://cdn.chefaa.com/filters:format(webp)/public/uploads/products/acti-white-anti-spot-and-pigmentation-cream-50ml-wyew-01724236494.png,https://cdn.chefaa.com/filters:format(webp)/public/uploads/products/acti-white-anti-spot-and-pigmentation-cream-50ml-wyew-01724236494.png,مميزات المنتج   ديرماكتيف كريم للتفتيح اكتي وايت (dermactive acti white cream ) مصحح للبقع الداكنة والتصبغات ومعزز لنضارة البشرة. مناسب لجميع أنواع البشرة. مناسب للوجه، والرقبة، واليدين. يصحح ويوحد لون البشرة.   عن هذا المنتج     مكونات ديرماكتيف كريم للتفتيح يتكون كريم ديرما اكتيف من: خلاصة العرقسوس (glycyrrhiza glabra extract): يعمل على تفتيح وتوحيد لون البشرة. خلاصة البابونج (chamomile extract): تقلل من فرط التصبغ، وإزالة آثار حب الشباب، كما تمنح البشرة مظهرًا حيويًا. نياسيناميد (Niacinamide): يرطب البشرة ويحفز إنتاج الكولاجين مما يجعل البشرة أكثر نعومة وإشراقًا. ثنائي ميثيل ميثوكسي كرومانيل بالميتيت (dimethylmethoxy chromanyl palmitate). بانثينول (panthenol): مرطب وملطف للبشرة. حمض الأزيليك (Azelaic acid): له دور فعال في إزالة التصبغات، والبقع، والكلف، ويخفف من آثار حب الشباب. فيتامين سي في صورة مركب ماغنيسيوم اسكوربيل الفوسفات (magnesium ascorbyl phosphate): يحمي البشرة من الجذور الحرة التي تسبب الإجهاد التأكسدي، يقلل من آثار البقع ويوحد لون البشرة. حجم عبوة derma active acti white cream  يتوفر كريم ديرما اكتيف اكتي وايت لتفتيح البشرة في عبوة بحجم 50 مل. يوصى باستعمال ديرما اكتيف كريم يوصى باستعمال كريم ديرما اكتيف لتفتيح ومقاومة التصبغات والبقع الداكنة لجميع أنواع البشرة؛ لأنه يتكون من مزيج من المواد الفعالة التي تقلل من نشاط خلايا التصبغ المسئولة عن إنتاج الميلانين، كما يمنحك بشرة أكثر نضارة وإشراقًا. طريقة استخدام ديرماكتيف كريم للتفتيح  اكتي وايت يوضع كمية من الكمري على بشرة نظيفة وجافة مع توزيعه جيدًا. يُستخدم مرة يوميًا مساءً. تجنب ملامسته لمحيط العين. مناسب للوجه، والرقبة، واليدين.,ماركة: ديرما اكتيف
46625,غسول ديرما اكتيف للتفتيح اكتي وايت جل رغوة | 200 مل,dermactive acti clear gentle cleasnsing foaming gel 200ml xo07_duNZ1NyO,189,EGP,ديرما اكتيف,العناية بالبشرة>الغسول,in stock,https://chefaa.com:443/eg-ar/nowProduct/dermactive-acti-clear-gentle-cleasnsing-foaming-gel-200ml-xo07_duNZ1NyO,https://cdn.chefaa.com/filters:format(webp)/public/uploads/products/dermactive-acti-clear-gentle-cleasnsing-foaming-gel-200ml-oljl-01708424736.png,https://cdn.chefaa.com/filters:format(webp)/public/uploads/products/dermactive-acti-clear-gentle-cleasnsing-foaming-gel-200ml-oljl-01708424736.png,مميزات المنتج   يتميز غسول ديرما اكتيف اكتي وايت للتفتيح dermactive acti white cleanser بما يلي: منظف يومي مصمم لتفتيح البشرة وتعزيز نضارتها. يساعد على تنظيف البشرة بلطف، وإزالة الشوائب السطحية دون التسبب في جفافها، مما يساهم في استعادة إشراقة البشرة. غني بمكونات فعّالة تساعد على توحيد لون البشرة وتقليل ظهور البقع الداكنة والتصبغات. يتميز بتركيبة خالية من الصابون والمواد الكيميائية الضارة، مما يجعله مناسبًا لجميع أنواع البشرة، بما في ذلك البشرة الحساسة. له ملمس رغوي خفيف يسهل توزيعه على البشرة ويمنح شعورًا بالانتعاش. مناسب للاستخدام اليومي. سعر غسول ديرما اكتيف للتفتيح مناسب مقارنة بفوائده العديدة للبشرة.   عن هذا المنتج     مكونات غسول ديرما اكتيف للتفتيح   يحتوي غسول ديرما اكتيف على:  نياسيناميد (Niacinamide): يساعد على تفتيح البشرة، وتوحيد لونها، وتقليل التصبغات والاحمرار.  الجلسرين (Glycerine): مرطب طبيعي يحافظ على رطوبة البشرة ويمنع جفافها.  خلاصة البابونج (chamomile extract): مهدئ للبشرة، يقلل من الاحمرار والتهيج، ويحتوي على خصائص مضادة للأكسدة.  حمض الترانيكساميك (Tranexamic acid): يساعد على تقليل التصبغات والبقع الداكنة، ويعمل على تفتيح البشرة.  ألفا أربيوتين (Alpha arbutin): مكون طبيعي يساعد على تفتيح البشرة وتقليل الميلانين المسؤول عن التصبغات.  مستخلص العرقسوس (Licorice extract): يعمل على تفتيح البشرة، وتهدئتها، وتقليل التصبغات والبقع الداكنة.  حمض الأزيليك (Azelaic acid):  يساهم في تقليل التصبغات والاحمرار، كما يساعد على تحسين ملمس البشرة ومظهرها.  حمض الستريك (Citric acid): يعمل كمقشر لطيف يساعد على إزالة خلايا الجلد الميتة وتفتيح البشرة.  حجم عبوة dermactive غسول   يتوفر غسول ديرما اكتيف للتفتيح بحجم 200 مل.  سعر غسول ديرما اكتيف اكتي وايت   يبلغ سعر غسول dermactive حوالي 200 جنيه مصري (سعر المنتج قد يتغير تبعاً لتحديث سعره في الصيدليات أو حسب العروض المتاحة).  يوصى باستعمال ديرما اكتيف غسول ل  غسول ديرما اكتيف للتفتيح مناسب لجميع أنواع البشرة وخاصة من يعانون من التصبغات والبقع، فهو يساهم في تفتيح لون البشرة وتوحيد لونها ويساعدك على التخلص من البقع الداكنة والتصبغات مما يمنحك بشرة أكثر نضارة وحيوية.  طريقة استخدام غسول dermactive للتفتيح  اشطفي وجهك بالماء الفاتر.  ضعي كمية مناسبة من الغسول على بشرتك ووزعيها جيداً.  دلكي بشرتك بحركات دائرية.  اشطفي وجهك جيداً.  يمكنك استخدام الغسول مرتين يومياً صباحاً ومساءً.  ما فوائد غسول ديرما اكتيف dermactive؟  ينظف البشرة بعمق دون أن يسبب لها الجفاف.  يساعد على تفتيح البشرة وتوحيد لونها.  يقلل البقع والتصبغات ويحمي من ظهورها.  يزيد إشراق ونضارة البشرة.  هل غسول ديرما اكتيف مناسب للحامل؟  غسول ديرما اكتيف آمن للاستخدام خلال فترة الحمل ولكن يفضل استشارة الطبيب قبل استخدام أي منتجات تجميلية أو علاجية خلال فترة الحمل.  ما انواع غسول ديرما اكتيف؟  غسول ديرما اكتيف اكتي كلير (dermactive acti clear).  غسول ديرما اكتيف اكتي وايت (dermactive acti white cleanser).  ما أفضل غسول لتفتيح الوجه طبي؟  غسول ستارفيل للتفتيح starville whitening cleanser.  غسول أليجون للتفتيح alejon whitening.  غسول تيلوفيل telofil cleanser.  غسول ديرما اكتيف اكتي وايت dermactive acti white cleanser.  غسول بيوديرما بيجمنت بيو bioderma pigment bio cleanser.,ماركة: ديرما اكتيف
46620,سيروم ديرما اكتيف للبشره الدهنية اكتي كلير | 30 مل,dermactive acti clear correcting serum 30ml 65dd_du1SiHGg,250,EGP,ديرما اكتيف,العناية بالبشرة>السيروم,in stock,https://chefaa.com:443/eg-ar/nowProduct/dermactive-acti-clear-correcting-serum-30ml-65dd_du1SiHGg,https://cdn.chefaa.com/filters:format(webp)/public/uploads/products/dermactive-acti-clear-correcting-serum-30ml-2o0o-01708422311.png,https://cdn.chefaa.com/filters:format(webp)/public/uploads/products/dermactive-acti-clear-correcting-serum-30ml-2o0o-01708422311.png,مميزات المنتج   يتميز سيروم ديرما اكتيف للبشرة الدهنية acti clear dermactive serum بما يلي: يعمل بفعالية على تقليل ظهور البثور والرؤوس السوداء، مما يساهم في تنقية البشرة وجعلها أكثر صفاءً. يساعد على تقليل حجم المسام الواسعة، مما يمنح البشرة مظهرًا أكثر نعومة وتجانسًا. يخفف العلامات والآثار الناتجة عن حب الشباب، مما يساعد على تحسين مظهر البشرة بشكل عام. قوامه خفيف وسريع الامتصاص ولا يسبب ملمسًا لزجًا على البشرة. يحافظ على صفاء ونقاء البشرة. يمكن استخدامه يوميًا كجزء من روتين العناية بالبشرة، ليساهم في الحفاظ على توازن البشرة ومنع ظهور العيوب. سعر سيروم ديرما اكتيف للبشرة الدهنية مناسب مقارنة بفوائده العديدة للبشرة.   عن هذا المنتج     مكونات سيروم ديرما اكتيف للبشرة الدهنية   يحتوي ديرما اكتيف سيروم على:  نياسيناميد (Niacinamide): يقلل من إفراز الزيوت ويخفف من مظهر المسام.   بانثينول (Panthenol): يهدئ البشرة ويرطبها بعمق.  جلسرين (Glycerin): مرطب قوي يساعد على جذب الرطوبة للبشرة وحمايتها من الجفاف.  حمض الهيالورونيك (Hyaluronic acid): يوفر ترطيبًا عميقًا للبشرة ويحسن مرونتها.  كوجيك أسيد (Kojic acid): يفتح البقع الداكنة ويوحد لون البشرة.  جليكوليك أسيد (Glycolic acid): مقشر كيميائي يزيل خلايا الجلد الميتة ويجدد البشرة.  حمض الساليسيليك (Salicylic acid): يقلل من مظهر المسام والرؤوس السوداء والبثور.   ريتينول (Retinol): يعزز تجديد خلايا البشرة ويحسن مظهر الخطوط الدقيقة.  حجم عبوة derma active serum   يتوفر سيروم ديرما اكتيف بحجم 30 مل.  سعر سيروم ديرما اكتيف الاخضر   يبلغ سعر سيروم ديرما اكتيف للبشرة الدهنية حوالي 239 جنيه مصري (سعر المنتج قد يتغير تبعاً لتحديث سعره في الصيدليات أو حسب العروض المتاحة).  يوصى باستعمال ديرماكتيف سيروم ل   سيروم ديرما اكتيف مناسب للبشرة الدهنية والمختلطة فهو يساعد على تقليل البقع والرؤوس السوداء وكذلك تقليل آثار حب الشباب مما يمنحك بشرة أكثر إشراقاً ونقاءً.  طريقة استخدام سيروم ديرما اكتيف للحبوب   ابدئي بغسل وجهكِ بلطف باستخدام غسول مناسب لنوع بشرتك.  اشطفي وجهكِ جيدًا بالماء الفاتر وجففيه بلطف باستخدام منشفة نظيفة.  ضعي كمية صغيرة من السيروم (2-3 قطرات) على أطراف أصابعك.  وزعي السيروم بلطف على المناطق المصابة بالحبوب أو على كامل الوجه إذا لزم الأمر، مع تجنب منطقة العينين والشفتين.  دلكي بشرتك بحركات دائرية خفيفة.  استخدمي السيروم مرة يومياً مساءً.  ما فوائد سيروم ديرما اكتيف اكتي كلير؟  يساعد على تقليل ظهور الحبوب والبثور والرؤوس السوداء.  يقشر البشرة بلطف ويزيل خلايا الجلد الميت.  يحسن ملمس البشرة ويزيد نعومتها.  يقلل التصبغات والبقع الداكنة.  يحسن مظهر المسام وينظم إفراز الزيوت بالبشرة.  يساعد على تفتيح البشرة وتوحيد لونها.  يرطب البشرة بعمق ويزيد مرونتها.  ما أفضل سيروم لنضارة البشرة الدهنية؟  سيروم ذا أورديناري بالنياسيناميد The ordinary niacinamide serum.  سيروم لاروش بوزييه هيالو ب5 laroach possay halu B5 serum.  سيروم ستارفيل فيتامين سي starville vitamin C serum.  سيروم فيشي نورماديرم vichy normaderm serum.  سيروم ديرما اكتيف اكتي كلير acti clear dermactive serum.,ماركة: ديرما اكتيف
46621,ديرما اكتيف | اكتى كلير غسول جل | 200مل,dermactive acti clear gentle cleansing gel 200ml dfvh_duZgc59K,189,EGP,ديرما اكتيف,العناية بالبشرة>الغسول,in stock,https://chefaa.com:443/eg-ar/nowProduct/dermactive-acti-clear-gentle-cleansing-gel-200ml-dfvh_duZgc59K,https://cdn.chefaa.com/filters:format(webp)/public/uploads/products/dermactive-acti-clear-gentle-cleansing-gel-200ml-ewhy-01708422885.png,https://cdn.chefaa.com/filters:format(webp)/public/uploads/products/dermactive-acti-clear-gentle-cleansing-gel-200ml-ewhy-01708422885.png,مميزات المنتج   ديرما اكتيف | اكتى كلير غسول جل | 200مل   عن هذا المنتج     للبشرة المختلطة إلى الدھنیة ، یعمل على تنظیف البشرة برفق دون أن یرھق حاجز البشرة ، لا يسبب الجفاف ، یزیل الشوائب ویتحكم في الافرازات الدهنية الزائدة ویقلل من اللمعان. ملمس خفيف - خالي من الصابون,ماركة: ديرما اكتيف
46619,ديرما اكتيف | اكتى كلير جلوبال كريم جل | 50مل,dermactive acti clear global cream 50ml h3vb_dukCOoCP,225,EGP,ديرما اكتيف,العناية بالبشرة>الترطيب,in stock,https://chefaa.com:443/eg-ar/nowProduct/dermactive-acti-clear-global-ac-cream-50ml-h3vb_dukCOoCP,https://cdn.chefaa.com/filters:format(webp)/public/uploads/products/dermactive-acti-clear-global-ac-cream-50ml-3m98-01708421875.png,https://cdn.chefaa.com/filters:format(webp)/public/uploads/products/dermactive-acti-clear-global-ac-cream-50ml-3m98-01708421875.png,مميزات المنتج   ديرما اكتيف | اكتى كلير جلوبال كريم جل | 50مل   عن هذا المنتج     جلوبال ايه سي جل كريم ، للتوليف للبشرة الدهنية ، مركّز بشكل كبير في المواد الفعالة للأمراض الجلدية للحصول على نتائج واضحة على العيوب والرؤوس السوداء والعلامات الحمراء / البنية. قوامه الخفيف يرطب البشرة ويخفف الشعور بعدم الراحة دون ترك طبقة دهنية أو قالب أبيض.,ماركة: ديرما اكتيف
46622,ديرما اكتيف | اكتى كلير هيدرا كريم جل | 50مل,dermactive acti clear hydra mattifying gel 50ml nvk5_dulOlISw,179,EGP,ديرما اكتيف,العناية بالبشرة>الترطيب,in stock,https://chefaa.com:443/eg-ar/nowProduct/dermactive-acti-clear-hydra-mattifying-gel-50ml-nvk5_dulOlISw,https://cdn.chefaa.com/filters:format(webp)/public/uploads/products/dermactive-acti-clear-hydra-mattifying-gel-50ml-kys1-01708423522.png,https://cdn.chefaa.com/filters:format(webp)/public/uploads/products/dermactive-acti-clear-hydra-mattifying-gel-50ml-kys1-01708423522.png,عن هذا المنتج     كریم جل خفیف خصیصا للبشرة المختلطة إلى الدھنیة ، یرطب البشرة ويعمل على اطفاء اللمعان لمظھر مثالي ودائم طوال الیوم. يمكن استخدامه اساس للمكياج,ماركة: ديرما اكتيف
45718,ديرما اكتيف اكتي ريبير جل للبشرة الجافة والحساسة | 50 مل,dermactive acti repair hydro gel for dry sensitive skin 50ml fkp8_dufzHVbH,185,EGP,ديرما اكتيف,العناية بالبشرة>الترطيب,in stock,https://chefaa.com:443/eg-ar/nowProduct/dermactive-acti-repair-hydro-gel-for-dry-sensitive-skin-50ml-fkp8_dufzHVbH,https://cdn.chefaa.com/filters:format(webp)/public/uploads/products/dermactive-acti-repair-hydro-gel-for-dry-sensitive-skin-50ml-spin-01717504589.png,https://cdn.chefaa.com/filters:format(webp)/public/uploads/products/dermactive-acti-repair-hydro-gel-for-dry-sensitive-skin-50ml-spin-01717504589.png,"مميزات المنتج   يتميز ديرما اكتيف اكتي ريبير جل dermactive moisturizer hydro gel بما يلي: يُساعد على إعادة توازن الرطوبة في البشرة الجافة بفضل تركيبته المميزة، مما يُحافظ على نعومة البشرة ويحميها من الجفاف. يساهم في تقوية وإصلاح الحاجز الواقي للبشرة، مما يساعد على مقاومة العوامل البيئية الضارة والحفاظ على صحة البشرة. مناسب للبشرة الحساسة والمعرضة للالتهابات. يقلل احمرار وتهيج البشرة. يتميز بتركيبته الخفيفة غير الدهنية، حيث يُمتص بسرعة دون ترك أثرًا لزجًا، مما يجعله مناسبًا للاستخدام اليومي. يساعد على تحسين ملمس البشرة ومظهرها العام مع الاستخدام المستمر. سعر ديرما اكتيف اكتي ريبير جل مناسب مقارنة بفوائده العديدة للبشرة.   عن هذا المنتج     مكونات ديرما اكتيف اكتي ريبير جل   يحتوي جل ديرما اكتيف على:  الجلسرين (glycerin): يساهم في سحب الرطوبة والاحتفاظ بها في البشرة مما يوفر لها ترطيباً عميقاً.  فيتامين ب5 (vitamin B5): يُعزز تجديد خلايا البشرة ويساعد على ترطيبها.  يوريا (urea): مرطب فعال يساعد على تقشير الخلايا الميتة بلطف وزيادة نعومة البشرة.  ألانين، سيرين، برولين (alanine,Serine, proline): أحماض أمينية تدعم تجديد خلايا البشرة وتقوي حاجز البشرة.  توكوفيرول (tocopherol): مضاد أكسدة قوي يحمي البشرة من التلف.  صوديوم هيالورونات (sodium hyaluronate): أحد أشكال حمض الهيالورونيك يُوفر ترطيبًا عميقًا ويساعد على تحسين مرونة البشرة وتقليل ظهور التجاعيد والخطوط الدقيقة.  حجم عبوة dermactive moisturizer hydro gel   يتوفر ديرما اكتيف اكتي ريبير جل بحجم 50 مل.  سعر مرطب ديرما اكتيف هيدرو جل   يتوفر ديرما اكتيف اكتي ريبير جل بسعر حوالي 169 جنيه مصري (سعر المنتج قد يتغير تبعاً لتحديث سعره في الصيدليات أو حسب العروض المتاحة).  يوصى باستعمال ديرما اكتيف اكتي ريبير جل ل  جل ديرما اكتيف اكتي ريبير مناسب لأصحاب البشرة الجافة والحساسة فهو يوفر ترطيباً عميقاً للبشرة كما يعمل على تهدئة البشرة وإعطاء شعوراً بالنعومة والانتعاش.  طريقة استخدام مرطب ديرما اكتيف للبشرة الجافة  اغسلي وجهك بلطف باستخدام غسول مناسب لنوع بشرتك، ثم جففيه برفق باستخدام منشفة ناعمة.  خذي كمية مناسبة من المرطب ووزعيها على بشرتك.  دلكي بشرتك بحركات دائرية على الوجه والرقبة حتى يتم امتصاصه تمامًا.  يُفضل استخدامه مرتين يوميًا صباحًا ومساءً للحفاظ على ترطيب البشرة طوال اليوم.  ما فوائد مرطب ديرما اكتيف؟  يرطب البشرة بعمق وفعالية.  يحفظ ترطيب البشرة لفترة طويلة.  يقوي حاجز البشرة الطبيعي ويحميها من الجفاف.  يقلل احمرار وتهيج البشرة.  يحسن مرونة البشرة ويحسن ملمسها.  يكسب البشرة النضارة والحيوية.  هل مرطب ديرما اكتيف يطلع حبوب؟  يتميز مرطب ديرما اكتيف بقوامه الخفيف غير الدهني وبالتالي فهو لا يسد المسام ولا يسبب ظهور الحبوب ولتجنب ظهور الحبوب يمكنك اتباع الآتي:   اختبري المنتج على جزء صغير من البشرة قبل استخدامه على الوجه بالكامل.  استخدمي كمية مناسبة، لأن الإفراط في كمية المرطب قد تسد المسام.  تأكدي من أن بشرتك نظيفة وجافة قبل وضع المرطب.  ما أفضل جل مرطب للوجه؟  شان جل shaan gel.  ديرماتيك مرطب dermatique gel.  ستارفيل جل مرطب starville gel.  ديرما اكتيف اكتي ريبير جل dermactive acti repair gel.",ماركة: ديرما اكتيف
46617,صن بلوك ديرما اكتيف فلويد للبشرة الدهنية +50 spf تنتد | ٥٠ مل,dermactive acti solaire spf ultra fluid light tinted 50ml c5lf_dubjjPV4,279,EGP,ديرما اكتيف,العناية بالبشرة>الوقاية من الشمس,in stock,https://chefaa.com:443/eg-ar/nowProduct/dermactive-acti-solaire-spf-50-ultra-fluid-light-tinted-50ml-c5lf_dubjjPV4,https://cdn.chefaa.com/filters:format(webp)/public/uploads/products/dermactive-acti-solaire-spf-50-ultra-fluid-light-tinted-50ml-wkql-01708420564.png,https://cdn.chefaa.com/filters:format(webp)/public/uploads/products/dermactive-acti-solaire-spf-50-ultra-fluid-light-tinted-50ml-wkql-01708420564.png,مميزات المنتج   يتميز صن بلوك ديرما اكتيف dermactive sunblock بما يلي: يوفر حماية فائقة من الشمس، فيحتوي على معامل حماية SPF 50+، مما يوفر حماية عالية جدًا من الأشعة فوق البنفسجية UVA وUVB، وبالتالي يقلل من خطر الحروق والتصبغات والشيخوخة المبكرة. له قوام خفيف وسريع الامتصاص ولا يترك أي أثر دهني أو لزج على البشرة. يمنح بشرتكِ لمسة نهائية جافة وغير لامعة، مما يجعله مثاليًا للاستخدام قبل وضع المكياج. تركيبته اللطيفة تجعله مناسبًا للاستخدام على البشرة الحساسة والمعرضة للاحمرار والتهيج الناتج عن الشمس. تم اختباره من قبل أطباء الجلدية ويمكن استخدامه للأطفال من سن 3 سنوات. مقاومة للماء والتعرق مما يجعله مناسبًا للاستخدام اليومي. سعر صن بلوك ديرما اكتيف مناسب مقارنة بفوائده العديدة للبشرة.   عن هذا المنتج     مكونات صن بلوك ديرما اكتيف للبشرة الدهنية   يحتوي صن بلوك ديرما اكتيف على:  Diethylamino Hydroxybenzoyl Hexyl Benzoate (داي إيثيل أمينو هيدروكسيبنزيل): يعمل كمادة واقية من الأشعة فوق البنفسجية (UVA) ويمنع تلف البشرة بسبب التعرض للأشعة فوق البنفسجية، مما يقلل من خطر الشيخوخة المبكرة.  Ethylhexyl Triazone (إيثيل هكسيل ترايازون): يعمل كعامل حماية من أشعة الشمس مما يساهم في حماية البشرة من التلف الناتج عن التعرض لأشعة الشمس.   Zinc Oxide (أكسيد الزنك): يوفر حماية فعالة من الأشعة فوق البنفسجية (UVA وUVB)، ويعد من المكونات الأساسية في واقيات الشمس الطبيعية التي تعمل على حماية البشرة من الحروق والتهيج.  Glycerin (الجلسرين): يحافظ على ترطيب البشرة ويمنع جفافها.  Titanium Dioxide (تيتانيوم داي اكسيد): مكونًا طبيعيًا لواقي الشمس، يعكس الأشعة فوق البنفسجية (UVA وUVB)، ويعمل كحاجز يحمي البشرة من أضرار الشمس.  Tocopheryl Acetate (توكوفيرول أسيتات): أحد أشكال فيتامين E يعمل كمضاد أكسدة قوي يحمي البشرة من الأضرار الناتجة عن الجذور الحرة والتلوث.  حجم عبوة dermactive sunblock  يتوفر صن بلوك ديرما اكتيف بحجم 50 مل.  سعر صن بلوك ديرما اكتيف فلويد   يبلغ سعر صن بلوك ديرماكتيف حوالي 279 جنيه مصري (سعر المنتج قد يتغير تبعاً لتحديث سعره في الصيدليات أو حسب العروض المتاحة).  يوصى باستعمال ديرماكتيف صن بلوك سائل ل  صن بلوك ديرماكتيف سائل مناسب لأصحاب البشرة الدهنية والمختلطة فهو يتميز بتركيبة خفيفة على البشرة لا تسبب ملمسًا لزجًا أو دهنيًا وتعطي البشرة مظهر (مات) غير لامع، بالإضافة لحمايتها من أشعة الشمس UVA وUVB.  طريقة استخدام ديرما اكتيف صن بلوك  ضع كمية مناسبة من واقي الشمسي على الوجه وجميع المناطق المكشوفة من الجلد قبل التعرض لأشعة الشمس بـ15 إلى 20 دقيقة.  كرر وضع الواقي الشمسي بانتظام، خاصةً بعد السباحة، أو التعرق، لضمان حماية مستمرة.   ما هي مميزات وعيوب صن بلوك ديرما اكتيف؟  المميزات:  يوفر حماية قوية ضد أشعة UVA وUVB بفضل الفلاتر واسعة الطيف، مما يجعله مناسبًا للبشرة الحساسة للشمس.  تم اختباره ليكون مقاومًا للماء والعرق، مما يضمن حماية موثوقة أثناء التعرض للشمس.  مصمم ليناسب البشرة الدهنية والحساسة للشمس.  سهل الامتصاص ولا يسبب مظهرًا لامعًا أو دهنيًا للبشرة.  يرطب البشرة ويمنحها ملمسًا ناعمًا.  العيوب:  يعد صن بلوك ديرماكتيف من المنتجات الآمنة على البشرة والتي يمكن استخدامها بشكل يومي ولكن قد تحدث بعض الحساسية لدى الأشخاص الذين يعانون من فرط الحساسية تجاه أحد مكونات المنتج.  قد لا يناسب ديرماكتيف تنتد جميع درجات البشرة.  ما انواع ديرما اكتيف صن بلوك؟  أكتي سولير سبراي للأطفال acti solaire spray.  أكتي سولير سائل حماية من الشمس acti solaire fluid.  أكتي سولير سائل حماية من الشمس ملون acti solaire fluid tinted.  أكتي سولير كريم acti solaire cream.  أكتي سولير كريم ملون acti solaire tinted cream.  ما افضل وارخص صن بلوك للبشرة الدهنية؟  بوباي صن سكرين جل bobai sunscreen gel.  انفنتي صن بلوك جل infinity sunblock gel.  صن بلوك ديرماتيك dermatique sunblock.  صن بلوك دراكون drakon sunblock.  صن بلوك ديرماكتيف فلويد dermactive sunblock fluid.,ماركة: ديرما اكتيف
46624,سيروم ديرما اكتيف اكتي وايت لتفتيح البشره dermactive serum | ٣٠ مل,dermactive acti white brightening correcting serum 30ml hft2_duMLSsio,250,EGP,ديرما اكتيف,العناية بالبشرة>السيروم,in stock,https://chefaa.com:443/eg-ar/nowProduct/dermactive-acti-white-brightening-correcting-serum-30ml-hft2_duMLSsio,https://cdn.chefaa.com/filters:format(webp)/public/uploads/products/dermactive-acti-white-brightening-correcting-serum-30ml-hft2-dumlssio-01736409641.png,https://cdn.chefaa.com/filters:format(webp)/public/uploads/products/dermactive-acti-white-brightening-correcting-serum-30ml-hft2-dumlssio-01736409641.png,"مميزات المنتج   سيروم ديرما اكتيف اكتي وايت (dermactive acti white serum) يتميز بأنه  مصحح للبقع الداكنة والتصبغات ومعزز لنضارة البشرة. يناسب جميع أنواع البشرة. مناسب للوجه، والرقبة، واليدين. يصحح ويوحد لون البشرة.   عن هذا المنتج     مكونات سيروم ديرما اكتيف للتفتيح  يتكون سيروم ديرما اكتيف من:  خلاصة العرقسوس (glycyrrhiza glabra extract): يعمل على تفتيح وتوحيد لون البشرة.  خلاصة البابونج (chamomile extract): تقلل من فرط التصبغ، وإزالة آثار حب الشباب، كما تمنح البشرة مظهرًا حيويًا.  نياسيناميد (Niacinamide): يرطب البشرة ويحفز إنتاج الكولاجين مما يجعل البشرة أكثر نعومة وإشراقًا.  ثنائي ميثيل ميثوكسي كرومانيل بالميتيت (dimethylmethoxy chromanyl palmitate).  بانثينول (panthenol): مرطب وملطف للبشرة.  حمض الأزيليك (Azelaic acid): له دور فعال في إزالة التصبغات، والبقع، والكلف، ويخفف من آثار حب الشباب.  فيتامين سي في صورة مركب ماغنيسيوم اسكوربيل الفوسفات (magnesium ascorbyl phosphate): يحمي البشرة من الجذور الحرة التي تسبب الإجهاد التأكسدي، يقلل من آثار البقع ويوحد لون البشرة.  توكوفيرول أسيتات (tocopheryl acetate) أحد أشكال فيتامين هـ حيث يعمل على ترطيب البشرة وتقليل علامات التجاعيد.  جليسرين (glycerin): مرطب البشرة.  حمض الهيالورونيك (sodium hyaluronate): يعيد للبشرة حيويتها ونضارتها ويحارب التجاعيد والخطوط الدقيقة.  هيدروكسي ايثيل سليلوز (hydroxyethyl cellulose).  حمض الترانكسيمك (tranexamic acid.  كولين (choline).   حمض الفروليك (ferulic acid).  بولي ايثيلين جليكول (PEG-7).  يوريا (urea).  حمض أميني سيرين (serine).  بنتيلين جليكول (pentylene glycol).  حجم عبوة derma active acti white serum  يتوفر سيروم ديرما اكتيف اكتي وايت لتفتيح البشرة في عبوة بحجم 30 مل.  سعر سيروم ديرما اكتيف اكتي وايت  سعر سيروم ديرما اكتيف نياسيناميد هو 239 جنيه مصري. ""سعر المنتج قد يتغير تبعًا لتغير سعره في الصيدليات"". يوصى باستعمال ديرما اكتيف سيروم  يوصى باستعمال سيروم ديرما اكتيف لتفتيح ومقاومة التصبغات والبقع الداكنة لجميع أنواع البشرة؛ لأنه يتكون من مزيج من المواد الفعالة التي تقلل من نشاط خلايا التصبغ المسئولة عن إنتاج الميلانين، كما يمنحك بشرة أكثر نضارة وإشراقًا.  طريقة استخدام سيروم ديرما اكتيف نياسيناميد  يوضع من 2-3 نقطة من سيروم ديرما اكتيف وايت على بشرة نظيفة وجافة مع توزيعه جيدًا.  يُستخدم السيروم مرة يوميًا مساءً.  تجنب ملامسته لمحيط العين.  مناسب للوجه، والرقبة، واليدين.  ما هى فوائد سيروم ديرما اكتيف اكتي وايت ؟  تقليل ن فرط التصبغ وتصحيح البقع الداكنة.  تفتيح وتوحيد لون البشرة.  تحفيز إنتاج الكولاجين مما يمنحك بشرة أكثر نضارة، وإشراقة، وحيوية.  غني بفيتامين سي المضاد للأكسدة.  ما هى انواع سيروم ديرما اكتيف ؟  سيروم ديرما اكتيف اكتي وايت لتصحيح البقع وتفتيح البشرة.  سيروم ديرما اكتيف اكتي كلير سيروم مركز لتصحيح عيوب البشرة الدهنية والمختلطة.  سيروم ديرما اكتيف اكتي كلير  سيروم ديرما اكتيف اكتي كلير لتصحيح عيوب البشرة الدهنية والمختلطة. يعمل على إزالة البقع والرؤوس السوداء، ويقلل المسام الواسعة وآثار حب الشباب مما يمنحك بشرة نقية وأكثر نعومة ونضارة.  سيروم ديرما اكتيف اكتي وايت  سيروم ديرما اكتيف اكتي وايت لجميع أنواع البشرة من إنتاج شركة ديرما اكتيف المصرية. ويحتوي على مجموعة من المواد الفعالة التي تعمل على تفتيح وتوحيد لون البشرة ومقاومة التصبغات وإزالة البقع الداكنة.  ما أفضل سيروم تبييض البشرة وازالة البقع الداكنة والاثار ؟  سيروم لاروش بوزيه نياسيناميد.  سيروم غارنييه بفيتامين سي لتفتيح البشرة.  ديرما اكتيف اكتي وايت سيروم.",ماركة: ديرما اكتيف
46626,ديرما اكتيف | اي كونتور كريم جل | 15مل,dermactive acti white eye contour 15ml kq7a_dujDzJWK,199,EGP,ديرما اكتيف,العناية بالبشرة>العناية بالعيون,in stock,https://chefaa.com:443/eg-ar/nowProduct/dermactive-acti-white-eye-contour-15ml-kq7a_dujDzJWK,https://cdn.chefaa.com/filters:format(webp)/public/uploads/products/dermactive-acti-white-eye-contour-15ml-ub66-01708425106.png,https://cdn.chefaa.com/filters:format(webp)/public/uploads/products/dermactive-acti-white-eye-contour-15ml-ub66-01708425106.png,عن هذا المنتج     كريم جل خفيف خصیصا للعناية بمنطقة حول العين الحساسة ، یعمل ھذا الكریم بصورة فعاله على تفتیح محيط العين، استعادة الإشراقة في الحال والتخلص من الهالات السوداء والانتفاخات.,ماركة: ديرما اكتيف
46613,كريم ديرما اكتيف اكتي ريبير سيكا للبشرة الحساسة | 50 مل,dermactive cica acti repair skin repair cream 50ml o98c_duRZyh6U,179,EGP,ديرما اكتيف,العناية بالبشرة>الترطيب,in stock,https://chefaa.com:443/eg-ar/nowProduct/dermactive-cica-acti-repair-skin-repair-cream-50ml-o98c_duRZyh6U,https://cdn.chefaa.com/filters:format(webp)/public/uploads/products/dermactive-cica-acti-repair-skin-repair-cream-50ml-s1rk-01708349157.png,https://cdn.chefaa.com/filters:format(webp)/public/uploads/products/dermactive-cica-acti-repair-skin-repair-cream-50ml-s1rk-01708349157.png,مميزات المنتج   يتميز كريم ديرما اكتيف اكتي ريبير سيكا dermactive acti repair بما يلي: غير دهني وتمتصه البشرة بسرعة. يحمي البشرة من العوامل الخارجية الضارة. مثالي للاستخدام بعد التقشير والليزر. يحمي البشرة المتضررة ويهدئها. سعر كريم ديرما اكتيف اكتي ريبير سيكا مثالي بالنسبة لحجمه وفوائده المميزة.   عن هذا المنتج     مكونات كريم ديرما اكتيف اكتي ريبير سيكا  يحتوي كريم ديرما اكتيف اكتي ريبير سيكا على:  زيت جوز الهند (Cocos Nucifera Oil): يرطب البشرة بعمق ويحافظ على نعومتها، بفضل احتوائه على الأحماض الدهنية المغذية.  زيت بذور العنب (Vitis Vinifera Seed Oil): يحتوي على مضادات الأكسدة التي تحمي البشرة من التلف وتعزز تجديد الخلايا، مما يساعد على تقليل ظهور التجاعيد.  خلاصة زهرة الأرنيكا (Arnica Montana Flower Extract): تقلل من الالتهابات والاحمرار، وتسرع عملية شفاء البشرة المتهيجة أو المصابة.  الجليسرين وزبدة الشيا: للترطيب.   زيت اللوز الحلو.  حجم عبوة derma active كريم  يتوفر dermactive acti repair بحجم 50 مل من الكريم الذي يمتصه الجلد بسرعة.  يوصى باستعمال ديرماكتيف مرطب  يوصى باستعمال  dermactive acti repair لجميع أنواع البشرة خاصةً للأشخاص ذوي البشرة الجافة أو الحساسة، او الذين يعانون من الحكة وعدم الراحة وكذلك عقب الخضوع لإجراءات تجميلية مثل التقشير والليزر، ويمكن استعماله للوجه والجسم، فهو غني بمكونات تصلح البشرة وتخفف الحكة والاحمرار مع لمسة سريعة الامتصاص لا تترك أي ملمس دهني خلفها.   سعر مرطب ديرما اكتيف اكتي ريبير سيكا سعر dermactive acti repair  هو 159 جنيه مصري للعبوة التي تحتوي على 6 50 مل من الكريم (قد يتغير سعر الدواء وفقًا لتحديثه بالصيدليات).  ما طريقة استخدام كريم ديرما اكتيف للبشره؟  ضعي الكريم مرتين يوميًا على المناطق المصابة بعد تنظيفها وتجفيفها.  دلكي الكريم برفق حتى تمتصه البشرة بالكامل.  مناسب للاستخدام اليومي على الوجه والجسم.  تجنبي ملامسة العينين.  ما هي فوائد كريم ديرما اكتيف اكتي ريبير سيكا  يحمي البشرة من العوامل الخارجية الضارة.  مثالي للاستخدام بعد الإجراءات التجميلية مثل التقشير والليزر.  يعزز راحة البشرة ويقلل من الاحمرار.  يجعل البشرة ناعمة ورطبة.  يعيد ترميم حاجز البشرة ويرطب الوجه والجسم.  يخفف الشعور بعدم الراحة ويقلل من الحكة.  يحمي البشرة المتضررة ويهدئها.  ما أفضل كريم مرطب للبشرة الحساسة ؟  سيرافي مرطب Cerave Moisturising cream.  لاروش سيكابلاست La Roche Posay Cicaplast.  سيكا كريم حياة Cica Cream Hayah.  بيوديرما سيكابيو Bioderma Cicabio.  ما فائدة كريم ديرماكتيف؟  يعمل على تهدئة وترميم البشرة بالجسم والوجه، فهو يرطبها ويخفف من الانزعاج والاحمرار والحكة، خاصةً عقب الإجراءات التجميلية مثل جلسات الليزر، ويمكن استعماله لترطيب البشرة الحساسة.  ما هو كريم ديرما اكتيف؟  كريم مرطب ومرمم للبشرة يخفف من الاحمرار والانزعاج والحكة، ويمكن استعماله لترطيب البشرة الحساسة أو البشرة الجافة، ويتميز بامتصاص سريع لا يترك أي ملمس دهني أو غير محبب.  مرطب ديرماكتيف بكام؟  يبلغ سعر عبوة الكريم قرابة 159 جنيه مصري بسعة 50 مل، وقد يتغير سعر المنتج حسب العروض المتاحة أو تحديث سعره من قبل الشركة أو بالصيدليات ومنافذ البيع.  ديرماكتيف ريبير للتفتيح  هذا المنتج غير مخصص لتفتيح البشرة ويتوفر خيارات أخرى للتفتيح من نفس الشركة أو شركات أخرى، لكنه يخفف من الاحمرار والحكة الجلدية التي تسبب تغير لون الجلد للون الداكن فيما بعد.  كيف أحصل على كريم ديرماكتيف الأصلي؟  ينصح بالحصول عليه من المصادر الموثوقة في بيع المنتجات وتجنب المواقع أو المتاجر غير المعروفة، ويمكنك الحصول عليه من متجر شفاء بأفضل سعر.,ماركة: ديرما اكتيف
21603,لونا | كريم لليد والجسم بزبده الكاكاو | 300جم,luna cocoa butter hand and body cream 300g ku4v,165,EGP,لونا,العناية بالبشرة>,in stock,https://chefaa.com:443/eg-ar/nowProduct/luna-cocoa-butter-hand-and-body-cream-300g-ku4v,https://cdn.chefaa.com/filters:format(webp)/public/uploads/products/luna-cocoa-butter-hand-and-body-cream-300g-kpw4-01656991514.png,https://cdn.chefaa.com/filters:format(webp)/public/uploads/products/luna-cocoa-butter-hand-and-body-cream-300g-kpw4-01656991514.png,عن هذا المنتج     لونا | كريم لليد والجسم  بزبده الكاكاو | 300جم,ماركة: لونا
1158,مرطب لونا لليدين والجسم ايمولينت بزبدة الكاكاو | 75 جم,luna emolient cream hand body coca butter,50,EGP,لونا,العناية بالبشرة>,in stock,https://chefaa.com:443/eg-ar/nowProduct/luna-emolient-cream-hand-body-coca-butter,https://cdn.chefaa.com/filters:format(webp)/public/uploads/products/1588240074luna-emollient-cream-cocoa-butter.jpeg,https://cdn.chefaa.com/filters:format(webp)/public/uploads/products/1588240074luna-emollient-cream-cocoa-butter.jpeg,مميزات المنتج   يتميزمرطب لونا ايمولينت لليدين والجسم بما يلى: يعمل على حماية وترطيب البشرة المعرضة للجفاف نتيجة التعرض لعوامل بيئية مثل الهواء البارد وخاصة في فصل الشتاء، واستخدام الماء والصابون والمواد الكيميائية في الأعمال المنزلية. يمكن استخدامه بشكل يومي. مناسب لليد والجسم. يتميز برائحته المميزة. مناسب لجميع أنواع البشرة.   عن هذا المنتج     مكونات مرطب لونا لليدين والجسم الجليسرين: يعمل على تهدئة وترطيب البشرة وحمايتها من الجفاف والتشققات. زبدة كاكاو: تعمل على ترطيب وتنعيم البشرة. زيت جوز الهند: يعمل على تقليل الالتهابات وتهدئة وترطيب البشرة وحمايتها من الجفاف. زيت الجوجوبا: له خصائص مضادة للالتهابات ويعمل على ترطيب وتهدئة البشرة وتقليل الاحمرار الناتج عن الجفاف. فيتامين هـ: له خصائص مضادة للأكسدة والالتهابات ويساعد فى الحفاظ على رطوبة الجلد وتحفيز تجدد خلايا البشرة. فوائد كريم لونا ايمولينت يوفر ترطيب عميق لبشرة اليدين والجسم  يحمى من الجفاف والتشققات ويستمر مفعوله طوال اليوم. يعمل على تلطيف وتهدئة البشرة. يعمل على تغذية البشرة. يُكسب البشرة مزيد من النعومة والنضارة. سعر مرطب لونا لليدين  سعر كريم لونا ايمولينت لليدين والجسم هو 35 جنيه. حجم مرطب لونا للجسم واليد يتوافر luna emollient كريم بحجم 75 جم. يوصي باستعمال لونا كريم مرطب لليدين والجسم لكل من: الكريم مناسب للأشخاص الذين يعانون من جفاف اليدين والجسم نتيجة التعرض لعوامل بيئية مثل الهواء البارد وخاصة في فصل الشتاء واستخدام الماء والصابون والمواد الكيميائية في الأعمال المنزلية، حيث يعمل على ترطيب وتهدئة البشرة وحمايتها من الجفاف لفترة تصل إلى 24 ساعة. أفضل كريم مرطب لليدين شديدة الجفاف ؟ مرطب لونا لليدين بزبدة الكاكاو سترالين كريم لليد ايفازلين كريم لترطيب اليدين فازلين انتينسيف كير كريم مرطب للأيدي الجافة,ماركة: لونا
2675,لونا | ايمولينت كريم مرطب لليد والكعب بالجلسرين | 20جم,luna emollient cream for hand heel,25,EGP,لونا,العناية بالبشرة>,in stock,https://chefaa.com:443/eg-ar/nowProduct/luna-emollient-cream-for-hand-heel-20-gm,https://cdn.chefaa.com/filters:format(webp)/public/uploads/products/1592755420luna-emollient-cream-for-hand-heel-20-gmjpg,https://cdn.chefaa.com/filters:format(webp)/public/uploads/products/1592755420luna-emollient-cream-for-hand-heel-20-gmjpg,مميزات المنتج   يوفر ترطيب عميق لبشرة اليدين والقدمين والكوع والركبتين وأجزاء الجسم المختلفة التي تعاني من الجفاف والتشققات. يعمل على حماية البشرة من التشققات وجفاف الجلد الشديد. يعمل على تهدئة وتغذية البشرة. يُكسب البشرة مزيد من النعومة والنضارة. يعمل على حماية وترطيب بشرة اليدين الجافة نتيجة استخدام الماء والصابون والمواد الكيميائية في الأعمال المنزلية. يعمل على تجديد خلايا البشرة. مناسب لليد والكعب. مناسب لجميع أنواع البشرة. تم اختباره من قبل أطباء الجلدية. يتميز بتركيبته سريعة الامتصاص التي لا تترك أثر دهني على البشرة.   عن هذا المنتج     مكونات لونا ايمولينت كريم مرطب لليد والكعب: شمع النحل: له خصائص مضادة للأكسدة والالتهابات ويساعد على ترطيب البشرة. زيت البرافين: يعمل على تعزيز رطوبة البشرة وتقليل فقدانها للماء، وحماية البشرة من الجفاف وجعلها أكثر نعومة. الجليسرين: يعمل على ترطيب البشرة وحمايتها من الجفاف والتشققات. بانثينول: يعمل على تهدئة التهابات البشرة وترطيبها وحمايتها من الجفاف. فيتامين هـ: له خصائص مضادة للأكسدة والالتهابات ويساعد في الحفاظ على رطوبة الجلد وتحفيز تجدد خلايا البشرة. حجم Luna Emollient Hand & Heel Glycerin Cream: يتوفر بحجم 20 جم. يوصي به: الكريم مناسب للأشخاص الذين يعانون من جفاف اليد أو القدم أو الكعب نتيجة استخدام الماء والصابون والمواد الكيميائية في الأعمال المنزلية حيث يعمل على ترطيب وتغذية البشرة واستعادة نضارتها من جديد.,ماركة: لونا
2590,لونا إيمولينت كريم مرطب لليد والكعب بالجلسرين | 40 جم,luna emollient cream for hand heel,40,EGP,لونا,العناية بالبشرة>,in stock,https://chefaa.com:443/eg-ar/nowProduct/luna-emollient-cream-for-hand-heel-40-gm,https://cdn.chefaa.com/filters:format(webp)/public/uploads/products/1592322359luna-emollient-cream-for-hand-&-heel-40-gm.jpg,https://cdn.chefaa.com/filters:format(webp)/public/uploads/products/1592322359luna-emollient-cream-for-hand-&-heel-40-gm.jpg,مميزات المنتج   يوفر ترطيب عميق لبشرة اليدين والقدمين والكوع والركبتين وأجزاء الجسم المختلفة التي تعاني من الجفاف والتشققات. يعمل على حماية البشرة من التشققات وجفاف الجلد الشديد. يعمل على تهدئة وتغذية البشرة. يُكسب البشرة مزيد من النعومة والنضارة. يعمل على حماية وترطيب بشرة اليدين الجافة نتيجة استخدام الماء والصابون والمواد الكيميائية في الأعمال المنزلية. يعمل على تجديد خلايا البشرة. مناسب لليد والكعبين. مناسب لجميع أنواع البشرة والبشرة الجافة وشديدة الجفاف. تم اختباره من قبل أطباء الجلدية. يتميز بتركيبته سريعة الامتصاص التي لا تترك أي أثر على البشرة.   عن هذا المنتج     مكونات  إيمولينت كريم لليد والكعب من لونا: شمع النحل: له خصائص مضادة للأكسدة والالتهابات ويعمل على ترطيب البشرة. زيت البرافين: يعمل على تعزيز رطوبة البشرة وتقليل فقدانها للماء، وحماية البشرة من الجفاف والتشققات وجعلها أكثر نعومة ونضارة. الجليسرين: يعمل على ترطيب البشرة وحمايتها من الجفاف والتشققات. بانثينول: يعمل على تهدئة وتقليل التهابات البشرة وترطيبها وحمايتها من الجفاف. فيتامين هـ: له خصائص مضادة للأكسدة والالتهابات ويساعد في الحفاظ على رطوبة الجلد وتحفيز تجدد خلايا البشرة. حجم Luna Emollient Hand & Heel Glycerin Cream: يتوفر بحجم  40 جم. يوصي به: الكريم مناسب للأشخاص الذين يعانون من جفاف اليد أو القدم أو الكعب نتيجة استخدام الماء والصابون والمواد الكيميائية في الأعمال المنزلية حيث يعمل على ترطيب وتغذية البشرة واستعادة نضارتها من جديد.,ماركة: لونا
20813,مرطب لونا للشفايف ليب ثيرابي ايمولينت | 10 جم,luna lip therapy shea butter 10g fufg,60,EGP,لونا,العناية بالبشرة>الترطيب,in stock,https://chefaa.com:443/eg-ar/nowProduct/luna-lip-therapy-shea-butter-10g-fufg,https://cdn.chefaa.com/filters:format(webp)/public/uploads/products/luna-lip-therapy-shea-butter-10g-9yld-01655351590.png,https://cdn.chefaa.com/filters:format(webp)/public/uploads/products/luna-lip-therapy-shea-butter-10g-9yld-01655351590.png,"مميزات المنتج   يتميز مرطب لونا للشفايف بما يلي: مخصص للعناية بالشفاه الجافة والمتشققة. غني بزبدة الشيا ومجموعة من المرطبات. مناسب للشفاه الحساسة. يكسب الشفايف مظهر أكثر نعومة وصحة. سعر مرطب لونا للشفايف مناسب مقارنة بفوائده.   عن هذا المنتج     مكونات مرطب لونا للشفايف يحتوي مرطب لونا للشفايف (luna emollient lip therapy) على: زبدة الشيا: تساعد على ترطيب الشفايف وعلاج الجفاف. شمع العسل: يحمي الشفايف من التشققات ويزيد ترطيبها. زيت البارافين: يساعد على تنعيم وترطيب الشفاه. سعر لونا للشفايف  (لونا ليب ثيرابي) سعر لونا ليب ثيرابي حوالى 40 جنيه مصرى. ""سعر مرطب لونا للشفايف قد يتغير من وقت لاخر تبعاً لتغير سعره فى الاسواق "" حجم لونا مرطب شفاه luna lip therapy يتوافر ليب بالم لونا مرطب شفايف الازرق بحجم 10 جم. يوصى باستعمال مرطب شفايف لونا ليب ثيرابي  مرطب شفاه لونا الازرق يناسب أصحاب الشفايف الجافة والمتشققة فهو يساعد على علاج الجفاف والحفاظ على الشفايف بمظهر صحي ونضر. ما هى فوائد مرطب لونا للشفايف ؟ يساعد لونا ليب بالم على ترطيب الشفايف بعمق وعلاج التشققات والجفاف فهو مثالي للحصول على شفايف ناعمة وجميلة. كم مرة يستخدم مرطب لونا ايمولينت للشفايف ؟ يمكن استعمال مرطب للشفايف لونا ثيرابي عدة مرات فى اليوم حسب الحاجة. ما افضل مرطب شفايف من الصيدلية ؟  مرطب شفايف لابيلو  ليب بالم بيزلين فازلين مرطب للشفاه ليب ثيرابي لونا مرطب للشفايف",ماركة: لونا
32353,لوريال باريس | كريم الليل الفيف هيالورون المرطب | 200مل,lor%C3%A9al paris elvive hyaluron moisture filling night cream 200ml 1jqp,234,EGP,لوريال باريس,العناية بالبشرة>الترطيب,in stock,https://chefaa.com:443/eg-ar/nowProduct/lor%C3%A9al-paris-elvive-hyaluron-moisture-filling-night-cream-200ml-1jqp,https://cdn.chefaa.com/filters:format(webp)/public/uploads/products/loréal-paris-elvive-hyaluron-moisture-filling-night-cream-200ml-1jqp-01720950511.png,https://cdn.chefaa.com/filters:format(webp)/public/uploads/products/loréal-paris-elvive-hyaluron-moisture-filling-night-cream-200ml-1jqp-01720950511.png,مميزات المنتج   لوريال باريس | كريم الليل الفيف هيالورون المرطب | 200مل,ماركة: لوريال باريس
49745,لوريال باريس | جليكوليك رغوة منظفة يومية لتفتيح وترطيب البشرة | 100مل,loreal paris glycolic brightening glowing daily foaming cleanser 100ml cuul,210,EGP,لوريال باريس,العناية بالبشرة>الترطيب,in stock,https://chefaa.com:443/eg-ar/nowProduct/loreal-paris-glycolic-brightening-glowing-daily-foaming-cleanser-100ml-cuul,https://cdn.chefaa.com/filters:format(webp)/public/uploads/products/loreal-paris-glycolic-brightening-glowing-daily-foaming-cleanser-100ml-9rbk-01730273557.png,https://cdn.chefaa.com/filters:format(webp)/public/uploads/products/loreal-paris-glycolic-brightening-glowing-daily-foaming-cleanser-100ml-9rbk-01730273557.png,مميزات المنتج    لوريال باريس | جليكوليك رغوة منظفة يومية لتفتيح وترطيب البشرة | 100مل,ماركة: لوريال باريس
46644,لوريال باريس | هيالورون اكسبيرت جل التنظيف العميق للتحكم في زيوت البشرة بحمض الهيالورونيك | 200مل,lor%C3%A9al paris hyaluron expert oil control deep cleansing gel with hyaluronic acid 200ml xvp8_duerVfH7,325,EGP,لوريال باريس,العناية بالبشرة>الغسول,in stock,https://chefaa.com:443/eg-ar/nowProduct/lor%C3%A9al-paris-hyaluron-expert-oil-control-deep-cleansing-gel-with-hyaluronic-acid-200ml-xvp8_duerVfH7,https://cdn.chefaa.com/filters:format(webp)/public/uploads/products/loréal-paris-hyaluron-expert-oil-control-deep-cleansing-gel-with-hyaluronic-acid-200ml-yd5k-01709039523.png,https://cdn.chefaa.com/filters:format(webp)/public/uploads/products/loréal-paris-hyaluron-expert-oil-control-deep-cleansing-gel-with-hyaluronic-acid-200ml-yd5k-01709039523.png,مميزات المنتج   لوريال باريس | هيالورون اكسبيرت جل التنظيف العميق للتحكم في زيوت البشرة بحمض الهيالورونيك | 200مل   عن هذا المنتج     لوريال باريس | هيالورون اكسبيرت جل التنظيف العميق للتحكم في زيوت البشرة بحمض الهيالورونيك | 200مل,ماركة: لوريال باريس
32352,لوريال | سيروم للعين للهالات السوداء بالهيالورونيك اسيد | 20مل,lor%C3%A9al paris hyaluron expert eye serum with hyaluronic acid caffeine and niacinamide 20ml gsf5,749,EGP,لوريال باريس,العناية بالبشرة>العناية بالعيون,in stock,https://chefaa.com:443/eg-ar/nowProduct/lor%C3%A9al-paris-hyaluron-expert-eye-serum-with-25-hyaluronic-acid-caffeine-and-niacinamide-20ml-gsf5,https://cdn.chefaa.com/filters:format(webp)/public/uploads/products/loréal-paris-hyaluron-expert-eye-serum-with-25-hyaluronic-acid-caffeine-and-niacinamide-20ml-so5g-01697210271.png,https://cdn.chefaa.com/filters:format(webp)/public/uploads/products/loréal-paris-hyaluron-expert-eye-serum-with-25-hyaluronic-acid-caffeine-and-niacinamide-20ml-so5g-01697210271.png,مميزات المنتج   يتميز سيروم لوريال للعين l`oreal eye serum بما يلي: غني بالهيالورونيك أسيد المعروف بقدرته على الاحتفاظ بالماء، مما يساعد على ترطيب الجلد بعمق ويجعل منطقة تحت العين أكثر نعومة ومرونة. يعمل على تحسين مظهر الهالات السوداء عن طريق تفتيح لون الجلد وتقليل التصبغات. يقلل مظهر التجاعيد ويملأ الخطوط الدقيقة، مما يجعل البشرة تبدو أكثر شبابًا وحيوية. له تركيبة خفيفة وسريعة الامتصاص، مما يجعله مناسبًا للاستخدام اليومي دون ترك آثار دهنية أو لزجة. مصمم ليكون لطيفًا على البشرة الحساسة في منطقة العين، مع تركيبة خالية من العطور والمواد المهيجة. يمنح العينين مظهرًا أكثر إشراقًا وحيوية، مع تقليل مظاهر الإرهاق والتعب. سهل الاستخدام ومزود بذراع عبارة عن ثلاث بكرات لتدليك محيط العين بالكامل. سعر سيروم لوريال للعين مناسب مقارنة بفوائده العديدة للبشرة.   عن هذا المنتج     مكونات سيروم لوريال للعين   يحتوي سيروم لوريال على:  حمض الهيالورونيك 1.5% (Hyaluronic acid): يساعد على ترطيب البشرة والاحتفاظ بالرطوبة لأطول فترة.  كافيين 1% (Caffeine): يساعد على تنشيط الدورة الدموية وتقليل التجاعيد كما يجدد شباب ونضارة البشرة، وتقليل مظهر الهالات السوداء.  حجم عبوة l`oreal serum eye   يتوفر سيروم لوريال بحجم 20 مل.  سعر سيروم العين من لوريال   يبلغ سعر سيروم للعين من لوريال حوالي 525 جنيه مصري (سعر المنتج قد يتغير تبعاَ لتحديث سعره في الصيدليات أو حسب العروض المتاحة).  يوصى باستعمال سيروم هيالورونيك اسيد لوريال  سيروم لوريال بالهيالورونيك أسيد مناسب لمن يعانون من الهالات السوداء ومظهر شاحب لمحيط العين، فهو يرطب ويجدد البشرة ويكسبها النضارة والنعومة مما يعطيك مظهراَ أكثر شباباَ وحيوية.  طريقة استخدام سيروم لوريال للعين   ابدئي بتنظيف وجهك ومحيط العينين بلطف باستخدام غسول مناسب.  ضعي كمية صغيرة من السيروم على طرف إصبعك.  وزعي السيروم حول محيط العينين ثم دلكي بلطف لتحفيز الامتصاص.  يمكنك استخدام السيروم مرتين يومياَ صباحا ومساء.  ما فوائد سيروم لوريال للعين؟  يرطب الجلد بعمق ويساعد على تقليل ظهور التجاعيد والخطوط الدقيقة.  يساعد على تقليل الانتفاخ تحت العينين وتحسين مظهر الهالات السوداء.  يمنح مظهرًا أكثر نضارة وحيوية للعينين.  يزيد من مرونة الجلد ويجعله يبدو أكثر شبابًا.  يعمل على تفتيح المنطقة المحيطة بالعين وتوحيد لون البشرة.  هل سيروم لوريال للهالات السوداء تحت العين فعال؟  نعم، يساعد سيروم لوريال على تقليل مظهر الهالات السوداء للعين نظراَ لاحتوائه على الكافيين بنسبة 1% الذي يحفز الدورة الدموية ويساعد على تجديد شباب البشرة وتحسين مظهر الهالات السوداء.  ما أفضل سيروم للهالات السوداء تحت العين؟  سيروم ذا أورديناري للعين THE ordinary caffeine serum.  سيروم أليجون Alejon serum.  سيروم ناتافيس Natavis serum.  سيروم لوريال للعين loreal serum.  سيروم فيتشي للعين vichy serum.,ماركة: لوريال باريس
18347,إيه سي إم | جل كونتور للعين ديبيوايت | 15مل,acm depiwhite eye contour gel 15ml ytf6,379,EGP,إيه سي إم,العناية بالبشرة>العناية بالعيون,in stock,https://chefaa.com:443/eg-ar/nowProduct/acm-depiwhite-eye-contour-gel-15ml-ytf6,https://cdn.chefaa.com/filters:format(webp)/public/uploads/products/acm-depiwhite-eye-contour-gel-15ml-mbn1-01653495205.png,https://cdn.chefaa.com/filters:format(webp)/public/uploads/products/acm-depiwhite-eye-contour-gel-15ml-mbn1-01653495205.png,عن هذا المنتج     إيه سي إم | جل كونتور للعين ديبيوايت | 15مل,ماركة: إيه سي إم
21238,ايه سى ام | قناع مقشر للتبييض ديب وايت | 40 مل,acm depiwhite whitening peel off mask 39yz,499,EGP,إيه سي إم,العناية بالبشرة>,in stock,https://chefaa.com:443/eg-ar/nowProduct/acm-depiwhite-whitening-peel-off-mask-40-ml-39yz,https://cdn.chefaa.com/filters:format(webp)/public/uploads/products/acm-depiwhite-whitening-peel-off-mask-40-ml-ir5z-01656430321.png,https://cdn.chefaa.com/filters:format(webp)/public/uploads/products/acm-depiwhite-whitening-peel-off-mask-40-ml-ir5z-01656430321.png,مميزات المنتج   ايه سى ام | قناع مقشر للتبييض ديب وايت | 40 مل   عن هذا المنتج     ايه سى ام | قناع مقشر للتبييض ديب وايت | 40 مل,ماركة: إيه سي إم
50302,إيه سى ام | جل مطفي للبشرة بعامل حماية من الشمس 50+ من ميدي صن | 40مل,acm medisun sunscreen gel spf 40mlzdzf,535,EGP,No Brand,العناية بالبشرة>الوقاية من الشمس,in stock,https://chefaa.com:443/eg-ar/nowProduct/acm-medisun-sunscreen-gel-spf-50--40mlzdzf,https://cdn.chefaa.com/filters:format(webp)/public/uploads/products/acm-medisun-sunscreen-gel-spf-50-40mlzdzf-01735213015.png,https://cdn.chefaa.com/filters:format(webp)/public/uploads/products/acm-medisun-sunscreen-gel-spf-50-40mlzdzf-01735213015.png,مميزات المنتج   إيه سى ام | جل مطفي للبشرة بعامل حماية من الشمس 50+ من ميدي صن | 40 مل,raw_specs: المواصفات
50304,إيه سى ام | كريم سيبيونكس الثلاثي المضاد للشوائب | 40 مل,acm sebionex trio antiimperfections cream 40mlWrQk,389,EGP,No Brand,العناية بالبشرة>,in stock,https://chefaa.com:443/eg-ar/nowProduct/acm-sebionex-trio-antiimperfections-cream-40mlWrQk,https://cdn.chefaa.com/filters:format(webp)/public/uploads/products/acm-sebionex-trio-antiimperfections-cream-40mlwrqk-01735213588.png,https://cdn.chefaa.com/filters:format(webp)/public/uploads/products/acm-sebionex-trio-antiimperfections-cream-40mlwrqk-01735213588.png,مميزات المنتج   إيه سى ام | كريم سيبيونكس الثلاثي المضاد للشوائب | 40 مل   عن هذا المنتج     إيه سى ام | كريم سيبيونكس الثلاثي المضاد للشوائب | 40 مل,raw_specs: المواصفات
25711,ايه سي ام جل منظف سيبونيكس | 200 مل,acm sebionex cleaning gel yk5i,399,EGP,إيه سي إم,العناية بالبشرة>الغسول,in stock,https://chefaa.com:443/eg-ar/nowProduct/acm-sebionex-cleaning-gel-200-ml-yk5i,https://cdn.chefaa.com/filters:format(webp)/public/uploads/products/acm-sebionex-cleaning-gel-200-ml-yk5i-01698141223.png,https://cdn.chefaa.com/filters:format(webp)/public/uploads/products/acm-sebionex-cleaning-gel-200-ml-yk5i-01698141223.png,عن هذا المنتج     ايه سي ام جل منظف سيبونيكس  | 200 مل,ماركة: إيه سي إم
31841,دابر املا | زيت شعر الذهبي | 90مل,dabur amla gold hair oil 90ml hkk5,30,EGP,دابر أملا,العناية بالبشرة>,in stock,https://chefaa.com:443/eg-ar/nowProduct/dabur-amla-gold-hair-oil-90ml-hkk5,https://cdn.chefaa.com/filters:format(webp)/public/uploads/products/dabur-amla-gold-hair-oil-90ml-hkk5-01719490511.png,https://cdn.chefaa.com/filters:format(webp)/public/uploads/products/dabur-amla-gold-hair-oil-90ml-hkk5-01719490511.png,مميزات المنتج   دابر املا | زيت شعر الذهبي | 90مل,ماركة: دابر أملا
18035,لابيلو | مرطب الشفاه تشيري شاين كير بالبطيخ | 4.8جم,labello lip care moisturizing lip balm watermelon shine 48gm lab5,120,EGP,لابيلو,العناية بالبشرة>الترطيب,in stock,https://chefaa.com:443/eg-ar/nowProduct/labello-lip-care-moisturizing-lip-balm-watermelon-shine-48gm-lab5,https://cdn.chefaa.com/filters:format(webp)/public/uploads/products/labello-lip-care-moisturizing-lip-balm-watermelon-shine-48gm-lab5-01655195997.png,https://cdn.chefaa.com/filters:format(webp)/public/uploads/products/labello-lip-care-moisturizing-lip-balm-watermelon-shine-48gm-lab5-01655195997.png,مميزات المنتج   لابيلو | مرطب الشفاه تشيري شاين كير بالبطيخ | 4.8جم   عن هذا المنتج       خالية من الزيوت المعدنية والزيوت الطبيعية.   رائحة البطيخ اللذيذة والوردي اللامع.   تركيبة فريدة غنية بأصباغ لامعة.   يحافظ على ترطيب شفتيك لمدة 24 ساعة.   للحصول على لمسة جميلة من اللون اللامع والشفاه الجميلة طوال اليوم.   يمنحك مرطب الشفاه لابيلو بطيخ شاين كيرنج رائحة البطيخ اللذيذة ولمعان وردي رقيق.   تذوب التركيبة الفريدة الغنية بأصباغ لامعة في شفتيك على الفور وتحافظ على ترطيبها لمدة 24 ساعة.   ينزلق بشكل متساوٍ وبسهولة حتى لا تكون هناك حاجة إلى مرآة!   للحصول على لمسة جميلة من اللون اللامع والشفاه الناعمة اللطيفة طوال اليوم وكل يوم!   تمت الموافقة على توافق البشرة مع مرطب الشفاه هذا من قبل أطباء الجلدية.,ماركة: لابيلو
18661,ديسيو | محلول لتنظيف وتعقيم وترطيب العدسات اللاصقة الملونة | 100 مل,desio solution all one solution oqvi,225,EGP,ديسيو,العناية بالبشرة>العناية بالعيون,in stock,https://chefaa.com:443/eg-ar/nowProduct/desio-solution-all-in-one-solution-100-ml-oqvi,https://cdn.chefaa.com/filters:format(webp)/public/uploads/products/desio-solution-all-in-one-solution-100-ml-7ebq-01653992690.png,https://cdn.chefaa.com/filters:format(webp)/public/uploads/products/desio-solution-all-in-one-solution-100-ml-7ebq-01653992690.png,مميزات المنتج   ديسيو محلول لتنظيف وتعقيم وترطيب العدسات اللاصقة الملونة | 100 مل   عن هذا المنتج     مكونات محلول ديسيو لتعقيم العدسات اللاصقة:     بولي هيكساميثيلين بيغوانيد (PHMB):مادة مطهرة ومضادة للبكتيريا والفيروسات.   هيدروكسي إيثيل السليلوز (Hydroxyethyl cellulose): يساعد على ترطيب العدسات وضمان الراحة عند ارتداء العدسة.   بولوكسامير  (Poloxamer): يعمل على إزالة البكتيريا والبروتين المتراكم على سطح العدسات اللاصقة.   بولي كواتيرنيوم (Polyquaternium): مادة حافظة.   اديتات ثنائي الصوديوم (EDTA):  مادة مطهرة تمنع ترسب البروتينات على سطح العدسات.     مميزات ديسيو محلول لتطهير العدسات اللاصقة:     يساعد في تعقيم وتطهير وتنظيف جميع أنواع العدسات اللاصقة.   يمنع ترسب البروتينات على العدسات.   يعمل على ترطيب العدسات اللاصقة لتسهيل استخدامها ووضعها.   يتميز أنه صناعة إيطالية عالية الجودة.   يعمل على تخفيف ضرر العدسات اللاصقة على العين.     حجم Desio All-in-one solution:     يتوفر بحجم 100 مل.     يوصي به:   المحلول مناسب لجميع الأفراد حيث يعمل على تطهير العدسات اللاصقة، كما يعمل على ترطيبها مما يسهل من وضعها مع الحفاظ على العين من أي ضرر.,ماركة: ديسيو
45846,سيكا لاب جل مرطب وملطف للجفاف والتهاب البشرة | 50 مل,cica lab soothing gel 50ml 2nn4_duiIsRfi,286,EGP,حياه,العناية بالبشرة>الترطيب,in stock,https://chefaa.com:443/eg-ar/nowProduct/cica-lab-soothing-gel-50ml-2nn4_duiIsRfi,https://cdn.chefaa.com/filters:format(webp)/public/uploads/products/cica-lab-soothing-gel-50ml-6rdh-01715263670.png,https://cdn.chefaa.com/filters:format(webp)/public/uploads/products/cica-lab-soothing-gel-50ml-6rdh-01715263670.png,"مميزات المنتج   يتميز سيكا لاب جل مرطب cica gel بما يلي: له تركيبة فعّالة تحتوي على مكونات طبيعية تساعد على تهدئة وترطيب البشرة.  يحتوي على مستخلص نبات ""سينتيلا أسياتيكا"" المعروف بقدرته على تعزيز التئام الجروح وتحفيز إنتاج الكولاجين، مما يساهم في تقليل ظهور الندبات وتهدئة التهيجات مثل التهاب الجلد والأكزيما.  يتميز بقوام خفيف وسريع الامتصاص، مما يجعله مناسبًا لجميع أنواع البشرة، خاصة الدهنية. يقوي حاجز البشرة ويعالج جفاف واحمرار والتهاب الجلد. يُعد خيارًا مثاليًا للعناية بالبشرة المتهيجة والتالفة، حيث يساعد على تجديد خلايا الجلد وتحسين مرونته وملمسه، مع تقليل الجفاف والالتهابات. آمن على البشرة وتم اختباره من قبل الأطباء. خالٍ من البارابين والعطور والمواد المهيجة للبشرة. سعر سيكا لاب جل مرطب مناسب مقارنة بفوائده العديدة للبشرة.   عن هذا المنتج     مكونات سيكا لاب جل مرطب   يحتوي سيكا لاب جل على:  Centella Asiatica (سينتيلا أسياتيكا): مستخلص له خصائص مهدئة ومجددة للبشرة، يساعد على تحفيز إنتاج الكولاجين مما يسرّع من عملية التئام الجروح والندبات كذلك يُستخدم لعلاج التهابات البشرة، والتهيج، والجفاف، ويقلل من الاحمرار والحكة.  جلوكونات النحاس (Cu): يلعب دورًا مهمًا في تحفيز إنتاج الإيلاستين والكولاجين، مما يحسن من مرونة البشرة ويعزز شفاء الجروح.  جلوكونات الزنك (Zn): يمتلك خصائص مضادة للالتهابات والبكتيريا، مما يجعله فعالًا في تقليل البثور، وتهدئة الاحمرار، وعلاج حب الشباب.  حجم عبوة cica gel   يتوفر سيكا لاب جل بحجم 50 مل.  سعر مرطب سيكا لاب cica gel   يبلغ سعر سيكا لاب جل مرطب حوالي 215 جنيه مصري (سعر المنتج قد يتغير تبعاً لتحديث سعره في الصيدليات أو حسب العروض المتاحة)  يوصى باستعمال مرطب سيكا لاب جل ل  مرطب سيكا لاب جل مناسب لجميع أنواع البشرة وخاصة البشرة الدهنية، فهو يساعد على ترميم حاجز البشرة وتعزيز شفاء الجلد وتقليل الاحمرار والتهيج وبالتالي يعد خياراً مثالياً للبشرة المعرضة للالتهاب والمتهيجة.  طريقة استخدام سيكا لاب جيل   اغسل المنطقة المصابة جيدًا باستخدام غسول لطيف، ثم جففها بلطف.  ضع طبقة رقيقة من الجل على البشرة.  يُستخدم مرتين إلى ثلاث مرات يوميًا.  يمكن استخدامه بعد جلسات الليزر، أو التقشير الكيميائي، أو الحلاقة لتهدئة الاحمرار والتهيج.  ما الفرق بين سيكا لاب جل وكريم ؟  كلاهما يرطب البشرة ويعالج الالتهاب والاحمرار ولكن يختلفان في تركيبة كلاً منهما.   سيكا لاب كريم مناسب أكثر للبشرة الجافة والمتهيجة، ويحتوي على مكونات فعّالة مثل البيسابولول، الذي يعمل كعامل مهدئ للبشرة ويساعد على تحفيز عملية الشفاء، بالإضافة إلى الكولاجين والإيلاستين كذلك يحتوي على زيت الزعتر بخصائصه المضادة للبكتيريا والالتهابات.   أما سيكا لاب جل يتميز بقوام جل خفيف وسريع الامتصاص، مما يجعله مناسبًا للبشرة الدهنية والمختلطة  ويحتوي الجل على مستخلص ""سينتيلا أسياتيكا"" وجلوكونات النحاس والزنك، التي تساعد على تهدئة التهابات البشرة وتسريع عملية الشفاء.  ما أفضل علاج لتهيج بشرة الوجه؟  كريم يوسيرين اكزيما ريليف ucerin eczema relief.  كريم سيتافيل ريدنس ريليف cetaphile redness relief.  كريم افين سيكالفات بلس avene cicalfate plus.  جل سيكا لاب cica lab gel.",ماركة: حياه
54263,كولاجرا | صن سيكرت بروموباك كريم جل واقي من الشمس + رول اون بيري 3 في 1,kolagra sun secret promopack sunscreen gel cream roll berry 0csk_duxsrZEo,289,EGP,كولاجرا,العناية بالبشرة>الوقاية من الشمس,in stock,https://chefaa.com:443/eg-ar/nowProduct/kolagra-sun-secret-promopack-sunscreen-gel-cream-roll-on-berry-3-in-1-0csk_duxsrZEo,https://cdn.chefaa.com/filters:format(webp)/public/uploads/products/kolagra-sun-secret-promopack-sunscreen-gel-cream-roll-on-berry-3-in-1-wayx-01708184502.png,https://cdn.chefaa.com/filters:format(webp)/public/uploads/products/kolagra-sun-secret-promopack-sunscreen-gel-cream-roll-on-berry-3-in-1-wayx-01708184502.png,مميزات المنتج   كولاجرا | صن سيكرت بروموباك كريم جل واقي من الشمس + رول اون بيري 3 في 1,ماركة: كولاجرا
53846,فاكيشن | سيروم الوجه بالهيالورونيك | 30مل,vacation hyaluronic acid face serum ml6scO,550,EGP,No Brand,العناية بالبشرة>,in stock,https://chefaa.com:443/eg-ar/nowProduct/vacation-hyaluronic-acid-3--face-serum-30-ml6scO,https://cdn.chefaa.com/filters:format(webp)/public/uploads/products/vacation-hyaluronic-acid-3-face-serum-30-ml6sco-01731941073.png,https://cdn.chefaa.com/filters:format(webp)/public/uploads/products/vacation-hyaluronic-acid-3-face-serum-30-ml6sco-01731941073.png,مميزات المنتج   فاكيشن | سيروم الوجه بالهيالورونيك | 30مل,raw_specs: المواصفات
61076,شان | سيكا كريم لترطيب وإصلاح البشرة | 60جم,shaan cica arnica cream 40gm wcoo,200,EGP,شان,العناية بالبشرة>الترطيب,in stock,https://chefaa.com:443/eg-ar/nowProduct/shaan-cica-arnica-cream-40gm-wcoo,https://cdn.chefaa.com/filters:format(webp)/public/uploads/products/shaan-cica-arnica-cream-40gm-wcoo-01755509103.png,https://cdn.chefaa.com/filters:format(webp)/public/uploads/products/shaan-cica-arnica-cream-40gm-wcoo-01755509103.png,مميزات المنتج   شان | سيكا كريم لترطيب وإصلاح البشرة | 60جم,ماركة: شان
45472,كريم ميلانثينول مرطب للوجه melanthenol cream | ٤٠ جم,melano pharma melanthenol moisturising cream 40gm rt3s_dusjynBI,60,EGP,ميلانو فارما,العناية بالبشرة>الترطيب,in stock,https://chefaa.com:443/eg-ar/nowProduct/melano-pharma-melanthenol-moisturising-cream-40gm-rt3s_dusjynBI,https://cdn.chefaa.com/filters:format(webp)/public/uploads/products/melano-pharma-melanthenol-moisturising-cream-40gm-rt3s-dusjynbi-01734870324.png,https://cdn.chefaa.com/filters:format(webp)/public/uploads/products/melano-pharma-melanthenol-moisturising-cream-40gm-rt3s-dusjynbi-01734870324.png,مميزات المنتج   يتميز كريم ميلانثينول مرطب melanthenol cream بما يلي: مرطب مخصص للبشرة الدهنية، المختلطة، والحساسة، يتميز بتركيبة غنية بمكونات طبيعية تساعد على ترطيب وتلطيف البشرة. يمنح البشرة ترطيبًا فعّالًا دون أن يترك أثرًا دهنيًا، مما يجعله مناسبًا للبشرة الدهنية والمختلطة. يساعد على علاج الاحمرار، والتهيجات، وحروق الشمس، مما يعزز من راحة البشرة وحمايتها. يحافظ على مرونة البشرة ويعيد إليها حيويتها وإشراقتها. يمكن استخدامه لترطيب تشققات حلمة الثدي أثناء الحمل والرضاعة. سعر كريم ميلانثينول مرطب مناسب مقارنة بفوائده العديدة للبشرة.   عن هذا المنتج     مكونات كريم ميلانثينول مرطب   يحتوي ميلانثينول كريم على:  د-بانثينول 5% (D-Panthenol): يعمل كمرطب قوي يساهم في الحفاظ على رطوبة البشرة ومنع الجفاف كذلك يهدئ التهابات وتهيجات البشرة.  زيت اللوز (almond oil): غني بفيتامينات A وB وE التي تغذي البشرة بعمق وتساعد على ترطيب البشرة وتنعيمها.  فيتامين E: مضاد أكسدة قوي يحمي البشرة ويعزز تجديد الخلايا كما يعمل على ترميم البشرة المتضررة.  السيراميد (Ceramide): يقوي الحاجز الواقي للبشرة ويمنع فقدان الرطوبة ويحمي البشرة من العوامل البيئية الضارة، بالإضافة إلى تعزيز مرونة البشرة والحفاظ على نعومتها وصحتها.  حجم عبوة melanthenol cream   يتوفر كريم ميلانثينول بحجم 40 جم.  سعر ميلانثينول كريم   يبلغ سعر مرطب melanthenol للوجه حوالي 75 جنيه مصري (سعر المنتج قد يتغير تبعاً لتحديث سعره في الصيدليات أو حسب العروض المتاحة).  يوصى باستعمال مرطب ميلانثينول ل  كريم ميلانثينول مرطب مناسب للبشرة الدهنية والمختلطة وكذلك البشرة الحساسة، فهو يمنح البشرة ترطيباً عميقاً ويمدها بالنعومة والمرونة مما يحافظ على نضارتها وحيويتها.  ما فوائد ميلانثينول كريم؟  يغذي البشرة ويحافظ على رطوبتها طوال اليوم.   يعمل كمهدئ للاحمرار والتهابات البشرة.  يحمي البشرة من العوامل الخارجية الضارة ويحافظ على نضارتها.   يمكن استخدامه كمرطب وملطف لتشققات الثدي خلال فترة الرضاعة أو الحمل.  يزيد نعومة البشرة ويحسن ملمسها.  يعزز حاجز البشرة الواقي مما يزيد شباب ونضارة البشرة.  ما أضرار كريم melanthenol؟  كريم ميلانثينول غني بالمواد الطبيعية الآمنة على البشرة ومناسب للاستخدام اليومي، ولكن قد يعاني بعض الأشخاص من الحساسية أو التهيج في حالة فرط الحساسية تجاه أحد مكونات الكريم.  هل ينفع كريم ميلانثينول للبشرة الدهنية؟  نعم، يُعد كريم ميلانثينول مناسبًا للبشرة الدهنية فهو مرطب خفيف الوزن، وسريع الامتصاص، ولا يترك أثرًا دهنيًا على البشرة، مما يجعله ملائمًا للبشرة الدهنية والحساسة والمختلطة.  هل ميلانثينول يسد المسام؟  كريم ميلانثينول مصمم بتركيبة خفيفة وسريعة الامتصاص مما يجعله مناسباً لأصحاب البشرة الدهنية والمختلطة وكذلك الحساسة، وهو لا يسد المسام مما يقلل من احتمالية ظهور البثور أو الحبوب.  ما الفرق بين ميلانثينول جل وكريم؟  كلاهما يحتوي على البانثينول الذي يرطب البشرة ويعزز تجديد الخلايا، ولكن الجل قوامه أخف وامتصاصه أسرع، بينما يفضل استخدام الكريم للمناطق التي تعاني من الجفاف الشديد.  ما ارخص كريم مرطب للوجه؟  شان كريم shaan cream.  نيفيا سوفت nivea soft cream.  ميلانثينول كريم melanthenol cream.  بيبانثين كريم bepanthen cream.  سكين سايد كريم skinside cream.,ماركة: ميلانو فارما
47639,لونا | صابون جلسرين والزيتون | 100جم,luna glycerin and olive soap 100gm b081_du4PH4U4,42,EGP,لونا,العناية بالبشرة>الغسول,in stock,https://chefaa.com:443/eg-ar/nowProduct/luna-glycerin-and-olive-soap-100gm-b081_du4PH4U4,https://cdn.chefaa.com/filters:format(webp)/public/uploads/products/luna-glycerin-and-olive-soap-100gm-zyvi-01701772611.png,https://cdn.chefaa.com/filters:format(webp)/public/uploads/products/luna-glycerin-and-olive-soap-100gm-zyvi-01701772611.png,مميزات المنتج   لونا | صابون جلسرين والزيتون | 100جم,ماركة: لونا
21743,جليسوليد لوشن مرطب للجسم بالجليسرين للبشرة الجافة والعادية - بالمسك | 200 مل,glysolid musk body lotion for dry and normal skin 200ml 8xly,80,EGP,جليسوليد,العناية بالبشرة>,in stock,https://chefaa.com:443/eg-ar/nowProduct/glysolid-musk-body-lotion-for-dry-and-normal-skin-200ml-8xly,https://cdn.chefaa.com/filters:format(webp)/public/uploads/products/glysolid-musk-body-lotion-for-dry-and-normal-skin-200ml-8xly-01722335444.png,https://cdn.chefaa.com/filters:format(webp)/public/uploads/products/glysolid-musk-body-lotion-for-dry-and-normal-skin-200ml-8xly-01722335444.png,مميزات المنتج   يعمل على تهدئة وترطيب البشرة وحمايتها من الجفاف والتشققات والحكة والخشونة. يساعد على إصلاح وإعادة التوازن الطبيعي للبشرة. يُكسب بشرة الجسم واليدين مزيد من النعومة والنضارة والحيوية. مناسب للبشرة الجافة والعادية. مناسب للجسم واليدين. مناسب للكبار. يتميز بتركيبته سريعة الامتصاص التي لا تترك أي أثر دهني على البشرة. يتميز برائحة المسك الجذابة. يتميز أنه صناعة ألمانية.   عن هذا المنتج     مكونات لوشن مرطب للبشرة الحساسة من جليسوليد: الجليسرين: يعمل على ترطيب البشرة وحمايتها من الجفاف والتشققات. مستخلص البابونج: له خصائص مضادة للأكسدة والالتهابات ويعمل على تهدئة وتقليل تهيج واحمرار البشرة. حجم Glysolid Body Lotion For Sensitive Skin: يتوفر بحجم 200 مل. يوصي به: اللوشن مناسب للكبار الذين يعانون من البشرة الحساسة حيث يعمل على ترطيب البشرة وحمايتها من الجفاف لفترة طويلة.,ماركة: جليسوليد
46616,شان ليب بالم | مرطب شفاه فراولة | 5 جم,shaan lip balm strawberry delight spf30 5gm ouby_duvTVTf5,90,EGP,شان,العناية بالبشرة>الترطيب,in stock,https://chefaa.com:443/eg-ar/nowProduct/shaan-lip-balm-strawberry-delight-spf30-5gm-ouby_duvTVTf5,https://cdn.chefaa.com/filters:format(webp)/public/uploads/products/shaan-lip-balm-strawberry-delight-spf30-5gm-wa0i-01708385647.png,https://cdn.chefaa.com/filters:format(webp)/public/uploads/products/shaan-lip-balm-strawberry-delight-spf30-5gm-wa0i-01708385647.png,مميزات المنتج   شان | مرطب شفاه ستروبيري ديلايت | 5جم,ماركة: شان
59686,شان | مرطب حليب الجسم للبشرة الجافة إلى الجافة جداً جوز الهند والفانيليا | 300مل,shaan body milk for dry very dry skin coconut vanilla 300ml j3lf_duYGDgCD,220,EGP,شان,العناية بالبشرة>الترطيب,in stock,https://chefaa.com:443/eg-ar/nowProduct/shaan-body-milk-for-dry-to-very-dry-skin-coconut-vanilla-300ml-j3lf_duYGDgCD,https://cdn.chefaa.com/filters:format(webp)/public/uploads/products/shaan-body-milk-for-dry-to-very-dry-skin-coconut-vanilla-300ml-iamm-01733828179.png,https://cdn.chefaa.com/filters:format(webp)/public/uploads/products/shaan-body-milk-for-dry-to-very-dry-skin-coconut-vanilla-300ml-iamm-01733828179.png,مميزات المنتج   شان | مرطب حليب الجسم للبشرة الجافة إلى الجافة جداً جوز الهند والفانيليا | 300مل,ماركة: شان
48001,كريم ميلانو فري للوجه للبشرة الدهنية للتفتيح والتقشير | 30 جم,melano pharma melanofree whitening cream 30gm labt_duJW1xyc,74,EGP,ميلانو فارما,العناية بالبشرة>الترطيب,in stock,https://chefaa.com:443/eg-ar/nowProduct/melano-pharma-melanofree-whitening-cream-30gm-labt_duJW1xyc,https://cdn.chefaa.com/filters:format(webp)/public/uploads/products/melano-pharma-melanofree-whitening-cream-30gm-labt-dujw1xyc-01734873219.png,https://cdn.chefaa.com/filters:format(webp)/public/uploads/products/melano-pharma-melanofree-whitening-cream-30gm-labt-dujw1xyc-01734873219.png,"مميزات المنتج   يتميزكريم ميلانو فري للوجه الأصلي (Melano free cream) بما يلي: له تركيبة مميزة تساعد على تفتيح البشرة وعلاج التصبغات. يعالج الكلف والنمش وآثار حب الشباب. يوحد لون البشرة مما يكسبك بشرة أكثر نضارة وصحة. يقلل اسمرار الركب والأكواع ويفتح البقع بأنواعها المختلفة. يحسن مظهر البشرة العام ويزيد نعومتها. يقشر خلايا الجلد الميت مما يساهم في التفتيح وتحسين ملمس البشرة. سعر كريم ميلانو فري الأصلي مناسب مقارنة بفوائده العديدة للبشرة.   عن هذا المنتج     مكونات كريم ميلانو فري للوجه الأصلي يحتوي مقشر ميلانو فري كريم على: هيدروكينون 4%: يساعد على تفتيح البشرة وتقليل ظهور البقع الداكنة من خلال تثبيط إنتاج الميلانين الذي يساهم في ظهور البقع الداكنة في البشرة.  فلوسينولون 0.01%: يعالج التهابات الجلد ويخفف من الاحمرار والحكة، كما يساهم في تفتيح البشرة.  تريتينوين 0.05%: أحد مشتقات فيتامين A، ويستخدم لعلاج حب الشباب وتجديد خلايا البشرة وتقشيرها، كما يفتح لون البشرة ويقلل البقع.  حجم melanofree cream   يتوفر ميلانو فري كريم بحجم 30 جم.  سعر كريم ميلانو فري للبشرة الدهنية   سعر ميلانو فري كريم حوالي 51 جنيه مصري. "" كريم ميلانو فري سعره قد يتغير من وقت لاخر تبعاً لتغير سعره فى الاسواق "" يوصى باستعمال كريم ميلانو فري الأصلي ل   ميلانو فري كريم مناسب لمن يعانون من البقع والتصبغات واسمرار البشرة فهو يساعد على التفتيح وتوحيد لون البشرة، كما يحمي من ظهور التصبغات الداكنة ويقلل من آثار حب الشباب مما يساعدك للحصول على بشرة فاتحة وموحدة اللون وأكثر إشراقاً.  ما هي طريقة استخدام كريم ميلانو فري للوجة ؟ اغسلي وجهك جيداً بالغسول المناسب.  استخدمي كريم تقشير ميلانو فري على المناطق المراد تفتيحها مرة واحدة مساءً. ضعي الكريم لمدة 15 إلى 30 دقيقة ثم اشطفي وجهك.  يمكنك استخدام الكريم لمدة شهر ثم قللي الاستخدام تدريجياً.  ما هي فوائد كريم ميلانو فري للكلف؟  يساعد على تفتيح البقع الداكنة والتصبغات.  يوحد لون البشرة ويعالج الكلف.  يقلل من الاسمرار الناتج عن التعرض لأشعة الشمس.  يقشر البشرة بلطف مما يوحد لونها ويحسن ملمسها.  ما هي اضرار كريم ميلانو فري للتفتيح ؟ قد يؤدي إلى الحساسية أو تهيج البشرة في حالة فرط الحساسية تجاه أحد مكوناته، أو في حالة فرط استخدام الكريم على البشرة.  لذلك يجب استخدام الكريم بكيمة معتدلة مع الاهتمام بوضع واقي الشمس في حالة التعرض للشمس صباحاً إذ تكون البشرة أكثر حساسية للضوء.  هل يستخدم كريم ميلانو فري للمناطق الحساسة ؟ يمكن استخدام ميلانوفري كريم للمناطق الحساسة ولكن يجب مراعاة استخدامه بكمية صغيرة ولفترة محدودة لتجنب حدوث حساسية أو تهيج للجلد.  خلطات كريم ميلانو فري مع بانثينول؟ يساعد استخدام البانثينول مع ميلانو فري للتقشير على زيادة ترطيب البشرة وتقليل حدوث الحساسية أو الالتهابات، مما يعزز نضارة البشرة ويساهم في زيادة تفتيحها. خلطة ميلانو فري مع بيتاديرم ؟ يساعد كريم بيتاديرم على تقليل الالتهاب الذى قد ينتج عن استعمال كريم ميلانو فرى. متى تظهر نتيجة كريم ميلانو فري؟  يجب الانتظام على استخدام الكريم لتري نتائج فعالة، ويمكنك ملاحظة النتيجة بعد حوالي 3 أسابيع إلى شهر من بداية الاستخدام. ما هى طريقة استخدام ميلانو فري للركب ؟ يتم وضع الكريم على الركب بعد غسل البشرة لمدة 15 إلى 30 دقيقة ثم يتم غسل البشرة ووضع كريم مرطب. هل ميلانو فري مضر للحامل ؟   لا يوصى باستعمال الكريم فى فترة الحمل. هل كريم ميلانو فري مضر للمرضع ؟ لا يُنصح باستعمال الكريم للام المرضع. هل ميلانو فري مقشر ؟ أجل الكريم يحتوى على مادة مقشرة. لماذا يستخدم كريم ميلانو فري ؟ يُستخدم الكريم لتفتيح وتقشير البشرة كيفية علاج احمرار الوجه بسبب استخدام كريم ميلانو فري؟  استخدمي الكريم على المناطق المراد تفتيحها فقط.  يمكنك تخفيف الكريم بخلطه مع كريم مرطب لطيف على البشرة مثل بانثينول.  اشطفي الكريم جيداً بعد 30 دقيقة.  استخدمي كريم واقي من الشمس خلال فترة العلاج.  ضعي الكريم مرة واحدة في اليوم مساءً وتجنبي وضعه أثناء النهار وخاصة عند التعرض للشمس.  ما افضل كريم تفتيح البشرة من الصيدلية ؟ ذا اوردينارى سيروم الفا اربوتين إيزيس فارما سيروم يونيتون وايت ادفانسد نوكس سيروم وايت ميلاتكس كريم تفتيح اليجون كريم لتفتيح البشرة",ماركة: ميلانو فارما
21882,فازلين | زبدة الكاكاو | 100مل,vaseline cocoa butter 100ml jk9s,95,EGP,فازلين,العناية بالبشرة>,in stock,https://chefaa.com:443/eg-ar/nowProduct/vaseline-cocoa-butter-100ml-jk9s,https://cdn.chefaa.com/filters:format(webp)/public/uploads/products/vaseline-cocoa-butter-100ml-tleu-01658174053.png,https://cdn.chefaa.com/filters:format(webp)/public/uploads/products/vaseline-cocoa-butter-100ml-tleu-01658174053.png,مميزات المنتج    فازلين | زبدة الكاكاو | 100مل,ماركة: فازلين
23438,سينوبار-اس صابونة للبشرة الدهنية للتفتيح والحبوب | 100 جم,synobar soap treat acne and get rid pimples 100gm zjag,65,EGP,ماكرو للأدوية,العناية بالبشرة>الغسول,in stock,https://chefaa.com:443/eg-ar/nowProduct/synobar-soap-to-treat-acne-and-get-rid-of-pimples-100gm-zjag,https://cdn.chefaa.com/filters:format(webp)/public/uploads/products/synobar-soap-to-treat-acne-and-get-rid-of-pimples-100gm-zjag-01724611764.png,https://cdn.chefaa.com/filters:format(webp)/public/uploads/products/synobar-soap-to-treat-acne-and-get-rid-of-pimples-100gm-zjag-01724611764.png,مميزات المنتج   تتميز صابونة سينوبار للبشرة الدهنية بما يلي: لها تركيبة مميزة تساعد على علاج حب الشباب بأنواعه المختلفة. تساعد على تنظيف وتطهير البشرة وقتل البكتيريا والجراثيم. لها دور في تفتيح أثار الحبوب والتصبغات. تساعد على تنظيم إفراز الزيوت بالبشرة مما يقلل من ظهور الحبوب. سعر صابونة سينوبار مناسب مقارنة بفوائدها العديدة للبشرة.   عن هذا المنتج     مكونات صابونة سينوبار للبشرة الدهنية  تحتوي صابونة سينوبار على: حمض الساليسليك: يعالج حب الشباب وله دور في تفتيح التصبغات. زيت شجرة الشاي: مطهر للبشرة ويعالج أثار الحبوب. الجلسرين: لترطيب البشرة وحمايتها من الجفاف. مستخلص زيت اللافندر: لتقليل التهاب البشرة وتفتيحها. زيت النعناع: ينقي البشرة ويحميها من الجفاف ويساعد على توحيد لون البشرة. حجم صابونة سينوبار للتفتيح  تتوفر صابونة سينوبار للبشرة المختلطة بحجم 100 جم. يوصى باستعمال صابونة سينوبار للحبوب ل: صابونة سينوبار لحب الشباب مناسبة لأصحاب البشرة الدهنية والمختلطة وكذلك البشرة المعرضة للحبوب، إذ لها دور في علاج حب الشباب والتخلص من البثور بالإضافة إلى تفتيح أثار الحبوب. ما هى طريقة استخدام صابونة سينوبار؟ تستخدم مرتين إلى 3 مرات يومياً. هل صابونة سينوبار مناسبة للحامل؟ لا ينصح باستخدام صابونة سينوبار خلال فترة الحمل. ما هى أنواع صابونة سينوبار؟ صابونة سينوبار للبشرة الدهنية. صابونة سينوبار بالكبريت المحسن. ما الفرق بين صابونة سينوبار وسينوبار اس؟ تحتوي صابونة سينوبار اس على الكبريت المعروف بقدرته على قتل البكتيريا وتطهير البشرة بالإضافة إلى التخلص من الزيوت الزائدة بالبشرة. ما هي فوائد صابونة سينوبار؟ تسخدم لعلاج حب الشباب والبثور ولها دور في توحيد لون البشرة وتفتيح التصبغات. ما هي أضرار صابونة سينوبار؟ قد تسبب الحساسية أو الالتهاب في حالة تحسس البشرة تجاه أحد المكونات. أيهما أفضل صابونة سينوبار ولا تراي تكت؟ يستخدم كلا النوعين لعلاج حب الشباب وتنظيم إفراز الزيوت بالبشرة.,ماركة: ماكرو للأدوية
23428,ليت اب | صابونه للتفتيح وتنقية البشرة | 100جم,lit facial cleansing clarifying soap 100gm cptc,65,EGP,ماكرو للأدوية,العناية بالبشرة>,in stock,https://chefaa.com:443/eg-ar/nowProduct/lit-up-facial-cleansing-clarifying-soap-100gm-cptc,https://cdn.chefaa.com/filters:format(webp)/public/uploads/products/lit-up-facial-cleansing-clarifying-soap-100gm-dtbv-01664278189.png,https://cdn.chefaa.com/filters:format(webp)/public/uploads/products/lit-up-facial-cleansing-clarifying-soap-100gm-dtbv-01664278189.png,مميزات المنتج   تتميز صابونة ليت اب للتفتيح بما يلي: تساعد على تنقية وتفتيح البشرة. تنظيف البشرة وتساعد على التخلص من الدهون الزائدة بالبشرة. تعمل على تفتيح البشرة وتساعد على التخلص من خلايا الجلد الميت. تساهم في التخلص من البثور والرؤوس السوداء. سعر صابونة ليت اب مناسب مقارنة بفوائدها العديدة.   عن هذا المنتج     مكونات صابونة ليت اب    تحتوي صابونة ليت اب للبشرة الدهنية على  خلاصة العرقسوس: تساعد على تفتيح البشرة وتوحيد لونها.  فيتامين سي: يساهم في تفتيح لون البشرة وإكسابها النضارة.  حمض الساليسيليك: يقشر خلايا الجلد الميت ويساهم في التخلص من الحبوب والبثور السوداء.  الجلسرين: يزيد ترطيب وتنعيم البشرة.  زيت جنين القمح: يرطب البشرة ويحسن ملمسها.  أكسيد الزنك: يحمي البشرة من الالتهابات والحبوب.  حجم lit up soap  يتوفر صابونة ليت اب للمنطقة الحساسة بحجم 100 جم.  يوصى باستعمال صابونة ليت اب للتفتيح ل  صابونة ليت اب للتفتيح تناسب جميع أنواع البشرة فهي تساعد على تفتيح البشرة وإكسابها النضارة والإشراق، وكذلك لها دور في علاج الحبوب والتخلص من خلايا الجلد الميت لتحسين ملمس الجلد.  ما هى طريقة استخدام صابونة ليت اب ؟  تبلل البشرة بالماء ثم تفرك الصابونة حتى تكون رغوة وتوزع على البشرة جيداً مع التدليك الخفيف ثم تشطف البشرة جيداً.  ما هى عيوب صابونة ليت اب ؟  قد تسبب جفاف البشرة في حالة استخدامها بشكل مفرط أكثر من 3 مرات يومياً.  ما هى فوائد صابونة ليت اب للبشرة الدهنية ؟  تساعد على تفتيح البشرة وتحسين ملمس الجلد، وتعطي البشرة النضارة والإشراق بالإضافة إلى التخلص من الدهون الزائدة وحماية البشرة من تكون الحبوب والبثور.,ماركة: ماكرو للأدوية
20831,جليسوليد لوشن مرطب للجسم بالجليسرين للبشرة الحساسة | 200 مل,glysolid body lotion for sensitive skin dkiq,80,EGP,جليسوليد,العناية بالبشرة>,in stock,https://chefaa.com:443/eg-ar/nowProduct/glysolid-body-lotion-for-sensitive-skin-200-m-dkiq,https://cdn.chefaa.com/filters:format(webp)/public/uploads/products/glysolid-body-lotion-for-sensitive-skin-200-m-dkiq-01723108977.png,https://cdn.chefaa.com/filters:format(webp)/public/uploads/products/glysolid-body-lotion-for-sensitive-skin-200-m-dkiq-01723108977.png,مميزات المنتج   يعمل على تهدئة وترطيب البشرة وحمايتها من الجفاف والتشققات والحكة والخشونة. يساعد على إصلاح وإعادة التوازن الطبيعي للبشرة. يُكسب بشرة الجسم واليدين مزيد من النعومة والنضارة والحيوية. مناسب للبشرة الحساسة. مناسب للجسم واليدين. مناسب للكبار. يتميز بتركيبته سريعة الامتصاص التي لا تترك أي أثر دهني على البشرة. يتميز أنه صناعة ألمانية.   عن هذا المنتج     مكونات لوشن مرطب للبشرة الحساسة من جليسوليد: الجليسرين: يعمل على ترطيب البشرة وحمايتها من الجفاف والتشققات. مستخلص البابونج: له خصائص مضادة للأكسدة والالتهابات ويعمل على تهدئة وتقليل تهيج واحمرار البشرة. حجم Glysolid Body Lotion For Sensitive Skin: يتوفر بحجم 200 مل. يوصي به: اللوشن مناسب للكبار الذين يعانون من البشرة الحساسة حيث يعمل على ترطيب البشرة وحمايتها من الجفاف لفترة طويلة.,ماركة: جليسوليد
59871,ستارفيل | ماء ميسيلار تربيل اكشن لجميع انواع البشرة | 100مل,starville micellar water 100ml lek8_duYq3Ma4_dujqZn8t,75,EGP,ستارفيل,العناية بالبشرة>الغسول,in stock,https://chefaa.com:443/eg-ar/nowProduct/starville-micellar-water-100ml-lek8_duYq3Ma4_dujqZn8t,https://cdn.chefaa.com/filters:format(webp)/public/uploads/products/starville-micellar-water-100ml-lek8-duyq3ma4-01709978088.png,https://cdn.chefaa.com/filters:format(webp)/public/uploads/products/starville-micellar-water-100ml-lek8-duyq3ma4-01709978088.png,مميزات المنتج   يعمل على إزالة مكياج العين والوجه والشفاه بفاعلية. يعمل على تنظيف البشرة وإزالة الدهون والشوائب والزيوت التي تسبب انسداد المسام وتؤدي إلى ظهور عيوب وحبوب البشرة. يعمل على تنقية المسام. يتميز بدرجة حموضة مناسبة لطبيعة البشرة. لا يحتاج إلى غسل الوجه بعد الاستخدام. يُحافظ على نعومة ونضارة البشرة ويعيد حيويتها من جديد. لا يسبب حساسية أو جفاف البشرة. مناسب للوجه والعينين والشفاه. مناسب لجميع أنواع البشرة. يتميز بحجم عبوته الصغير المناسب للسفر والرحلات.    عن هذا المنتج     مكونات ستارفيل ماء ميسيلار: خلاصة الخيار: لها خصائص مضادة للأكسدة والالتهابات وتعمل على ترطيب وتهدئة البشرة. زيت شجرة الشاي: له خصائص مضادة للبكتيريا والالتهابات ويساعد فى تقليل ظهور حب الشباب. نياسيناميد أو فيتامين ب3: يعمل على تهدئة البشرة وتقليل الاحمرار  وتقوية الحاجز الواقي للبشرة. فيتامين هـ: له خصائص مضادة للأكسدة ويعمل على تقليل التجاعيد. الجليسرين: يعمل على ترطيب البشرة. حجم Starville Micellar Water: يتوفر بحجم 100 مل. يوصي به: ستارفيل ماء ميسيلار مناسب لجميع أنواع البشرة حيث يعمل على تنظيف البشرة وإزالة مكياج العينين والشفاه والوجه بفاعلية دون التسبب بحساسية أو تهيج البشرة.,ماركة: ستارفيل
49696,ستارفيل | جل منظف 200 مل (1+1 خصم 50%),starville cleanser gel off ksr5,187,EGP,ستارفيل,العناية بالبشرة>الغسول,in stock,https://chefaa.com:443/eg-ar/nowProduct/starville-cleanser-gel-200-ml-11-50-off-ksr5,https://cdn.chefaa.com/filters:format(webp)/public/uploads/products/starville-cleanser-gel-200-ml-11-50-off-gdj3-01730201652.png,https://cdn.chefaa.com/filters:format(webp)/public/uploads/products/starville-cleanser-gel-200-ml-11-50-off-gdj3-01730201652.png,مميزات المنتج   ستارفيل | جل منظف 200 مل (1+1 خصم 50%),ماركة: ستارفيل
28556,صن بلوك بوباي اكسترا لايتنج bobai extra lightening gel | ٥٠ جم,bobai sunscreen extra lightening gel spf 50gm igmz,325,EGP,بوباي,العناية بالبشرة>الوقاية من الشمس,in stock,https://chefaa.com:443/eg-ar/nowProduct/bobai-sunscreen-extra-lightening-gel-spf-50-50gm-igmz,https://cdn.chefaa.com/filters:format(webp)/public/uploads/products/bobai-sunscreen-extra-lightening-gel-spf-50-50gm-igmz-01720965946.png,https://cdn.chefaa.com/filters:format(webp)/public/uploads/products/bobai-sunscreen-extra-lightening-gel-spf-50-50gm-igmz-01720965946.png,"مميزات المنتج   يتميز صن بلوك بوباي اكسترا لايت لايتنج bobai extra lightening gel بما يلى: يحمى من أشعة الشمس الفوق بنفسجية الضارة من النوع UVA/UVB. يتميز بمعامل حماية +SPF50 لتوفير حماية عالية من أشعة الشمس الضارة. يعمل على تصحيح وتقليل التصبغات. يساعد على تفتيح البقع الداكنة وتقليل ظهورها. يعمل على مقاومة الجذور الحرة. يساعد على توحيد لون البشرة. يساعد في الحفاظ على نضارة وحيوية البشرة. يتميز بتركيبته الخفيفة سريعة الامتصاص التي لا تترك أثر دهنى على البشرة. مناسب لجميع أنواع البشرة حتى البشرة الحساسة. تم اختباره من قبل أطباء الجلدية. لا يسبب حساسية البشرة. مقاوم للماء.   عن هذا المنتج     مكونات صن بلوك بوباي اكسترا لايت يحتوى صن بلوك بوباي اكسترا لايت على: الجلابريدين (خلاصة العرق سوس): يعمل على تقليل إنتاج صبغة الميلانين مما يساعد على تقليل التصبغات والبقع وتفتيح لون البشرة. أكسيد الزنك: يعمل على حماية البشرة من أشعة الشمس الفوق بنفسجية. ساليسيلات إيثيل هيكسيل: يعمل على الوقاية من أشعة الشمس الفوق بنفسجية. هوموسالات : يحمي الجلد من أشعة الشمس عن طريق امتصاص الأشعة فوق البنفسجية. فيتامين هـ: له خصائص مضادات الأكسدة ويعمل على تقليل تجاعيد وشيخوخة البشرة. فوائد بوباي صن سكرين اكسترا لايتنج يعمل على تصحيح وتقليل التصبغات. يساعد في الحفاظ على نضارة وحيوية البشرة. يحمى من أشعة الشمس الفوق بنفسجية الضارة من النوع UVA/UVB. bobai extra lightening gel سعر سعر بوباي اكسترا لايتنج صن سكرين حوالى 295 جنيه, "" قد يتغير سعر صن بلوك بوباي جل اكسترا من وقت لاخر تبعاً لتغير سعره فى الاسواق "" حجم bobai sunscreen extra lightening gel يتوافر bobai sunscreen extra lightening gel spf 50 بحجم 50 جم. يوصي باستعمال صن بلوك بوباي اكسترا لايت صن سكرين بوباي اكسترا لايتنينج جل مناسب لجميع أنواع البشرة حتى البشرة الحساسة حيث يعمل على حماية البشرة من أشعة الشمس الضارة بفاعلية، كما يساعد على تقليل البقع والتصبغات وتوحيد لون البشرة للحصول على بشرة نضرة ومشرقة. هل بوباي جل bobai gel extra lightening يفتح البشرة ؟ يساعد صن بلوك بوباي جل اكسترا لايتنج على تفتيح البشرة. هل بوباي صن سكرين اكسترا لايتنج جل 50 جرام مناسب للبشرة الدهنية ؟ أجل صن سكرين بوباي جل مناسب للبشرة الدهنية. ما أفضل صن بلوك للبشرة الدهنية بسعر رخيص ؟ بوباي صن سكرين جل. انفنتى صن سكرين جل. دراكون صن سكرين. صن سكرين كولاجرا جل  صن بلوك فاكيشن سبراي",ماركة: بوباي
6027,ماء الورد ايفا - أفضل أنواع ماء الورد الأصلي في مصر | 100 مل,eva rose water new 100ml aycx,40,EGP,إيڤا,العناية بالبشرة>الغسول,in stock,https://chefaa.com:443/eg-ar/nowProduct/eva-rose-water-new-100ml-aycx,https://cdn.chefaa.com/filters:format(webp)/public/uploads/products/1619188287eva-rose-water-new-100ml-chefaajpg,https://cdn.chefaa.com/filters:format(webp)/public/uploads/products/1619188287eva-rose-water-new-100ml-chefaajpg,مميزات المنتج   يتميز ماء الورد ايفا Eva rose water بما يلي: يساعد على تنعيم وترطيب البشرة. يساهم في تنظيف البشرة والمسام وإزالة الأوساخ والشوائب من البشرة. له خصائص مهدئة وملطفة، مما يساعد على تهدئة البشرة الحساسة وتقليل التهيج والاحمرار. يحافظ على توازن درجة الحموضة في البشرة، مما يساعد على منع ظهور المشاكل الجلدية مثل حب الشباب والجفاف. يزيد نضارة وحيوية البشرة. مناسب لجميع أنواع البشرة ولا يسبب الحساسية. سعر ماء ورد ايفا مناسب مقارنة بحجمه وفوائده العديدة.   عن هذا المنتج     مكونات ماء الورد ايفا يحتوي ماء ورد ايفا على: الجلسرين: يعمل على ترطيب البشرة وتحسين مرونتها وبالتالي تقليل ظهور الخطوط الدقيقة والتجاعيد.  خلاصة ماء الورد: لها خصائص مضادة للالتهابات ومضادة للأكسدة، مما تساعد على تهدئة البشرة المتهيجة والحساسة وتقليل التهابات الجلد.  بنزوات الصوديوم: يعمل كمادة مضادة للبكتيريا والفطريات، مما يساعد على منع نمو البكتيريا والفطريات والحفاظ على نظافتهما.  حجم Eva rose water  يتوفر Eva rose water بحجم 100 مل.  سعر ماء ورد ايفا   يبلغ سعر Eva rose water حوالي 35 جنيه مصري.  يوصى باستعمال مياه ورد ايفا  ماء ورد ايفا مناسبة لجميع أنواع البشرة فهي تساعدك للحصول على بشرة نظيفة وناعمة، وتقلل من تهيج واحمرار البشرة مما يكسبك بشرة أكثر نضارة وحيوية.  ما أفضل أنواع ماء الورد الأصلي في مصر ؟ ماء ورد جونسون.  ماء ورد نيفيا.  ماء ورد ايفا.  ماء ورد لونا.,ماركة: إيڤا
48124,إيڤا سكين كلينيك | تونر للبشرة المعرضة لحب الشباب | 200مل,eva skin clinic acne prone skin toner 200ml ymzg_du30xbWK,180,EGP,إيڤا,العناية بالبشرة>الغسول,in stock,https://chefaa.com:443/eg-ar/nowProduct/eva-skin-clinic-acne-prone-skin-toner-200ml-ymzg_du30xbWK,https://cdn.chefaa.com/filters:format(webp)/public/uploads/products/eva-skin-clinic-acne-prone-skin-toner-200ml-l0sc-01716293671.png,https://cdn.chefaa.com/filters:format(webp)/public/uploads/products/eva-skin-clinic-acne-prone-skin-toner-200ml-l0sc-01716293671.png,عن هذا المنتج     إيڤا سكين كلينيك | تونر للبشرة المعرضة لحب الشباب | 200مل,ماركة: إيڤا
27799,هيبتا كريم كارباميد للمنطقه الحساسة والوجه وجلد الوزة | 50جم,hepta carbamide cream urea cream 50gm u8ss,69.5,EGP,No Brand,العناية بالبشرة>,in stock,https://chefaa.com:443/eg-ar/nowProduct/hepta-carbamide-cream-10-urea-cream-50gm-u8ss,https://cdn.chefaa.com/filters:format(webp)/public/uploads/products/hepta-carbamide-cream-10-urea-cream-50gm-u8ss-01734951381.png,https://cdn.chefaa.com/filters:format(webp)/public/uploads/products/hepta-carbamide-cream-10-urea-cream-50gm-u8ss-01734951381.png,مميزات المنتج   يتميز كريم هيبتا كارباميد (hepta carbamide cream) بما يلي: له تركيبة مميزة تساعد على ترطيب البشرة بعمق وعلاج الجفاف. يحتفظ برطوبة البشرة ويعالج خشونة الركب والقدمين والأكواع. يكسب البشرة المزيد من النعومة والنضارة. يساعد على تقشير خلايا الجلد الميت مما يسمح بتجديد البشرة. سعر كريم هيبتا كارباميد مناسب مقارنة بفوائده للبشرة.   عن هذا المنتج    هيبتا كارباميد كريم للجلد هو كريم الكارباميد 10% المعروف بفاعليته كعلاج مرمم لشقوق الجلد خاصة الكعبين و تفتيح مناطق الركبتين و المرفقين و ازالة طبقات (الجلد الميت)الزائدة منهما - هيبتا كارباميد كريم للجلد معزز بأضافات تجعله الأختيار الأول لأنه يحتوى على مواد مقشرة اضافية مثل (حمض اللاكتيك و اللانتوين ) كما يحتوى مواد مغذية للبشرة و تزيد من نضارتها مثل (الأرجنين- فيتامين E),raw_specs: المواصفات
2588,مزيل ميكب غارنييه ماء ميسيلار بالزيت garnier micellar water | ١٠٠ مل,garnier micellar water face eyes lips argan oil cleanser and waterproof make remover 100ml,120,EGP,غارنييه,العناية بالبشرة>الغسول,in stock,https://chefaa.com:443/eg-ar/nowProduct/garnier-micellar-water-face-eyes-lips-argan-oil-cleanser-and-waterproof-make-up-remover-100ml,https://cdn.chefaa.com/filters:format(webp)/public/uploads/products/garnier-micellar-water-face-eyes-lips-argan-oil-cleanser-and-waterproof-make-up-remover-100ml-01722778055.png,https://cdn.chefaa.com/filters:format(webp)/public/uploads/products/garnier-micellar-water-face-eyes-lips-argan-oil-cleanser-and-waterproof-make-up-remover-100ml-01722778055.png,"مميزات المنتج   مزيل ميكب غارنييه ماء ميسيلار بالزيت (garnier micellar water) يتميز بما يلى: يعمل على إزالة مكياج العين والشفاه والوجه المقاوم للماء بفاعلية. يعمل على تنقية المسام وتنظيف البشرة. لا يسبب حساسية البشرة. يًحافظ على نعومة وترطيب البشرة. لا يترك أي أثر على البشرة. مناسب لجميع أنواع البشرة حتى البشرة الحساسة. تم اختباره من قبل أطباء الجلدية والعيون. لا يغسل بعد الاستخدام. عبوة صغيرة سهلة الاستخدام والحمل في السفر والرحلات.   عن هذا المنتج     مكونات مزيل ميكب غارنييه     تقنية الميسيلار: عبارة عن جزيئات الميسيل التي تساعد على تنظيف البشرة بعمق وإزالة المكياج والأتربة بسهولة.   زيت الأرجان: يعمل على إذابة المكياج الزيتي والمقاوم للماء، كما أنه يحافظ على ترطيب ونعومة البشرة.   الماء.     فوائد ماء ميسيلار غارنييه بالزيت يعمل على إزالة مكياج العين والشفاه والوجه المقاوم للماء بفاعلية. يعمل على تنقية المسام وتنظيف البشرة. يساعد على تهدئة البشرة.   حجم garnier micellar water with oil     يتوافر غارنييه ماء ميسيلار بحجم 100 مل و400 مل.     سعر ماء ميسيلار غارنييه 100 مل يبلغ سعر غارنييه مزيل مكياج حوالى 92 جنيه. "" قد يتغير سعر غارنييه ماء ميسيلار من وقت لاخر تبعاً لتغيره فى الصيدليات "" يوصي باستعمال غارنييه مزيل مكياج    غارنييه مزيل مكياج مناسب لجميع أنواع البشرة حتى البشرة الحساسة حيث يعمل على إزالة المكياج المقاوم للماء بسهولة، كما أنه يحافظ على ترطيب البشرة مما لا يسبب حساسية وتهيج للجلد.",ماركة: غارنييه
18774,هيبتا بانثينول | كريم مرطب للوجه والجسم | 50جم,hepta panthenol moisturizing cream for face and body 50gm ms0a,69.5,EGP,No Brand,العناية بالبشرة>,in stock,https://chefaa.com:443/eg-ar/nowProduct/hepta-panthenol-moisturizing-cream-for-face-and-body-50gm-ms0a,https://cdn.chefaa.com/filters:format(webp)/public/uploads/products/hepta-panthenol-moisturizing-cream-for-face-and-body-50gm-ms0a-01734950735.png,https://cdn.chefaa.com/filters:format(webp)/public/uploads/products/hepta-panthenol-moisturizing-cream-for-face-and-body-50gm-ms0a-01734950735.png,مميزات المنتج   كريم ملطف و مرطب للبشرة و الجسم. لجميع أنواع البشرة. مفيد لتشققات الكوع و القدم و الركبة.   عن هذا المنتج    هيبتا بانثينول كريم للجلد هو كريم البانثينول المرطب لجميع انواع البشرة هيبتا بانثينول كريم للجلد لأول مرة بتقنية الترطيب المغناطيسى الممتد المفعول حتى (72) ساعة والذى لا يتأثر بغسل الجلد كما انه سريع الأمتصاص و يكسب الجلد نعومة بشرة الطفل الحريرية بالأضافة الى انه مدعم ب فيتامين E و منشطات السيراميد لتغذية البشرة و حمايتها من الجفاف مجددا.,raw_specs: المواصفات
9050,فازلين | معالج الشفاه روزي ليبس | 20جم,vaseline lip therapy rosy 20g rjju,150,EGP,فازلين,العناية بالبشرة>,in stock,https://chefaa.com:443/eg-ar/nowProduct/vaseline-lip-therapy-rosy-20g-rjju,https://cdn.chefaa.com/filters:format(webp)/public/uploads/products/1637234811vaseline-lip-therapy-rosy-lips-20gmjpg,https://cdn.chefaa.com/filters:format(webp)/public/uploads/products/1637234811vaseline-lip-therapy-rosy-lips-20gmjpg,عن هذا المنتج     فازلين | معالج الشفاه روزي ليبس | 20جم,ماركة: فازلين
38323,هيبتا بانثينيول ماكس كريم | 50جم,panthenol max hepta cream wfvh,99,EGP,No Brand,العناية بالبشرة>,in stock,https://chefaa.com:443/eg-ar/nowProduct/panthenol-max-hepta-cream-50-gm-wfvh,https://cdn.chefaa.com/filters:format(webp)/public/uploads/products/panthenol-max-hepta-cream-50-gm-wfvh-01734951729.png,https://cdn.chefaa.com/filters:format(webp)/public/uploads/products/panthenol-max-hepta-cream-50-gm-wfvh-01734951729.png,مميزات المنتج   هيبتا بانثينيول ماكس كريم | 50جم   عن هذا المنتج     أول كريم مرطب يحتوي على تركيز 5% بانثينول وحمض الهيالورونيك والكولاجين يعمل على ترطيب البشرة وعلاج الجفاف. يهدئ التهابات الجلد واحمراره، ويناسب البشرة الجافة والشديدة الجفاف، ومفيد للجسم. ويدوم تأثيره المرطب لمدة 72 ساعة.,raw_specs: المواصفات
45743,بوبانا | جل واقى الشمس | 150مل | 1+1 مجانا,bobana sunscreen gel 150ml free lran_dux3V51m,350,EGP,بوبانا,العناية بالبشرة>الوقاية من الشمس,in stock,https://chefaa.com:443/eg-ar/nowProduct/bobana-sunscreen-gel-150ml-11-free-lran_dux3V51m,https://cdn.chefaa.com/filters:format(webp)/public/uploads/products/bobana-sunscreen-gel-150ml-11-free-eqrl-01716223269.png,https://cdn.chefaa.com/filters:format(webp)/public/uploads/products/bobana-sunscreen-gel-150ml-11-free-eqrl-01716223269.png,مميزات المنتج   بوبانا | جل واقى الشمس | 150مل | 1+1 مجانا,ماركة: بوبانا
57036,هيبتا كارباميد 10% لوشن | 120مل,hepta carbamide lotion 120ml okik,165,EGP,No Brand,العناية بالبشرة>,in stock,https://chefaa.com:443/eg-ar/nowProduct/hepta-carbamide-lotion-10-120ml-okik,https://cdn.chefaa.com/filters:format(webp)/public/uploads/products/hepta-carbamide-lotion-10-120ml-l71t-01734953270.png,https://cdn.chefaa.com/filters:format(webp)/public/uploads/products/hepta-carbamide-lotion-10-120ml-l71t-01734953270.png,"مميزات المنتج   هيبتا كارباميد 10% لوشن | 120مل   عن هذا المنتج     ""يوفر ترطيباً مكثفاً للبشرة الجافة جداً والمتقشرة. يوفر ترطيبًا فوريًا يدوم طويلاً ويعيد للبشرة نعومتها وليونتها. يتكون من مزيج ترطيب معزز من اليوريا والسيراميد الطبيعي للبشرة وعوامل الترطيب الطبيعية للتغلغل بشكل أعمق وترطيب البشرة لفترة أطول. مركب من مزيج زيتي مغذٍ ومغذٍ مكثف من الدهون الثلاثية وعباد الشمس واللوز والجوجوبا للمساعدة في إصلاح الحاجز الطبيعي للبشرة وتحسين ملمسها مما يجعلها منتعشة ومتجددة. ينعم الكعبين والمرفقين المتشققين بتأثيره المرطب والمهدئ القوي للبشرة الجافة. مناسب للرجال والنساء ذوي البشرة الجافة جدًا والخشنة.""",raw_specs: المواصفات
7538,سيرافي | غسول للوجه والجسم للبشرة العادية والجافة | 473مل,cerave skin cleansing and moisturizing lotion 473ml wx2e,869,EGP,سيرافي,العناية بالبشرة>الغسول,in stock,https://chefaa.com:443/eg-ar/nowProduct/cerave-skin-cleansing-and-moisturizing-lotion-473ml-wx2e,https://cdn.chefaa.com/filters:format(webp)/public/uploads/products/cerave-skin-cleansing-and-moisturizing-lotion-473ml-wx2e-01723383227.png,https://cdn.chefaa.com/filters:format(webp)/public/uploads/products/cerave-skin-cleansing-and-moisturizing-lotion-473ml-wx2e-01723383227.png,مميزات المنتج   سيرافي | غسول للوجه والجسم للبشرة العادية والجافة | 473مل   عن هذا المنتج     مكونات غسول سيرافي المرطب للبشرة العادية والجافة:     سيراميد: يعمل على ترطيب البشرة وحماية الحاجز الطبيعى الذى يحافظ على رطوبة الجلد.   حمض الهيالورونيك: يعمل على الحفاظ على ترطيب البشرة وجعلها أكثر نعومة.     مميزات سيرافي غسول مرطب:     يعمل على تنظيف البشرة والمسام بعمق.   يعمل على إزالة الشوائب والأتربة وبقايا المكياج.   يعمل على تقليل البثور والرؤوس السوداء.   يمكن استخدامه بشكل يومي دون التسبب في شد أو جفاف البشرة.   يعمل على تقوية حاجز البشرة.   مناسب للبشرة العادية والجافة والمعرضة للاكزيما.   يتميز بتقنية الترطيب المكثف (MVE) التي تعمل على الحفاظ على رطوبة البشرة على مدار ال24 ساعة.   لا يسبب انسداد المسام.   لا يسبب حساسية البشرة.   خالي من العطور.   تم تطويره مع أطباء الجلدية.   تم الموافقة عليه من قبل جمعية الإكزيما الوطنية.     حجم CeraVe Hydrating Cleanser Cream for Normal to Dry Skin:     يتوفر بحجم 473 مل.     يوصي به:   الغسول مناسب للبشرة العادية إلى الجافة حيث يعمل على تنظيف المسام والبشرة بلطف وفاعلية دون التسبب في جفافها، كما يحافظ على رطوبة البشرة لفترة طويلة تصل إلى 24 ساعة.,ماركة: سيرافي
32228,اليجون يوريا كريم لجلد الوزة alejon urea cream | ٢٠٠ مل,alejon urea cream 75ml ae8n_ducejNLj,340,EGP,أليجون,العناية بالبشرة>,in stock,https://chefaa.com:443/eg-ar/nowProduct/alejon-urea-cream-10-75ml-ae8n_ducejNLj,https://cdn.chefaa.com/filters:format(webp)/public/uploads/products/alejon-urea-cream-10-75ml-ae8n-ducejnlj-01707213183.png,https://cdn.chefaa.com/filters:format(webp)/public/uploads/products/alejon-urea-cream-10-75ml-ae8n-ducejnlj-01707213183.png,مميزات المنتج   يتميز يتميز اليجون يوريا كريم alejon urea cream بما يلي: مقشر مثالي يحتوي على نسبة عالية من اليوريا. يعالج جلد الوزة ويساعد على التخلص من الجلد الميت. غني بزبدة الشيا مما يمنح البشرة ترطيباً عميقاً. يحسن ملمس الجلد ويكسبه المزيد من النعومة والترطيب. سعر اليجون يوريا كريم alejon urea cream مناسب مقارنة بفوائد العديدة للجلد.   عن هذا المنتج     مكونات اليجون يوريا كريم (alejon urea cream ) يحتوي كريم اليجون يوريا على: يوريا 10% urea: ترطب الجلد بعمق وتساعد على تقشير خلايا الجلد الميت مما يزيد نعومة البشرة. حمض الساليسليك 2% salycilic acid: يقشر الجلد بلطف وله خصائص مضادة للبكتيريا. زبدة الشيا shea butter: غنية بالأحماض والفيتامينات مما يغذي ويرطب الجلد ويحسن مرونته. حجم عبوة alejon urea cream يتوفر اليجون يوريا كريم alejon urea cream بحجم 200 مل. سعر اليجون يوريا كريم يبلغ سعر كريم اليجون يوريا حوالي 269 جنيه مصري  (alejon urea cream سعره قد يتغير تبعاً لتغير في الصيدليات) يوصى باستعمال اليجون كريم يوريا 10%  كريم اليجون يوريا مناسب لمن يعانون من جفاف الجلد والتشققات فهو يرطب البشرة بعمق ويمنحها ملمس ناعم كما يساعد على التخلص من خلايا الجلد الميت مما يحسن ملمس الجلد ويزيد نعومته. طريقة استخدام كريم اليجون يوريا يستخدم الكريم على بشرة نظيفة وجافة مرة أو مرتين يومياً مع التدليك الخفيف بحركات دائرية حتى يتم امتصاص المنتج بالكامل. ما هي فوائد اليوريا للبشرة؟ مرطب قوي يساعد على جذب الماء إلى الجلد والحفاظ على رطوبته. تعمل على التقشير الخفيف مما يساعد في إزالة الخلايا الميتة من سطح الجلد. يمكن استخدامها لعلاج جلد الوزة وتشققات الكوع والكعبين. تساعد على تنعيم البشرة الجافة والخشنة. تساعد على تهدئة البشرة المتهيجة والجافة. ما فائدة كريم alejon لجلد الوزة ؟ يحتوي اليجون كريم على تركيبة مميزة تساعد على ترطيب الجلد بعمق وعلاج جفافه، كما أنه يعمل كمقشر خفيف لطبقات الخلايا الميتة مما يحسن مظهر وملمس الجلد ويساعد على علاج جلد الوزة. ما أفضل كريم مرطب يحتوي على اليوريا؟ يوريبار كريم urepar cream. أفالون كريم avalon cream. هيل كريم من رو أفريكان raw african heel cream. كارباميد كريم carbamid cream. اليجون يوريا كريم alejon urea cream. ما أفضل كريم لعلاج جلد الوزة؟ ايزيس سكاليا كريم isis scalia cream. مويست وان كريم moist one cream. كارباميد كريم carbamid cream. اليجون يوريا كريم alejon urea cream.,ماركة: أليجون
45421,سترالاين | غسول مرطب | 200مل,straline cleanser 200ml_duQK1mhP,243,EGP,سترالين,العناية بالبشرة>الغسول,in stock,https://chefaa.com:443/eg-ar/nowProduct/straline-cleanser-200ml_duQK1mhP,https://cdn.chefaa.com/filters:format(webp)/public/uploads/products/1596617371straline-cleanser-200mljpg,https://cdn.chefaa.com/filters:format(webp)/public/uploads/products/1596617371straline-cleanser-200mljpg,مميزات المنتج   غسول للبشرة الجافة والتهاب الجلد التأتبي. ينظف برفق و يغذي بعمق.,ماركة: سترالين
49865,غسول اجيرا agera للبشرة الدهنية للحبوب | 150 مل,agera acne cleanser 150ml sula,249,EGP,No Brand,العناية بالبشرة>الغسول,in stock,https://chefaa.com:443/eg-ar/nowProduct/agera-acne-cleanser-150ml-sula,https://cdn.chefaa.com/filters:format(webp)/public/uploads/products/agera-acne-cleanser-150ml-1rkv-01730554038.png,https://cdn.chefaa.com/filters:format(webp)/public/uploads/products/agera-acne-cleanser-150ml-1rkv-01730554038.png,مميزات المنتج   يتميز غسول اجيرا agera بما يلي: يساعد الغسول على تنظيف مسام البشرة بعمق وإزالة الزيوت الزائدة التي تؤدي إلى انسداد المسام وظهور الحبوب. معزز بتقنية اكناسيدول لمكافحة حب الشباب. يحتوي على البروبيوتكس للحفاظ على صحة البشرة. يساعد على تقليل البثور والرؤوس السوداء، مما يساهم في تحسين مظهر البشرة. يساعد على إزالة خلايا الجلد الميتة، مما يعزز تجديد خلايا البشرة ويحسن ملمسها. ينظم إفراز الدهون مما يقلل لمعان البشرة وظهور الحبوب. يحتوي على عناصر تساعد على تهدئة البشرة المتهيجة والحد من الاحمرار. معزز بتقنية Nano-LPD لزيادة الفعالية ضد الحبوب. سعر غسول اجيرا مناسب مقارنة بفوائده العديدة للبشرة.   عن هذا المنتج     مكونات غسول اجيرا   يحتوي اجيرا غسول على:  تقنية Ecnasiodol: تقلل من إنتاج الدهون الزائدة في البشرة، مما يساعد على تقليل لمعان الجلد ومنع انسداد المسام وبالتالي تقليل الحبوب.  تقنية Nano LPD: لزيادة الفعالية لمكافحة حب الشباب.  فيتامين C: مضاد أكسدة قوي يحمي البشرة من التلف كما يعزز إنتاج الكولاجين لتقليل التجاعيد وتحسين مرونة الجلد.  فيتامين A: يحفّز تجديد الخلايا ويعمل على تقليل التجاعيد والخطوط الدقيقة.  فيتامين E: يعمل كمضاد أكسدة يحمي البشرة من التلف كما يرطب البشرة ويخفف من التهاباتها.  فيتامين F: يحتوي على الأحماض الدهنية الأساسية ويدعم الحاجز الطبيعي للبشرة، مما يحافظ على ترطيبها ويمنع الجفاف.  حجم عبوة غسول agera للبشرة الدهنية يتوفر غسول اجيرا بحجم 150 مل.  سعر غسول agera   سعر غسول اجيرا لحب الشباب حوالي 195 جنيه مصري (سعر المنتج قد يتغير تبعاً لتحديث سعره في الأسواق أو حسب العروض المتاحة).  يوصى باستعمال غسول agera ل  غسول اجيرا مناسب لأصحاب البشرة الدهنية والمختلطة وكذلك البشرة المعرضة للحبوب، فهو يساعد على تنظيم إفراز الدهون بالبشرة مما يقلل ظهور الحبوب كما يقلل التهابات واحمرار البشرة.  طريقة استخدام اجيرا غسول   اغسلي وجهك بالماء الفاتر.  ضعي كمية مناسبة من الغسول على راحة يديك.  دلكي بلطف بحركات دائرية على الوجه والرقبة، مع تجنب منطقة العينين.  يمكنك استخدام الفرشاة السليكون المزودة على العبوة لتدليك أفضل.  اشطفي وجهك بالماء الفاتر للتخلص من الغسول تمامًا.  جففي وجهك بلطف.  يمكنك استخدام الغسول مرتين يومياً صباحاً ومساءً.  فوائد غسول agera   ينظف البشرة والمسام بعمق.  يساعد على تقليل حب الشباب.  تنظيم إفراز الدهون بالبشرة وتقليل اللمعان.  تقشير البشرة بلطف وبالتالي يزيد نعومة الجلد ويحسن ملمسه.  تقليل الالتهابات واحمرار البشرة.  المحافظة على صحة البشرة وزيادة نضارتها.  ما أفضل غسول طبي للبشرة الدهنية؟  غسول ستارفيل starville cleanser.  غسول توبي جينت topigent cleanser.  غسول فيشي نورماديرم vichy normaderm cleanser.  غسول نيتروجينا أكني كنترول neutrogena acne control.  غسول أجيرا agera cleanser.,raw_specs: المواصفات
6022,إيڤا سكين كير | غسول للوجه ومزيل للمكياج ببروتينات اللبن لكل انواع البشرة | 150مل,eva facial wash and make remover enriched with milk protein 150ml 49kk,70,EGP,إيڤا,العناية بالبشرة>الغسول,in stock,https://chefaa.com:443/eg-ar/nowProduct/eva-facial-wash-and-make-up-remover-enriched-with-milk-protein-150ml-49kk,https://cdn.chefaa.com/filters:format(webp)/public/uploads/products/1619179374eva-facial-wash-and-make-up-remover-enriched-with-milk-protein-150ml-chefaajpg,https://cdn.chefaa.com/filters:format(webp)/public/uploads/products/1619179374eva-facial-wash-and-make-up-remover-enriched-with-milk-protein-150ml-chefaajpg,مميزات المنتج   إيڤا سكين كير | غسول للوجه ومزيل للمكياج ببروتينات اللبن لكل انواع البشرة | 150مل   عن هذا المنتج     ذات تركيبة مميزة غنية ببروتينات اللبن التي تعمل على تكوين طبقة واقية على سطح البشرة مما يجعلها تحتفظ برطوبتها أثناء التنظيف.   فهي تركيبة مغذية للبشرة تضيف لها إشراقة وتتركها ناعمة ونضرة.   بتركيبتها الفريدة والخالية من الصابون قد صممت لتترك بشرتك نظيفة ونقية ورطبة بدون أن تتسبب بأي جفاف للبشرة.   لكل انواع البشرة.,ماركة: إيڤا
46438,بوبانا | غسول الوجه بالريتينول | 150مل,bobana retinol face wash 150ml s9ka_dusF0Ybf,75,EGP,بوبانا,العناية بالبشرة>الغسول,in stock,https://chefaa.com:443/eg-ar/nowProduct/bobana-retinol-face-wash-150ml-s9ka_dusF0Ybf,https://cdn.chefaa.com/filters:format(webp)/public/uploads/products/bobana-retinol-face-wash-150ml-bjyl-01703419392.png,https://cdn.chefaa.com/filters:format(webp)/public/uploads/products/bobana-retinol-face-wash-150ml-bjyl-01703419392.png,مميزات المنتج   بوبانا | غسول الوجه بالريتينول | 150مل,ماركة: بوبانا
47561,ايفر يوث | فيلر جيل بحمض الهيالورونيك | 50جم,everyouth hyaluronic acid filler gel 50gm chii,540,EGP,No Brand,العناية بالبشرة>الترطيب,in stock,https://chefaa.com:443/eg-ar/nowProduct/everyouth-hyaluronic-acid-filler-gel-50gm-chii,https://cdn.chefaa.com/filters:format(webp)/public/uploads/products/everyouth-hyaluronic-acid-filler-gel-50gm-pulg-01726487953.png,https://cdn.chefaa.com/filters:format(webp)/public/uploads/products/everyouth-hyaluronic-acid-filler-gel-50gm-pulg-01726487953.png,مميزات المنتج   ايفر يوث | فيلر جيل بحمض الهيالورونيك | 50جم,raw_specs: المواصفات
60304,كالم سكين | كريم مرطب ومهدئ للوجه | 40جم,calm skin soothing emollient face cream 40gm lhh7,65,EGP,No Brand,العناية بالبشرة>,in stock,https://chefaa.com:443/eg-ar/nowProduct/calm-skin-soothing-emollient-face-cream-40gm-lhh7,https://cdn.chefaa.com/filters:format(webp)/public/uploads/products/calm-skin-soothing-emollient-face-cream-40gm-2iil-01740054161.png,https://cdn.chefaa.com/filters:format(webp)/public/uploads/products/calm-skin-soothing-emollient-face-cream-40gm-2iil-01740054161.png,مميزات المنتج   كالم سكين | كريم مرطب ومهدئ للوجه | 40جم,raw_specs: المواصفات
20932,فازلين بيور | 110جم,vaseline pure 110g qipv,48,EGP,بيور,العناية بالبشرة>,in stock,https://chefaa.com:443/eg-ar/nowProduct/vaseline-pure-110g-qipv,https://cdn.chefaa.com/filters:format(webp)/public/uploads/products/vaseline-pure-110g-arvi-01655603642.png,https://cdn.chefaa.com/filters:format(webp)/public/uploads/products/vaseline-pure-110g-arvi-01655603642.png,مميزات المنتج   فازلين بيور | 110جم,ماركة: بيور
6059,ايفا هاند كريم لترطيب اليدين وتفتيحها | 60مل,evasline hand cream passion 60g 3k1c,70,EGP,إيڤا,العناية بالبشرة>,in stock,https://chefaa.com:443/eg-ar/nowProduct/evasline-hand-cream-passion-60g-3k1c,https://cdn.chefaa.com/filters:format(webp)/public/uploads/products/1619874288evasiline-hand-cream-passion-60gm-chefaajpg,https://cdn.chefaa.com/filters:format(webp)/public/uploads/products/1619874288evasiline-hand-cream-passion-60gm-chefaajpg,مميزات المنتج   يتميز ايفا هاند كريم eva hand cream  بما يلي: غني بالفيتامينات والمرطبات الطبيعية التي تساعد على ترطيب اليدين بعمق ومنع الجفاف، مما يترك بشرتك ناعمة ومحمية. يتميز بقوام غير دهني وسهل الامتصاص، مما يجعله مريحًا للاستخدام اليومي دون ترك آثار دهنية مزعجة. يحتوي على الفازلين الذي يساعد على ترطيب البشرة بعمق وتكوين طبقة عازلة على الجلد لمنع فقدان الرطوبة. له تركيبة آمنة على البشرة لذلك يناسب الاستخدام اليومي. سعر ايفا هاند كريم مناسب مقارنة بفوائده العديدة في ترطيب وتنعيم البشرة.   عن هذا المنتج     مكونات ايفا هاند كريم   يحتوي ايفا هاند كريم على:  فازلين: يرطب البشرة بعمق ويعمل كحاجز للحفاظ على الرطوبة ومنع فقدانها.  جليسرين: يجذب الماء والرطوبة إلى البشرة ما يساعد على نعومتها وترطيبها.  حجم عبوة eva hand cream   يتوفر ايفا هاند كريم بحجم 60 مل.  سعر كريم ايفا لليدين   يبلغ سعر eva hand cream حوالي 50 جنيه مصري (سعر المنتج قد يتغير تبعا لتحديث سعره في الصيدليات أو حسب العروض المتاحة).  يوصى باستعمال هاند كريم ايفا ل   كريم ايفا لليدين مناسب لترطب وتنعيم يديك وحمايتها من الجفاف والتشقق، وهو غني بالفيتامينات والمرطبات الطبيعية التي تحافظ على ترطيب البشرة لأطول فترة ممكنة.  ما هي أنواع كريم ايفا؟  ايفا سكين كير كريم تروبيكال.  ايفا سكين كير باشن.  ايفا سمر تويست.  ايفا جولد سبيل.  ايفا سكين كير سينسيز ذا كلاودز.  ما أفضل كريم لترطيب اليدين وتفتيحها؟  كريم لونا بزبدة الكاكاو Luna cream.  كريم ايفا سكين كير باشون eva skin care passion.  كريم فازلين لليدين vaseline cream.   كريم ستارلاين لليدين starline cream.,ماركة: إيڤا
614,فانو كريم مرطب للتشققات والمنطقة الحساسة vano cream | ٥٠ جم,vano cream,75,EGP,ماكرو للأدوية,العناية بالبشرة>الترطيب,in stock,https://chefaa.com:443/eg-ar/nowProduct/vano-cream-30-gm,https://cdn.chefaa.com/filters:format(webp)/public/uploads/products/vano-cream-30-gm-01668932427.png,https://cdn.chefaa.com/filters:format(webp)/public/uploads/products/vano-cream-30-gm-01668932427.png,"مميزات المنتج   فانو كريم مرطب vano cream من أشهر الكريمات المرطبة التى تساعد فى علاج التشققات والجفاف وتهدئة وحماية وإصلاح البشرة كما يساعد فى العلاج من حروق الشمس والطفح الجلدي وتهيج الجلد وتشققات الكعبين   عن هذا المنتج       مكونات فانو كريم مرطب vano cream يحتوى vano cream cream على: البانثينول: يساعد على ترطيب البشرة. زيت البابونج: يساعد فى علاج حب الشباب والتهابات البشرة وقشرة الشعر. زبدة الكاكاو: يخفف من علامات التمدد وتقدم السن والبقع الداكنة. زيت الزعتر: إزالة الندوب وتحسين الدورة الدموية. زيت الزيتون: ترطيب الشعر والجلد وعلاج الالتهابات. دايميثيكون: مرطب للبشرة. كبريتات الزنك: مضاد للالتهابات ويخفف من حب الشباب. زيت شجرة الشاي: مفيد للبشرة الدهنية والحساسة. زيت اللوز: مرطب للبشرة ويحمي من حروق الشمس. جلسرين : مقاومة علامات تقدم السن والعمل على ترطيب الجلد. فوائد كريم فانو للبشرة تهدئة وحماية وإصلاح البشرة من الالتهابات. تسريع عملية التئام الجروح. الطفح الجلدي والتهاب الحفاضات. علاج حروق الشمس. تشققات الكعبين وجلد الركبة والكوع. الحكة. جفاف الجلد. يساعد على تفتيح وتقشير البشرة. التهاب الجلد نتيجة استخدام المنظفات أو المواد الكيميائية. طريقة استخدام كريم فانو للتفتيح توضع كمية مناسبة من كريم فانو المرطب على الجلد - يتم التدليك بلطف من 2-3 مرات يومياً  أو حسب إرشادات الطبيب. سعر فانو كريم مرطب vano cream سعره يبلغ حوالي 75 جنيه مصرى.  "" قد يتغير سعر كريم فانو للوجه من وقت لآخر تبعاً لتغير سعره فى الصيدليات "" حجم عبوة vano كريم يتوافر  كريم فانو فى أنبوب بلاستيكي وزنه 50 جرام. أضرار كريم فانو قد يسبب الدواء بعض الآثار الجانبية التي تحتاج إلى التواصل مع الطبيب أو الحصول على مساعدة طبية: طفح جلدي. التهابات وحكة. احمرار البشرة. حرقان في الجلد. حساسية بالبشرة. لا يستخدم كريم vano في الحالات التالية: الحساسية للمادة الفعالة. استخدام المعطرات أو المكياج أثناء وضعه. استخدام كريمات بمواد فعالة تتعارض مع الدواء. التحذيرات والاحتياطات عند استخدام فانو كريم: يجب إستشارة الطبيب أو الصيدلى فى حالة استخدام أدوية أخرى أو تعانى من أى أمراض  يجب إستشارة الطبيب أو الصيدلي قبل إستخدام الدواء فى حالة الحمل أو الرضاعة لا يستخدم كريم فانو على الجروح العميقة ولكن يتم استخدامه خارجياً فقط. عدم ملامسة العين والأنف والفم. عدم استخدامه في حالة الحروق القوية والتي قد تصل للدرجة الثانية. فانو كريم للحامل لا توجد بيانات كافية حول استخدام الكريم فى فترة الحمل. ولكن يمكن استخدامه بعد استشارة الطبيب لترطيب وتهدئة الجلد. فانو كريم لتشققات الثدي قد يُستخدم الكريم لعلاج التهابات وتشققات الثدي، ولكن يمكن استخدامه بعد استشارة الطبيب. كريم فانو للحلمة يمكن استخدامه بعد استشارة الطبيب أو الصيدلي علاج تشققات والتهابات الحلمة من خلال وضع كمية قليلة وتدليكها ولكن يجب غسل الحلمة قبل إرضاع الطفل. كريم فانو للمنطقة الحساسة يمكن استخدامه لعلاج التهابات وتهيج البشرة وخاصة بعد إزالة الشعر. فانو كريم لحب الشباب يتم استخدامه بناء على تعليمات الطبيب للتخلص من حب الشباب نهائياً وإزالة أثار البثور بشكل كلي.  فانو كريم مرطب للجلد يستخدم فانو كريم ليعالج الخشونة والالتهابات الناتجة عن احتكاك جلد الكوع والركبة ومعالجة الاحمرار والالتهابات. كريم فانو للبشرة الدهنية يتم الاعتماد على كريم فانو لما يتضمنه من مكونات طبيعية في ترطيب البشرة وإعطائها ملمس ناعم ومظهر حيوي. كريم فانو للتفتيح يتم وصف كريم فانو من قبل الطبيب لعلاج وإزالة البقع السمراء التي تظهر بالوجه أو الجسم بشكل كلي وأيضاً استخدامه ككريم مرطب لتجنب حدوث التهابات أو احمرار بالجلد. كريم فانو للحروق يستخدم بعد استشارة الطبيب أو الصيدلي في حالة حروق الدرجة الأولى لكونه يساعد على ترطيب وعلاج احمرار البشرة وإزالة علامات الحروق. كريم فانو للاطفال يمكن كريم فانو المرطب بعد استشارة الطبيب أو الصيدلي لترطيب البشرة وخاصة في منطقة الحفاض. فانو كريم للتسلخات يعتبر فانو كريم أفضل مرهم للتسلخات لذا يتم استخدامه بعد استشارة الطبيب أو الصيدلي لعلاج الالتهابات والتسلخات وخاصة في حالة استخدام الحفاض.  فانو كريم لتشققات الكعبين يعتبر فانو كريم أفضل كريم مرطب لذا يتم استخدامه بعد استشارة الطبيب أو الصيدلي في علاج تشققات الكعبين من خلال غسل القدمين وإضافة طبقة سميكة من الكريم وتركها لفترة من الوقت. ما هو بديل فانو كريم ؟ مرطب لونا بزبدة الشيا لعلاج التشققات والجفاف  مرطب نولافير كريم بيبانثين كريم",ماركة: ماكرو للأدوية
46300,ماء ميسيلار ستارفيل للبشرة الدهنية والحساسة | 100 مل,starville micellar water 100ml lek8_du9FLz8W,75,EGP,ستارفيل,العناية بالبشرة>الغسول,in stock,https://chefaa.com:443/eg-ar/nowProduct/starville-micellar-water-100ml-lek8_du9FLz8W,https://cdn.chefaa.com/filters:format(webp)/public/uploads/products/starville-micellar-water-100ml-lek8-01708443824.png,https://cdn.chefaa.com/filters:format(webp)/public/uploads/products/starville-micellar-water-100ml-lek8-01708443824.png,مميزات المنتج   يعمل على إزالة مكياج العين والوجه والشفاه بفاعلية. يعمل على تنظيف البشرة وإزالة الدهون والشوائب والزيوت التي تسبب انسداد المسام وتؤدي إلى ظهور عيوب وحبوب البشرة. يعمل على تنقية المسام. يتميز بدرجة حموضة مناسبة لطبيعة البشرة. لا يحتاج إلى غسل الوجه بعد الاستخدام. يُحافظ على نعومة ونضارة البشرة ويعيد حيويتها من جديد. لا يسبب حساسية أو جفاف البشرة. مناسب للوجه والعينين والشفاه. مناسب لجميع أنواع البشرة. يتميز بحجم عبوته الصغير المناسب للسفر والرحلات.    عن هذا المنتج     مكونات ستارفيل ماء ميسيلار: خلاصة الخيار: لها خصائص مضادة للأكسدة والالتهابات وتعمل على ترطيب وتهدئة البشرة. زيت شجرة الشاي: له خصائص مضادة للبكتيريا والالتهابات ويساعد فى تقليل ظهور حب الشباب. نياسيناميد أو فيتامين ب3: يعمل على تهدئة البشرة وتقليل الاحمرار  وتقوية الحاجز الواقي للبشرة. فيتامين هـ: له خصائص مضادة للأكسدة ويعمل على تقليل التجاعيد. الجليسرين: يعمل على ترطيب البشرة. حجم Starville Micellar Water: يتوفر بحجم 100 مل. يوصي به: ستارفيل ماء ميسيلار مناسب لجميع أنواع البشرة حيث يعمل على تنظيف البشرة وإزالة مكياج العينين والشفاه والوجه بفاعلية دون التسبب بحساسية أو تهيج البشرة.,ماركة: ستارفيل
46083,ذا اورديناري | سيروم الفا اربوتين 2% + حمض الهيالورونيك لتفتيح البشرة | 30مل,the ordinary alpha arbutin serum 30ml q2bq_dueKGIun,650,EGP,ذا اورديناري,العناية بالبشرة>السيروم,in stock,https://chefaa.com:443/eg-ar/nowProduct/the-ordinary-alpha-arbutin-2-ha-serum-30ml-q2bq_dueKGIun,https://cdn.chefaa.com/filters:format(webp)/public/uploads/products/the-ordinary-alpha-arbutin-2-ha-serum-30ml-yabi-01693999710.png,https://cdn.chefaa.com/filters:format(webp)/public/uploads/products/the-ordinary-alpha-arbutin-2-ha-serum-30ml-yabi-01693999710.png,عن هذا المنتج     ذا اورديناري | سيروم الفا اربوتين 2% + حمض الهيالورونيك لتفتيح البشرة | 30مل,ماركة: ذا اورديناري
45640,مرطب ميلانثينول جل للبشرة الدهنية melanthenol gel | ٤٠ جم,melano pharma melanthenol moisturising gel 40gm ym93_duV71dJI,60,EGP,ميلانو فارما,العناية بالبشرة>الترطيب,in stock,https://chefaa.com:443/eg-ar/nowProduct/melano-pharma-melanthenol-moisturising-gel-40gm-ym93_duV71dJI,https://cdn.chefaa.com/filters:format(webp)/public/uploads/products/melano-pharma-melanthenol-moisturising-gel-40gm-ym93-duv71dji-01734870438.png,https://cdn.chefaa.com/filters:format(webp)/public/uploads/products/melano-pharma-melanthenol-moisturising-gel-40gm-ym93-duv71dji-01734870438.png,مميزات المنتج   يتميز ميلانثينول جل للبشرة الدهنية melanthenol gel بما يلي: مرطب مصمم خصيصًا للبشرة الدهنية والحساسة. تمتصه البشرة بسرعة ولا يترك طبقة دهنية على البشرة، مما يجعله مناسبًا للاستخدام اليومي. يعمل كملطف للبشرة، مما يساعد على تقليل الاحمرار والالتهابات الناتجة عن العوامل البيئية أو التهيجات. يساهم في إعادة المرونة والحيوية للبشرة، مما يمنحها مظهرًا صحيًا ونضرًا. يمكن استخدامه للأطفال لتهدئة طفح الحفاضات. سعر ميلانثينول جل للبشرة الدهنية مناسب مقارنة بفوائده العديدة للبشرة.   عن هذا المنتج     مكونات مرطب ميلانثينول جل للبشرة الدهنية   يحتوي مرطب ميلانثينول على:   د-بانثينول (D-Panthenol): يرطب البشرة بعمق ويحسن من احتفاظها بالماء كما يساعد على تهدئة الاحمرار والتهيج ويعزز من تجدد خلايا البشرة.  عسل (Honey): له خصائص مهدئة ومغذية للبشرة.   خلاصة الصبار (Aloe Vera Extract): يوفر ترطيبًا خفيفًا وتهدئة فورية للبشرة.   بابونج (Chamomile): له  خصائص مهدئة ومضادة للالتهابات.  جليسرين (Glycerin): يرطب البشرة من خلال جذب الرطوبة كما يحسن حاجز البشرة الطبيعي ويحميها من الجفاف.  حجم عبوة melanthenol gel   يتوفر ميلانثينول جل بحجم 40 جم.  سعر ميلانثينول جل للبشرة المختلطة   Melanthenol gel سعره حوالي 86 جنيه مصري (سعر المنتج قد يتغير تبعاً لتحديث سعره في الصيدليات أو حسب العروض المتاحة).  يوصى باستعمال مرطب ميلانثينول جل ل  ميلانثينول جل مرطب مناسب للبشرة الدهنية والمختلطة والحساسة فهو  يرطب البشرة بعمق بدون أن يسبب ملمسًا دهنيًا أو لزجًا ولا يسد المسام، كما يهدئ التهابات واحمرار البشرة.  طريقة استخدام مرطب ميلانثينول جيل   اغسلى بشرتك بالغسول المناسب.  جففيها بلطف.  استخدمي كمية مناسبة من الجيل ووزعيها على بشرتك.  دلكي بشرتك بلطف حتى تمام امتصاص الجيل.  استخدميه مرتين يومياً صباحاً ومساءً.  ما الفرق بين ميلانثينول جل وكريم؟  ميلانثينول جل: مناسب للبشرة الدهنية والمختلطة، خاصة إذا كنت تبحث عن ترطيب خفيف وغير دهني.  ميلانثينول كريم: أفضل للبشرة الجافة أو للاستخدام في المناطق التي تعاني من الجفاف الشديد.  يمكنك اختيار المنتج الذي يناسب احتياجات بشرتك حسب نوعها وظروفها.  ما فوائد مرطب ميلانثينول جل melanthenol؟  يوفر ترطيبًا عميقًا للبشرة.  يحسن ملمس البشرة ويزيد نعومتها.  يهدئ التهاب واحمرار البشرة.  يساعد على تهدئة حروق والتهابات البشرة من الشمس.  يجدد خلايا الجلد ويعزز حاجز البشرة الطبيعي.  يكسب البشرة النضارة والحيوية.  ما اضرار ميلانثينول جل للوجه؟  ميلانثينول جل آمن للاستخدام على البشرة ولكن قد يحدث بعض الاحمرار أو التهيج في حالة فرط الحساسية تجاه أحد المكونات.  ما أفضل مرطب للبشرة الدهنية رخيص طبي؟  سكين سايد كريم (skinside cream).  شان جيل (shaan gel).  ستارفيل مرطب (starville gel).  ميلانثينول جيل (melanthenol gel).,ماركة: ميلانو فارما
5098,سينوبار | غسول للبشرة | ٢٥٠مل,synobar skin foaming cleanser250,170,EGP,ماكرو للأدوية,العناية بالبشرة>الغسول,in stock,https://chefaa.com:443/eg-ar/nowProduct/synobar-skin-foaming-cleanser250-ml,https://cdn.chefaa.com/filters:format(webp)/public/uploads/products/synobar-skin-foaming-cleanser250-ml-11730886012.png,https://cdn.chefaa.com/filters:format(webp)/public/uploads/products/synobar-skin-foaming-cleanser250-ml-11730886012.png,"مميزات المنتج   سينوبار غسول (synobar cleanser): يعمل على تنظيف البشرة والمسام بعمق. يعمل على التحكم في الإفرازات الدهنية وتقليل الزيوت الزائدة. يساعد على تقليل ظهور حب الشباب. يعمل على تقليل الرؤوس السوداء والبيضاء. مناسب لجميع أنواع البشرة وخاصة أصحاب البشرة الدهنية والمعرضة للحبوب. خالي من الصابون.   عن هذا المنتج     مكونات غسول سينوبار  (synobar cleanser) يحتوى synobar غسول على: خلاصة الزعتر: لها خصائص مضادة للأكسدة والبكتيريا مما يساعد في التخلص من الحبوب. خلاصة شجرة الشاي: لها خصائص مضادة للميكروبات وتساعد على تقليل ظهور حب الشباب ،كما تعمل على على تهدئة التهاب واحمرار البشرة. حمض الساليسيليك: له خصائص مضادة للالتهابات ويساعد على تقشير البشرة وتنقية المسام وتقليل ظهور الرؤوس السوداء. حمض الستريك: له خصائص مضاد للأكسدة ويساعد على تنقية المسام وتوحيد لون البشرة. الجلسرين: يساعد على حماية البشرة من الجفاف. حجم سينوبار غسول للحبوب يتوافر synobar غسول بحجم 250 مل. سعر غسول سينوبار للبشرة الدهنية سعر سينوبار غسول synobar يبلغ حوالى 150 جنيه. "" غسول سينوبار سعره قد يتغير من وقت لاخر تبعاً لتغير السعر فى الصيدليات "" فوائد غسول سينوبار  يعمل على تنظيف البشرة والمسام بعمق. يعمل على إزالة الشوائب والأتربة وبقايا المكياج. يساعد على تقليل لمعان البشرة. يساعد على تنقية المسام ومنع انسدادها. يساعد على تقليل ظهور حب الشباب. يوصي باستعمال synobar غسول غسول synobar مناسب لأصحاب البشرة الدهنية والمختلطة والمعرضة للحبوب حيث يعمل على تنظيف البشرة ويقلل من ظهور الحبوب والرؤوس السوداء. ما أنواع غسول سينوبار جل ؟ غسول سينوبار للبشرة المختلطة والدهنية والحبوب. غسول سينوبار b المقشر  هل غسول سينوبار يطلع حبوب ؟ عند بدء استخدام غسول وجه سينوبار لأول مرة، قد يعاني بعض الأشخاص من ظهور حب الشباب لفترة قصيرة. يحدث ذلك لأن الغسول يحتوي على مكونات قد تُحفّز الجلد لإزالة الشوائب المتراكمة تحت سطح البشرة، وهذا يمكن أن يؤدي إلى ظهور حبوب جديدة فى بداية استعمال الغسول. هل غسول سينوبار مضر للحامل ؟ غسول سينوبار عادةً يُعتبر آمنًا للاستخدام أثناء الحمل، ولكن مثل أي منتج يحتوي على مكونات نشطة، من الأفضل دائمًا أخذ الحذر في استخدامه أثناء فترة الحمل. هل غسول سينوبار مناسب للبشرة الدهنية ؟ أجل غسول synobar facial cleanser مناسب للبشرة الدهنية. ما أفضل غسول للبشرة الدهنية والمسام الواسعة ؟  غسول لاروش بوزيه إيفاكلار غسول فيشي نورماديرم  غسول بيوديرما سيبوم  سينوبار غسول. غسول سيتافيل للبشرة الدهنية  غسول نيتروجينا للبشرة الدهنية",ماركة: ماكرو للأدوية
1507,غارنييه سكين اكتيف فاست فيرنيس كريم النهار لتفتيح البشرة بفيتامين سي | 50 مل,skin active fast fairness day cream with pure lemon essence 50ml,125,EGP,غارنييه,العناية بالبشرة>,in stock,https://chefaa.com:443/eg-ar/nowProduct/skin-active-fast-fairness-day-cream-with-pure-lemon-essence-50ml,https://cdn.chefaa.com/filters:format(webp)/public/uploads/products/skin-active-fast-fairness-day-cream-with-pure-lemon-essence-50ml-01721723283.png,https://cdn.chefaa.com/filters:format(webp)/public/uploads/products/skin-active-fast-fairness-day-cream-with-pure-lemon-essence-50ml-01721723283.png,مميزات المنتج   غارنييه | سكين اكتيف فاست فيرنيس كريم النهار لتفتيح البشرة بفيتامين سي | 50مل   عن هذا المنتج     مكونات غارنييه سكين اكتيف فاست فيرنيس كريم بفيتامين سي:     خلاصة الليمون الطبيعي.   فيتامين سي بتركيز 3 أضعاف.   عامل حماية من أشعة الشمس الفوق بنفسجية من النوع UVA و UVB.     مميزات كريم فيتامين سي غارنييه سكين آكتيف فاست فيرنيس:     يعمل على تفتيح البقع الداكنة وآثار الحبوب والاسمرار الناتج عن التعرض لأشعة الشمس.   يساعد على توحيد لون البشرة خلال أسبوع واحد وجعلها أكثر إشراقاً.   يحتوي على عامل حماية من أشعة الشمس الفوق بنفسجية الضارة من النوع UVA/UVB.   يعمل على تحفيز وتجديد الخلايا وجعلها أكثر نضارة وحيوية.   يتميز بتركيبته الخفيفة سريعة الامتصاص.   مناسب لجميع أنواع البشرة.   تم اختباره من قبل أطباء الجلدية.     حجم Garnier Skin Active Fast Fairness Day Cream:     يتوفر بحجم 50 مل.     يوصي به:   الكريم مناسب لجميع أنواع البشرة التى تعانى من آثار الحبوب أو البقع الداكنة حيث يعمل على توحيد لون البشرة والتخلص من البقع الداكنة وآثار الحبوب.,ماركة: غارنييه
45610,أليجون | جل ترطيب البشرة الدهنية | 75جم,alejon facial moisturizer gel 75gm tjox_du8X0pgy,210,EGP,أليجون,العناية بالبشرة>,in stock,https://chefaa.com:443/eg-ar/nowProduct/alejon-facial-moisturizer-gel-75gm-tjox_du8X0pgy,https://cdn.chefaa.com/filters:format(webp)/public/uploads/products/alejon-facial-moisturizer-gel-75gm-f0ct-01724769638.png,https://cdn.chefaa.com/filters:format(webp)/public/uploads/products/alejon-facial-moisturizer-gel-75gm-f0ct-01724769638.png,مميزات المنتج   أليجون | جل ترطيب البشرة الدهنية | 75جم,ماركة: أليجون
7530,غسول سيرافي للبشرة الدهنية وحب الشباب الاصلي | 473 مل,cerave skin foaming gel facial cleanser 473ml tjof,865,EGP,سيرافي,العناية بالبشرة>الغسول,in stock,https://chefaa.com:443/eg-ar/nowProduct/cerave-skin-foaming-gel-facial-cleanser-473ml-tjof,https://cdn.chefaa.com/filters:format(webp)/public/uploads/products/cerave-skin-foaming-gel-facial-cleanser-473ml-tjof-01723386771.png,https://cdn.chefaa.com/filters:format(webp)/public/uploads/products/cerave-skin-foaming-gel-facial-cleanser-473ml-tjof-01723386771.png,"مميزات المنتج   غسول سيرافي للبشرة الدهنية وحب الشباب الاصلي يتميز بما يلى: يعمل على تنظيف البشرة والمسام بعمق دون الإضرار بالحاجز الواقي للبشرة. يمكن استخدامه بشكل يومي دون التسبب في شد أو جفاف البشرة. مناسب للبشرة العادية والدهنية والمعرضة للحبوب. لا يسبب انسداد المسام. لا يسبب حساسية البشرة. خالي من العطور والصابون. تم تطويره مع أطباء الجلدية. تم الموافقة عليه من قبل جمعية الإكزيما الوطنية.   عن هذا المنتج     مكونات غسول سيرافي للبشرة الدهنية وحب الشباب الاصلي يحتوى غسول cerave للبشرة المختلطة والدهنية على:     سيراميد: يعمل على ترطيب البشرة وحماية الحاجز الطبيعى الذى يحافظ على رطوبة الجلد.   حمض الهيالورونيك: يعمل على الحفاظ على رطوبة البشرة وجعلها أكثر نعومة.   نياسيناميد: يعمل على تهدئة البشرة وتقليل الاحمرار والالتهابات.     فوائد غسول cerave للبشرة المختلطة والدهنية     يعمل على إزالة الزيوت الزائدة والشوائب والأتربة وبقايا المكياج. يعمل على تقليل البثور والرؤوس السوداء. يعمل على تنظيف البشرة والمسام بعمق دون الإضرار بالحاجز الواقي للبشرة.     سعر غسول سيرافي للبشرة الدهنية  سعر غسول cerave في مصر الحجم الكبير  سعر غسول cerave للبشرة الدهنية في مصر 749 جنيه مصرى لحجم  473 مل سعر غسول سيرافي الحجم الصغير غسول cerave للبشرة الدهنية سعره 329 جنيه مصرى لحجم 236 مل ""قد يتغير السعر من وقت لاخر تبعاً لتغيره فى الصيدليات""  حجم غسول cerave للبشرة الدهنية     يتوفر غسول سيرافي للبشرة المختلطة والدهنية والعادية بحجم 473 مل و236 مل.     يوصي باستعمال سيرافي غسول   غسول سيرافي الاخضر  مناسب للبشرة الحساسة العادية إلى الدهنية والمعرضة للحبوب حيث يعمل على تنظيف البشرة بلطف وفاعلية دون التسبب في جفافها أو التسبب بضرر للحاجز الواقي للبشرة. ما أفضل غسول للبشرة الدهنية وحب الشباب ؟ غسول سيرافى الأخضر لاروش بوزيه ايفاكلار جل فيشى نورماديرم غسول ستارفيل غسول",ماركة: سيرافي
12,نيفيا صن بلوك لوشن واقي الشمس للحماية والترطيب | 200 مل,nivea sun lotion protect moisture lock spf50,950,EGP,نيفيا,العناية بالبشرة>الوقاية من الشمس,in stock,https://chefaa.com:443/eg-ar/nowProduct/nivea-sun-lotion-protect-moisture-lock-spf50,https://cdn.chefaa.com/filters:format(webp)/public/uploads/products/nivea-sun-lotion-protect-moisture-lock-spf50-01655373873.png,https://cdn.chefaa.com/filters:format(webp)/public/uploads/products/nivea-sun-lotion-protect-moisture-lock-spf50-01655373873.png,"مميزات المنتج   نيفيا | صن بلوك لوشن واقي الشمس للحماية والترطيب | 200مل   عن هذا المنتج       ﻿ ﻿  واقي شمس نيفيا الازرق بمعامل حماية 50+ يتميز بفاعليته فى حماية البشرة من أضرار أشعة الشمس كما يتميز بأنه يحافظ على رطوبة البشرة ويحميها من التهيج والالتهاب.      مكونات  واقي شمس نيفيا الازرق :  يحتوى نيفيا صن لوشن على العديد من المكونات أهمها     ثاني أكسيد التيتانيوم  : يحمى الجلد من أشعة الشمس الفوق بنفسجية وهو من المكونات التى تم تأكيد أمانها وفاعليتها فى الحماية من الشمس من قبل منظمة الغذاء والدواء الأمريكية   البانثينول : يحافظ على رطوبة البشرة ويمنع جفافها   الماء و كحول ستياريلي      فوائد لوشن نيفيا صن مرطب للبشرة :  تحمي البشرة من أشعة الشمس فوق البنفسجية الضارة ، والتي تأتي في شكلين  أشعة UVA و UVB.     تحافظ على صحة الجلد    تحمي البشرة الحساسة من حروق الشمس   تقلل من ظهور أضرار أشعة الشمس    تقلل ظهور البقع الداكنة والتجاعيد.   نيفيا صن لوشن مناسب للبشرة الحساسة          طريقة إستخدام نيفيا واقي الشمس الأزرق :     ضع كمية مناسبة من بروتكت أند مويستشر صن لوشن من نيفيا على جميع المناطق المكشوفة من البشرة بحوالى 15 إلى 30 دقيقة قبل الخروج نهاراً    أعِد وضع اللوشن كل ساعتين أو بعد التعرق أو السباحة. حتى لو كنت ترتدي واقيًا من أشعة الشمس المقاومة للماء ، يجب إعادة استخدامها بانتظام.        حجم  nivea sunblock :  يتوافر نيفيا واقي شمس للتحكم باللمعان بحجم 200 مل      سعر لوشن الشمس المرطب من نيفيا :  يبلغ سعر واقي شمس نيفيا للبشرة الدهنية حوالى 710 جنيه مصرى "" وقد يختلف السعر من مكان لآخر ومن وقت لآخر ""      ما هي أنواع  NIVEA SUN Protect & Moisture Sun Lotion :  تتوافر عدة أنواع من  واقي شمس نيفيا تختلف فى معامل الحماية من الشمس وهى :     واقي شمس نيفيا للوجه بمعامل حماية SPF 50+   نيفيا لوشن مرطب للبشرة بمعامل حماية SPF 30   نيفيا لوشن واقي الشمس بمعامل حماية SPF 20   واقي شمس من نيفيا  بمعامل حماية SPF 15      كيفية اختيار واقى الشمس :     يفضل اختيار واقي الشمس واسع الطيف ( يحمى من أشعة الشمس بكلا نوعيها )   معامل الحماية من الشمس SPF 30 أو أعلى    مقاوم للماء.          ما هو واقي الشمس واسع الطيف ؟  واقي الشمس واسع الطيف يعنى أنه يحمى البشرة من نوعي الأشعة فوق البنفسجية وهما :     أشعة UVA : هي التي تسبب الخطوط الدقيقة والتجاعيد والبقع العمرية التي تجعل البشرة تبدو أكبر سناً قبل الأوان.وتستطيع أشعة UVA المرور عبر الزجاج ، مما يعني تعرض بشرتك لها أثناء القيادة والوقوف أو الجلوس أمام النوافذ مع فتح الستائر.    أشعة UVB  : هي المرتبطة بحروق الشمس على عكس أشعة UVA ، فإن أشعة UVB لا يمكنها المرور عبر الزجاج وتعد كل من أشعة UVA و UVB مسببة للسرطان       ولهذا السبب يجب أن تستثمر في واقى الشمس الذى يوفر حماية واسعة ضد كلا النوعين. حتى لو كنت من أصحاب البشرة السمراء      الفرق بين sunblock و sunscreen :     Sunscreen ( واقى الشمس ) :  يعرف ب واقي الشمس الكيميائي ، يقوم بإختراق الجلد ويمتص الأشعة فوق البنفسجية قبل أن تصل إلى طبقات الجلد الداخلية   Sunblock (حاجب الشمس ) : يعرف ب واقي الشمس الفيزيائى , يحمي البشرة ضد الأشعة فوق البنفسجية حيث يظل على الطبقة الخارجية من الجلد ويعمل كحاجز يعكس الأشعة ويمنع وصولها إلى الجلد     ﻿",ماركة: نيفيا
1324,صن بلوك لاروش بالفاونديشن أنثيليوس يوفي ميون SPF50+ جل كريم تنتد | 50 مل,roche posay anthelios tinted dry touch gel cream spf,979,EGP,لاروش بوزيه,العناية بالبشرة>الوقاية من الشمس,in stock,https://chefaa.com:443/eg-ar/nowProduct/la-roche-posay-anthelios-xl-tinted-dry-touch-gel-cream-spf-50-50-ml,https://cdn.chefaa.com/filters:format(webp)/public/uploads/products/la-roche-posay-anthelios-xl-tinted-dry-touch-gel-cream-spf-50-50-ml-01746687373.png,https://cdn.chefaa.com/filters:format(webp)/public/uploads/products/la-roche-posay-anthelios-xl-tinted-dry-touch-gel-cream-spf-50-50-ml-01746687373.png,"مميزات المنتج    صن بلوك لاروش بالفاونديشن أنثيليوس يوفي ميون جل كريم تنتد يتميز بما يلى: يتميز بمعامل حماية +SPF 50 لتوفير حماية فائقة من الشمس. يعمل على الحماية من الإصابة بالتصبغات الناتجة عن التعرض لأشعة الشمس. يحمى من أشعة الشمس الفوق بنفسجية الضارة من النوع UVA/UVB. يعمل على تقليل لمعان البشرة. يتميز بتركيبته الخفيفة الجافة سريعة الامتصاص التي لا تترك أي أثر أو علامات بيضاء على البشرة. يحتوي على فاونديشن بملمس خفيف على البشرة. لا يسبب انسداد المسام. يتميز أنه مقاوم للماء والعرق. لا يسبب حساسية البشرة. مناسب للوجه والرقبة. مناسب للبشرة الدهنية الحساسة. تم اختباره من قبل أطباء الجلدية.   عن هذا المنتج     مكونات صن بلوك لاروش بالفاونديشن     تقنية إكس إل بروتكت: مزيج من فلاتر الأشعة فوق البنفسجية ومضادات الأكسدة التي تحمي من أضرار الأشعة فوق البنفسجية والأشعة تحت الحمراء والملوثات.   الجليسرين: يعمل على ترطيب البشرة وحمايتها من الجفاف والتشققات.   إيرليسيوم: تعمل على التحكم في الإفرازات الدهنية والرطوبة مما يقلل من لمعان البشرة.   مياه الينابيع الحرارية من لاروش بوزيه: لها خصائص مهدئة وملطفة للبشرة. حجم la roche-posay anthelios uvmune 400 oil control gel cream يتوفر  صن بلوك لاروش بالفاونديشن بحجم 50 مل. يوصي باستعمال صن بلوك لاروش تنتد جل كريم   الصن بلوك مناسب للبشرة الدهنية الحساسة التي لا تتحمل أشعة الشمس حيث يعمل على حماية الجلد من أشعة الشمس الضارة بفاعلية ويقلل لمعان البشرة. سعر صن بلوك لاروش بالفاونديشن يبلغ سعر صن بلوك لاروش تنتد حوالى 979 جنيه ""قد يتغير السعر من وقت لاخر تبعاً لتغيره فى الصيدليات""",ماركة: لاروش بوزيه
20860,ويزر | صابون كبريت | 45جم,weiser sulphur soap 45gm 3ea9,25,EGP,ويزر,العناية بالبشرة>الغسول,in stock,https://chefaa.com:443/eg-ar/nowProduct/weiser-sulphur-soap-45gm-3ea9,https://cdn.chefaa.com/filters:format(webp)/public/uploads/products/weiser-sulphur-soap-45gm-nsc9-01655391838.png,https://cdn.chefaa.com/filters:format(webp)/public/uploads/products/weiser-sulphur-soap-45gm-nsc9-01655391838.png,مميزات المنتج   ويزر | صابون كبريت | 45جم,ماركة: ويزر
20736,جليسوليد | كريم وسط | 80جم,glysolid medium cream rh9e,70,EGP,جليسوليد,العناية بالبشرة>,in stock,https://chefaa.com:443/eg-ar/nowProduct/glysolid-medium-cream-80-g-rh9e,https://cdn.chefaa.com/filters:format(webp)/public/uploads/products/glysolid-medium-cream-80-g-y26u-01655305124.png,https://cdn.chefaa.com/filters:format(webp)/public/uploads/products/glysolid-medium-cream-80-g-y26u-01655305124.png,مميزات المنتج   جليسوليد | كريم وسط | 80جم,ماركة: جليسوليد
45673,بيونكس | ذا نورديا ريتينول سيروم | 30 مل,bionnex the nordea retinol serum 30ml n2bc_duRk2qoG,669,EGP,No Brand,العناية بالبشرة>السيروم,in stock,https://chefaa.com:443/eg-ar/nowProduct/bionnex-the-nordea-retinol-1-serum-30ml-n2bc_duRk2qoG,https://cdn.chefaa.com/filters:format(webp)/public/uploads/products/bionnex-the-nordea-retinol-1-serum-30ml-xn55-01723532659.png,https://cdn.chefaa.com/filters:format(webp)/public/uploads/products/bionnex-the-nordea-retinol-1-serum-30ml-xn55-01723532659.png,عن هذا المنتج     بيونكس | ذا نورديا ريتينول سيروم | 30 مل,raw_specs: المواصفات
29399,سبراى موفليكس للعظام movelex بخاخ مسكن لآلام العظام | 200 مل,movelex spray 200ml k1uw,275,EGP,موڤليكس,العناية بالبشرة>,in stock,https://chefaa.com:443/eg-ar/nowProduct/movelex-spray-200ml-k1uw,https://cdn.chefaa.com/filters:format(webp)/public/uploads/products/movelex-spray-200ml-k1uw-01719601779.png,https://cdn.chefaa.com/filters:format(webp)/public/uploads/products/movelex-spray-200ml-k1uw-01719601779.png,"مميزات المنتج   موفليكس للعظام movelex spray هو بخاخ موضعي مصمم لتخفيف آلام العضلات والعظام بسرعة. بتركيبته الفريدة التي تشمل أكسيد الزنك نانو، وكبريتات المغنيسيوم، وزيت المنثول، وأوميغا 3 وأوميغا 6. يقدم تخفيفاً سريعاً للألم ويعمل على استرخاء العضلات، ويتميز بتأثير تبريدي يخفف الألم خلال 3 ثوانٍ، مما يجعله خياراً فعالاً لتخفيف التوتر العضلي وتسكين الألم بشكل سريع.   عن هذا المنتج     مكونات موفليكس للعظام  يحتوي موفليكس للعظام على:  أكسيد الزنك (Zinc oxide): يساهم في حماية الجلد وتعزيز الشفاء.  كبريتات المغنيسيوم (Magnesium sulfate): يساعد على استرخاء العضلات وتقليل التشنجات.  زيت المنثول (Menthol oil): يوفر تأثيراً مهدئاً وبارداً لتخفيف الألم بسرعة.  أوميغا 3 (EPA, DHA): يعزز صحة المفاصل ويساعد في تقليل الالتهابات.  أوميغا 6 (Linolenic acid): ويعرف بحمض اللينوليك يدعم الصحة العامة ويقلل الالتهابات.  زيت القرنفل (Clove oil): يمتلك خصائص مسكنة ومضادة للالتهابات.  زيت الكافور (Camphor oil): يخفف الألم وله تأثير مهدئ.  زيت الكانولا (Canola oil): يعمل كقاعدة للمنتج ويعزز امتصاص المكونات النشطة.  كريستال المنثول (Menthol Crystal): يعزز تأثير التبريد ويخفف الألم.  توكوفيرول (فيتامين E) (Tocopherol): مضاد للأكسدة يحسن صحة الجلد.  movelex nano spray دواعي الاستعمال  يستعمل movelex spray في كلٍ مما يلي:  تخفيف سريع لآلام العضلات: يخفف الألم خلال 3 ثوانٍ.  استرخاء العضلات: يساعد في تخفيف التوتر والتشنجات.  تأثير التبريد: يوفر إحساساً مهدئاً لتسكين الألم بسرعة.  طريقة استعمال movelex spray بخاخ  الجرعة المعتادة من movelex spray للبالغين تحدد حسب الحالة كما يلي:   رج العبوة جيداً قبل الاستخدام.  رش كمية مناسبة على المنطقة المصابة.  يُستخدم حسب الحاجة لتخفيف الآلام.  سبراى موفليكس سعر  سعر موفليكس نانو سبراي للعظام هو 275  جنيه مصري للعبوة التي تحتوي على 200 من المحلول المخصص للرش على مواضع الألم (قد يتغير سعر الدواء وفقًا لتحديثه بالصيدليات).  بديل بخاخ موفليكس نانو للعظام  موف Moov  ديب هيت Deep Heat  ديب فريز Deep Freeze  ما هى أنواع علاج موفليكس ؟   بخاخ موفليكس للعظام (Movelex Bone Spray)  جل موفليكس (Movelex Gel)  كريم موفليكس (Movelex Cream)  لصقات موفليكس (Movelex Patches)  ما أفضل بخاخ مسكن لآلام العظام ؟  موف Moov  بخاخ موفليكس للعظام Movelex Bone Spray  ديب هيت Deep Heat  ديب فريز Deep Freeze",ماركة: موڤليكس
61109,هيبتا | بلس بانثينول كارباميد كريم | 50جم,hepta panthenol plus carbamide cream 50gm jeng,99,EGP,No Brand,العناية بالبشرة>الترطيب,in stock,https://chefaa.com:443/eg-ar/nowProduct/hepta-panthenol-plus-carbamide-cream-50gm-jeng,https://cdn.chefaa.com/filters:format(webp)/public/uploads/products/hepta-panthenol-plus-carbamide-cream-50gm-jtui-01750764477.png,https://cdn.chefaa.com/filters:format(webp)/public/uploads/products/hepta-panthenol-plus-carbamide-cream-50gm-jtui-01750764477.png,مميزات المنتج   هيبتا | بلس بانثينول كارباميد كريم | 50جم,raw_specs: المواصفات
30365,بيرفكت كير | محلول متعدد الاغراض للعناية بالعدسات اللاصقة | 120 مل,perfect care lenses solution y0h5,130,EGP,No Brand,العناية بالبشرة>العناية بالعيون,in stock,https://chefaa.com:443/eg-ar/nowProduct/perfect-care-lenses-solution-120-ml-y0h5,https://cdn.chefaa.com/filters:format(webp)/public/uploads/products/perfect-care-lenses-solution-120-ml-y0h5-01721739368.png,https://cdn.chefaa.com/filters:format(webp)/public/uploads/products/perfect-care-lenses-solution-120-ml-y0h5-01721739368.png,مميزات المنتج   بيرفكت كير | محلول متعدد الاغراض للعناية بالعدسات اللاصقة | 120 مل,raw_specs: المواصفات
45970,صن بلوك لاروش للبشرة الدهنية والمختلطة أنثيليوس يوفي ميون جل كريم | 50 مل,roche posay anthelios spf anti brilliance gel 50ml 3m0b_duc1KPI4,960,EGP,لاروش بوزيه,العناية بالبشرة>الوقاية من الشمس,in stock,https://chefaa.com:443/eg-ar/nowProduct/la-roche-posay-anthelios-xl-spf-50-anti-brilliance-gel-50ml-3m0b_duc1KPI4,https://cdn.chefaa.com/filters:format(webp)/public/uploads/products/la-roche-posay-anthelios-xl-spf-50-anti-brilliance-gel-50ml-3m0b-01716198570.png,https://cdn.chefaa.com/filters:format(webp)/public/uploads/products/la-roche-posay-anthelios-xl-spf-50-anti-brilliance-gel-50ml-3m0b-01716198570.png,"مميزات المنتج   يتميز صن بلوك لاروش بوزيه أنثيليوس يوفي ميون جل كريم بما يلى: تركيبة خفيفة غير دهنية تمتص بسرعة ولا تترك أي أثر لامع على البشرة. مناسب للبشرة الدهنية والمختلطة، ويقلل من الإفرازات الدهنية بشكل ملحوظ. يحمي من أشعة UVA وUVB بفضل معامل حماية SPF 50+ مع فلاتر فعالة ومتطورة. لا يسد المسام ومناسب للبشرة المعرضة لحب الشباب، مما يقلل من فرص ظهور البثور. يحتوي على مياه لاروش بوزيه الحرارية التي تساعد في تهدئة البشرة وتقليل الالتهابات. خالي من الزيوت والعطور والبارابين، مما يجعله مناسبًا للبشرة الحساسة. مقاوم للماء والعرق، مما يجعله مثاليًا للاستخدام في الأجواء الحارة أو أثناء ممارسة الرياضة. مناسب للاستخدام تحت المكياج، ولا يؤثر على ثباته أو مظهره.   عن هذا المنتج     مكونات صن بلوك لاروش للبشرة الدهنية  فلاتر متطورة تحمي من الأشعة فوق البنفسجية UVA وUVB. مياه لاروش بوزيه الحرارية: غنية بالمعادن ومضادات الأكسدة، تعمل على تهدئة البشرة وتقليل الالتهابات حجم عبوة صن بلوك لاروش للبشرة المختلطة يتوفر صن بلوك لاروش بوزيه جل كريم للبشرة الدهنية في عبوة بحجم 50 مل يوصى باستعمال لاروش بوزيه صن بلوك   صن بلوك لاروش بوزيه مناسب لاصحاب البشرة الدهنية والمختلطة والأشخاص الذين يعانون من حب الشباب أو البشرة المعرضة لانسداد المسام. طريقة استعمال لاروش صن بلوك لضمان أفضل حماية من أشعة الشمس، يُنصح باتباع الخطوات التالية: نظفي بشرتك جيدًا بالغسول المناسب لنوع بشرتك وجففيها برفق. ضعي كمية مناسبة من واقي الشمس على الوجه والمناطق المعرضة للشمس (مثل الرقبة والأذنين). استخدميه قبل التعرض للشمس بـ 15 إلى 20 دقيقة للسماح بامتصاصه الكامل. أعيدي تطبيقه كل ساعتين، خاصةً إذا كنتِ تتعرقين أو بعد السباحة أو تجفيف الوجه بمنشفة. سعر صن بلوك لاروش للبشرة الدهنية يبلغ سعر لاروش صن بلوك للبشرة المختلطة حوالى 979 جنيه ""قد يتغير السعر من وقت لاخر تبعاً لتغيره فى الصيدليات""",ماركة: لاروش بوزيه
23365,تراي تكت | لحب الشباب للبشرة الدهنية والمختلطة | 100جم,tri tect extra gentle acne soap 100gm ix25,60,EGP,ماكرو للأدوية,العناية بالبشرة>,in stock,https://chefaa.com:443/eg-ar/nowProduct/tri-tect-extra-gentle-acne-soap-100gm-ix25,https://cdn.chefaa.com/filters:format(webp)/public/uploads/products/tri-tect-extra-gentle-acne-soap-100gm-gpu0-01664195054.png,https://cdn.chefaa.com/filters:format(webp)/public/uploads/products/tri-tect-extra-gentle-acne-soap-100gm-gpu0-01664195054.png,مميزات المنتج   تميز صابونة تراي تكت لحب الشباب بما يلي: لها تركيبة غنية ومميزة تساعد على علاج حب الشباب بمراحله المختلفة. تساعد على تنظيم إفراز الزيوت بالبشرة. لطيفة على البشرة ولا تسبب الجفاف أو الحساسية. ترطب البشرة وتكسبها النعومة والإشراق. سعر صابونة تراي تكت مناسب مقارنة بفوائدها العديدة للبشرة.   عن هذا المنتج     مكونات صابونة تراي تكت لحب الشباب  تحتوي صابونة تراي تكت الاورنج لحب الشباب على: طين الكاولين الأبيض: ينظف البشرة بعمق ويساعد على التخلص من الزيوت الزائدة. زيت اللافندر: له خصائص مضادة للبكتيريا ويساهم في علاج حب الشباب. زيت النعناع: ينقي البشرة ويحميها من الجفاف. حمض الساليسليك: يعالج الحبوب ويساعد على التخلص من خلايا الجلد الميت. زيت الليمون: غني بفيتامين سي ويساعد على توحيد وتفتيح لون البشرة وقتل البكتيريا. الجلسرين: يرطب وينعم البشرة. زيت الزيتون: يرطب البشرة ويكسبها النضارة. حجم صابونة tri tect لحب الشباب تتوفر صابونة tri tect لحب الشباب بحجم 100 جم. يوصى باستعمال تراي تكت صابونة ل: صابونة تراي تكت للبشرة الدهنية مناسب لمن يعانون من حب الشباب فهي تتميز بتركيبة طبية مميزة تساعد على التخلص من الحبوب وتنظيم إفراز الدهون بالبشرة.  ما هي طريقة استخدام صابونة تراي تكت؟ توضع الصابونة على بشرة مبللة مع التدليك الخفيف وتستخدم 2-3 مرات يومياً. ما هى أنواع صابون تراي تكت؟ صابونه تراي تكت الاورنج لحب الشباب. صابونه تراي تكت بيبي للاطفال. صابون tri tect الأخضر مطهر.,ماركة: ماكرو للأدوية
45642,1+1 كولاجرا | صن سكرين جل كريم للبشرة المختلطة والدهنية | 50 مل,kolagra sunscreen sun dry touch gel cream spf50 50ml fdeh_duCoDpb3,289,EGP,كولاجرا,العناية بالبشرة>الوقاية من الشمس,in stock,https://chefaa.com:443/eg-ar/nowProduct/kolagra-sunscreen-sun-dry-touch-gel-cream-spf50-50ml-fdeh_duCoDpb3,https://cdn.chefaa.com/filters:format(webp)/public/uploads/products/kolagra-sunscreen-sun-dry-touch-gel-cream-spf50-50ml-fdeh-01721742057.png,https://cdn.chefaa.com/filters:format(webp)/public/uploads/products/kolagra-sunscreen-sun-dry-touch-gel-cream-spf50-50ml-fdeh-01721742057.png,"مميزات المنتج   صن سكرين كولاجرا جل كريم (kolagra sunscreen gel cream) واقي شمس مع مضاد أكسدة للحماية من الأشعة فوق البنفسجية الضارة UVA & UVB. مناسب للبشرة العادية والمختلطة. لا يترك أي بقايا على البشرة. غني بفيتامين هـ.  لا يحتوي على العطور والبارابين. مقاوم للماء. لا يسبب انسداد المسام. أعلى معامل حماية SPF +50.   عن هذا المنتج     مكونات صن سكرين كولاجرا جل كريم  يحتوي صن سكرين كولاجرا جل كريم على:  ثاني أكسيد التيتانيوم (titanium dioxide): يحمي من أشعة الشمس فوق البنفسجية التي تسبب ضررا للجلد.  تينوسورب اس (tinosorb s): يمتص الأشعة فوق البنفسجية UVA & UVB.  أكسيد الزنك (zinc oxide): يحمي من أشعة الشمس ويقلل تهيج واحمرار البشرة، كما له دور ملطف للبشرة.  وفينول ايزي (uvinul easy): عبارة عن تركيبة من مواد مرطبة ومرشحة للأشعة فوق البنفسجية مع عوامل استحلاب emulsifier.  وفينول ايه (uvinul A):  يحافظ على البشرة من التلف، ويعمل كمرشح للأشعة فوق البنفسجية UVA، ويحمي من الشوارد الحرة.   ألانتوين (allantoin): ملطّف ومهدئ للبشرة.  جليسرين (glycerin): مرطب للبشرة.  فيتامين هـ (vitamin E): مضاد للأكسدة ويحمي من أشعة الشمس الضارة والعوامل البيئية، كما يمنح البشرة ترطيبًا ونضارة.  بانثينول (panthenol): مرطب للبشرة.  سيتيول (cetiol AB).  حمض الاستياريك (stearic acid).  كحول (cetyl alcohol).  صمغ زانثان (xanthan gum).  فينوكسي ايثانول (phenoxyethanol).  حجم kolagra sunscreen  يتوفر صن سكرين كولاجرا جل كريم بحجم 50 مل.  سعر صن سكرين كولاجرا  يبلغ سعر صن سكرين كولاجرا جل كريم حوالي 274 جنيه مصري. ""سعر المنتج قد يتغير تبعا لتغير سعره في الصيدليات""  يوصى باستعمال صن سكرين كولاجرا  يوصى باستعمال صن سكرين كولاجرا من قِبل أطباء الجلدية لأصحاب العادية والمختلطة والدهنية حيث أنه لا يترك لمعة على الجلد ويعمل على:  حماية البشرة من الأشعة فوق البنفسجية الطويلة والمتوسطة.  يجمع بين كونه واقي شمس ومضاد للأكسدة ليحمي من أشعة الشمس الضارة وكذلك العوامل البيئية التي تضر بالبشرة.  يمنح البشرة ترطيبًا ونضارة.  سهل الامتصاص ولا يترك أي خطوط بيضاء على البشرة كالتي تتركها واقيات شمس أخرى.  يتميز بمعامل حماية spf +50.  طريقة استخدام kolagra sunscreen  يجب غسل الوجه جيدًا قبل الاستخدام.  يوضع كمية مناسبة من صن سكرين كولاجرا جل كريم على الوجه والرقبة قبل التعرض للشمس مباشرة.   يجدد استخدامه كل ساعتين وبعد السباحة.  يجب التوقف عن استخدامه واستشارة الطبيب في حالة حدوث احمرار أو تهيج للبشرة عند استخدامه.  يُحفظ في مكان بارد ومظلم.  هل صن سكرين كولاجرا كويس؟  نعم، يُعد صن سكرين كولاجرا جل كريم منتجًا فعالا للوقاية من أشعة الشمس الضارة والعوامل البيئية التي تضر بالبشرة، كما يمنح البشرة مظهرًا صحيًا ومشرقًا.  هل شركه كولاجرا مصريه؟  نعم، تم إطلاق منتجات كولاجرا من قبل أطباء مصريين لتضاهي في فعاليتها المنتجات الأجنبية ولكن بأسعار أقل.  ما ارخص صن بلوك للبشرة المختلطة ؟  صن بلوك بوباي للبشرة الدهنية والمختلطة مع عامل حماية SPF +50.  انفينيتي صن بلوك للبشرة العادية والمختلطة والدهنية دراكون صن بلوك للبشرة الدهنية والمختلطة مع عامل حماية +50.  كولاجرا صن سكرين جل كريم.",ماركة: كولاجرا
31838,اماندا ميلانو | كريم | 80مل,amanda milano foot cream 80ml plkn,72,EGP,أماندا ميلانو,العناية بالبشرة>,in stock,https://chefaa.com:443/eg-ar/nowProduct/amanda-milano-foot-cream-80ml-plkn,https://cdn.chefaa.com/filters:format(webp)/public/uploads/products/amanda-milano-foot-cream-80ml-pejh-01694970181.png,https://cdn.chefaa.com/filters:format(webp)/public/uploads/products/amanda-milano-foot-cream-80ml-pejh-01694970181.png,مميزات المنتج   اماندا ميلانو | كريم | 80مل,ماركة: أماندا ميلانو
45617,تيترا جلو | كريم تفتيح ليلي | 30جم,tetra glow whitening facial cleanser 200ml rpz5_duPyLPTK_duij56tE_duMGGbXH,335,EGP,No Brand,العناية بالبشرة>الترطيب,in stock,https://chefaa.com:443/eg-ar/nowProduct/tetra-glow-whitening-facial-cleanser-200ml-rpz5_duPyLPTK_duij56tE_duMGGbXH,https://cdn.chefaa.com/filters:format(webp)/public/uploads/products/tetra-glow-whitening-facial-cleanser-200ml-rpz5-dupylptk-duij56te-01724767607.png,https://cdn.chefaa.com/filters:format(webp)/public/uploads/products/tetra-glow-whitening-facial-cleanser-200ml-rpz5-dupylptk-duij56te-01724767607.png,مميزات المنتج   تيترا جلو | كريم تفتيح ليلي | 30جم,raw_specs: المواصفات
27542,اكنى اكت | جل | 15 جم,acniact gel jtxr,39,EGP,No Brand,العناية بالبشرة>,in stock,https://chefaa.com:443/eg-ar/nowProduct/acniact-gel-15-gm-jtxr,https://cdn.chefaa.com/filters:format(webp)/public/uploads/products/acniact-gel-15-gm-kmey-01672658717.png,https://cdn.chefaa.com/filters:format(webp)/public/uploads/products/acniact-gel-15-gm-kmey-01672658717.png,مميزات المنتج   اكنى اكت | جل | 15 جم,raw_specs: المواصفات
6057,إيڤا سكين كير | باشون لوشن الجسم للـترطيب الفعال باشن | 240مل,evasline body lotion passion 240g 6iml,120,EGP,إيڤا,العناية بالبشرة>,in stock,https://chefaa.com:443/eg-ar/nowProduct/evasline-body-lotion-passion-240g-6iml,https://cdn.chefaa.com/filters:format(webp)/public/uploads/products/1619873710evasiline-body-lotion-passion-240gm-chefaajpg,https://cdn.chefaa.com/filters:format(webp)/public/uploads/products/1619873710evasiline-body-lotion-passion-240gm-chefaajpg,عن هذا المنتج     إيڤا سكين كير لوشن الجسم للترطيب الفعال بتركيبته الغنية بالجلسرين والڤازلين والتي تعمل على جذب الماء والاحتفاظ به داخل خلايا  البشرة ليمنحك إحساس بالترطيب و نعومة الحرير.,ماركة: إيڤا
20859,انجرام | كريم حلاقة كول اخضر | 40جم,ingram cool shaving cream green 40gm jbzk,39,EGP,No Brand,العناية بالبشرة>,in stock,https://chefaa.com:443/eg-ar/nowProduct/ingram-cool-shaving-cream-green-40gm-jbzk,https://cdn.chefaa.com/filters:format(webp)/public/uploads/products/ingram-cool-shaving-cream-green-40gm-ysst-01655391569.png,https://cdn.chefaa.com/filters:format(webp)/public/uploads/products/ingram-cool-shaving-cream-green-40gm-ysst-01655391569.png,عن هذا المنتج     انجرام | كريم حلاقة كول اخضر | 40جم,raw_specs: المواصفات
50061,يوسيرين | كريم هيالورون فيلر النهاري بعامل حماية من الشمس 15 للبشرة الجافة | 50 مل,eucerin hyaluron filler day spf cream for dry skin 50ml 0zs8,1379,EGP,يوسيرين,العناية بالبشرة>الترطيب,in stock,https://chefaa.com:443/eg-ar/nowProduct/eucerin-hyaluron-filler-day-spf-15-cream-for-dry-skin-50ml-0zs8,https://cdn.chefaa.com/filters:format(webp)/public/uploads/products/eucerin-hyaluron-filler-day-spf-15-cream-for-dry-skin-50ml-mugi-01730723384.png,https://cdn.chefaa.com/filters:format(webp)/public/uploads/products/eucerin-hyaluron-filler-day-spf-15-cream-for-dry-skin-50ml-mugi-01730723384.png,مميزات المنتج   يوسيرين | كريم هيالورون فيلر النهاري بعامل حماية من الشمس 15 للبشرة الجافة | 50 مل,ماركة: يوسيرين
8091,غسول سيباكلار للبشره الدهنية والمختلطة sebaclar cleanser | ٢٠٠ مل,sebaclar cleansing gel 200ml rhkh,264,EGP,سيباكلار,العناية بالبشرة>الغسول,in stock,https://chefaa.com:443/eg-ar/nowProduct/sebaclar-cleansing-gel-200ml-rhkh,https://cdn.chefaa.com/filters:format(webp)/public/uploads/products/sebaclar-cleansing-gel-200ml-rhkh-01753082077.png,https://cdn.chefaa.com/filters:format(webp)/public/uploads/products/sebaclar-cleansing-gel-200ml-rhkh-01753082077.png,"مميزات المنتج   غسول سيباكلار للبشره الدهنية (sebaclar cleanser): يعمل على تنظيف البشرة وتنقية المسام بعمق.  يساعد على التحكم في الإفرازات الدهنية. يساعد على تقليل لمعان البشرة. يعمل على إزالة الشوائب والأتربة وبقايا المكياج. يمكن استخدامه بشكل يومي دون التسبب في التهاب أو جفاف البشرة. يُكسب البشرة مزيد من النضارة والانتعاش. يساعد على تقليل ظهور حب الشباب لاحتوائه على مضادات للبكتيريا.  لا يسبب حساسية البشرة. مناسب للبشرة الدهنية والمعرضة للحبوب.   عن هذا المنتج     مكونات غسول سيباكلار للبشره الدهنية يحتوى غسول sebaclar للبشره الدهنيه على: زيت شجرة الشاي: له خصائص مضادة للميكروبات ويساعد على تقليل ظهور حب الشباب ،كما يعمل على على تهدئة التهاب واحمرار البشرة. الزنك: يساعد على تقليل الإفرازات الدهنية وتنقية البشرة. البيوتين: يعمل على تحسين مظهر البشرة وجعلها أكثر نضارة ونعومة. الصبار (الألوفيرا): له خصائص مضادة للأكسدة ويعمل على تهدئة التهاب البشرة. فوائد غسول سيباكلار جل (sebaclar cleanser ) غسول sebaclar للبشره الدهنيه يتميز بعدة فوائد للبشرة، منها: تنظيف البشرة بعمق وإزالة الشوائب والزيوت الزائدة. مكافحة حب الشباب: يحتوي على مكونات تساعد في تقليل ظهور حب الشباب والرؤوس السوداء. تنظيم إفراز الدهون، مما يجعل البشرة أقل دهنية. سعر غسول سيباكلار للبشره الدهنية والمختلطة يبلغ سعر غسول sebaclar حوالى 199 جنيه. "" غسول سيباكلار سعره قد يتغير من وقت لاخر تبعاً لتغير السعر فى الصيدليات "" حجم سيباكلار غسول للبشرة المختلطة يتوافر غسول سيباكلار للبشرة المختلطة بحجم 200 مل. يوصي باستعمال sebaclar غسول   غسول sebaclar مناسب للبشرة الدهنية والمعرضة للحبوب حيث يعمل على تنظيف البشرة وتنقية المسام والتحكم في الإفرازات الدهنية، كما يحتوي على مضادات للبكتيريا ويساعد على تقليل حب الشباب وجعل البشرة أكثر نعومة وانتعاش. ما طريقة استخدام غسول سيباكلار ؟ للحصول على أفضل نتائج عند استخدام غسول سيباكلار، يمكنك اتباع الخطوات التالية: تنظيف اليدين: اغسل يديك جيدًا قبل استخدام الغسول.  بلل وجهك بالماء الفاتر. يساعد ذلك الغسول على الانتشار بشكل أفضل. ضع كمية مناسبة من الغسول على راحة يدك، ثم قم بتدليكه برفق على وجهك بحركات دائرية. استمر في تدليك البشرة لمدة من 30 ثانية إلى دقيقة لتنظيف البشرة بعمق. اشطف وجهك جيدًا بالماء الفاتر لإزالة الغسول. جفف وجهك بلطف باستخدام منشفة نظيفة، ويفضل أن تكون بطريقة التربيت وليس الفرك. استخدم مرطب مناسب لنوع بشرتك بعد غسل الوجه للحفاظ على رطوبة البشرة. ما أضرار غسول سيباكلار ؟ عادةً لا يسبب الغسول أضرار للبشرة ولكن فى بعض الحالات قد يتسبب في جفاف البشرة، خاصةً إذا كانت البشرة حساسة أو جافة بالفعل. ما ارخص غسول للبشرة المختلطة ؟ غسول ستارفيل الاخضر. غسول غارنيه بيور اكتيف. غسول جليم ميكس. غسول انفنتي اكرين لحب الشباب.",ماركة: سيباكلار
30599,سترالاين | مرطب شفاه | 5جم,straline moisturizing lip balm 5ml rnwr,126,EGP,حياه,العناية بالبشرة>,in stock,https://chefaa.com:443/eg-ar/nowProduct/straline-moisturizing-lip-balm-5ml-rnwr,https://cdn.chefaa.com/filters:format(webp)/public/uploads/products/straline-moisturizing-lip-balm-5ml-y87y-01686676658.png,https://cdn.chefaa.com/filters:format(webp)/public/uploads/products/straline-moisturizing-lip-balm-5ml-y87y-01686676658.png,مميزات المنتج   سترالاين | مرطب شفاه | 5ج,ماركة: حياه
28260,إيفا سكين كير | سينسز معطر الجسم ان ذا كلاودز | 240مل,eva skin care senses body splash the clouds 240ml tq13,200,EGP,,,,https://chefaa.com:443/eg-ar/nowProduct/eva-skin-care-senses-body-splash-in-the-clouds-240ml-tq13,https://cdn.chefaa.com/filters:format(webp)/public/uploads/products/eva-skin-care-senses-body-splash-in-the-clouds-240ml-tq13-01721414436.png,,,
20729,بيور | فازلين جيلي بتروليوم | 70مل,pure vaseline petroleum jelly 70ml jgct,30,EGP,بيور,العناية بالبشرة>,in stock,https://chefaa.com:443/eg-ar/nowProduct/pure-vaseline-petroleum-jelly-70ml-jgct,https://cdn.chefaa.com/filters:format(webp)/public/uploads/products/pure-vaseline-petroleum-jelly-70ml-kya2-01655303763.png,https://cdn.chefaa.com/filters:format(webp)/public/uploads/products/pure-vaseline-petroleum-jelly-70ml-kya2-01655303763.png,مميزات المنتج   بيور | فازلين جيلي بتروليوم | 70مل,ماركة: بيور
23286,سكارو | جل لعلاج الندبات | 50جم,scaro gel for skin 50gm utjp,945,EGP,ماكرو للأدوية,العناية بالبشرة>,in stock,https://chefaa.com:443/eg-ar/nowProduct/scaro-gel-for-skin-50gm-utjp,https://cdn.chefaa.com/filters:format(webp)/public/uploads/products/scaro-gel-for-skin-50gm-o1ds-01664051881.png,https://cdn.chefaa.com/filters:format(webp)/public/uploads/products/scaro-gel-for-skin-50gm-o1ds-01664051881.png,مميزات المنتج   سكارو | جل لعلاج الندبات | 50جم   عن هذا المنتج     ذو فعالية عالية في إعادة تشكيل الندبات المتضخمة والجُدرات الناتجة عن العمليات الجراحية أو الحروق.   يساعد چيل سكارو في تحسين مظهر الندبات القديمة، طولها، ملمسها ولونها.   علاج الندبات المتضخمة والجُدرات الناتجة عن الحروق، العمليات الجراحية والإصابات.     طريقة الاستخدام:     مرتين في اليوم لمدة شهرين إلى ستة أشهر في إطار زمني أقصاه 3 أشهر بعد اليوم العاشر للجراحة، بعد التأكد من التئام الجرح تمامًا.,ماركة: ماكرو للأدوية
23478,ماكرو كارباميد | يوريا كريم للوجه والجسم | 50جم,macro carbamide humectant soothing cream 50gm 4m0n,65,EGP,ماكرو للأدوية,العناية بالبشرة>الترطيب,in stock,https://chefaa.com:443/eg-ar/nowProduct/macro-carbamide-humectant-soothing-cream-50gm-4m0n,https://cdn.chefaa.com/filters:format(webp)/public/uploads/products/macro-carbamide-humectant-soothing-cream-50gm-xcod-01664360165.png,https://cdn.chefaa.com/filters:format(webp)/public/uploads/products/macro-carbamide-humectant-soothing-cream-50gm-xcod-01664360165.png,"مميزات المنتج   يتميزكريم ماكرو كارباميد للوجه والجسم (macro carbamide cream) بما يلي: يساعد على الترطيب العميق وعلاج الجفاف. التخلص من خشونة الكعب والركب والكوع. يساعد على تقشير خلايا الجلد الميت. يكسب البشرة النعومة والحيوية ويحسن ملمس الجلد. سعر كريم ماكرو كارباميد مناسب مقارنة بفوائده للبشرة.   عن هذا المنتج     مكونات كريم ماكرو كارباميد للوجه والجسم يحتوي يوريا كريم ماكرو كارباميد لعلاج جلد الوزة على: يوريا: بتركيز 10% التي تساعد على الترطيب العميق وتقشير الجلد الميت. الجلسرين: يزيد من نعومة وترطيب الجلد. سعر ماكرو كارباميد يبلغ سعر كريم ماكرو كارباميد حوالى 45 جنيه. "" سعر كريم يوريا في مصر قد يتغير من وقت لاخر تبعاً لتغير سعره فى الصيدليات "" حجم macro carbamide cream يتوافر ماكرو كارباميد كريم يوريا للقدمين  بحجم 50 مل. يوصى باستعمال كريم ماكرو كارباميد  لكل من: يستخدم ماكرو كارباميد للمنطقة الحساسة ويفضل وضع طبقة رقيقة على البشرة حتى لا يسبب التهاب، وكذلك يساعد على علاج جلد الوزة وخشونة الركب والكوع ويكسب الجلد المزيد من النعومة والترطيب. ما الفرق بين ماكرو كارباميد وهيبتا كارباميد يوريا كريم ؟ كلاهما يحتوي على اليوريا التي تساعد على ترطيب البشرة بعمق وعلاج الجفاف وخشونة الجلد، ولكن يحتوي كريم هيبتا كارباميد على حمض اللاكتيك الذي يساعد على تقشير خلايا الجلد الميت وعلاج التصبغات والبقع. ما هي أضرار كريم كارباميد للوجه  ؟  قد يسبب كريم كارباميد ماكرو الحساسية أو الالتهاب للبشرة في حالة فرط الاستخدام. هل يستخدم كريم يوريا  كارباميد تحت العين؟  يجب تجنب استخدام كارباميد كريم حول محيط العين حتى لا يسبب الحساسية. ما فوائد كريم يوريا 10٪  كارباميد بعد التقشير ؟ يساعد كريم macro carbamide على تهدئة البشرة ويخفف من الالتهاب بالإضافة إلى دوره في ترطيب البشرة والاحتفاظ بالرطوبة لأطول فترة. هل يمكن خلط كريم بانثينول مع كريم كارباميد؟ يمكن استخدام كريم بانثينول مع الكارباميد لزيادة الترطيب والتخلص من خشونة الجلد والتشققات والحصول على بشرة ناعمة. ما هى طريقة استخدام كريم كارباميد ؟ توضع طبقة رقيقة من كريم ماكرو كارباميد مرة إلى ثلاث مرات في اليوم على المنطقة المصابة ويتم فرك الكريم قليلاً حتى يتم امتصاصه. ما الفرق بين أنواع كريم كارباميد ؟ الفرق عادةً فى الشركة المنتجة  كريم ماكرو كارباميد من انتاج شركة ماكرو كريم كارباميد من انتاج شركة ممفيس هيبتا كارباميد كريم برفكشن كارباميد كريم ما أفضل يوريا كريم مرطب ؟  كريم كارباميد اليجون يوريا كريم يوريكير كريم 10 يوريا مويست وان يوريا",ماركة: ماكرو للأدوية
48002,ميلانو فارما | صابونة ميلانوفري للتفتيح | 100جم,melano pharma melanofree whitening soap 100gm p3sa_duBK16pX,80,EGP,ميلانو فارما,العناية بالبشرة>الغسول,in stock,https://chefaa.com:443/eg-ar/nowProduct/melano-pharma-melanofree-whitening-soap-100gm-p3sa_duBK16pX,https://cdn.chefaa.com/filters:format(webp)/public/uploads/products/melano-pharma-melanofree-whitening-soap-100gm-p3sa-dubk16px-01734870169.png,https://cdn.chefaa.com/filters:format(webp)/public/uploads/products/melano-pharma-melanofree-whitening-soap-100gm-p3sa-dubk16px-01734870169.png,مميزات المنتج   تمنح البشرة إطلالة مشرقة و نعومة فائقة لاحتوائها على مكونات طبيعية.   عن هذا المنتج     تعمل على تفتيح ونضارة البشرة وتمنحها النعومة لاحتوائها على فيتامين E.   طريقة الاستعمال:     تجهيز البشرة لاستخدام مستحضرات التجميل لاحتوائها على مواد مضادة للبكتيريا و الفطريات.   يتم وضع الصابونة على بشرة مبللة مع التدليك برفق ثم غسل البشرة بماء فاتر (مرتين يوميا).,ماركة: ميلانو فارما
50127,نورميلان | لوشن تفتيح للأماكن الحساسة | 50مل,normelan lightening lotion for sensitive areas 50ml zvk4,480,EGP,No Brand,العناية بالبشرة>,in stock,https://chefaa.com:443/eg-ar/nowProduct/normelan-lightening-lotion-for-sensitive-areas-50ml-zvk4,https://cdn.chefaa.com/filters:format(webp)/public/uploads/products/normelan-lightening-lotion-for-sensitive-areas-50ml-zvk4-01766233297.png,https://cdn.chefaa.com/filters:format(webp)/public/uploads/products/normelan-lightening-lotion-for-sensitive-areas-50ml-zvk4-01766233297.png,مميزات المنتج   نورميلان | لوشن تفتيح للأماكن الحساسة | 50مل,raw_specs: المواصفات
10264,كولاجرا | غسول فيتامين سي لتفتيح البشرة | 200مل,kolagra vitamin facial cleanser 7w3r,219,EGP,كولاجرا,العناية بالبشرة>الغسول,in stock,https://chefaa.com:443/eg-ar/nowProduct/kolagra-vitamin-c-facial-cleanser-200-ml-7w3r,https://cdn.chefaa.com/filters:format(webp)/public/uploads/products/kolagra-vitamin-c-facial-cleanser-200-ml-7w3r-01722417229.png,https://cdn.chefaa.com/filters:format(webp)/public/uploads/products/kolagra-vitamin-c-facial-cleanser-200-ml-7w3r-01722417229.png,مميزات المنتج   يتميز غسول كولاجرا فيتامين سي kolagra cleanser بما يلي: تركيبة غنية بالمضادات الأكسدة. معزز بمكونات تساعد في حماية البشرة من العوامل الضارة. مناسب لجميع أنواع البشرة. يعزز نضارة وإشراقة البشرة. يترك البشرة ناعمة وصحية بعد الاستخدام. سعر غسول كولاجرا فيتامين سي مناسب بالمقارنة مع مكوناته المميزة وحجمه.   عن هذا المنتج     مكونات غسول كولاجرا فيتامين سي الاصلي  يحتوي غسول كولاجرا فيتامين سي على:  زيت شجرة الشاي (Tea Tree Oil): يعمل على مكافحة حب الشباب وتنظيم إفرازات زيوت البشرة؛ مما يساعد في الحفاظ على بشرة نقية وخالية من الشوائب.  فيتامين سي (Vitamin C): يُعرف بخصائصه المضيئة للبشرة، حيث يساعد في تحسين مظهر البشرة وتخفيف البقع الداكنة، مما يمنحها إشراقة طبيعية.  فيتامين هـ (Vitamin E): مضاد للأكسدة، يساعد في حماية البشرة من الأضرار البيئية وتأثيرات الشيخوخة المبكرة، ويمنحها مظهرًا صحيًا ومشرقًا.  خلاصة الصبار (Aloe Vera): معروفة بخصائصها المضادة للالتهابات والبكتيريا، تساعد في تهدئة البشرة وتقليل الاحمرار والتهيج.  بانثينول وألانتوين (Panthenol & Allantoin):يعملان معًا لتوفير تأثير مضاد للالتهابات وترطيب البشرة، مما يساعد في تهدئة ونعومة البشرة.  حجم عبوة kolagra cleanser  يتوفر kolagra cleanser بحجم 200 مل من الغسول المخصص للبشرة.  يوصى باستعمال غسول kolagra  يوصى باستعمال  kolagra cleanser للجميع أنواع البشرة؛ خاصةً للذين يعانون من البقع أو التصبغات أو عدم توحد لون البشرة، حيث يعزز إشراقة ونضارة البشرة ويساهم في تنظيم إفراز زيوت البشرة.  سعر غسول كولاجرا في الصيدليات  سعر kolagra غسول البشرة بحجم 200 مل 219 جنيه مصري (قد يتغير سعر المنتج وفقًا لتحديثه بالصيدليات أو حسب العروض المتاحة).  طريقة استخدام كولاجرا غسول فيتامين سي للبشرة الدهنية  اغسلي يديك جيدًا.  بللي وجهك بالماء الفاتر.  ضعي كمية مناسبة من الغسول على وجهك.  دلكي وجهك بلطف بحركات دائرية.  اشطفي وجهك بالماء جيدًا.  ربتي على وجهك بلطف لتجفيفه.  استمري في روتين العناية بالبشرة الخاص بك.  يُستخدم مرتين على الأقل يوميًا.  ما هى فوائد غسول كولاجرا فيتامين سي للوجه؟  ينظف البشرة بفعالية ويزيل الشوائب والزيوت الزائدة.  معزز بفيتامين سي الذي يساعد في تفتيح البشرة وتوحيد لونها.  يحمي البشرة من الجذور الحرة والعوامل الضارة الخارجية.  يساهم في تهدئة وترطيب البشرة.  ما هى أنواع غسول كولاجرا ؟  غسول كولاجرا فيتامين سي kolagra cleanser.  غسول كولاجرا الاخضر للبشرة الدهنية kolagra facial cleanser.  ما أفضل غسول لتفتيح الوجه طبي ؟  غسول كولاجرا فيتامين سي kolagra cleanser.  ميلاتكس غسول Melatex Cleanser.  ستارفيل غسول Star Ville Cleanser.  غارنيه غسول Garnier Cleanser.  اليجون غسول Alejon Cleanser.  بيزلين غسول Beesline Cleanser.  هل غسول كولاجرا يفتح البشرة؟   نعم، يساهم هذا الغسول في توحيد لون البشرة وتفتيحها والحد من مظهر التصبغات والبقع.  متى تظهر نتائج غسول فيتامين سي؟    تختلف المدة حسب حالة ونوع البشرة وحدة المشكلات التي تعاني منها، ومدى جودة الروتين اليومي ومناسبته لاحتياجات البشرة، لكن تلاحظ الإشراقة من الاستعمال الأول.  هل غسول فيتامين سي يزيل الحبوب؟   هذا الغسول غير مخصص لعلاج حب الشباب إلا أنه قد يخفف من مظهر الحبوب والبثور والآثار الناتجة عنها؛ بفضل احتوائه على زيت شجرة الشاي المطهر للبشرة والمقاوم لحب الشباب، وفيتامين ج الذي يخفف آثار حب الشباب.  هل كولاجرا مصري؟  نعم، كولاجرا علامة تجارية مصرية رائدة لديها مجموعة واسعة من المنتجات الأكثر مبيعًا.,ماركة: كولاجرا
50820,بيونيكس | كريم مرطب لمنطقة محيط العين وايت إكسبرت | 15مل,bionnex whitexpert eye contour cream mlo3wZ,409,EGP,No Brand,العناية بالبشرة>العناية بالعيون,in stock,https://chefaa.com:443/eg-ar/nowProduct/bionnex-whitexpert-eye-contour-cream-15-mlo3wZ,https://cdn.chefaa.com/filters:format(webp)/public/uploads/products/bionnex-whitexpert-eye-contour-cream-15-mlo3wz-01734865326.png,https://cdn.chefaa.com/filters:format(webp)/public/uploads/products/bionnex-whitexpert-eye-contour-cream-15-mlo3wz-01734865326.png,مميزات المنتج   بيونيكس | كريم مرطب لمنطقة محيط العين وايت إكسبرت | 15مل,raw_specs: المواصفات
7528,كريم مرطب سيرافي للبشرة الجافة للوجه والجسم | 454 جم,cerave moisturizing cream for dry skin 454gm wslv,1050,EGP,سيرافي,العناية بالبشرة>الترطيب,in stock,https://chefaa.com:443/eg-ar/nowProduct/cerave-moisturizing-cream-for-dry-skin-454gm-wslv,https://cdn.chefaa.com/filters:format(webp)/public/uploads/products/cerave-moisturizing-cream-for-dry-skin-454gm-wslv-01723386329.png,https://cdn.chefaa.com/filters:format(webp)/public/uploads/products/cerave-moisturizing-cream-for-dry-skin-454gm-wslv-01723386329.png,"مميزات المنتج    مرطب سيرافي للبشرة الجافة (cerave moisturizing cream) : يساعد على تعزيز نعومة ونضارة البشرة. لا يسبب انسداد المسام. لا يسبب حساسية البشرة. خالي من البارابين والعطور والزيوت. تركيبته اخفيفة سريعة الامتصاص. مناسب للجسم وبشرة الوجه الحساسة والجافة وشديدة الجفاف والمعرضة للاكزيما. يتميز بتقنية (MVE) التي تعمل على ترطيب البشرة على مدار ال24 ساعة.   عن هذا المنتج     مكونات مرطب سيرافي للبشرة الجافة (cerave moisturizing cream) يحتوى مرطب سيرافي الاصلي على :     سيراميد: يعمل على ترطيب البشرة وحماية الحاجز الطبيعي لرطوبة الجلد.   حمض الهيالورونيك: يعمل على الحفاظ على رطوبة البشرة وجعلها أكثر نعومة.     فوائد كريم سيرافي للبشرة الجافة يوفر ترطيب عميق للبشرة يستمر طوال اليوم.   يعمل على تقوية الحاجز الواقي للبشرة ويحميها من العوامل البيئية الضارة. سعر مرطب سيرافي للبشرة الجافة  يبلغ سعر مرطب cerave في الصيدليات حوالى 849 جنيه. "" قد يتغير سعر كريم سيرافي من وقت لاخر تبعاً لتغير سعره فى الصيدليات "" حجم سيرافي مرطب  للبشرة الجافة      يتوافر cerave كريم بحجم 454 جم و340 جم و170 جم.     يوصي باستعمال cerave مرطب   سيرافي مرطب مناسب للبشرة الجافة وشديدة الجفاف حيث يعمل على ترطيب البشرة وحمايتها من الجفاف لفترة تصل إلى 24 ساعة. ما هى انواع مرطب سيرافي ؟ مرطب سيرافي للبشرة الدهنية كريم سيرافي مرطب للبشرة الجافة والجافة جداً سيرافي لوشن مرطب يومى للبشرة العادية والجافة سيرافي لوشن مسائى لترطيب الوجه CeraVe PM  سيرافي لوشن صباحى لترطيب الوجه CeraVe AM ما الفرق مرطب سيرافي الاصلي والتقليد ؟ المنتج الأصلى الكتابة الموجودة عليه واضحة اما التقليد تكون شفافة قليلاً وكلمة CERVE تكون محفورة على جانب العبوة ما افضل مرطب للبشرة الجافة من الصيدلية ؟  مرطب سيرافي للبشرة الجافة. مرطب بيوديرما للبشرة الجافة. كريم مرطب لاروش بوزيه للبشرة. سيتافيل كريم مرطب.",ماركة: سيرافي
7533,غسول سيرافي الاخضر cerave للبشرة الجافة والعادية | 236 مل,cerave daily moisturizing lotion 236ml a8xz,620,EGP,سيرافي,العناية بالبشرة>الغسول,in stock,https://chefaa.com:443/eg-ar/nowProduct/cerave-daily-moisturizing-lotion-236ml-a8xz,https://cdn.chefaa.com/filters:format(webp)/public/uploads/products/cerave-daily-moisturizing-lotion-236ml-a8xz-01723386671.png,https://cdn.chefaa.com/filters:format(webp)/public/uploads/products/cerave-daily-moisturizing-lotion-236ml-a8xz-01723386671.png,"مميزات المنتج   يتميز غسول سيرافي الاخضر (cerave hydrating cleanser ) بما يلى: يعمل على تنظيف البشرة والمسام بعمق. مناسب للبشرة العادية والجافة والمعرضة للاكزيما. يتميز بتقنية الترطيب المكثف (MVE) التي تعمل على الحفاظ على رطوبة البشرة على مدار ال24 ساعة. لا يسبب انسداد المسام. لا يسبب حساسية البشرة. خالي من العطور. تم تطويره مع أطباء الجلدية. تم الموافقة عليه من قبل جمعية الإكزيما الوطنية.   عن هذا المنتج     مكونات غسول سيرافي للبشرة الجافة يحتوى سيرافي غسول على: سيراميد: يعمل على ترطيب البشرة وحماية الحاجز الطبيعى الذى يحافظ على رطوبة الجلد.   حمض الهيالورونيك: يعمل على الحفاظ على ترطيب البشرة وجعلها أكثر نعومة.     فوائد سيرافي غسول cerave يعمل على تنظيف البشرة والمسام بعمق. يعمل على إزالة الشوائب والأتربة وبقايا المكياج. يعمل على تقليل البثور والرؤوس السوداء. يمكن استخدامه بشكل يومي دون التسبب في شد أو جفاف البشرة. يعمل على تقوية حاجز البشرة سعر غسول سيرافي الاخضر في مصر يبلغ سعر غسول cerave الحجم الكبير حوالى 749 جنيه مصرى  يبلغ سعر غسول سيرافي الحجم الصغير حوالى 479 جنيه مصرى  "" قد يتغير سعر الغسول من وقت لاخر تبعاً لتغير سعره فى الصيدليات "" حجم غسول سيرافي للبشرة العادية يتوافر غسول cerave بحجم 473 مل  و236 مل.   يوصي باستعمال  cerave غسول لكل من: الغسول مناسب للبشرة العادية إلى الجافة حيث يعمل على تنظيف المسام والبشرة بلطف وفاعلية دون التسبب في جفافها، كما يحافظ على رطوبة البشرة لفترة طويلة تصل إلى 24 ساعة. ما هى أنواع غسول سيرافي ؟ غسول سيرافي للبشرة الدهنية والمختلطة. غسول سيرافي للبشرة الجافة والعادية. ما افضل غسول للبشرة الجافة والحساسة ؟ غسول سيرافي للبشرة الجافة والعادية. غسول كريمي لاروش بوزيه ليبيكار سينديت +AP  غسول لوريال بالهيالورونيك البنفسجى غسول توبي جينت للبشرة الحساسة",ماركة: سيرافي
49186,بيوديرما | كريم البشرة سينسيبيو ديفينسيف سينس | 40مل,bioderma sensibio forte ultra care cream for sensitive skin 40ml qtuk_duH9moAt,799,EGP,بيودرما,العناية بالبشرة>,in stock,https://chefaa.com:443/eg-ar/nowProduct/bioderma-sensibio-forte-ultra-care-cream-for-sensitive-skin-40ml-qtuk_duH9moAt,https://cdn.chefaa.com/filters:format(webp)/public/uploads/products/bioderma-sensibio-forte-ultra-care-cream-for-sensitive-skin-40ml-qtuk-duh9moat-01729518039.png,https://cdn.chefaa.com/filters:format(webp)/public/uploads/products/bioderma-sensibio-forte-ultra-care-cream-for-sensitive-skin-40ml-qtuk-duh9moat-01729518039.png,مميزات المنتج   بيوديرما | كريم البشرة سينسيبيو ديفينسيف سينس | 40مل,ماركة: بيودرما
2474,كريم نيفيا بزبدة الكاكاو وفيتامين E مرطب للجسم | 50 مل,nivea body cream cocoa butter,48,EGP,نيفيا,العناية بالبشرة>الترطيب,in stock,https://chefaa.com:443/eg-ar/nowProduct/nivea-body-cream-cocoa-butter-50-ml,https://cdn.chefaa.com/filters:format(webp)/public/uploads/products/nivea-body-cream-cocoa-butter-50-ml-01673869812.png,https://cdn.chefaa.com/filters:format(webp)/public/uploads/products/nivea-body-cream-cocoa-butter-50-ml-01673869812.png,مميزات المنتج   يتميز كريم نيفيا بزبدة الكاكاو وفيتامين E بما يلي: يساعد على الترطيب العميق لمدة تدوم حتى 48 ساعة. يحمي البشرة من الجفاف ويكسبها ملمسًا أكثر نعومة وصحة. يمكن امتصاصه بسهولة ولا يسبب ملمسًا دهنيًا على البشرة. يمكن استخدامه لعلاج خشونة الركب والأكواع. آمن للاستخدام بشكل يومي وتم اختباره طبياً. له رائحة فريدة غنية بزبدة الكاكاو تكسب الجسم إحساس الانتعاش والنظافة. سعر كريم نيفيا بزبدة الكاكاو وفيتامين E مناسب مقارنة بحجمه وقدرته على ترطيب البشرة بفعالية.   عن هذا المنتج     مكونات كريم نيفيا بزبدة الكاكاو وفيتامين E   يحتوي نيفيا كريم على:  زبدة الكاكاو: ترطب البشرة بعمق وتحميها من الجفاف، وكذلك تحسن ملمس الجلد وتكسبه ملمسًا ناعمًا وحريريًا.  فيتامين E: يغذي البشرة ويكسبها المزيد من النضارة والصحة ويعمل على ترطيب الجلد.  حجم Nivea cream with cocoa butter and vitamin E   يتوفر  Nivea cream with cocoa butter and vitamin E بحجم 50 مل.  يوصى باستعمال كريم نيفيا بزبدة الكاكاو وفيتامين E ل   نيفيا كريم مناسب لجميع أنواع البشرة وخاصة البشرة الجافة إذ يوفر ترطيباً فائقاً يدوم لمدة 48 ساعة، ويحمي البشرة من الجفاف والتشققات بالإضافة إلى إكساب البشرة مظهرًا أكثر نضارة وحيوية.,ماركة: نيفيا
46301,1+1 انفينيتي | جل واقي من الشمس بعامل حماية 50 مضاد للمعان | 60مل,infinity care hydro boost gel spf anti shine offer 60ml qmhh_duI82ABY,295,EGP,إنفينيتي,العناية بالبشرة>الوقاية من الشمس,in stock,https://chefaa.com:443/eg-ar/nowProduct/infinity-care-hydro-boost-gel-spf-50-anti-shine-offer-60ml-qmhh_duI82ABY,https://cdn.chefaa.com/filters:format(webp)/public/uploads/products/infinity-care-hydro-boost-gel-spf-50-anti-shine-offer-60ml-qmhh-01722687949.png,https://cdn.chefaa.com/filters:format(webp)/public/uploads/products/infinity-care-hydro-boost-gel-spf-50-anti-shine-offer-60ml-qmhh-01722687949.png,مميزات المنتج   انفينيتي | جل واقي من الشمس بعامل حماية 50 مضاد للمعان | 60مل   عن هذا المنتج     انفينيتي | جل واقي من الشمس بعامل حماية 50 مضاد للمعان | 60مل 1+1,ماركة: إنفينيتي
23429,توبي جينت | غسول للبشرة الدهنية | 150مل,topi gent sebum foam 150ml rj62,245,EGP,ماكرو للأدوية,العناية بالبشرة>,in stock,https://chefaa.com:443/eg-ar/nowProduct/topi-gent-sebum-foam-150ml-rj62,https://cdn.chefaa.com/filters:format(webp)/public/uploads/products/topi-gent-sebum-foam-150ml-rj62-01704193086.png,https://cdn.chefaa.com/filters:format(webp)/public/uploads/products/topi-gent-sebum-foam-150ml-rj62-01704193086.png,"مميزات المنتج   يتميز غسول توبي جينت الازرق (topi gent cleanser) بما يلي: له تركيبة رغوية مميزة تنظف البشرة بعمق. مزود بفرشاه من السليكون تساعد على تنظيف المسام. يساعد على علاج الحبوب والبثور السوداء. يساعد على التخلص من خلايا الجلد الميت. لا يسد المسام ولا يسبب الحساسية. سعر غسول توبي جينت الازرق مناسب مقارنة بفوائده للبشرة.   عن هذا المنتج     مكونات غسول توبي جينت الازرق  يحتوي غسول توبي جينت للبشرة الدهنية والمختلطة على: حمض الساليسيليك: يعالج الحبوب ويساعد على تقشير خلايا الجلد الميت. حمض الجليكوليك: يقشر البشرة بلطف ويحميها من تكون الحبوب. الصبار: يرطب وينعم البشرة ويحميها من الالتهاب. حجم topi gent cleanser يتوفر غسول topi gent للبشرة الدهنية بحجم 150 مل. سعر غسول توبي جينت الازرق يبلغ سعر غسول توبي جينت للبشرة الدهنية حوالى 245 جنيه. "" قد يتغير سعر غسول topi gent من وقت لاخر تبعاً لتغير السعر فى الصيدليات "" يوصى باستعمال topi gent غسول غسول توبي جينت للبشرة الدهنية والمختلطة مناسب للبشرة المعرضة للحبوب إذ يساعد على قتل البكتيريا وتنظيم إفراز الزيوت بالبشرة بالإضافة إلى التقشير البسيط للبشرة. ما هي طريقة استخدام توبي جينت غسول ؟  يستخدم topi gent sebum غسول مرتين يومياً وتوضع كمية مناسبة من الغسول على بشرة مبللة مع التدليك الخفيف ثم يشطف جيداً بالماء.  ما هي فوائد غسول توبي جينت للبشرة الدهنية  ؟ ينظف غسول topi gent الازرق البشرة بعمق ويحميها من ظهور الحبوب وكذلك يساعد على تنظيم إفراز الزيوت بالبشرة ويتميز بتركيبة لطيفة على البشرة لا تسد المسام وتساعد على التخلص من البثور البيضاء والسوداء. ما هي أضرار غسول توبي جينت سيبم ؟ غسول topi gent للبشرة الدهنية قد يسبب جفاف للبشرة في حالة فرط الاستخدام. ما هي انواع غسول topi gent  ؟ غسول توبي جينت الأزرق (topi gent sebum). غسول توبي جينت البينك (topi gent delicate). ما بديل غسول توبي جينت للبشره المختلطة ؟ غسول ستارفيل الازرق. غسول لاروش بوزييه. غسول سينوبار. غسول أرجنتو كلير.",ماركة: ماكرو للأدوية
31934,بوبانا | قناع ورقي بخلاصة الرمان وحمض الهيالورونيك,bobana sheet mask pomegranate hyaluronic acid 0gwx,50,EGP,بوبانا,العناية بالبشرة>,in stock,https://chefaa.com:443/eg-ar/nowProduct/bobana-sheet-mask-pomegranate-hyaluronic-acid-0gwx,https://cdn.chefaa.com/filters:format(webp)/public/uploads/products/bobana-sheet-mask-pomegranate-hyaluronic-acid-x3km-01695242984.png,https://cdn.chefaa.com/filters:format(webp)/public/uploads/products/bobana-sheet-mask-pomegranate-hyaluronic-acid-x3km-01695242984.png,مميزات المنتج   بوبانا | قناع ورقي بخلاصة الرمان وحمض الهيالورونيك,ماركة: بوبانا
31932,بوبانا | قناع ورقي بالفحم فيتامين اى,bobana sheet mask charcoal vitamen q5wu,40,EGP,بوبانا,العناية بالبشرة>,in stock,https://chefaa.com:443/eg-ar/nowProduct/bobana-sheet-mask-charcoal-vitamen-e-q5wu,https://cdn.chefaa.com/filters:format(webp)/public/uploads/products/bobana-sheet-mask-charcoal-vitamen-e-q5wu-01720975379.png,https://cdn.chefaa.com/filters:format(webp)/public/uploads/products/bobana-sheet-mask-charcoal-vitamen-e-q5wu-01720975379.png,مميزات المنتج   بوبانا | قناع ورقي بالفحم فيتامين اى,ماركة: بوبانا
62307,كير اند مور | لوشن للجسم بترطيب مكثف برائحة ميكسد بيرى | 150مل,care more body lotion intensiv mixed berries 150ml RMCt,85,EGP,كير & مور,العناية بالبشرة>الترطيب,in stock,https://chefaa.com:443/eg-ar/nowProduct/care-more-body-lotion-intensiv-mixed-berries-150ml-RMCt,https://cdn.chefaa.com/filters:format(webp)/public/uploads/products/care-more-body-lotion-intensiv-mixed-berries-150ml-rmct-01757334569.png,https://cdn.chefaa.com/filters:format(webp)/public/uploads/products/care-more-body-lotion-intensiv-mixed-berries-150ml-rmct-01757334569.png,مميزات المنتج   كير اند مور | لوشن للجسم بترطيب مكثف برائحة ميكسد بيرى | 150مل,ماركة: كير & مور
56723,زجتس | ديرما رولر ذهبي معقمة بإبر 0.75 ملم | 1 قطعة,zgts sterile gold derma roller with 075mm needles pcsw9mm,300,EGP,No Brand,العناية بالبشرة>أجهزة البشرة,in stock,https://chefaa.com:443/eg-ar/nowProduct/zgts-sterile-gold-derma-roller-with-075mm-needles-1-pcsw9mm,https://cdn.chefaa.com/filters:format(webp)/public/uploads/products/zgts-sterile-gold-derma-roller-with-075mm-needles-1-pcsw9mm-01735039881.png,https://cdn.chefaa.com/filters:format(webp)/public/uploads/products/zgts-sterile-gold-derma-roller-with-075mm-needles-1-pcsw9mm-01735039881.png,مميزات المنتج   زجتس | ديرما رولر ذهبي معقمة بإبر 0.75 ملم | 1 قطعة,raw_specs: المواصفات
28244,بوباي ماء حراري سبراي مرطب ومهدئ للوجه والجسم | 120 مل,bobai thermal water 120ml gf7e,250,EGP,بوباي,العناية بالبشرة>الغسول,in stock,https://chefaa.com:443/eg-ar/nowProduct/bobai-thermal-water-120ml-gf7e,https://cdn.chefaa.com/filters:format(webp)/public/uploads/products/bobai-thermal-water-120ml-gf7e-01720966502.png,https://cdn.chefaa.com/filters:format(webp)/public/uploads/products/bobai-thermal-water-120ml-gf7e-01720966502.png,مميزات المنتج   يعمل على حماية البشرة من أضرار  أشعة الشمس الفوق بنفسجية. يهدئ ويلطف البشرة بعد التعرض لعوامل بيئية مثل أشعة الشمس الضارة واستخدام التقشير الكيميائي والليزر. يساعد على ترطيب البشرة. يُكسب البشرة مزيد من الصحة والنضارة. مناسب لجميع أنواع البشرة. مناسب للوجه والجسم. تم اختباره من قبل أطباء الجلدية.   عن هذا المنتج      مكونات بوباي مياه حرارية سبراي: مياه بوباي الحرارية: لها خصائص مهدئة وملطفة للبشرة، كما أنها غنية بالعديد من المعادن مثل الصوديوم والبوتاسيوم والكالسيوم والمغنيسيوم والكلوريدات والبيكربونات والكبريتات والنترات والسيليكا. البانثينول: يعمل على تقليل التهابات البشرة وترطيبها وحمايتها من الجفاف. الجليسرين: يعمل على ترطيب البشرة وحمايتها من الجفاف. الكوجيك دي بالميتات: أحد مشتقات حمض الكوجيك ، يساعد على تقليل إنتاج الميلانين وتفتيح البقع الداكنة وتوحيد لون البشرة. آلانتوين: يعمل على تهدئة البشرة وتقليل تهيج وحساسية الجلد. فيتامين هـ: له خصائص مضادة للأكسدة والالتهابات ويساعد فى الحفاظ على رطوبة الجلد وتحفيز تجدد خلايا البشرة. الصبار (الألوفيرا): له خصائص مضادة للأكسدة ويعمل على تهدئة تهيج والتهاب البشرة. حجم Bobai Thermal Water: يتوفر بحجم 120 مل. يوصي به: بوباي ماء حراري لترطيب وتهدئة وحماية الوجه والجسم مناسب لجميع أنواع البشرة وللبشرة الحساسة والمتهيجة حيث يعمل على حماية البشرة من أضرار أشعة الشمس الفوق بنفسجية واستخدام التقشير الكيميائي والليزر، كما يساعد على تهدئة البشرة وجعلها أكثر حيوية ونعومة.,ماركة: بوباي
31617,هيبتا | كريم شعر بانثينول للأطفال | 100جم,hepta panthenol hair cream 100g z1v1,149,EGP,No Brand,العناية بالبشرة>,in stock,https://chefaa.com:443/eg-ar/nowProduct/hepta-panthenol-hair-cream-100g-z1v1,https://cdn.chefaa.com/filters:format(webp)/public/uploads/products/hepta-panthenol-hair-cream-100g-z1v1-01734950525.png,https://cdn.chefaa.com/filters:format(webp)/public/uploads/products/hepta-panthenol-hair-cream-100g-z1v1-01734950525.png,"مميزات المنتج   هيبتا | كريم شعر بانثينول للأطفال | 100 جم   عن هذا المنتج     ""هيبتا بانثينول كريم شعر للأطفال اول كريم بانثينول للشعر تم تصميمه خصيصا للعناية بشعر الأطفال , لمنع الهيشان والتشابك وفك عقد الشعر و تسهيل تسريحه كما ان له تأثير طارد لحشرات الرأس. كريم الشعر هيبتا بانثينول للأطفال يحمي الشعر من التأثير الضار للكلور في حمامات السباحة وملوحة مياه البحر .""",raw_specs: المواصفات
1498,غارنييه | سكين أكتيف ماء ميسيلار منظف للوجه ومزيل للمكياج | 400مل,micellar water face eyes lips cleanser and daily make remover 400ml,300,EGP,غارنييه,العناية بالبشرة>الغسول,in stock,https://chefaa.com:443/eg-ar/nowProduct/micellar-water-face-eyes-lips-cleanser-and-daily-make-up-remover-400ml,https://cdn.chefaa.com/filters:format(webp)/public/uploads/products/micellar-water-face-eyes-lips-cleanser-and-daily-make-up-remover-400ml-01722778212.png,https://cdn.chefaa.com/filters:format(webp)/public/uploads/products/micellar-water-face-eyes-lips-cleanser-and-daily-make-up-remover-400ml-01722778212.png,مميزات المنتج   غارنييه | سكين أكتيف ماء ميسيلار منظف للوجه ومزيل للمكياج | 400مل   عن هذا المنتج     مكونات غارنييه سكين أكتيف ماء ميسيلار:     ماء.   جلسرين: يعمل على تهدئة وترطيب البشرة وحمايتها من الجفاف، كما أنه يساعد على تقليل تهيج واحمرار البشرة.   جليكول: يعمل على ترطيب البشرة.   تقنية الميسيلار : عبارة عن جزيئات تعمل كالمغناطيس تساعد على إزالة الشوائب والمكياج والإفرازات الدهنية من البشرة بحركة واحدة.     مميزات ماء ميسيلار غارنيية سكين أكتيف:     يعمل على إزالة مكياج الوجه والعينين والشفاه بفاعلية.   يًنظف البشرة من الأتربة والأوساخ.   يساعد على تهدئة البشرة.   يُحافظ على ترطيب البشرة ولا يسبب جفافها ويكسبها ملمس ناعم.   يعمل على تنقية المسام.   لا يحتاج إلى الفرك أو الشطف بعد الاستخدام.   خالي من العطور والكحول والبارابين.   مناسب لجميع أنواع البشرة حتى البشرة الحساسة.   تم اختباره من قبل أطباء الجلدية والعيون.     حجم Garnier Micellar Cleansing Water:     يتوفر بحجم 400 مل.     يوصي به:   لجميع أنواع البشرة بما في ذلك البشرة الحساسة حيث يعمل على تنظيف البشرة بعمق وإزالة مكياج العينين والشفاه والوجه بفاعلية دون التسبب بحساسية أو تهيج البشرة.,ماركة: غارنييه
1912,مرطب موندو كريم للبشره الدهنية mondo cream | ٥٠ جم,mondo cream,75,EGP,ماكرو للأدوية,العناية بالبشرة>الترطيب,in stock,https://chefaa.com:443/eg-ar/nowProduct/mondo-cream-50-gm,https://cdn.chefaa.com/filters:format(webp)/public/uploads/products/mondo-cream-50-gm-01719599251.png,https://cdn.chefaa.com/filters:format(webp)/public/uploads/products/mondo-cream-50-gm-01719599251.png,"مميزات المنتج   مرطب موندو كريم للبشره الدهنية ( mondo cream) من اشهر مرطبات البشرة ويتميز بتركيبة فعالة من البانثينول وزيت البابونج المهدىء والملطف   عن هذا المنتج       مكونات كريم موندو المرطب (mondo cream) البانثينول : مرطب للجلد وله تأثير مضاد للالتهابات ويخفف من التهيج والاحمرار زيت البابونج : يلطف ويهدئ من احمرار البشرة بوراكس ميثيل إيثيلين جلايكول فوائد كريم موندو للوجه يوفر عناية وترطيبًا مثاليًا للبشرة وملطفًا لتهيجات الجلد البسيطة. يساعد في علاج حروق الشمس. يخفف من طفح الحفاضات والطفح الجلدي والأكزيما وتهيج الجلد. يعالج تشققات الثدى. طريقة استعمال مرطب موندو كريم mondo ضع طبقة رقيقة من  كريم موندو  على الجلد ودلك الكريم حتى يتم امتصاصه تماماً يُستخدم الكريم 2-3 مرات يوميا أو حسب إرشادات الطبيب. في حالات تشقق الحلمة عند المرضعات يُوضع الكريم بعد كل رضعة ويتم شطفه قبل وقت الرضاعة التالي. حجم موندو كريم مرطب يتوافر mondo كريم مرطب بحجم 50 جم. سعر كريم موندو المرطب سعر موندو كريم في مصر حوالي 75 جنيه مصرى. "" mondo cream سعره قد يتغير من من وقت لآخر تبعاً لتغيره فى الصيدليات"" ما أضرار كريم موندو ؟ الكريم آمن بشكل عام ونادراً ما يسبب آثاراً جانبية والتى تشمل الجفاف ، الاحمرار ، الحساسية ، الالتهاب والحكة و تقشير الجلد ماهي استخدامات كريم موندو ؟ كريم موندو هو مرطب مهدئ للبشرة يحتوي على مكونات فعالة مثل البانثينول وزيت البابونج. يمكن استخدامه لترطيب البشرة الجافة والمتهيجة، وتسريع شفاء الجروح الطفيفة، وتخفيف الالتهابات والتهيج الناتج عن الحساسية أو الطفح الجلدي. هل يُستخدم كريم موندو للتفتيح ؟ الكريم مرطب فعال للبشرة ويحمي من الجفاف والالتهابات وليس له تأثير فعال فى تفتيح البشرة  هل موندو كريم للبشرة الدهنية والمختلطة مناسب ؟ يمكن استخدام الكريم للبشرة الدهنية للحفاظ على البشرة رطبة وناعمة ومنع جفافها ما فائدة كريم موندو للمنطقة الحساسة  ؟ يُستخدم كريم موندو للمنطقة الحساسة لعلاج التهابات واحمرار الجلد  ما فائدة موندو كريم لحروق الشمس ؟ يساعد الكريم فى تخفيف التهابات البشرة والحروق الناتجة عن التعرض للشمس حيث يلطف الجلد ويرطبه ويهدئ من احمرار وتهيج الجلد هل يُستخدم كريم موندو للحامل  ؟ أجل يمكن استخدام كريم موندو مرطب أثناء فترة الحمل بعد استشارة الطبيب ويمكن استعماله كريم موندو لتشققات الثدى. هل يُستخدم موندو كريم للرضع ؟ أجل يمكن ولكن يجب استشارة الطبيب قبل استخدامه للرضع هل كريم موندو يطلع حبوب ؟ موندو كريم للوجه يحتوي على البانثينول و زيت البابونج، وهما مكونات طبيعية غالبًا ما تكون آمنة وفعّالة للبشرة، لكن في بعض الحالات قد يحدث ظهور حبوب بسبب رد فعل تحسسي. ما بديل mondo مرطب  ؟ كريم بانثينول panthenol كريم ريفى 2 revi 2 كريم سيرديرم serderm كريم راندو rando كريم بيوريلان purelan كريم biozan  أيهما أفضل ستروبانتين أم موندو كريم ؟ ستروبانتين : يحتوى على البانثينول ، أكسيد الزنك ، الجلسرين ، دايميثيكون والايرجاسان موندو : يحتوى على البانثينول ، زيت البابونج ، بوراكس ، ميثيل إيثيلين جلايكول. تأثير كلاهما متشابه ولكن ستروبانتين يحتوى على مادة أكسيد الزنك التي تحمى الجلد من الالتهابات وتساعد على التئام الجلد المصاب ولها خصائص مطهرة  أيهما أفضل موندو كريم أم بانثينول ؟ كريم مرطب موندو يحتوى على مادة البانثينول لذا فإن كلاهما متشابه فى المكون وتأثيرهم متماثل ما الفرق بين موندو كريم و بيبانثين ؟ كلاً من كريم بيبانثين وكريم موندو يحتوى على مادة البانثينول والفرق بينهم فقط فى الشركة المنتجة ما افضل مرطب للوجة من الصيدلية  ؟ فيشي نورماديرم كريم مرطب للبشرة الدهنية مرطب لاروش ايفاكلار اتش للبشرة الدهنية توبي كريم لايت كريم مرطب للبشرة المختلطة أفين كولد كريم مرطب للوجه للبشرة العادية بيوديرما كريم مغذى للبشرة الجافة ما أفضل كريم مرطب للجسم ؟  مويست -1 كريم مرطب لحروق الشمس كريم مرطب للجسم من باث اند بودي وركس كريم مرطب للجسم بالحليب من توبيكريم كريم مرطب للجسم فينوس من ناتشرز باونتي",ماركة: ماكرو للأدوية
3122,سيكا لاب كريم مجدد ومهدىء للجلد cica lab cream | ٥٠ مل,cicalab 50ml,286,EGP,سيكا لاب,العناية بالبشرة>الترطيب,in stock,https://chefaa.com:443/eg-ar/nowProduct/cicalab-50ml,https://cdn.chefaa.com/filters:format(webp)/public/uploads/products/cicalab-50ml-01722460301.png,https://cdn.chefaa.com/filters:format(webp)/public/uploads/products/cicalab-50ml-01722460301.png,"مميزات المنتج   يتميز سيكا لاب كريم cica lab cream بما يلي: له تركيبة مميزة تساعد على إصلاح وتجديد خلايا الجلد. يحفز شفاء الجلد بعد الجراحة. يرطب البشرة ويقلل من الجفاف والالتهابات. يحسن مرونة وملمس الجلد. يقلل من مظهر البقع الداكنة بالبشرة. آمن على البشرة وخالٍ من البارابين والعطور. سعر سيكا لاب كريم مناسب مقارنة بفوائده العديدة للبشرة.   عن هذا المنتج     مكونات سيكا لاب كريم   يحتوي سيكا لاب كريم على:  بيسابولول (Bisabolol): يعمل كمهدئ للبشرة ويساعد على تحفيز شفاء الجلد، بالإضافة إلى ترطيب البشرة واستعادة مرونتها.  زيت الزعتر (thyme oil): يعمل كمضاد للبكتيريا ومضاد للالتهابات.  الكولاجين والإيلاستين (collagen,elastin): يعملان على تقليل التجاعيد وزيادة ترطيب البشرة، كما يعملان على إصلاح وتجديد خلايا الجلد.  الجلسرين وشمع العسل (glycerin,beeswax): يساعدان على ترطيب البشرة.  حجم عبوة cica lab cream   يتوفر سيكا لاب كريم بحجم 50 مل.  سعر سيكا لاب كريم   سعر cica lab cream حوالي 215 جنيه مصري (سعر المنتج قد يتغير تبعاً لتغير سعره في الصيدليات).  يوصى باستعمال كريم cica hayah ل   كريم سيكا لاب مناسب لجميع أنواع البشرة فهو يساعد على إصلاح وتجديد خلايا الجلد ويعالج التهاب واحمرار الجلد، كما يساهم في الحفاظ على ملمس ونعومة البشرة.  طريقة استخدام كريم cica  خذ كمية صغيرة من كريم Cica على أطراف أصابعك.  ضع الكريم على المناطق المتضررة أو المناطق التي تحتاج إلى ترطيب وتهدئة.  دلك الكريم بلطف على البشرة حتى يتم امتصاصه بالكامل.  يُفضل استخدام كريم Cica مرتين يوميًا، صباحًا ومساءً، أو حسب الحاجة.  ما هي فوائد كريم سيكا لاب؟  يساعد على إصلاح وتجديد خلايا الجلد.  يستخدم لتهدئة حروق والتهابات الجلد.  يمكن استخدامه لعلاج التهابات الحفاضات.  يستخدم بعد جراحات الجلد لعلاج الندبات وتحسين ملمس الجلد  يمكن استخدامه بعد الليزر وتقشير الجلد وبعد حلاقة الذهن للرجال أو الحلاقة لإزالة الشعر لدى السيدات.  يرطب البشرة ويحسن مرونتها.  هل كريم سيكا لاب يفتح البشرة؟   قد تلاحظي تحسنًا في مظهر البشرة بشكل عام بسبب الترطيب العميق وتحسين حاجز البشرة الذي يقدمه الكريم، مما قد يعطي مظهرًا أكثر إشراقًا وصحة للبشرة.   لكن لا يحتوي كريم سيكا لاب على مواد خاصة لتفتيح البشرة. إذا كنت تبحثين عن منتج محدد لتفتيح البشرة، فقد تحتاجين إلى استخدام كريمات تحتوي على مكونات معروفة بتفتيح البشرة مثل فيتامين سي، والنياسيناميد، أو الأربوتين.  ما هو بديل سيكا كريم cica lab؟  كريم سيكاستيم cicastim cream.  اكتي ريبير ديرماأكتيف acti repair derma active.  كريم سيكا بلاست من لاروش بوزييه cica plast cream.  نولافير كريم noulevar cream.  ما أفضل كريم لعلاج التهابات الجلد؟  برناسورس مرهم burnasores ointment.  ستروبانثين كريم citropanthene cream.  هيالو 4 كريم hyalo 4 cream.  نولافير كريم noulaver cream.  سيكا لاب كريم cica lab cream.",ماركة: سيكا لاب
2508,نيفيا | سوفت كريم بزهر التوت | 100مل,nivea soft berry blossom cream 100ml,80,EGP,نيفيا,العناية بالبشرة>الترطيب,in stock,https://chefaa.com:443/eg-ar/nowProduct/nivea-soft-berry-blossom-cream-100ml,https://cdn.chefaa.com/filters:format(webp)/public/uploads/products/nivea-soft-berry-blossom-cream-100ml-01674903112.png,https://cdn.chefaa.com/filters:format(webp)/public/uploads/products/nivea-soft-berry-blossom-cream-100ml-01674903112.png,مميزات المنتج   نيفيا | سوفت كريم بزهر التوت | 100مل   عن هذا المنتج     كريم مرطب رقيق برائحة التوت المنعش.   تمتصه البشرة بسرعة وينعشها.   يترك بشرتك ناعمة ونضرة.   للاستخدام اليومي.   تمت الموافقة على ملاءمته للبشرة من قِبل أطباء الجلد.   كريم نيفيا سوفت كريم بزهر التوت هو كريم للاستخدام اليومي عالي الفعالية، يمنح بشرتك ترطيباً مكثّفاً.   استمتعي بهذا الكريم المرطّب الناعم مع رائحة التوت المنعشة والحيوية.,ماركة: نيفيا
25726,ليت أب | كريم تفتيح | 50جم,lit whitening cream 50gm winr,185,EGP,No Brand,العناية بالبشرة>,in stock,https://chefaa.com:443/eg-ar/nowProduct/lit-up-whitening-cream-50gm-winr,https://cdn.chefaa.com/filters:format(webp)/public/uploads/products/lit-up-whitening-cream-50gm-opss-01668740505.png,https://cdn.chefaa.com/filters:format(webp)/public/uploads/products/lit-up-whitening-cream-50gm-opss-01668740505.png,مميزات المنتج   ليت أب | كريم تفتيح | 50جم,raw_specs: المواصفات
49769,جل مرطب ليلاك للبشرة الدهنية والمختلطة | 100 مل,leylak deep moisturizing gel 100ml 3rlr,329,EGP,No Brand,العناية بالبشرة>الترطيب,in stock,https://chefaa.com:443/eg-ar/nowProduct/leylak-deep-moisturizing-gel-100ml-3rlr,https://cdn.chefaa.com/filters:format(webp)/public/uploads/products/leylak-deep-moisturizing-gel-100ml-dkih-01730286445.png,https://cdn.chefaa.com/filters:format(webp)/public/uploads/products/leylak-deep-moisturizing-gel-100ml-dkih-01730286445.png,مميزات المنتج   يتميز مرطب ليلاك للبشرة الدهنية leylak moisturizing gel بما يلي: غني بمكونات توفر ترطيبًا عميقًا للبشرة مع الحفاظ على نعومة البشرة وحمايتها من الجفاف. تركيبة الجل الخفيفة تضمن سرعة الامتصاص دون ترك أي أثر دهني. مزود بالسيراميد مما يحسن حاجز البشرة. يمكن استخدامه عقب جلسات الليزر والديرمابن. يقلل التهاب واحمرار البشرة. مناسب للبشرة الحساسة والمعرضة للتهيج. يمكن استخدامه قبل وضع المكياج. يعزز مرونة البشرة ويقلل جفاف الجلد. سعر مرطب ليلاك للبشرة الدهنية مناسب مقارنة بفوائده العديدة للبشرة.   عن هذا المنتج     مكونات مرطب ليلاك للبشرة الدهنية   يحتوي مرطب ليلاك على:  السيراميد (Ceramide): يعزز حاجز البشرة الطبيعي ويقلل فقدان الرطوبة، مما يحمي البشرة من العوامل البيئية الضارة ويحسن مرونة البشرة ونعومتها.  النياسيناميد (Niacinamide): يقلل من الإفرازات الدهنية ويخفف من ظهور المسام الواسعة كما يعمل كمضاد للالتهابات لتقليل الاحمرار وتهيج البشرة.  البيسابولول (Bisabolol): مستخلص طبيعي من البابونج، له خصائص مهدئة ومضادة للالتهابات.  شمع العسل (Beeswax): يرطب البشرة وله خصائص مضادة للبكتيريا.  زيت اللوز الحلو (Sweet Almond Oil): يغذي البشرة ويحسن مرونتها.  زيت الإيمو (Emu Oil): يتميز بخصائصه المهدئة والمضادة للالتهابات كما يرطب البشرة.  زيت الجوجوبا (Jojoba Oil): يرطب البشرة دون سد المسام كما يساعد على تنظيم إفراز الدهون بالبشرة.  حجم عبوة leylak moisturizing gel   يتوفر مرطب ليلاك جيل بحجم 100 مل.  سعر مرطب ليلاك للبشرة الدهنية   يبلغ سعر مرطب ليلاك للبشرة المختلطة حوالي 289 جنيه مصري (سعر المنتج قد يتغير تبعاً لتحديث سعره في الأسواق أو حسب العروض المتاحة).  يوصى باستعمال كريم ليلاك مرطب ل   كريم ليلاك مناسب لجميع أنواع البشرة وخاصة أصحاب البشرة الدهنية والمختلطة فهو يتميز بتركيبة خفيفة ولطيفة ترطب البشرة دون أن تسد المسام، كما يساهم في تحسين حاجز البشرة مما يزيد نضارة ونعومة الجلد.  طريقة استخدام مرطب ليلاك للوجه  اغسلي وجهك باستخدام غسول مناسب لنوع بشرتك.  ضعي كمية صغيرة من الكريم على أطراف أصابعك.  وزعي المرطب بلطف على الوجه والرقبة بحركات دائرية حتى يتم امتصاصه تمامًا.  يفضل استخدامه مرتين يومياً صباحاً ومساءً.  ما فوائد مرطب ليلاك leylak؟  يحتوي على مكونات مثل السيراميد والنياسيناميد التي تعزز ترطيب البشرة وتجدد خلاياها، مما يحافظ على نعومتها ونضارتها.  يمكن استخدامه قبل المكياج لإنه لا يترك أثرًا دهنيًا على البشرة.  مناسب للبشرة الملتهبة والحساسة.  يعزز حاجز البشرة الطبيعي.  يمكن استخدامه بعد جلسات الليزر أو التقشير لترطيب وتهدئة البشرة وتسريع عملية التعافي.  يحافظ على رطوبة البشرة لفترة طويلة.  يقلل إفراز الدهون ولمعان البشرة.  ما أفضل مرطب للبشرة الدهنية طبي؟  سكين سايد مرطب skinside cream.  سيرافي لوشن مرطب cerave lotion.  بيوديرما سيبم هيدرا bioderma sebium hydra.  ليلاك كريم leylak cream.  ستارفيل جيل مرطب starville moisturizing gel.,raw_specs: المواصفات
49413,فاكسيل | كريم جل واقي من الشمس بعامل حماية من الشمس 50+ | 50مل,vaxil sunscreen gel cream spf50 50ml nitq,269,EGP,No Brand,العناية بالبشرة>,in stock,https://chefaa.com:443/eg-ar/nowProduct/vaxil-sunscreen-gel-cream-spf50-50ml-nitq,https://cdn.chefaa.com/filters:format(webp)/public/uploads/products/vaxil-sunscreen-gel-cream-spf50-50ml-grot-01729688527.png,https://cdn.chefaa.com/filters:format(webp)/public/uploads/products/vaxil-sunscreen-gel-cream-spf50-50ml-grot-01729688527.png,مميزات المنتج   فاكسيل | كريم جل واقي من الشمس بعامل حماية من الشمس 50+ | 50مل,raw_specs: المواصفات
51207,سيرا بانثينول كريم لترطيب الوجه والجسم | 30جم,cira panthenol intensive repairing immediate hydrating cream for body faceK7nV,59,EGP,No Brand,العناية بالبشرة>الترطيب,in stock,https://chefaa.com:443/eg-ar/nowProduct/cira-panthenol-intensive-repairing--immediate-hydrating-cream-for-body--faceK7nV,https://cdn.chefaa.com/filters:format(webp)/public/uploads/products/cira-panthenol-intensive-repairing-immediate-hydrating-cream-for-body-facek7nv-01734953620.png,https://cdn.chefaa.com/filters:format(webp)/public/uploads/products/cira-panthenol-intensive-repairing-immediate-hydrating-cream-for-body-facek7nv-01734953620.png,مميزات المنتج   سيرا بانثينول كريم لترطيب الوجه والجسم | 30جم   عن هذا المنتج     كريم Cira Panthenol للبشرة هو أول كريم بانثينول خفيف وغير دهني مصنوع بتقنية (alpha-gel) المائية ، المصمم خصيصًا لترطيب الوجه للبشرة الحساسة أو الدهنية.  يوفر كريم Cira Panthenol ترطيبًا فوريًا وطويل الأمد للبشرة الجافة والخشنة . يوفر كريم Cira Panthenol للبشرة نعومة كالحرير مثل بشرة الأطفال.  يعمل كريم Cira Panthenol على الاحتفاظ بالرطوبة في جميع أنواع بشرة الوجه والجسم لفترة طويلة.,raw_specs: المواصفات
28312,نيفيا | بلسم الحلاقة للبشرة واللحية الخفيفة باربر رينج للرجال | 125مل,nivea men barber pro range skin stubble beard moisturizing balm 125ml wbfu,220,EGP,نيفيا,العناية بالبشرة>الترطيب,in stock,https://chefaa.com:443/eg-ar/nowProduct/nivea-men-barber-pro-range-skin-stubble-beard-moisturizing-balm-125ml-wbfu,https://cdn.chefaa.com/filters:format(webp)/public/uploads/products/nivea-men-barber-pro-range-skin-stubble-beard-moisturizing-balm-125ml-8gaq-01674926562.png,https://cdn.chefaa.com/filters:format(webp)/public/uploads/products/nivea-men-barber-pro-range-skin-stubble-beard-moisturizing-balm-125ml-8gaq-01674926562.png,مميزات المنتج   نيفيا | بلسم الحلاقة للبشرة واللحية الخفيفة باربر رينج للرجال | 125مل,ماركة: نيفيا
51865,فوت سمارت | كريم | 60جم,foot smart creamZO6j,65,EGP,No Brand,العناية بالبشرة>,in stock,https://chefaa.com:443/eg-ar/nowProduct/foot-smart-60-creamZO6j,https://cdn.chefaa.com/filters:format(webp)/public/uploads/products/foot-smart-60-creamzo6j-01732728223.png,https://cdn.chefaa.com/filters:format(webp)/public/uploads/products/foot-smart-60-creamzo6j-01732728223.png,مميزات المنتج   فوت سمارت | كريم | 60جم,raw_specs: المواصفات
53452,سي ليت ريتينول سيروم | 30مل,seelit retinolb3 face serum 30mlZWZn,399,EGP,No Brand,العناية بالبشرة>,in stock,https://chefaa.com:443/eg-ar/nowProduct/seelit-retinolb3-face-serum-30mlZWZn,https://cdn.chefaa.com/filters:format(webp)/public/uploads/products/seelit-retinolb3-face-serum-30mlzwzn-01732458131.png,https://cdn.chefaa.com/filters:format(webp)/public/uploads/products/seelit-retinolb3-face-serum-30mlzwzn-01732458131.png,مميزات المنتج   سي ليت ريتينول سيروم | 30مل,raw_specs: المواصفات
55570,انفينيتي | غسول وجه انستا بوست للعناية بالبشرة | 200 مل,infinity facial wash insta boost 200ml11 offWRZH,170,EGP,إنفينيتي,العناية بالبشرة>,in stock,https://chefaa.com:443/eg-ar/nowProduct/infinity-facial-wash-insta-boost-200ml11-offWRZH,https://cdn.chefaa.com/filters:format(webp)/public/uploads/products/infinity-facial-wash-insta-boost-200ml11-offwrzh-01733260042.png,https://cdn.chefaa.com/filters:format(webp)/public/uploads/products/infinity-facial-wash-insta-boost-200ml11-offwrzh-01733260042.png,مميزات المنتج   انفينيتي | غسول وجه انستا بوست للعناية بالبشرة | 200 مل,ماركة: إنفينيتي
1943,هاي ديرم | كريم لترطيب البشرة وعلاج الالتهابات | 50جم,hiderm cream,55,EGP,افانو فارما,العناية بالبشرة>الترطيب,in stock,https://chefaa.com:443/eg-ar/nowProduct/hiderm-cream-50-gm,https://cdn.chefaa.com/filters:format(webp)/public/uploads/products/hiderm-cream-50-gm-01724146042.png,https://cdn.chefaa.com/filters:format(webp)/public/uploads/products/hiderm-cream-50-gm-01724146042.png,مميزات المنتج   هاي ديرم | كريم لترطيب البشرة وعلاج الالتهابات | 50جم   عن هذا المنتج     مكونات هاي ديرم  لعلاج الحكة     أكسيد الزنك : له خصائص مطهرة ومضادة للبكتيريا ويساعد على شفاء الجروح والحروق، والطفح الجلدي و الالتهابات.   الجلسرين : مفيد للبشرة لأنه يعمل كمرطب ويساعد البشرة على الاحتفاظ بالرطوبة. ويحمى البشرة من الجفاف وينعش سطح الجلد   اللانولين : يساعد على ترطيب البشرة وتقليل الجفاف وتقشر الجلد   زيت الزيتون : يرطب الجلد بفاعلية وله مفعول مطهر ومضاد للبكتيريا   منثول : مادة مستخلصة من  زيت النعناع تخفف من تهيج الجلد والحكه     فوائد كريم هاى ديرم hiderm    يعمل كملطف ومهدئ للحكة وهو مخصص للاستخدام على الجلد الملتهب وهو لطيف بدرجة كافية لاستخدامه على المناطق الحساسة لتهدئة البشرة المتهيجة.    دواعى استعمال hiderm lotion and cream   يُستخدم لعلاج أو منع تهيج الجلد كما فى حالات الحساسية والالتهابات والتسلخات و طفح الحفاضات    طريقة استعمال هاي ديرم  لعلاج الالتهابات   يتوافر من hiderm نوعين هما هاى ديرم لوشن وهاى ديرم كريم      ضع طبقة رقيقة من الكريم أو اللوشن لتغطية المنطقة المراد علاجها بالكامل.   دلك البشرة برفق ليتم امتصاص الكريم أو اللوشن     حجم هاي ديرم  لعلاج الالتهابات     يتوافر لوشن هاي ديرم لعلاج التسلخات بحجم 100 مل    يتوافر hiderm كريم بحجم 50 جم     سعر هاي ديرم لاحمرار الجلد     سعر لوشن هاي ديرم حوالي 28 جنيه مصرى     سعر hiderm cream حوالي 33 جنيه مصرى       هل ينفع كريم هاي ديرم للحامل ؟   من غير المحتمل أن يتم امتصاص الكريم بكميات كبيرة عند استخدامه موضعياً على الجلد ، لذا يُعتبر استخدام الكريم أثناء الحمل آمنًا بشكل عام.   هل لوشن هاى ديرم له أى تأثير على الحامل ؟   لا ليس له تأثير مضر عل على الحامل طالما تم استعماله بالطريقة الموصى بها   ما أفضل كريم للتسلخات للكبار ؟     كيناكومب كريم للتسلخات بين الفخذين   مكسيديرم كريم   زنك اوليف كريم   سودو كريم     ما أفضل كريم للتسلخات للرضع ؟     سانوسان كريم    موستيلا كريم تغيير الحفاضات   كريم الحفاض بيبانثين   سيباميد كريم للحفاض   نو راش كريم     كيف يتم علاج التهابات الجلد؟   يختلف علاج التهابات الجلد باختلاف سببها :   التهابات الجلد التي تسببها البكتيريا عادةً يتم علاجها بالمضادات الحيوية ، على الرغم من أن بعض البكتيريا أصبحت مقاومة للعقاقير ويصعب قتلها.    وهناك أدوية وكريمات موضعية تعالج معظم الالتهابات الفطرية    وهناك عدة طرق لعلاج الالتهابات الفيروسات. وقد يوصي الطبيب بالأدوية المضادة للفيروسات ، أو قد يحتاج المريض إلى إزالة الزوائد الجلدية.    و هناك حالات من التهابات الجلد يكفى علاجها بالكريمات المرطبة والمضادة للالتهابات   وفي بعض حالات التهابات الجلد، قد تختفي الأعراض من تلقاء نفسها.   ما هى أسباب التهاب الجلد عند الأطفال ؟     الصابون المضاد للبكتيريا     الصابون المضاد للبكتيريا للتخلص من الجراثيم قد يسبب تهيج الجلد للأطفال ذوي البشرة الحساسة    لذا يُفضل استخدام  الصابون العادي والماء والذى أيضاً يساعد على التخلص من الجراثيم      منتجات العناية بالبشرة     بعض المرطبات يمكن أن تحتوي على روائح قد تهيج بشرة الأطفال المصابين بالأكزيما لذا يُفضل تجنب الأنواع الخالية من العطور و البارابين و الفثالات.     المناديل  المبللة للأطفال      من المؤكد أن مناديل الأطفال المبللة المخصصة للاستعمال مرة واحدة لها استعمالات كثيرة ، لكنها قد تحتوي على الكحول والعطور التي تسبب تهيج الجلد ، لذا بدلاً منها يمكن استخدم المناشف المبللة.      المواد الحافظة فى الصابون     قد تحتوي بعض أنواع الصابون حتى المنتجات المخصصة للأطفال على مادة الفورمالديهايد ، وهي مادة حافظة يمكن أن تسبب تهيج الجلد ، لذا ابحث عن الصابون الخالي من العطور والمواد الكيميائية.,ماركة: افانو فارما
46107,كولاجرا نياسيناميد سيروم لتفتيح وتعزيز نضارة البشرة | 30 مل,kolagra niacinamide zinc pca serum 30ml 7fas_duwMsfT9,299,EGP,كولاجرا,العناية بالبشرة>السيروم,in stock,https://chefaa.com:443/eg-ar/nowProduct/kolagra-niacinamide-10-zinc-pca-1-serum-30ml-7fas_duwMsfT9,https://cdn.chefaa.com/filters:format(webp)/public/uploads/products/kolagra-niacinamide-10-zinc-pca-1-serum-30ml-9u8s-01700394610.png,https://cdn.chefaa.com/filters:format(webp)/public/uploads/products/kolagra-niacinamide-10-zinc-pca-1-serum-30ml-9u8s-01700394610.png,"مميزات المنتج   يتميز كولاجرا نياسيناميد سيروم Kolagra Niacinamide Serum بما يلي: مناسب للاستخدام اليومي. يمكن استخدامه صباحاً و/أو مساءً. خالٍ من الزيوت، مما يجعله مناسباً لجميع أنواع البشرة. يحتوي على مكونات طبيعية تعزز من صحة البشرة. يساعد في تقليل التجاعيد ويحسن مظهر البشرة. سعر كولاجرا نياسيناميد سيروم مناسب بالمقارنة مع حجمه وفوائده.   عن هذا المنتج     مكونات سيروم كولاجرا  يحتوي كولاجرا نياسيناميد سيروم على:  نيسايناميد 10% (Niacinamide): فيتامين B3 يعمل على علاج التصبغات والبقع الداكنة، وتوحيد لون البشرة، وتنظيم إفراز الدهون، وحماية البشرة من أضرار الشمس.  فيتامينات أ وج وهـ (Vitamin A, C, E): مضادات للأكدة كما تعمل على تفتيح البشرة، وتقشير الطبقة الخارجية.  حمض اللاكتيك (Lactic Acid): مقشر لطيف على البشرة.  حمض الهيالورونيك (Hyaluronic Acid): يرطب البشرة بعمق، يعزز نضارتها، ويقلل من ظهور التجاعيد.  ألفا أربوتين 1.5% (Alpha Arbutin): يقلل من البقع الداكنة والتصبغات، ويعمل على تفتيح البشرة.  زنك 1% (Zinc): يساعد في تقليل مظهر المسام الواسعة، تنظيم إفراز الدهون، وتقليل الالتهابات والشوائب.  حجم عبوة kolagra niacinamide serum  يتوفر Kolagra Niacinamide Serum بحجم 30 مل من السيروم المخصص للعناية بالبشرة والذي يحتوي على تركيز 10% من مادة النياسيناميد مع 1% من الزنك.  يوصى باستعمال كولاجرا نياسيناميد سيروم  يوصى باستعمال Kolagra Niacinamide Serum لأصحاب البشرة الدهنية أو المختلطة، خاصةً الذين يعانون من البقع والتصبغات فهو يعمل على توحيد لون البشرة وجعلها أكثر إشراقاً مع تفتيح البشرة وترطيبها والحد من مظهر المسام الواسعة.  سعر  كولاجرا سيروم نياسيناميد للوجه  سعر Kolagra Niacinamide Serum هو 299 جنيه مصري لعبوة السيروم التي تحتوي على 30 مل من السيروم المخصص للوجه (قد يتغير سعر الدواء وفقًا لتحديثه بالصيدليات أو حسب العروض المتاحة).  طريقة استخدام  كولاجرا نياسيناميد سيروم  تنظف الرقبة والوجه جيداً باستخدام منظف مناسب لنوع البشرة.  تجفف البشرة بلطف باستخدام منشفة ناعمة.  توضع كمية صغيرة من السيروم على أطراف الأصابع.  يوزع السيروم بلطف على الوجه والرقبة، مع التركيز على المناطق التي تحتاج إلى علاج التصبغات والبقع الداكنة.  يدلك السيروم بلطف بحركات دائرية حتى يمتص بالكامل.  يكرر استعمال من مرة إلى مرتين باليوم صباحًا ومساءً.  ما فوائد سيروم كولاجرا نياسيناميد؟  يعالج التصبغات والبقع الداكنة.  يوحد لون البشرة ويجعلها أكثر إشراقاً.  يحمي البشرة من أضرار أشعة الشمس.  يحفز إنتاج الكولاجين، مما يعزز من مرونة البشرة.  يقلل من مظهر المسام الواسعة.  ينظم إفراز الدهون في البشرة.  يقلل من الالتهابات والشوائب.  يرطب البشرة ويجعلها ناعمة وممتلئة.  ما هى اضرار سيروم كولاجرا ؟  قد يسبب استعمال السيروم بعض التهيج أو الاحمرار الموضعي خلال الفترات الأولى من الاستعمال، خاصةً في حال تحسس البشرة.  متى تظهر نتائج نياسيناميد؟  تختلف المدة المتوقعة حسب مشكلات ونوع البشرة، وعادةً ما تحتاج بضعة أسابيع للوصول إلى نتائج ملحوظة.  هل يجب وضع مرطب بعد سيروم النياسيناميد؟  نعم، يمكن استعمال المرطب بعد سيروم النياسيناميد خاصةً عند استعماله بالمساء.  ما أفضل سيروم نياسيناميد للوجه ؟  ذا اورديناري سيروم نياسيناميد The ordinary serum.  فاكيشن سيروم Vacation Serum.  كولاجرا نياسيناميد سيروم Kolagra Niacinamide Serum",ماركة: كولاجرا
5538,غسول نيتروجينا هيدرو بوست الازرق جيل مائي | 200 مل,neutrogena hydro boost water gel cleanser 200ml,315,EGP,نيتروجينا,العناية بالبشرة>الغسول,in stock,https://chefaa.com:443/eg-ar/nowProduct/neutrogena-hydro-boost-water-gel-cleanser-200ml-ph,https://cdn.chefaa.com/filters:format(webp)/public/uploads/products/neutrogena-hydro-boost-water-gel-cleanser-200ml-ph-01699953593.png,https://cdn.chefaa.com/filters:format(webp)/public/uploads/products/neutrogena-hydro-boost-water-gel-cleanser-200ml-ph-01699953593.png,"مميزات المنتج   نيتروجينا | غسول هيدرو بوست الأزرق جيل مائي | 200مل   عن هذا المنتج     مكونات غسول نيتروجينا هيدرو بوست حمض الهيالورونيك : يرطب البشرة بشكل مكثف ويساعد على زيادة مرونة ورطوبة البشرة الجلسرين  خلاصة الصبار خلاصة زهرة البابونج حمض الستريك كلوريد الصوديوم  كوكاميدو بروبيل بروبيلين جليكول  مميزات غسول neutrogena hydro boost water gel مناسب للبشرة الحساسة التى تعانى من فقدان البشرة للرطوبة ينقي البشرة من الشوائب وينظفها يزيل الأوساخ والزيوت والشوائب والبكتيريا  ينظف المسام بعمق للحصول على بشرة صافية  طريقة استعمال غسول نيتروجينا الأزرق ضع كمية من الغسول على يديك ، ثم أضف الماء إليها ودلك يديك حتى تتكون الرغوة. دلك بشرتك بالغسول بلطف. اشطف جيداً. استخدم الغسول مرتين في اليوم. "" من المحتمل أن يحدث تهيج وجفاف الجلد إذا كنت تستخدم دواء موضعي آخر لحب الشباب في نفس الوقت مع الغسول "" حجم نيتروجينا غسول يتوافر غسول نيتروجينا هيدرو بوست بحجم 200 مل سعر نيتروجينا هيدرو بوست في مصر سعر الجل المائي من نيتروجينا حوالى 220 جنيه مصرى "" قد يتغير السعر من مكان لآخر ومن وقت لآخر "" غسول نيتروجينا هيدرو بوست يحتوي غسول نيتروجينا على حمض الهيالورونيك الذي يعمل على ترطيب البشرة وتغذيتها ويجعلها أكثر نضارة ما هي أفضل أنواع غسول الوجه ؟ تتوافر أنواع عديدة من غسولات الوجه ويعتمد النوع المناسب لك على نوع بشرتك وعلى تفضيلاتك الشخصية أيضًا. أفضل غسول للبشرة الدهنية والمختلطة وحب الشباب لاروش بوزاي ايفا كلار چل La Roche Posay Effaclar Gel سيباميد كلير فيس كلينسينج فوم Sebamed Clear Face Cleansing Foam اڤين غسول Avène Cleanance Cleansing Gel غسول بايوديرما Bioderma Sebium Cleansing Foaming Gel غسول فارماسيرز تي زون  Pharmaceris T-Zone Deeply Cleansing Foam غسول ناتري Natry Foaming Cleanser غسول يورياچ هيسياك Uriage Hyséac Cleansing Gel أفضل غسول للبشرة الجافة والحساسة غسول نيتروجينا هيدرو بوست جل neutrogena hydro boost water gel غسول سيتافيل للبشرة الجافة والحساسة cetaphil cleanser  غسول غارنييه garnier face wash غسول هيمالايا himalaya face wash غسول نيفيا nivea face wash أفضل روتين يومي للعناية بالبشرة اجعلي تنظيف بشرتك الخطوة الأولى من روتينك للعناية بالبشرة يعمل الغسول الجيد على تخليص بشرتك من الأوساخ والشوائب (والمكياج أيضًا) دون ترك بشرتك مشدودة وجافة. هناك العديد من أنواع الغسولات المختلفة ، وقد يعتمد النوع المناسب لك على نوع بشرتك وعلى تفضيلاتك الشخصية أيضًا. استخدمي  التونر بعد الغسول بللي قطعة من القطن بالتونر وامسحى على بشرتك للمساعدة في إزالة الزيوت الزائدة وخلايا الجلد الميتة و لإبقاء بشرتك نضرة استخدمي السيروم  فى روتينك الأساسي للعناية بالبشرة  السيروم هو منتج يحتوي على مكونات نشطة مثل فيتامين سى وحمض الهياليورونيك لتعزيز نضارة البشرة وتغذيتها ويتم وضع السيروم بعد تنظيف البشرة واستخدام التونر ولكن قبل استخدام المرطب المرطب هو المنتج الأكثر أهمية في أي روتين يومي للعناية بالبشرة سيساعد المرطب على حماية بشرتك من فقدان الرطوبة مما يجعلها تشعر بالمرونة والامتلاء ، استخدمى مرطب يحتوى على عن مكونات مثل فيتامين هـ ، والجلسرين ، وبروفيتامين ب 5 ، وزيت جوز الهند أو الجوجوبا، وكلها مرطبات رائعة لبشرتك القناع  يعتبر قناع الطين للتنظيف العميق مثاليًا إذا كانت بشرتك دهنية قليلاً بالإضافة إلى أنه سيساعد في تقليل مظهر المسام وإزالة الشوائب وخلايا الجلد الميتة المقشر يحتوي المقشر على جزيئات صغيرة تساعد في إزالة خلايا الجلد الميتة بلطف من بشرتك لجعل البشرة أكثر إشراقًا حافظي على خطوات العناية بالبشرة هذه مرة أو مرتين في الأسبوع وابدئي ببطء في البداية حتى لا تهيج بشرتك. للحصول على علاج يومي للبشرة يمكنك أيضًا تجربة القناع الورقي",ماركة: نيتروجينا
2591,كريم مرطب ستيفز للبشرة الدهنية بالكولاجين والإيلاستين | 283 جم,ives facial moisturizer renewing skin collagen elastin,600,EGP,ست ايفيس,العناية بالبشرة>الغسول,in stock,https://chefaa.com:443/eg-ar/nowProduct/st-ives-facial-moisturizer-renewing-skin-collagen-elastin-283-g,https://cdn.chefaa.com/filters:format(webp)/public/uploads/products/1592510244st-ives-facial-moisturizerjpg,https://cdn.chefaa.com/filters:format(webp)/public/uploads/products/1592510244st-ives-facial-moisturizerjpg,"مميزات المنتج   يتميز كريم مرطب ستيفز للبشرة الدهنية بالكولاجين بما يلي: مرطب قوي يحمي البشرة من الجفاف والتشققات. يغذي البشرة ويكسبها النضارة والحيوية. له ملمس خفيف غير دهني ولايسبب انسداد للمسام أو الحساسية. يحمي البشرة من علامات تقدم السن. خالي من البارابين. سعر كريم ستيفز الأصلي مناسب مقارنة بحجمه وفوائده للبشرة.   عن هذا المنتج     مكونات كريم مرطب ستيفز للبشرة الدهنية كريم st.ives مرطب ومغذى للبشرة يحتوى على عدة مكونات مرطبة بالإضافة إلى بروتين الكولاجين والإيلاستين الذى يمنح البشرة النضارة والحيوية والنعومة.     الكولاجين : هو بروتين  يدعم خلايا وأنسجة الجسم ويحميها من التلف   الإيلاستين : هو بروتين يحافظ على مرونة وشد الجلد    زيت بذور عباد الشمس : يساعد على ترطيب البشرة بشكل فعال     فوائد مرطب ستيفز بالكولاجين     لا يسبب انسداد مسام البشرة    خالي من البارابين   مناسب لجميع أنواع البشرة من الجافة حتى الدهنية   يرطب البشرة بشكل فعال   يساعد على زيادة نضارة البشرة  وشد الوجه        طريقة استعمال كريم ستيفز بالكولاجين ضعى كمية صغيرة من كريم ستيفز الكولاجين على الأصابع   وزعى كريم استيفز كولاجين على البشرة ودلكه برفق حتى تمتصه البشرة     حجم st ives مرطب للبشرة الدهنية  يتوافر مرطب st.ives ستيفز للبشرة المختلطة والدهنية بحجم 283 جرام     سعر مرطب ستيفز في الصيدليات سعر مرطب st ives  يترواح من   360 إلى 425 جنيه مصرى  "" قد يتغير سعر مرطب ستيفز  st.ives للبشرة الدهنية من من وقت لآخر ""    هل كريم ستيفز مرطب  مناسب للبشرة الدهنية؟  أجل كريم st.ives الاصلي مناسب للبشرة الدهنية فهو يتميز بأنه خفيف للغاية على البشرة وسريع الامتصاص ولا يترك أى بقايا دهنية      هل مرطب St Ives مناسب للبشرة المعرضة لحب الشباب؟ كريم st ives cream يحتوي على مواد خفيفة على البشرة  لا تسبب انسداد المسام وتوفر ترطيب فعال للبشرة  المعرضة لحب الشباب. ما أضرار كريم ستيفز بالكولاجين ؟ كريم ستيفز الاصلي هو منتج يُستخدم لترطيب البشرة وتحسين مرونتها ، وعادةً لا يسبب أضرار للبشرة.    كم مرة يُستخدم مرطب ستيفز للبشرة المختلطة  ؟  من الجيد وضع مرطب ستيفز الاصلي مرتين في اليوم ، مرة في الصباح ومرة ​​في الليل ، ويفضل أيضاً ترطيب البشرة بعد الاستحمام مباشرة      لماذا يجب ترطيب البشرة بانتظام ؟  الترطيب يقلل من مشاكل البشرة حيث يمكن أن يقلل الترطيب اليومي من فرصة الإصابة بالجفاف الشديد والذى قد يسبب حالات جلدية شائعة مثل الالتهاب وغيرها. ما أفضل مرطب للبشرة الدهنية وحب الشباب ؟ نيتروجينا هيدرو بوست جل  كريم مرطب أولاي ريجينيريست لترطيب عميق  كريم لاروش بوزيه توليريان ألترا  مرطب أفين كولد كريم avene cold cream مرطب فيشي نورماديرم كريم ترطيب st ives ما أفضل كريم كولاجين من الصيدليه ؟ كولاجين كريم للوجه من ناتشرز باونتي كريم ماسون كولاجين الأصلي كريم ايفا كولاجين للوجه كريم كولاجين للوجه الاصلي من سيفورا كريم كولاجين مرطب ستيفز كريم الكولاجين من لوريال للوجه ما أفضل كريم لإزالة التجاعيد من الوجه ؟ كريم فيتشي لعلاج التجاعيد كريم نوكس للتجاعيد كريم فيلورجا تايم فيلر  كريم يوسيرين  بعض النصائح لترطيب البشرة بفعالية :     ضع المرطب عندما تكون بشرتك رطبة قليلاً بعد الاستحمام.   إذا كانت بشرتك حساسة ، استخدم مرطبات بمكونات مهدئة وخالية من الأحماض والعطور والأصباغ.   اشترِ من علامة تجارية تثق بها.   تجنب استخدام المياه الساخنة جداً للاستحمام وعند غسل وجهك.   حافظ على رطوبة جسمك بشرب ثمانية أكواب من الماء يوميًا.   قم بترطيب البشرة مرتين في اليوم على الأقل وعندما تكون بشرتك جافة   يمكن خلط زيتًا مثل الجوجوبا أو زيت الورد مع المرطب إذا كانت بشرتك جافة جدًا        ما هى فوائد الكولاجين للبشرة ؟  تعمل كريمات الكولاجين مثل المرطبات الأخرى  حيث تُبطئ معدل فقدان الماء من الجلد وتساعد على إبقاء البشرة مرنة ورطبة.     كيف يمكن تقليل ظهور التجاعيد؟  التجاعيد هي نتيجة طبيعية لتقدم السن، ولكن يمكنك تأخير ظهورها أو تقليل مظهرها. وذلك عن طريق التقليل من التعرض لأشعة الشمس ، ووضع كريم واقي الشمس يومياً ، واستخدم منتجات البشرة التي تحتوي على مضادات الأكسدة و الريتينويدات التي يمكن أن تقلل من الخطوط الدقيقة والتجاعيد.",ماركة: ست ايفيس
61108,هيبتا | بيتا بانثينول كريم | 50جم,hepta panthenol beta cream 50gm xqbt,140,EGP,No Brand,العناية بالبشرة>الترطيب,in stock,https://chefaa.com:443/eg-ar/nowProduct/hepta-panthenol-beta-cream-50gm-xqbt,https://cdn.chefaa.com/filters:format(webp)/public/uploads/products/hepta-panthenol-beta-cream-50gm-o4kg-01750764333.png,https://cdn.chefaa.com/filters:format(webp)/public/uploads/products/hepta-panthenol-beta-cream-50gm-o4kg-01750764333.png,مميزات المنتج   هيبتا | بيتا بانثينول كريم | 50جم,raw_specs: المواصفات
60287,ادفانس | صابونة لتنظيف البشرة | 100جم,advance skin cleanser soap 100mg hknn_duREDhkQ,57,EGP,No Brand,العناية بالبشرة>الغسول,in stock,https://chefaa.com:443/eg-ar/nowProduct/advance-skin-cleanser-soap-100mg-hknn_duREDhkQ,https://cdn.chefaa.com/filters:format(webp)/public/uploads/products/advance-skin-cleanser-soap-100mg-vw0r-01691402201.png,https://cdn.chefaa.com/filters:format(webp)/public/uploads/products/advance-skin-cleanser-soap-100mg-vw0r-01691402201.png,عن هذا المنتج     ادفانس | صابونة لتنظيف البشرة | 100جم,raw_specs: المواصفات
50823,بيونيكس | وايت إكسبرت كريم للمناطق الحساسة | 50مل,bionnex whitexpert whitening cream sensitive areayGN4,599,EGP,No Brand,العناية بالبشرة>الترطيب,in stock,https://chefaa.com:443/eg-ar/nowProduct/bionnex-whitexpert-whitening-cream-sensitive-areayGN4,https://cdn.chefaa.com/filters:format(webp)/public/uploads/products/bionnex-whitexpert-whitening-cream-sensitive-areaygn4-01734865984.png,https://cdn.chefaa.com/filters:format(webp)/public/uploads/products/bionnex-whitexpert-whitening-cream-sensitive-areaygn4-01734865984.png,مميزات المنتج   بيونيكس | وايت إكسبرت كريم للمناطق الحساسة | 50مل,raw_specs: المواصفات
53626,ستارفيل | غسول فوم للتفتيح لجميع انواع البشرة | 400مل,starvill whitening cleanser ml76RJ,250,EGP,ستارفيل,العناية بالبشرة>,in stock,https://chefaa.com:443/eg-ar/nowProduct/starvill-whitening-cleanser-400-ml76RJ,https://cdn.chefaa.com/filters:format(webp)/public/uploads/products/starvill-whitening-cleanser-400-ml76rj-01733243609.png,https://cdn.chefaa.com/filters:format(webp)/public/uploads/products/starvill-whitening-cleanser-400-ml76rj-01733243609.png,مميزات المنتج   ستارفيل | غسول فوم للتفتيح لجميع انواع البشرة | 400مل,ماركة: ستارفيل
4643,مرطب لاروش بوزيه للبشرة الدهنية والمختلطة ايفاكلار مات | 40 مل,roche posay effaclar mat 40ml,829,EGP,لاروش بوزيه,العناية بالبشرة>الترطيب,in stock,https://chefaa.com:443/eg-ar/nowProduct/la-roche-posay-effaclar-mat-t-40ml,https://cdn.chefaa.com/filters:format(webp)/public/uploads/products/1610621662124448969-3593948990671717-3818350832747359782-njpg,https://cdn.chefaa.com/filters:format(webp)/public/uploads/products/1610621662124448969-3593948990671717-3818350832747359782-njpg,"مميزات المنتج   يتميز مرطب لاروش بوزيه للبشرة الدهنية والمختلطة ايفاكلار مات بما يلى: يعمل على ترطيب البشرة الدهنية دون التسبب فى زيادة لمعان البشرة. خالي من الزيوت والبارابين والمواد الكيميائية الضارة التي تسبب تلف البشرة. لاروش بوزيه مرطب للوجه يمكن وضعه قبل المكياج. مرطب لاروش بوزيه ايفاكلارلا يسبب إنسداد مسام البشرة. يتميز بتركيبته الخفيفة سريعة الامتصاص والتي لا تسبب لمعان البشرة. مناسب للبشرة الدهنية المعرضة للحبوب والبشرة الحساسة. تم اختباره من قبل أطباء الجلدية.   عن هذا المنتج     مكونات مرطب لاروش بوزيه للبشرة الدهنية والمختلطة  يحتوى كريم مرطب لاروش بوزيه ايفاكلار مات على: لايبوهيدوكسي اسيد(Lipo Hydroxy Acid): يعمل على تقشير البشرة وتنظيف المسام دون التسبب في حساسية البشرة. حمض الساليسيليك (Salicylic acid): يساعد على تقشير البشرة.   السيليكا: تعمل على امتصاص الزيوت المتراكمة على البشرة وجعلها أكثر نعومة.   البيرلايت (Perlite) : يعمل على امتصاص الدهون ويقلل لمعان البشرة ويساعد على تقليل حجم المسام.    ثنائي الميثيكون: يعمل على الحفاظ على رطوبة البشرة وتقليل فقدانها للماء.   مياه الينابيع الحرارية من لاروش بوزيه: لها خصائص مهدئة وملطفة للبشرة.     فوائد مرطب لاروش بوزيه للبشرة الدهنية تشمل فوائد مرطب لاروش للبشرة الدهنية المعرضة للحبوب ما يلى: يعمل على تقليل إفرازات البشرة الدهنية. يساعد على تقليل لمعان البشرة. يستمر مفعوله لفترة طويلة قد تصل إلى 8 ساعات. يعمل على تنقية المسام مما يساعد على تصغير حجمها وتقليل ظهورها. يعمل على تقليل ظهور حب الشباب والرؤوس السوداء. يجعل البشرة أكثر نضارة وحيوية ونعومة. سعر مرطب لاروش بوزيه للبشرة الدهنية والمختلطة سعر مرطب لاروش بوزيه للبشرة المختلطة والدهنية حوالى 829 جنيه مصرى, "" قد يتغير سعر مرطب لاروش للبشرة الدهنية ايفاكلار مات من وقت لاخر تبعاً لتغيره فى الصيدليات "" حجم la roche posay effaclar mat  يتوافر مرطب لاروش ايفاكلار مات (laroche-posay مرطب) بحجم 40 مل. يوصي باستعمال لاروش بوزيه مرطب ايفاكلار مات لاروش ايفاكلار مات كريم مرطب للبشرة الدهنية المعرضة لحب الشباب والبشرة الحساسة حيث يعمل على تقليل الإفرازات الدهنية الزائدة على البشرة والتي تسبب لمعانها، كما يعمل على تنعيم البشرة وتنقية المسام. ما افضل مرطب للبشرة الدهنية من لاروش بوزيه ؟ مرطب لاروش بوزيه ايفاكلار مات. ايفاكلار اتش ايزو بيوم توليريان ألترا فلويد للبشرة الحساسة ما افضل مرطب للبشره الدهنيه المعرضه للحبوب ؟ مرطب لاروش للبشرة الدهنية المعرضة للحبوب ستيفز كريم مرطب للبشره الدهنيه ماليندا كريم للبشرة الدهنية مرطب للبشرة المعرضة للحبوب مرطب ليلاك leylak مرطب للبشره الدهنيه والحبوب مرطب شان جل مرطب بيوديرما للبشرة المختلطة مرطب cerave لوشن ايفاكلار اتش ايزو بيوم ما افضل مرطب للبشره الحساسه المعرضه للحبوب ؟ سيرافي جل مرطب للتحكم في الحبوب والدهون. بيوديرما سيبيوم للبشرة الحساسة مهدئ ومضاد للعيوب. كريم لاروش ايفاكلار اتش",ماركة: لاروش بوزيه
61287,سوب اند جلوري | قفازات لوفة فرك,soap glory the exfoli great scrub gloves 2st nl1c_duw93nq9,240,EGP,سوب اند جلوري,العناية بالبشرة>,in stock,https://chefaa.com:443/eg-ar/nowProduct/soap-glory-the-exfoli-great-scrub-gloves-2st-nl1c_duw93nq9,https://cdn.chefaa.com/filters:format(webp)/public/uploads/products/soap-glory-the-exfoli-great-scrub-gloves-2st-vlzh-01648109045.png,https://cdn.chefaa.com/filters:format(webp)/public/uploads/products/soap-glory-the-exfoli-great-scrub-gloves-2st-vlzh-01648109045.png,عن هذا المنتج     سوب اند جلوري | قفازات لوفة فرك,ماركة: سوب اند جلوري
56505,ذا اورديناري | محلول تونر حمض الجليكوليك 7% | 240 مل,the ordinary glycolic acid toning solution fragrance free mlmKFZ,1200,EGP,No Brand,العناية بالبشرة>,in stock,https://chefaa.com:443/eg-ar/nowProduct/the-ordinary-glycolic-acid-7-toning-solution-fragrance-free-240-mlmKFZ,https://cdn.chefaa.com/filters:format(webp)/public/uploads/products/the-ordinary-glycolic-acid-7-toning-solution-fragrance-free-240-mlmkfz-01736687683.png,https://cdn.chefaa.com/filters:format(webp)/public/uploads/products/the-ordinary-glycolic-acid-7-toning-solution-fragrance-free-240-mlmkfz-01736687683.png,مميزات المنتج   ذا اورديناري | محلول تونر حمض الجليكوليك 7% | 240 مل,raw_specs: المواصفات
25462,1+1 كولاجرا | مزيل عرق رول اون للتفتيح | 60مل,kolagra roll jbaq,259,EGP,كولاجرا,العناية بالبشرة>,in stock,https://chefaa.com:443/eg-ar/nowProduct/kolagra-roll-on-81172-jbaq,https://cdn.chefaa.com/filters:format(webp)/public/uploads/products/kolagra-roll-on-81172-jbaq-01701072658.png,https://cdn.chefaa.com/filters:format(webp)/public/uploads/products/kolagra-roll-on-81172-jbaq-01701072658.png,مميزات المنتج   تأخير نمو الشعر تفتيح و تقليل العرق,ماركة: كولاجرا
23288,غسول جولد فوم للتفتيح للمناطق الحساسة للنساء | 150 مل,gold fem foam for daily female care 150ml d1kh,180,EGP,ماكرو للأدوية,العناية بالبشرة>,in stock,https://chefaa.com:443/eg-ar/nowProduct/gold-fem-foam-for-daily-female-care-150ml-d1kh,https://cdn.chefaa.com/filters:format(webp)/public/uploads/products/gold-fem-foam-for-daily-female-care-150ml-d1kh-01719298507.png,https://cdn.chefaa.com/filters:format(webp)/public/uploads/products/gold-fem-foam-for-daily-female-care-150ml-d1kh-01719298507.png,"مميزات المنتج   يتميزغسول جولد فوم للتفتيح للمناطق الحساسة (gold lightening foam) بما يلي: له تركيبة رغوية لطيفة ومناسبة للأماكن الحساسة. مناسب للاستخدام اليومي ويساعد على الوقاية من الفطريات. يساعد على التخلص من الروائح الكريهة ويحمي من الالتهابات. خالي من الصابون والبارابين ولا يسبب الحساسية. سعر جولد فوم غسول مهبلي مناسب مقارنة بفوائده العديدة.   عن هذا المنتج     مكونات غسول جولد فوم للتفتيح (gold fem foam) يحتوي gold fem foam cleanser على: النعناع: يعطي رائحة منعشة وله خصائص مضادة للبكتيريا. مستخلص الصبار: يرطب الجلد ويحميه من الالتهابات. البانثيول: يرطب وينعم الجلد. فيتامين E: يغذي الجلد ويرطبه وله خصائص مضادة للأكسدة. مستخلص البابونج: مضاد للبكتيريا ويخفف من الالتهابات. زيت اللافندر: له رائحة مميزة ومنعشة ويعمل كمضاد للبكتيريا والفطريات. حجم جولد فوم غسول مهبلي يتوفر غسول جولد فوم للحامل بحجم 150 مل. سعر غسول جولد فوم للمناطق الحساسة يبلغ سعر جولد فوم غسول مهبلي حوالى 155 جنيه مصرى. ""قد يتغير السعر تبعاً لتغيره فى الصيدليات"" فوائد غسول جولد فيم فوم يستخدم جولد رغوة العناية بالمناطق الحساسة ويتميز بتركيبة طبيعية لا تسبب الالتهابات أو الحساسية وتساعد على الحفاظ على نظافة الأماكن الحساسية وحمايتها من الفطريات. طريقة استخدام غسول جولد فوم يستخدم الغسول مباشرة على البشرة المبللة ثم يشطف بالماء الدافئ، ويمكن استخدامه مرتين يومياً. ما هى مميزات غسول جولد فوم؟ له تركيبة طبيعية خفيفة على البشرة وخالي من الصابون والبارابين، وكذلك يحمي المناطق الحساسة من الالتهابات المتكررة ويحافظ على المنطقة رطبة ومعطرة. ما الفرق بين غسول جولد و جولد بلس؟ يستخدم كلاهما للعناية بالمنطقة الحساسة ولكن غسول جولد بلس له قوام جل ويجب تخفيفه بالماء قبل الاستخدام. ما أضرار غسول جولد فوم للبنات ؟ قد يسبب الحساسية او الالتهابات في حالة فرط الحساسية تجاه أحد المكونات، وكذلك يجب عدم الإفراط في استخدام الغسول للحفاظ على التوازن الحمضي للمناطق الحساسة. هل غسول جولد يمنع الحمل ؟ لا يؤثر غسول مهبلي جولد فوم على الحمل تماماً ويستخدم الغسول للعناية بالمناطق الحساسة من الخارج فقط. هل غسول جولد للمناطق الحساسة يزيل الالتهابات؟ يحتوي جولد فوم غسول مهبلي على خصائص مضادة للبكتيريا والفطريات ولذلك يحمي من الالتهابات والحكة. كم مرة يستخدم غسول المناطق الحساسة؟ يستخدم غسول جولد للبكيني مرتين يومياً أو حسب استشارة الطبيب المختص. ما افضل غسول للمنطقة الحساسة يبيض ؟ غسول فيم فريش. غسول بيزلاين للأماكن الحساسة. غسول كير فري. غسول فيم جولد.",ماركة: ماكرو للأدوية
49030,رو أفريكان | مزيل المكياج ماء ميسلار | 120مل,raw african clean that skin micellar water makeup remover jyaw_dutByusr,160,EGP,رو أفريكان,العناية بالبشرة>الغسول,in stock,https://chefaa.com:443/eg-ar/nowProduct/raw-african-clean-that-skin-micellar-water-makeup-remover-jyaw_dutByusr,https://cdn.chefaa.com/filters:format(webp)/public/uploads/products/raw-african-clean-that-skin-micellar-water-makeup-remover-k5gz-01702467622.png,https://cdn.chefaa.com/filters:format(webp)/public/uploads/products/raw-african-clean-that-skin-micellar-water-makeup-remover-k5gz-01702467622.png,مميزات المنتج   رو أفريكان | مزيل المكياج ماء ميسلار | 120مل,ماركة: رو أفريكان
32370,سيروم لوريال جليكوليك اسيد برايت glycolic bright | ٣٠ مل,loreal paris glycolic bright instant glowing serum 30ml z7re,660,EGP,لوريال باريس,العناية بالبشرة>,in stock,https://chefaa.com:443/eg-ar/nowProduct/loreal-paris-glycolic-bright-instant-glowing-serum-30ml-z7re,https://cdn.chefaa.com/filters:format(webp)/public/uploads/products/loreal-paris-glycolic-bright-instant-glowing-serum-30ml-m0aa-01697216977.png,https://cdn.chefaa.com/filters:format(webp)/public/uploads/products/loreal-paris-glycolic-bright-instant-glowing-serum-30ml-m0aa-01697216977.png,مميزات المنتج   يتميز سيروم لوريال جليكوليك اسيد برايت l'oreal glycolic bright serum بما يلي: يحتوي على حمض الجليكوليك مما يساعد على إزالة خلايا الجلد الميتة بلطف، ويعزز إشراق البشرة. يساعد على تقليل التصبغات والبقع الداكنة الناتجة عن حب الشباب أو التعرض للشمس. يعزز نعومة البشرة ويقلل من مظهر المسام الواسعة. يمنح البشرة ترطيبًا خفيفًا ويتركها بمظهر صحي ومشرق. بفضل قوامه الخفيف وسرعة الامتصاص، يمكن استخدامه بسهولة ضمن الروتين اليومي للعناية بالبشرة. سعر سيروم لوريال جليكوليك اسيد برايت مناسب مقارنة بفوائده العديدة للبشرة.   عن هذا المنتج     مكونات سيروم لوريال جليكوليك اسيد برايت فوائد المكونات الموجودة في سيروم لوريال جليكوليك أسيد برايت:  حمض الجليكوليك 1% (Glycolic Acid): مقشر كيميائي يساعد على إزالة خلايا الجلد الميتة، مما يحسن إشراق البشرة وملمسها كما يقلل من ظهور التصبغات والبقع الداكنة.  الجلسرين (Glycerin): مرطب قوي يساعد على جذب الماء إلى البشرة، مما يحافظ على ترطيبها لفترة طويلة.  نياسيناميد (Niacinamide): يقلل من مظهر التصبغات والبقع الداكنة، مما يعزز توحيد لون البشرة كما يساعد على تقليل الالتهاب وتهدئة البشرة الحساسة.  حمض الساليسيليك (Salicylic Acid): يساعد على الحد من ظهور حب الشباب كما يقلل من الزيوت الزائدة ويحسن مظهر المسام الواسعة.  حجم عبوة l`oreal glycolic bright serum   يتوفر سيروم لوريال برايت جليكوليك اسيد بحجم 30 مل.  سعر سيروم لوريال جليكوليك اسيد   يبلغ سعر سيروم لوريال برايت جليكوليك اسيد حوالي 415 جنيه مصري (سعر المنتج قد يتغير تبعاً لتحديث سعره في الصيدليات أو حسب العروض المتاحة).  يوصى باستعمال جليكوليك اسيد لوريال ل   سيروم لوريال جليكوليك اسيد برايت مناسب لجميع أنواع البشرة فهو يتميز بقوامه الخفيف سهل الامتصاص مما يجعل البشرة تستفيد بكافة مكوناته، كما يساعد على تقشير البشرة بلطف وإكسابها مظهرًا أكثر نعومة وإشراقاً.  طريقة استخدام سيروم لوريال للبشرة  اغسلي وجهك بغسول لطيف لإزالة الشوائب والزيوت الزائدة، وجففيه بلطف باستخدام منشفة ناعمة.  خذي 2-3 قطرات من السيروم على أطراف أصابعك.  وزعي السيروم على وجهك بحركات دائرية لطيفة مع تجنب منطقة العينين.  بعد أن يتم امتصاص السيروم تمامًا، ضعي مرطبًا مناسبًا للحفاظ على ترطيب البشرة وتعزيز فوائد السيروم.  يُفضل استخدام هذا السيروم في المساء لأن حمض الجليكوليك قد يجعل البشرة أكثر حساسية للشمس.  ابدئي باستخدام السيروم 2-3 مرات أسبوعيًا، ثم زيدي التكرار تدريجيًا إذا كانت بشرتك تتحمله بشكل جيد.  ما فوائد سيروم لوريال للوجه؟  يقشر البشرة بلطف ويزيل خلايا الجلد الميتة.   يحسن نسيج البشرة ويجعلها أكثر نعومة.  يقلل مظهر التصبغات والبقع الداكنة الناتجة عن حب الشباب أو التعرض لأشعة الشمس.  يعزز إشراق البشرة ويمنحها مظهرًا صحيًا وحيويًا.  يقلل من انسداد المسام ويحسن مظهرها.  يوحد لون البشرة ويقلل الالتهاب.  ما افضل سيروم جليكوليك اسيد؟  سيروم أورديناري the ordinary serum.  سيروم ديرما أكتيف أكتي وايت dermactive acti white serum.  سيروم أدفانسد كلينيكالز advanced clinicals serum.  سيروم لوريال برايت l`oreal bright serum.  سيروم بيونكس bionnex serum.,ماركة: لوريال باريس
20989,بيور | فازلين جيلي بتروليوم | 20مل,pure vaseline petroleum jelly 20ml a0bv,12,EGP,بيور,العناية بالبشرة>,in stock,https://chefaa.com:443/eg-ar/nowProduct/pure-vaseline-petroleum-jelly-20ml-a0bv,https://cdn.chefaa.com/filters:format(webp)/public/uploads/products/pure-vaseline-petroleum-jelly-20ml-zoax-01655656135.png,https://cdn.chefaa.com/filters:format(webp)/public/uploads/products/pure-vaseline-petroleum-jelly-20ml-zoax-01655656135.png,مميزات المنتج   بيور | فازلين جيلي بتروليوم | 20مل,ماركة: بيور
1941,ريفى تو | كريم ملطف للجلد ولتشققات الثدي للحامل | 50جم,revi cream,75,EGP,ماكرو للأدوية,العناية بالبشرة>الترطيب,in stock,https://chefaa.com:443/eg-ar/nowProduct/revi-2-cream-50-gm,https://cdn.chefaa.com/filters:format(webp)/public/uploads/products/revi-2-cream-50-gm-01720365042.png,https://cdn.chefaa.com/filters:format(webp)/public/uploads/products/revi-2-cream-50-gm-01720365042.png,"مميزات المنتج   ريفى تو | كريم ملطف للجلد ولتشققات الثدي للحامل | 50جم   عن هذا المنتج       نشرة كريم ريفي تو للوجه: كريم ريفي تو  هو كريم ملطف للجلد يعمل على ترطيب البشرة و يساعد في علاج جفاف البشرة خاصتاً في الشتاء ويعالج أيضاً التهابات البشرة بسبب التعرض لأشعة الشمس  كما يعمل على معالجة التسلخات. مكونات ريفى تو كريم revi 2 cream: دايميثيكون: يسمي ثنائي ميثيل بولي سيلوكسان  و ينضم إلى مجموعة من بعض المركبات البوليمرية العضوية التي تسمي السيليكون ويساعد في ترطيب وتلطيف البشرة . بانثينول: هو عبارة عن الكحول حمض البانتوثنيك ويعتبر بروفيتامين. ويساعد في ترطيب وتلطيف البشرة . تراي كلوزان: تعمل علي القضاء علي البكتيريا التي تسبب التسلخات والالتهابات الجلدية يحتوي أيضاً علي فيتامين اً و فيتامين هـ و  عطور خشبية و جلسرين و يوجد به خلاصة زهور الكاموميل وزيت اللوز و زيت الزيتون و يساعدون في الحماية من البكتيريا و الفطريات و يعالجون و جفاف البشرة والالتهابات و يقوموا بترطيب البشرة ريفي تو دواعي الاستعمال: يقوم كريم ريفي تو بمعالجة الالتهابات الجلدية ويستعمل أيضاً كريم ريفى تو للتسلخات التي تحدث بسبب الاحتكاك و يحمي الالتهابات ويعالج الحمو النيل و الاكزيما و يقوم بمعالجة كبار السن في التخلص من قرح الفراش و يعالج تشققات الصدر والحساسية الجلد التي تسببها العطور و يعالج الشخص من الحكة التي تنتج عن الحشرات و كانت هذه استخدامات كريم ريفى تو. طريقة استخدام كريم revi 2: نقوم بدهن طبقة خفيفة من الكريم. تدليك المنطقة المحددة للشخص الذي يعاني منها ثم إنتظار امتصاص الكريم. أما إذا كان لعلاج تشققات الحلمه الثدي تكون هي وضع الكريم علي منطقة الحلمه و المنطقة الطوقة لها . جرعة ريفي تو ملطف للجلد: يجب عليك مراجعة الطبيب أو الصيدلي قبل تناول الدواء. جرعة الدواء قد تختلف من حالة لأخرى. وتكون الجرعة revi 2 المعتادة كالتالى :  نقوم بوضع الكريم على المنطقة المحددة للمريض ثلاث مرات علي مدار اليوم  . أما إذا كان كريم ريفى تو للثدى أي يعالج تشققات حلمه الثدي نقوم بوضع الكريم في المنطقة المحددة له و يتم وضع طبقة بسيطة و بعد ذلك يتم غسل حلمه الثدي قبل رضاعة الطفل  ويتم استخدامه ايضاً بعد الرضاعة. ريفي تو الآثار الجانبية: تختلف الأعراض الجانبية من شخص لآخر لكن قد يحدث التهابات أو احمرار أو تهيج الجلد أو الحساسية. موانع استعمال  كريم ريفي تو: عدم استخدام هذا المنتج للأشخاص الذين يعانون من الحساسية من مكونات الكريم. إبعاد الكريم عن العين و إبعاده عن الأطفال. يستخدم الكريم خارجياً فقط. يجب على الأمهات المرضعات إستشارة الطبيب قبل استخدام الكريم  حتى لا يؤثر على الرضيع. التحذيرات والاحتياطات عند تناول revo 2 cream : يجب إستشارة الطبيب أو الصيدلى فى حالة كنت تتناول أدوية أخرى أو تعانى من أى أمراض . يجب إستشارة الطبيب أو الصيدلي قبل إستخدام الدواء فى حالة الحمل أو الرضاعة. سعر كريم ريفى تو revi 2 cream : يبلغ سعر العلبة حوالي 65 جنيه مصرى  "" قد يتغير السعر من وقت لآخر "". يتوافر المنتج ريفي تو لعلاج جفاف البشرة بحجم 50 جم. بديل كريم revi 2: كريم موندو mondo  فيوسي زون Fusi Zon Cream كارنو كريم Carno Cream هاي بانتين بلاس كريم Hipanthen Plus Cream أضرار كريم ريفي تو: قد يكون هناك بعض الأعراض الجانبية على بعض الأشخاص منها ( الالتهابات في الجلد ,الحساسية ,  والاحمرار). أفضل كريم لتشققات الثدى للحامل  كريم أورينت إن  Orient-n. كريم ميبو mebo. ريفى تو كريم للحامل revi 2. كريم بيوريلان purelan . هل يناسب كريم ريفى تو للبشرة الدهنية؟ يعد كريم ريفي تو مناسب للبشرة الدهنية و لجميع أنواع البشرة ويعمل على تغذيتها و ترطبها و تلطيفها  لأنه يحتوي علي المواد الطبيعية التي تحمي البشرة من البكتيريا و الفطريات التي يصاب به الجلد هل يستعمل كريم ريفى تو للتفتيح؟ إن كريم ريفي تو ملطف و مرطب للبشرة ويساعد علي تخفيف من الالتهابات التي تحدث للبشرة ولكنه لا يساعد علي تفتيح الشعر",ماركة: ماكرو للأدوية
20670,ديتول | صابون مضاد للبكتريا كوول | 165جم,dettol anti bacterial cool bar soap 165gm xrop,49,EGP,ديتول,العناية بالبشرة>,in stock,https://chefaa.com:443/eg-ar/nowProduct/dettol-anti-bacterial-cool-bar-soap-165gm-xrop,https://cdn.chefaa.com/filters:format(webp)/public/uploads/products/dettol-anti-bacterial-cool-bar-soap-165gm-xrop-01720532895.png,https://cdn.chefaa.com/filters:format(webp)/public/uploads/products/dettol-anti-bacterial-cool-bar-soap-165gm-xrop-01720532895.png,عن هذا المنتج     ديتول | صابون مضاد للبكتريا كوول | 165جم,ماركة: ديتول
44892,جليم ميكس | كريم لتفتيح البشرة | 50جم,gleam mix skin whitening cream mzge,150,EGP,كى ام تى فارما,العناية بالبشرة>الترطيب,in stock,https://chefaa.com:443/eg-ar/nowProduct/gleam-mix-skin-whitening-cream-50-gm-mzge,https://cdn.chefaa.com/filters:format(webp)/public/uploads/products/gleam-mix-skin-whitening-cream-50-gm-ndar-01722428860.png,https://cdn.chefaa.com/filters:format(webp)/public/uploads/products/gleam-mix-skin-whitening-cream-50-gm-ndar-01722428860.png,عن هذا المنتج     جليم ميكس | كريم لتفتيح البشرة | 50جم,ماركة: كى ام تى فارما
28721,أليجون | بودى ميلك | 200مل,alejon whitening body milk 200ml ytde,300,EGP,أليجون,العناية بالبشرة>,in stock,https://chefaa.com:443/eg-ar/nowProduct/alejon-whitening-body-milk-200ml-ytde,https://cdn.chefaa.com/filters:format(webp)/public/uploads/products/alejon-whitening-body-milk-200ml-eiyy-01680653558.png,https://cdn.chefaa.com/filters:format(webp)/public/uploads/products/alejon-whitening-body-milk-200ml-eiyy-01680653558.png,مميزات المنتج   أليجون | بودى ميلك | 200مل,ماركة: أليجون
21771,جليسوليد | كريم جليسرين | 250مل,glysolid glycerin cream 250ml 6r99,175,EGP,جليسوليد,العناية بالبشرة>,in stock,https://chefaa.com:443/eg-ar/nowProduct/glysolid-glycerin-cream-250ml-6r99,https://cdn.chefaa.com/filters:format(webp)/public/uploads/products/glysolid-glycerin-cream-250ml-aful-01658077850.png,https://cdn.chefaa.com/filters:format(webp)/public/uploads/products/glysolid-glycerin-cream-250ml-aful-01658077850.png,مميزات المنتج   جليسوليد | كريم جليسرين | 250مل,ماركة: جليسوليد
55492,جليسوليد | لوشن للجسم بالمسك | 500 مل,glysolid body lotion musk mlNJzZ,210,EGP,No Brand,العناية بالبشرة>,in stock,https://chefaa.com:443/eg-ar/nowProduct/glysolid-body-lotion-musk-500-mlNJzZ,https://cdn.chefaa.com/filters:format(webp)/public/uploads/products/glysolid-body-lotion-musk-500-mlnjzz-01735159847.png,https://cdn.chefaa.com/filters:format(webp)/public/uploads/products/glysolid-body-lotion-musk-500-mlnjzz-01735159847.png,مميزات المنتج   جليسوليد | لوشن للجسم بالمسك | 500 مل,raw_specs: المواصفات
18034,نيفيا | كريم ناتشورال فيرنيس للوجه والجسم | 200مل,nivea natural fairness cream 200ml xahv,130,EGP,نيفيا,العناية بالبشرة>الترطيب,in stock,https://chefaa.com:443/eg-ar/nowProduct/nivea-natural-fairness-cream-200ml-xahv,https://cdn.chefaa.com/filters:format(webp)/public/uploads/products/nivea-natural-fairness-cream-200ml-xahv-01655037627.png,https://cdn.chefaa.com/filters:format(webp)/public/uploads/products/nivea-natural-fairness-cream-200ml-xahv-01655037627.png,مميزات المنتج   نيفيا | كريم ناتشورال فيرنيس للوجه والجسم | 200مل   عن هذا المنتج     تركيبة مبتكرة من مستخلصات نبات عرق السوس وثمرة التوت تمنح البشرة النقاء والصفاء والنضارة. يقلل من تصبغ البشرة ويمنع ظهور البقع الداكنة. يحمي البشرة من أشعة الشمس من خلال مرشحات الأشعة فوق البنفسجية. لوشن التفتيح الطبيعي للجسم من نيڤيا هو مرطب يومي مُصنَّع لتعزيز التألق الطبيعي للجلد، حيث يمنح البشرة نعومة فائقة ونقاء طبيعي. تركيبة مبتكرة من مستخلصات نبات عرق السوس وثمرة التوت تمنح البشرة النقاء والصفاء والنضارة. يقلل من تصبغ البشرة ويمنع ظهور البقع الداكنة. يحمي البشرة من أشعة الشمس الضارة من خلال فلاتر الأشعة فوق البنفسجية UV.,ماركة: نيفيا
50812,بيونيكس | صن بلوك دراي تاتش فلويد +50 اس اف | 50مل,bionnex preventiva sun screen 50spf dry touch flufBD7,599,EGP,No Brand,العناية بالبشرة>الوقاية من الشمس,in stock,https://chefaa.com:443/eg-ar/nowProduct/bionnex-preventiva-sun-screen-50spf-dry-touch-flufBD7,https://cdn.chefaa.com/filters:format(webp)/public/uploads/products/bionnex-preventiva-sun-screen-50spf-dry-touch-flufbd7-01734866812.png,https://cdn.chefaa.com/filters:format(webp)/public/uploads/products/bionnex-preventiva-sun-screen-50spf-dry-touch-flufbd7-01734866812.png,مميزات المنتج   بيونيكس | صن بلوك دراي تاتش فلويد +50 اس اف | 50مل,raw_specs: المواصفات
23041,كريم سانوسان للرضاعة لعلاج تشققات الثدي | 30 مل,sanosan burstwart ointment 30ml st6p,434.9,EGP,سانوسان,العناية بالبشرة>,in stock,https://chefaa.com:443/eg-ar/nowProduct/sanosan-burstwart-ointment-30ml-st6p,https://cdn.chefaa.com/filters:format(webp)/public/uploads/products/sanosan-burstwart-ointment-30ml-zz5l-01663510267.png,https://cdn.chefaa.com/filters:format(webp)/public/uploads/products/sanosan-burstwart-ointment-30ml-zz5l-01663510267.png,"مميزات المنتج   يتميز سانوسان كريم مرطب لحلمة الثدي بما يلي: يساعد على الترطيب العميق لحلمات الثدي الجافة والمتشققة. يحافظ على رطوبة الجلد. يخفف الألم الناتج عن جفاف الحلمة خاصة أثناء الرضاعة. يحسن ملمس الجلد. له ملمس كريمي خفيف وسهل الامتصاص. آمن للاستخدام خلال فترة الرضاعة. خالي من العطور والبارابين. سعر سانوسان كريم مرطب لحلمة الثدي مناسب مقارنة بفعاليته في ترطيب الجلد والحماية من التشققات والجفاف.   عن هذا المنتج     مكونات كريم سانوسان للرضاعة يحتوي كريم سانوسان للرضاعة على اللانولين الطبيعي الذى يساعد على ترطيب الجلد بعمق وحمايته من الجفاف والتشقق. سعر كريم سانوسان لتشققات الثدي  سعر كريم سانوسان للثدي للحلمة هو 360 جنيه "" sanosan nipple cream سعره قد يتغير من وقت لاخر ومن مكان لاخر تبعاً لتغيره فى الأسواق "" حجم عبوة سانوسان كريم للحلمة يتوفر Sanosan Nipple Salve Cream بحجم 30 مل. يوصى باستعمال سانوسان كريم مرطب لحلمة الثدي لـ: كريم سانوسان للرضاعة مناسب لمن يعانون من تشقق والتهاب حلمة الثدي؛ إذ أنه يساعد على ترطيب الجلد بعمق وحمايته من الجفاف وله ملمس كريمي يقلل الجفاف ويحفظ رطوبة الجلد. ما هى طريقة استخدام كريم سانوسان لتشققات الثدي ؟ يُستخدم كريم سانوسان للثدي بين أوقات الرضاعة قومي بتدليك طبقة رقيقة من كريم سانوسان للرضاعة بلطف. لا يلزم إزالة الكريم قبل الرضاعة التالية. ما أفضل كريم للحلمة قبل الولادة ؟ سانوسان كريم للصدر  بيبانثين كريم لتشققات الحلمه كريم بانثينول لتشققات الثدي موستيلا كريم ترطيب الثدي",ماركة: سانوسان
45420,مرطب سيباكلار هيدرا للبشره الدهنية والحبوب | 50 مل,sebaclar hydra cream 50ml_duA50srT,286,EGP,سيباكلار,العناية بالبشرة>الترطيب,in stock,https://chefaa.com:443/eg-ar/nowProduct/sebaclar-hydra-cream-50ml_duA50srT,https://cdn.chefaa.com/filters:format(webp)/public/uploads/products/sebaclar-hydra-cream-50ml-dua50srt-01753082010.png,https://cdn.chefaa.com/filters:format(webp)/public/uploads/products/sebaclar-hydra-cream-50ml-dua50srt-01753082010.png,"مميزات المنتج   يتميز مرطب سيباكلار هيدرا للبشرة الدهنية (Sebaclar hydra cream ) بما يلي: له تركيبة خفيفة وسريعة الامتصاص ترطب البشرة بفعالية دون أن تترك أي شعور دهني. يساعد على التحكم في إفراز الدهون، مما يقلل ظهور اللمعان الزائد ويقلل احتمالية ظهور الحبوب. يساهم في علاج الحبوب والتقليل من احمرار البشرة. يهدئ البشرة ويساعد على تخفيف التهيج. سعر مرطب سيباكلار للبشرة الدهنية مناسب مقارنة بفوائده العديدة للبشرة.   عن هذا المنتج     مكونات مرطب سيباكلار هيدرا للبشرة الدهنية   يحتوي مرطب سيباكلار للبشره المختلطة والدهنية على: فيتامين ب3 ""نياسين"": يساعد على تحسين وظائف حاجز البشرة وتقليل الالتهابات وتهدئة البشرة المتهيجة، كما يعمل على تحسين مرونة البشرة وتقليل ظهور الخطوط الدقيقة.  فيتامين ه: له خصائص مضادة للأكسدة تساعد على حماية البشرة من التلف الناتج عن التلوث والأشعة فوق البنفسجية.  زبدة المورمورو: تحتوي على نسبة عالية من الأحماض الدهنية والمغذيات التي تساعد على ترطيب البشرة بعمق ومنحها مظهرًا نضرًا وصحيًا.  أحماض دهنية: تعمل على توفير الترطيب للبشرة والحفاظ على توازن إفراز الدهون، كما أنها تساعد على تقليل التهيج وتحسين مرونة البشرة.  حجم hayah sebaclar hydra cream يتوافر سيباكلار هيدرا كريم (sebaclar hydra moisturizer) بحجم 50 مل. sebaclar hydra سعر يبلغ سعر مرطب سيباكلار للبشره الدهنية  حوالي 189 جنيه مصري. "" قد يتغير سعر سيباكلار هيدرا sebaclar hydra من وقت لاخر تبعاً لتغير سعره فى الاسواق "" يوصى باستعمال سيباكلار هيدرا كريم sebaclar hydra مرطب مناسب لأصحاب البشرة الدهنية والمختلطة والمعرضة للحبوب فهو يتميز بتركيبة خفيفة ولطيفة على البشرة، مما يرطب البشرة بفعالية ويتحكم في إفراز الدهون وبالتالي يمنحك بشرة أكثر نضارة وحيوية. طريقة استعمال مرطب sebaclar hydra ابدأي بتنظيف البشرة بلطف باستخدام منظف مناسب لنوع بشرتك.  جففي البشرة بلطف بمنشفة نظيفة.  ضعي كمية صغيرة من سيباكلار هيدرا مرطب ووزعيها على الوجه والرقبة. دلكي sebaclar مرطب بلطف في حركات دائرية حتى يتم امتصاصه تمامًا.  يمكن استخدام كريم سيباكلار هيدرا مرتين في اليوم، صباحًا ومساءً. ما هى عيوب مرطب سيباكلار هيدرا ؟ قد يكون حجم عبوة مرطب سيباكلار هيدرا  قليل بالنسبة لسعره ، قد تحتاجى لاعادة وضعه عدة مرات فى اليوم للحفاظ على ترطيب البشرة. ما فوائد مرطب حياة للبشرة الدهنية ؟   يرطب البشرة بعمق وفاعلية.  يقلل الالتهابات و آثار الحبوب.  ينظم إفراز الدهون بالبشرة مما يقلل من مظهر المسام.  يكسب البشرة النضارة والحيوية.  يحسن ملمس الجلد ويحميه من الجفاف.  ما أفضل مرطب للبشرة الدهنية وحب الشباب ؟  سيرافي مرطب للبشرة الدهنية.  شان جل مرطب.  مرطب لاروش إيفاكلار.  مرطب سيباكلار للبشره الدهنية.",ماركة: سيباكلار
50071,إيفا سكين كير | مزيل العرق رول أون برائحة اللمعان الطبيعي - لمسة مخملية | 60 مل,eva natural glow lightening roll deodorant velvet touch 60gm 8ei6,115,EGP,No Brand,العناية بالبشرة>,in stock,https://chefaa.com:443/eg-ar/nowProduct/eva-natural-glow-lightening-roll-on-deodorant-velvet-touch-60gm-8ei6,https://cdn.chefaa.com/filters:format(webp)/public/uploads/products/eva-natural-glow-lightening-roll-on-deodorant-velvet-touch-60gm-fudg-01730724077.png,https://cdn.chefaa.com/filters:format(webp)/public/uploads/products/eva-natural-glow-lightening-roll-on-deodorant-velvet-touch-60gm-fudg-01730724077.png,مميزات المنتج   إيفا سكين كير | مزيل العرق رول أون برائحة اللمعان الطبيعي - لمسة مخملية | 60 مل   عن هذا المنتج     إيفا سكين كير | مزيل العرق رول أون برائحة اللمعان الطبيعي - لمسة مخملية | 60 مل,raw_specs: المواصفات
20781,جليسوليد | كريم ناعم مرطب للجسم | 200مل,glysolid soft cream 100ml 3n91,110,EGP,جليسوليد,العناية بالبشرة>,in stock,https://chefaa.com:443/eg-ar/nowProduct/glysolid-soft-cream-100ml-3n91,https://cdn.chefaa.com/filters:format(webp)/public/uploads/products/glysolid-soft-cream-100ml-3n91-01723109146.png,https://cdn.chefaa.com/filters:format(webp)/public/uploads/products/glysolid-soft-cream-100ml-3n91-01723109146.png,مميزات المنتج   جليسوليد | كريم ناعم مرطب للجسم | 200مل,ماركة: جليسوليد
28228,جل جلامي لاب للتجاعيد وشد البشرة | 50 جم,glamy lab whitening anti wrinkles gel 50gm fogi,450,EGP,جلامي لاب,العناية بالبشرة>,in stock,https://chefaa.com:443/eg-ar/nowProduct/glamy-lab-whitening-anti-wrinkles-gel-50gm-fogi,https://cdn.chefaa.com/filters:format(webp)/public/uploads/products/glamy-lab-whitening-anti-wrinkles-gel-50gm-fogi-01723040846.png,https://cdn.chefaa.com/filters:format(webp)/public/uploads/products/glamy-lab-whitening-anti-wrinkles-gel-50gm-fogi-01723040846.png,"مميزات المنتج   يتميز جل جلامي لاب للتجاعيد بما يلي: له تركيبة فريدة ومميزة تساهم في إصلاح البشرة وتقليل الخطوط والتجاعيد. يحتوي على الأرجيرلاين الذي يشبه في مفعوله البوتوكس في شد البشرة. يقاوم التجاعيد وعلامات تقدم سن البشرة. مصمم بتقنية Q10 التي تقلل من التجاعيد وعلامات الشيخوخة. مناسب للاستخدام اليومي. يجدد شباب البشرة ويمنحها المزيد من النضارة. تم اختباره من قبل أطباء الجلدية ولا يسبب الحساسية. سعر جل جلامي لاب للتجاعيد مناسب مقارنة بفوائده العديدة للبشرة.   عن هذا المنتج     مكونات جل جلامي لاب للتجاعيد   يحتوي جلامي لاب جل على:  الكافيين: يعمل على تحفيز الدورة الدموية وتقليل الانتفاخات والهالات السوداء تحت العينين.  أكتوبونتين: يعمل على تحسين مرونة البشرة وشدها، كما يمكن أن يساعد على تقليل ظهور التجاعيد والخطوط الدقيقة.  بيبتيد: يعمل على تحفيز إنتاج الكولاجين في البشرة، مما يساعد على تحسين مظهرها وشدها.  كولاكسيل: يشد البشرة ويحسن مظهرها بشكل عام.  صوديوم هيالورونات: يعمل على ترطيب البشرة بعمق وزيادة مرونتها، كما يساعد على تقليل ظهور التجاعيد.  أرجيريلاين: يُعرف أيضًا باسم ""بوتوكس الطبيعة""، حيث يُفتَّح بشكل طبيعي ويُقلِّل من تقلُّصات العضلات التي تُسبِّب التجاعيد، مما يُساعِد على تقليل ظهور التجاعيد والخطوط الدقيقة.  حجم Glamy lab gel  يتوفر جل جلامي لاب للتجاعيد بحجم 50 مل.  سعر glamy lab anti-wrinkles gel   يبلغ سعر جل جلامي لاب حوالي 400 جنيه مصري.  يوصى باستعمال جل جلامي لاب للتجاعيد ل   جلامي لاب جل مناسب لجميع أنواع البشرة فهو يصلح عيوب البشرة ويقلل من التجاعيد وعلامات تقدم السن، مما يمنحك بشرة أكثر شباباً ونضارة وهو مصمم بتقنية Q10 التي تعد أقوى علاج للتجاعيد والشيخوخة.  طريقة استخدام جل التجاعيد جلامي لاب   اغسلي وجهك جيداً باستخدام الغسول المناسب.  ضعي الجل مرتين يومياً على الوجه والرقبة.  دلكيه بحركات دائرية خفيفة.  ما أفضل كريم للتجاعيد من الصيدلية؟  سيروم فيشي ليفت أكتيف.  كريم إيفا بالكولاجين.  كريم بيل كلينيك للتجاعيد.  جل جلامي لاب للتجاعيد.  كريم أرجنتو بالكولاجين.",ماركة: جلامي لاب
2294,رينو | محلول عدسات لاصقة | 120مل,renu solution for contact lens 120ml,320,EGP,رينو,العناية بالبشرة>العناية بالعيون,in stock,https://chefaa.com:443/eg-ar/nowProduct/renu-solution-for-contact-lens-120ml,https://cdn.chefaa.com/filters:format(webp)/public/uploads/products/1627208390renu-solution-for-contact-lens-120ml-chefaajpeg,https://cdn.chefaa.com/filters:format(webp)/public/uploads/products/1627208390renu-solution-for-contact-lens-120ml-chefaajpeg,مميزات المنتج   للتنظيف تطهير، والحفاظ عليها ترطيب وتنظيف عدسات لاصقة.,ماركة: رينو
56786,شان | مرطب للجسم تيوليب روز | 300مل,shaan moisturizing body milk tulip rose 300ml zauy_du6BFXpE,220,EGP,شان,العناية بالبشرة>الترطيب,in stock,https://chefaa.com:443/eg-ar/nowProduct/shaan-moisturizing-body-milk-tulip-rose-300ml-zauy_du6BFXpE,https://cdn.chefaa.com/filters:format(webp)/public/uploads/products/shaan-moisturizing-body-milk-tulip-rose-300ml-b9o7-01732709447.png,https://cdn.chefaa.com/filters:format(webp)/public/uploads/products/shaan-moisturizing-body-milk-tulip-rose-300ml-b9o7-01732709447.png,مميزات المنتج   شان | مرطب للجسم تيوليب روز | 300مل,ماركة: شان
6053,إيڤا سكين كير | ايفازلين كريم لترطيب اليدين | 60مل,evasline hand cream 60g 21h7,65,EGP,إيڤا,العناية بالبشرة>,in stock,https://chefaa.com:443/eg-ar/nowProduct/evasline-hand-cream-60g-21h7,https://cdn.chefaa.com/filters:format(webp)/public/uploads/products/1619872371evasiline-hand-cream-60gm-chefaajpg,https://cdn.chefaa.com/filters:format(webp)/public/uploads/products/1619872371evasiline-hand-cream-60gm-chefaajpg,مميزات المنتج   يحافظ على ترطيب البشرة ويمنع الجفاف ويكون طبقة حماية عليها تمنع فقدان الترطيب.,ماركة: إيڤا
7653,افين | مرطب يستخدم للاحمرار من افين يلائم البشرة الجافة | 40مل,avene cleanance hydra soothing cream 40ml le4c,699,EGP,افين,العناية بالبشرة>الترطيب,in stock,https://chefaa.com:443/eg-ar/nowProduct/avene-cleanance-hydra-soothing-cream-40ml-le4c,https://cdn.chefaa.com/filters:format(webp)/public/uploads/products/1632638898avene-cleanance-hydra-soothing-cream-40mljpg,https://cdn.chefaa.com/filters:format(webp)/public/uploads/products/1632638898avene-cleanance-hydra-soothing-cream-40mljpg,مميزات المنتج   افين | مرطب يستخدم للاحمرار من افين يلائم البشرة الجافة | 40مل   عن هذا المنتج     كريم أفين كلينانس هيدرا المهدئ 40 مل هو عناية مهدئة ومرطبة ومغذية مخصصة للبشرة الجافة والمتهيجة عن طريق علاج مضاد لحب الشباب.,ماركة: افين
20800,جليسوليد | كريم سوفت | 100جم,glysolid cream soft 100g l5cx,60,EGP,جليسوليد,العناية بالبشرة>,in stock,https://chefaa.com:443/eg-ar/nowProduct/glysolid-cream-soft-100g-l5cx,https://cdn.chefaa.com/filters:format(webp)/public/uploads/products/glysolid-cream-soft-100g-l5cx-01723108493.png,https://cdn.chefaa.com/filters:format(webp)/public/uploads/products/glysolid-cream-soft-100g-l5cx-01723108493.png,عن هذا المنتج     جليسوليد | كريم سوفت | 100جم,ماركة: جليسوليد
27840,كريم فاكيشن للتفتيح vacation whitening cream | ٦٠ مل,vacation whitening cream 60ml 3dhs,245,EGP,No Brand,العناية بالبشرة>الترطيب,in stock,https://chefaa.com:443/eg-ar/nowProduct/vacation-whitening-cream-60ml-3dhs,https://cdn.chefaa.com/filters:format(webp)/public/uploads/products/vacation-whitening-cream-60ml-7afm-01673374262.png,https://cdn.chefaa.com/filters:format(webp)/public/uploads/products/vacation-whitening-cream-60ml-7afm-01673374262.png,مميزات المنتج   يتميز كريم فاكيشن للتفتيح vacation whitening cream بما يلي: له تركيبة مميزة تساعد على تفتيح وتوحيد لون البشرة. يقلل التصبغات والبقع ويعطي إشراقة ونضارة للبشرة. يساهم في تغذية وترطيب الجلد. يساهم في تأخير ظهور علامات تقدم السن بفضل خصائصه المضادة للأكسدة. يساعد على علاج آثار الحبوب والبقع الداكنة مع تقليل الالتهابات. يتميز بملمس خفيف وسريع الامتصاص، مما يجعله مناسبًا للاستخدام اليومي. مناسب للبشرة الجافة والعادية. سعر كريم فاكيشن للتفتيح مناسب مقارنة بفوائده العديدة للبشرة.   عن هذا المنتج     مكونات كريم فاكيشن للتفتيح   يحتوي فاكيشن كريم على:   حمض الكوجيك (Kojic Acid): يقلل التصبغات والبقع الداكنة مما يساعد على تفتيح البشرة وتوحيد لونها.   ألفا أربيوتين  α-Arbutin: يعمل على تقليل التصبغات وتفتيح    فيتامين ه Vitamin E: مضاد أكسدة قوي يحمي البشرة ويساهم في ترطيبها.  ريسفيراترول  Resveratrol: مضاد للأكسدة ومضاد للالتهابات كما يحمي البشرة من علامات الشيخوخة المبكرة.   بروتين الخميرة Yeast Protein: تغذي البشرة وتساعد على تجديدها وزيادة حيويتها.  أكسيد الزنك Zinc Oxide: يعمل كحاجز واقٍ للبشرة كما يهدئ البشرة ويقلل الالتهاب.  الجلسرين Glycerine: مرطب قوي يحافظ على رطوبة البشرة.  خلاصة العرقسوس Licorice Extract: يقلل من التصبغات والبقع الداكنة وله خصائص مهدئة ومضادة للالتهابات.  الكركم Curcumin: مضاد أكسدة ومضاد التهابات.  الكولاجين Collagen: يعزز مرونة البشرة ويحسن قوامها كما يقلل من ظهور التجاعيد والخطوط الدقيقة.  حجم عبوة vacation whitening cream   يتوفر كريم فاكيشن للتفتيح بحجم 60 مل.  سعر كريم فاكيشن للتفتيح   يبلغ سعر vacation whitening cream حوالي 175 جنيه مصري (سعر المنتج قد يتغير تبعاً لتحديث سعره في الصيدليات أو حسب العروض المتاحة).  يوصى باستعمال فاكيشن كريم ل   كريم فاكيشن للتفتيح مناسب لجميع أنواع البشرة وخاصة من يعانون من البقع الداكنة والتصبغات وآثار حب الشباب، فهو يساهم في تفتيح وتوحيد لون البشرة ويكسب البشرة المزيد من الإشراق، كما يقلل التجاعيد وعلامات تقدم سن البشرة مما يمنحك بشرة أكثر شباباً.  طريقة استخدام كريم vacation للتفتيح   ابدأي بتنظيف وتجفيف البشرة جيداً للحصول على أفضل امتصاص للكريم.  خذي كمية صغيرة من الكريم ووزعيها بالتساوي على الوجه والرقبة.  باستخدام حركات دائرية في اتجاه الأعلى، دلكي الكريم على البشرة حتى يتم امتصاصه بالكامل.  للحصول على أفضل النتائج، استخدمي الكريم مرتين يوميًا، صباحًا ومساءً.  ما المدة التي يظهر فيها نتيجة كريم التفتيح؟  تعتمد مدة ظهور نتائج كريمات التفتيح على عوامل عدة، بما في ذلك نوع البشرة، ومدى شدة التصبغات، والمكونات الفعالة في الكريم، ومدى الانتظام في استخدامه.  قد تبدأ النتائج الأولية بالظهور خلال 2-4 أسابيع من الاستخدام المنتظم.  فوائده ما هي vacation whitening cream؟  يقلل من التصبغات والبقع الداكنة.  يوحد لون البشرة ويساهم في تفتيحها.  يرطب البشرة ويحميها من الجفاف.  يقلل من التجاعيد وعلامات تقدم سن البشرة.  يقلل من أثار حب الشباب.  يكسب البشرة النضارة والإشراق.  يعزز تجديد خلايا البشرة ويحسن ملمسها.  ما أفضل كريم لإزالة التصبغات من الوجه؟  كريم يورياج ديبيديرم uriage depiderm cream.  كريم أليجون للتفتيح alejon cream.  جل ستارفيل للتفتيح starville whitening gel.  ديرماكتيف أكتي وايت dermactive acti white.  كريم فاكيشن للتفتيح vacation whitening cream.,raw_specs: المواصفات
5860,جونسون | كريم مرطب للبشرة | 170جم,johnson body care regular cream 170gm 4xm1,100,EGP,جونسون,العناية بالبشرة>,in stock,https://chefaa.com:443/eg-ar/nowProduct/johnson-body-care-regular-cream-170gm-4xm1,https://cdn.chefaa.com/filters:format(webp)/public/uploads/products/johnson-body-care-regular-cream-170gm-4xm1-01724579560.png,https://cdn.chefaa.com/filters:format(webp)/public/uploads/products/johnson-body-care-regular-cream-170gm-4xm1-01724579560.png,مميزات المنتج   كريم ترطيب للجسم بخلاصة الجلسرين للبشرة الجافة.,ماركة: جونسون
56445,ستارفيل | جل للبشرة الدهنية المعرضة لحب الشباب | 30جم,starville acneprone skin gel tea tree oil30gmuV7R,120,EGP,ستارفيل,العناية بالبشرة>,in stock,https://chefaa.com:443/eg-ar/nowProduct/starville-acneprone-skin-gel-tea-tree-oil30gmuV7R,https://cdn.chefaa.com/filters:format(webp)/public/uploads/products/starville-acneprone-skin-gel-tea-tree-oil30gmuv7r-01733243786.png,https://cdn.chefaa.com/filters:format(webp)/public/uploads/products/starville-acneprone-skin-gel-tea-tree-oil30gmuv7r-01733243786.png,مميزات المنتج   ستارفيل | جل للبشرة الدهنية المعرضة لحب الشباب | 30جم,ماركة: ستارفيل
28254,إيفا سكين كير | سينسز معطر الجسم كوزي دريم | 240مل,eva skin care senses body splash cozy dream 240ml tixj,200,EGP,إيڤا,العناية بالبشرة>,in stock,https://chefaa.com:443/eg-ar/nowProduct/eva-skin-care-senses-body-splash-cozy-dream-240ml-tixj,https://cdn.chefaa.com/filters:format(webp)/public/uploads/products/eva-skin-care-senses-body-splash-cozy-dream-240ml-tixj-01721414346.png,https://cdn.chefaa.com/filters:format(webp)/public/uploads/products/eva-skin-care-senses-body-splash-cozy-dream-240ml-tixj-01721414346.png,مميزات المنتج   إيفا سكين كير | سينسز معطر الجسم كوزي دريم | 240مل,ماركة: إيڤا
45680,انفينيتي | غسول فوم لتفتيح البشرة | 200مل,infinity whitening cleansing foam 200ml 4ytd_duiGwDPa,200,EGP,إنفينيتي,العناية بالبشرة>الغسول,in stock,https://chefaa.com:443/eg-ar/nowProduct/infinity-whitening-cleansing-foam-200ml-4ytd_duiGwDPa,https://cdn.chefaa.com/filters:format(webp)/public/uploads/products/infinity-whitening-cleansing-foam-200ml-fxb8-01722772984.png,https://cdn.chefaa.com/filters:format(webp)/public/uploads/products/infinity-whitening-cleansing-foam-200ml-fxb8-01722772984.png,عن هذا المنتج     يتميز الغسول الفوم للتفتيح بتركيبة فريدة مصممة لتنظيف البشرة بلطف مع تعزيز بشرة أكثر إشراقًا وأكثر تناسقًا. فهو يجمع بين عوامل التنظيف الفعالة ومكونات تفتيح البشرة.  الفوائد:  يساعد على تفتيح وتوحيد لون البشرة.  ينظف البشرة بشكل فعال ويزيل أي شوائب وبقايا المكياج. طريقة الاستخدام: يتميز الغسول الفوم للتفتيح بتركيبة فريدة مصممة لتنظيف البشرة بلطف مع تعزيز بشرة أكثر إشراقًا وأكثر تناسقًا. فهو يجمع بين عوامل التنظيف الفعالة ومكونات تفتيح البشرة.,ماركة: إنفينيتي
49846,ديرما اكتيف | جل رغوي منظف للبشرة أكتي كلير | 250مل,dermactive acti clear gentle cleansing gel 250ml geyi,209,EGP,ديرما اكتيف,العناية بالبشرة>الغسول,in stock,https://chefaa.com:443/eg-ar/nowProduct/dermactive-acti-clear-gentle-cleansing-gel-250ml-geyi,https://cdn.chefaa.com/filters:format(webp)/public/uploads/products/dermactive-acti-clear-gentle-cleansing-gel-250ml-geyi-01736356253.png,https://cdn.chefaa.com/filters:format(webp)/public/uploads/products/dermactive-acti-clear-gentle-cleansing-gel-250ml-geyi-01736356253.png,مميزات المنتج   ديرما اكتيف | جل رغوي منظف للبشرة أكتي كلير | 250مل   عن هذا المنتج     ديرما اكتيف | جل رغوي منظف للبشرة أكتي كلير | 250 مل,ماركة: ديرما اكتيف
1331,لاروش بوزيه ايفاكلار غسول جل رغوي للبشرة الدهنية المعرضة لحب الشباب | 400 مل,roche posay effaclar purifying foaming gel cleanser for oily skin 400ml,1029,EGP,لاروش بوزيه,العناية بالبشرة>الغسول,in stock,https://chefaa.com:443/eg-ar/nowProduct/la-roche-posay-effaclar-purifying-foaming-gel-cleanser-for-oily-skin-400ml,https://cdn.chefaa.com/filters:format(webp)/public/uploads/products/1608638289-0000s-0031-3337872411991png,https://cdn.chefaa.com/filters:format(webp)/public/uploads/products/1608638289-0000s-0031-3337872411991png,مميزات المنتج   لاروش بوزيه ايفاكلار غسول جل رغوي للبشرة الدهنية المعرضة لحب الشباب | 400 مل   عن هذا المنتج     مكونات لاروش بوزيه ايفاكلار غسول جل:     ماء الينابيع الحرارية من لاروش بوزيه: تحتوي على العديد من المعادن التي تعمل على تغذية البشرة، كما أن لها تأثير مضاد للالتهابات ومهدئ للبشرة.       الزنك: يساعد على تنقية البشرة وتقليل الافرازات الدهنية الزائدة.       عوامل مطهرة : تعمل على تنظيف الشوائب وتقليل الإفرازات الدهنية الزائدة.       هيدروكسيد الصوديوم: يحافظ على درجة حموضة البشرة.       حمض الستريك:  له تأثير مقشر ومضاد للأكسدة يعمل على  إزالة خلايا الجلد الميتة والأوساخ لبشرة نضرة وأكثر نعومة.     مميزات غسول جل لاروش بوزيه ايفاكلار:     يعمل على تنقية البشرة الدهنية وإزالة الإفرازات الدهنية الزائدة والشوائب والأتربة.   لا يسبب الجفاف.   يساعد على التحكم بالإفرازات الدهنية ولمعان البشرة.   يساعد على تقليل الرؤوس السوداء.   تم تصميمه خصيصاً للبشرة الدهنية الحساسة والمعرضة لحب الشباب.   لا يسبب انسداد المسام.   يتميز أنه خالي من الكحول.   يمتاز بأنه تم تجربته من قبل أطباء الجلدية.      حجم La Roche-Posay Effaclar Purifying Foaming Gel:     يتوفر بحجم 400 مل.     يوصي به:   للبشرة الدهنية الحساسة والمعرضة لحب الشباب حيث يعمل الغسول على تنقية البشرة دون التسبب في جفافها وتقليل اللمعان والإفرازات الدهنية الزائدة.,ماركة: لاروش بوزيه
49770,يوسرين | كريم جل واقى شمس للبشرة الدهنية و حب الشباب | 50مل,eucerin sun gel cream spf for oily and acne prone skin 50ml e3pc,989,EGP,يوسيرين,العناية بالبشرة>الوقاية من الشمس,in stock,https://chefaa.com:443/eg-ar/nowProduct/eucerin-sun-gel-cream-spf-50-for-oily-and-acne-prone-skin-50ml-e3pc,https://cdn.chefaa.com/filters:format(webp)/public/uploads/products/eucerin-sun-gel-cream-spf-50-for-oily-and-acne-prone-skin-50ml-00cv-01730286677.png,https://cdn.chefaa.com/filters:format(webp)/public/uploads/products/eucerin-sun-gel-cream-spf-50-for-oily-and-acne-prone-skin-50ml-00cv-01730286677.png,مميزات المنتج   يوسرين | كريم جل واقى شمس للبشرة الدهنية و حب الشباب | 50مل,ماركة: يوسيرين
7540,سيرافي | مرطب لوشن للبشرة الجافة والشديدة الجفاف | 236مل,cerave moisturizing lotion 236ml bsta,620,EGP,سيرافي,العناية بالبشرة>الترطيب,in stock,https://chefaa.com:443/eg-ar/nowProduct/cerave-moisturizing-lotion-236ml-bsta,https://cdn.chefaa.com/filters:format(webp)/public/uploads/products/cerave-moisturizing-lotion-236ml-bsta-01723383015.png,https://cdn.chefaa.com/filters:format(webp)/public/uploads/products/cerave-moisturizing-lotion-236ml-bsta-01723383015.png,"مميزات المنتج   مرطب سيرافي لوشن للبشرة الجافة: يوفر ترطيب عميق للبشرة يستمر لـ24 ساعة. مناسب للجسم وبشرة الوجه الحساسة والجافة وشديدة الجفاف. مناسب للاستخدام اليومي في كل الفصول. لا يسبب انسداد المسام. لا يسبب حساسية البشرة. خالي من العطور والزيوت. يتميز بتركيبته الخفيفة سريعة الامتصاص. تم تطويره مع أطباء الجلدية. تم الموافقة عليه من قبل جمعية الإكزيما الوطنية.   عن هذا المنتج     مكونات مرطب سيرافي لوشن للبشرة الجافة  سيراميد: يعمل على ترطيب البشرة وحماية الحاجز الطبيعي لرطوبة الجلد. حمض الهيالورونيك: يعمل على الحفاظ على رطوبة البشرة وجعلها أكثر نعومة. فوائد مرطب سيرافي للبشرة الجافة يوفر ترطيب عميق للبشرة يستمر لـ24 ساعة. يعمل على تقوية الحاجز الواقي للبشرة ويحميها من العوامل البيئية الضارة. يساعد على تعزيز نعومة ونضارة البشرة. سعر مرطب سيرافي لوشن للبشرة الجافة سعر لوشن سيرافي في مصر حوالى 499 جنيه مصرى, "" قد يتغير سعر سيرافي لوشن للبشرة الجافة (cerave) من وقت لاخر تبعاً لتغير سعره فى الأسواق "" حجم cerave مرطب يتوافر سيرافي لوشن مرطب للوجه والجسم بحجم 236 مل. يوصي باستعمال سيرافي مرطب اللوشن مناسب للبشرة الجافة وشديدة الجفاف حيث يعمل على ترطيب البشرة وحمايتها من الجفاف لفترة تصل إلى 24 ساعة. طريقة استخدام cerave moisturizing lotion يمكن استخدام اللوشن يوميًا على الوجه أو الجسم للمساعدة في استعادة مظهر البشرة الناعمة والمرنة والصحية. وضع المرطب على بشرة نظيفة ورطبة قليلاً بعد الاستحمام مباشرة يمكن أن يساعد في منع فقدان الماء وحبس الرطوبة في البشرة بشكل أكثر فعالية. هل مناسب مرطب سيرافي للبشرة الدهنية  ؟ اللوشن مناسب اكثر لأصحاب البشرة الجاقة والعادية. هل مناسب لوشن سيرافي مرطب للوجه ؟ يمكن استعمال لوشن سيرافي للبشرة الجافة للجسم والوجه. ما افضل لوشن للجسم بعد الاستحمام ؟ لوشن سيرافى فازلين لوشن افوفا لوشن  شان بودي ميلك مرطب للجسم",ماركة: سيرافي
7534,سيرافي | لوشن ليلي مرطب للوجه للبشرة العادية والجافة | 52مل,cerave moisturizing face cream 52ml pbdw,590,EGP,سيرافي,العناية بالبشرة>الترطيب,in stock,https://chefaa.com:443/eg-ar/nowProduct/cerave-moisturizing-face-cream-52ml-pbdw,https://cdn.chefaa.com/filters:format(webp)/public/uploads/products/cerave-moisturizing-face-cream-52ml-pbdw-01723387459.png,https://cdn.chefaa.com/filters:format(webp)/public/uploads/products/cerave-moisturizing-face-cream-52ml-pbdw-01723387459.png,مميزات المنتج   سيرافي | لوشن ليلي مرطب للوجه للبشرة العادية والجافة | 52مل   عن هذا المنتج     مكونات لوشن الوجه من سيرافي:     سيراميد: يعمل على ترطيب البشرة وحماية الحاجز الطبيعي لرطوبة الجلد.   حمض الهيالورونيك: يعمل على الحفاظ على رطوبة البشرة وجعلها أكثر نعومة.   نياسيناميد: يعمل على تهدئة البشرة وتقليل الحكة والاحمرار والالتهابات.     مميزات سيرافي بي ام لوشن:     يوفر ترطيب عميق للبشرة طوال الليل.   يعمل على تقوية الحاجز الواقي للبشرة ويحميها من العوامل البيئية الضارة.   يتميز بتقنية (MVE) التي تعمل على ترطيب البشرة على مدار اليوم.   يساعد على تعزيز نعومة ونضارة البشرة.   مناسب للاستخدام اليومي.   لا يسبب انسداد المسام.   لا يسبب حساسية البشرة.   خالي من العطور.   مناسب للوجه للبشرة العادية والجافة حتى البشرة الحساسة.   يتميز بتركيبته الخفيفة سريعة الامتصاص.   تم تطويره مع أطباء الجلدية.   تم الموافقة عليه من قبل جمعية الإكزيما الوطنية.     حجم CeraVe PM Facial Moisturizing Lotion For Normal to Dry Skin:     يتوفر بحجم 52 مل.     يوصي به:   اللوشن مناسب للبشرة العادية والجافة والبشرة الحساسة حيث يعمل على ترطيب البشرة وحمايتها من الجفاف طوال الليل .,ماركة: سيرافي
46062,ناتري | صابونة طبية لتنظيف وتنقية البشرة المعرضة للحبوب | 100جم,natry cleaning and moisturizing soap for acne prone skin 100mg kudw_dupoS9X0,60,EGP,No Brand,العناية بالبشرة>الغسول,in stock,https://chefaa.com:443/eg-ar/nowProduct/natry-cleaning-and-moisturizing-soap-for-acne-prone-skin-100mg-kudw_dupoS9X0,https://cdn.chefaa.com/filters:format(webp)/public/uploads/products/natry-cleaning-and-moisturizing-soap-for-acne-prone-skin-100mg-kudw-01719673748.png,https://cdn.chefaa.com/filters:format(webp)/public/uploads/products/natry-cleaning-and-moisturizing-soap-for-acne-prone-skin-100mg-kudw-01719673748.png,عن هذا المنتج     ناتري | صابونة طبية لتنظيف وتنقية البشرة المعرضة للحبوب | 100جم,raw_specs: المواصفات
45826,لاروش بوزيه | ايفاكلار اتش ايزو بيوم مرطب للبشرة الدهنية المعرضة للحبوب | 40مل,roche posay effaclar iso biome ultra soothing anti imperfections 40ml avyf_duRrQfEg,829,EGP,لاروش بوزيه,العناية بالبشرة>الترطيب,in stock,https://chefaa.com:443/eg-ar/nowProduct/la-roche-posay-effaclar-h-iso-biome-ultra-soothing-anti-imperfections-40ml-avyf_duRrQfEg,https://cdn.chefaa.com/filters:format(webp)/public/uploads/products/la-roche-posay-effaclar-h-iso-biome-ultra-soothing-anti-imperfections-40ml-eqlg-01670175660.png,https://cdn.chefaa.com/filters:format(webp)/public/uploads/products/la-roche-posay-effaclar-h-iso-biome-ultra-soothing-anti-imperfections-40ml-eqlg-01670175660.png,مميزات المنتج   لاروش بوزيه | ايفاكلار اتش ايزو بيوم مرطب للبشرة الدهنية المعرضة للحبوب | 40مل   عن هذا المنتج     مكونات ايفاكلار اتش ايزو بيوم مرطب من لاروش بوزيه: نياسيناميد: يعمل على تهدئة البشرة وتقليل الاحمرار والالتهابات. مياه الينابيع الحرارية من لاروش بوزيه: لها خصائص مهدئة وملطفة للجلد. أكوا بوسي فيليفورميس (AQUA POSAE FILIFORMIS): يعمل على استعادة توازن ميكروبيوم البشرة وجعلها أكثر صحة. فيتامين ب 5: يعمل على تعزيز مقاومة البشرة وترطيبها وتهدئة الالتهاب. السكوالين: يعمل على ترطيب وتهدئة البشرة وتحسين مرونتها ونضارتها. بروسيراد (Procerad): يعمل على تقليل العيوب مع الحفاظ على رطوبة البشرة. خلاصة أعشاب أوريلانا (Orellana): تعمل على تقليل عيوب البشرة وتقليل الإفرازات الدهنية واللمعان وفرط التقرن. مميزات لاروش بوزيه ايفاكلار اتش ايزو بيوم مرطب: يعمل على ترطيب البشرة جيداً وخاصة بعد استخدام علاجات حب الشباب التي تسبب الجفاف الشديد للبشرة. يعمل على تقليل عيوب البشرة. يساعد على تخفيف آثار حب الشباب والحد من ظهور العلامات. يعمل على تغذية البشرة. يتميز بتركيبته الخفيفة الغير دهنية سريعة الامتصاص مما لا يترك أي أثر لزج على البشرة. لا يسبب انسداد المسام. مناسب للبشرة الدهنية المعرضة للحبوب والبشرة الحساسة. تم اختباره من قبل أطباء الجلدية. حجم La Roche-Posay Effaclar H Iso-Biome Ultra Soothing Hydrating Care Anti-Imperfections: يتوفر بحجم 40 مل. يوصي به: المرطب مناسب لأصحاب البشرة الدهنية والمعرضة للحبوب والبشرة الحساسة المجهدة من استخدام علاجات الحبوب حيث يعمل على ترطيب البشرة واستعادة مرونتها ونضارتها وجعلها أكثر حيوية.,ماركة: لاروش بوزيه
21028,لاروش بوزيه ايفاكلار سيروم مركز لتقشير وتهدئة البشرة المعرضة للحبوب | 30 مل,roche posay effaclar ultra concentrated serum 30ml 9jjl,1499,EGP,لاروش بوزيه,العناية بالبشرة>,in stock,https://chefaa.com:443/eg-ar/nowProduct/la-roche-posay-effaclar-ultra-concentrated-serum-30ml-9jjl,https://cdn.chefaa.com/filters:format(webp)/public/uploads/products/la-roche-posay-effaclar-ultra-concentrated-serum-30ml-yqww-01655899970.png,https://cdn.chefaa.com/filters:format(webp)/public/uploads/products/la-roche-posay-effaclar-ultra-concentrated-serum-30ml-yqww-01655899970.png,مميزات المنتج   لاروش بوزيه ايفاكلار سيروم مركز لتقشير وتهدئة البشرة المعرضة للحبوب | 30 مل   عن هذا المنتج     مكونات سيروم ايفاكلار للبشرة المعرضة للحبوب من لاروش بوزيه:     حمض الساليسيليك: يعمل على تفتيح وتنقية المسام بعمق، كما يساعد على التحكم في الإفرازات الدهنية.   حمض الجليكوليك: يعمل على تخفيف آثار العلامات والحبوب، كما يساعد على تجديد البشرة لتعزيز إشراقها.   حمض ليبو هيدروكسي: يعمل على تنقية المسام وتقشير الجلد بلطف.   النياسيناميد (بفيتامين ب3 ) : يعمل على تحسين الحاجز الواقي للبشرة، كما يعمل على تلطيف وتهدئة البشرة وتفتيح البقع الداكنة وتقليل المسام.   ماء الينابيع الحرارية من لاروش بوزيه: تعمل على تهدئة البشرة.   بروبانيديول: يعمل على ترطيب البشرة وحمايتها من الجفاف.     مميزات لاروش بوزيه إيفاكلار سيروم:     يعمل على تقشير البشرة بلطف وإزالة خلايا الجلد الميتة.   يساعد على تقليل الرؤوس السوداء.   يساعد على تقليل ظهور المسام.   يعمل على تصحيح البشرة وإزالة آثار العلامات والبثور.   يعمل على تفتيح البقع وتوحيد لون البشرة وجعلها أكثر نضارة.   يساعد في تقليل لمعان البشرة والتحكم في الإفرازات الدهنية مما يقلل ظهور الحبوب.   يساعد على تهدئة البشرة.   يساعد على ترطيب البشرة وحمايتها من الجفاف.   يتميز أنه سيروم خفيف سريع الامتصاص ولا يترك أي أثر دهني أو لزج على البشرة.   لا يحتاج إلى غسل البشرة بعد الاستخدام.   لا يسبب انسداد المسام.   تم اختباره من قبل أطباء الجلدية.     حجم La Roche-Posay Effaclar Ultra Concentrated Serum:     يتوفر بحجم 30 مل.     يوصي به:   السيروم مناسب لأصحاب البشرة الدهنية والمعرضة للحبوب حيث يعمل على تقشير الجلد وإزالة العيوب وآثار الحبوب والعلامات، كما يعمل على تهدئة البشرة وتفتيح البقع الداكنة للحصول على بشرة نضرة وصحية.,ماركة: لاروش بوزيه
1503,غسول غارنيه بالليمون وفيتامين سي للتفتيح السريع | 50 مل,skin active fast fairnes face wash with pure lemon essence 50ml,80,EGP,غارنييه,العناية بالبشرة>الغسول,in stock,https://chefaa.com:443/eg-ar/nowProduct/skin-active-fast-fairnes-face-wash-with-pure-lemon-essence-50ml,https://cdn.chefaa.com/filters:format(webp)/public/uploads/products/4JHBsqMhhw8aML2TMWwoJeqfghorpghFimLzaMWS.jpeg,https://cdn.chefaa.com/filters:format(webp)/public/uploads/products/4JHBsqMhhw8aML2TMWwoJeqfghorpghFimLzaMWS.jpeg,مميزات المنتج   غسول غارنيه بالليمون وفيتامين سي (garnier fast fairness face wash) يعمل على تنظيف وتنقية البشرة والمسام بعمق. يساعد على إزالة الزيوت الزائدة والشوائب والأتربة وبقايا المكياج. يساعد على تقليل البثور والرؤوس السوداء. يساعد على تفتيح وتقليل البقع وتوحيد لون البشرة. يعمل على تقشير البشرة دون التسبب في الإصابة بحساسية أو التهابات. يساعد على تقليل بهتان البشرة وإعادة حيويتها وجعلها أكثر إشراقاً. مناسب لجميع أنواع البشرة حتى البشرة الحساسة. تم اختباره من قبل أطباء الجلدية.   عن هذا المنتج     مكونات غسول غارنييه للتفتيح يحتوى غسول غارنيه على: خلاصة الليمون: تعمل على تفتيح البقع الداكنة وجعل البشرة أكثر نضارة وإشراق. فيتامين سي: له خصائص مضادة للأكسدة ويعمل على تفتيح وتوحيد لون البشرة والقضاء على البقع والتصبغات. حمض الساليسيليك (Salicylic acid): يساعد على تقشير البشرة. الكاولين: يعمل على استهداف الزيوت الزائدة والتخلص منها مما يساعد على تقليل لمعان البشرة. سعر غسول غارنييه بالليمون سعر غسول غارنيه  50 مل يبلغ حوالى 50 جنيه سعر غسول غارنيه بالليمون 100 مل يبلغ حوالى 75 جنيه. حجم غارنييه غسول  fast fairness يتوفر garnier غسول   بحجم 50 مل و100 مل. يوصي باستعمال غسول غارنيه بالليمون وفيتامين سي غسول غارنيه بالليمون مناسب لجميع أنواع البشرة التى تعانى من البقع والتصبغات الناتجة عن التعرض للشمس أو غيرها من العوامل المسببة لاسمرار البشرةز ما فوائد غسول غارنييه  بالليمون للوجه؟ غسول garnier يعمل على تنقية وتنظيف البشرة بفاعلية كما يساعد على تقليل البقع وتفتيح وتوحيد لون البشرة هل غسول غارنيه يزيل آثار الحبوب؟ استعمال غارنيه غسول وحده لا يكفى فعلاج اثار الحبوب يحتاج لاستعمال كريم مقشر أو مفتح للبقع بجانب استعمال الغسول. هل ينفع غسول غارنييه للبشرة المختلطة ؟ اجل غسول الوجه غارنييه يمكن استعماله للبشرة المختلطة التى تعانى من التصبغات. هل ينفع غسول غارنييه للبشرة الجافة ؟ يمكن استعمال غارنييه غسول وجه للبشرة الجافة التى تعانى من البقع الداكنة. هل غسول غارنيه مناسب للبشره الدهنيه ؟ أجل الغسول مناسب للبشرة الدهنية. ما افضل غسول لتفتيح الوجه طبي ؟  غسول ستارفيل للتفتيح غسول ميلاتكس للتفتيح  غسول اليجون للتفتيح غسول سكين سايد فيتامين سى,ماركة: غارنييه
47872,بوباي | صن سكرين زيت سائل بعامل حماية SPF50+ | 75 مل,bobai sunscreen oil defense fluid spf50 75ml c0yy,360,EGP,بوباي,العناية بالبشرة>الوقاية من الشمس,in stock,https://chefaa.com:443/eg-ar/nowProduct/bobai-sunscreen-oil-defense-fluid-spf50-75ml-c0yy,https://cdn.chefaa.com/filters:format(webp)/public/uploads/products/bobai-sunscreen-oil-defense-fluid-spf50-75ml-2s0f-01726924717.png,https://cdn.chefaa.com/filters:format(webp)/public/uploads/products/bobai-sunscreen-oil-defense-fluid-spf50-75ml-2s0f-01726924717.png,مميزات المنتج   بوباي | صن سكرين زيت سائل بعامل حماية SPF50+ | 75 مل,ماركة: بوباي
28604,غسول غارنييه فيتامين سي وليمون لتفتيح البشرة | 400 مل,garnier fast bright vitamin purifying gel wash 400ml rxac,260,EGP,غارنييه,العناية بالبشرة>الغسول,in stock,https://chefaa.com:443/eg-ar/nowProduct/garnier-fast-bright-vitamin-c-purifying-gel-wash-400ml-rxac,https://cdn.chefaa.com/filters:format(webp)/public/uploads/products/garnier-fast-bright-vitamin-c-purifying-gel-wash-400ml-tzlk-01678712377.png,https://cdn.chefaa.com/filters:format(webp)/public/uploads/products/garnier-fast-bright-vitamin-c-purifying-gel-wash-400ml-tzlk-01678712377.png,مميزات المنتج   يتميز غسول غارنييه فيتامين سي بالآتي: يتميز بتركيبة غنية بالليمون وفيتامين سي. ينظف البشرة بفاعلية دون أن يسبب لها الجفاف. يساعد على تفتيح البشرة وتقليل التصبغات. يساعد على محاربة الشحوب وتعزيز نضارة البشرة. لطيف على البشرة ولا يسبب الحساسية. يعد سعر غسول غارنييه فيتامين سي مناسباً مقارنة بفاعليته فى تنظيف البشرة.   عن هذا المنتج     مكونات غسول غارنييه فيتامين سي  يحتوي غسول غارنييه للتفتيح السريع على: مستخلص الليمون: يساعد على تفتيح وتوحيد لون البشرة. فيتامين ج : يساعد على تخفيف مظهر البقع الداكنة وجعل البشرة مشرقة. حمض الساليسليك: له دور في تقشير البشرة مما يساعد على تفتيح البقع وتقليل التصبغات. حمض الميرستيك: يساعد على الحفاظ على رطوبة البشرة. حجم غسول غارنييه بالليمون وفيتامين سي  يتوفر غسول غارنييه لتفتيح البشرة بحجم 100 مل وحجم 400 مل. يوصى باستعمال غسول غارنييه للتفتيح السريع لـ: غسول غارنييه فيتامين سي مناسب لمن يعانون من البقع والتصبغات وآثار حب الشباب إذ يساعد على تفتيح البشرة وإكسابها المزيد من النضارة. ما هى فوائد غسول غارنييه فيتامين سي ؟ يساعد الغسول على التنظيف العميق للبشرة وهو يناسب البشرة المعرضة للبهتان والشحوب، بالإضافة إلى دوره في توحيد لون البشرة وتفتيح البقع. ما هى أنواع غسول الوجه غارنييه ؟ غسول غارنييه للبشرة الدهنية بالفحم. غسول غارنييه بيور أكتيف 3 في 1. غسول غارنييه بالليمون وفيتامين سي. غسول غارنييه بالشاي الأخضر. غسول غارنييه للبشرة الجافة بخلاصة عسل الزهور. غسول غارنييه بالفواكه.,ماركة: غارنييه
21137,غارنييه | فاست برايت سيروم فيتامين سي لتفتيح البقع الداكنة والتصبغات | 15مل,garnier fast bright vitamin serum 15ml b7j9,190,EGP,غارنييه,العناية بالبشرة>,in stock,https://chefaa.com:443/eg-ar/nowProduct/garnier-fast-bright-vitamin-c-serum-15ml-b7j9,https://cdn.chefaa.com/filters:format(webp)/public/uploads/products/garnier-fast-bright-vitamin-c-serum-15ml-b7j9-01721722206.png,https://cdn.chefaa.com/filters:format(webp)/public/uploads/products/garnier-fast-bright-vitamin-c-serum-15ml-b7j9-01721722206.png,مميزات المنتج   غارنييه | فاست برايت سيروم فيتامين سي لتفتيح البقع الداكنة والتصبغات | 15مل   عن هذا المنتج     مكونات غارنييه فاست برايت فيتامين سي سيروم:     فيتامين سي: له خصائص مضادة للأكسدة ويعمل على تفتيح البقع والتصبغات.   نياسيناميد: يساعد على حماية البشرة من أضرار أشعة الشمس وينظم إفرازات الزيوت ويقلل المسام.   خلاصة الليمون: تعمل على تفتيح البقع الداكنة وجعل البشرة أكثر نضارة وإشراق.   حمض الساليسيليك.     مميزات غارنييه سيروم فيتامين سي فاست برايت :     يعمل على تفتيح البقع الداكنة والتصبغات.   يعمل على تقليل آثار حب الشباب.   يعمل على توحيد لون البشرة.   يعمل على زيادة نضارة البشرة.   يساعد على منح البشرة إشراقة فورية ويقلل من البقع في 3 أيام فقط.   يحتوي على تركيبة خفيفة غير دهنية سريعة الامتصاص.   تم اختباره من قبل أطباء الجلدية.   مناسب لجميع أنواع البشرة.     حجم Garnier Fast Bright Vitamin C Serum:     يتوفر بحجم 15 مل.     يوصي به:   السيروم مناسب لجميع أنواع البشرة حيث يعمل على تقليل البقع والتصبغات ويجعل البشرة أكثر نضارة وإشراقة.,ماركة: غارنييه
54571,أليجون | كريم ما بعد الليزر ادفانسيد | 75جم,alejon post laser advanced cream 75gmWyat,185,EGP,No Brand,العناية بالبشرة>الترطيب,in stock,https://chefaa.com:443/eg-ar/nowProduct/alejon-post-laser-advanced-cream-75gmWyat,https://cdn.chefaa.com/filters:format(webp)/public/uploads/products/alejon-post-laser-advanced-cream-75gmwyat-01733085533.png,https://cdn.chefaa.com/filters:format(webp)/public/uploads/products/alejon-post-laser-advanced-cream-75gmwyat-01733085533.png,مميزات المنتج   أليجون | كريم ما بعد الليزر ادفانسيد | 75جم,raw_specs: المواصفات
2455,نيفيا | الازرق كريم مرطب للجسم | 250مل,nivea body moisturizing cream metal,250,EGP,نيفيا,العناية بالبشرة>الترطيب,in stock,https://chefaa.com:443/eg-ar/nowProduct/nivea-body-moisturizing-cream-metal-250,https://cdn.chefaa.com/filters:format(webp)/public/uploads/products/nivea-body-moisturizing-cream-metal-250-01655028241.png,https://cdn.chefaa.com/filters:format(webp)/public/uploads/products/nivea-body-moisturizing-cream-metal-250-01655028241.png,مميزات المنتج   نيفيا | الازرق كريم مرطب للجسم | 250مل   عن هذا المنتج      عناية وقائية فعالة.    كريم ترطيب.    مثالي للاستخدام اليومي لتوفير العناية للازمة للبشرة.    مصرح به كمنتج لطيف على الجلد ومتطابق مع البشرة ولا يسبب أية تفاعلات جلدية.,ماركة: نيفيا
52722,مويست-1 | كريم باليوريا | 100جم,moist cream jar4Ydt,150,EGP,No Brand,العناية بالبشرة>,in stock,https://chefaa.com:443/eg-ar/nowProduct/moist-1-cream-100-gm-jar4Ydt,https://cdn.chefaa.com/filters:format(webp)/public/uploads/products/moist-1-cream-100-gm-jar4ydt-01736341165.png,https://cdn.chefaa.com/filters:format(webp)/public/uploads/products/moist-1-cream-100-gm-jar4ydt-01736341165.png,مميزات المنتج   مويست-1 | كريم باليوريا | 100جم,raw_specs: المواصفات
5913,ايفا مزيل مكياج بالكولاچين للعيون والشفاه | 150 مل,eva skin clinic collagen waterproof make remover for eyeslips 150ml v8pk,200,EGP,إيڤا,العناية بالبشرة>الغسول,in stock,https://chefaa.com:443/eg-ar/nowProduct/eva-skin-clinic-collagen-waterproof-make-up-remover-for-eyeslips-150ml-v8pk,https://cdn.chefaa.com/filters:format(webp)/public/uploads/products/eva-skin-clinic-collagen-waterproof-make-up-remover-for-eyeslips-150ml-v8pk-01721415705.png,https://cdn.chefaa.com/filters:format(webp)/public/uploads/products/eva-skin-clinic-collagen-waterproof-make-up-remover-for-eyeslips-150ml-v8pk-01721415705.png,مميزات المنتج   يتميز ايفا مزيل مكياج بما يلي: يتميز بتركيبة فريدة مزدوجة المفعول تساعد على إزالة المكياج المقاوم للماء. يرطب البشرة ويزيد نعومتها. غني بالكولاجين البحري الذي يزيد من صحة ونضارة البشرة ويحسن ملمس الجلد. آمن للاستخدام لمنطقة العيون والفم ومناسب للبشرة الحساسة. يجعل البشرة مشدودة وأكثر نضارة. سعر ايفا مزيل مكياج مناسب مقارنة بحجمه ودوره في تنقية البشرة وإكسابها النعومة.   عن هذا المنتج     مكونات ايفا مزيل مكياج  يحتوي مزيل مكياج ايفا على:  الكولاجين البحري: يرطب البشرة ويحسن ملمسها ويساعد على زيادة مرونة الجلد، مما يزيد من نضارة وصحة البشرة.  البانثينول: يزيد ترطيب ونعومة البشرة.  حجم eva makeup removal   يتوفر eva makeup removal بحجم 150 مل.  يوصى باستعمال ايفا مزيل مكياج ل  مزيل مكياج ايفا مناسب لجميع أنواع البشرة ويمكن استخدامه لإزالة مكياج العينين المقاوم للماء، بالإضافة إلى مفعوله في شد البشرة وإكسابها النعومة والنضارة.,ماركة: إيڤا
10760,ايفا سكين كلينيك | غسول للوجه بحمض الهيالورونيك | 160 مل,eva skin clinic hyaluronic acid facial wash 160ml i6lf,145,EGP,إيڤا,العناية بالبشرة>الغسول,in stock,https://chefaa.com:443/eg-ar/nowProduct/eva-skin-clinic-hyaluronic-acid-facial-wash-160ml-i6lf,https://cdn.chefaa.com/filters:format(webp)/public/uploads/products/eva-skin-clinic-hyaluronic-acid-facial-wash-160ml-i6lf-01737644495.png,https://cdn.chefaa.com/filters:format(webp)/public/uploads/products/eva-skin-clinic-hyaluronic-acid-facial-wash-160ml-i6lf-01737644495.png,مميزات المنتج   يعمل على تنظيف البشرة والمسام بعمق. يعمل على إزالة الشوائب والأتربة والأوساخ. يحافظ على رطوبة البشرة. يعمل على تعزيز نضارة البشرة وجعلها أكثر إنتعاشاً وإشراقاً. مناسب للبشرة العادية والجافة الحساسة. يمكن استخدامه بشكل يومي دون التسبب في شد أو جفاف البشرة.   عن هذا المنتج     مكونات غسول ايفا سكين كلينيك: حمض الهيالورونيك: يعمل على الحفاظ على رطوبة البشرة وجعلها أكثر نعومة. تكنولوجيا التجديد التلقائي أو إعادة الملأ (Hydro Filling Technology): تعمل على تقليل فقدان الرطوبة من البشرة. حجم Eva skin clinic Hyaluronic Acid Facial wash: يتوفر بحجم 160 مل. يوصي به:  الغسول مناسب للبشرة العادية والجافة الحساسة حيث يعمل على تنظيف المسام والبشرة بلطف وفاعلية دون التسبب في جفافها، كما يحافظ على رطوبة البشرة لفترة طويلة.,ماركة: إيڤا
52649,ميلانو | كريم هيدروفوسيدي | 20جم,melano hydrofusidic cream 20gmp4zl,58,EGP,,,,https://chefaa.com:443/eg-ar/nowProduct/melano-hydrofusidic-cream-20gmp4zl,https://cdn.chefaa.com/filters:format(webp)/public/uploads/products/melano-hydrofusidic-cream-20gmp4zl-01733638962.png,,,
14877,ماسك بوبانا بحمض الهيالورونيك لترطيب البشرة | 120 جم,bobana hyaluronic acid peel off mask 120gm be7k,70,EGP,بوبانا,العناية بالبشرة>,in stock,https://chefaa.com:443/eg-ar/nowProduct/bobana-hyaluronic-acid-peel-off-mask-120gm-be7k,https://cdn.chefaa.com/filters:format(webp)/public/uploads/products/bobana-hyaluronic-acid-peel-off-mask-120gm-be7k-01721141350.png,https://cdn.chefaa.com/filters:format(webp)/public/uploads/products/bobana-hyaluronic-acid-peel-off-mask-120gm-be7k-01721141350.png,مميزات المنتج   يتميز ماسك بوبانا بما يلي: له تركيبة فريدة ومتطورة تساعد البشرة على التخلص من المشاكل العديدة. يمكن فرده وتوزيعه على البشرة بسهولة. يساعد على شد البشرة وترطيبها. له دور في تفتيح البشرة وتقليل البقع الداكنة. لا يسبب الحساسية أو الالتهابات. يحمي البشرة من علامات تقدم السن ويكسبها المزيد من النضارة والحيوية. سعر ماسك بوبانا مناسب مقارنة بفوائده العديدة.   عن هذا المنتج     مكونات ماسك بوبانا   يتوفر من ماسك بوبانا أنواع متعددة وتختلف المكونات تبعاً لنوع الماسك  ماسك بوبانا بالذهب   حمض الهيالورونيك: يرطب البشرة بعمق ويساعد على ملء التجاعيد والخطوط الرفيعة.  الريتينول: يجدد خلايا البشرة ويحميها من علامات تقدم السن.  ماسك بوبانا بالفحم   الألوفيرا: يرطب البشرة ويساعد على تنظيم إفراز الدهون.  مستخلص البيرجاموت: له دور في علاج حب الشباب.  ماسك بوبانا بالطمي   الطمي الطبيعي: ينقي البشرة من الشوائب ويساعد على التخلص من الدهون الزائدة.  زبدة الشيا: ترطب البشرة وتكسبها النعومة.  ماسك فيتامين سي   فيتامين سي: يساعد على توحيد لون البشرة وتقليل البقع والتصبغات.  الجلسرين: يساعد على ترطيب وتنعيم البشرة.  ماسك حمض الهيالورونيك   حمض الهيالورونيك: يرطب البشرة بعمق ويحميها من ظهور التجاعيد المبكرة.  مستخلص الألوفيرا وبروتين القمح: يساعدان على ترطيب وتنعيم البشرة.  فيتامين E: يعزز مرونة البشرة ويكسبها النضارة.  حجم Bobana Peel-off Mask  يتوفر بوبانا Bobana بحجم 120 جم.  يوصى باستعمال بوبانا ماسك ل:  بوبانا ماسك مناسب لجميع أنواع البشرة فهو يتميز بتركيبة جديدة ومتطورة تساعد على حل مشاكل البشرة وزيادة النضارة والحيوية.  طريقة استخدام ماسك بوبانا  يوضع الماسك على بشرة نظيفة ويوزع جيداً مع تجنب منطقة العينين، ثم يترك لمدة 10-20 دقيقة حتى يجف تماماً، وبعد ذلك يتم تقشير الماسك من الأطراف وينزع كقطعة واحدة ويشطف الوجه بالماء.  يمكن استخدام الماسك مرة أو مرتين أسبوعياً.  أنواع ماسكات بوبانا  ماسك بوبانا بالفحم  ماسك بوبانا بالحليب  ماسك بوبانا للتفتيح بفيتامين سى  ماسك بوبانا بالذهب  بوبانا ماسك بحمض الهيالورونيك  ماسك بوبانا بالطمي,ماركة: بوبانا
5861,جونسون | كريم لترطيب البشرة الجافة بالجلسرين | 170جم,johnson body care glycerin for dry skin cream 170gm eerc,100,EGP,جونسون,العناية بالبشرة>,in stock,https://chefaa.com:443/eg-ar/nowProduct/johnson-body-care-glycerin-for-dry-skin-cream-170gm-eerc,https://cdn.chefaa.com/filters:format(webp)/public/uploads/products/johnson-body-care-glycerin-for-dry-skin-cream-170gm-eerc-01724318356.png,https://cdn.chefaa.com/filters:format(webp)/public/uploads/products/johnson-body-care-glycerin-for-dry-skin-cream-170gm-eerc-01724318356.png,عن هذا المنتج       كريم إيفا جلسرين لترطيب البشرة بشكل مكثف وحمايتها من الجفاف.,ماركة: جونسون
21135,بيزلين | عناية منعشة للشفاه | 4مل,beesline lip care cool lips 4ml 3yqj,150,EGP,بيزلين,العناية بالبشرة>,in stock,https://chefaa.com:443/eg-ar/nowProduct/beesline-lip-care-cool-lips-4ml-3yqj,https://cdn.chefaa.com/filters:format(webp)/public/uploads/products/beesline-lip-care-cool-lips-4ml-gqle-01656248365.png,https://cdn.chefaa.com/filters:format(webp)/public/uploads/products/beesline-lip-care-cool-lips-4ml-gqle-01656248365.png,عن هذا المنتج     العلاج النهائي للشفاه الجافة والمتشققة! يهدئ ويرطب ويجدد البشرة الحساسة للشفاه من خلال شمع العسل الطبيعي والزيوت الثمينة مع الحماية من المهيجات الخارجية.,ماركة: بيزلين
46348,إيفا سكين كير | ﺇشراقة طبيعية كريم ليلي | 50جم,eva skin care natural glow night cream 50gm bo7t_duyJSvhj,75,EGP,,,,https://chefaa.com:443/eg-ar/nowProduct/eva-skin-care-natural-glow-night-cream-50gm-bo7t_duyJSvhj,https://cdn.chefaa.com/filters:format(webp)/public/uploads/products/eva-skin-care-natural-glow-night-cream-50gm-fdro-01700419860.png,,,
62030,بوباي | جل واقي من الشمس كريستال كلير بعامل حماية من الشمس 50+ | 50جم 1+1 اوفر,bobai sun screen hydrocare gel spf50 60gm ia6p_duUgGTAB,395,EGP,,,,https://chefaa.com:443/eg-ar/nowProduct/bobai-sun-screen-hydrocare-gel-spf50-60gm-ia6p_duUgGTAB,https://cdn.chefaa.com/filters:format(webp)/public/uploads/products/bobai-sun-screen-hydrocare-gel-spf50-60gm-ia6p-duuggtab-01752151640.png,,,
55674,لابيللو | مرطب الشفاه بنكهة التوت الأسود | 4.8جم,labello lip balm black berry 48gm4GPT,120,EGP,لابيلو,العناية بالبشرة>الترطيب,in stock,https://chefaa.com:443/eg-ar/nowProduct/labello-lip-balm-black-berry-48gm4GPT,https://cdn.chefaa.com/filters:format(webp)/public/uploads/products/labello-lip-balm-black-berry-48gm4gpt-01735147003.png,https://cdn.chefaa.com/filters:format(webp)/public/uploads/products/labello-lip-balm-black-berry-48gm4gpt-01735147003.png,مميزات المنتج   لابيللو | مرطب الشفاه بنكهة التوت الأسود | 4.8جم,ماركة: لابيلو
61745,انفينيتي | غسول مقشر بفيتامين سي | 200مل + سيروم فيتامين سي | 40مل,infinity vitamin cleanserserum40 edaa,275,EGP,إنفينيتي,العناية بالبشرة>,in stock,https://chefaa.com:443/eg-ar/nowProduct/infinity-vitamin-c-cleanserserum40-ml-edaa,https://cdn.chefaa.com/filters:format(webp)/public/uploads/products/infinity-vitamin-c-cleanserserum40-ml-edaa-01752664577.png,https://cdn.chefaa.com/filters:format(webp)/public/uploads/products/infinity-vitamin-c-cleanserserum40-ml-edaa-01752664577.png,مميزات المنتج   انفينيتي | غسول مقشر بفيتامين سي | 200مل + سيروم فيتامين سي | 40مل,ماركة: إنفينيتي
55301,إيفا | لوشن للجسم ان ذا كلاود | 240مل,eva body lotion the clouds mliOzX,120,EGP,إيڤا,العناية بالبشرة>,in stock,https://chefaa.com:443/eg-ar/nowProduct/eva-body-lotion-in-the-clouds-240-mliOzX,https://cdn.chefaa.com/filters:format(webp)/public/uploads/products/eva-body-lotion-in-the-clouds-240-mliozx-01733085766.png,https://cdn.chefaa.com/filters:format(webp)/public/uploads/products/eva-body-lotion-in-the-clouds-240-mliozx-01733085766.png,مميزات المنتج   إيفا | لوشن للجسم ان ذا كلاود | 240مل,ماركة: إيڤا
1497,ماء ميسيلار غارنييه مزيل مكياج garnier micellar water | ١٠٠ مل,micellar water face eyes lips cleanser and daily make remover 100ml,100,EGP,غارنييه,العناية بالبشرة>الغسول,in stock,https://chefaa.com:443/eg-ar/nowProduct/micellar-water-face-eyes-lips-cleanser-and-daily-make-up-remover-100ml,https://cdn.chefaa.com/filters:format(webp)/public/uploads/products/micellar-water-face-eyes-lips-cleanser-and-daily-make-up-remover-100ml-01722775733.png,https://cdn.chefaa.com/filters:format(webp)/public/uploads/products/micellar-water-face-eyes-lips-cleanser-and-daily-make-up-remover-100ml-01722775733.png,"مميزات المنتج   ماء ميسيلار غارنييه مزيل مكياج (garnier micellar water) يتميز بما يلى: يعمل على إزالة مكياج الوجه والعينين والشفاه بفاعلية. لا يحتاج إلى الفرك أو الشطف بعد الاستخدام. خالي من العطور والكحول والبارابين. مناسب لجميع أنواع البشرة حتى البشرة الحساسة. تم اختباره من قبل أطباء الجلدية والعيون. يتميز بحجم عبوته الصغير المناسب للسفر والرحلات.    عن هذا المنتج     مكونات غارنييه مزيل مكياج للبشرة الحساسة مزيل مكياج غارنييه الوردي تركيبته تحتوى على: تقنية الميسيلار : عبارة عن جزيئات تعمل كالمغناطيس لتساعد على إزالة الشوائب والمكياج والإفرازات الدهنية من البشرة بحركة واحدة. جلسرين: يعمل على تهدئة وترطيب البشرة وحمايتها من الجفاف، كما أنه يساعد على تقليل تهيج واحمرار البشرة.   جليكول: يعمل على ترطيب البشرة.   الماء. فوائد ماء ميسيلار غارنييه micellar water garnier     يعمل على إزالة مكياج الوجه والعينين والشفاه بفاعلية.   يًنظف البشرة من الأتربة والأوساخ.   يساعد على تهدئة البشرة.   يٌحافظ على ترطيب البشرة ولا يسبب جفافها ويكسبها ملمس ناعم.   يعمل على تنقية المسام. سعر ماء ميسيلار غارنييه 100 مل سعر غارنييه ماء ميسيلار حوالى 90 جنيه للعبوة الصغيرة حجم 100 مل "" قد يتغير سعر غارنييه مزيل مكياج من وقت لاخر تبعاً لتغير سعره فى الصيدليات "" يوصي باستعمال garnier micellar water   مزيل مكياج غارنييه ماء ميسيلار مناسب لجميع أنواع البشرة بما في ذلك البشرة الحساسة حيث يعمل على تنظيف البشرة وإزالة مكياج العينين والشفاه والوجه بفاعلية دون التسبب بحساسية أو تهيج البشرة. ما أنواع ماء ميسيلار غارنييه ؟ ماء ميسيلار غارنييه الوردي للبشرة الحساسة ماء ميسيلار غارنييه بالزيت ماء ميسيلار غارنييه فيتامين سي ماء ميسيلار غارنييه للبشرة الدهنية الاخضر ما أفضل مزيل مكياج للبشرة الحساسة ؟ بيوديرما ماء ميسيلار غارنيه مزيل المكياج ستارفيل ماء ميسيلار ماء ميسيلار بيزلين للتفتيح وإزالة المكياج ماء ميسيلار ايفا بحمض الهيالورونيك",ماركة: غارنييه
61024,بوباي | صن سكرين SPF50+ كريم | 50جم,bobai sunscreen spf cream 50gm di3y,225,EGP,بوباي,العناية بالبشرة>الوقاية من الشمس,in stock,https://chefaa.com:443/eg-ar/nowProduct/bobai-sunscreen-spf-50-cream-50gm-di3y,https://cdn.chefaa.com/filters:format(webp)/public/uploads/products/bobai-sunscreen-spf-50-cream-50gm-vsk0-01750591640.png,https://cdn.chefaa.com/filters:format(webp)/public/uploads/products/bobai-sunscreen-spf-50-cream-50gm-vsk0-01750591640.png,مميزات المنتج   بوباي | صن سكرين SPF50+ كريم | 50جم,ماركة: بوباي
39,بوبانا | سكراب المشمش لتفتيح البشرة مقشر للوجه والجسم | 300جم,%D9%83%D8%B1%D9%8A%D9%85 %D8%B5%D9%86%D9%81%D8%B1%D9%87 %D8%A8%D9%88%D8%A8%D8%A7%D9%86%D8%A7 %D9%85%D9%82%D8%B4%D8%B1 %D9%84%D9%84%D8%AC%D8%B3%D9%85 %D9%88%D8%A7%D9%84%D9%88%D8%AC%D9%87 %D8%A8%D8%A7%D9%84%D9%85%D8%B4%D9%85%D8%B4 bobana body scrub,68,EGP,بوبانا,العناية بالبشرة>,in stock,https://chefaa.com:443/eg-ar/nowProduct/%D9%83%D8%B1%D9%8A%D9%85-%D8%B5%D9%86%D9%81%D8%B1%D9%87-%D8%A8%D9%88%D8%A8%D8%A7%D9%86%D8%A7-%D9%85%D9%82%D8%B4%D8%B1-%D9%84%D9%84%D8%AC%D8%B3%D9%85-%D9%88%D8%A7%D9%84%D9%88%D8%AC%D9%87-%D8%A8%D8%A7%D9%84%D9%85%D8%B4%D9%85%D8%B4-bobana-body-scrub,https://cdn.chefaa.com/filters:format(webp)/public/uploads/products/كريم-صنفره-بوبانا-مقشر-للجسم-والوجه-بالمشمش-bobana-body-scrub-01721139328.png,https://cdn.chefaa.com/filters:format(webp)/public/uploads/products/كريم-صنفره-بوبانا-مقشر-للجسم-والوجه-بالمشمش-bobana-body-scrub-01721139328.png,"مميزات المنتج   بوبانا | سكراب المشمش لتفتيح البشرة مقشر للوجه والجسم | 300جم   عن هذا المنتج       ﻿ ﻿ ﻿ ﻿ بوبانا سكراب بخلاصة المشمش يوفر تقشير عميق للبشرة ويتميز بمكونات طبيعية 100٪ تجعل بشرتك أكثر نعومة  ونضارة ونقاء    مكونات مقشر بوبانا المشمش لتفتيح البشرة :    تحتوى على خلاصة فاكهة المشمش التى لها العديد من الفوائد للبشرة بالإضافة إلى الحبيبات التى تساعد على إزالة الجلد الميت    فوائد صنفرة المشمش للبشرة :      إزالة خلايا الجلد الميتة    تجديد خلايا الجلد    يخفف من ظهور الخطوط الدقيقة والتجاعيد    ترطيب البشرة     توحيد لون البشرة    القضاء على الرؤوس السوداء    الحد من الندوب والبقع    الحفاظ على مرونة الجلد    فتح مسام الجلد      طريقة إستعمال بوبانا كريم صنفرة :      اغسل الوجه بغسول مناسب لنوع بشرتك  ثم قم بتجفيفه جيداً     ضع كمية مناسبة من سكراب بوبانا    دلك البشرة بشكل دائري وبلطف شديد    ركز بشكل كبير على المناطق الدهنية بالوجه     تجنب منطقة العين لحساسيتها ورقة البشرة فيها    اترك كريم صنفره بوبانا لمدة خمس دقائق بعد ذلك يشطف الوجه بالماء      حجم bobana scrub apricot :    يتوافر بوبانا مقشر البشرة المنعش بالمشمش بحجم ٣٠٠ جم    سعر صنفرة بوبانا :    يبلغ سعر bobana body scrub حوالى  45 جنيه "" قد يختلف السعر من مكان لآخر ومن وقت لآخر ""    هل يمكنني استخدام مقشر للجسم مشمش من بوبانا يوميًا؟    يمكن استخدام بوبانا مقشر الوجه بالمشمش مرة إلى مرتين في الأسبوع    ما أفضل صنفره للوجه من الصيدليه ؟      إذا كانت بشرتك حساسة فأفضل طريقة للتقشير هي استخدام مقشر أو غسول للوجه يحتوي على الحبيبات التي تزيل خلايا الجلد الميتة بلطف     إذا كانت بشرتك غير حساسة ،يمكنك تجربة تدليك الوجه بإستخدام اللوفة أو المقشرات الكيميائية (مثل المنتجات التي تعتمد على حمض الريتينويك)     لأن البشرة الجافة يمكن أن تكون حساسة ، لذا إذا كنت ترغب في استخدام المقشرات الكيميائية ، فقم بوضعها كل ليلة ثم ضع بعدها كريم مرطب لتجنب التهاب البشرة      ما أفضل روتين لتقشير البشرة ؟      قومى بعمل حمام بخار للبشرة كالتالي : املئي وعاء بالماء الساخن ، وضعى منشفة مبطنة فوق رأسك ، أخفض وجهك بالقرب من سطح الماء سيساعد البخار في فتح المسام.     ضع المقشر وقم بتدليك البشرة بلطف بحركات دائرية.    يشطف الوجه بالماء البارد لغلق المسام.      ما هي أنواع مقشر البشرة ؟      مقشرات الوجه : هي مقشرات للوجه وعادة ما تكون حبيبات بحيث يمكنها إزالة خلايا الجلد الميتة من سطح الوجه     مقشر للجسم: نفس مقشر الوجه ولكن للجسم.حيث تحتاج أجزاء كثيرة من الجسم إلى بعض التقشير ، مثل القدمين و المرفقين والركبة وأي مناطق يجف فيها الجلد أو يصبح متقشرًا أو زيتيًا يمكن أن تقوم بتقشيره بين الحين والآخر.    الأدوات : تشمل إستخدام  منشفة جافة أو الفرش الكهربائية واللوفة أو الإسفنج لتدليك البشرة لإزالة الجلد الميت.      كم مرة يتم تقشير البشرة ؟    التقشير يهدف إلى تجديد الخلايا الطبيعية لبشرتك ، لذلك لا تحتاج إلى التقشير يوميًا و عدد مرات تقشير المناسب يختلف حسب نوع بشرتك.      فى حالة البشرة الدهنية : يتم تقشير البشرة من أربع إلى خمس مرات أسبوعيًا    فى حالة البشرة المختلطة : يتم تقشير البشرة مرتين إلى ثلاث مرات في الأسبوع    فى حالة البشرة الحساسة : اختر مقشرًا خفيفًا وابدأ باستخدامه مرة واحدة في الأسبوع      ما أفضل وقت لتقشير البشرة ؟    الوقت المناسب للتقشير يختلف من شخص لآخر فإذا كنت تضعى مكياجًا ثقيلًا ، يمكن أن يساعد التقشير في الليل على ضمان إزالة جميع آثار المكياج مع إزالة خلايا الجلد الميتة وإذا كانت بشرتك تبدو باهتة غالبًا في الصباح ،فإن التقشير اللطيف فى الصباح  يجعل بشرتك أكثر إشراقًا.   ﻿ ﻿",ماركة: بوبانا
48103,ايفا سكين كير | سينسيز مرطب شفاه بالتوت البري | 4جم,eva skin care senses lip balm wild raspberry 4gm 9tmd_du1QckAV,75,EGP,إيڤا,العناية بالبشرة>الترطيب,in stock,https://chefaa.com:443/eg-ar/nowProduct/eva-skin-care-senses-lip-balm-wild-raspberry-4gm-9tmd_du1QckAV,https://cdn.chefaa.com/filters:format(webp)/public/uploads/products/eva-skin-care-senses-lip-balm-wild-raspberry-4gm-knyl-01709993232.png,https://cdn.chefaa.com/filters:format(webp)/public/uploads/products/eva-skin-care-senses-lip-balm-wild-raspberry-4gm-knyl-01709993232.png,مميزات المنتج   ايفا سكين كير | سينسيز مرطب شفاه بالتوت البري | 4جم,ماركة: إيڤا
15070,ماسك بوبانا بالحليب للتفتيح وترطيب البشرة | 250جم,bobana moisturizer whitening milk mask 250gm oovz,65,EGP,بوبانا,العناية بالبشرة>,in stock,https://chefaa.com:443/eg-ar/nowProduct/bobana-moisturizer-whitening-milk-mask-250gm-oovz,https://cdn.chefaa.com/filters:format(webp)/public/uploads/products/bobana-moisturizer-whitening-milk-mask-250gm-oovz-01721143602.png,https://cdn.chefaa.com/filters:format(webp)/public/uploads/products/bobana-moisturizer-whitening-milk-mask-250gm-oovz-01721143602.png,مميزات المنتج   يتميز ماسك بوبانا بالحليب bobana moisturizer whitening milk mask بما يلي: يحتوي على مكونات طبيعية تساعد على تفتيح لون البشرة وتوحيد لونها، مما يقلل من مظهر البقع الداكنة والتصبغات. يوفر ترطيبًا مكثفًا للبشرة، مما يحسن من ملمسها ويجعلها أكثر نعومة ومرونة. يعزز صحة البشرة ويحسن مظهرها العام. يحمي البشرة من الجفاف والالتهاب. سعر ماسك بوبانا بالحليب مناسب مقارنة بفوائده العديدة للبشرة.   عن هذا المنتج     مكونات ماسك بوبانا بالحليب  يحتوي ماسك بوبانا على:  مستخلص الحليب (milk extract): يحتوي الحليب على حمض اللاكتيك الذي يعمل كمقشر طبيعي، يساعد في تفتيح البشرة وتوحيد لونها بالإضافة إلى ترطيب وتغذية البشرة.  فيتامين ه (vitamin E): مضاد للأكسدة مما يقلل من ظهور علامات التقدم في السن مثل التجاعيد والخطوط الدقيقة، كما يرطب ويهدئ البشرة.  مستخلص حليب اللوز (almond milk extract): يساعد في تفتيح البشرة وتوحيد لونها ويرطب البشرة بعمق.  MILK TEIN NPNF™: هو مزيج من البروتينات المشتقة من الحليب، ويعمل على تقوية حاجز البشرة، مما يحسن من مرونتها وصحتها العامة.  حمض الستيريك (Stearic Acid): يساعد في تحقيق التوازن الطبيعي لدرجة حموضة البشرة، مما يحافظ على صحتها ويقلل من تهيجها.  الجلسرين (glycerin): مرطب قوي يعمل على جذب الرطوبة إلى البشرة، مما يساعد في الحفاظ على ترطيب البشرة ونعومتها.  حجم عبوة ماسك تفتيح بوبانا للتفتيح   يتوفر ماسك بوبانا بالحليب بحجم 250 جم.  سعر ماسك بوبانا بالحليب  سعر ماسك بوبانا للتفتيح حوالي 55 جنيه مصري (سعر المنتج قد يتغير تبعاً لتغير سعره في الصيدليات أو حسب العروض المتاحة)  يوصى باستعمال ماسك الحليب من بوبانا ل   ماسك بوبانا للتفتيح مناسب لأصحاب البشرة الجافة ومن يعانون من البقع والتصبغات فهو يساعد على توحيد لون البشرة وتفتيح لونها بالإضافة إلى ترطيب وتغذية البشرة، مما يضفي على البشرة المزيد من الإشراق والنضارة.  طريقة استخدام ماسك الحليب لتفتيح البشرة  ضعي الماسك على بشرة نظيفة ووزعيه بالتساوي على المناطق المراد تفتيحها سواء الوجه أو الجسم.  دلكي بشرتك بحركات دائرية واتركي الماسك لمدة 5-10 دقائق.  اشطفي الكريم جيداً.  ينصح باستخدام ماسك بوبانا مرتين في الأسبوع للحصول على أفضل النتائج.  ما فوائد ماسك حليب بوبانا؟  ماسك 2 في 1 يستخدم في تفتيح وترطيب البشرة.  يقلل من البقع والتصبغات ويوحد لون البشرة.  يرطب البشرة بعمق ويغذيها.  يكسب البشرة المزيد من النعومة والنضارة.  يحسن ملمس الجلد وصحة البشرة بشكل عام.  ما أضرار ماسك بوبانا بالحليب؟  ماسك بوبانا من المنتجات الآمنة للاستخدام ولا توجد لها أضرار، ولكن يفضل إجراء اختبار حساسية قبل استخدام أي منتج جديد للبشرة لتجنب حدوث أي التهاب أو احمرار للجلد.  هل بوبانا ماسك الحليب مناسب للبشرة الدهنية؟  يتوفر من ماسك بوبانا بالحليب أنواع مختلفة تناسب جميع أنواع البشرة بما فيها البشرة الدهنية.  ما أنواع ماسك بوبانا بالحليب؟  ماسك بوبانا للترطيب والتفتيح للبشرة الجافة.  ماسك الحليب الموف للتفتيح والنضارة لجميع أنواع البشرة.  ماسك الحليب الأصفر للتفتيح لجميع أنواع البشرة.  ماسك الحليب الأزرق للتنظيف والتفتيح للبشرة الدهنية والمختلطة.  ما افضل ماسكات للوجه من الصيدلية؟  ماسك الطين النقي من لوريال loreal pure clay mask.  ماسك ميلاتكس للتفتيح melatex whitening mask.  ماسك إيفا جولد كولاجين eva gold collagen mask.  ماسك بوبانا بالحليب bobana mask.  ماسك أليجون بالصبار وأوميجا3 alejon mask.,ماركة: بوبانا
47625,ڤاكيشن | لوشن واقي من الشمس SPF50+ | 120 مل,vacation sunscreen spf50 lotion k3qi,375,EGP,No Brand,العناية بالبشرة>الوقاية من الشمس,in stock,https://chefaa.com:443/eg-ar/nowProduct/vacation-sunscreen-spf50-lotion-120-ml-k3qi,https://cdn.chefaa.com/filters:format(webp)/public/uploads/products/vacation-sunscreen-spf50-lotion-120-ml-xl9x-01726568726.png,https://cdn.chefaa.com/filters:format(webp)/public/uploads/products/vacation-sunscreen-spf50-lotion-120-ml-xl9x-01726568726.png,مميزات المنتج   ڤاكيشن | لوشن واقي من الشمس SPF50+ | 120 مل,raw_specs: المواصفات
24047,غارنيية | مقشر فاست برايت فيتامين سي | 50مل,garnier fast bright vitamin scrub 50ml gpmc,85,EGP,غارنييه,العناية بالبشرة>الغسول,in stock,https://chefaa.com:443/eg-ar/nowProduct/garnier-fast-bright-vitamin-c-scrub-50ml-gpmc,https://cdn.chefaa.com/filters:format(webp)/public/uploads/products/garnier-fast-bright-vitamin-c-scrub-50ml-gpmc-01722780845.png,https://cdn.chefaa.com/filters:format(webp)/public/uploads/products/garnier-fast-bright-vitamin-c-scrub-50ml-gpmc-01722780845.png,عن هذا المنتج     غارنيية | مقشر فاست برايت فيتامين سي | 50مل,ماركة: غارنييه
7532,سيرافي | غسول جل رغوي للوجه والجسم للبشرة العادية والدهنية | 236مل,cerave skin foaming gel facial cleanser 236ml b97z,559,EGP,,,,https://chefaa.com:443/eg-ar/nowProduct/cerave-skin-foaming-gel-facial-cleanser-236ml-b97z,https://cdn.chefaa.com/filters:format(webp)/public/uploads/products/cerave-skin-foaming-gel-facial-cleanser-236ml-b97z-01723384533.png,,,
21584,جليسوليد | شاور جيل حليب وعسل | 300مل,glysolid milk and honey shower gel 300ml hzty,55,EGP,جليسوليد,العناية بالبشرة>,in stock,https://chefaa.com:443/eg-ar/nowProduct/glysolid-milk-and-honey-shower-gel-300ml-hzty,https://cdn.chefaa.com/filters:format(webp)/public/uploads/products/glysolid-milk-and-honey-shower-gel-300ml-hzty-01665479765.png,https://cdn.chefaa.com/filters:format(webp)/public/uploads/products/glysolid-milk-and-honey-shower-gel-300ml-hzty-01665479765.png,مميزات المنتج   جليسوليد | شاور جيل حليب وعسل | 300مل,ماركة: جليسوليد
28262,إيفا سكين كير | سينسز معطر الجسم جولد سبيل | 240مل,eva skin care senses body splash gold spell 240ml 8foe,200,EGP,إيڤا,العناية بالبشرة>,in stock,https://chefaa.com:443/eg-ar/nowProduct/eva-skin-care-senses-body-splash-gold-spell-240ml-8foe,https://cdn.chefaa.com/filters:format(webp)/public/uploads/products/eva-skin-care-senses-body-splash-gold-spell-240ml-8foe-01721414400.png,https://cdn.chefaa.com/filters:format(webp)/public/uploads/products/eva-skin-care-senses-body-splash-gold-spell-240ml-8foe-01721414400.png,مميزات المنتج   إيفا سكين كير | سينسز معطر الجسم جولد سبيل | 240مل,ماركة: إيڤا
46346,إيفا سكين كير | ﺇشراقة طبيعية مقشر الوجه | 100مل,eva skin care natural glow facial scrub 100ml eojw_du8PEBE0,65,EGP,إيڤا,العناية بالبشرة>الغسول,in stock,https://chefaa.com:443/eg-ar/nowProduct/eva-skin-care-natural-glow-facial-scrub-100ml-eojw_du8PEBE0,https://cdn.chefaa.com/filters:format(webp)/public/uploads/products/eva-skin-care-natural-glow-facial-scrub-100ml-cf3p-01700416231.png,https://cdn.chefaa.com/filters:format(webp)/public/uploads/products/eva-skin-care-natural-glow-facial-scrub-100ml-cf3p-01700416231.png,مميزات المنتج   إن التركيبة المتطورة لإيڤا سكين كير إشراقة طبيعية مقشر الوجه غنية بمجموعة من الڤيتامينات والمكونات الطبيعية التي توحد لون البشرة، حمض الساليسيلك وحبيبات بذور المشمش اللذان يقومان بتقشير البشرة وتنظيف المسام وذلك عن طريق إزالة الاوساخ والزيوت. ينظف البشرة بعمق ويعطيها الإشراقة المطلوبة.,ماركة: إيڤا
15109,بوبانا | غسول الوجه بڤيتامين سي | 150مل,bobana bobana vitamin face wash 150ml sufa,80,EGP,بوبانا,العناية بالبشرة>,in stock,https://chefaa.com:443/eg-ar/nowProduct/bobana-bobana-vitamin-c-face-wash-150ml-sufa,https://cdn.chefaa.com/filters:format(webp)/public/uploads/products/bobana-bobana-vitamin-c-face-wash-150ml-okaj-01649680873.png,https://cdn.chefaa.com/filters:format(webp)/public/uploads/products/bobana-bobana-vitamin-c-face-wash-150ml-okaj-01649680873.png,مميزات المنتج   بوبانا | غسول الوجه بڤيتامين سي | 150مل   عن هذا المنتج     غسول يومي بتركيبة كريمية ناعمة على البشرة. غني بڤيتامين سي مضاد الأكسدة القوي الذي يعمل بكفاءة على تفتيح وتوحيد درجة لون ومكافحة بقع وتصبغات البشرة. يعطي البشرة مظهراً مشرقاً وحيوياً طوال اليوم. طريقة الاستخدام:  ضعي كمية مناسبة على وجهك المبلل. دلكيه بلطف بحركات دائرية. اغسلي وجهك بالماء جيداً.,ماركة: بوبانا
21435,ستاركي كريم صنفرة طبيعي مقشر للوجه والجسم للبشرة الدهنية بالفحم| 300 مل,starchy charcoal face and skin exfoliator 300ml vbfm,30,EGP,ستاركي,العناية بالبشرة>الغسول,in stock,https://chefaa.com:443/eg-ar/nowProduct/starchy-charcoal-face-and-skin-exfoliator-300ml-vbfm,https://cdn.chefaa.com/filters:format(webp)/public/uploads/products/starchy-charcoal-face-and-skin-exfoliator-300ml-vbfm-01721751971.png,https://cdn.chefaa.com/filters:format(webp)/public/uploads/products/starchy-charcoal-face-and-skin-exfoliator-300ml-vbfm-01721751971.png,مميزات المنتج   يعمل على إزالة وامتصاص الدهون الزائدة والزيوت. يعمل على تنظيف البشرة والمسام بفاعلية. يحتوي على تكنولوجيا (AHA) (حمض ألفا هيدروكسي) التي تعمل على تقشير البشرة وإزالة خلايا الجلد الميتة وتفتيح البقع الداكنة. يعمل على شد البشرة وتضييق المسام الواسعة. يعمل على إزالة خلايا الجلد الميتة بفاعلية. يساعد في تجديد خلايا البشرة للحصول على بشرة صحية ومشرقة. يُكسب البشرة مزيد من النضارة والحيوية. لا يسبب جفاف البشرة. مناسب للبشرة الدهنية. مناسب للوجه والجسم.   عن هذا المنتج     مكونات كريم صنفرة الوجه والجسم من ستاركي: الفحم النشط: يعمل على التخلص من خلايا الجلد الميتة وتجديد خلايا البشرة. الجليسرين: يعمل على ترطيب البشرة وحمايتها من الجفاف. خلاصة الفواكة: لها خصائص مضادة للأكسدة وتعمل على إزالة خلايا الجلد الميتة وتجديد خلايا البشرة. زيوت معدنية: تعمل على ترطيب البشرة. الماء. حجم Starky Natural Scrub Cream with Charcoal for Face and Body: يتوفر بحجم 300 مل. يوصي به: كريم الصنفرة بالفحم مناسب للبشرة الدهنية حيث يعمل على امتصاص الدهون الزائدة وإزالة خلايا الجلد الميتة للحصول على بشرة أكثر نضارة وإشراق.,ماركة: ستاركي
55321,إيفا | سوفت كريم مرطب بالصبار | 50جم,eva soft moisturizing creamaloe vera50gmIcUu,30,EGP,إيڤا,العناية بالبشرة>,in stock,https://chefaa.com:443/eg-ar/nowProduct/eva-soft-moisturizing-creamaloe-vera50gmIcUu,https://cdn.chefaa.com/filters:format(webp)/public/uploads/products/eva-soft-moisturizing-creamaloe-vera50gmicuu-01732756792.png,https://cdn.chefaa.com/filters:format(webp)/public/uploads/products/eva-soft-moisturizing-creamaloe-vera50gmicuu-01732756792.png,مميزات المنتج   إيفا | سوفت كريم مرطب بالصبار | 50جم,ماركة: إيڤا
31933,بوبانا | قناع ورقي بخلاصة الكولاجين وفيتامين سي,bobana collagen vitamin sheet mask khpi,50,EGP,بوبانا,العناية بالبشرة>,in stock,https://chefaa.com:443/eg-ar/nowProduct/bobana-collagen-vitamin-c-sheet-mask-khpi,https://cdn.chefaa.com/filters:format(webp)/public/uploads/products/bobana-collagen-vitamin-c-sheet-mask-khpi-01720969134.png,https://cdn.chefaa.com/filters:format(webp)/public/uploads/products/bobana-collagen-vitamin-c-sheet-mask-khpi-01720969134.png,مميزات المنتج   بوبانا | قناع ورقي بخلاصة الكولاجين وفيتامين سي,ماركة: بوبانا
21095,يورياج | كريم باريديرم سيكا كريم للبشرة الحساسة والمتهيجة | 40مل,uriage bariederm repairing cica cream 40ml opqv,555,EGP,يورياج,العناية بالبشرة>,in stock,https://chefaa.com:443/eg-ar/nowProduct/uriage-bariederm-repairing-cica-cream-40ml-opqv,https://cdn.chefaa.com/filters:format(webp)/public/uploads/products/uriage-bariederm-repairing-cica-cream-40ml-opqv-01669903729.png,https://cdn.chefaa.com/filters:format(webp)/public/uploads/products/uriage-bariederm-repairing-cica-cream-40ml-opqv-01669903729.png,مميزات المنتج   يورياج | كريم باريديرم سيكا كريم للبشرة الحساسة والمتهيجة | 40مل   عن هذا المنتج     يورياج | كريم باريديرم سيكا كريم للبشرة الحساسة والمتهيجة | 40مل,ماركة: يورياج
45847,ميلاتكس | قناع تفتيح للبقع | 50مل,melatex lightening mask 50ml hfw5_duxsIPs3,305,EGP,ميلاتيكس,العناية بالبشرة>الترطيب,in stock,https://chefaa.com:443/eg-ar/nowProduct/melatex-lightening-mask-50ml-hfw5_duxsIPs3,https://cdn.chefaa.com/filters:format(webp)/public/uploads/products/melatex-lightening-mask-50ml-hfw5-duxsips3-01749975606.png,https://cdn.chefaa.com/filters:format(webp)/public/uploads/products/melatex-lightening-mask-50ml-hfw5-duxsips3-01749975606.png,مميزات المنتج   ميلاتكس | قناع تفتيح للبقع | 50مل,ماركة: ميلاتيكس
32174,يوسيرين | سيروم ثلاثي المفعول تفتيح و توحيد البشرة | 40مل,eucerin dermo purifyer oil control serum 40ml uvwh,775,EGP,يوسيرين,العناية بالبشرة>السيروم,in stock,https://chefaa.com:443/eg-ar/nowProduct/eucerin-dermo-purifyer-oil-control-serum-40ml-uvwh,https://cdn.chefaa.com/filters:format(webp)/public/uploads/products/eucerin-dermo-purifyer-oil-control-serum-40ml-uvwh-01718730198.png,https://cdn.chefaa.com/filters:format(webp)/public/uploads/products/eucerin-dermo-purifyer-oil-control-serum-40ml-uvwh-01718730198.png,مميزات المنتج   يوسيرين | سيروم ثلاثي المفعول تفتيح و توحيد البشرة | 40مل,ماركة: يوسيرين
2472,نيفيا | كريم ناتشورال فيرنيس للوجه والجسم | 100مل,nivea natural fairness face body cream 100ml,80,EGP,نيفيا,العناية بالبشرة>الترطيب,in stock,https://chefaa.com:443/eg-ar/nowProduct/nivea-natural-fairness-face-body-cream-100ml,https://cdn.chefaa.com/filters:format(webp)/public/uploads/products/nivea-natural-fairness-face-body-cream-100ml-01655037180.png,https://cdn.chefaa.com/filters:format(webp)/public/uploads/products/nivea-natural-fairness-face-body-cream-100ml-01655037180.png,مميزات المنتج   نيفيا | كريم ناتشورال فيرنيس للوجه والجسم | 100مل   عن هذا المنتج     تركيبة مبتكرة من مستخلصات نبات عرق السوس وثمرة التوت تمنح البشرة النقاء والصفاء والنضارة. يقلل من تصبغ البشرة ويمنع ظهور البقع الداكنة. يحمي البشرة من أشعة الشمس من خلال مرشحات الأشعة فوق البنفسجية. لوشن التفتيح الطبيعي للجسم من نيڤيا هو مرطب يومي مُصنَّع لتعزيز التألق الطبيعي للجلد، حيث يمنح البشرة نعومة فائقة ونقاء طبيعي. تركيبة مبتكرة من مستخلصات نبات عرق السوس وثمرة التوت تمنح البشرة النقاء والصفاء والنضارة. يقلل من تصبغ البشرة ويمنع ظهور البقع الداكنة. يحمي البشرة من أشعة الشمس الضارة من خلال فلاتر الأشعة فوق البنفسجية UV.,ماركة: نيفيا
2471,نيفيا | كريم ناتشورال فيرنيس للوجه والجسم | 50مل,nivea natural fairness face body cream 50ml,96,EGP,نيفيا,العناية بالبشرة>الترطيب,in stock,https://chefaa.com:443/eg-ar/nowProduct/nivea-natural-fairness-face-body-cream-50ml,https://cdn.chefaa.com/filters:format(webp)/public/uploads/products/nivea-natural-fairness-face-body-cream-50ml-01655036906.png,https://cdn.chefaa.com/filters:format(webp)/public/uploads/products/nivea-natural-fairness-face-body-cream-50ml-01655036906.png,مميزات المنتج   نيفيا | كريم ناتشورال فيرنيس للوجه والجسم | 50مل   عن هذا المنتج     تركيبة مبتكرة من مستخلصات نبات عرق السوس وثمرة التوت تمنح البشرة النقاء والصفاء والنضارة.   يقلل من تصبغ البشرة ويمنع ظهور البقع الداكنة.   يحمي البشرة من أشعة الشمس من خلال مرشحات الأشعة فوق البنفسجية.   لوشن التفتيح الطبيعي للجسم من نيڤيا هو مرطب يومي مُصنَّع لتعزيز التألق الطبيعي للجلد، حيث يمنح البشرة نعومة فائقة ونقاء طبيعي.   تركيبة مبتكرة من مستخلصات نبات عرق السوس وثمرة التوت تمنح البشرة النقاء والصفاء والنضارة.   يقلل من تصبغ البشرة ويمنع ظهور البقع الداكنة.   يحمي البشرة من أشعة الشمس الضارة من خلال فلاتر الأشعة فوق البنفسجية UV.,ماركة: نيفيا
20695,انجرام | كريم حلاقة كول | 60جم,ingram cool lather shave cream tube 60gm bcg1,55,EGP,No Brand,العناية بالبشرة>,in stock,https://chefaa.com:443/eg-ar/nowProduct/ingram-cool-lather-shave-cream-tube-60gm-bcg1,https://cdn.chefaa.com/filters:format(webp)/public/uploads/products/ingram-cool-lather-shave-cream-tube-60gm-oenr-01655293933.png,https://cdn.chefaa.com/filters:format(webp)/public/uploads/products/ingram-cool-lather-shave-cream-tube-60gm-oenr-01655293933.png,عن هذا المنتج     انجرام | كريم حلاقة كول | 60جم,raw_specs: المواصفات
15071,بوبانا | ماسك الحليب للتفتيح والتنظيف | 250جم,bobana cleanser whitening milk mask 250gm z1k7,65,EGP,بوبانا,العناية بالبشرة>,in stock,https://chefaa.com:443/eg-ar/nowProduct/bobana-cleanser-whitening-milk-mask-250gm-z1k7,https://cdn.chefaa.com/filters:format(webp)/public/uploads/products/bobana-cleanser-whitening-milk-mask-250gm-oqne-01649666703.png,https://cdn.chefaa.com/filters:format(webp)/public/uploads/products/bobana-cleanser-whitening-milk-mask-250gm-oqne-01649666703.png,مميزات المنتج   بوبانا | ماسك الحليب للتفتيح والتنظيف | 250جم   عن هذا المنتج       ماسك 1X2 (تفتيح + تنظيف).   يعمل المنثول على تقليل الإفرازات الدهنية الزائدة والتهابات حب الشباب.   يقلل من آثار البقع الداكنة.   يعطي البشرة لون موحد.   لتنظيف وتفتيح البشرة الدهنية بقوة المنثول.   منظف غني بالمنثول للبشرة الدهنية والمختلطة.   تركيبة غنية بقوة الحليب التي تساعد على تفتيح البشرة وتوحيد لونها وتقليل اَثار البقع الداكنة، بينما يعمل المنثول (زيت النعناع) على تنظيف البشرة وإزالة الدهون الزائدة ومعالجة آثار حب الشباب.     طريقة الاستخدام:      يوضع على الوجه أو الجسم مع التدليك الخفيف بأطراف الأصابع ثم  يترك من 5 الى 10 دقائق، ثم يشطف بالماء الدافئ.   للحصول على أفضل النتائج، ينصح بالاستخدام مرتين اسبوعياً.,ماركة: بوبانا
46306,غسول ايفا بالعسل مقشر للوجه لجميع أنواع البشرة | 150 مل,eva facial care exfoliating with honey 150ml ewkc_duCEIIdY,53,EGP,إيڤا,العناية بالبشرة>الغسول,in stock,https://chefaa.com:443/eg-ar/nowProduct/eva-facial-care-exfoliating-with-honey-150ml-20-ewkc_duCEIIdY,https://cdn.chefaa.com/filters:format(webp)/public/uploads/products/eva-facial-care-exfoliating-with-honey-150ml-20-ewkc-01721406405.png,https://cdn.chefaa.com/filters:format(webp)/public/uploads/products/eva-facial-care-exfoliating-with-honey-150ml-20-ewkc-01721406405.png,مميزات المنتج   يتميز غسول ايفا بالعسل بما يلي: له تركيبة لطيفة على البشرة خالية من الصابون. يقشر البشرة مما يساعد على التخلص من الجلد الميت وتفتيح البشرة. ينظف البشرة بعمق ويساعد على التخلص من البثور السوداء والأتربة. يحافظ على توازن البشرة ولا يسبب الجفاف. يكسب البشرة المزيد من الإشراق والنعومة. سعر غسول ايفا بالعسل مناسب مقارنة بفوائده للبشرة.   عن هذا المنتج     مكونات غسول ايفا لجميع انواع البشرة  يحتوي غسول ايفا على: العسل: يعمل على تنظيف وتجديد خلايا البشرة وكذلك يرطب البشرة ويحميها من الجفاف. حجم غسول ايفا بالعسل   يتوفر Eva Facial Wash بحجم 150 مل. يوصى باستعمال ايفا غسول للوجه ل: يناسب eva facial cleanser جميع أنواع البشرة إذ يتميز بتركيبة لطيفة تساعد على التنظيف العميق للبشرة بدون أن تسبب لها الجفاف، فهو يعيد توازن البشرة ويكسبها المزيد من الإشراق والنعومة. طريقة استخدام غسول ايفا يبلل الوجه بالماء ثم يوزع الغسول على البشرة جيداً مع التدليك بحركات دائرية، ثم يشطف جيداً. ما هي فوائد ايفا بالعسل؟ يساعد غسول ايفا على تنظيف البشرة بعمق والتقشير الخفيف لخلايا الجلد الميت، وكذلك له دور في تجديد خلايا البشرة وترطيبها وحمايتها من الجفاف مما يكسب الجلد النعومة والإشراق. أنواع غسول ايفا غسول ايفا للبشرة المختلطة غسول ايفا للبشرة الدهنية بالخيار غسول ايفا باللبن لجميع أنواع البشرة غسول ايفا بالجلسرين للبشرة الجافة غسول ايفا بالهيالورونيك اسيد غسول ايفا بالكولاجين,ماركة: إيڤا
21089,بيوديرما | أتوديرم جل استحمام الترا جينتل | 200مل,bioderma atoderm shower gel ultra gentle 200ml yupj,599,EGP,بيودرما,العناية بالبشرة>,in stock,https://chefaa.com:443/eg-ar/nowProduct/bioderma-atoderm-shower-gel-ultra-gentle-200ml-yupj,https://cdn.chefaa.com/filters:format(webp)/public/uploads/products/bioderma-atoderm-shower-gel-ultra-gentle-200ml-yupj-01720028575.png,https://cdn.chefaa.com/filters:format(webp)/public/uploads/products/bioderma-atoderm-shower-gel-ultra-gentle-200ml-yupj-01720028575.png,عن هذا المنتج     بيوديرما | أتوديرم جل استحمام الترا جينتل | 200مل,ماركة: بيودرما
31979,سيرافي | غسول الوجه والجسم بحمض الساليسيليك | 236مل,cerave smoothing cleanser face and body wash with salicylic acid 236ml wwto,628,EGP,سيرافي,العناية بالبشرة>الغسول,in stock,https://chefaa.com:443/eg-ar/nowProduct/cerave-sa-smoothing-cleanser-face-and-body-wash-with-salicylic-acid-236ml-wwto,https://cdn.chefaa.com/filters:format(webp)/public/uploads/products/cerave-sa-smoothing-cleanser-face-and-body-wash-with-salicylic-acid-236ml-wwto-01723385226.png,https://cdn.chefaa.com/filters:format(webp)/public/uploads/products/cerave-sa-smoothing-cleanser-face-and-body-wash-with-salicylic-acid-236ml-wwto-01723385226.png,مميزات المنتج   سيرافي | غسول الوجه والجسم بحمض الساليسيليك | 236مل,ماركة: سيرافي
49478,مود | غسول يد كايرو | 500مل,mood cairo hand wash 500ml c8po,59,EGP,مود,العناية بالبشرة>الغسول,in stock,https://chefaa.com:443/eg-ar/nowProduct/mood-cairo-hand-wash-500ml-c8po,https://cdn.chefaa.com/filters:format(webp)/public/uploads/products/mood-cairo-hand-wash-500ml-jlgx-01729806993.png,https://cdn.chefaa.com/filters:format(webp)/public/uploads/products/mood-cairo-hand-wash-500ml-jlgx-01729806993.png,مميزات المنتج   مود | غسول يد كايرو | 500مل,ماركة: مود
2272,إيڤا سكين كلينيك وايت بيرل | كريم نهاري بخلاصة اللؤلؤ الابيض | 50مل,eva skin clinic white pearl day cream 50ml,220,EGP,إيڤا,العناية بالبشرة>,in stock,https://chefaa.com:443/eg-ar/nowProduct/eva-skin-clinic-white-pearl-day-cream-50ml,https://cdn.chefaa.com/filters:format(webp)/public/uploads/products/eva-skin-clinic-white-pearl-day-cream-50ml-01738265341.png,https://cdn.chefaa.com/filters:format(webp)/public/uploads/products/eva-skin-clinic-white-pearl-day-cream-50ml-01738265341.png,مميزات المنتج   ايفا سكين كلينيك كريم تفتيح نهاري بخلاصة اللؤلؤ الأبيض لتفتيح وتوحيد لون البشرة، معامل حماية من أشعة الشمس 15. تأثير 360 درجة تفتيح. خلاصة اللؤلؤ الأبيض: تعمل على تفتيح لون البشرة وتزويدها بالمعادن البحرية الطبيعية. فيتامين ب3: يعمل على تقليل مظهر البقع الداكنة كما يعمل على حماية البشرة من اشعة الشمس الفوق البنفسجية الضارة وزيادة ترطيبها. هيكسل ريزورسينول: يعمل على توحيد لون بشرتك كما يعمل كمضادة للأكسدة.,ماركة: إيڤا
3107,غسول ميلاتكس للتفتيح للوجه melatex cleanser | ٢٠٠ مل,melatex lightening cleanser 200ml,243,EGP,ميلاتيكس,العناية بالبشرة>الغسول,in stock,https://chefaa.com:443/eg-ar/nowProduct/melatex-lightening-cleanser-200ml,https://cdn.chefaa.com/filters:format(webp)/public/uploads/products/melatex-lightening-cleanser-200ml-01749975765.png,https://cdn.chefaa.com/filters:format(webp)/public/uploads/products/melatex-lightening-cleanser-200ml-01749975765.png,"مميزات المنتج   غسول ميلاتكس لتفتيح البشرة (melatex cleanser) يتميز بما يلى: يعمل على تنظيف وتنقية البشرة والمسام. يساعد على تقليل البثور والرؤوس السوداء. يساعد على إزالة الزيوت الزائدة والشوائب والأتربة وبقايا المكياج دون التسبب في حساسية أو التهابات البشرة. يساعد على تفتيح وتقليل البقع وتوحيد لون البشرة. يعمل على تقشير البشرة وإزالة خلايا الجلد الميتة. يُكسب البشرة مزيد من النعومة والنضارة والإشراق. مناسب لجميع أنواع البشرة حتى البشرة الحساسة.   عن هذا المنتج     مكونات غسول ميلاتكس للتفتيح يحتوى غسول ميلاتيكس على: فيتامين سي: له خصائص مضادة للأكسدة كما يعمل على تعزيز إنتاج الكولاجين وتقليل إنتاج الميلانين وتعزيز نضارة البشرة. خلاصة العرق سوس: يعمل على تقليل إنتاج صبغة الميلانين ما يساعد على تقليل التصبغات والبقع وتفتيح لون البشرة. أحماض الفواكه: تساعد على إزالة خلايا الجلد الميتة وتقشير وتفتيح البشرة للحصول على بشرة نضرة. خلاصة البندق: لها خصائص مضادة للبكتيريا والالتهابات وتعمل على تقليل المسام الواسعة وتقليل حب الشباب. بروتين الشوفان: له خصائص مضاد للالتهابات ويعمل على إزالة خلايا الجلد الميتة، كما يساعد على تهدئة الجلد والحفاظ على رطوبة البشرة. حجم ميلاتكس غسول تفتيح melatex cleanser يتوافر melatex غسول بحجم 200 مل يوصي باستعمال غسول melatex الغسول مناسب لجميع أنواع البشرة حتى البشرة الحساسة حيث يعمل على تنقية وتنظيف البشرة بفاعلية وتقليل البقع وتوحيد لون البشرة، ويقوم بتقشير خفيف للبشرة دون التسبب في حدوث جفاف أو تهيج للبشرة. سعر غسول ميلاتكس يبلغ سعر غسول melatex حوالى 183 جنيه. "" قد يتغير سعر غسول ميلاتكس من وقت لاخر تبعاً لتغيره فى الصيدليات "" ما فوائد غسول ميلاتكس  melatex ؟ ميلاتيكس غسول يتميز بتركيبته التي تجمع بين مكونات فعالة تساعد في تفتيح البشرة وتنظيفها بعمق، مما يجعله خيارًا جيدًا للعناية اليومية بالبشرة. إليكِ أهم فوائده: تفتيح البشرة وتوحيد لونها: يحتوي على فيتامين C وخلاصة العرق سوس، وهما مكونان فعالان في تقليل التصبغات والبقع الداكنة، مما يساعد في الحصول على بشرة أكثر إشراقًا. إزالة خلايا الجلد الميتة وتجديد البشرة: بفضل احتوائه على أحماض الفواكه، يعمل على تقشير البشرة بلطف، مما يمنحها مظهرًا أكثر نضارة وحيوية. تنظيف البشرة بعمق وإزالة الشوائب: يزيل الأوساخ والزيوت الزائدة من المسام. ما عيوب غسول ميلاتكس ؟ على الرغم من فوائد غسول ميلاتكس في تفتيح البشرة وتنظيفها، إلا أن هناك بعض العيوب التي قد تواجه بعض المستخدمين، ومنها: قد يسبب جفافًا للبشرة. غير مناسب للبشرة شديدة الحساسية: بعض المكونات مثل أحماض الفواكه وفيتامين C قد تسبب احمرارًا أو تهيجًا لدى الأشخاص ذوي البشرة الحساسة. قد لا يناسب البشرة المصابة بحب الشباب. نتائج التفتيح تحتاج إلى وقت. هل ينفع غسول ميلاتكس للبشرة الدهنية ؟ غسول ميلاتكس يحتوي على مكونات تساعد في التحكم في الزيوت الزائدة وتقليل المسام الواسعة، مثل خلاصة البندق وأحماض الفواكه التي تقشر البشرة بلطف وتزيل خلايا الجلد الميتة، مما يساعد في منع انسداد المسام. كما أن وجود فيتامين C وخلاصة العرق سوس يساهم في تفتيح البشرة وتقليل التصبغات مما يجعله خيارًا جيدًا للبشرة الدهنية. هل ينفع غسول ميلاتكس للبشرة الجافة ؟ غسول ميلاتكس قد لا يكون الخيار الأفضل للبشرة شديدة الجفاف، وذلك لأنه يحتوي على أحماض الفواكه التي تعمل على تقشير البشرة، مما قد يؤدي إلى زيادة الجفاف.",ماركة: ميلاتيكس
20734,ديتول | صابونة مضادة للبكتيريا الاصلي | 115جم,dettol anti bacterial orginial soap bar 115gm 8mge,35,EGP,ديتول,العناية بالبشرة>,in stock,https://chefaa.com:443/eg-ar/nowProduct/dettol-anti-bacterial-orginial-soap-bar-115gm-8mge,https://cdn.chefaa.com/filters:format(webp)/public/uploads/products/dettol-anti-bacterial-orginial-soap-bar-115gm-sf2a-01655304784.png,https://cdn.chefaa.com/filters:format(webp)/public/uploads/products/dettol-anti-bacterial-orginial-soap-bar-115gm-sf2a-01655304784.png,عن هذا المنتج     ديتول | صابونة مضادة للبكتيريا الاصلي | 115جم,ماركة: ديتول
46631,صن بلوك ديرما اكتيف فلويد للبشرة الدهنية +50 spf | ٥٠ مل,dermactive acti solaire spf ultra fluid light tinted 50ml c5lf_dun2K4NA_duY3vWjI,279,EGP,ديرما اكتيف,العناية بالبشرة>الوقاية من الشمس,in stock,https://chefaa.com:443/eg-ar/nowProduct/dermactive-acti-solaire-spf-50-ultra-fluid-light-tinted-50ml-c5lf_dun2K4NA_duY3vWjI,https://cdn.chefaa.com/filters:format(webp)/public/uploads/products/dermactive-acti-solaire-spf-50-ultra-fluid-light-tinted-50ml-c5lf-dun2k4na-01708426735.png,https://cdn.chefaa.com/filters:format(webp)/public/uploads/products/dermactive-acti-solaire-spf-50-ultra-fluid-light-tinted-50ml-c5lf-dun2k4na-01708426735.png,مميزات المنتج   يتميز صن بلوك ديرما اكتيف dermactive sunblock بما يلي: يوفر حماية فائقة من الشمس، فيحتوي على معامل حماية SPF 50+، مما يوفر حماية عالية جدًا من الأشعة فوق البنفسجية UVA وUVB، وبالتالي يقلل من خطر الحروق والتصبغات والشيخوخة المبكرة. له قوام خفيف وسريع الامتصاص ولا يترك أي أثر دهني أو لزج على البشرة. يمنح بشرتكِ لمسة نهائية جافة وغير لامعة، مما يجعله مثاليًا للاستخدام قبل وضع المكياج. تركيبته اللطيفة تجعله مناسبًا للاستخدام على البشرة الحساسة والمعرضة للاحمرار والتهيج الناتج عن الشمس. تم اختباره من قبل أطباء الجلدية ويمكن استخدامه للأطفال من سن 3 سنوات. مقاومة للماء والتعرق مما يجعله مناسبًا للاستخدام اليومي. سعر صن بلوك ديرما اكتيف مناسب مقارنة بفوائده العديدة للبشرة.   عن هذا المنتج     مكونات صن بلوك ديرما اكتيف للبشرة الدهنية   يحتوي صن بلوك ديرما اكتيف على:  Diethylamino Hydroxybenzoyl Hexyl Benzoate (داي إيثيل أمينو هيدروكسيبنزيل): يعمل كمادة واقية من الأشعة فوق البنفسجية (UVA) ويمنع تلف البشرة بسبب التعرض للأشعة فوق البنفسجية، مما يقلل من خطر الشيخوخة المبكرة.  Ethylhexyl Triazone (إيثيل هكسيل ترايازون): يعمل كعامل حماية من أشعة الشمس مما يساهم في حماية البشرة من التلف الناتج عن التعرض لأشعة الشمس.   Zinc Oxide (أكسيد الزنك): يوفر حماية فعالة من الأشعة فوق البنفسجية (UVA وUVB)، ويعد من المكونات الأساسية في واقيات الشمس الطبيعية التي تعمل على حماية البشرة من الحروق والتهيج.  Glycerin (الجلسرين): يحافظ على ترطيب البشرة ويمنع جفافها.  Titanium Dioxide (تيتانيوم داي اكسيد): مكونًا طبيعيًا لواقي الشمس، يعكس الأشعة فوق البنفسجية (UVA وUVB)، ويعمل كحاجز يحمي البشرة من أضرار الشمس.  Tocopheryl Acetate (توكوفيرول أسيتات): أحد أشكال فيتامين E يعمل كمضاد أكسدة قوي يحمي البشرة من الأضرار الناتجة عن الجذور الحرة والتلوث.  حجم عبوة dermactive sunblock  يتوفر صن بلوك ديرما اكتيف بحجم 50 مل.  سعر صن بلوك ديرما اكتيف فلويد   يبلغ سعر صن بلوك ديرماكتيف حوالي 279 جنيه مصري (سعر المنتج قد يتغير تبعاً لتحديث سعره في الصيدليات أو حسب العروض المتاحة).  يوصى باستعمال ديرماكتيف صن بلوك سائل ل  صن بلوك ديرماكتيف سائل مناسب لأصحاب البشرة الدهنية والمختلطة فهو يتميز بتركيبة خفيفة على البشرة لا تسبب ملمسًا لزجًا أو دهنيًا وتعطي البشرة مظهر (مات) غير لامع، بالإضافة لحمايتها من أشعة الشمس UVA وUVB.  طريقة استخدام ديرما اكتيف صن بلوك  ضع كمية مناسبة من واقي الشمسي على الوجه وجميع المناطق المكشوفة من الجلد قبل التعرض لأشعة الشمس بـ15 إلى 20 دقيقة.  كرر وضع الواقي الشمسي بانتظام، خاصةً بعد السباحة، أو التعرق، لضمان حماية مستمرة.   ما هي مميزات وعيوب صن بلوك ديرما اكتيف؟  المميزات:  يوفر حماية قوية ضد أشعة UVA وUVB بفضل الفلاتر واسعة الطيف، مما يجعله مناسبًا للبشرة الحساسة للشمس.  تم اختباره ليكون مقاومًا للماء والعرق، مما يضمن حماية موثوقة أثناء التعرض للشمس.  مصمم ليناسب البشرة الدهنية والحساسة للشمس.  سهل الامتصاص ولا يسبب مظهرًا لامعًا أو دهنيًا للبشرة.  يرطب البشرة ويمنحها ملمسًا ناعمًا.  العيوب:  يعد صن بلوك ديرماكتيف من المنتجات الآمنة على البشرة والتي يمكن استخدامها بشكل يومي ولكن قد تحدث بعض الحساسية لدى الأشخاص الذين يعانون من فرط الحساسية تجاه أحد مكونات المنتج.  قد لا يناسب ديرماكتيف تنتد جميع درجات البشرة.  ما انواع ديرما اكتيف صن بلوك؟  أكتي سولير سبراي للأطفال acti solaire spray.  أكتي سولير سائل حماية من الشمس acti solaire fluid.  أكتي سولير سائل حماية من الشمس ملون acti solaire fluid tinted.  أكتي سولير كريم acti solaire cream.  أكتي سولير كريم ملون acti solaire tinted cream.  ما افضل وارخص صن بلوك للبشرة الدهنية؟  بوباي صن سكرين جل bobai sunscreen gel.  انفنتي صن بلوك جل infinity sunblock gel.  صن بلوك ديرماتيك dermatique sunblock.  صن بلوك دراكون drakon sunblock.  صن بلوك ديرماكتيف فلويد dermactive sunblock fluid.,ماركة: ديرما اكتيف
62551,لورد | صابون الكبريت | 50جم,lord sulpher soap WsvP,15,EGP,لورد,العناية بالبشرة>الغسول,in stock,https://chefaa.com:443/eg-ar/nowProduct/lord-sulpher-soap-50-gm-WsvP,https://cdn.chefaa.com/filters:format(webp)/public/uploads/products/lord-sulpher-soap-50-gm-wsvp-01756081655.png,https://cdn.chefaa.com/filters:format(webp)/public/uploads/products/lord-sulpher-soap-50-gm-wsvp-01756081655.png,مميزات المنتج   لورد | صابون الكبريت | 50جم,ماركة: لورد
7539,سيرافي كريم مرطب لتقليل الانتفاخ والهالات السوداء تحت العين | 14 مل,cerave eye area repair cream 14ml e7pv,550,EGP,سيرافي,العناية بالبشرة>العناية بالعيون,in stock,https://chefaa.com:443/eg-ar/nowProduct/cerave-eye-area-repair-cream-14ml-e7pv,https://cdn.chefaa.com/filters:format(webp)/public/uploads/products/cerave-eye-area-repair-cream-14ml-e7pv-01723384770.png,https://cdn.chefaa.com/filters:format(webp)/public/uploads/products/cerave-eye-area-repair-cream-14ml-e7pv-01723384770.png,مميزات المنتج   سيرافي كريم مرطب لتقليل الانتفاخ والهالات السوداء تحت العين | 14 مل   عن هذا المنتج     مكونات كريم العين من سيرافي:     سيراميد: يعمل على ترطيب البشرة وحماية الحاجز الطبيعى الذى يحافظ على رطوبة الجلد.   حمض الهيالورونيك: يعمل على الحفاظ على رطوبة البشرة وجعلها أكثر نعومة.   خلاصة بعض الأعشاب البحرية والنباتية: تعمل على تفتيح الجلد حول العين وجعله أكثر نضارة.   نياسيناميد: يعمل على تهدئة البشرة.     مميزات سيرافي كريم العين:     يعمل على تفتيح الهالات السوداء وإزالة علامات الإرهاق حول العين لجعل المنطقة أكثر إشراق وحيوية.   يعمل على تقليل الانتفاخات والاحتقان حول العين.   يعمل على ترطيب الجلد حول العين لفترة تصل إلى 24 ساعة.   مُصمم خصيصاً لحماية منطقة العين الحساسة.   يتميز بتقنية (MVE) التي تعمل على ترطيب المنطقة حول العين على مدار ال24 ساعة.   يعمل على تقوية الحاجز الواقي للجلد ويحميها من العوامل البيئية الضارة.   لا يسبب حساسية البشرة.   خالي من العطور.   مناسب لجميع أنواع البشرة.   يتميز بتركيبته الخفيفة سريعة الامتصاص.   تم تطويره مع أطباء الجلدية.   تم الموافقة عليه من قبل جمعية الإكزيما الوطنية.     حجم CeraVe Eye Repair Cream:     يتوفر بحجم 14 مل.     يوصي به:   الكريم مناسب للأشخاص الذين يعانون من الهالات السوداء وعلامات الإرهاق حيث يساعد على تقليل الهالات والانتفاخ تحت العين للحصول على بشرة نضرة وحيوية.,ماركة: سيرافي
3121,يوريبار | كريم القدم | 75مل,urepar foot cream 75ml,264,EGP,يوريبار,العناية بالبشرة>,in stock,https://chefaa.com:443/eg-ar/nowProduct/urepar-foot-cream-75ml,https://cdn.chefaa.com/filters:format(webp)/public/uploads/products/1596618785urepar-foot-cream-75mljpg,https://cdn.chefaa.com/filters:format(webp)/public/uploads/products/1596618785urepar-foot-cream-75mljpg,مميزات المنتج   يوريبار | كريم القدم | 75مل   عن هذا المنتج     يوريبار | كريم القدم | 75مل,ماركة: يوريبار
50202,1+1 غسول ارجنتو كلير منظف ومنقى لجميع أنواع البشرة | 200مل,argento clear facial cleanser ovom_duvtcAS3,290,EGP,أرجنتو,العناية بالبشرة>الغسول,in stock,https://chefaa.com:443/eg-ar/nowProduct/argento-clear-facial-cleanser-ovom_duvtcAS3,https://cdn.chefaa.com/filters:format(webp)/public/uploads/products/argento-clear-facial-cleanser-ovom-01724232749.png,https://cdn.chefaa.com/filters:format(webp)/public/uploads/products/argento-clear-facial-cleanser-ovom-01724232749.png,مميزات المنتج   يتميز غسول ارجنتو كلير بما يلي: له تركيبة مميزة تساعد على تنظيف البشرة العميق. له دور في تنظيم إفراز الزيوت بالبشرة وبالتالي منع ظهور الحبوب. لا يسبب جفاف البشرة أو الحساسية. يجدد خلايا البشرة ويساعد على تفتيح البقع والتصبغات. سعر غسول ارجنتو كلير مناسب مقارنة بفوائده العديدة للبشرة.   عن هذا المنتج     مكونات غسول ارجنتو كلير يحتوي غسول ارجنتو على: فيتامين ه: يرطب ويغذي البشرة ويحميها من علامات تقدم السن. زيت شجرة الشاي: يساعد على التحكم في إفراز الدهون والتخلص من البكتيريا. عرق السوس: يساعد على تفتيح البقع والتصبغات وتوحيد لون البشرة. حجم argento clear facial cleanser يتوفر غسول ارجنتو كلير للبشرة الدهنية بحجم 200 مل. يوصى باستعمال argento clear غسول ل: ارجنتو كلير غسول للوجه مناسب لأصحاب البشرة الدهنية والمختلطة إذ يساعد على تنظيم إفراز الزيوت بالبشرة التي تسد المسام وكذلك يقتل البكتيريا والجراثيم مما يساهم في منع تكون الحبوب، بالإضافة إلى دوره في تفتيح البشرة وتوحيد لونها. ما هي طريقة استخدام غسول ارجنتو كلير؟ بللي بشرتك بالماء ثم وزعي الغسول على البشرة جيداً ودلكيها بحركات دائرية ويستخدم مرتين يومياً، ويمكن استخدام غسول ارجنتو كمقشر من خلال تركه على البشرة المبللة لمدة ربع ساعة ثم شطفه بالماء. ما هي فوائد غسول ارجنتو كلير؟ يساعد الغسول على تنظيف البشرة بعمق والتخلص من البثور السوداء والدهون الزائدة بالبشرة، وله دور في قتل البكتيريا ومنع ظهور الحبوب بالإضافة إلى تفتيح البشرة وتوحيد لونها ويتميز بمكوناته التي تساعد على ترطيب وتغذية البشرة وإكسابها المزيد من النضارة. ما هي أضرار غسول ارجنتو؟ قد يسبب الغسول جفاف للبشرة مع الاستعمال الزائد عن الحد. ما هي عيوب غسول ارجنتو كلير؟ لا يناسب الغسول أصحاب البشرة الجافة إذ قد يسبب الجفاف الشديد للبشرة مع ظهور الحكة أو الالتهابات، ويفضل ترطيب البشرة بعد استخدام غسول ارجنتو كلير.,ماركة: أرجنتو
24035,ماء ميسيلار نيفيا مزيل للمكياج بماء الورد | 100 مل,nivea micellar rose water 100ml ody4,218,EGP,نيفيا,العناية بالبشرة>الغسول,in stock,https://chefaa.com:443/eg-ar/nowProduct/nivea-micellar-rose-water-100ml-ody4,https://cdn.chefaa.com/filters:format(webp)/public/uploads/products/nivea-micellar-rose-water-100ml-ody4-01675000681.png,https://cdn.chefaa.com/filters:format(webp)/public/uploads/products/nivea-micellar-rose-water-100ml-ody4-01675000681.png,مميزات المنتج   يتميز ماء ميسيلار نيفيا بما يلي: يساعد على تنظيف البشرة والتخلص من الشوائب والأتربة. يزيل مكياج العينين والبشرة بدون أن يسبب انسداد للمسام. يحسن ملمس البشرة ويساعد على ترطيبها. يحافظ على حاجز البشرة ولا يسبب الحساسية. خالي من الروائح والكحول. سعر ماء ميسيلار نيفيا في مصر مناسب مقارنة بفوائده.   عن هذا المنتج     مكونات ماء ميسيلار نيفيا    يحتوي nivea micellar water على:  زيت اللوز: يرطب البشرة ويحسن ملمس الجلد.  الجلسرين: يزيد نعومة وترطيب البشرة.  حمض الستريك: يحمي البشرة من البكتيريا والالتهابات.  البانثينول: يعمل كمرطب وملطف للبشرة.  حجم نيفيا ماء ميسيلار  يتوفر ماء ميسيلار نيفيا للبشرة الدهنية بحجم 200 مل و400 مل.  يوصى باستعمال ماء ميسيلار نيفيا للبشرة الحساسة ل  مزيل مكياج نيفيا ماء ميسيلار مناسب لجميع أنواع البشرة وخاصة أصحاب البشرة الحساسة إذ يتميز بتركيبة لطيفة على البشرة تساعد على تنظيف المسام وتنقية البشرة.  فوائد ماء ميسيلار نيفيا  يساعد نيفيا ماء ميسيلار على تنظيف وتنقية البشرة والتخلص من الدهون الزائدة والشوائب، وكذلك يرطب البشرة ويكسبها النعومة والحيوية نظراً لاحتوائه على زيت اللوز المعروف بفوائده العديدة للبشرة، ويمكن استخدامه لإزالة المكياج.,ماركة: نيفيا
21026,لاروش بوزيه | هيالو بي 5 سيروم مضاد للتجاعيد | 30مل,roche hyalu serum 30ml 7fiw,1320,EGP,لاروش بوزيه,العناية بالبشرة>السيروم,in stock,https://chefaa.com:443/eg-ar/nowProduct/la-roche-hyalu-serum-b5-30ml-7fiw,https://cdn.chefaa.com/filters:format(webp)/public/uploads/products/la-roche-hyalu-serum-b5-30ml-r580-01655899267.png,https://cdn.chefaa.com/filters:format(webp)/public/uploads/products/la-roche-hyalu-serum-b5-30ml-r580-01655899267.png,مميزات المنتج   لاروش بوزيه | هيالو بي 5 سيروم مضاد للتجاعيد | 30مل   عن هذا المنتج     مكونات لاروش بوزيه هيالو بي 5 سيروم     حمض الهيالورونيك: يتميز بخصائصه المرطبة ويعمل على تقليل التجاعيد وشد الجلد وتقليل الخطوط الدقيقة وعلامات تقدم العمر.       ماديكاسوسيد:  يوفر حماية ضد الجذور الحرة التى تسبب تلف خلايا الجلد ، ويساعد على ترطيب البشرة وتغذيتها ، كما أن له خصائص مضادة للالتهابات مما يساعد في تخفيف تهيج البشرة الحساسة.       فيتامين ب 5: يعمل على تعزيز مقاومة البشرة وترطيبها وتجديد خلايا البشرة وتهدئة الالتهاب.       مياه الينابيع الحارة: تعمل على تهدئة البشرة وتخفيف التهابات البشرة الحساسة كما تساعد على مكافحة الجذور الحرة.       جليسرين: يعمل على ترطيب البشرة ومنع جفافها.     مميزات سيروم لاروش بوزيه هيالو بي 5     يساعد على تقليل التجاعيد وعلامات تقدم العمر والخطوط الدقيقة.   يعمل على ترميم البشرة واستعادة نضارتها.   يساعد على زيادة مرونة الجلد للحصول على مظهر أكثر شباباً.   يعمل على ترطيب وتنعيم البشرة وحمايتها من الجفاف.   يساعد على إعادة مرونة وليونة الجلد.   يعمل على تعزيز الحاجز الواقي للبشرة مما يجعلها أكثر قدرة على مقاومة العوامل الخارجية.   مناسب للبشرة الحساسة.   ينصح به أطباء الجلدية.   يعمل على مكافحة الجذور الحرة.   لا يسبب انسداد المسام.     حجم La Roche Posay Hyalu B5 Serum:     يتوفر بحجم 30 مل.     يوصي به:   لأصحاب البشرة التى تعاني من الخطوط الدقيقة والتجاعيد وقلة مرونة الجلد والبشرة الجافة والحساسة حيث يعمل على إعادة مرونة وليونة البشرة ومكافحة التجاعيد وعلامات تقدم العمر.,ماركة: لاروش بوزيه
2460,نيفيا | الازرق كريم مرطب للجسم | 60مل,nivea body moisturizing cream metal,85,EGP,نيفيا,العناية بالبشرة>الترطيب,in stock,https://chefaa.com:443/eg-ar/nowProduct/nivea-body-moisturizing-cream-metal-60-ml,https://cdn.chefaa.com/filters:format(webp)/public/uploads/products/nivea-body-moisturizing-cream-metal-60-ml-01655027745.png,https://cdn.chefaa.com/filters:format(webp)/public/uploads/products/nivea-body-moisturizing-cream-metal-60-ml-01655027745.png,مميزات المنتج   نيفيا | الازرق كريم مرطب للجسم | 60مل   عن هذا المنتج      عناية وقائية فعالة.    كريم ترطيب.    مثالي للاستخدام اليومي لتوفير العناية للازمة للبشرة.    مصرح به كمنتج لطيف على الجلد ومتطابق مع البشرة ولا يسبب أية تفاعلات جلدية.,ماركة: نيفيا
30652,بامبينو قطن | 100 مجم,bambino cotton 100mg kgvx,95,EGP,No Brand,العناية بالبشرة>,in stock,https://chefaa.com:443/eg-ar/nowProduct/bambino-cotton-100mg-kgvx,https://cdn.chefaa.com/filters:format(webp)/public/uploads/products/bambino-cotton-100mg-2q7n-01686745937.png,https://cdn.chefaa.com/filters:format(webp)/public/uploads/products/bambino-cotton-100mg-2q7n-01686745937.png,مميزات المنتج   بامبينو قطن | 100 مجم,raw_specs: المواصفات
28258,إيفا سكين كير | سينسز معطر الجسم سمر تويست | 240مل,eva skin care senses body splash summer twist 240ml gmum,215,EGP,إيڤا,العناية بالبشرة>,in stock,https://chefaa.com:443/eg-ar/nowProduct/eva-skin-care-senses-body-splash-summer-twist-240ml-gmum,https://cdn.chefaa.com/filters:format(webp)/public/uploads/products/eva-skin-care-senses-body-splash-summer-twist-240ml-gmum-01721414601.png,https://cdn.chefaa.com/filters:format(webp)/public/uploads/products/eva-skin-care-senses-body-splash-summer-twist-240ml-gmum-01721414601.png,مميزات المنتج   إيفا سكين كير | سينسز معطر الجسم سمر تويست | 240مل,ماركة: إيڤا
61529,مود | خليجي بادي لوشن | 150جم,mood body lotion 150gm khaliji qmeC,100,EGP,مود,العناية بالبشرة>الترطيب,in stock,https://chefaa.com:443/eg-ar/nowProduct/mood-body-lotion-150gm-khaliji-qmeC,https://cdn.chefaa.com/filters:format(webp)/public/uploads/products/mood-body-lotion-150gm-khaliji-qmec-01752862718.png,https://cdn.chefaa.com/filters:format(webp)/public/uploads/products/mood-body-lotion-150gm-khaliji-qmec-01752862718.png,مميزات المنتج   مود | خليجي بادي لوشن | 150جم,ماركة: مود
46559,دوف | لمسة تنظيف جاف انفزبول | 250 مل,dove invisible dry clean touch 250ml zw3k_duErhemk,250,EGP,دوف,العناية بالبشرة>الترطيب,in stock,https://chefaa.com:443/eg-ar/nowProduct/dove-invisible-dry-clean-touch-250ml-zw3k_duErhemk,https://cdn.chefaa.com/filters:format(webp)/public/uploads/products/dove-invisible-dry-clean-touch-250ml-iabt-01704732471.png,https://cdn.chefaa.com/filters:format(webp)/public/uploads/products/dove-invisible-dry-clean-touch-250ml-iabt-01704732471.png,مميزات المنتج   دوف | لمسة تنظيف جاف انفزبول | 250 مل   عن هذا المنتج     دوف | لمسة تنظيف جاف انفزبول  | 250 مل,ماركة: دوف
52724,مويست-1 | غسول بالحليب للوجه ومرطب | 200مل,moist1 moisturizing hydrating milky facial cleanser for dry normal skin8soM,195,EGP,No Brand,العناية بالبشرة>الغسول,in stock,https://chefaa.com:443/eg-ar/nowProduct/moist1-moisturizing--hydrating-milky-facial-cleanser-for-dry--normal-skin8soM,https://cdn.chefaa.com/filters:format(webp)/public/uploads/products/moist1-moisturizing-hydrating-milky-facial-cleanser-for-dry-normal-skin8som-01733921195.png,https://cdn.chefaa.com/filters:format(webp)/public/uploads/products/moist1-moisturizing-hydrating-milky-facial-cleanser-for-dry-normal-skin8som-01733921195.png,مميزات المنتج   مويست-1 | غسول بالحليب للوجه ومرطب | 200مل,raw_specs: المواصفات
51700,يوسيرين | كريم ليلي مضاد للشيخوخة بحمض الهيالورونيك | 50مل,eucerin antiaging hyaluron filler night cream parabens free fragrance freeoDHs,1459,EGP,يوسيرين,العناية بالبشرة>الترطيب,in stock,https://chefaa.com:443/eg-ar/nowProduct/eucerin-antiaging-hyaluron-filler-night-cream--parabens-free-fragrance-freeoDHs,https://cdn.chefaa.com/filters:format(webp)/public/uploads/products/eucerin-antiaging-hyaluron-filler-night-cream-parabens-free-fragrance-freeodhs-01735152214.png,https://cdn.chefaa.com/filters:format(webp)/public/uploads/products/eucerin-antiaging-hyaluron-filler-night-cream-parabens-free-fragrance-freeodhs-01735152214.png,مميزات المنتج   يوسيرين | كريم ليلي مضاد للشيخوخة بحمض الهيالورونيك | 50 مل,ماركة: يوسيرين
51159,سيرافى | كريم مرطب لتنعيم البشرة الجافة والخشنة والمتشققة | 177 مل,cerave urea hypoallergenic smoothing softening exfoliating face cream with ceramides salicylic acid for dry rough bumpy skin non comedogenic,719,EGP,No Brand,العناية بالبشرة>,in stock,https://chefaa.com:443/eg-ar/nowProduct/cerave-sa-10-urea-hypoallergenic-smoothing-softening--exfoliating-face-cream-with-ceramides--salicylic-acid-for-dry-rough--bumpy-skin--non-comedogenic,https://cdn.chefaa.com/filters:format(webp)/public/uploads/products/cerave-sa-10-urea-hypoallergenic-smoothing-softening-exfoliating-face-cream-with-ceramides-salicylic-acid-for-dry-rough-bumpy-skin-non-comedogenic-01735403810.png,https://cdn.chefaa.com/filters:format(webp)/public/uploads/products/cerave-sa-10-urea-hypoallergenic-smoothing-softening-exfoliating-face-cream-with-ceramides-salicylic-acid-for-dry-rough-bumpy-skin-non-comedogenic-01735403810.png,مميزات المنتج   سيرافى | كريم مرطب لتنعيم البشرة الجافة والخشنة والمتشققة | 177 مل   عن هذا المنتج     سيرافى | كريم مرطب لتنعيم البشرة الجافة والخشنة والمتشققة | 177 مل,raw_specs: المواصفات
2509,نيفيا | كريم سوفت بالنعناع المنعش | 100مل,nivea soft chilled mint cream 100ml,60,EGP,نيفيا,العناية بالبشرة>الترطيب,in stock,https://chefaa.com:443/eg-ar/nowProduct/nivea-soft-chilled-mint-cream-100ml,https://cdn.chefaa.com/filters:format(webp)/public/uploads/products/nivea-soft-chilled-mint-cream-100ml-01668074447.png,https://cdn.chefaa.com/filters:format(webp)/public/uploads/products/nivea-soft-chilled-mint-cream-100ml-01668074447.png,مميزات المنتج   نيفيا | كريم سوفت بالنعناع المنعش | 100مل   عن هذا المنتج     برائحة النعناع الأنيقة والمنعشة من الأوراق الخضراء.   كريم ترطيب مكثف وفعال للغاية.   يمتص البشرة وينعشها بسرعة.   يترك بشرتك ناعمة ونضرة.   توافق الجلد معتمد جلديا.   استمتعي بكريم الترطيب الرقيق برائحة النعناع الأنيقة والمبردة من الأوراق الخضراء.   للوجه والجسم واليدين.,ماركة: نيفيا
61976,يوسيرين | ايفن بيجمنت بيرفيكتور كريم تفتيح وتصحيح الهالات السوداء تحت العين | 15مل,eucerin even pigment dark circle corrector 15ml PNyR,1650,EGP,يوسيرين,العناية بالبشرة>العناية بالعيون,in stock,https://chefaa.com:443/eg-ar/nowProduct/eucerin-even-pigment-dark-circle-corrector-15ml-PNyR,https://cdn.chefaa.com/filters:format(webp)/public/uploads/products/eucerin-even-pigment-dark-circle-corrector-15ml-pnyr-01755159602.png,https://cdn.chefaa.com/filters:format(webp)/public/uploads/products/eucerin-even-pigment-dark-circle-corrector-15ml-pnyr-01755159602.png,مميزات المنتج   يوسيرين | ايفن بيجمنت بيرفيكتور كريم تفتيح وتصحيح الهالات السوداء تحت العين | 15مل,ماركة: يوسيرين
6024,إيڤا سكين كير | غسول مقشر للوجه بالعسل لجميع انواع البشرة | 150مل,eva exfoliating facial wash enriched with honey 150ml fkvt,60,EGP,إيڤا,العناية بالبشرة>الغسول,in stock,https://chefaa.com:443/eg-ar/nowProduct/eva-exfoliating-facial-wash-enriched-with-honey-150ml-fkvt,https://cdn.chefaa.com/filters:format(webp)/public/uploads/products/1619183725eva-exfoliating-facial-wash-enriched-with-honey-150ml-chefaajpg,https://cdn.chefaa.com/filters:format(webp)/public/uploads/products/1619183725eva-exfoliating-facial-wash-enriched-with-honey-150ml-chefaajpg,مميزات المنتج   غسول مقشر خالي من الصابون ناعم على البشرة بتركيبته الفريدة والغنية بالعسل، سوف يتغلغل إلى مسام البشرة وينظفها بعمق و يعيد إليها توازنها الطبيعي دون ما يتسبب في جفافها. كما أنه يمنع تكون البثور تاركاً لك بشرة صافية ومشرقة. لكل انواع البشرة.,ماركة: إيڤا
55908,مويست-1 | مرطب للجسم بالحليب | 300مل,moist1 body milk 300mluZxa,300,EGP,No Brand,العناية بالبشرة>,in stock,https://chefaa.com:443/eg-ar/nowProduct/moist1-body-milk-300mluZxa,https://cdn.chefaa.com/filters:format(webp)/public/uploads/products/moist1-body-milk-300mluzxa-01736341068.png,https://cdn.chefaa.com/filters:format(webp)/public/uploads/products/moist1-body-milk-300mluzxa-01736341068.png,مميزات المنتج   مويست-1 | مرطب للجسم بالحليب | 300مل,raw_specs: المواصفات
21134,بيزلين | مرطب شفاه بالورد الجوري | 4مل,beesline lip care soothing jouri rose 4ml uyk6,150,EGP,بيزلين,العناية بالبشرة>,in stock,https://chefaa.com:443/eg-ar/nowProduct/beesline-lip-care-soothing-jouri-rose-4ml-uyk6,https://cdn.chefaa.com/filters:format(webp)/public/uploads/products/beesline-lip-care-soothing-jouri-rose-4ml-zu5c-01656248096.png,https://cdn.chefaa.com/filters:format(webp)/public/uploads/products/beesline-lip-care-soothing-jouri-rose-4ml-zu5c-01656248096.png,عن هذا المنتج     مميزات مرطب العناية المركزة للشفاه من بيزلين: يرطب الشفاه بفاعلية يجعل الشفاه أكثر حيوية ونضارة. علاج الشفاه التي تعاني من الجفاف والتشققات. الحماية من العوامل الخارجية التي تسبب الحساسية. خالي من الكحول والملونات والمواد الكيميائية الضارة التي تؤثر على صحة الشفاه.,ماركة: بيزلين
2416,صن بلوك لاروش للبشرة الدهنية والمختلطة فلويد شفاف | 50 مل,roche posay anthelios shaka fluid color spf50,979,EGP,لاروش بوزيه,العناية بالبشرة>الوقاية من الشمس,in stock,https://chefaa.com:443/eg-ar/nowProduct/la-roche-posay-anthelios-shaka-fluid-color-spf50-50-ml,https://cdn.chefaa.com/filters:format(webp)/public/uploads/products/la-roche-posay-anthelios-shaka-fluid-color-spf50-50-ml-01649007748.png,https://cdn.chefaa.com/filters:format(webp)/public/uploads/products/la-roche-posay-anthelios-shaka-fluid-color-spf50-50-ml-01649007748.png,"مميزات المنتج   صن بلوك لاروش للبشرة الدهنية والمختلطة يتميز بما يلى  مقاوم للماء والعرق والرمل ولا يسبب حرقان فى العين. يتميز بمعامل حماية SPF50+ لتوفير حماية فائقة من الشمس. يحمي من الإصابة بالتصبغات الناتجة عن التعرض لأشعة الشمس. يتميز بأنه سائل شفاف سريع الامتصاص لا يترك أي أثر دهني أو علامات بيضاء على الجلد. مناسب للبشرة الحساسة للشمس والتي لا تتحمل أشعة الشمس. لا يسبب انسداد المسام. خالي من العطور. تم اختباره من قبل أطباء الجلدية.    عن هذا المنتج     مكونات صن بلوك لاروش للبشرة الدهنية والمختلطة يحتوى لاروش بوزيه صن بلوك على تركيبة مميزة تشمل :     تقنية إكس إل بروتكت: مزيج من فلاتر الأشعة فوق البنفسجية ومضادات الأكسدة التي تحمي من أضرار الأشعة فوق البنفسجية والأشعة تحت الحمراء والملوثات.   تقنية نيتلوك:  تجعل تركيبة المنتج غير دهنية وتشكل جزيئات المنتج لتوفر حماية عالية من أشعة الشمس الضارة.   مياه الينابيع الحارة:  لها خصائص ملطفة ومهدئة للبشرة.   الجليسرين: يعمل على ترطيب البشرة وحمايتها من الجفاف والتشققات.     فوائد صن بلوك لاروش فلويد     يحمى من أشعة الشمس الفوق بنفسجية الضارة من النوع UVA/UVB.   يحمي البشرة من الأضرار التى تسببها الأشعة تحت الحمراء والملوثات.   يحمي من الإصابة بالتصبغات الناتجة عن التعرض لأشعة الشمس.     حجم La Roche-Posay Anthelios Invisible Fluid +SPF50 يتوفر صن بلوك لاروش للبشرة الدهنية بحجم 50 مل. سعر صن بلوك لاروش يتراوح سعر صن بلوك لاروش من 700 إلى 900 جنيه مصرى "" قد يتغير السعر من وقت لاخر تبعاً لتغير سعره فى الصيدليات "" يوصي باستعمال صن لاروش بوزيه فلويد لـ: الصن بلوك مناسب للبشرة الحساسة والتي تعاني من الحساسية نتيجة التعرض لأشعة الشمس. ما أنواع صن بلوك لاروش ؟ لاروش صن بلوك للبشرة الدهنية فلويد شفاف. لاروش صن بلوك بالفاونديشن فلويد. صن بلوك لاروش للبشرة المختلطة جل كريم شفاف. لاروش صن بلوك تنتد جل كريم. لاروش صن بلوك للبشرة الجافة كريم بخاخ لاروش صن بلوك. صن بلوك لاروش للاطفال",ماركة: لاروش بوزيه
47415,تيترا جلو | كريم التفتيح النهاري | 50جم,tetra glow whitening day cream 50gm bgbc,350,EGP,مقام,العناية بالبشرة>الترطيب,in stock,https://chefaa.com:443/eg-ar/nowProduct/tetra-glow-whitening-day-cream-50gm-bgbc,https://cdn.chefaa.com/filters:format(webp)/public/uploads/products/tetra-glow-whitening-day-cream-50gm-ip1s-01726342134.png,https://cdn.chefaa.com/filters:format(webp)/public/uploads/products/tetra-glow-whitening-day-cream-50gm-ip1s-01726342134.png,مميزات المنتج   تيترا جلو | كريم التفتيح النهاري | 50جم,ماركة: مقام
45981,ديير | غسول للبشرة | 200مل,dear facial cleanser 200ml h5bq_duNch8a0,350,EGP,ديير,العناية بالبشرة>الغسول,in stock,https://chefaa.com:443/eg-ar/nowProduct/dear-facial-cleanser-200ml-h5bq_duNch8a0,https://cdn.chefaa.com/filters:format(webp)/public/uploads/products/dear-facial-cleanser-200ml-8jcd-01685272405.png,https://cdn.chefaa.com/filters:format(webp)/public/uploads/products/dear-facial-cleanser-200ml-8jcd-01685272405.png,مميزات المنتج   ديير | غسول للبشرة | 200مل,ماركة: ديير
52361,لاروش بوزيه | كريم الوجه المضاد للعلامات إيفاكلار ديو | 40 مل,rocheposay effaclar duo corrective antimarks face cream for oily acneprone skin parabens freeoDUv,920,EGP,No Brand,العناية بالبشرة>,in stock,https://chefaa.com:443/eg-ar/nowProduct/la-rocheposay-effaclar-duo-corrective-antimarks-face-cream-for-oily--acneprone-skin--parabens-freeoDUv,https://cdn.chefaa.com/filters:format(webp)/public/uploads/products/la-rocheposay-effaclar-duo-corrective-antimarks-face-cream-for-oily-acneprone-skin-parabens-freeoduv-01735403969.png,https://cdn.chefaa.com/filters:format(webp)/public/uploads/products/la-rocheposay-effaclar-duo-corrective-antimarks-face-cream-for-oily-acneprone-skin-parabens-freeoduv-01735403969.png,مميزات المنتج   لاروش بوزيه | كريم الوجه المضاد للعلامات إيفاكلار ديو | 40 مل,raw_specs: المواصفات
62309,كير اند مور | لوشن للجسم بجوز الهند | 150مل,care more body lotion intensive coconut GRQS,85,EGP,كير & مور,العناية بالبشرة>الترطيب,in stock,https://chefaa.com:443/eg-ar/nowProduct/care-more-body-lotion-intensive-coconut-150-ml-GRQS,https://cdn.chefaa.com/filters:format(webp)/public/uploads/products/care-more-body-lotion-intensive-coconut-150-ml-grqs-01756117279.png,https://cdn.chefaa.com/filters:format(webp)/public/uploads/products/care-more-body-lotion-intensive-coconut-150-ml-grqs-01756117279.png,مميزات المنتج   كير اند مور | لوشن للجسم بجوز الهند | 150مل,ماركة: كير & مور
691,نيتروجينا | مقشر منعم نقاء وحماية | 150مل,neutrogena visibly clear clear protect smoothing scrub oil free 150ml,270,EGP,نيتروجينا,العناية بالبشرة>الغسول,in stock,https://chefaa.com:443/eg-ar/nowProduct/neutrogena-visibly-clear-clear-protect-smoothing-scrub-oil-free-150ml,https://cdn.chefaa.com/filters:format(webp)/public/uploads/products/neutrogena-visibly-clear-clear-protect-smoothing-scrub-oil-free-150ml-01666171944.png,https://cdn.chefaa.com/filters:format(webp)/public/uploads/products/neutrogena-visibly-clear-clear-protect-smoothing-scrub-oil-free-150ml-01666171944.png,عن هذا المنتج         صُمم مقشر تنعيم البشرة فيزيبلي كلير من نيتروجينا بتقنية Clear Defend للمساعدة في إزالة البقع والحماية من الاختراقات الجديدة من أول استخدام للحصول على بشرة بمظهر صحي و مقاومة للبقع.   يحتوي على حمض الساليسيليك.   خالي من الزيت.   تم تطويره مع أطباء الجلدية.,ماركة: نيتروجينا
55841,ميلا تايم | جل كريم واقي من الشمس بعامل حماية 50+ | 120مل,melatime sunscreen cream gel spf50 120mlBHH7,450,EGP,No Brand,العناية بالبشرة>الوقاية من الشمس,in stock,https://chefaa.com:443/eg-ar/nowProduct/melatime-sunscreen-cream-gel-spf50-120mlBHH7,https://cdn.chefaa.com/filters:format(webp)/public/uploads/products/melatime-sunscreen-cream-gel-spf50-120mlbhh7-01736930780.png,https://cdn.chefaa.com/filters:format(webp)/public/uploads/products/melatime-sunscreen-cream-gel-spf50-120mlbhh7-01736930780.png,مميزات المنتج   ميلا تايم | جل كريم واقي من الشمس بعامل حماية 50+ | 120مل,raw_specs: المواصفات
32255,إينفنيتي | اكرين غسول + كريم,infinity akren cleanser cream iqhs_duGIGmX4,200,EGP,إنفينيتي,العناية بالبشرة>الغسول,in stock,https://chefaa.com:443/eg-ar/nowProduct/infinity-akren-cleanser-cream-iqhs_duGIGmX4,https://cdn.chefaa.com/filters:format(webp)/public/uploads/products/infinity-akren-cleanser-cream-hmz8-01691496896.png,https://cdn.chefaa.com/filters:format(webp)/public/uploads/products/infinity-akren-cleanser-cream-hmz8-01691496896.png,عن هذا المنتج     إينفنيتي | اكرين غسول + كريم هدية,ماركة: إنفينيتي
28242,نولافير | مرطب جل لتحسين شكل الندبات | 50جم,nolaver anti scar gel 50gm zjav,495,EGP,نولافير,العناية بالبشرة>الترطيب,in stock,https://chefaa.com:443/eg-ar/nowProduct/nolaver-anti-scar-gel-50gm-zjav,https://cdn.chefaa.com/filters:format(webp)/public/uploads/products/nolaver-anti-scar-gel-50gm-zjav-01719729078.png,https://cdn.chefaa.com/filters:format(webp)/public/uploads/products/nolaver-anti-scar-gel-50gm-zjav-01719729078.png,مميزات المنتج   يتميز مرطب نولافير جيل بما يلي: له تركيبة مميزة تساعد على تحسين شكل الندبات الحديثة والقديمة. مناسب لجميع أنواع الندبات الناتجة عن الجراحة والحروق وحب الشباب وعلامات التمددوالجراحة القيصرية. يحسن ملمس الجلد. مناسب لجميع أنواع البشرة ولا يسبب الحساسية. سعر مرطب نولافير لآثار الجروح مناسب مقارنة بفوائده العديدة.   عن هذا المنتج     مكونات مرطب نولافير جيل للندبات    يحتوي مرطب نولافير جيل للندبات على  مستخلص سيليكون ثلاثي: يحسن ملمس الجلد ويساعد على علاج أثار الجروح والندبات.  مستخلص البصل: يساعد على تخفيف أثار الندبات.  حجم nolaver anti scar gel  يتوفر nolaver anti scar gel بحجم 50 جم.  يوصى باستعمال نولافير جيل ل  يساعد نولافير جيل على تخفيف أثار الندبات وحب الشباب وكذلك أثار علامات التمدد والجروح.  هل كريم نولافير يفتح البشرة ؟  يساعد كريم نولافير على تحسين شكل الجلد وتخفيف أثار الندبات وبالتالي يكسب البشرة مظهر أكثر حيوية ونعومة.,ماركة: نولافير
45571,ديرما اكتيف | دا أكتي ريبير إيمولينت إكستريم | 200مل,dermactive acti repair soothing cleansing gel 200ml nzfz_dumfaS17_dugwZlUg,289,EGP,ديرما اكتيف,العناية بالبشرة>الغسول,in stock,https://chefaa.com:443/eg-ar/nowProduct/dermactive-acti-repair-soothing-cleansing-gel-200ml-nzfz_dumfaS17_dugwZlUg,https://cdn.chefaa.com/filters:format(webp)/public/uploads/products/dermactive-acti-repair-soothing-cleansing-gel-200ml-nzfz-dumfas17-01724850739.png,https://cdn.chefaa.com/filters:format(webp)/public/uploads/products/dermactive-acti-repair-soothing-cleansing-gel-200ml-nzfz-dumfas17-01724850739.png,مميزات المنتج   ديرما اكتيف | دا أكتي ريبير إيمولينت إكستريم | 200مل,ماركة: ديرما اكتيف
62187,شان | كريم سيكا أ+ أرنيكا لترطيب وإصلاح البشرة | 40جم,shaan cica arnica double repair moisturising cream 40gm uq9l,250,EGP,شان,العناية بالبشرة>الترطيب,in stock,https://chefaa.com:443/eg-ar/nowProduct/shaan-cica-a-arnica-double-repair-moisturising-cream-40gm-uq9l,https://cdn.chefaa.com/filters:format(webp)/public/uploads/products/shaan-cica-a-arnica-double-repair-moisturising-cream-40gm-rsnk-01755509453.png,https://cdn.chefaa.com/filters:format(webp)/public/uploads/products/shaan-cica-a-arnica-double-repair-moisturising-cream-40gm-rsnk-01755509453.png,مميزات المنتج   شان | كريم سيكا أ+ أرنيكا لترطيب وإصلاح البشرة | 40جم,ماركة: شان
1332,غسول لاروش بوزيه لحب الشباب ايفاكلار الازرق | 200 مل,roche posay effaclar purifying foaming gel 200ml,730,EGP,لاروش بوزيه,العناية بالبشرة>الغسول,in stock,https://chefaa.com:443/eg-ar/nowProduct/la-roche-posay-effaclar-purifying-foaming-gel-200ml,https://cdn.chefaa.com/filters:format(webp)/public/uploads/products/la-roche-posay-effaclar-purifying-foaming-gel-200ml-01658313191.png,https://cdn.chefaa.com/filters:format(webp)/public/uploads/products/la-roche-posay-effaclar-purifying-foaming-gel-200ml-01658313191.png,"مميزات المنتج   غسول لاروش ايفاكلار للبشرة الدهنية (la roche posay effaclar) له عدة مميزاته منها أنه: يحتوى على الزنك الذي يساعد على تقليل الإفرازات الدهنية وينقي البشرة.  يحافظ على رطوبة البشرة ولا يسبب جفافها. يحتوي على مياه الينابيع الحرارية التي تعتبر من المواد الملطفة والمهدئة لتهيج والتهابات الجلد. خالي من الكحول.   عن هذا المنتج     مكونات غسول لاروش بوزيه الازرق  يحتوى laroche-posay غسول  على:     الزنك.   مياه الينابيع الحرارية.     فوائد غسول لاروش بوزيه لحب الشباب غسول لاروش بوزيه لحب الشباب له عدة مميزاته منها أنه:     يعمل الغسول على تنقية وتنظيف البشرة من الدهون الزائدة والشوائب.   يقلل من ظهور الرؤوس السوداء.   يتحكم في لمعان البشرة. سعر غسول لاروش بوزيه للبشرة الدهنية  سعر غسول لاروش للبشرة الدهنية يبلغ حوالى 599 جنيه. "" سعر غسول لاروش بوزيه للبشرة الدهنية قد يتغير من وقت لاخر تبعاً لتغير سعره فى الصيدليات "" حجم غسول لاروش ايفاكلار laroche-posay يتوافر غسول لاروش بوزيه لحب الشباب  بحجم 200 مل و400 مل. يوصي باستعمال غسول لاروش الازرق   لاروش بوزيه غسول مناسب للبشرة الدهنية الحساسة والبشرة المعرضة لحب الشباب.  لاروش بوزيه غسول كم مره يستخدم؟ يمكن استعمال  لاروش بوزيه غسول مرة صباحاً ومرة مساءً. هل  لاروش بوزيه غسول يزيل الحبوب؟ يساعد لاروش غسول فى تقليل ظهور الخبوب. هل غسول لاروش الأزرق يطلع حبوب؟ فى بعض الحالات قد يزداد ظهور الحبوب فى بداية استعمال لاروش غسول ولكن تقل مع الاستمرار فى الاستعمال. ما انواع غسول لاروش بوزيه ؟ غسول لاروش الازرق للبشرة الدهنية والمختلطة غسول لاروش الاخضر المقشر  للبشرة الدهنية المعرضة للحبوب غسول لاروش بوزيه ايفاكلار اتش للبشرة الدهنية الحساسة لاروش بوزيه ليبيكار سيندت غسول للبشرة الجافة  لاروش بوزيه توليريان غسول للبشرة العادية والمختلطة لاروش بوزيه بيجمنتكلار غسول لتفتيح البشرة. ما أفضل غسول للبشرة الدهنية المعرضة للحبوب ؟ غسول ستارفيل بخلاصة  زيت شحرة الشاى لاروش بوزيه ايفاكلار غسول بيوديرما غسول غسول سيرافى بحمض السالسيلك",ماركة: لاروش بوزيه
31974,فيشي | كابيتال سوليل دراي تاتش تنتيد كريم الحماية من اشعة الشمس 50 | 50جم,vichy ideal creme spf for dry skin 50ml utlr,998,EGP,فيشي,العناية بالبشرة>الوقاية من الشمس,in stock,https://chefaa.com:443/eg-ar/nowProduct/vichy-ideal-creme-bb-spf-50-for-dry-skin-50ml-utlr,https://cdn.chefaa.com/filters:format(webp)/public/uploads/products/vichy-ideal-creme-bb-spf-50-for-dry-skin-50ml-utlr-01701111945.png,https://cdn.chefaa.com/filters:format(webp)/public/uploads/products/vichy-ideal-creme-bb-spf-50-for-dry-skin-50ml-utlr-01701111945.png,مميزات المنتج   فيشي | كابيتال سوليل دراي تاتش تنتيد كريم الحماية من اشعة الشمس 50 | 50جم,ماركة: فيشي
46430,سيرم ايفا هيالورونيك اسيد eva hyaluronic acid serum | ٣٠ مل,eva skin clinic hyaluronic acid facial serum 30ml o1se_dupgTKxb,220,EGP,إيڤا,العناية بالبشرة>السيروم,in stock,https://chefaa.com:443/eg-ar/nowProduct/eva-skin-clinic-hyaluronic-acid-facial-serum-30ml-o1se_dupgTKxb,https://cdn.chefaa.com/filters:format(webp)/public/uploads/products/eva-skin-clinic-hyaluronic-acid-facial-serum-30ml-932l-01702472094.png,https://cdn.chefaa.com/filters:format(webp)/public/uploads/products/eva-skin-clinic-hyaluronic-acid-facial-serum-30ml-932l-01702472094.png,"مميزات المنتج   يتميز سيرم ايفا هيالورونيك اسيد بما يلي: مصمم بتقنية الهيدرو فيلنج التي تعمل على ملء البشرة وزيادة حيويتها بالإضافة إلى زيادة الترطيب. يساعد حمض الهيالورونيك على ترطيب البشرة بشكل فعال، حيث يقوم بجذب الرطوبة إلى البشرة والاحتفاظ بها، مما يجعلها تبدو أكثر نضارة وإشراقًا. يساعد على تقليل ظهور الخطوط الدقيقة والتجاعيد على البشرة،  يحسن مظهر البشرة بشكل عام. يُعزز مرونة البشرة ويساعد على تحسين قوامها، ما يجعلها تبدو أكثر شبابًا وحيوية. يتميز بقوام خفيف وسريع الامتصاص، مما يجعله مناسبًا للاستخدام اليومي تحت المكياج. سعر ايفا سيروم هيالورونيك اسيد مناسب مقارنة بفوائده العديدة للبشرة.   عن هذا المنتج     مكونات سيرم ايفا هيالورونيك اسيد يحتوي سيرم ايفا للبشره على:  حمض الهيالورونيك 1.5%: يساعد على ترطيب البشرة وزيادة مرونتها.  جلسرين: يعمل على ترطيب البشرة وإبقائها ناعمة ومرنة.  بانثينول: يعزز ترطيب البشرة ويساعد على تهدئتها وتقليل الالتهابات.  زيت الخروع المهدرج: يحتوي على فيتامينات وأحماض دهنية تساعد على تغذية البشرة وتحسين حالتها.  حجم عبوة Eva hyaluronic acid serum   يتوفر سيروم ايفا هيالورنيك اسيد بحجم 30 مل.  يوصى باستعمال سيرم ايفا للبشره ايفا سيروم بالهيالورونيك اسيد مناسب لجميع أنواع البشرة فهو يرطب البشرة بفعالية ويزيد من امتلائها ونضارتها، كما يحميكي من ظهور التجاعيد والخطوط الدقيقة مما يكسبك بشرة أكثر شباباً وحيوية.  ما طريقة استخدام سيروم هيالورونيك اسيد ايفا ؟ اغسلي بشرتك جيداً بالغسول المناسب.  ضعي 3-4 قطرات من السيروم ووزعيها جيداً على الوجه والرقبة المبللين.  دلكي وجهك بحركات دائرية خفيفة لضمان امتصاص السيروم بالكامل.  استخدمي السيروم مرتين صباحاً ومساءً.  ما فوائد سيرم ايفا هيالورونيك اسيد للوجه ؟  يرطب البشرة بعمق.  يقلل من ظهور التجاعيد والخطوط الرفيعة.  يزيد شباب ونضارة البشرة.  يحسن ملمس البشرة ويزيد نعومتها. كم سعر سيروم ايفا هيالورونيك اسيد في الصيدلية ؟ يبلغ سعر ايفا هيالورونيك اسيد سيروم حوالي 210 جنيه مصري. "" قد يتغير سعر سيروم الهيالورونيك اسيد من ايفا من وقت لاخر تبعاً لتغيره فى الصيدليات "" ما أفضل سيروم هيالورونيك اسيد للبشرة؟  سيرم هيالورونيك اسيد هيالو كولاجين من انفنتي.  سيروم لوريال بالهيالورونيك أسيد.  سيروم دكتور راشيل.  سيروم ايفا بالهيالورونيك اسيد.",ماركة: إيڤا
20693,انجرام | كريم الحلاقة | 60جم,ingram cool lather shaving cream 60gm 2xab,60,EGP,No Brand,العناية بالبشرة>,in stock,https://chefaa.com:443/eg-ar/nowProduct/ingram-cool-lather-shaving-cream-60gm-2xab,https://cdn.chefaa.com/filters:format(webp)/public/uploads/products/ingram-cool-lather-shaving-cream-60gm-2xab-01724158189.png,https://cdn.chefaa.com/filters:format(webp)/public/uploads/products/ingram-cool-lather-shaving-cream-60gm-2xab-01724158189.png,مميزات المنتج   انجرام | كريم الحلاقة | 60جم   عن هذا المنتج     انجرام | كريم الحلاقة | 60جم,raw_specs: المواصفات
23436,برينجو | لوشن | 120مل,bringo skin soothing lotion 120ml v1cn,70,EGP,ماكرو للأدوية,العناية بالبشرة>,in stock,https://chefaa.com:443/eg-ar/nowProduct/bringo-skin-soothing-lotion-120ml-v1cn,https://cdn.chefaa.com/filters:format(webp)/public/uploads/products/bringo-skin-soothing-lotion-120ml-nnkt-01664291186.png,https://cdn.chefaa.com/filters:format(webp)/public/uploads/products/bringo-skin-soothing-lotion-120ml-nnkt-01664291186.png,مميزات المنتج   برينجو | لوشن | 120مل   عن هذا المنتج     يهدئ برينجو لوشن الحكة وكذلك تهيج الجلد البسيط الناتج عن الطفح الجلدي، وحروق الشمس ولدغات الحشرات بشكل فعال.   يهدئ الحكة وكذلك تهيج الجلد البسيط الناتج عن الطفح الجلدي، وحروق الشمس ولدغات الحشرات بشكل فعال.     طريقة الاستخدام:     2 إلى 3 مرات في اليوم.,ماركة: ماكرو للأدوية
21042,غارنييه | ماء ميسيلار لتنظيف البشرة سكين اكتيف بفيتامين سي | 100مل,garnier skin active micellar cleansing water vitamin 100ml 8rcq,120,EGP,غارنييه,العناية بالبشرة>الغسول,in stock,https://chefaa.com:443/eg-ar/nowProduct/garnier-skin-active-micellar-cleansing-water-vitamin-c-100ml-8rcq,https://cdn.chefaa.com/filters:format(webp)/public/uploads/products/garnier-skin-active-micellar-cleansing-water-vitamin-c-100ml-8rcq-01721722875.png,https://cdn.chefaa.com/filters:format(webp)/public/uploads/products/garnier-skin-active-micellar-cleansing-water-vitamin-c-100ml-8rcq-01721722875.png,مميزات المنتج   غارنييه | ماء ميسيلار لتنظيف البشرة سكين اكتيف بفيتامين سي | 100مل,ماركة: غارنييه
47630,ميلانو فارما | ميلانثينول لوشن مرطب | 250مل,melano pharma melanthenol moisturising gel 40gm ym93_dugoKYTW,235,EGP,ميلانو فارما,العناية بالبشرة>الترطيب,in stock,https://chefaa.com:443/eg-ar/nowProduct/melano-pharma-melanthenol-moisturising-gel-40gm-ym93_dugoKYTW,https://cdn.chefaa.com/filters:format(webp)/public/uploads/products/melano-pharma-melanthenol-moisturising-gel-40gm-ym93-dugokytw-01734870548.png,https://cdn.chefaa.com/filters:format(webp)/public/uploads/products/melano-pharma-melanthenol-moisturising-gel-40gm-ym93-dugokytw-01734870548.png,مميزات المنتج   ميلانو فارما | ميلانثينول لوشن مرطب | 250مل,ماركة: ميلانو فارما
56785,سيروبايب | سيروم تطويل الرموش | 10مل,seropipe extreme lashes serum 10ml ps5o_duthI0uX,295,EGP,سيروبايب,العناية بالبشرة>العناية بالعيون,in stock,https://chefaa.com:443/eg-ar/nowProduct/seropipe-extreme-lashes-serum-10ml-ps5o_duthI0uX,https://cdn.chefaa.com/filters:format(webp)/public/uploads/products/seropipe-extreme-lashes-serum-10ml-ps5o-duthi0ux-01769438734.png,https://cdn.chefaa.com/filters:format(webp)/public/uploads/products/seropipe-extreme-lashes-serum-10ml-ps5o-duthi0ux-01769438734.png,مميزات المنتج   يتميز سيروم سيروبايب للرموش seropipe eyelash serum بما يلي: منتج مصمم لتعزيز نمو الرموش والحواجب الضعيفة والرقيقة. يحتوي السيروم على الكافيين والكامجين الياباني، اللذين يساهمان في تحفيز نمو الشعر بشكل أسرع. سهل الاستخدام. يساعد على تقوية بصيلات الشعر، مما يؤدي إلى زيادة سمك وطول وكثافة الرموش والحواجب. يمنح الترطيب واللمعان للشعر، مما يجعل الرموش والحواجب تبدو أكثر صحة وحيوية. يقلل من تكسر الرموش والحواجب ويحافظ على سلامتها. سعر سيروم سيروبايب للرموش مناسب مقارنة بفوائده العديدة في تطويل وتكثيف الرموش.   عن هذا المنتج     مكونات سيروبايب سيروم تطويل الرموش   يحتوي سيروم سيروبايب على:  الكافيين (Caffeine): يحفز الدورة الدموية ويعزز من تغذية بصيلات الشعر، مما يساعد على تسريع نمو الشعر.  الكامجين الياباني (Japanese Camgien):  مكون طبيعي معروف بقدرته على تعزيز نمو الشعر.  زيت الخروع (Castor Oil): غني بالأحماض الدهنية الأساسية وفيتامين E ويعزز نمو وترطيب الشعر.  البيوتين (Biotin): يقوي بصيلات الشعر ويحفز نموها.  البانثينول (Panthenol): يرطب الشعر ويحسن من نعومته ولمعانه.   شمع الكانديلا (Candelilla Wax): يحافظ على صحة الرموش والحواجب ويحميها من التكسر.  حجم عبوة seropipe eyelash serum   يتوفر سيروم سيروبايب بحجم 10 مل.  سعر سيروم سيروبايب للرموش وتكثيف الحواجب   يبلغ سعر سيروم سيروبايب للرموش حوالي 275 جنيه مصري (سعر المنتج قد يتغير تبعاً لتحديث سعره في الصيدليات أو حسب العروض المتاحة).  يوصى باستعمال سيروم سيروبايب ل   سيروم سيروبايب مناسب لأصحاب الرموش والحواجب الخفيفة، ومن يعانون من تساقط الرموش وفراغات الحواجب فهو يساعد على تعزيز نمو الشعر وتكثيفه بالإضافة إلى حمايته من التكسر مما يجعل رموشك وحواجبك أكثر كثافة.  طريقة استخدام سيروم سيروبايب للحواجب والرموش  استخدمي السيروم على بشرة نظيفة وجافة.  ضعي السيروم على الرموش العلوية والسفلية والحواجب بدءًا من الجذور ووزعيه جيداً حتى الأطراف.  يفضل استخدامه مرتين يومياً صباحاً قبل المكياج ومساءً بعد إزالة المكياج وتنظيف البشرة.  ما فوائد سيروبايب سيروم تكثيف الحواجب؟  يحفز نمو الشعر.  يزيد كثافة الحاجب ويقلل الفراغات.  يحافظ على الحواجب ممتلئة وصحية.  ما أضرار سيروم سيروبايب للرموش؟  سيروبايب سيروم آمن للاستخدام ولكن قد يحدث للبعض بعض التهيج أو الحساسية.  ما أفضل سيروم تطويل الرموش من الصيدلية رخيص؟  سيروم مافالا mavala serum.  سيروم أنيفاجين anivagen serum.  سيروم إتود ماي لاش etude my lash serum.  سيروم سيروبايب seropipe serum.,ماركة: سيروبايب
27511,ناترى | غسول | 250مل,natry macro facial cleanser 250ml erfy,165,EGP,No Brand,العناية بالبشرة>الغسول,in stock,https://chefaa.com:443/eg-ar/nowProduct/natry-macro-facial-cleanser-250ml-erfy,https://cdn.chefaa.com/filters:format(webp)/public/uploads/products/natry-macro-facial-cleanser-250ml-mopa-01672607791.png,https://cdn.chefaa.com/filters:format(webp)/public/uploads/products/natry-macro-facial-cleanser-250ml-mopa-01672607791.png,مميزات المنتج   ناترى | غسول | 250مل   عن هذا المنتج     ناترى | غسول | 250مل,raw_specs: المواصفات
45688,انفينيتي | سيرم ريتينول ب3 | 30مل,infinity retinol serum 30ml dliu_duXdT6X0,450,EGP,إنفينيتي,العناية بالبشرة>السيروم,in stock,https://chefaa.com:443/eg-ar/nowProduct/infinity-retinol-b3-serum-30ml-dliu_duXdT6X0,https://cdn.chefaa.com/filters:format(webp)/public/uploads/products/infinity-retinol-b3-serum-30ml-jmd6-01722760588.png,https://cdn.chefaa.com/filters:format(webp)/public/uploads/products/infinity-retinol-b3-serum-30ml-jmd6-01722760588.png,عن هذا المنتج     يساعد البشرة على أن تبدو أكثر نعومة وإشراقاً على الفور فهو يساعد على علاج الخطوط الدقيقة والتجاعيد و يحسن من ملمس الجلد. يساعد أيضًا في مكافحة حب الشباب والتصبغات.  الفوائد: يساعد على تنظيف المسام.   يعالج الخطوط الدقيقة والتجاعيد.   يفتح التصبغات و البقع البنية.   ينعم البشرة. التقليل من ظهور البثور. طريقة الاستخدام: يستخدم ما يصل إلى 3 قطرات مرة واحدة يوميًا في الليل على الوجه والرقبة، للحصول على نتائج أفضل استخدميه مع كريم الريتينول. يجب عليك وضع واقي الشمس في الصباح.,ماركة: إنفينيتي
56955,تترا | لوشن SPF50+ واقي من الشمس | 50مل,tetra glow sunscreen lotion spf50 50ml gjc9,225,EGP,No Brand,العناية بالبشرة>الوقاية من الشمس,in stock,https://chefaa.com:443/eg-ar/nowProduct/tetra-glow-sunscreen-lotion-spf50-50ml-gjc9,https://cdn.chefaa.com/filters:format(webp)/public/uploads/products/tetra-glow-sunscreen-lotion-spf50-50ml-qods-01734615106.png,https://cdn.chefaa.com/filters:format(webp)/public/uploads/products/tetra-glow-sunscreen-lotion-spf50-50ml-qods-01734615106.png,مميزات المنتج   تترا | لوشن SPF50+ واقي من الشمس | 50مل,raw_specs: المواصفات
46408,لونا | صابونة الجلسرين بالورد والحليب | 100جم,luna glycerin soap rose milk 100gm ajqu_dumeUmRY,42,EGP,لونا,العناية بالبشرة>الغسول,in stock,https://chefaa.com:443/eg-ar/nowProduct/luna-glycerin-soap-rose-milk-100gm-ajqu_dumeUmRY,https://cdn.chefaa.com/filters:format(webp)/public/uploads/products/luna-glycerin-soap-rose-milk-100gm-eoab-01701772078.png,https://cdn.chefaa.com/filters:format(webp)/public/uploads/products/luna-glycerin-soap-rose-milk-100gm-eoab-01701772078.png,مميزات المنتج   لونا | صابونة الجلسرين بالورد والحليب | 100جم,ماركة: لونا
25784,ميلاتكس | كريم لتفتيح البشرة والوقاية من أشعة الشمس | 50مل,melatex cream spf5050ml 0aku,357,EGP,No Brand,العناية بالبشرة>الوقاية من الشمس,in stock,https://chefaa.com:443/eg-ar/nowProduct/melatex-cream-spf5050ml-0aku,https://cdn.chefaa.com/filters:format(webp)/public/uploads/products/melatex-cream-spf5050ml-be0c-01668911656.png,https://cdn.chefaa.com/filters:format(webp)/public/uploads/products/melatex-cream-spf5050ml-be0c-01668911656.png,مميزات المنتج   يعمل على تفتيح التصبغات والبقع الداكنة. يحمي البشرة من الأضرار التي تسببها أشعة الشمس الضارة. يتميز بمعامل حماية +SPF50 لتوفير حماية عالية من أشعة الشمس الضارة. يحمى من أشعة الشمس الفوق بنفسجية الضارة من النوع UVA/UVB. يساعد على ترطيب البشرة. يساعد على مكافحة الشيخوخة وعلامات تقدم العمر. يعمل على توحيد لون البشرة. يُكسب البشرة مزيد من النضارة والحيوية. يتميز بتركيبته الخفيفة الجافة سريعة الامتصاص التي لا تترك أثر دهني أو علامات بيضاء على الجلد. لا يسبب انسداد المسام.  لا يسبب ظهور الحبوب أو حساسية البشرة. مناسب لجميع أنواع البشرة حتى البشرة الحساسة. مناسب للوجه والرقبة.   عن هذا المنتج     مكونات ميلاتكس كريم لتفتيح البشرة: ألفا أربوتين: يعمل على تقليل إنتاج صبغة الميلانين مما يساعد على تقليل التصبغات والبقع وتوحيد لون البشرة. فيتامين سي: له خصائص مضادة للأكسدة كما يعمل على تعزيز إنتاج الكولاجين وتقليل إنتاج الميلانين وتعزيز نضارة البشرة. خلاصة العرق السوس: يعمل على تقليل إنتاج صبغة الميلانين مما يقلل من ظهور التصبغات والبقع الداكنة. عامل حماية من الشمس +SPF50 : يحمي من أضرار أشعة الشمس فوق البنفسجية من النوع UVA و UVB. حجم Melatex Cream SPF 50+:  يتوفر بحجم 50 مل. يوصي به: ميلاتكس كريم +SPF50 مناسب لجميع أنواع البشرة التي تعاني من البقع الداكنة والتصبغات حيث يعمل على توحيد لون البشرة والتخلص من البقع الداكنة والحصول على بشرة نضرة ومشرقة، كما يساعد على حماية البشرة من الضرر الناتج عن التعرض لأشعة الشمس.,raw_specs: المواصفات
51933,غارنييه | كريم سكين أكتيف فاست فيرنس | 25 مل,garnier skinactive fast fairness cream ml9xyz,85,EGP,No Brand,العناية بالبشرة>,in stock,https://chefaa.com:443/eg-ar/nowProduct/garnier-skinactive-fast-fairness-cream--25-ml9xyz,https://cdn.chefaa.com/filters:format(webp)/public/uploads/products/garnier-skinactive-fast-fairness-cream-25-ml9xyz-01752663424.png,https://cdn.chefaa.com/filters:format(webp)/public/uploads/products/garnier-skinactive-fast-fairness-cream-25-ml9xyz-01752663424.png,مميزات المنتج   غارنييه | كريم سكين أكتيف فاست فيرنس | 25 مل   عن هذا المنتج     غارنييه | كريم سكين أكتيف فاست فيرنس | 25 مل,raw_specs: المواصفات
6011,إيڤا سكين كير | كريم بشرة بالجلسرين | 50جم,eva cream with glycerin 55gm wnhg,30,EGP,إيڤا,العناية بالبشرة>,in stock,https://chefaa.com:443/eg-ar/nowProduct/eva-cream-with-glycerin-55gm-wnhg,https://cdn.chefaa.com/filters:format(webp)/public/uploads/products/1619168745eva-cream-with-glycerin-chefaajpg,https://cdn.chefaa.com/filters:format(webp)/public/uploads/products/1619168745eva-cream-with-glycerin-chefaajpg,مميزات المنتج   يمنح البشرة ترطيباً مكثفاً ويحميها من الجفاف. للبشرة الجافة.,ماركة: إيڤا
61176,ديرما اكتيف | اكتي ريبير كريم للقدمين | 60مل,dermactive acti repair foot cream 60ml 3lzv,175,EGP,ديرما اكتيف,العناية بالبشرة>الترطيب,in stock,https://chefaa.com:443/eg-ar/nowProduct/dermactive-acti-repair-foot-cream-60ml-3lzv,https://cdn.chefaa.com/filters:format(webp)/public/uploads/products/dermactive-acti-repair-foot-cream-60ml-yejl-01751285857.png,https://cdn.chefaa.com/filters:format(webp)/public/uploads/products/dermactive-acti-repair-foot-cream-60ml-yejl-01751285857.png,مميزات المنتج   ديرما اكتيف | اكتي ريبير كريم للقدمين | 60مل,ماركة: ديرما اكتيف
18540,أو أر إس | أوليف أويل سبراي المغذي للشعر الغني بزيت جوز الهند | 404مل,ors olive oil nourishing sheen spray infused with coconut oil 481ml wjlz,145,EGP,أو أر إس,العناية بالبشرة>,in stock,https://chefaa.com:443/eg-ar/nowProduct/ors-olive-oil-nourishing-sheen-spray-infused-with-coconut-oil-481ml-wjlz,https://cdn.chefaa.com/filters:format(webp)/public/uploads/products/ors-olive-oil-nourishing-sheen-spray-infused-with-coconut-oil-481ml-wjlz-01765274550.png,https://cdn.chefaa.com/filters:format(webp)/public/uploads/products/ors-olive-oil-nourishing-sheen-spray-infused-with-coconut-oil-481ml-wjlz-01765274550.png,مميزات المنتج   أو أر إس | أوليف أويل سبراي المغذي للشعر الغني بزيت جوز الهند | 404مل,ماركة: أو أر إس
45983,صن بلوك ميلاتايم جل melatime sunscreen للبشرة الدهنية | 50 جم,melatime sunscreen gel spf50 50gm pfe5_duycWZIK,575,EGP,No Brand,العناية بالبشرة>الوقاية من الشمس,in stock,https://chefaa.com:443/eg-ar/nowProduct/melatime-sunscreen-gel-spf50-50gm-pfe5_duycWZIK,https://cdn.chefaa.com/filters:format(webp)/public/uploads/products/melatime-sunscreen-gel-spf50-50gm-kqso-01685272896.png,https://cdn.chefaa.com/filters:format(webp)/public/uploads/products/melatime-sunscreen-gel-spf50-50gm-kqso-01685272896.png,"مميزات المنتج   يتميز صن بلوك ميلاتايم جل melatime sunscreen بما يلي: له تركيبة أسبانية مميزة تحمي البشرة من أشعة الشمس UVA و UVB. له ملمس مخملي شفاف ولا يترك علامات بيضاء أو ملمس دهني على البشرة. تمتصه البشرة بسهولة ويمكن استخدامه كبرايمر قبل وضع المكياج. مقاوم للماء والعرق. يحمي البشرة من ظهور البقع والتصبغات. سعر صن بلوك melatime مناسب مقارنة بفوائده العديدة للبشرة.   عن هذا المنتج     مكونات صن بلوك ميلاتايم جل melatime sunscreen  يحتوي ميلاتايم واقي شمس جل على: تكنولوجيا micro implant الكورية: تسهل امتصاصه في أقل من 10 ثواني. النياسيناميد: يحمي البشرة من الحبوب ويقلل شكل المسام. عامل حماية من الشمس SPF 50. حجم ميلاتايم صن بلوك للبشرة الدهنية يتوفر صن سكرين ميلاتايم (Melatime sunscreen) بحجم 50 جم. سعر صن بلوك ميلا تايم في مصر يبلغ سعر صن بلوك ميلاتايم حوالى 450 جنيه مصرى. "" melatime sunscreen سعره قد يتغير من وقت لاخر تبعاً لتغير سعره فى الاسواق "" يوصى باستعمال ميلاتايم واقى الشمس melatime صن بلوك جل مناسب لجميع أنواع البشرة وخاصة أصحاب البشرة الدهنية والمختلطة ويتميز بقوامه الخفيف على البشرة وملمسه الناعم بالإضافة إلى توفير حماية عالية من أشعة الشمس. مميزات وعيوب صن بلوك melatime مميزات ميلاتايم صن سكرين : يعد جيل خفيف شفاف وسريع الامتصاص عيوب صن بلوك ميلاتايم : قد اشتكى البعض من انه يترك لامعة على البشرة وقد يتسغرق وقت أطول للامتصاص. ما أفضل صن بلوك كوري؟ صن بلوك بيرفكت بالصبار. صن بلوك فارم ستاي بالشاي الأخضر. صن بلوك أويل فري فارم ستاي. صن بلوك ميلا تايم melatime sunblock.",raw_specs: المواصفات
20740,ديتول | صابونة مضادة للبكتيريا للعناية بالبشرة | 115جم,dettol anti bacterial skincare soap bar 115gms pfya,36,EGP,ديتول,العناية بالبشرة>,in stock,https://chefaa.com:443/eg-ar/nowProduct/dettol-anti-bacterial-skincare-soap-bar-115gms-pfya,https://cdn.chefaa.com/filters:format(webp)/public/uploads/products/dettol-anti-bacterial-skincare-soap-bar-115gms-pfya-01740046876.png,https://cdn.chefaa.com/filters:format(webp)/public/uploads/products/dettol-anti-bacterial-skincare-soap-bar-115gms-pfya-01740046876.png,عن هذا المنتج     ديتول | صابونة مضادة للبكتيريا للعناية بالبشرة | 115جم,ماركة: ديتول
61560,ايفا سكين كلينيك | غسول الوجه بفيتامين سي | 150مل,eva skin clinic vitamin facial wash 150ml ELfN,125,EGP,إيڤا,العناية بالبشرة>الغسول,in stock,https://chefaa.com:443/eg-ar/nowProduct/eva-skin-clinic-vitamin-c-facial-wash-150ml-ELfN,https://cdn.chefaa.com/filters:format(webp)/public/uploads/products/eva-skin-clinic-vitamin-c-facial-wash-150ml-elfn-01752925693.png,https://cdn.chefaa.com/filters:format(webp)/public/uploads/products/eva-skin-clinic-vitamin-c-facial-wash-150ml-elfn-01752925693.png,مميزات المنتج   ايفا سكين كلينيك | غسول الوجه بفيتامين سي | 150مل,ماركة: إيڤا
2473,نيفيا | دوبل ايفيكت مزيل مكياج العيون ازرق | 125مل,nivea double effect eye make remover blue,320,EGP,نيفيا,العناية بالبشرة>الغسول,in stock,https://chefaa.com:443/eg-ar/nowProduct/nivea-double-effect-eye-make-up-remover-blue-125-ml,https://cdn.chefaa.com/filters:format(webp)/public/uploads/products/nivea-double-effect-eye-make-up-remover-blue-125-ml-01655300435.png,https://cdn.chefaa.com/filters:format(webp)/public/uploads/products/nivea-double-effect-eye-make-up-remover-blue-125-ml-01655300435.png,مميزات المنتج   نيفيا | دوبل ايفيكت مزيل مكياج العيون ازرق | 125مل   عن هذا المنتج      تركيبة غير مزعجة وغير تقليدية تعمل على إزالة المكياج بلطف وفعالية بما في ذلك ماسكارا واقية من الماء دون الحاجة إلى فرك أو شطف. من خلال استخراج خلاصة العنب من نيIVEيا ، يعمل مزيل مكياج نيIVEيا المزدوج على إزالة منطقة العين الدقيقة تمامًا دون ترك أي بقايا أثناء حماية رموشك الحساسة.,ماركة: نيفيا
32310,فيتشى | غسول نورماديرم | 400مل,vichy normaderm gel 400ml 4e7x,1140,EGP,فيشي,العناية بالبشرة>الغسول,in stock,https://chefaa.com:443/eg-ar/nowProduct/vichy-normaderm-gel-400ml-4e7x,https://cdn.chefaa.com/filters:format(webp)/public/uploads/products/vichy-normaderm-gel-400ml-uole-01697061230.png,https://cdn.chefaa.com/filters:format(webp)/public/uploads/products/vichy-normaderm-gel-400ml-uole-01697061230.png,مميزات المنتج   فيتشى | غسول نورماديرم | 400مل,ماركة: فيشي
2505,نيفيا | ماء ميسيلار لازالة المكياج لجميع انواع البشرة | 400مل,nivea micellair micellar water normal skin,320,EGP,نيفيا,العناية بالبشرة>الغسول,in stock,https://chefaa.com:443/eg-ar/nowProduct/nivea-micellair-micellar-water-normal-skin-400-ml,https://cdn.chefaa.com/filters:format(webp)/public/uploads/products/nivea-micellair-micellar-water-normal-skin-400-ml-01655306766.png,https://cdn.chefaa.com/filters:format(webp)/public/uploads/products/nivea-micellair-micellar-water-normal-skin-400-ml-01655306766.png,مميزات المنتج   نيفيا | ماء ميسيلار لازالة المكياج لجميع انواع البشرة | 400مل   عن هذا المنتج     ﻿ تنظيف فعال للبشرة وإزالة المكياج. لا شطف ، لا بقايا منتج ، لا فرك ، لا عطر. للاستخدام على منطقة العين والوجه والشفاه. تم اختباره من قبل أطباء الجلد والعيون.,ماركة: نيفيا
5937,إيڤازلين | برطمان | 70جم,evasiline kwrf,65,EGP,إيڤا,العناية بالبشرة>الترطيب,in stock,https://chefaa.com:443/eg-ar/nowProduct/evasiline-70-gm-kwrf,https://cdn.chefaa.com/filters:format(webp)/public/uploads/products/1619875479evasiline-70gm-chefaajpg,https://cdn.chefaa.com/filters:format(webp)/public/uploads/products/1619875479evasiline-70gm-chefaajpg,مميزات المنتج   إيڤازلين | برطمان | 70جم   عن هذا المنتج       لأن إيڤازلين مكون من الفازلين الطبيعي فإنه يمتزج ببشرتك جيداً مكوناً طبقة تحبس الرطوبة التي تحتاج إليها البشرة مما يجعلها تبدوأكثر نعومة وصحة ونضارة. إيڤازلين هو الحل الأمثل لعلاج وحماية البشرة شديدة الجفاف والجلد المتشقق.,ماركة: إيڤا
22349,1+1 انفينتي | رول اون فيتامين سي | 80مل,infinity vitamin roll extra whitening deodorant 4bda,179,EGP,إنفينيتي,العناية بالبشرة>,in stock,https://chefaa.com:443/eg-ar/nowProduct/infinity-vitamin-c-roll-on-extra-whitening-deodorant-80-ml-748-4bda,https://cdn.chefaa.com/filters:format(webp)/public/uploads/products/infinity-vitamin-c-roll-on-extra-whitening-deodorant-80-ml-748-4bda-01662625708.png,https://cdn.chefaa.com/filters:format(webp)/public/uploads/products/infinity-vitamin-c-roll-on-extra-whitening-deodorant-80-ml-748-4bda-01662625708.png,مميزات المنتج   انفينتي | رول اون فيتامين سي | 80مل   عن هذا المنتج     انفينتي | رول اون فيتامين سي | 80مل,ماركة: إنفينيتي
23430,غسول توبي جينت ديليكت البينك للبشرة الحساسة | 150 مل,topi gent delicate cleancer foam 150ml fa06,230,EGP,ماكرو للأدوية,العناية بالبشرة>الغسول,in stock,https://chefaa.com:443/eg-ar/nowProduct/topi-gent-delicate-cleancer-foam-150ml-fa06,https://cdn.chefaa.com/filters:format(webp)/public/uploads/products/topi-gent-delicate-cleancer-foam-150ml-fa06-01706691603.png,https://cdn.chefaa.com/filters:format(webp)/public/uploads/products/topi-gent-delicate-cleancer-foam-150ml-fa06-01706691603.png,مميزات المنتج   يتميز غسول توبي جينت البينك بما يلي: له تركيبة رغوية مميزة مناسبة للعناية اليومية بالبشرة الحساسة. ينظف البشرة بعمق ولا يسبب انسداد للمسام. يحتوي على مضادات للأكسدة ولذلك يحسن مظهر البشرة ويكسبها النضارة. يرطب البشرة ولا يسبب الجفاف. خالي من السلفات والصوديوم كلوريد. سعر غسول توبي جينت للبشرة الحساسة مناسب مقارنة بحجمه وفوائده للبشرة.   عن هذا المنتج     مكونات غسول توبي جينت البينك  يحتوي غسول توبي جينت للبشرة الجافة على: خلاصة الشاي الأخضر: له خصائص مضادة للأكسدة ويساعد على تنقية البشرة. العسل: يرطب البشرة ويغذيها ويكسبها النضارة. حجم غسول topi gent delicate  يتوفر topi gent cleanser بحجم 150 مل. يوصى باستعمال topi gent delicate cleanser ل: يستخدم غسول توبي جينت ديليكت للبشرة الحساسة إذ يتميز بتركيبة لطيفة على البشرة تساعد على التنظيف العميق ولا تسبب الجفاف. ما هي طريقة استخدام غسول توبي جينت؟ يوضع على البشرة المبللة مع التدليك الخفيف 2-3 مرات يومياً. ما هي فوائد غسول توبي جينت؟ يساعد توبي جينت غسول على تنظيف البشرة بعمق بدون أن يسبب لها الحساسية أو الجفاف بالإضافة لاحتوائه على مضادات الأكسدة التي تغذي البشرة وتكسبها النضارة. ما الفرق بين غسول توبي جينت الازرق والبينك؟  غسول توبي جينت الازرق مناسب للبشرة الدهنية والمختلطة ويساعد على علاج الحبوب والتخلص منها، أما غسول توبي جينت البينك يناسب البشرة العادية والحساسة ويتميز باحتوائه على مضادات الأكسدة. ما هي أضرار غسول توبي جينت؟  قد يسبب جفاف البشرة مع فرط الاستخدام. ما هي انواع غسول توبي جينت؟  توبي جينت الازرق. توبي جينت البينك. ما هو بديل غسول توبي جينت؟  غسول شان جيل. غسول انفنتي. غسول إيفا بحمض الهيالورونيك. غسول بيزلاين بصمغ العسل.,ماركة: ماكرو للأدوية
36091,فاكيشن | غسول للتفتيح | 200مل,vacation whitening facial cleansing foam irrq,295,EGP,No Brand,العناية بالبشرة>الغسول,in stock,https://chefaa.com:443/eg-ar/nowProduct/vacation-whitening-facial-cleansing-foam-81353-irrq,https://cdn.chefaa.com/filters:format(webp)/public/uploads/products/-01715962378cbd88889-d23b-4d98-9b14-fd35fc907127jpg.png,https://cdn.chefaa.com/filters:format(webp)/public/uploads/products/-01715962378cbd88889-d23b-4d98-9b14-fd35fc907127jpg.png,مميزات المنتج   يتميز غسول فاكيشن للتفتيح vacation facial cleanser بما يلي: يعمل على تنظيف البشرة بعمق وإزالة الأوساخ والزيوت الزائدة، ويترك البشرة منتعشة ونظيفة. يساعد على تقليل التصبغات وتوحيد لون البشرة. غني بحمض الهيالورونيك مما يوفر ترطيبًا عميقًا ويحافظ على نعومة ومرونة البشرة. يساهم في تقليل ظهور التجاعيد والخطوط الدقيقة، مما يمنح البشرة مظهرًا أكثر شبابًا. يتميز بتركيبة خالية من المواد الكيميائية القاسية، مما يجعله مناسبًا للاستخدام اليومي دون التسبب في تهيج البشرة.   عن هذا المنتج     مكونات غسول فاكيشن للتفتيح   يحتوي فاكيشن غسول على:  حمض الهيالورونيك (Hyaluronic Acid): مرطب قوي يساعد على جذب الماء إلى البشرة، مما يمنحها نعومة وليونة كذلك يعزز نضارة البشرة ويجعلها تبدو أكثر امتلاءً وصحة.  ألفا أربوتين (Alpha Arbutin): يقلل من إنتاج الميلانين المسؤول عن التصبغات والبقع الداكنة مما يساعد على تفتيح البشرة وتوحيد لونها بشكل آمن وفعّال.  السيراميد (Ceramide): يقوي حاجز البشرة الطبيعي ويمنع فقدان الرطوبة كما يحمي البشرة من العوامل الخارجية الضارة مثل التلوث والجفاف ويساعد على ترميم البشرة التالفة وتحسين مرونتها ونعومتها.  حجم عبوة vacation facial cleanser  يتوفر غسول فاكيشن للتفتيح بحجم 200 مل.  سعر غسول vacation   يبلغ سعر غسول فاكيشن للتفتيح حوالي 295 جنيه مصري (سعر المنتج قد يتغير تبعاً لتحديث سعره في الصيدليات أو حسب العروض المتاحة).  يوصى باستعمال فاكيشن غسول ل  غسول فاكيشن للتفتيح مناسب لجميع أنواع البشرة خاصة من يعانون من البقع الداكنة والتصبغات، فهو يساعد على تفتيح البشرة وتوحيد لونها بالإضافة إلى تقليل مظهر التجاعيد والخطوط الدقيقة.  طريقة استخدام غسول vacation  ضعي كمية صغيرة من الغسول على يديك ووزعيها على بشرة مبللة.  من خلال حركات دائرية، دلكي الغسول بلطف على وجهك، مع التركيز على المناطق التي تحتوي على بقع داكنة وتجاعيد.  اغسلي وجهك بالماء الفاتر جيدًا، وتأكدي من إزالة جميع بقايا الغسول.  للحصول على أفضل النتائج، استخدمي الغسول مرتين يوميًا، صباحًا ومساءً.  ما فوائد غسول فاكيشن؟  ينظف البشرة بعمق ويزيل الأوساخ والشوائب والزيوت الزائدة دون التسبب بجفاف البشرة.  يفتح البشرة ويقلل البقع الداكنة والتصبغات.  يرطب البشرة ويقلل مظهر التجاعيد.  يكسب البشرة المزيد من النضارة والإشراق.  يساهم في تقوية حاجز البشرة الطبيعي وزيادة نعومة الجلد.  ما أفضل غسول لتفتيح الوجه طبي؟  غسول ستارفيل للتفتيح starville whitening cleanser.  ميلاتكس غسول melatex cleanser.  يورياج غسول للتفتيح uriage cleanser.  بيزلين غسول beesline cleanser.  فاكيشن غسول للتفتيح vacation cleanser.,raw_specs: المواصفات
61725,داكي | كريم تفتيح البشرة | 60جم,daky whitening cream aZoA,250,EGP,No Brand,العناية بالبشرة>الترطيب,in stock,https://chefaa.com:443/eg-ar/nowProduct/daky-whitening-cream-60-gm-aZoA,https://cdn.chefaa.com/filters:format(webp)/public/uploads/products/daky-whitening-cream-60-gm-azoa-01751987085.png,https://cdn.chefaa.com/filters:format(webp)/public/uploads/products/daky-whitening-cream-60-gm-azoa-01751987085.png,مميزات المنتج   داكي | كريم تفتيح البشرة | 60جم,raw_specs: المواصفات
23677,فازلين | ليب ثيربي | 20جم,vaseline lip therapy brown 20gm 1iw9,175,EGP,فازلين,العناية بالبشرة>,in stock,https://chefaa.com:443/eg-ar/nowProduct/vaseline-lip-therapy-brown-20gm-1iw9,https://cdn.chefaa.com/filters:format(webp)/public/uploads/products/vaseline-lip-therapy-brown-20gm-xmec-01664950018.png,https://cdn.chefaa.com/filters:format(webp)/public/uploads/products/vaseline-lip-therapy-brown-20gm-xmec-01664950018.png,عن هذا المنتج     فازلين | ليب ثيربي | 20جم,ماركة: فازلين
48133,انفينيتي | كريم جل لتفتيح البشرة | 50مل,infinity whitening cream gel 50ml 6cqj_duy70fnV,220,EGP,إنفينيتي,العناية بالبشرة>الترطيب,in stock,https://chefaa.com:443/eg-ar/nowProduct/infinity-whitening-cream-gel-50ml-6cqj_duy70fnV,https://cdn.chefaa.com/filters:format(webp)/public/uploads/products/infinity-whitening-cream-gel-50ml-qhg9-01722773515.png,https://cdn.chefaa.com/filters:format(webp)/public/uploads/products/infinity-whitening-cream-gel-50ml-qhg9-01722773515.png,عن هذا المنتج     تركيبة جل كريمية مصممة لتعزيز لون البشرة وتقليل ظهور البقع الداكنة والتصبغات.  الفوائد:  يقلل من فرط التصبغ والبقع الداكنة.  توحيد لون البشرة.   يعزز نضارة البشرة.  يرطب ويغذي. طريقة الاستخدام: ضعي الجل الكريمي على المناطق التي فيها بقع داكنة او تصبغات مرتين في اليوم,ماركة: إنفينيتي
6012,إيڤا سكين كير | كريم بشرة بالجلسرين | 170جم,eva cream with glycerin 170gm xrr0,60,EGP,إيڤا,العناية بالبشرة>,in stock,https://chefaa.com:443/eg-ar/nowProduct/eva-cream-with-glycerin-170gm-xrr0,https://cdn.chefaa.com/filters:format(webp)/public/uploads/products/1619169018eva-cream-with-glycerin-chefaajpg,https://cdn.chefaa.com/filters:format(webp)/public/uploads/products/1619169018eva-cream-with-glycerin-chefaajpg,مميزات المنتج   يمنح البشرة ترطيباً مكثفاً ويحميها من الجفاف. للبشرة الجافة.,ماركة: إيڤا
32173,يوسيرين | كريم مهدئ وملطف للبشرة | 50مل,eucerin dermo purifyer adjunctive soothing cream 50ml ruii,895,EGP,يوسيرين,العناية بالبشرة>الترطيب,in stock,https://chefaa.com:443/eg-ar/nowProduct/eucerin-dermo-purifyer-adjunctive-soothing-cream-50ml-ruii,https://cdn.chefaa.com/filters:format(webp)/public/uploads/products/eucerin-dermo-purifyer-adjunctive-soothing-cream-50ml-bbaq-01696365477.png,https://cdn.chefaa.com/filters:format(webp)/public/uploads/products/eucerin-dermo-purifyer-adjunctive-soothing-cream-50ml-bbaq-01696365477.png,مميزات المنتج   يوسيرين | كريم مهدئ وملطف للبشرة | 50مل,ماركة: يوسيرين
28226,كريم جلامي لاب للتفتيح بحماية من الشمس SPF 30 | 50جم,glamy lab whitening cream spf 50gm 5oc3,460,EGP,جلامي لاب,العناية بالبشرة>الوقاية من الشمس,in stock,https://chefaa.com:443/eg-ar/nowProduct/glamy-lab-whitening-cream-spf-30-50gm-5oc3,https://cdn.chefaa.com/filters:format(webp)/public/uploads/products/glamy-lab-whitening-cream-spf-30-50gm-5oc3-01723040934.png,https://cdn.chefaa.com/filters:format(webp)/public/uploads/products/glamy-lab-whitening-cream-spf-30-50gm-5oc3-01723040934.png,مميزات المنتج   يتميز كريم جلامي لاب للتفتيح بما يلي: له تركيبة سويسرية تساعد على تفتيح البشرة وتقليل ظهور البقع الداكنة. يعالج فرط التصبغ ويساهم في توحيد لون البشرة. يحتوي على معامل حماية من الشمس مما يحمي من أشعة الشمس الضارة. يساهم في مكافحة علامات الشيخوخة بفضل احتوائه على الكولاجين البحري. يجدد شباب البشرة ويكسبها المزيد من الإشراق والنضارة. يرطب البشرة ويحسن مرونتها مما يقلل من التجاعيد والخطوط الرفيعة. خفيف على البشرة ولا يسبب ملمسًا لزجًا أو دهنيًا. مناسب لجميع أنواع البشرة بما في ذلك البشرة الحساسة. يأتي الكريم بتركيبة خفيفة وسهلة الامتصاص، مما يجعله مناسبًا للاستخدام اليومي. سعر كريم جلامي لاب للتفتيح مناسب مقارنة بفوائده العديدة للبشرة.   عن هذا المنتج     مكونات كريم جلامي لاب للتفتيح   يحتوي جلامي لاب كريم على:  الكولاجين البحري: يساعد على تحسين مرونة البشرة وتقليل ظهور التجاعيد والخطوط الدقيقة.  خلاصة التوت: تحتوي على مضادات الأكسدة التي تساعد على حماية البشرة من التلف الناتج عن الجذور الحرة.  ميلاسلو: يساعد على ترطيب البشرة وتحسين مظهرها العام.  زيت الجوجوبا: يعمل على ترطيب البشرة وتقليل جفافها.  خلاصة الصبار: تهدئ البشرة وتساعد على علاج التهيج والالتهابات.  خلاصة الشاي الأخضر: تساعد على تقليل التهيج والالتهابات وتحسين مظهر البشرة.  فيتامين هـ: يعمل كمضاد أكسدة ويساعد على تحسين مرونة البشرة.  ألفا اربيوتين: يساعد على تفتيح البشرة وتقليل ظهور البقع الداكنة.  خلاصة العرقسوس: تقلل التصبغات وتوحد لون البشرة.  حمض الهيالورونيك: يساعد على ترطيب البشرة وزيادة نعومتها.  خلاصة الكافيار: تحتوي على مضادات أكسدة ومواد مغذية تساعد على تغذية وتجديد البشرة.  زبدة الشيا: تساعد على ترطيب البشرة بعمق وتحسن مرونتها.  حجم Glamy lab cream   يتوفر كريم جلامي لاب بحجم 50 مل.  سعر كريم جلامي لاب   يبلغ سعر Glamy lab whitening cream حوالي 350 جنيه مصري.  يوصى باستعمال كريم جلامي لاب للتفتيح ل  جلامي لاب كريم مناسب لجميع أنواع البشرة وخاصة من يعانون من التصبغات والاسمرار، فهو يساعد على تفتيح البشرة وتوحيد لونها بالإضافة إلى إكساب البشرة مظهر أكثر شباباً ونضارة، كما يحمي بشرتك من أشعة الشمس مما يوفر لك عناية متكاملة لبشرتك.   ؟Glamy lab whitening cream استخداماته ما هي  يستخدم الكريم في:  تفتيح البشرة.  علاج البقع والتصبغات.  توحيد لون البشرة.  ترطيب البشرة وتحسين مرونة الجلد.  تقليل ظهور التجاعيد والخطوط الرفيعة.  زيادة نضارة وحيوية البشرة.  ما المدة التي يظهر فيها نتيحة كريم التفتيح؟  تظهر نتائج الكريم عقب استخدامه مباشرة في زيادة النضارة والترطيب، وتبدأ نتائج التفتيح في الظهور بعد شهر ل 3 أشهر من الاستخدام المنتظم.  ما أفضل كريم لتفتيح البشرة؟  ميلاتكس كريم.  فيردكس ألبا سيروم.  سيروم ألفا أربيوتين من ذا أورديناري.  كريم جلامي لاب.,ماركة: جلامي لاب
1145,دوف | كريم الجمال لترطيب البشرة | 75مل,dove beauty moisturizing body cream,65,EGP,دوف,العناية بالبشرة>,in stock,https://chefaa.com:443/eg-ar/nowProduct/dove-beauty-moisturizing-body-cream,https://cdn.chefaa.com/filters:format(webp)/public/uploads/products/dove-beauty-moisturizing-body-cream-01720803297.png,https://cdn.chefaa.com/filters:format(webp)/public/uploads/products/dove-beauty-moisturizing-body-cream-01720803297.png,عن هذا المنتج       ينعم ويغذي بشرتك ويبقيها متوهجة طوال اليوم.   تركيبة رطوبة خفيفة ومغذية.   كريم غني للغاية وسريع الامتصاص.,ماركة: دوف
20782,انجرام | كريم حلاقة كول ازرق | 40جم,ingram cool shaving cream blue 40gm st4i,39,EGP,No Brand,العناية بالبشرة>,in stock,https://chefaa.com:443/eg-ar/nowProduct/ingram-cool-shaving-cream-blue-40gm-st4i,https://cdn.chefaa.com/filters:format(webp)/public/uploads/products/ingram-cool-shaving-cream-blue-40gm-q9du-01655319398.png,https://cdn.chefaa.com/filters:format(webp)/public/uploads/products/ingram-cool-shaving-cream-blue-40gm-q9du-01655319398.png,عن هذا المنتج     انجرام | كريم حلاقة كول ازرق | 40جم,raw_specs: المواصفات
6058,إيڤا سكين كير | ايفازلين كريم لأزالة تشققات الكعبين باشن | 60مل,evasline heel cream passion 60g x2pp,75,EGP,إيڤا,العناية بالبشرة>,in stock,https://chefaa.com:443/eg-ar/nowProduct/evasline-heel-cream-passion-60g-x2pp,https://cdn.chefaa.com/filters:format(webp)/public/uploads/products/evasline-heel-cream-passion-60g-x2pp-01721414919.png,https://cdn.chefaa.com/filters:format(webp)/public/uploads/products/evasline-heel-cream-passion-60g-x2pp-01721414919.png,مميزات المنتج   إيـڤا سكين كير كريـم الكعبين بتـركيـبـتــه المتـقدمـة متـخصـص لإزالـة تـشـقـقـات الكعبيـن. مزيــج الڤـازليــن والمـرطبــات يـرطــب ويلـطــف بفاعلـيــة وسهولـة تـشـقـقـات الكعبـيـن كما أنـه يقلل الخشونة ويـحفظ الترطيـب بداخلهم.,ماركة: إيڤا
59896,كريم ايفا كولاجين بالذهب لشد البشرة وتصحيح التجاعيد | 50 مل,eva skin clinic gold collagen anti wrinkle day cream 50ml cv5c_dulztIi3,340,EGP,إيڤا,العناية بالبشرة>الترطيب,in stock,https://chefaa.com:443/eg-ar/nowProduct/eva-skin-clinic-gold-collagen-anti-wrinkle-day-cream-50ml-cv5c_dulztIi3,https://cdn.chefaa.com/filters:format(webp)/public/uploads/products/eva-skin-clinic-gold-collagen-anti-wrinkle-day-cream-50ml-bgra-01652872246.png,https://cdn.chefaa.com/filters:format(webp)/public/uploads/products/eva-skin-clinic-gold-collagen-anti-wrinkle-day-cream-50ml-bgra-01652872246.png,مميزات المنتج   يتميز كريم ايفا كولاجين بالذهب بما يلي: له تركيبة مميزة غنية بجزيئات الذهب والكولاجين. يصحح تجاعيد البشرة وعلامات تقدم السن. يرطب البشرة ويزيد من نعومتها. يكسب البشرة المزيد من النضارة والحيوية. مناسب لجميع أنواع البشرة ولا يسبب الحساسية. سعر كريم ايفا كولاجين مناسب مقارنة بفوائده للبشرة.   عن هذا المنتج     مكونات كريم ايفا كولاجين بالذهب  يحتوي كريم ايفا كولاجين على: جزيئات الذهب: لتصحيح التجاعيد وإكساب البشرة النضارة. الكولاجين: يساعد على شد البشرة وتجديد خلايا الجلد. حمض الهيالورونيك: لترطيب البشرة وملء التجاعيد. حجم كريم ايفا كولاجين لسن الثلاثين يتوفر كريم ايفا كولاجين للوجه بحجم 50 مل. يوصى باستعمال ايفا كولاجين كريم مصحح للتجاعيد بالكولاجين ل: يعد Eva Anti-Wrinkle Cream Gold Collagen مناسب لجميع أنواع البشرة وكذلك لمن يعانون من التجاعيد وعلامات تقدم سن البشرة إذ يعد منتج مثالي لإعادة نضارة وحيوية البشرة وتصحيح التجاعيد. ما هي فوائد كريم ايفا كولاجين؟ يستخدم كريم ايفا كولاجين لتصحيح تجاعيد البشرة ومقاومة علامات تقدم السن ويساعد على ترطيب البشرة وإكسابها المزيد من النضارة والإشراق. ما هي أضرار كريم ايفا كولاجين؟ قد يسبب الحساسية أو الالتهابات في حالة فرط حساسية البشرة تجاه أحد مكوناته. هل كريم ايفا كولاجين يفتح البشرة؟ يتميز الكريم بأنه غني بالكولاجين الذي يعمل على تجديد خلايا البشرة ومن ثم يساهم في تفتيح البشرة وإكسابها المزيد من النضارة.,ماركة: إيڤا
6010,إيڤا سكين كير | كريم بشرة بالجلسرين | 20جم,eva cream with glycerin 20gm 0ixf,14,EGP,إيڤا,العناية بالبشرة>,in stock,https://chefaa.com:443/eg-ar/nowProduct/eva-cream-with-glycerin-20gm-0ixf,https://cdn.chefaa.com/filters:format(webp)/public/uploads/products/1619168345eva-cream-with-glycerin-20gm-chefaajpg,https://cdn.chefaa.com/filters:format(webp)/public/uploads/products/1619168345eva-cream-with-glycerin-20gm-chefaajpg,مميزات المنتج   يمنح البشرة ترطيباً مكثفاً ويحميها من الجفاف. للبشرة الجافة.,ماركة: إيڤا
20920,جليسوليد | كريم مرطب بالجلسرين لجميع أنواع البشرة | 20مل,glysolid soft cream with glycerin for all skin types 20ml xema,20,EGP,جليسوليد,العناية بالبشرة>الترطيب,in stock,https://chefaa.com:443/eg-ar/nowProduct/glysolid-soft-cream-with-glycerin-for-all-skin-types-20ml-xema,https://cdn.chefaa.com/filters:format(webp)/public/uploads/products/glysolid-soft-cream-with-glycerin-for-all-skin-types-20ml-xema-01721545814.png,https://cdn.chefaa.com/filters:format(webp)/public/uploads/products/glysolid-soft-cream-with-glycerin-for-all-skin-types-20ml-xema-01721545814.png,مميزات المنتج   جليسوليد | كريم مرطب بالجلسرين لجميع أنواع البشرة | 20مل,ماركة: جليسوليد
2461,نيفيا | كريم للجسم بزبدة الكاكاو | 200مل,nivea body cream cocoa butter,140,EGP,نيفيا,العناية بالبشرة>الترطيب,in stock,https://chefaa.com:443/eg-ar/nowProduct/nivea-body-cream-cocoa-butter-200-ml,https://cdn.chefaa.com/filters:format(webp)/public/uploads/products/nivea-body-cream-cocoa-butter-200-ml-01673871302.png,https://cdn.chefaa.com/filters:format(webp)/public/uploads/products/nivea-body-cream-cocoa-butter-200-ml-01673871302.png,مميزات المنتج   نيفيا | كريم للجسم بزبدة الكاكاو | 200مل   عن هذا المنتج     يعمل هذا المنتج على ترطيب البشرة يدوم لفترات طويلة. يزيل علامات الإجهاد والإرهاق بلطف. يمنح البشرة نضارة وجمال يدوم طوال اليوم. تمتع برائحة فريدة من نوعها تنشط حواسك وتجعلك تشعر بالانتعاش من خلال نكهة الكاكاو اللذيذة. سريع الامتصاص. تم تطوير لوشن الجسم سريع الامتصاص من قبل خبراء العناية بالبشرة في نيڤيا، فهو يجمع بين زبدة الكاكاو الطبيعية المرطبة وفيتامين هـ وذلك لمنحك ترطيبًا وعناية تدوم طويلاً، حيث تتغلغل تركيبة الكريم وتذوب بلطف داخل الجلد لتمنحه نعومة مثالية، بينما تنشط رائحة العطر حواسك.,ماركة: نيفيا
55045,ديرما اكتيف | كريم مهدئ لبشرة الوجه الحساسة للأطفال | 75مل,dermactive baby face soothing cream 75mlzTg2,109,EGP,ديرما اكتيف,العناية بالبشرة>,in stock,https://chefaa.com:443/eg-ar/nowProduct/dermactive-baby-face-soothing-cream-75mlzTg2,https://cdn.chefaa.com/filters:format(webp)/public/uploads/products/dermactive-baby-face-soothing-cream-75mlztg2-01733096802.png,https://cdn.chefaa.com/filters:format(webp)/public/uploads/products/dermactive-baby-face-soothing-cream-75mlztg2-01733096802.png,مميزات المنتج   ديرما اكتيف | كريم مهدئ لبشرة الوجه الحساسة للأطفال | 75مل,ماركة: ديرما اكتيف
31980,سيرافي | غسول بحمض الساليسيليك منعم للبشرة الجافة والخشنة | 473مل,cerave smoothing cleanser 473ml wow0,945,EGP,سيرافي,العناية بالبشرة>الغسول,in stock,https://chefaa.com:443/eg-ar/nowProduct/cerave-sa-smoothing-cleanser-473ml-wow0,https://cdn.chefaa.com/filters:format(webp)/public/uploads/products/cerave-sa-smoothing-cleanser-473ml-wow0-01723385425.png,https://cdn.chefaa.com/filters:format(webp)/public/uploads/products/cerave-sa-smoothing-cleanser-473ml-wow0-01723385425.png,مميزات المنتج   سيرافي | غسول بحمض الساليسيليك منعم للبشرة الجافة والخشنة | 473مل,ماركة: سيرافي
20735,ديتول | صابونة مضادة للبكتيريا لتجديد النشاط | 115جم,dettol anti bacterial energize soap bar 115gm cbqo,33,EGP,ديتول,العناية بالبشرة>,in stock,https://chefaa.com:443/eg-ar/nowProduct/dettol-anti-bacterial-re-energize-soap-bar-115gm-cbqo,https://cdn.chefaa.com/filters:format(webp)/public/uploads/products/dettol-anti-bacterial-re-energize-soap-bar-115gm-cbqo-01740047028.png,https://cdn.chefaa.com/filters:format(webp)/public/uploads/products/dettol-anti-bacterial-re-energize-soap-bar-115gm-cbqo-01740047028.png,عن هذا المنتج     ديتول | صابونة مضادة للبكتيريا لتجديد النشاط | 115جم,ماركة: ديتول
51926,غارنية | فاست كلير للحبوب غسول مقشر يومي | 50مل,garnier fast clear for acne daily wash mlpdCz,95,EGP,غارنييه,العناية بالبشرة>,in stock,https://chefaa.com:443/eg-ar/nowProduct/garnier-fast-clear-for-acne-daily-wash-50-mlpdCz,https://cdn.chefaa.com/filters:format(webp)/public/uploads/products/garnier-fast-clear-for-acne-daily-wash-50-mlpdcz-01732618503.png,https://cdn.chefaa.com/filters:format(webp)/public/uploads/products/garnier-fast-clear-for-acne-daily-wash-50-mlpdcz-01732618503.png,مميزات المنتج   غارنية | فاست كلير للحبوب غسول مقشر يومي | 50مل,ماركة: غارنييه
45419,سيباكلار اكتيف | جل للبشره الدهنية للحبوب والرؤوس السوداء | 50مل,sebaclar active gel 50ml_du8vh152,307,EGP,سيباكلار,العناية بالبشرة>الترطيب,in stock,https://chefaa.com:443/eg-ar/nowProduct/sebaclar-active-gel-50ml_du8vh152,https://cdn.chefaa.com/filters:format(webp)/public/uploads/products/sebaclar-active-gel-50ml-du8vh152-01753082194.png,https://cdn.chefaa.com/filters:format(webp)/public/uploads/products/sebaclar-active-gel-50ml-du8vh152-01753082194.png,"مميزات المنتج   مرطب سيباكلار جل للبشره الدهنية يتميز بما يلى: يساعد على التحكم في الإفرازات الدهنية. يعمل على تقشير البشرة بلطف. يساعد على تقليل البقع الداكنة. يساعد على تهدئة التهابات البشرة. يعمل على تقليل ظهور الرؤوس السوداء. يعمل على القضاء على البكتيريا المسببة لحب الشباب. يساعد على تقليل لمعان البشرة. يعمل على تقليل وإزالة الآثار والندوب المصاحبة لحب الشباب. مناسب للبشرة الدهنية والمعرضة للحبوب. لا يسبب انسداد المسام. يتميز بتركيبته الخفيفة التي لا تترك أثر دهني على البشرة.   عن هذا المنتج     مكونات مرطب سيباكلار جل للبشره الدهنية يحتوى سيباكلار اكتيف جل على: زيت شجرة الشاي: لها خصائص مضادة للميكروبات وتساعد على تقليل ظهور حب الشباب ،كما تعمل على على تهدئة التهاب واحمرار البشرة. الزنك: يساعد على تقليل الإفرازات الدهنية. البيوتين: يعمل على ترطيب الجلد وتحسين مظهر البشرة وجعلها أكثر نضارة ونعومة. خلاصة الصبار (الألوفيرا): له خصائص مرطبة ويعمل على تهدئة تهيج والتهاب البشرة. حمض الساليسيليك: له خصائص مضادة للالتهابات ويساعد على تقشير البشرة وتقليل  الحبوب والرؤوس السوداء والبيضاء. مرطب سيباكلار سعر سعر  سيباكلار اكتيف جل حوالى 232 جنيه "" قد يتغير السعر من وقت لاخر تبعاً لتغير سعره فى الصيدليات ""  حجم sebaclar active gel يتوافر sebaclar active gel  بحجم 50 مل. يوصي باستعمال سيباكلار اكتيف جل سيباكلار جل مناسب للبشرة الدهنية والمعرضة للحبوب حيث يعمل على التحكم في الإفرازات الدهنية، كما يحتوي على مضادات للبكتيريا ويساعد على تقليل حب الشباب والبقع والرؤوس السوداء.",ماركة: سيباكلار
30075,فاتيكا | زيت الأطفال الطبيعي مساج الزيتون | 100مل,vatika natural baby olive massage oil 100ml ldr9,55,EGP,فاتيكا,العناية بالبشرة>,in stock,https://chefaa.com:443/eg-ar/nowProduct/vatika-natural-baby-olive-massage-oil-100ml-ldr9,https://cdn.chefaa.com/filters:format(webp)/public/uploads/products/vatika-natural-baby-olive-massage-oil-100ml-1kj5-01684690298.png,https://cdn.chefaa.com/filters:format(webp)/public/uploads/products/vatika-natural-baby-olive-massage-oil-100ml-1kj5-01684690298.png,مميزات المنتج   فاتيكا | زيت الأطفال الطبيعي مساج الزيتون | 100مل,ماركة: فاتيكا
6056,إيڤا سكين كير | ايفازلين مزيل الزوائد الجلدية من حول الأظافر | 13جم,evasline cuticle remover 13g nb2d,55,EGP,إيڤا,العناية بالبشرة>,in stock,https://chefaa.com:443/eg-ar/nowProduct/evasline-cuticle-remover-13g-nb2d,https://cdn.chefaa.com/filters:format(webp)/public/uploads/products/1619873242evasline-cuticle-remover-13gm-chefaajpg,https://cdn.chefaa.com/filters:format(webp)/public/uploads/products/1619873242evasline-cuticle-remover-13gm-chefaajpg,عن هذا المنتج       تطري الزوائد الجلدية وإزالتها بسهولة.,ماركة: إيڤا
46308,ميلانو فري لوشن للجسم لترطيب وتفتيح البشرة | 200 مل,melano free lotion 200ml qgdc_dubTFoQL,185,EGP,ميلانو فارما,العناية بالبشرة>الترطيب,in stock,https://chefaa.com:443/eg-ar/nowProduct/melano-free-lotion-200ml-qgdc_dubTFoQL,https://cdn.chefaa.com/filters:format(webp)/public/uploads/products/melano-free-lotion-200ml-dn7g-01682789245.png,https://cdn.chefaa.com/filters:format(webp)/public/uploads/products/melano-free-lotion-200ml-dn7g-01682789245.png,مميزات المنتج   يتميز لوشن ميلانو فري بما يلي: له تركيبة غنية بزبدة الشيا والعديد من المكونات التي تعمل على تفتيح وترطيب الجلد. يغذي البشرة ويكسبها المزيد من النضارة. يحسن ملمس الجلد ويكسبه النعومة والترطيب. يمكن استخدامه للجسم والأماكن الحساسة. له قوام خفيف تمتصه البشرة بسهولة ولا يسبب ملمس دهني على البشرة. يساعد على تفتيح الأماكن الداكنة بالجسم. سعر ميلانو فري لوشن مناسب مقارنة بحجمه وفوائده العديدة.   عن هذا المنتج     مكونات لوشن ميلانو فري  يحتوي melanofree lotion على: الأربيوتين: يساعد على تفتيح الأماكن الداكنة بالجسم وتوحيد لون البشرة. زبدة الشيا: ترطب وتنعم الجلد. زيت اللوز: يزيد من نعومة ونضارة الجلد. فيتامين سي: يكسب البشرة النضارة ويساعد على تفتيح التصبغات. فيتامين E: يغذي البشرة ويرطبها وله خصائص مضادة للأكسدة. حجم ميلانو فري لوشن للجسم يتوفر لوشن ميلانو فري للوجه بحجم 200 مل. يوصى باستعمال لوشن ميلانو لتفتيح الجسم ل: ميلانو فري لوشن مناسب لجميع أنواع البشرة فهو يعمل على ترطيب وتفتيح الجسم وإكسابه المزيد من النعومة والنضارة. ما هى طريقة استخدام لوشن ميلانو فري؟ يستخدم ميلانو فري لوشن بعد الاستحمام وذلك بوضع كمية مناسبة على الجلد مع التدليك بلطف حتى تمتصه البشرة. ما هى فوائد لوشن ميلانو للجسم؟ ميلانو فري لوشن له تركيبة مميزة تساعد على التفتيح والترطيب فهو يحافظ على بشرتك ناعمة ويكسبها المزيد من النضارة بالإضافة إلى دوره في تفتيح التصبغات وتوحيد لون الجسم. ما هى أضرار لوشن ميلانو؟ قد يسبب الحساسية أو الالتهاب في حالة فرط الحساسية تجاه أحد المكونات.,ماركة: ميلانو فارما
52608,ماتريسكين | سيروم محيط العين | 15 مل,matriskin eye perimeter serum mlTjm4,599,EGP,No Brand,العناية بالبشرة>,in stock,https://chefaa.com:443/eg-ar/nowProduct/matriskin-eye-perimeter-serum-15-mlTjm4,https://cdn.chefaa.com/filters:format(webp)/public/uploads/products/matriskin-eye-perimeter-serum-15-mltjm4-01735216064.png,https://cdn.chefaa.com/filters:format(webp)/public/uploads/products/matriskin-eye-perimeter-serum-15-mltjm4-01735216064.png,مميزات المنتج   ماتريسكين | سيروم محيط العين | 15 مل   عن هذا المنتج     ماتريسكين | سيروم محيط العين | 15 مل,raw_specs: المواصفات
50125,كريم نورميلان للتفتيح الوجه normelan face cream | ٣٠ مل,normelan lightening face cream 30ml 01xu,400,EGP,No Brand,العناية بالبشرة>,in stock,https://chefaa.com:443/eg-ar/nowProduct/normelan-lightening-face-cream-30ml-01xu,https://cdn.chefaa.com/filters:format(webp)/public/uploads/products/normelan-lightening-face-cream-30ml-kwxn-01730818156.png,https://cdn.chefaa.com/filters:format(webp)/public/uploads/products/normelan-lightening-face-cream-30ml-kwxn-01730818156.png,مميزات المنتج   يتميز كريم نورميلان للتفتيح Normelan Face Cream بما يلي: له تركيبة مميزة تساعد على توحيد لون البشرة وتقليل التصبغات والبقع الداكنة. يساهم في ترطيب الجلد والحفاظ على نعومته. يقلل من آثار الحبوب والتصبغات الناتجة عن التعرض للشمس. يقشر الجلد بلطف مما يكسبه النعومة ويحسن ملمسه. سعر كريم نورميلان للتفتيح مناسب مقارنة بفوائده العديدة.   عن هذا المنتج     مكونات كريم نورميلان للتفتيح   يحتوي نورميلان كريم على:  ريتينول (Retinol): يساعد على تحفيز تجديد خلايا البشرة كما يعزز إنتاج الكولاجين لتقليل ظهور التجاعيد والخطوط الدقيقة.  ترانيكساميك أسيد (Tranexamic Acid): يقلل من فرط التصبغ كما يعالج الكلف والبقع الناتجة عن التعرض للشمس، وله خصائص مضادة للالتهابات، مما يقلل من الاحمرار.  بانثينول (Panthenol): يرطب البشرة بعمق ويعزز مرونتها كما يقلل الالتهابات.  أسكوربك أسيد (Ascorbic Acid): مضاد أكسدة قوي يفتح لون البشرة ويقلل من ظهور البقع الداكنة كما يعزز إنتاج الكولاجين، مما يحسن مرونة البشرة ونضارتها.  حجم عبوة normelan face cream   يتوفر كريم نورميلان بحجم 30 مل.  سعر كريم نورميلان للتفتيح   سعره حوالي 375 جنيه مصري Normelan face cream  يوصى باستعمال نورميلان كريم ل   كريم نورميلان مناسب لجميع أنواع البشرة وخاصة من يعانون من البقع والتصبغات فهو يساعد على تفتيح وتوحيد لون البشرة بالإضافة إلى ترطيب الجلد وإكسابه النضارة والنعومة.  طريقة استخدام normelan cream   الأسبوع الأول: ضع كمية صغيرة من الكريم (ضغطة واحدة من العبوة) على البشرة ليلاً، ثم يُترك لمدة ساعة ويُغسل بعد ذلك.  الأسبوع الثاني: يُستخدم بنفس الكمية ولكن يُترك على البشرة طوال الليل ثم يُغسل في الصباح.  يُنصح دائمًا باستخدام واقٍ من الشمس خلال فترة استخدام الكريم، لأن الكريم يحتوي على مواد فعالة قد تزيد من حساسية الجلد لأشعة الشمس.   ما المدة التي يظهر فيها نتيجة كريم التفتيح؟  تختلف النتائج بناءً على عوامل عديدة، منها نوع البشرة، وشدة التصبغات، والالتزام باستخدام المنتج حسب التعليمات.  قد يبدأ التحسن في لون البشرة وتوحيد لونها في الظهور بعد 2 إلى 4 أسابيع من الاستخدام المنتظم، أما البقع الداكنة فقد تحتاج إلى حوالي 8 إلى 12 أسبوع.  ما افضل كريم لتفتيح الوجه من الصيدلية؟  كريم ستارفيل للتفتيح starville whitening cream.  ميلاتكس كريم melatex cream.  أليجون كريم alejon cream.  إيزيس يونيتون 4 وايت أدفانس isis unitone 4 white advance.  نورميلان كريم normelan cream.,raw_specs: المواصفات
950,نيفيا | بودي لوشن الجسم المغذي بزيت اللوز للبشرة الجافة و الجافة جدا | 250مل,nivea body lotion nourishing richy care almond oil dry very dry skin,290,EGP,,,,https://chefaa.com:443/eg-ar/nowProduct/nivea-body-lotion-nourishing-richy-care-almond-oil-dry-very-dry-skin,https://cdn.chefaa.com/filters:format(webp)/public/uploads/products/nivea-body-lotion-nourishing-richy-care-almond-oil-dry-very-dry-skin-01655034084.png,,,
47645,ميلاكاين | كريم 5% | 15 جم,melacaine cream 15gm 1f2p,36.5,EGP,ميلانو فارما,العناية بالبشرة>الترطيب,in stock,https://chefaa.com:443/eg-ar/nowProduct/melacaine-cream-5-15gm-1f2p,https://cdn.chefaa.com/filters:format(webp)/public/uploads/products/melacaine-cream-5-15gm-vfof-01726572170.png,https://cdn.chefaa.com/filters:format(webp)/public/uploads/products/melacaine-cream-5-15gm-vfof-01726572170.png,مميزات المنتج   ميلاكاين | كريم 5% | 15 جم,ماركة: ميلانو فارما
28411,كير أند مور | سوفت كريم مرطب للبشرة الجافة بالجلسرين والفراولة | 75مل,care more soft cream with glycerin deep moisturizing strawbery 75ml si8r,40,EGP,كير & مور,العناية بالبشرة>,in stock,https://chefaa.com:443/eg-ar/nowProduct/care-more-soft-cream-with-glycerin-deep-moisturizing-strawbery-75ml-si8r,https://cdn.chefaa.com/filters:format(webp)/public/uploads/products/care-more-soft-cream-with-glycerin-deep-moisturizing-strawbery-75ml-si8r-01723993436.png,https://cdn.chefaa.com/filters:format(webp)/public/uploads/products/care-more-soft-cream-with-glycerin-deep-moisturizing-strawbery-75ml-si8r-01723993436.png,مميزات المنتج   يوفر ترطيب عميق لبشرة اليدين والجسم والوجه ويحميها من الجفاف والتشققات لفترة طويلة. يعمل على تغذية البشرة. يعمل على حماية البشرة من العوامل البيئية الضارة. يُكسب البشرة مزيد من النعومة والنضارة والحيوية.  مناسب للاستخدام اليومي في كل الفصول. مناسب للوجه والجسم واليدين. مناسب للبشرة الجافة. تم اختباره من قبل أطباء الجلدية. يتميز برائحة الفراولة المميزة. يتميز بحجمه الصغير مما يسهل حمله واستخدامه خلال السفر والتنقلات.   عن هذا المنتج     مكونات سوفت كريم للبشرة الجافة من كير أند مور: الجليسرين: يعمل على ترطيب البشرة وحمايتها من الجفاف والتشققات. خلاصة الصبار: لها خصائص مضادة للالتهابات وتعمل على تهدئة وترطيب البشرة. زيت اللوز: له خصائص مضادة للأكسدة ويعمل على ترطيب البشرة ومدها بفيتامينات أ و هـ. فيتامين هـ: له خصائص مضادة للأكسدة ويساعد فى الحفاظ على رطوبة الجلد وتحفيز تجدد خلايا البشرة. الفراولة. حجم Care & More Soft Cream with Glycerin and Strawberry: يتوفر بحجم 75 مل. يوصي به: الكريم مناسب للبشرة الجافة حيث يعمل على ترطيب البشرة بعمق وحمايتها من الجفاف والتشققات والعوامل البيئية الضارة.,ماركة: كير & مور
32238,سترالين | كريم ترطيب | 200مل,straline emollient cream 200ml vzno,326,EGP,No Brand,العناية بالبشرة>الترطيب,in stock,https://chefaa.com:443/eg-ar/nowProduct/straline-emollient-cream-200ml-vzno,https://cdn.chefaa.com/filters:format(webp)/public/uploads/products/straline-emollient-cream-200ml-sui8-01696935544.png,https://cdn.chefaa.com/filters:format(webp)/public/uploads/products/straline-emollient-cream-200ml-sui8-01696935544.png,مميزات المنتج   سترالين | كريم ترطيب | 200مل,raw_specs: المواصفات
55554,هيبانثين بلس | لوشن مهدئ ومرطب للبشرة | 120مل,hipanthen plus soothing emollient skin lotion ml9P4C,55,EGP,No Brand,العناية بالبشرة>,in stock,https://chefaa.com:443/eg-ar/nowProduct/hipanthen-plus-soothing-emollient-skin-lotion-120-ml9P4C,https://cdn.chefaa.com/filters:format(webp)/public/uploads/products/hipanthen-plus-soothing-emollient-skin-lotion-120-ml9p4c-01734960417.png,https://cdn.chefaa.com/filters:format(webp)/public/uploads/products/hipanthen-plus-soothing-emollient-skin-lotion-120-ml9p4c-01734960417.png,مميزات المنتج   هيبانثين بلس | لوشن مهدئ ومرطب للبشرة | 120مل,raw_specs: المواصفات
4646,كريم لاروش بوزيه للعين بيجمنتكلار للهالات السوداء ولتجاعيد العين | 15 مل,roche posay pigmentclar dark circle skin corrector 15ml,1120,EGP,لاروش بوزيه,العناية بالبشرة>العناية بالعيون,in stock,https://chefaa.com:443/eg-ar/nowProduct/la-roche-posay-pigmentclar-dark-circle-skin-corrector-15ml,https://cdn.chefaa.com/filters:format(webp)/public/uploads/products/1608640049-0000s-0019-3337872414152png,https://cdn.chefaa.com/filters:format(webp)/public/uploads/products/1608640049-0000s-0019-3337872414152png,مميزات المنتج   يتميز كريم لاروش للعين بيجمنتكلار La Roche Posay Pigmentclar Dark Circle Skin Corrector بما يلى : يعمل لاروش بوزيه للهالات على تقليل الهالات السوداء وخاصة ذات اللون الأزرق والبني. يعمل على تقليل الانتفاخات والاحتقان حول العين والتخلص منها بشكل نهائي. يحتوي على أصباغ عاكسة للضوء تعمل على إضافة مستوي عالي من الانتعاش والنضارة في المنطقة حول العين. يعمل على تفتيح المنطقة حول العين وتوحيد لون المنطقة تحت العين. يعمل على ترطيب المنطقة حول العين. يعمل على تعزيز نضارة وإشراق البشرة. خالي من البارابين والمواد العطرية والكيميائية الضارة. يتميز بتركيبته الخفيفة سريعة الامتصاص. لا يترك أي أثر دهني مزعج على البشرة. ينصح به من أطباء الجلدية والعيون. يمكن استخدامه لجميع أنواع البشرة والبشرة الحساسة.   عن هذا المنتج     مكونات كريم لاروش للعين بيجمنتكلار للهالات السوداء يحتوى كريم تحت العين من لاروش بوزيه على:     حمض الفيروليك: له خصائص مضادة للأكسدة ويعمل على تعزيز نضارة وحيوية البشرة.   كافيين: له خصائص مضادة للالتهابات ويعمل على تقليل الهالات السوداء والانتفاخات تحت العين عن طريق تعزيز الدورة الدموية.   مياه الينابيع الحرارية من لاروش بوزيه.   دايميثكون: يعمل على تهدئة وتلطيف الجلد لفترة طويلة مما يجعله أكثر صحة وحيوية.   ميكا: يعتبر أحد أنواع المعادن والأصباغ العاكسة للضوء والتي تعمل على إكساب البشرة بريق لامع.   زبدة الشيا: تعمل على توفير ترطيب عميق للجلد وحمايته من الجفاف.     فوائد كريم لاروش بيجمنتكلار للعين كريم العين بيجمنتكلار من لاروش  يعمل على تقليل الهالات السوداء والانتفاخ حول العين وتقليل التجاعيد  يوصي باستعمال لاروش بوزيه بيجمنتكلار للعين  لـ:   كريم عين لاروش بوزيه مناسب لجميع أنواع البشرة حتى البشرة الحساسة ويعمل على تقليل الانتفاخ حول منطقة العين وتفتيح الهالات للحصول على بشرة نضرة وحيوية. حجم La Roche Posay Pigmentclar Dark Circle Skin Corrector يتوافر لاروش كريم العين بحجم 15 مل. ما هو سعر كريم العين من لاروش بوزيه  ؟ يبلغ سعر كريم لاروش للهالات السوداء حوالى 799 جنيه.   ما هى طريقة استعمال كريم لاروش بوزيه تحت العين ؟ لاروش بوزيه كريم علاج الهالات السوداء بيجمنتكلار 15 مل مناسب لمنطقة العين الحساسة ويُستخدم كالتالى: الخطوة 1: ضع كمية بحجم حبة البازلاء من لاروش كريم تحت العين على أداة توزيع المكياج واستخدمها لوضع الكريم فوق العين وتحتها.  الخطوة 2: قم بالتدليك من داخل منطقة العين إلى الخارج.  الخطوة 3: استخدم أصابعك للتربيت على منطقة العين حتى يتم امتصاص كريم pigmentclar للهالات السوداء بالكامل.,ماركة: لاروش بوزيه
21112,ميلاتكس | كريم لتفتيح البقع الداكنة وتوحيد لون البشرة | 50مل,melatex lightening cream 50ml 4igr,307,EGP,ميلاتيكس,العناية بالبشرة>الوقاية من الشمس,in stock,https://chefaa.com:443/eg-ar/nowProduct/melatex-lightening-cream-50ml-4igr,https://cdn.chefaa.com/filters:format(webp)/public/uploads/products/melatex-lightening-cream-50ml-4igr-01749975902.png,https://cdn.chefaa.com/filters:format(webp)/public/uploads/products/melatex-lightening-cream-50ml-4igr-01749975902.png,مميزات المنتج   يعمل على تفتيح التصبغات والبقع الداكنة وآثار الحبوب والاسمرار الناتج عن التعرض لأشعة الشمس وكلف الحمل والنمش والبقع المصاحبة للشيخوخة واسمرار المناطق الحساسة. يعمل على توحيد لون البشرة. يُكسب البشرة مزيد من النضارة والحيوية. مناسب لجميع أنواع البشرة حتى البشرة الحساسة. مناسب للوجه والجسم والأماكن الحساسة. لا يسبب انسداد المسام.  لا يسبب ظهور الحبوب أو حساسية البشرة. يتميز بتركيبته الخفيفة سريعة الامتصاص التي لا تترك أثر مزعج على البشرة.   عن هذا المنتج     مكونات ميلاتكس كريم لتفتيح البشرة: النياسين (بفيتامين ب3 ) : يعمل على تحسين الحاجز الواقي للبشرة، كما يعمل على تلطيف وتهدئة البشرة وتفتيح البقع الداكنة. الأربوتين: يعمل على تقليل إنتاج صبغة الميلانين مما يساعد على تقليل التصبغات والبقع وتوحيد لون البشرة. خلاصة العرق السوس: يعمل على تقليل إنتاج صبغة الميلانين مما يقلل من ظهور التصبغات والبقع الداكنة. فيتامين سي: له خصائص مضادة للأكسدة كما يعمل على تعزيز إنتاج الكولاجين وتقليل إنتاج الميلانين وتعزيز نضارة البشرة. حمض اللاكتيك: يعمل على تقشير البشرة. حجم Hayah Melatex Lightening Cream:  يتوفر بحجم 50 مل. يوصي به: ميلاتكس كريم مناسب لجميع للبشرة التي تعاني من البقع الداكنة وآثار الحبوب والاسمرار الناتج عن التعرض لأشعة الشمس وكلف الحمل والنمش والبقع المصاحبة للشيخوخة ويمكن استعماله للوجه والجسم والأماكن الحساسة حيث يعمل على توحيد لون البشرة والتخلص من البقع الداكنة والحصول على بشرة نضرة ومشرقة.,ماركة: ميلاتيكس
52305,لوريال باريس | سيروم للوجه برايت اند انتي دارك سبوت من جليكوليك انستانت جلو | 15مل,loreal glycolic bright instant glowing facial serumv1nq,462,EGP,لوريال باريس,العناية بالبشرة>,in stock,https://chefaa.com:443/eg-ar/nowProduct/loreal-glycolic-bright-instant-glowing-facial-serumv1nq,https://cdn.chefaa.com/filters:format(webp)/public/uploads/products/loreal-glycolic-bright-instant-glowing-facial-serumv1nq-01732618701.png,https://cdn.chefaa.com/filters:format(webp)/public/uploads/products/loreal-glycolic-bright-instant-glowing-facial-serumv1nq-01732618701.png,مميزات المنتج   لوريال باريس | سيروم للوجه برايت اند انتي دارك سبوت من جليكوليك انستانت جلو | 15مل,ماركة: لوريال باريس
55673,لاروش | ميلا ب 3 واقى من اشه الشمس 30 | 40 مل,roche mela spf30 mlA2rc,1330,EGP,No Brand,العناية بالبشرة>,in stock,https://chefaa.com:443/eg-ar/nowProduct/la-roche-mela-b3-spf30-40-mlA2rc,https://cdn.chefaa.com/filters:format(webp)/public/uploads/products/la-roche-mela-b3-spf30-40-mla2rc-01735402879.png,https://cdn.chefaa.com/filters:format(webp)/public/uploads/products/la-roche-mela-b3-spf30-40-mla2rc-01735402879.png,مميزات المنتج   لاروش | ميلا ب 3 واقى من اشه الشمس 30 | 40 مل   عن هذا المنتج     لاروش |  ميلا ب 3 واقى من اشه الشمس 30 | 40 مل,raw_specs: المواصفات
21111,غارنييه فاست برايت سيروم فيتامين سي لتفتيح البقع الداكنة والتصبغات | 30 مل,garnier fast bright vitamin serum 30ml 3c9e,325,EGP,غارنييه,العناية بالبشرة>السيروم,in stock,https://chefaa.com:443/eg-ar/nowProduct/garnier-fast-bright-vitamin-c-serum-30ml-3c9e,https://cdn.chefaa.com/filters:format(webp)/public/uploads/products/garnier-fast-bright-vitamin-c-serum-30ml-3c9e-01722777771.png,https://cdn.chefaa.com/filters:format(webp)/public/uploads/products/garnier-fast-bright-vitamin-c-serum-30ml-3c9e-01722777771.png,مميزات المنتج   غارنييه | سيروم فيتامين سي فاست برايت | 30مل   عن هذا المنتج     مكونات غارنييه فاست برايت سيروم فيتامين سي:     فيتامين سي: له خصائص مضادة للأكسدة ويعمل على تفتيح البقع والتصبغات.   نياسيناميد: يساعد على حماية البشرة من أضرار أشعة الشمس وينظم إفرازات الزيوت ويقلل المسام.   خلاصة الليمون: تعمل على تفتيح البقع الداكنة وجعل البشرة أكثر نضارة وإشراق.   حمض الساليسيليك.     مميزات فاست برايت سيروم فيتامين سي من غارنييه:     يعمل على تفتيح البقع الداكنة والتصبغات.   يعمل على تقليل آثار حب الشباب.   يعمل على توحيد لون البشرة.   يعمل على زيادة نضارة البشرة.   يساعد على منح البشرة إشراقة فورية ويقلل من البقع في 3 أيام فقط.   يحتوي على تركيبة خفيفة غير دهنية سريعة الامتصاص.   تم اختباره من قبل أطباء الجلدية.   مناسب لجميع أنواع البشرة.     حجم Garnier Fast Bright Vitamin C Serum:     يتوفر بحجم 30 مل.     يوصي به:   السيروم مناسب لجميع أنواع البشرة حيث يعمل على تقليل البقع والتصبغات ويجعل البشرة أكثر نضارة وإشراقة.,ماركة: غارنييه
50821,بيونيكس | سيروم تجديد ليلي للبشرة وايت إكسبرت | 30مل,bionnex whitexpert whiten night repair serum mlS9Uh,549,EGP,No Brand,العناية بالبشرة>السيروم,in stock,https://chefaa.com:443/eg-ar/nowProduct/bionnex-whitexpert-whiten-night-repair-serum-30-mlS9Uh,https://cdn.chefaa.com/filters:format(webp)/public/uploads/products/bionnex-whitexpert-whiten-night-repair-serum-30-mls9uh-01734865475.png,https://cdn.chefaa.com/filters:format(webp)/public/uploads/products/bionnex-whitexpert-whiten-night-repair-serum-30-mls9uh-01734865475.png,مميزات المنتج   بيونيكس | سيروم تجديد ليلي للبشرة وايت إكسبرت | 30مل,raw_specs: المواصفات
46110,إيڤا سكين كير | مقشر الشفاه بنكهة التوت البري | 20جم,eva skin care exfoliating lip scrub raspberry flavored 20gm b0do_du7igH5B,75,EGP,إيڤا,العناية بالبشرة>الغسول,in stock,https://chefaa.com:443/eg-ar/nowProduct/eva-skin-care-exfoliating-lip-scrub-raspberry-flavored-20gm-b0do_du7igH5B,https://cdn.chefaa.com/filters:format(webp)/public/uploads/products/eva-skin-care-exfoliating-lip-scrub-raspberry-flavored-20gm-x0i5-01700406646.png,https://cdn.chefaa.com/filters:format(webp)/public/uploads/products/eva-skin-care-exfoliating-lip-scrub-raspberry-flavored-20gm-x0i5-01700406646.png,مميزات المنتج   مقشر الشفاه إيڤا سكين كير، الغني بجزيئات السكر، يزيل الجلد الميت بلطف من الشفاه الجافة أو المتشققة. بتركيبته المميزة التي تحتوي على مزيج ثلاثي مكون من زبدة الكاكاو وزبدة الشيا وزيت جوز الهند بالإضافة إلى ڤيتامين هـ، يقوم هذا المقشر بتوفير ترطيب عالي ليترك الشفاه متجددة وخالية من أي جلد ميت أو متشقق.   عن هذا المنتج     طريقة الاستعمال: الخطوة 1: ضعي المقشر على الشفاه الجافة. الخطوة 2: دلكيه بلطف بحركات دائرية. الخطوة 3: أزيلي المتبقي من المقشر بمنديل. الخطوة 4: رطبي شفتيك بمرطب الشفاه إيڤا سكين كير للحصول على أفضل النتائج. من الممكن استخدامه عند الحاجة.,ماركة: إيڤا
55672,سيروم لاروش بوزيه نياسيناميد ميلا بي 3 | 30 مل,roche mela serum mlYOPs,1980,EGP,No Brand,العناية بالبشرة>,in stock,https://chefaa.com:443/eg-ar/nowProduct/la-roche-mela-b3-serum-30-mlYOPs,https://cdn.chefaa.com/filters:format(webp)/public/uploads/products/la-roche-mela-b3-serum-30-mlyops-01735403013.png,https://cdn.chefaa.com/filters:format(webp)/public/uploads/products/la-roche-mela-b3-serum-30-mlyops-01735403013.png,مميزات المنتج   يتميز سيروم لاروش بوزيه ميلا بي 3 (la roche posay mela b3) بما يلي: منتج متطور يستهدف البقع الداكنة والتصبغات لتحسين مظهر البشرة وتوحيد لونها. يعتمد على تقنية ميلاسيل الحاصلة على براءة اختراع ويحتوي على النياسيناميد.  يساعد على تقليل التصبغات والبقع الداكنة، بما في ذلك تلك الناتجة عن التعرض للشمس، أو التقدم في العمر، أو آثار حب الشباب. يساهم في توحيد لون البشرة وجعلها أكثر إشراقًا ونضارة. يتناسب مع جميع أنواع البشرة، بما في ذلك البشرة الحساسة.  قوامه خفيف يمتص بسرعة دون ترك أثرًا دهنيًا، مما يجعله مناسبًا للاستخدام اليومي. أظهرت الدراسات انخفاضًا ملحوظًا في البقع الداكنة بعد استخدام السيروم بانتظام.   عن هذا المنتج     مكونات سيروم لاروش بوزيه ميلا بي 3 للبقع الداكنة  يحتوي سيروم لاروش ميلا بي 3 على:  ميلاسيل™ (MELASYL™): تقنية جديدة حاصلة على براءة اختراع تعمل على تقليل الميلانين الزائد قبل أن تتشكل البقع الداكنة على سطح الجلد، مما يساعد  على منع التصبغات المستقبلية. ​  النياسيناميد 10% (Niacinamide): يساعد على ترطيب البشرة ، وتقليل الاحمرار وفرط التصبغ، وتهدئة التهابات الجلد.  حجم عبوة la roche posay mela b3   يتوفر سيروم لاروش ميلا بي 3 بحجم 30 مل.  يوصى باستعمال سيروم نياسيناميد لاروش بوزيه ل   سيروم لاروش بوزيه ميلا بي 3 مناسب لجميع أنواع البشرة وخاصة من يعانون من البقع والتصبغات فهو يساعد على تفتيح التصبغات وتوحيد لون البشرة، وإكساب البشرة المزيد من الإشراق والنضارة.  طريقة استخدام سيروم لاروش بوزيه نياسيناميد   نظّفي وجهك جيداً.  جفّفي البشرة بلطف باستخدام منشفة ناعمة.  ضعي 2-3 قطرات من السيروم على وجهك باستخدام أطراف أصابعك.  وزّعي السيروم بلطف على البشرة، خاصة على المناطق التي تعاني من التصبغات أو البقع الداكنة.  استخدمي السيروم مرتين في اليوم صباحًا ومساءً.  سعر سيروم لاروش بوزيه نياسيناميد   يبلغ سعر سيروم لاروش بوزيه ميلا بي 3 حوالي 1832 جنيه مصري (سعر المنتج قد يتغير تبعاً لتحديث سعره في الصيدليات أو حسب العروض المتاحة).  ما فوائد سيروم نياسيناميد لاروش بوزيه؟  يساعد على تفتيح البقع الداكنة والتصبغات.  يقلل إنتاج الميلانين، مما يقلل من البقع الداكنة تدريجيًا.  يعمل على توحيد لون الجلد وجعل البشرة أكثر إشراقًا مع الاستخدام المنتظم.  يحتوي على النياسيناميد الذي يقلل الالتهابات، مما يجعله مناسبًا للبشرة الحساسة والمعرضة للتهيج أو الاحمرار.  يساعد على تعزيز حاجز البشرة الطبيعي.  يقلل آثار حب الشباب وعلامات تقدم سن البشرة.  ما اضرار سيروم لاروش بوزيه ميلا بي 3؟ يعد سيروم لاروش بوزيه من المنتجات الآمنة على البشرة بما في ذلك البشرة الحساسة؛ إذ تم اختباره من قبل أطباء الجلدية، ولكن قد تحدث بعض الآثار الجانبية مثل التهيج أو احمرار البشرة في حالة تحسس البشرة تجاه أحد مكونات السيروم.  متى تظهر نتائج سيروم نياسيناميد ميلا بي 3؟  أظهرت الدراسات أن استخدام سيروم لاروش بوزيه ميلا بي 3 يقلل عدد البقع الداكنة ويفتح لونها بعد أسبوع من الاستخدام المنتظم، وبعد حوالي 8 أسابيع تظهر النتائج الأكثر وضوحًا، فتقل البقع الداكنة بشكل ملحوظ وتصبح البشرة أكثر إشراقًا وتجانسًا.  ما انواع سيروم لاروش بوزيه؟  سيروم فيتامين سي Vitamin c12 serum.  سيروم حمض الهيالورونيك hyalo B5 serum.  سيروم ميلا بي 3 mela B3 serum.  سيروم ريتينول retinol serum.  سيروم حمض الساليسليك salicylic acid serum.  سيروم حمض الجليكوليك glycolic B5 serum.,raw_specs: المواصفات
61953,يوسيرين | غسول جل مضاد للتصبغات وتوحيد لون البشرة | 200مل,eucerin even pigment cleansing gel 200ml p0YH,799,EGP,يوسيرين,العناية بالبشرة>الغسول,in stock,https://chefaa.com:443/eg-ar/nowProduct/eucerin-even-pigment-cleansing-gel-200ml-p0YH,https://cdn.chefaa.com/filters:format(webp)/public/uploads/products/eucerin-even-pigment-cleansing-gel-200ml-p0yh-01755172089.png,https://cdn.chefaa.com/filters:format(webp)/public/uploads/products/eucerin-even-pigment-cleansing-gel-200ml-p0yh-01755172089.png,مميزات المنتج   يوسيرين | غسول جل مضاد للتصبغات وتوحيد لون البشرة | 200مل,ماركة: يوسيرين
21084,غسول لاروش بوزيه للبشرة المختلطة والدهنية الاخضر | 200 مل,roche posay effaclar micro peeling purifying gel cleanser 200ml ophm,709,EGP,لاروش بوزيه,العناية بالبشرة>الغسول,in stock,https://chefaa.com:443/eg-ar/nowProduct/la-roche-posay-effaclar-micro-peeling-purifying-gel-cleanser-200ml-ophm,https://cdn.chefaa.com/filters:format(webp)/public/uploads/products/la-roche-posay-effaclar-micro-peeling-purifying-gel-cleanser-200ml-8v6l-01655992517.png,https://cdn.chefaa.com/filters:format(webp)/public/uploads/products/la-roche-posay-effaclar-micro-peeling-purifying-gel-cleanser-200ml-8v6l-01655992517.png,"مميزات المنتج   غسول لاروش للبشرة المختلطة والدهنية الاخضر يتميز بما يلى : يزيل خلايا الجلد الميتة من خلال توفير تقشير دقيق للبشرة والجسم. يعمل على تنقية المسام وتنظيف البشرة بفعالية. يعمل على إزالة الدهون الزائدة والشوائب المتراكمة على البشرة. يقلل من لمعان البشرة.   عن هذا المنتج     مكونات غسول لاروش بوزيه الاخضر     حمض ليبو هيدروكسي (LHA): يعمل على تنقية المسام وتوفير تقشير دقيق للبشرة.   الزنك: يساعد على تقليل والتحكم في الإفرازات الدهنية وتوفير تنظيف وتنقية عميقة للبشرة.     فوائد غسول لاروش للبشرة المختلطة والدهنية   يعمل على تنقية المسام وتنظيف البشرة بفعالية. يقضي على الحبوب ويقلل ظهورها مرة أخرى.   يعمل على إزالة وتقليل ظهور الرؤوس السوداء.   يعمل على تنظيف وتقشير البشرة دون التسبب في الإصابة بحساسية أو التهابات.   تم اختباره من قبل أطباء الجلدية.     سعر غسول لاروش بوزيه للبشرة المختلطة سعر غسول لاروش للبشرة المختلطة في الصيدليات حوالى 649 جنيه مصرى. "" قد يتغير سعر غسول لاروش الاخضر من وقت لاخر تبعاً لتغيره فى الصيدليات ""   حجم غسول لاروش الاخضر للبشرة الدهنية      يتوافر la roche-posay micro peeling gel بحجم  200 مل . يوصي باستعمال غسول la roche posay   غسول لاروش ايفاكلار المقشر مناسب لأصحاب البشرة الدهنية المعرضة لحب الشباب حيث يعمل على تقليل الافرازات الدهنية وتنقية وتقشير البشرة مما يقلل من ظهور الحبوب ولمعان البشرة. ما أفضل غسول للبشرة المختلطة وحب الشباب  ؟ غسول لاروش بوزيه ايفاكلار الأزرق والأخضر فيشى نورماديرم غسول ستارفيل غسول بخلاصة الشاى سيرافى غسول للبشرة  العادية إلى الدهنية",ماركة: لاروش بوزيه
33519,يوسيرين | سيروم ثلاثي المفعول تفتيح وتوحيد البشرة | 40مل,eucerin dermo purifyer oil control serum 40ml uvwh_duaxbXWz,841,EGP,يوسيرين,العناية بالبشرة>السيروم,in stock,https://chefaa.com:443/eg-ar/nowProduct/eucerin-dermo-purifyer-oil-control-serum-40ml-uvwh_duaxbXWz,https://cdn.chefaa.com/filters:format(webp)/public/uploads/products/eucerin-dermo-purifyer-oil-control-serum-40ml-uvwh-duaxbxwz-01750683871.png,https://cdn.chefaa.com/filters:format(webp)/public/uploads/products/eucerin-dermo-purifyer-oil-control-serum-40ml-uvwh-duaxbxwz-01750683871.png,مميزات المنتج   يوسيرين | سيروم ثلاثي المفعول تفتيح وتوحيد البشرة | 40مل,ماركة: يوسيرين
32175,يوسيرين | الحماية من الشمس والتحكم في التصبغ بعامل حماية من الشمس+50 | 50مل,eucerin sun protection pigment control spf50 50ml ysdh,989,EGP,يوسيرين,العناية بالبشرة>الوقاية من الشمس,in stock,https://chefaa.com:443/eg-ar/nowProduct/eucerin-sun-protection-pigment-control-spf50-50ml-ysdh,https://cdn.chefaa.com/filters:format(webp)/public/uploads/products/eucerin-sun-protection-pigment-control-spf50-50ml-ddb5-01696366134.png,https://cdn.chefaa.com/filters:format(webp)/public/uploads/products/eucerin-sun-protection-pigment-control-spf50-50ml-ddb5-01696366134.png,مميزات المنتج   يوسيرين | الحماية من الشمس والتحكم في التصبغ بعامل حماية من الشمس+50 | 50مل,ماركة: يوسيرين
45496,ذا اورديناري | ايه اتش ايه وبي اتش ايه حل التقشير | 30مل,the ordinary aha bha peeling solution 30ml zu4d_duyG2IZY,600,EGP,ذا اورديناري,العناية بالبشرة>السيروم,in stock,https://chefaa.com:443/eg-ar/nowProduct/the-ordinary-aha-30-bha-2-peeling-solution-30ml-zu4d_duyG2IZY,https://cdn.chefaa.com/filters:format(webp)/public/uploads/products/the-ordinary-aha-30-bha-2-peeling-solution-30ml-zu4d-01710414413.png,https://cdn.chefaa.com/filters:format(webp)/public/uploads/products/the-ordinary-aha-30-bha-2-peeling-solution-30ml-zu4d-01710414413.png,مميزات المنتج   ذا اورديناري | ايه اتش ايه وبي اتش ايه حل التقشير | 30مل,ماركة: ذا اورديناري
45619,تيترا جلو | غسول مبيض للوجه | 200مل,tetra glow whitening facial cleanser 200ml rpz5_dugO2PAL,220,EGP,No Brand,العناية بالبشرة>الغسول,in stock,https://chefaa.com:443/eg-ar/nowProduct/tetra-glow-whitening-facial-cleanser-200ml-rpz5_dugO2PAL,https://cdn.chefaa.com/filters:format(webp)/public/uploads/products/tetra-glow-whitening-facial-cleanser-200ml-5p96-01724766876.png,https://cdn.chefaa.com/filters:format(webp)/public/uploads/products/tetra-glow-whitening-facial-cleanser-200ml-5p96-01724766876.png,مميزات المنتج   تيترا جلو | غسول مبيض للوجه | 200مل,raw_specs: المواصفات
23369,صابونة تراي تكت الخضراء للوقاية من الميكروبات | 100 جم,tri tect antiseptic soap 100gm 7wjy,60,EGP,ماكرو للأدوية,العناية بالبشرة>,in stock,https://chefaa.com:443/eg-ar/nowProduct/tri-tect-antiseptic-soap-100gm-7wjy,https://cdn.chefaa.com/filters:format(webp)/public/uploads/products/tri-tect-antiseptic-soap-100gm-hyze-01664195721.png,https://cdn.chefaa.com/filters:format(webp)/public/uploads/products/tri-tect-antiseptic-soap-100gm-hyze-01664195721.png,مميزات المنتج   تتميز صابونة تراي تكت الخضراء بما يلي: تساعد على تنظيف البشرة والقضاء على البكتيريا والجراثيم. لها دور في التخلص من الفطريات. تساعد على التخلص من روائح الجسم الكريهة. ترطب الجسم وتعطي إحساساً بالنعومة والانتعاش. سعر صابونة تراي تكت مناسب مقارنة بفوائدها للبشرة.   عن هذا المنتج     مكونات صابونة تراي تكت الخضراء  يحتوي صابون tri tect الأخضر مطهر على: زيت شجرة الشاي: اه خصائص مضادة للبكتيريا ويساعد على تنقية البشرة. زيت النعناع: يطهر البشرة ويحميها من البكتيريا والجراثيم. زيت الزيتون: يرطب وينعم البشرة. حمض البوريك: يساعد على علاج حب الشباب. حمض الساليسيليك: يعالج الحبوب ويقشر خلايا الجلد الميت. الجلسرين: يرطب البشرة ويزيد من نعومتها. زيت الليمون: يساعد على تطهير البشرة وقتل البكتيريا. حجم صابونة tri tect  تتوفر صابونة تراي تكت الخضراء بحجم 100 جم. يوصى باستعمال تراي تكت صابونة مطهرة ل:  صابونة تراي تكت مناسبة لمن يعانون من الحبوب إذ تساعد على تنقية وتنظيف الجلد من البكتيريا والجراثيم والفطريات، بالإضافة إلى إكساب الجلد المرونة والنعومة. ما هي طريقة استخدام صابونة تراي تكت؟  تستخدم الصابونة على بشرة مبللة 2-3 مرت يومياً. ما هى أنواع صابون تراي تكت؟ صابونه تراي تكت الاورنج لحب الشباب. صابونه تراي تكت بيبي للاطفال.  صابون tri tect الأخضر مطهر.,ماركة: ماكرو للأدوية
56909,بوبانا | غسول الوجه بالريتينول | 50مل,bobana retinol face wash g4ti_duwVzyUd,30,EGP,بوبانا,العناية بالبشرة>,in stock,https://chefaa.com:443/eg-ar/nowProduct/bobana-retinol-face-wash-50-ml-g4ti_duwVzyUd,https://cdn.chefaa.com/filters:format(webp)/public/uploads/products/bobana-retinol-face-wash-50-ml-g4ti-01727863978.png,https://cdn.chefaa.com/filters:format(webp)/public/uploads/products/bobana-retinol-face-wash-50-ml-g4ti-01727863978.png,مميزات المنتج   بوبانا | غسول الوجه بالريتينول | 50مل,ماركة: بوبانا
7527,سيرافي | كريم مرطب ومغذي للوجه والجسم للبشرة الجافة وشديدة الجفاف | 340جم,cerave moisturizing cream for dry skin 340g jvqf,850,EGP,سيرافي,العناية بالبشرة>الترطيب,in stock,https://chefaa.com:443/eg-ar/nowProduct/cerave-moisturizing-cream-for-dry-skin-340g-jvqf,https://cdn.chefaa.com/filters:format(webp)/public/uploads/products/cerave-moisturizing-cream-for-dry-skin-340g-jvqf-01723385936.png,https://cdn.chefaa.com/filters:format(webp)/public/uploads/products/cerave-moisturizing-cream-for-dry-skin-340g-jvqf-01723385936.png,مميزات المنتج   سيرافي | كريم مرطب ومغذي للوجه والجسم للبشرة الجافة وشديدة الجفاف | 340جم   عن هذا المنتج     مكونات كريم سيرافي المرطب للبشرة الجافة:     سيراميد: يعمل على ترطيب البشرة وحماية الحاجز الطبيعي لرطوبة الجلد.   حمض الهيالورونيك: يعمل على الحفاظ على ترطيب البشرة وجعلها أكثر نعومة.     مميزات سيرافي كريم للوجه والجسم:     يوفر ترطيب عميق للبشرة يستمر لـ24 ساعة.   مناسب للجسم وبشرة الوجه الحساسة والجافة وشديدة الجفاف والمعرضة للاكزيما.   يعمل على تقوية الحاجز الواقي للبشرة ويحميها من العوامل البيئية الضارة.   يعمل على تغذية البشرة.   يتميز بتقنية (MVE) التي تعمل على ترطيب البشرة على مدار ال24 ساعة.   يساعد على تعزيز نعومة ونضارة البشرة.   لا يسبب انسداد المسام.   لا يسبب حساسية البشرة.   خالي من البارابين والعطور والزيوت.   يتميز بتركيبته الخفيفة سريعة الامتصاص التي لا تترك أي أثر دهني أو مزعج على البشرة.   تم تطويره مع أطباء الجلدية.   تم الموافقة عليه من قبل جمعية الإكزيما الوطنية.     حجم CeraVe Moisturizing Cream For Dry to Very Dry Skin:     يتوفر بحجم 340 جم.     يوصي به:   الكريم مناسب للبشرة الجافة وشديدة الجفاف حيث يعمل على تغذية وترطيب البشرة وحمايتها من الجفاف لفترة تصل إلى 24 ساعة.,ماركة: سيرافي
29491,انيفاجين | سيروم رموش العين | 10مل,anivagene eye lashes serum 10ml zwig,749,EGP,أنيفاجين,العناية بالبشرة>,in stock,https://chefaa.com:443/eg-ar/nowProduct/anivagene-eye-lashes-serum-10ml-zwig,https://cdn.chefaa.com/filters:format(webp)/public/uploads/products/anivagene-eye-lashes-serum-10ml-sy69-01683383191.png,https://cdn.chefaa.com/filters:format(webp)/public/uploads/products/anivagene-eye-lashes-serum-10ml-sy69-01683383191.png,مميزات المنتج   انيفاجين | سيروم رموش العين | 10مل,ماركة: أنيفاجين
49436,فاكيشن | واقي الشمس بيور تاتش هيدرو جل | 60مل,vacation sunscreen pure touch hydro gel 60ml hdeg,295,EGP,No Brand,العناية بالبشرة>الوقاية من الشمس,in stock,https://chefaa.com:443/eg-ar/nowProduct/vacation-sunscreen-pure-touch-hydro-gel-60ml-hdeg,https://cdn.chefaa.com/filters:format(webp)/public/uploads/products/vacation-sunscreen-pure-touch-hydro-gel-60ml-msfn-01729755638.png,https://cdn.chefaa.com/filters:format(webp)/public/uploads/products/vacation-sunscreen-pure-touch-hydro-gel-60ml-msfn-01729755638.png,مميزات المنتج   فاكيشن | واقي الشمس بيور تاتش هيدرو جل | 60مل,raw_specs: المواصفات
62400,دراكون | مزيل عرق رول مبيض باشن بيك + جل واقي من الشمس دراي تاتش | 50مل + 60جم,drakon sunscreen gel creamdrakon roll passion OBTX,299,EGP,دراكون,العناية بالبشرة>,in stock,https://chefaa.com:443/eg-ar/nowProduct/drakon-sunscreen-gel-creamdrakon-roll-on-passion-OBTX,https://cdn.chefaa.com/filters:format(webp)/public/uploads/products/drakon-sunscreen-gel-creamdrakon-roll-on-passion-obtx-01755700669.png,https://cdn.chefaa.com/filters:format(webp)/public/uploads/products/drakon-sunscreen-gel-creamdrakon-roll-on-passion-obtx-01755700669.png,مميزات المنتج   دراكون | مزيل عرق رول مبيض باشن بيك + جل واقي من الشمس دراي تاتش | 50مل + 60جم,ماركة: دراكون
46353,بيزلين | غسول 5 في 1 لإنارة فورية | 150مل,beesline instant bright cleanser 150ml rllq_duJcq29q,449,EGP,بيزلين,العناية بالبشرة>الغسول,in stock,https://chefaa.com:443/eg-ar/nowProduct/beesline-instant-bright-5-in-1-cleanser-150ml-rllq_duJcq29q,https://cdn.chefaa.com/filters:format(webp)/public/uploads/products/beesline-instant-bright-5-in-1-cleanser-150ml-x40l-01700503657.png,https://cdn.chefaa.com/filters:format(webp)/public/uploads/products/beesline-instant-bright-5-in-1-cleanser-150ml-x40l-01700503657.png,مميزات المنتج   غسول لطيف يقدم 5 فعاليات في منتج واحد: ينظف، يقشر، يمتص فائض الإفرازات الدهنية، يمنح إشراقة فورية ويوحد لون البشرة على المدى الطويل.,ماركة: بيزلين
61688,شان | مزيل مكياج مرطب | 200مل,shaan make remover 200ml BU5Y,220,EGP,شان,العناية بالبشرة>الغسول,in stock,https://chefaa.com:443/eg-ar/nowProduct/shaan-make-up-remover-200ml-BU5Y,https://cdn.chefaa.com/filters:format(webp)/public/uploads/products/shaan-make-up-remover-200ml-bu5y-01752485343.png,https://cdn.chefaa.com/filters:format(webp)/public/uploads/products/shaan-make-up-remover-200ml-bu5y-01752485343.png,مميزات المنتج   شان | مزيل مكياج مرطب | 200مل,ماركة: شان
2531,نيفيا | سوفت كريم بالفاكهة الاستوائية | 100مل,nivea soft tropical fruit cream,65,EGP,نيفيا,العناية بالبشرة>الترطيب,in stock,https://chefaa.com:443/eg-ar/nowProduct/nivea-soft-tropical-fruit-cream-100-ml,https://cdn.chefaa.com/filters:format(webp)/public/uploads/products/nivea-soft-tropical-fruit-cream-100-ml-01655039784.png,https://cdn.chefaa.com/filters:format(webp)/public/uploads/products/nivea-soft-tropical-fruit-cream-100-ml-01655039784.png,مميزات المنتج   نيفيا | سوفت كريم بالفاكهة الاستوائية | 100مل   عن هذا المنتج     كريم ترطيب مكثف وفعال للغاية.   يمتص البشرة وينعشها بسرعة.   يترك بشرتك ناعمة ونضرة.   رائحة مشرقة وحيوية من التوت الطازج.   استمتعي بكريم الترطيب الرقيق برائحة الفاكهة الاستوائية المبهجة.   للوجه والجسم واليدين.,ماركة: نيفيا
32312,لاروش بوزيه | لوشن ليبيكار بوم بي ايه+ ام لتقليل الحكة وترطيب البشرة | 75مل,roche posay lipikar baume apm 75ml ep7q,699,EGP,لاروش بوزيه,العناية بالبشرة>,in stock,https://chefaa.com:443/eg-ar/nowProduct/la-roche-posay-lipikar-baume-apm-75ml-ep7q,https://cdn.chefaa.com/filters:format(webp)/public/uploads/products/la-roche-posay-lipikar-baume-apm-75ml-er9l-01697061718.png,https://cdn.chefaa.com/filters:format(webp)/public/uploads/products/la-roche-posay-lipikar-baume-apm-75ml-er9l-01697061718.png,مميزات المنتج   لاروش بوزيه | لوشن ليبيكار بوم بي ايه+ ام لتقليل الحكة وترطيب البشرة | 75مل,ماركة: لاروش بوزيه
44870,ماش بريمير | ديرما وايت كريم تفتيح لجميع انواع البشرة | 30جم,mash premiere derma white all skin types whitening cream 30gm nicv_duJdqaNx,90,EGP,ماش بريمير,العناية بالبشرة>الترطيب,in stock,https://chefaa.com:443/eg-ar/nowProduct/mash-premiere-derma-white-all-skin-types-whitening-cream-30gm-nicv_duJdqaNx,https://cdn.chefaa.com/filters:format(webp)/public/uploads/products/mash-premiere-derma-white-all-skin-types-whitening-cream-30gm-gkzp-01709212393.png,https://cdn.chefaa.com/filters:format(webp)/public/uploads/products/mash-premiere-derma-white-all-skin-types-whitening-cream-30gm-gkzp-01709212393.png,عن هذا المنتج     يعمل كريم تبييض البشرة من ماش بريميير على تفتيح اللون غير المتساوي ويوفر ترطيبًا كاملًا يعزز الإشراق الطبيعي للبشرة.  يمتص بسهولة في البشرة مع ملمس غير دهني. تبقى البشرة ناعمة ونضرة.,ماركة: ماش بريمير
47757,اليجون | غسول للبشرة الجافة والعادية | 150مل,alejon dry skin cleanser for normal dry skin 150ml gnxd,225,EGP,أليجون,العناية بالبشرة>الترطيب,in stock,https://chefaa.com:443/eg-ar/nowProduct/alejon-dry-skin-cleanser-for-normal-to-dry-skin-150ml-gnxd,https://cdn.chefaa.com/filters:format(webp)/public/uploads/products/alejon-dry-skin-cleanser-for-normal-to-dry-skin-150ml-0ctd-01726745566.png,https://cdn.chefaa.com/filters:format(webp)/public/uploads/products/alejon-dry-skin-cleanser-for-normal-to-dry-skin-150ml-0ctd-01726745566.png,مميزات المنتج   اليجون | غسول للبشرة الجافة والعادية | 150مل,ماركة: أليجون
55839,ميلاتكس | حليب تفتيح الجسم | 200مل,melatex lightening body milk 200mlzQP5,317,EGP,No Brand,العناية بالبشرة>,in stock,https://chefaa.com:443/eg-ar/nowProduct/melatex-lightening-body-milk-200mlzQP5,https://cdn.chefaa.com/filters:format(webp)/public/uploads/products/melatex-lightening-body-milk-200mlzqp5-01749976078.png,https://cdn.chefaa.com/filters:format(webp)/public/uploads/products/melatex-lightening-body-milk-200mlzqp5-01749976078.png,مميزات المنتج   ميلاتكس | حليب تفتيح الجسم | 200 مل   عن هذا المنتج     ميلاتكس | حليب تفتيح الجسم | 200 مل,raw_specs: المواصفات
6055,إيڤا سكين كير | ايفازلين لوشن جسم للترطيب الفعال | 240مل,evasline body lotion 240g l2ce,120,EGP,إيڤا,العناية بالبشرة>,in stock,https://chefaa.com:443/eg-ar/nowProduct/evasline-body-lotion-240g-l2ce,https://cdn.chefaa.com/filters:format(webp)/public/uploads/products/1619872923evasiline-body-lotion-240gm-chefaajpg,https://cdn.chefaa.com/filters:format(webp)/public/uploads/products/1619872923evasiline-body-lotion-240gm-chefaajpg,مميزات المنتج   تركيبة تعمل على جذب الماء والاحتفاظ به داخل خلايا البشرة ويمنحك أحساس بالترطيب ونعومة الحرير.,ماركة: إيڤا
27544,اكنى ستوب | كريم | 30 جرام,acnestop cream for acne prone skin vwxn,68,EGP,No Brand,العناية بالبشرة>,in stock,https://chefaa.com:443/eg-ar/nowProduct/acnestop-cream-for-acne-prone-skin-30-gm-vwxn,https://cdn.chefaa.com/filters:format(webp)/public/uploads/products/acnestop-cream-for-acne-prone-skin-30-gm-h1t9-01672659102.png,https://cdn.chefaa.com/filters:format(webp)/public/uploads/products/acnestop-cream-for-acne-prone-skin-30-gm-h1t9-01672659102.png,مميزات المنتج   اكنى ستوب | كريم | 30 جرام   عن هذا المنتج     اكنى ستوب  | كريم | 30 جرام,raw_specs: المواصفات
32354,لوريال باريس | كريم ليلي جليكوليك اسيد برايت | 50مل,loreal paris glycolic acid bright night cream 50ml jxpl,564,EGP,لوريال باريس,العناية بالبشرة>الترطيب,in stock,https://chefaa.com:443/eg-ar/nowProduct/loreal-paris-glycolic-acid-bright-night-cream-50ml-jxpl,https://cdn.chefaa.com/filters:format(webp)/public/uploads/products/loreal-paris-glycolic-acid-bright-night-cream-50ml-wdnx-01697210726.png,https://cdn.chefaa.com/filters:format(webp)/public/uploads/products/loreal-paris-glycolic-acid-bright-night-cream-50ml-wdnx-01697210726.png,مميزات المنتج   لوريال باريس | كريم ليلي جليكوليك اسيد برايت | 50مل,ماركة: لوريال باريس
49338,نيتروجينا | كريم مضاد للشيخوخة بالريتينول النهاري | 50مل,neutrogena retinol boost night cream 29ml d7ru_duuTHK37,715,EGP,نيتروجينا,العناية بالبشرة>الترطيب,in stock,https://chefaa.com:443/eg-ar/nowProduct/neutrogena-retinol-boost-night-cream-29ml-d7ru_duuTHK37,https://cdn.chefaa.com/filters:format(webp)/public/uploads/products/neutrogena-retinol-boost-night-cream-29ml-d7ru-duuthk37-01729606832.png,https://cdn.chefaa.com/filters:format(webp)/public/uploads/products/neutrogena-retinol-boost-night-cream-29ml-d7ru-duuthk37-01729606832.png,مميزات المنتج   نيتروجينا | كريم مضاد للشيخوخة بالريتينول النهاري | 50مل,ماركة: نيتروجينا
55043,ديرماكتف | اكتى جلو سيروم مضاد للشيخوخة لتعزيز الإشراق | 30مل,dermactive actiglow radiance booster serum 30mlJ3o7,299,EGP,ديرما اكتيف,العناية بالبشرة>,in stock,https://chefaa.com:443/eg-ar/nowProduct/dermactive-actiglow-radiance-booster-serum-30mlJ3o7,https://cdn.chefaa.com/filters:format(webp)/public/uploads/products/dermactive-actiglow-radiance-booster-serum-30mlj3o7-01733095607.png,https://cdn.chefaa.com/filters:format(webp)/public/uploads/products/dermactive-actiglow-radiance-booster-serum-30mlj3o7-01733095607.png,مميزات المنتج   ديرماكتف | اكتى جلو سيروم مضاد للشيخوخة لتعزيز الإشراق | 30مل,ماركة: ديرما اكتيف
45606,اليجون | اويلى سكين اكنى كريم | 50جم,alejon oily skin cream 50gm kcqx_du9OzenF,180,EGP,أليجون,العناية بالبشرة>,in stock,https://chefaa.com:443/eg-ar/nowProduct/alejon-oily-skin-cream-50gm-kcqx_du9OzenF,https://cdn.chefaa.com/filters:format(webp)/public/uploads/products/alejon-oily-skin-cream-50gm-bbl3-01724770087.png,https://cdn.chefaa.com/filters:format(webp)/public/uploads/products/alejon-oily-skin-cream-50gm-bbl3-01724770087.png,مميزات المنتج   اليجون | اويلى سكين اكنى كريم | 50جم,ماركة: أليجون
49454,مود | كريم مرطب لليدين من سانتوريني | 50 جرام,mood hand cream 50ml santorini 6t0b,50,EGP,No Brand,العناية بالبشرة>,in stock,https://chefaa.com:443/eg-ar/nowProduct/mood-hand-cream-50ml-santorini-6t0b,https://cdn.chefaa.com/filters:format(webp)/public/uploads/products/mood-hand-cream-50ml-santorini-n2xt-01729764470.png,https://cdn.chefaa.com/filters:format(webp)/public/uploads/products/mood-hand-cream-50ml-santorini-n2xt-01729764470.png,مميزات المنتج   مود | كريم مرطب لليدين من سانتوريني | 50 جرام   عن هذا المنتج     مود | كريم مرطب لليدين من سانتوريني | 50 جرام,raw_specs: المواصفات
52866,نيفيا | كريم | 30 مل,nivea cream offer 306Tba,40,EGP,No Brand,العناية بالبشرة>,in stock,https://chefaa.com:443/eg-ar/nowProduct/nivea-cream-30-ml-offer-306Tba,https://cdn.chefaa.com/filters:format(webp)/public/uploads/products/nivea-cream-30-ml-offer-306tba-01735146015.png,https://cdn.chefaa.com/filters:format(webp)/public/uploads/products/nivea-cream-30-ml-offer-306tba-01735146015.png,مميزات المنتج   نيفيا | كريم | 30 مل   عن هذا المنتج     نيفيا | كريم | 30 مل,raw_specs: المواصفات
30600,سترالاين | كريم مرطب للأيدي | 75مل,straline hand cream with omega 75ml uobm,264,EGP,حياه,العناية بالبشرة>الترطيب,in stock,https://chefaa.com:443/eg-ar/nowProduct/straline-hand-cream-with-omega-75ml-uobm,https://cdn.chefaa.com/filters:format(webp)/public/uploads/products/straline-hand-cream-with-omega-75ml-uwgu-01686677177.png,https://cdn.chefaa.com/filters:format(webp)/public/uploads/products/straline-hand-cream-with-omega-75ml-uwgu-01686677177.png,مميزات المنتج   سترالاين | كريم مرطب للأيدي | 75مل,ماركة: حياه
728,فيشي | مينيرال 89 سيروم العين لتقليل الهالات والتجاعيد | 15مل,vichy mineral repairing eye fortifier,899,EGP,فيشي,العناية بالبشرة>العناية بالعيون,in stock,https://chefaa.com:443/eg-ar/nowProduct/vichy-mineral-89-repairing-eye-fortifier-15-ml,https://cdn.chefaa.com/filters:format(webp)/public/uploads/products/1606300119-0000s-0010-3337875596763png,https://cdn.chefaa.com/filters:format(webp)/public/uploads/products/1606300119-0000s-0010-3337875596763png,مميزات المنتج   فيشي | مينيرال 89 سيروم العين لتقليل الهالات والتجاعيد | 15مل   عن هذا المنتج     مكونات فيشي مينيرال 89 سيروم العين:     حمض الهيالورونيك: يعمل على تقوية حاجز البشرة مما يمنع فقدان الرطوبة وترطيب المنطقة حول العين، كما أنه يساعد على مقاومة وتقليل التجاعيد والخطوط الدقيقة.   الكافيين النقي: له خصائص مضاد الالتهابات والأكسدة ويعمل على تنشيط الدورة الدموية مما يقلل الانتفاخ حول العين، كما أنه يعمل على تفتيح الهالات السوداء، ويعمل على إزالة علامات الإرهاق والإجهاد حول منطقة العين.    مياه فيشي الحرارية: تعمل على تغذية البشرة وذلك لاحتوائها على العديد من المعادن الأساسية.     مميزات سيروم فيشي مينيرال 89 للعين:     يعمل على تفتيح الهالات السوداء وإزالة علامات الإرهاق حول العين لجعل المنطقة أكثر إشراق وحيوية.   يعمل على ترطيب الجلد حول العين لفترة تصل إلى 24 ساعة.   يساعد على تقليل ومقاومة التجاعيد والخطوط الدقيقة حول العين.   يساعد على تقوية الجلد حول العين وجعله أكثر نضارة.   مناسب لجميع أنواع البشرة حتى البشرة الحساسة.   مناسب لمن يرتدون العدسات اللاصقة.   يعمل على تهدئة المنطقة حول العين بعد إزالة المكياج.   تم اختباره من قبل أطباء الجلدية والعيون.   سهل الامتصاص ولا يترك أثر دهني.   خالي من البارابين والعطور.     حجم Vichy Mineral 89 Eyes Fortifier:     يتوفر بحجم 15 مل.     يوصي به:   لكل أنواع البشرة حيث يعمل على مقاومة التجاعيد وتقليل الخطوط الدقيقة وترطيب المنطقة حول العين وإعادة حيويتها من جديد.,ماركة: فيشي
21027,لاروش بوزيه ريتينول ب3 سيروم مضاد للتجاعيد ومجدد للبشرة | 30 مل,roche posay retinol anti wrinkle serum 30ml ugrc,1590,EGP,لاروش بوزيه,العناية بالبشرة>السيروم,in stock,https://chefaa.com:443/eg-ar/nowProduct/la-roche-posay-retinol-b3-anti-wrinkle-serum-30ml-ugrc,https://cdn.chefaa.com/filters:format(webp)/public/uploads/products/la-roche-posay-retinol-b3-anti-wrinkle-serum-30ml-kll4-01655899527.png,https://cdn.chefaa.com/filters:format(webp)/public/uploads/products/la-roche-posay-retinol-b3-anti-wrinkle-serum-30ml-kll4-01655899527.png,مميزات المنتج   لاروش بوزيه | مصل الريتينول المضاد للتجاعيد | 30مل   عن هذا المنتج      مكونات سيروم ريتينول بي 3 من لاروش بوزيه:     الريتينول: يعمل على تقليل الخطوط الدقيقة والتجاعيد وتجديد البشرة.   نياسيناميد أو فيتامين ب3: يعمل على تحسين الحاجز الواقي للبشرة وتهدئة البشرة وتقليل الاحمرار والالتهابات.   الجليسرين: يعمل على ترطيب البشرة وحمايتها من الجفاف وإصلاح وحماية الحاجز الواقي للبشرة.   مياه الينابيع الحرارية من لاروش بوزيه: لها خصائص مهدئة وملطفة للبشرة.     مميزات لاروش بوزيه ريتينول بي 3 سيروم:     يساعد على تقليل التجاعيد وعلامات تقدم العمر والخطوط الدقيقة.   يعمل على تجديد خلايا البشرة واستعادة نضارتها.   يُكسب البشرة مزيد من النعومة والحيوية والنضارة.   مناسب لجميع أنواع البشرة والبشرة الحساسة والبشرة التي تعاني من التجاعيد العميقة والتجاعيد المبكرة الناتجة عن التعرض لأشعة الشمس.   يتميز بتركيبته الخفيفة غير الدهنية سريعة الامتصاص التي لا تترك أي أثر لزج على البشرة.    لا يسبب حساسية البشرة.   لا يسبب انسداد المسام.   مناسب للوجه والرقبة.   تم اختباره من قبل أطباء الجلدية.     حجم La Roche-Posay Retinol B3 Anti-Wrinkle Serum:     يتوفر بحجم 30 مل.     يوصي به:   السيروم مناسب لأصحاب البشرة التى تعاني من الخطوط الدقيقة والتجاعيد العميقة والتجاعيد المبكرة الناتجة عن التعرض لأشعة الشمس والحساسة حيث يعمل على إعادة مرونة وليونة البشرة ومكافحة التجاعيد وعلامات تقدم العمر.,ماركة: لاروش بوزيه
53222,بيور | فازلين جيلي بتروليوم | 30مل,pure vasline mlguWb,16,EGP,بيور,العناية بالبشرة>,in stock,https://chefaa.com:443/eg-ar/nowProduct/pure-vasline-30-mlguWb,https://cdn.chefaa.com/filters:format(webp)/public/uploads/products/pure-vasline-30-mlguwb-01732645204.png,https://cdn.chefaa.com/filters:format(webp)/public/uploads/products/pure-vasline-30-mlguwb-01732645204.png,مميزات المنتج   بيور | فازلين جيلي بتروليوم | 30مل,ماركة: بيور
47107,دولار وايت | 5% كريم للتفتيح | 60جم,dolar white whitening cream 60gm ztie,265,EGP,No Brand,العناية بالبشرة>الترطيب,in stock,https://chefaa.com:443/eg-ar/nowProduct/dolar-white-whitening-cream-60gm-ztie,https://cdn.chefaa.com/filters:format(webp)/public/uploads/products/dolar-white-whitening-cream-60gm-ztie-01738431329.png,https://cdn.chefaa.com/filters:format(webp)/public/uploads/products/dolar-white-whitening-cream-60gm-ztie-01738431329.png,مميزات المنتج   دولار وايت | 5% كريم للتفتيح | 60جم,raw_specs: المواصفات
21007,جليسوليد | كريم صغير | 40جم,glysolid small cream 40g odxw,40,EGP,جليسوليد,العناية بالبشرة>,in stock,https://chefaa.com:443/eg-ar/nowProduct/glysolid-small-cream-40g-odxw,https://cdn.chefaa.com/filters:format(webp)/public/uploads/products/glysolid-small-cream-40g-rwux-01655688320.png,https://cdn.chefaa.com/filters:format(webp)/public/uploads/products/glysolid-small-cream-40g-rwux-01655688320.png,مميزات المنتج   جليسوليد | كريم صغير | 40جم,ماركة: جليسوليد
61034,كير اند مور | تروبيكال لوشن مرطب للجسم | 150مل,care more tropical body lotion 150ml wr56,80,EGP,كير & مور,العناية بالبشرة>الترطيب,in stock,https://chefaa.com:443/eg-ar/nowProduct/care-more-tropical-body-lotion-150ml-wr56,https://cdn.chefaa.com/filters:format(webp)/public/uploads/products/care-more-tropical-body-lotion-150ml-lus1-01750667623.png,https://cdn.chefaa.com/filters:format(webp)/public/uploads/products/care-more-tropical-body-lotion-150ml-lus1-01750667623.png,مميزات المنتج   كير اند مور | تروبيكال لوشن مرطب للجسم | 150مل,ماركة: كير & مور
45833,لاروش بوزيه | ايفاكلار اتش ايزو بيوم غسول كريمي منظف للبشرة الدهنية | 200مل,roche posay effaclar cr%C3%A8me lavante iso biome 200ml ievh_du2airUw,749,EGP,لاروش بوزيه,العناية بالبشرة>الغسول,in stock,https://chefaa.com:443/eg-ar/nowProduct/la-roche-posay-effaclar-h-cr%C3%A8me-lavante-iso-biome-200ml-ievh_du2airUw,https://cdn.chefaa.com/filters:format(webp)/public/uploads/products/la-roche-posay-effaclar-h-crème-lavante-iso-biome-200ml-8o9f-01670176141.png,https://cdn.chefaa.com/filters:format(webp)/public/uploads/products/la-roche-posay-effaclar-h-crème-lavante-iso-biome-200ml-8o9f-01670176141.png,مميزات المنتج   لاروش بوزيه | ايفاكلار اتش ايزو بيوم غسول كريمي منظف للبشرة الدهنية | 200مل   عن هذا المنتج     مكونات غسول إيفاكلار إتش من لاروش بوزيه:     النياسيناميد: يعمل على تهدئة البشرة وتقليل الاحمرار والالتهابات.   الجليسرين: يعمل على ترطيب البشرة وحمايتها من الجفاف والتشققات.     مميزات لاروش بوزيه ايفاكلار اتش غسول:     يعمل على تنقية المسام وتنظيف البشرة بعمق وإزالة الشوائب والأوساخ.   يعمل على تهدئة جفاف البشرة وخاصة بعد استخدام علاجات الحبوب.   يحافظ على درجة حموضة البشرة (PH).   يساعد على تهدئة البشرة.   يعمل على التحكم في الإفرازات الدهنية.   يساعد على تقليل لمعان البشرة.   يعمل على تقليل الرؤوس السوداء بشكل واضح.   تم اختباره من قبل أطباء الجلدية.   لا يسبب جفاف أو حساسية البشرة.   لا يسبب انسداد المسام.   مناسب لأصحاب البشرة الدهنية والحساسة والمعرضة للحبوب دون التخوف من أي آثار جانبية.     حجم La Roche-Posay Effaclar H Iso-Biome Soothing Cleansing Cream:     يتوفر بحجم 200 مل.     يوصي به:   الغسول مناسب لأصحاب البشرة الدهنية والمعرضة للحبوب والحساسة المجهدة من استخدام علاجات الحبوب حيث يعمل على تنظيف البشرة دون التسبب في جفافها وإعادة نضارتها وجعلها أكثر حيوية.,ماركة: لاروش بوزيه
54211,سكين سايد | سيروم بحمض الهيالورونيك وفيتامين B5 | 25مل,skinside hyaluronic acid vit serum 25ml dgph_duZq3cfl,440,EGP,سكين سايد,العناية بالبشرة>السيروم,in stock,https://chefaa.com:443/eg-ar/nowProduct/skinside-hyaluronic-acid-vit-b5-serum-25ml-dgph_duZq3cfl,https://cdn.chefaa.com/filters:format(webp)/public/uploads/products/skinside-hyaluronic-acid-vit-b5-serum-25ml-ekls-01700570796.png,https://cdn.chefaa.com/filters:format(webp)/public/uploads/products/skinside-hyaluronic-acid-vit-b5-serum-25ml-ekls-01700570796.png,عن هذا المنتج     سكين سايد | سيروم بحمض الهيالورونيك وفيتامين B5 | 25مل,ماركة: سكين سايد
2840,افين | مرطب يستخدم للترطيب يلائم البشرة جميع انواع البشرة | 100مل,avene cold cream,699,EGP,افين,العناية بالبشرة>الترطيب,in stock,https://chefaa.com:443/eg-ar/nowProduct/avene-cold-cream-100-ml,https://cdn.chefaa.com/filters:format(webp)/public/uploads/products/1593522788avene-cold-cream-100-mljpg,https://cdn.chefaa.com/filters:format(webp)/public/uploads/products/1593522788avene-cold-cream-100-mljpg,مميزات المنتج   ﻿﻿غني بالكريم البارد والزيوت الطبيعية ، هذا الكريم الناعم يمنح بشرتك راحة فورية. غني بشمع العسل الأبيض ، يحمي بشرتك من الاعتداءات الخارجية. مياه الينابيع الحرارية Avene ، المهدئة ، والنعومة ، تمنح بشرتك شعورًا فوريًا بالراحة.,ماركة: افين
55171,ايزي سويت | كلاسيك بخلاصة العسل الأسود | 150جم,easy sweet90gm black honyyI6h,16,EGP,ايزي,العناية بالبشرة>,in stock,https://chefaa.com:443/eg-ar/nowProduct/easy-sweet90gm-black-honyyI6h,https://cdn.chefaa.com/filters:format(webp)/public/uploads/products/easy-sweet90gm-black-honyyi6h-01733080612.png,https://cdn.chefaa.com/filters:format(webp)/public/uploads/products/easy-sweet90gm-black-honyyi6h-01733080612.png,مميزات المنتج   ايزي سويت | كلاسيك بخلاصة العسل الأسود | 150جم,ماركة: ايزي
32195,إيفا | سكين كير مقشر اليدين | 50مل,eva skin care hand scrub 60ml mztv,70,EGP,إيڤا,العناية بالبشرة>,in stock,https://chefaa.com:443/eg-ar/nowProduct/eva-skin-care-hand-scrub-60ml-mztv,https://cdn.chefaa.com/filters:format(webp)/public/uploads/products/eva-skin-care-hand-scrub-60ml-cise-01696693641.png,https://cdn.chefaa.com/filters:format(webp)/public/uploads/products/eva-skin-care-hand-scrub-60ml-cise-01696693641.png,مميزات المنتج   إيفا | سكين كير مقشر اليدين | 50مل,ماركة: إيڤا
23305,غارنيية | مقشر فاست برايت فيتامين سي | 150ملى,garnier fast bright vitamin scrub 150ml bks7,180,EGP,غارنييه,العناية بالبشرة>الغسول,in stock,https://chefaa.com:443/eg-ar/nowProduct/garnier-fast-bright-vitamin-c-scrub-150ml-bks7,https://cdn.chefaa.com/filters:format(webp)/public/uploads/products/garnier-fast-bright-vitamin-c-scrub-150ml-movr-01664114939.png,https://cdn.chefaa.com/filters:format(webp)/public/uploads/products/garnier-fast-bright-vitamin-c-scrub-150ml-movr-01664114939.png,مميزات المنتج   غارنيية | مقشر فاست برايت فيتامين سي | 150ملى   عن هذا المنتج     غارنيية | مقشر فاست برايت فيتامين سي | 150ملى,ماركة: غارنييه
48077,ايفا غسول للبشرة الدهنية وحب الشباب فريش ستارت | 150 مل,eva skin clinic acne prone skin facial wash 150ml yzci_du3NKAkR,90,EGP,إيڤا,العناية بالبشرة>الغسول,in stock,https://chefaa.com:443/eg-ar/nowProduct/eva-skin-clinic-acne-prone-skin-facial-wash-150ml-yzci_du3NKAkR,https://cdn.chefaa.com/filters:format(webp)/public/uploads/products/eva-skin-clinic-acne-prone-skin-facial-wash-150ml-zejo-01702472062.png,https://cdn.chefaa.com/filters:format(webp)/public/uploads/products/eva-skin-clinic-acne-prone-skin-facial-wash-150ml-zejo-01702472062.png,مميزات المنتج   يتميز ايفا غسول للبشرة الدهنية وحب الشباب بما يلي: له تركيبة لطيفة خالية من الصابون تنظف البشرة بفعالية. يساعد على إزالة الشوائب والدهون الزائدة من البشرة، مما يساهم في منع ظهور حب الشباب. يحتوي على مكونات تساعد على تنظيم إفراز الدهون الطبيعية للبشرة، مما يقلل من لمعان البشرة ويقلل من احتمالية انسداد المسام. تم اختباره من قبل أطباء الجلدية. صُمم خصيصًا ليناسب البشرة الدهنية والحساسة، وهو خالٍ من الزيوت الضارة والمواد الكيميائية القاسية التي قد تسبب تهيجًا. يساعد في الحفاظ على ترطيب البشرة وإكسابها المزيد من النضارة والحيوية. سعر ايفا غسول للبشرة الدهنية وحب الشباب مناسب مقارنة بفوائده العديدة للبشرة.   عن هذا المنتج     مكونات ايفا غسول للبشرة الدهنية وحب الشباب   يحتوي غسول ايفا على:  الزنك: له خصائص مضادة للبكتيريا مما يقلل من ظهور الحبوب، كما ينظم إفراز الدهون ويحمي من الالتهابات واحمرار البشرة.  حجم Eva facial wash  يتوفر ايفا غسول للبشرة الدهنية بحجم 150 مل.  سعر غسول ايفا للبشرة الدهنية   يبلغ سعر ايفا غسول للبشرة الدهنية وحب الشباب حوالي 80 جنيه مصري.  يوصى باستعمال ايفا غسول للبشرة الدهنية وحب الشباب ل  غسول ايفا فريش ستارت مناسب لأصحاب البشرة الدهنية والمعرضة لظهور الحبوب فهو ينظف البشرة بفعالية ويحمي من انسداد المسام، مما يقلل من تراكم البكتيريا وظهور الحبوب فتحصلين على بشرة صحية وخالية من العيوب وأكثر حيوية.  ما هي طريقة استعمال غسول ايفا للبشرة الدهنية؟  بللي وجهك بالماء الفاتر.  ضعي كمية مناسبة من الغسول على يديك.  وزعي الغسول على وجهك مع التدليك بحركات دائرية خفيفة.  اشطفي وجهك جيداً ثم جففيه بمنشفة قطنية ناعمة.  استخدمي الغسول مرتين صباحاً ومساءً.  يمكنك استخدام المرطب المناسب لبشرتك بعد الغسول.  ما فوائد غسول ايفا للبشرة الدهنية؟  ينظف البشرة بعمق ويزيل الأتربة والأوساخ والدهون المتراكمة.  لا يسد المسام.  يحمي البشرة من ظهور الحبوب.  يحسن مظهر البشرة ويقلل من عيوبها.  تركيبته تحافظ على ترطيب وصحة البشرة.  ما أفضل غسول للبشرة الدهنية وحب الشباب؟  غسول توليفلاي.  غسول ستارفيل.  غسول توبي جينت.  غسول ايفا فريش ستارت.  غسول نيتروجينا.,ماركة: إيڤا
45787,إيفا | قناع حمض الهيالورونيك,hyaluronic acid mask q7ju_du5NIEHL,90,EGP,إيڤا,العناية بالبشرة>الماسك,in stock,https://chefaa.com:443/eg-ar/nowProduct/hyaluronic-acid-mask-q7ju_du5NIEHL,https://cdn.chefaa.com/filters:format(webp)/public/uploads/products/hyaluronic-acid-mask-q7ju-01721408938.png,https://cdn.chefaa.com/filters:format(webp)/public/uploads/products/hyaluronic-acid-mask-q7ju-01721408938.png,مميزات المنتج   إيفا | قناع حمض الهيالورونيك   عن هذا المنتج     إيفا | قناع حمض الهيالورونيك,ماركة: إيڤا
52721,مويست-1 | تونر منقي ومرطب للوجه | 200مل,moist purifying hydrating facial toner with hamamelis virginiana water for dry normal skinoW0z,180,EGP,No Brand,العناية بالبشرة>,in stock,https://chefaa.com:443/eg-ar/nowProduct/moist-1-200-ml-purifying--hydrating-facial-toner-with-hamamelis-virginiana-water-for-dry--normal-skinoW0z,https://cdn.chefaa.com/filters:format(webp)/public/uploads/products/moist-1-200-ml-purifying-hydrating-facial-toner-with-hamamelis-virginiana-water-for-dry-normal-skinow0z-01733921132.png,https://cdn.chefaa.com/filters:format(webp)/public/uploads/products/moist-1-200-ml-purifying-hydrating-facial-toner-with-hamamelis-virginiana-water-for-dry-normal-skinow0z-01733921132.png,مميزات المنتج   مويست-1 | تونر منقي ومرطب للوجه | 200مل,raw_specs: المواصفات
45737,غارنييه | سكين اكتيف سيروم فاست كلير بوستر للوجه بحمض الساليسيليك للبشرة المعرضة لحب الشباب | 30مل,garnier skin active fast clear booster face serum for acne prone skin with salicylic acid 30ml vya3_duvBBkxH,360,EGP,غارنييه,العناية بالبشرة>السيروم,in stock,https://chefaa.com:443/eg-ar/nowProduct/garnier-skin-active-fast-clear-booster-face-serum-for-acne-prone-skin-with-salicylic-acid-30ml-vya3_duvBBkxH,https://cdn.chefaa.com/filters:format(webp)/public/uploads/products/garnier-skin-active-fast-clear-booster-face-serum-for-acne-prone-skin-with-salicylic-acid-30ml-9gm2-01716291982.png,https://cdn.chefaa.com/filters:format(webp)/public/uploads/products/garnier-skin-active-fast-clear-booster-face-serum-for-acne-prone-skin-with-salicylic-acid-30ml-9gm2-01716291982.png,عن هذا المنتج     غارنييه | سكين اكتيف سيروم فاست كلير بوستر للوجه بحمض الساليسيليك للبشرة المعرضة لحب الشباب | 30مل,ماركة: غارنييه
49700,ايفا سكين كير | مرطب شفاه سينسيز للعناية بالبشرة بنكهة البطيخ | 4جم,eva skin care senses lip balm wild watermelon flavor 4gm gvle,75,EGP,إيڤا,العناية بالبشرة>الترطيب,in stock,https://chefaa.com:443/eg-ar/nowProduct/eva-skin-care-senses-lip-balm-wild-watermelon-flavor-4gm-gvle,https://cdn.chefaa.com/filters:format(webp)/public/uploads/products/eva-skin-care-senses-lip-balm-wild-watermelon-flavor-4gm-fbio-01730203026.png,https://cdn.chefaa.com/filters:format(webp)/public/uploads/products/eva-skin-care-senses-lip-balm-wild-watermelon-flavor-4gm-fbio-01730203026.png,مميزات المنتج   ايفا سكين كير | مرطب شفاه سينسيز للعناية بالبشرة بنكهة البطيخ | 4جم,ماركة: إيڤا
46612,ديرما اكتيف | اكتى سولير+50 كريم | 50مل,dermactive acti solaire spf melting cream 50ml jhye_dumYnliD,279,EGP,ديرما اكتيف,العناية بالبشرة>الوقاية من الشمس,in stock,https://chefaa.com:443/eg-ar/nowProduct/dermactive-acti-solaire-spf-50-melting-cream-50ml-jhye_dumYnliD,https://cdn.chefaa.com/filters:format(webp)/public/uploads/products/dermactive-acti-solaire-spf-50-melting-cream-50ml-pkzt-01708348775.png,https://cdn.chefaa.com/filters:format(webp)/public/uploads/products/dermactive-acti-solaire-spf-50-melting-cream-50ml-pkzt-01708348775.png,مميزات المنتج   ديرما اكتيف | اكتى سولير+50 كريم | 50مل   عن هذا المنتج     حماية فعالة من الشمس مع تركيبة خفيفة غير دهنية مصممة للبشرة الحساسة للشمس سواء للوجه أو للجسم. يحمي البشرة بشكل مكثف من الأشعة فوق البنفسجية الضارة. يوفر حماية عالية جدًا وواسعة النطاق ضد UVA / UVB من خلال مجموعة من المرشحات واسعة الطيف لضمان حماية طويلة الأمد.,ماركة: ديرما اكتيف
18149,ايزيس فارما | سيكاليا حليب مرطب للبشرة الجافة | 200مل,isis pharma secalia aha cream for sensitive dry skin 5yfl,1189,EGP,إيزيس فارما,العناية بالبشرة>الغسول,in stock,https://chefaa.com:443/eg-ar/nowProduct/isis-pharma-secalia-aha-cream-for-sensitive-dry-skin-5yfl,https://cdn.chefaa.com/filters:format(webp)/public/uploads/products/isis-pharma-secalia-aha-cream-for-sensitive-dry-skin-5yfl-01722348693.png,https://cdn.chefaa.com/filters:format(webp)/public/uploads/products/isis-pharma-secalia-aha-cream-for-sensitive-dry-skin-5yfl-01722348693.png,مميزات المنتج   ايزيس فارما | سيكاليا حليب مرطب للبشرة الجافة | 200مل,ماركة: إيزيس فارما
260,كلين & كلير | غسول مقشر يومى | 100مل,clean clear exfoliating daily wash 100ml,77,EGP,كلين & كلير,العناية بالبشرة>الغسول,in stock,https://chefaa.com:443/eg-ar/nowProduct/clean-clear-exfoliating-daily-wash-100ml,https://cdn.chefaa.com/filters:format(webp)/public/uploads/products/clean-clear-exfoliating-daily-wash-100ml-01662986766.png,https://cdn.chefaa.com/filters:format(webp)/public/uploads/products/clean-clear-exfoliating-daily-wash-100ml-01662986766.png,مميزات المنتج   كلين & كلير | غسول مقشر يومى | 100مل   عن هذا المنتج     الغسول اليومي لتقشير الوجه من كلين آند كلير هو غسول يومي خالٍ من الزيوت ينظف بشرتك ويمنحها نعومة جميلة منذ أول يوم.   تحتوي تركيبة الغسول اليومي لتقشير الوجه من كلين آند كلير على عناصر تقشير طبيعية تنظف المسامات المسدودة وتساعد على الوقاية من البثور، فهو يزيل الأوساخ والزيوت وخلايا البشرة الميتة التي قد تسد المسام وتؤدي إلى البثور والرؤوس السوداء.,ماركة: كلين & كلير
2456,نيفيا | سوفت كريم مرطب ومنعش للجسم | 20مل,nivea soft moisturizing cream refreshingly soft 20ml,25,EGP,نيفيا,العناية بالبشرة>,in stock,https://chefaa.com:443/eg-ar/nowProduct/nivea-soft-moisturizing-cream-refreshingly-soft-20ml,https://cdn.chefaa.com/filters:format(webp)/public/uploads/products/1591631284nivea-soft-moisturizing-cream-refreshingly-soft-20ml.jpg,https://cdn.chefaa.com/filters:format(webp)/public/uploads/products/1591631284nivea-soft-moisturizing-cream-refreshingly-soft-20ml.jpg,عن هذا المنتج     احصل على عناية غنية بالترطيب مع زيت الجوجوبا وفيتامين هـ.   تحسس الكريم سريع الامتصاص.   أشعر وانظر كيف تصبح بشرتك ناعمة ومثيرة.,ماركة: نيفيا
6023,إيڤا سكين كير | غسول للوجه ومزيل للمكياج بالجلسرين للبشرة الجافة | 150مل,eva facial wash and make remover enriched with glycerin 150ml nxkc,60,EGP,إيڤا,العناية بالبشرة>الغسول,in stock,https://chefaa.com:443/eg-ar/nowProduct/eva-facial-wash-and-make-up-remover-enriched-with-glycerin-150ml-nxkc,https://cdn.chefaa.com/filters:format(webp)/public/uploads/products/1619180105eva-facial-wash-and-make-up-remover-enriched-with-glycerin-150ml-chefaajpg,https://cdn.chefaa.com/filters:format(webp)/public/uploads/products/1619180105eva-facial-wash-and-make-up-remover-enriched-with-glycerin-150ml-chefaajpg,مميزات المنتج   ذات تركيبة غنية بالجلسرين تعمل على ترطيب البشرة الجافة بالقدر الذي تحتاجه لإستعادة رونقها ونعومتها. يعمل هذا المزيج على تنقيتها من الشوائب والمكياج حتى الماسكرا المقاومة للماء، بتركيبتها الفريدة والخالية من الصابون قد صممت لتترك بشرتك نظيفة ونقية ورطبة بدون أن تتسبب بأي جفاف للبشرة. للبشرة الجافة.,ماركة: إيڤا
735,فيشي | نورماديرم لترطيب وتنقية البشرة الدهنية المعرضة للحبوب | 50مل,vichy normaderm phytosolution double correction daily cream 50ml,1000,EGP,فيشي,العناية بالبشرة>السيروم,in stock,https://chefaa.com:443/eg-ar/nowProduct/vichy-normaderm-phytosolution-double-correction-daily-cream-50ml,https://cdn.chefaa.com/filters:format(webp)/public/uploads/products/1608628567-0000s-0008-3337875660617-1png,https://cdn.chefaa.com/filters:format(webp)/public/uploads/products/1608628567-0000s-0008-3337875660617-1png,مميزات المنتج   فيشي | نورماديرم لترطيب وتنقية البشرة الدهنية المعرضة للحبوب | 50مل   عن هذا المنتج     مكونات سيروم فيشي نورماديرم لترطيب البشرة الدهنية:     حمض الساليسيليك: يعمل على تنقية البشرة بعمق.   حمض الهيالورونيك: يعمل على ترطيب البشرة وحمايتها من الجفاف.   مستخرج البروبيوتيك: يعمل على تقوية وتعزيز حاجز البشرة.   مياه فيشي الحرارية.     مميزات فيشي نورماديرم سيروم البشرة الدهنية:     يوفر ترطيب مثالي للبشرة الدهنية يستمر لـ 24 ساعة.   يعمل على تنقية البشرة بعمق.   يعمل على تقليل آثار الحبوب والرؤوس السوداء للحصول على بشرة نضرة وصحية.   يساعد على تقليل مظهر المسام والبثور.   يساعد على تجديد خلايا البشرة وجعلها أكثر نضارة.   يعمل على التحكم في الإفرازات الدهنية.   يساعد على تقليل لمعان البشرة.   يتميز بتركيبته الخفيفة غير الدهنية سريعة الامتصاص التي لا تترك أي أثر لزج على البشرة.   يساعد على تفتيح وتوحيد لون البشرة.   لا يسبب انسداد المسام.   مناسب للبشرة الحساسة.   تم اختباره من قبل أطباء الجلدية.     حجم Vichy Normaderm Phytosolution Double Correction Daily Care Moisturiser:     يتوفر بحجم 50 مل.     يوصي به:   السيروم مناسب للبشرة الدهنية والمعرضة للحبوب والحساسة حيث يعمل على تنقية البشرة وتقليل آثار الحبوب والرؤوس السوداء، كما يعمل على ترطيب البشرة وجعلها أكثر حيوية ونضارة لفترة تصل إلى 24 ساعة.,ماركة: فيشي
45427,رو افريكان | زيت الجوجوبا | 75مل,raw african jojoba oil 75ml_dug2vzjm,165,EGP,رو أفريكان,العناية بالبشرة>الترطيب,in stock,https://chefaa.com:443/eg-ar/nowProduct/raw-african-jojoba-oil-75ml_dug2vzjm,https://cdn.chefaa.com/filters:format(webp)/public/uploads/products/1601454672jojoba-oilpng,https://cdn.chefaa.com/filters:format(webp)/public/uploads/products/1601454672jojoba-oilpng,"عن هذا المنتج     ﻿ ﻿ زيت درجة اولي خام و نقي و معصور علي البارد ممتاز للشعر, البشرة و الاظافر. غني بمضادات الاكسده و يمكن استخدامه كما هو او خلطه بزيوت او زبد طبيعية لعمل ماسكات للشعر و البشره",ماركة: رو أفريكان
8178,ذا اوردينرى | محلول الكافين | 30مل,the ordinary caffeine solution egcg 30ml acgt,650,EGP,ذا اورديناري,العناية بالبشرة>العناية بالعيون,in stock,https://chefaa.com:443/eg-ar/nowProduct/the-ordinary-caffeine-solution-5-egcg-30ml-acgt,https://cdn.chefaa.com/filters:format(webp)/public/uploads/products/1635943794the-ordinary-caffeine-solution-5-egcg-30mljpg,https://cdn.chefaa.com/filters:format(webp)/public/uploads/products/1635943794the-ordinary-caffeine-solution-5-egcg-30mljpg,عن هذا المنتج     ذا اوردينرى | محلول الكافين | 30مل,ماركة: ذا اورديناري
62845,تيترا هيدرو | جل منظف يومي | 200مل,tetra hydro daily gel cleanser ikpG,120,EGP,No Brand,العناية بالبشرة>الغسول,in stock,https://chefaa.com:443/eg-ar/nowProduct/tetra-hydro-daily-gel-cleanser-200-ml-ikpG,https://cdn.chefaa.com/filters:format(webp)/public/uploads/products/tetra-hydro-daily-gel-cleanser-200-ml-ikpg-01756051892.png,https://cdn.chefaa.com/filters:format(webp)/public/uploads/products/tetra-hydro-daily-gel-cleanser-200-ml-ikpg-01756051892.png,مميزات المنتج   تيترا هيدرو | جل منظف يومي | 200مل,raw_specs: المواصفات
50819,بيونيكس | سيروم ذا نورديا فيتامين سي بنسبة 15% | 30مل,bionnex the nordea vitamin serum ml9XG3,599,EGP,No Brand,العناية بالبشرة>السيروم,in stock,https://chefaa.com:443/eg-ar/nowProduct/bionnex-the-nordea-vitamin-c-15-serum-30-ml9XG3,https://cdn.chefaa.com/filters:format(webp)/public/uploads/products/bionnex-the-nordea-vitamin-c-15-serum-30-ml9xg3-01734864574.png,https://cdn.chefaa.com/filters:format(webp)/public/uploads/products/bionnex-the-nordea-vitamin-c-15-serum-30-ml9xg3-01734864574.png,مميزات المنتج   بيونيكس | سيروم ذا نورديا فيتامين سي بنسبة 15% | 30مل,raw_specs: المواصفات
51704,يوسيرين | كريم ليلي إيفين بيجمينت بيرفيكتور لبشرة متساوية ومشرقة | 50مل,eucerin even pigment perfector night cream for even radiant skinFdZp,1650,EGP,يوسيرين,العناية بالبشرة>الترطيب,in stock,https://chefaa.com:443/eg-ar/nowProduct/eucerin-even-pigment-perfector-night-cream-for-even--radiant-skinFdZp,https://cdn.chefaa.com/filters:format(webp)/public/uploads/products/eucerin-even-pigment-perfector-night-cream-for-even-radiant-skinfdzp-01735028562.png,https://cdn.chefaa.com/filters:format(webp)/public/uploads/products/eucerin-even-pigment-perfector-night-cream-for-even-radiant-skinfdzp-01735028562.png,مميزات المنتج   يوسيرين | كريم ليلي إيفين بيجمينت بيرفيكتور لبشرة متساوية ومشرقة | 50مل,ماركة: يوسيرين
45654,ماش بريميير | كريم ديرما سوفت بلس المرطب المجدد للبشرة مع الكولاجين النباتي | 60 مل,mash premiere derma soft plus cream rejuvenating moisturizer q1ou_duBahZ9o,180,EGP,No Brand,العناية بالبشرة>الترطيب,in stock,https://chefaa.com:443/eg-ar/nowProduct/mash-premiere-derma-soft-plus-cream-rejuvenating-moisturizer-q1ou_duBahZ9o,https://cdn.chefaa.com/filters:format(webp)/public/uploads/products/mash-premiere-derma-soft-plus-cream-rejuvenating-moisturizer-lzi5-01724762820.png,https://cdn.chefaa.com/filters:format(webp)/public/uploads/products/mash-premiere-derma-soft-plus-cream-rejuvenating-moisturizer-lzi5-01724762820.png,مميزات المنتج   ماش بريميير | كريم ديرما سوفت بلس المرطب المجدد للبشرة مع الكولاجين النباتي | 60 مل   عن هذا المنتج     ماش بريميير | كريم ديرما سوفت بلس المرطب المجدد للبشرة مع الكولاجين النباتي | 60 مل,raw_specs: المواصفات
6014,إيڤا سكين كير | كريم بشرة بالعسل | 20جم,eva cream with honey 20gm jhne,15,EGP,إيڤا,العناية بالبشرة>,in stock,https://chefaa.com:443/eg-ar/nowProduct/eva-cream-with-honey-20gm-jhne,https://cdn.chefaa.com/filters:format(webp)/public/uploads/products/1619171579eva-cream-with-honey-chefaajpg,https://cdn.chefaa.com/filters:format(webp)/public/uploads/products/1619171579eva-cream-with-honey-chefaajpg,مميزات المنتج   يعيد لبشرتك نعومتها وتوازنها الطبيعي ويمنحها نضارة وإشراقة دائمة. للبشرة العادية.,ماركة: إيڤا
45838,هيدرينسا | غسول جل للبشره الجافه والحساسه | 200مل,hydrensa moisturizing gel for dry atopic skin 200ml jrw5_durLmHla,155,EGP,كولاجرا,العناية بالبشرة>الترطيب,in stock,https://chefaa.com:443/eg-ar/nowProduct/hydrensa-moisturizing-gel-for-dry-atopic-skin-200ml-jrw5_durLmHla,https://cdn.chefaa.com/filters:format(webp)/public/uploads/products/hydrensa-moisturizing-gel-for-dry-atopic-skin-200ml-dzec-01716119704.png,https://cdn.chefaa.com/filters:format(webp)/public/uploads/products/hydrensa-moisturizing-gel-for-dry-atopic-skin-200ml-dzec-01716119704.png,مميزات المنتج   هيدرينسا | غسول جل للبشره الجافه والحساسه | 200مل   عن هذا المنتج     هيدرينسا | غسول جل للبشره الجافه والحساسه | 200مل,ماركة: كولاجرا
45474,ميلانو فارما | ميلانو مساج كريم بلس | 40جم,melano pharma melano massage cream plus 40gm 2yzh_duiBCQch,40,EGP,ميلانو فارما,العناية بالبشرة>الترطيب,in stock,https://chefaa.com:443/eg-ar/nowProduct/melano-pharma-melano-massage-cream-plus-40gm-2yzh_duiBCQch,https://cdn.chefaa.com/filters:format(webp)/public/uploads/products/1636362160melano-pharma-melano-massage-cream-plus-40gm-chefaajpeg,https://cdn.chefaa.com/filters:format(webp)/public/uploads/products/1636362160melano-pharma-melano-massage-cream-plus-40gm-chefaajpeg,مميزات المنتج   ميلانو فارما | ميلانو مساج كريم بلس | 40جم   عن هذا المنتج     كريم لتسكين آلام أسفل الظهر والعضلات وخشونة المفاصل والالتهابات الليفية وآلام عرق النسا.   خلاصة : المنثول ، زيت الأوكالبتوس ، زيت التربنتين ، زيت الكافور ، زيت الزعتر ، زيت القرفة ، زيت القرنفل ، زيت الشاي الأخضر.,ماركة: ميلانو فارما
28325,نيفيا | صن بخاخ زيت التسمير الذهبي مع الكاروتين تان اويل | 200مل,nivea sun tan bronze oil 200ml hwee,450,EGP,نيفيا,العناية بالبشرة>الوقاية من الشمس,in stock,https://chefaa.com:443/eg-ar/nowProduct/nivea-sun-tan-bronze-oil-200ml-hwee,https://cdn.chefaa.com/filters:format(webp)/public/uploads/products/nivea-sun-tan-bronze-oil-200ml-hwee-01772625086.png,https://cdn.chefaa.com/filters:format(webp)/public/uploads/products/nivea-sun-tan-bronze-oil-200ml-hwee-01772625086.png,"مميزات المنتج   نيفيا | صن بخاخ زيت التسمير الذهبي مع الكاروتين تان اويل | 200مل   عن هذا المنتج     بخاخ زيت تان تسمير بعامل حماية 6 من نيفيا, يوفر هذا الزيت تسميراً ذهبي اللون ويحمي من حروق الشمس ويمنحك بشرة ناعمة وحريرية. حماية فعالة من الأشعة فوق البنفسجية القصيرة ومتوسطة المدى. بخلاصة الكاروتين وفيتامين E. طريقة الاستخدام: قشري البشرة قبل وضع بخاخ الاسمرار. يفضل ان يتم حلق الشعر الموجود في القدمين و الذراعين و الوجه. بعدها انتظري 12 ساعة. يوضع بخاخ الاسمرار على المناطق التي ترغب في اسمرارها. يستخدم كل 4 - 5 ايام او حسب الرغبة.",ماركة: نيفيا
52742,مود | كريم لاتينو للجسم باللبن | 200مل,mood latino body milk 200mlKk98,90,EGP,مود,العناية بالبشرة>,in stock,https://chefaa.com:443/eg-ar/nowProduct/mood-latino-body-milk-200mlKk98,https://cdn.chefaa.com/filters:format(webp)/public/uploads/products/mood-latino-body-milk-200mlkk98-01733694844.png,https://cdn.chefaa.com/filters:format(webp)/public/uploads/products/mood-latino-body-milk-200mlkk98-01733694844.png,مميزات المنتج   مود | كريم لاتينو للجسم باللبن | 200مل,ماركة: مود
56446,ستارفيل | غسول فوم منعش للمناطق الحساسة | 150مل,starville femme intimate cleansing foam refresh 15E3Ci,230,EGP,ستارفيل,العناية بالبشرة>,in stock,https://chefaa.com:443/eg-ar/nowProduct/starville-femme-intimate-cleansing-foam-refresh-15E3Ci,https://cdn.chefaa.com/filters:format(webp)/public/uploads/products/starville-femme-intimate-cleansing-foam-refresh-15e3ci-01733241937.png,https://cdn.chefaa.com/filters:format(webp)/public/uploads/products/starville-femme-intimate-cleansing-foam-refresh-15e3ci-01733241937.png,مميزات المنتج   ستارفيل | غسول فوم منعش للمناطق الحساسة | 150مل,ماركة: ستارفيل
47626,ميلانو فارما | سيبانوين غسول للبشرة | 200مل,melano pharma sebanoin facial wash 200ml rle0_dulnfyB2,225,EGP,ميلانو فارما,العناية بالبشرة>الغسول,in stock,https://chefaa.com:443/eg-ar/nowProduct/melano-pharma-sebanoin-facial-wash-200ml-rle0_dulnfyB2,https://cdn.chefaa.com/filters:format(webp)/public/uploads/products/melano-pharma-sebanoin-facial-wash-200ml-rle0-dulnfyb2-01734871342.png,https://cdn.chefaa.com/filters:format(webp)/public/uploads/products/melano-pharma-sebanoin-facial-wash-200ml-rle0-dulnfyb2-01734871342.png,مميزات المنتج   غسول سيبانوين للبشرة. ينقي ويزيل الزيوت الزائدة دون جفاف. يقشر الجلد ويزيل خلايا الجلد الميتة. لديه قوة مضادات الأكسدة. يساعد على إزالة الرؤوس السوداء والبيضاء. يترك البشرة ناعمة ومخملية ونظيفة للغاية.,ماركة: ميلانو فارما
18039,نيفيا | غسول للوجه بماء الورد لجميع أنواع البشرة | 150مل,nivea face wash for all skin types 150ml nh55,270,EGP,نيفيا,العناية بالبشرة>الغسول,in stock,https://chefaa.com:443/eg-ar/nowProduct/nivea-face-wash-for-all-skin-types-150ml-nh55,https://cdn.chefaa.com/filters:format(webp)/public/uploads/products/nivea-face-wash-for-all-skin-types-150ml-nh55-01655309148.png,https://cdn.chefaa.com/filters:format(webp)/public/uploads/products/nivea-face-wash-for-all-skin-types-150ml-nh55-01655309148.png,مميزات المنتج   نيفيا | غسول للوجه بماء الورد لجميع أنواع البشرة | 150مل   عن هذا المنتج       يزيل المكياج المضاد للماء بدون فرك قاسي.   يساعد على تحضير البشرة لتطبيق مكياج جميل.   ينقي البشرة من الشوائب دون جفافها.   ينظف جيدًا للحصول على بشرة نظيفة ومنعشة.   يزيل غسول الوجه بماء الورد المكياج المقاوم للماء دون فرك قاسي ويساعد على تحضير البشرة لتطبيق مكياج جميل.   وبالتالي ، فإنه ينقي البشرة من الشوائب دون تجفيفها بينما ينظفها جيدًا للحصول على بشرة نظيفة ومنعشة.   النتيجة: بشرتك نظيفة وناعمة وناعمة ، بدون أي بقايا مرئية.   للحصول على بشرة صحية وقادرة على التنفس.,ماركة: نيفيا
46655,لونا | تان جيل لتسمير البشرة | 130 جم,luna intensive tanning gel 130gm ulse_dukncZU9,300,EGP,لونا,العناية بالبشرة>الوقاية من الشمس,in stock,https://chefaa.com:443/eg-ar/nowProduct/luna-intensive-tanning-gel-130gm-ulse_dukncZU9,https://cdn.chefaa.com/filters:format(webp)/public/uploads/products/luna-intensive-tanning-gel-130gm-5tcj-01683901043.png,https://cdn.chefaa.com/filters:format(webp)/public/uploads/products/luna-intensive-tanning-gel-130gm-5tcj-01683901043.png,مميزات المنتج   يتميز لونا تان جيل لتسمير البشرة Luna Tanning gel بما يلي: يمنح البشرة لون برونزي طبيعي ومتساوي دون ترك خطوط أو بقع. يحتوي على مكونات وتحافظ على ترطيب البشرة طوال اليوم. يساعد في إخفاء عيوب البشرة وتوحيد لونها. سهل الاستخدام ويمتص بسرعة دون أن يترك أثر دهني. يساعد على تقليل ظهور الخطوط الدقيقة وتعزيز مرونة البشرة. يدوم لفترة طويلة ولا يتلاشى بسهولة عند الاستحمام أو التعرق. يمكن استخدامه على الوجه والجسم لتحقيق لون مثالي. مناسب لجميع أنواع البشرة ولا يسبب أي تهيج أو حساسية سعر لونا تان جيل لتسمير البشرة مناسب مقارنة بحجمه وفعاليته. انتنسف تـانينـج جـيـل زيت الجوجوبا ب-كاروتين فيتامين ه •بتركيبة غنية تساعد على إكتساب اللون البرونزى. فيتامين E لحماية البشرة من علامات تقدم السن المبكرة.   عن هذا المنتج     مكونات لونا تان جيل لتسمير البشرة  يحتوي جيل لونا تان على:  زيت الجوجوبا: يعمل على ترطيب البشرة ومنحها مظهرًا ناعمًا ومشرقًا.  بيتا كاروتين: يعزز إنتاج الميلانين في البشرة، مما يساعد في تحقيق لون تان متساوٍ وطبيعي.  فيتامين ه: يساعد على تجديد خلايا البشرة وتحسين مرونتها، ما يساعدك على الحصول على بشرة صحية وشابة.  الفازلين: يشكل حاجزًا واقيًا على سطح البشرة للحفاظ على ترطيبها وحمايتها من العوامل الخارجية الضارة.  عسل النحل: يحتوي على خصائص مضادة للبكتيريا والالتهابات، ويعمل على تهدئة وتغذية البشرة.  توكوفيرول: أحد أشكال فيتامين E، وهو مضاد للأكسدة يحمي البشرة من التلف ويعزز صحتها.  كابريك ثلاثي الجلسريد: يعمل على ترطيب البشرة وتنعيمها، كما يساعد على تحسين مظهر البشرة الجافة والمتقشرة.  حجم Luna Tanning gel  يتوفر Luna Tanning gel بحجم 130 جم.  سعر تان لونا في مصر   يبلغ سعر Luna Tanning gel حوالي 170 جنيه مصري.  يوصى باستعمال لونا تان جيل لتسمير البشرة ل  لونا تان جيل مناسب لجميع أنواع البشرة فهو يساعدك للحصول على لون برونزي مميز، وإضفاء لمسة من الإشراق والجاذبية على بشرتك بالإضافة إلى حماية البشرة من الخطوط والتجاعيد، وكذلك يرطب البشرة ويزيد نعومتها ويكسبها مظهراً أكثر شباباً.  ما هو أفضل تان للجسم لتسمير البشرة؟  زيت بيزلاين لتسمير البشرة.  زيت إيفا صن أند سي.  نيفيا تاننج أويل.  بوباي جيل لتسمير البشرة.  لونا تان جيل.,ماركة: لونا
50046,ستارفيل | وايتينج جيل | 60جم,starville whitening gel spf 60gm ikl9,150,EGP,ستارفيل,العناية بالبشرة>,in stock,https://chefaa.com:443/eg-ar/nowProduct/starville-whitening-gel-spf-50-60gm-ikl9,https://cdn.chefaa.com/filters:format(webp)/public/uploads/products/starville-whitening-gel-spf-50-60gm-1mal-01730721808.png,https://cdn.chefaa.com/filters:format(webp)/public/uploads/products/starville-whitening-gel-spf-50-60gm-1mal-01730721808.png,مميزات المنتج   ستارفيل | وايتينج جيل | 60جم,ماركة: ستارفيل
52454,ليكسورا | بادي ميلك لبشرة مشرقة | 200مل,lixora moisturizing whitening body milk for all skin types parabens freejBB6,300,EGP,No Brand,العناية بالبشرة>الترطيب,in stock,https://chefaa.com:443/eg-ar/nowProduct/lixora-sk-moisturizing--whitening-body-milk-for-all-skin-types--parabens-freejBB6,https://cdn.chefaa.com/filters:format(webp)/public/uploads/products/lixora-sk-moisturizing-whitening-body-milk-for-all-skin-types-parabens-freejbb6-01735905943.png,https://cdn.chefaa.com/filters:format(webp)/public/uploads/products/lixora-sk-moisturizing-whitening-body-milk-for-all-skin-types-parabens-freejbb6-01735905943.png,مميزات المنتج   ليكسورا | بادي ميلك لبشرة مشرقة | 200مل,raw_specs: المواصفات
25635,نتاريا | كريم | 50جرام,nataria cream 50gm 6huo,90,EGP,No Brand,العناية بالبشرة>الترطيب,in stock,https://chefaa.com:443/eg-ar/nowProduct/nataria-cream-50gm-6huo,https://cdn.chefaa.com/filters:format(webp)/public/uploads/products/nataria-cream-50gm-a2vp-01668572980.png,https://cdn.chefaa.com/filters:format(webp)/public/uploads/products/nataria-cream-50gm-a2vp-01668572980.png,مميزات المنتج   نتاريا | كريم | 50جرام,raw_specs: المواصفات
56447,ستارفيل | غسول فوم مرطب بالافندر للمناطق الحساسة | 150مل,starville femme intimate cleansinghydrate mldWvA,230,EGP,ستارفيل,العناية بالبشرة>,in stock,https://chefaa.com:443/eg-ar/nowProduct/starville-femme-intimate-cleansinghydrate-150-mldWvA,https://cdn.chefaa.com/filters:format(webp)/public/uploads/products/starville-femme-intimate-cleansinghydrate-150-mldwva-01733242187.png,https://cdn.chefaa.com/filters:format(webp)/public/uploads/products/starville-femme-intimate-cleansinghydrate-150-mldwva-01733242187.png,مميزات المنتج   ستارفيل | غسول فوم مرطب بالافندر للمناطق الحساسة | 150مل,ماركة: ستارفيل
56453,ستارفيل | منظف الوجه المفتح للبشره | 100مل,starville whitening cleanser 100mlcYwi,95,EGP,ستارفيل,العناية بالبشرة>,in stock,https://chefaa.com:443/eg-ar/nowProduct/starville-whitening-cleanser-100mlcYwi,https://cdn.chefaa.com/filters:format(webp)/public/uploads/products/starville-whitening-cleanser-100mlcywi-01733243320.png,https://cdn.chefaa.com/filters:format(webp)/public/uploads/products/starville-whitening-cleanser-100mlcywi-01733243320.png,مميزات المنتج   ستارفيل | منظف الوجه المفتح للبشره | 100مل,ماركة: ستارفيل
7669,افين | سيكالفاتي مرطب الشفاه | 10مل,avene cicalfate lip balm 10ml fuwr,599,EGP,افين,العناية بالبشرة>,in stock,https://chefaa.com:443/eg-ar/nowProduct/avene-cicalfate-lip-balm-10ml-fuwr,https://cdn.chefaa.com/filters:format(webp)/public/uploads/products/1632647246avene-cicalfate-lip-balm-10mljpg,https://cdn.chefaa.com/filters:format(webp)/public/uploads/products/1632647246avene-cicalfate-lip-balm-10mljpg,مميزات المنتج   لطيف: آمن للاستخدام على الشفاه شديدة الجفاف و المتشققة والمناطق الموضعية. يرمم: يحبس الرطوبة للراحة مع تسهيل الانتعاش. الهيدرات: تركيبة مقاومة للماء تمتص بسرعة لترطيبها لمدة 6 ساعات.   عن هذا المنتج     يحافظ كريم الشفاه الحريري على الرطوبة لتهدئة البشرة وترطيبها مع تسهيل عملية التعافي.   توفر العناية بالشفاه المقاومة للماء تغذية وحماية تدوم طويلاً للشفاه الرقيقة.     طريقة الاستخدام:     يوضع كلما دعت الحاجة.   كل انواع البشرة.,ماركة: افين
6015,إيڤا سكين كير | كريم بشرة بالعسل | 170جم,eva cream with honey 170gm mpsq,60,EGP,إيڤا,العناية بالبشرة>,in stock,https://chefaa.com:443/eg-ar/nowProduct/eva-cream-with-honey-170gm-mpsq,https://cdn.chefaa.com/filters:format(webp)/public/uploads/products/1619171886eva-cream-with-honey-chefaajpg,https://cdn.chefaa.com/filters:format(webp)/public/uploads/products/1619171886eva-cream-with-honey-chefaajpg,مميزات المنتج   يعيد لبشرتك نعومتها وتوازنها الطبيعي ويمنحها نضارة وإشراقة دائمة. للبشرة العادية.,ماركة: إيڤا
49755,كريم مرطب اليجون للبشرة الجافة | 75 جم,alejon dry skin moisturizing cream 75gm z2ld,210,EGP,No Brand,العناية بالبشرة>,in stock,https://chefaa.com:443/eg-ar/nowProduct/alejon-dry-skin-moisturizing-cream-75gm-z2ld,https://cdn.chefaa.com/filters:format(webp)/public/uploads/products/alejon-dry-skin-moisturizing-cream-75gm-eqcd-01730275946.png,https://cdn.chefaa.com/filters:format(webp)/public/uploads/products/alejon-dry-skin-moisturizing-cream-75gm-eqcd-01730275946.png,مميزات المنتج   يتميز مرطب اليجون للبشرة الجافة alejon moisturizing cream بما يلي: يحتوي على مكونات مرطبة عالية الجودة تساعد على توفير ترطيب طويل الأمد للبشرة، مما يقلل من الجفاف ويجعل البشرة ناعمة ومرنة. يمتاز بتركيبة خفيفة تمتصها البشرة بسهولة دون أن يترك شعورًا دهنيًا، مما يجعله مناسبًا للاستخدام اليومي. يحتوي على مستخلصات طبيعية تساعد على تهدئة البشرة وتغذيتها، مثل الألوفيرا، وزبدة الشيا التي تُعرف بخصائصها المغذية والمرطبة. خالٍ من العطور والبارابين والمواد المهيجة للبشرة. مناسب لأصحاب البشرة الجافة وشديدة الجفاف. يحافظ على حاجز البشرة الطبيعي ويكسبها النضارة والنعومة. سعر مرطب اليجون للبشرة الجافة مناسب مقارنة بفوائده العديدة.   عن هذا المنتج     مكونات مرطب اليجون للبشرة الجافة   يحتوي اليجون كريم على:  السيراميد (ceramide):  يساهم في الحفاظ على حاجز البشرة الطبيعي ويرطب البشرة بعمق.  حمض الهيالورونيك (hyaluronic acid): يمتلك قدرة عالية على جذب الماء والاحتفاظ بها، مما يجعله ممتازًا لترطيب البشرة.  زبدة الشيا (shea butter): تغذي البشرة وتحميها، كما توفر ترطيبًا عميقًا وتساعد على تهدئة البشرة الجافة والمتهيجة.  الجلسرين (glycerine): يعمل كمرطب فعال يجذب الرطوبة إلى الجلد، مما يساعد على إبقاء البشرة ناعمة ومرطبة، ويعمل كحاجز يحافظ على رطوبة البشرة ويمنع جفافها.  النياسيناميد (niacinamide): يحسن ملمس البشرة ويزيد من مرونتها ويخفف من الاحمرار والالتهاب.  الألوفيرا (aloe vera): يهدئ البشرة وتقلل من التهيج والاحمرار، مما يجعلها مفيدة للبشرة الحساسة، كما يعمل كمرطب طبيعي ويساهم في الحفاظ على رطوبة البشرة ونعومتها.  حجم عبوة alejon moisturizing cream   يتوفر كريم اليجون مرطب بحجم 75 جم.  سعر مرطب اليجون للوجه  يبلغ سعر كريم مرطب اليجون للوجه حوالي 170 جنيه مصري (سعر المنتج قد يتغير تبعاً لتحديث سعره في الأسواق أو حسب العروض المتاحة).  يوصى باستعمال اليجون كريم مرطب ل   كريم اليجون المرطب مناسب لأصحاب البشرة الجافة وشديدة الجفاف فهو يرطب ويغذي البشرة بعمق، ويساعد على الاحتفاظ برطوبتها لأطول فترة مما يمنح بشرتك مظهراً أكثر صحة ونعومة.  طريقة استخدام كريم اليجون مرطب   اغسلي بشرتك بالغسول المناسب.  جففيها بلطف بمنشفة قطنية ناعمة.  وزعي الكريم بالتساوي على الوجه والرقبة.  يمكنك استخدام الكريم مرتين يومياً صباحاً ومساءً.  ما هي فوائد كريم Alejon؟  يساعد الكريم على ترطيب وتغذية البشرة بشكل عميق.  يوفر ترطيباً للبشرة يدوم لفترة طويلة.  يحتوي على السيراميد الذي يعزز من تماسك خلايا البشرة ويساعد على تقوية الحاجز الواقي.   يساعد على تهدئة الجلد وتخفيف الالتهابات.  يغذي البشرة ويكسبها النعومة والمرونة.  يحمي البشرة من الجفاف والتشقق.  يمنح البشرة مظهرًا ناعمًا وصحيًا.  ما أفضل مرطب للبشرة شديدة الجفاف؟  سيرافي للبشرة الجافة cerave cream.  مويست وان moist one cream.  مرطب انفنتي infinity cream.  جليسوليد مرطب glysolid cream.  اليجون مرطب alejon cream.,raw_specs: المواصفات
50814,بيونيكس | كريم واقي شمس تينتيد SPF 50+| 50 مل,bionnex preventiva sun screen 50spf tinted creamHEDC,499,EGP,No Brand,العناية بالبشرة>الوقاية من الشمس,in stock,https://chefaa.com:443/eg-ar/nowProduct/bionnex-preventiva-sun-screen-50spf-tinted-creamHEDC,https://cdn.chefaa.com/filters:format(webp)/public/uploads/products/bionnex-preventiva-sun-screen-50spf-tinted-creamhedc-01734938903.png,https://cdn.chefaa.com/filters:format(webp)/public/uploads/products/bionnex-preventiva-sun-screen-50spf-tinted-creamhedc-01734938903.png,مميزات المنتج   بيونيكس | كريم واقي شمس تينتيد SPF 50+| 50 مل,raw_specs: المواصفات
47060,بيوسيلك | صابونة بالجليسرين بالبابايا | 100جم,biosilk glycerin soap with papaya i2t3,95,EGP,No Brand,العناية بالبشرة>الغسول,in stock,https://chefaa.com:443/eg-ar/nowProduct/biosilk-glycerin-soap-with-papaya-100-gm-i2t3,https://cdn.chefaa.com/filters:format(webp)/public/uploads/products/biosilk-glycerin-soap-with-papaya-100-gm-vba4-01725974681.png,https://cdn.chefaa.com/filters:format(webp)/public/uploads/products/biosilk-glycerin-soap-with-papaya-100-gm-vba4-01725974681.png,مميزات المنتج   بيوسيلك | صابونة بالجليسرين بالبابايا | 100جم,raw_specs: المواصفات
32314,فيشي | ليفت أكتيف سيروم للتجاعيد والبقع الداكنة بفيتامين ب3 | 30مل,vichy liftactiv serum dark spots wrinkles 30ml 7bxl,1500,EGP,فيشي,العناية بالبشرة>,in stock,https://chefaa.com:443/eg-ar/nowProduct/vichy-liftactiv-b3-serum-dark-spots-wrinkles-30ml-7bxl,https://cdn.chefaa.com/filters:format(webp)/public/uploads/products/vichy-liftactiv-b3-serum-dark-spots-wrinkles-30ml-5xjx-01697062231.png,https://cdn.chefaa.com/filters:format(webp)/public/uploads/products/vichy-liftactiv-b3-serum-dark-spots-wrinkles-30ml-5xjx-01697062231.png,مميزات المنتج   فيشي | ليفت أكتيف سيروم للتجاعيد والبقع الداكنة بفيتامين ب3 | 30مل,ماركة: فيشي
49686,كير & مور | زبدة شفاه برائحة الفراولة | 20جم,care more lip balm strawberry 4gm ib6r_du9pfXPe_duNe7zPD,55,EGP,كير & مور,العناية بالبشرة>الترطيب,in stock,https://chefaa.com:443/eg-ar/nowProduct/care-more-lip-balm-strawberry-4gm-ib6r_du9pfXPe_duNe7zPD,https://cdn.chefaa.com/filters:format(webp)/public/uploads/products/care-more-lip-balm-strawberry-4gm-ib6r-01723992277.png,https://cdn.chefaa.com/filters:format(webp)/public/uploads/products/care-more-lip-balm-strawberry-4gm-ib6r-01723992277.png,مميزات المنتج   كير & مور | زبدة شفاه برائحة الفراولة | 20جم,ماركة: كير & مور
51406,ديسار كريم تفتيح بحمض الهيالورونيك وفيتامين سي للعناية بالوجه | 50مل,disaar organic whitening nourishing moisturizing face cream with berry glutathione hyaluronic acid vitamin cOjAy,195,EGP,No Brand,العناية بالبشرة>الترطيب,in stock,https://chefaa.com:443/eg-ar/nowProduct/disaar-organic-whitening-nourishing--moisturizing-face-cream-with-berry-glutathione-hyaluronic-acid--vitamin-cOjAy,https://cdn.chefaa.com/filters:format(webp)/public/uploads/products/disaar-organic-whitening-nourishing-moisturizing-face-cream-with-berry-glutathione-hyaluronic-acid-vitamin-cojay-01731918261.png,https://cdn.chefaa.com/filters:format(webp)/public/uploads/products/disaar-organic-whitening-nourishing-moisturizing-face-cream-with-berry-glutathione-hyaluronic-acid-vitamin-cojay-01731918261.png,مميزات المنتج   ديسار كريم تفتيح بحمض الهيالورونيك وفيتامين سي للعناية بالوجه | 50مل,raw_specs: المواصفات
10762,إيڤا سكين كلينك | هيلورونيك اسيد | كريم ليلي | 45مل,eva skin clinic hyaluronic acid night cream 45ml hqui,250,EGP,إيڤا,العناية بالبشرة>الترطيب,in stock,https://chefaa.com:443/eg-ar/nowProduct/eva-skin-clinic-hyaluronic-acid-night-cream-45ml-hqui,https://cdn.chefaa.com/filters:format(webp)/public/uploads/products/eva-skin-clinic-hyaluronic-acid-night-cream-45ml-rg4i-1642435497.png,https://cdn.chefaa.com/filters:format(webp)/public/uploads/products/eva-skin-clinic-hyaluronic-acid-night-cream-45ml-rg4i-1642435497.png,عن هذا المنتج     كريم ليلي بحمض الهيالورونيك لبشرة ممتلئة ورطبه.,ماركة: إيڤا
7531,سيرافي لوشن مرطب ومغذي للوجه والجسم للبشرة الجافة وشديدة الجفاف | 473 مل,cerave daily moisturizing lotion 473ml rrix,1030,EGP,سيرافي,العناية بالبشرة>الترطيب,in stock,https://chefaa.com:443/eg-ar/nowProduct/cerave-daily-moisturizing-lotion-473ml-rrix,https://cdn.chefaa.com/filters:format(webp)/public/uploads/products/cerave-daily-moisturizing-lotion-473ml-rrix-01723384930.png,https://cdn.chefaa.com/filters:format(webp)/public/uploads/products/cerave-daily-moisturizing-lotion-473ml-rrix-01723384930.png,مميزات المنتج   سيرافي لوشن مرطب ومغذي للوجه والجسم للبشرة الجافة وشديدة الجفاف | 473 مل   عن هذا المنتج     مكونات لوشن سيرافي المرطب للبشرة الجافة:     سيراميد: يعمل على ترطيب البشرة وحماية الحاجز الطبيعي لرطوبة الجلد.   حمض الهيالورونيك: يعمل على الحفاظ على رطوبة البشرة وجعلها أكثر نعومة.     مميزات سيرافي لوشن للوجه والجسم:     يوفر ترطيب عميق للبشرة يستمر لـ24 ساعة.   مناسب للجسم وبشرة الوجه الحساسة والجافة وشديدة الجفاف.   يعمل على تقوية الحاجز الواقي للبشرة ويحميها من العوامل البيئية الضارة.   يتميز بتقنية (MVE) التي تعمل على ترطيب البشرة على مدار ال24 ساعة.   يساعد على تعزيز نعومة ونضارة البشرة.   مناسب للاستخدام اليومي في كل الفصول.   لا يسبب انسداد المسام.   لا يسبب حساسية البشرة.   خالي من العطور والزيوت.   يتميز بتركيبته الخفيفة سريعة الامتصاص.   تم تطويره مع أطباء الجلدية.   تم الموافقة عليه من قبل جمعية الإكزيما الوطنية.     حجم CeraVe Moisturizing Lotion For Dry to Very Dry Skin:     يتوفر بحجم 473 مل.     يوصي به:   اللوشن مناسب للبشرة الجافة وشديدة الجفاف حيث يعمل على ترطيب البشرة وحمايتها من الجفاف لفترة تصل إلى 24 ساعة.,ماركة: سيرافي
18230,ايزيس فارما | كريم نيوتون آي تفتيح محيط العين الهالات السوداء | 15مل,isis neotone eyes 15ml z2nd,799,EGP,إيزيس فارما,العناية بالبشرة>العناية بالعيون,in stock,https://chefaa.com:443/eg-ar/nowProduct/isis-neotone-eyes-15ml-z2nd,https://cdn.chefaa.com/filters:format(webp)/public/uploads/products/isis-neotone-eyes-15ml-z2nd-01722348440.png,https://cdn.chefaa.com/filters:format(webp)/public/uploads/products/isis-neotone-eyes-15ml-z2nd-01722348440.png,مميزات المنتج   ايزيس فارما | كريم نيوتون آي تفتيح محيط العين الهالات السوداء | 15مل,ماركة: إيزيس فارما
46160,ذا اوردينيري | منظف سكوالان يحوي 1% ريتينول | 30مل,the ordinary retinol squalane 30ml verr_duIpMvfA,650,EGP,ذا اورديناري,العناية بالبشرة>الغسول,in stock,https://chefaa.com:443/eg-ar/nowProduct/the-ordinary-retinol-02-in-squalane-30ml-verr_duIpMvfA,https://cdn.chefaa.com/filters:format(webp)/public/uploads/products/the-ordinary-retinol-02-in-squalane-30ml-verr-01710414753.png,https://cdn.chefaa.com/filters:format(webp)/public/uploads/products/the-ordinary-retinol-02-in-squalane-30ml-verr-01710414753.png,مميزات المنتج   ذا اوردينيري | منظف سكوالان يحوي 1% ريتينول | 30مل,ماركة: ذا اورديناري
1955,يورياج | كريم مغذي للبشرة الجافة والبشرة شديدة الجفاف و البشرة الحساسة | 200مل,uriage xemose cream,1260,EGP,يورياج,العناية بالبشرة>,in stock,https://chefaa.com:443/eg-ar/nowProduct/uriage-xemose-cream,https://cdn.chefaa.com/filters:format(webp)/public/uploads/products/uriage-xemose-cream-01669902893.png,https://cdn.chefaa.com/filters:format(webp)/public/uploads/products/uriage-xemose-cream-01669902893.png,مميزات المنتج   ﻿كريم مغذي للبشرة الجافة والبشرة شديدة الجفاف و البشرة الحساسة بيعمل على محاربة الترطيب والتغذية بعمق ومحاربة الجفاف والتشققات وتهدئة البشرة وحماية الطبقة الخارجية للجلد مخصص للوجة و الجسم يستخدم صباحا و مساءا.,ماركة: يورياج
2467,ماء ميسيلار نيفيا مزيل للمكياج بماء الورد | 400 مل,nivea skin breathe micellar rose water,320,EGP,نيفيا,العناية بالبشرة>الغسول,in stock,https://chefaa.com:443/eg-ar/nowProduct/nivea-skin-breathe-micellar-rose-water-400-ml,https://cdn.chefaa.com/filters:format(webp)/public/uploads/products/nivea-skin-breathe-micellar-rose-water-400-ml-01655307252.png,https://cdn.chefaa.com/filters:format(webp)/public/uploads/products/nivea-skin-breathe-micellar-rose-water-400-ml-01655307252.png,مميزات المنتج   يتميز ماء ميسيلار نيفيا بما يلي: يساعد على تنظيف البشرة والتخلص من الشوائب والأتربة. يزيل مكياج العينين والبشرة بدون أن يسبب انسداد للمسام. يحسن ملمس البشرة ويساعد على ترطيبها. يحافظ على حاجز البشرة ولا يسبب الحساسية. خالي من الروائح والكحول. سعر ماء ميسيلار نيفيا في مصر مناسب مقارنة بفوائده.   عن هذا المنتج     مكونات ماء ميسيلار نيفيا    يحتوي nivea micellar water على:  زيت اللوز: يرطب البشرة ويحسن ملمس الجلد.  الجلسرين: يزيد نعومة وترطيب البشرة.  حمض الستريك: يحمي البشرة من البكتيريا والالتهابات.  البانثينول: يعمل كمرطب وملطف للبشرة.  حجم نيفيا ماء ميسيلار  يتوفر ماء ميسيلار نيفيا للبشرة الدهنية بحجم 200 مل و400 مل.  يوصى باستعمال ماء ميسيلار نيفيا للبشرة الحساسة ل  مزيل مكياج نيفيا ماء ميسيلار مناسب لجميع أنواع البشرة وخاصة أصحاب البشرة الحساسة إذ يتميز بتركيبة لطيفة على البشرة تساعد على تنظيف المسام وتنقية البشرة.  فوائد ماء ميسيلار نيفيا  يساعد نيفيا ماء ميسيلار على تنظيف وتنقية البشرة والتخلص من الدهون الزائدة والشوائب، وكذلك يرطب البشرة ويكسبها النعومة والحيوية نظراً لاحتوائه على زيت اللوز المعروف بفوائده العديدة للبشرة، ويمكن استخدامه لإزالة المكياج.,ماركة: نيفيا
2496,نيفيا | سبراى بروتكت اند كير للحماية من الشمس للأطفال للبشرة الحساسةبمعامل حمايه +50 | 200مل,nivea spf plus sun kids sensitive 200ml,710,EGP,نيفيا,العناية بالبشرة>الوقاية من الشمس,in stock,https://chefaa.com:443/eg-ar/nowProduct/nivea-spf-50-plus-sun-kids-sensitive-200ml,https://cdn.chefaa.com/filters:format(webp)/public/uploads/products/nivea-spf-50-plus-sun-kids-sensitive-200ml-01655376554.png,https://cdn.chefaa.com/filters:format(webp)/public/uploads/products/nivea-spf-50-plus-sun-kids-sensitive-200ml-01655376554.png,"مميزات المنتج   نيفيا | سبراى بروتكت اند كير للحماية من الشمس للأطفال للبشرة الحساسةبمعامل حمايه +50  | 200مل   عن هذا المنتج     نيفيا سبراي الحماية من الشمس للأطفال Nivea Kids Sensitive Protect & Care Sun Spray مصمم خصيصاً لبشرة الأطفال الحساسة بمعامل حماية +50 لحمايتها من أشعة الشمس الضارة وتوفير مستوى عالي من الترطيب للبشرة التي قد تصاب بالجفاف نتيجة التعرض للشمس لفترات طويلة.   مكونات صن سبراى نيفيا للحماية من الشمس:   يتضمن تركيبة فريدة متطورة تعمل على مقاومة الماء وتلائم بشرة الأطفال الحساسة لكي تحميهم من حروق الشمس والالتهابات والإصابة بالجفاف نتيجة التعرض المستمر لأشعة الشمس.   مميزات سبراي نيفيا للحماية من الشمس:     ملائم لطبيعة البشرة الحساسة.   يحمي الجلد من أشعة الشمس فوق البنفسجية قصيرة وطويلة المدى UVA /UVB.   مقاوم للماء.   تركيبة خفيفة غير لزجة يمتصها الجلد سريعاً.   لا يترك أي أثر أو علامة على الملابس.   خالي من العطور لتقليل إصابة البشرة بالالتهابات.   يحمي الجلد من الإصابة بالحروق والالتهابات والجفاف نتيجة التعرض لأشعة الشمس.   يحتوي على عامل حماية عالي +50 ليوفر أقصي حماية للجلد.   تم اختباره من قبل أطباء الجلدية.   يقدم تغطية واسعة تستمر لفترة طويلة.   لا يسبب الحساسية.     طريقة استعمال نيفيا سبراي واقي الشمس للأطفال:     يتم استخدام البخاخ لوضع كمية ملائمة على البشرة   فرد الكريم وتدليكه حتى تمام امتصاصه.   يتم وضعه بشكل متكرر خاصة بعد السباحة أو التعرق.   يفضل تجنب الجلوس بشكل مباشر تحت أشعة الشمس.     الحجم والسعر:   حجم سبراي صن بلوك نيفيا:   يتوافر Nivea Kids Sensitive Sun Spray بحجم 200 مللي.   سعر سبراي الحماية للأطفال:    سعر Kids Sensitive Protect & Care Sun Spray from Nivea  حوالي 710 جنيه "" قد يتغير السعر من مكان لآخر ومن وقت لآخر"".   كيفية العناية ببشرة الطفل في حالة الإصابة بحروق الشمس:     يجب القيام بالإسعافات الأولية والتي تتمثل في الراحة وشرب كميات وفيرة من الماء والسوائل وأخذ حمام دافئ.   يمكن استخدام منتج أفتر صن من نيفيا ووضعه على أماكن الحروق وتدليكها برفق وذلك لاحتوائها على الألوفيرا الذي يعمل على ترطيب الجلد وتهدئة الإحمرار.   يمكن استخدام كمادات الماء الباردة لتهدئة الحروق والالتهابات لمدة تتراوح بين 1-2 ساعة.   عدم التعرض لأشعة الشمس لفترة من الوقت حتي تمام الشفاء.   يمكن استخدام مستخلص الكاموميل لما يميزه من القدرة على تهدئة البشرة.     أفضل المنتجات المستخدمة بعد التعرض لأشعة الشمس:     بروتكت آند مويستشر صن لوشن من نيفيا.   اسبراي الترطيب بعد التعرض لأشعة الشمس.   لوشن ترطيب البشرة بعد التعرض للشمس.",ماركة: نيفيا
2470,نيفيا | لوشن للترطيب والحماية من أشعة الشمس | 200مل,nivea after sun moisturising soothing lotion,650,EGP,نيفيا,العناية بالبشرة>الترطيب,in stock,https://chefaa.com:443/eg-ar/nowProduct/nivea-after-sun-moisturising-soothing-lotion-200-ml,https://cdn.chefaa.com/filters:format(webp)/public/uploads/products/nivea-after-sun-moisturising-soothing-lotion-200-ml-01655372667.png,https://cdn.chefaa.com/filters:format(webp)/public/uploads/products/nivea-after-sun-moisturising-soothing-lotion-200-ml-01655372667.png,مميزات المنتج   نيفيا | لوشن للترطيب والحماية من أشعة الشمس | 200مل   عن هذا المنتج     ﻿ ﻿ ﻿ ﻿ لاسمرار البشرة استخدمي هذا اللوشن بعد استخدام المنتجات المخصصة للشمس. تركيبة مخصصة لحماية البشرة المتعرضة لأشعة الشمس ومعالجتها وضمان اسمرار البشرة بشكل رائع ولفترة تدوم طويلا مزودة بالألوفيرا وزيت الأفوكادو لترطيب وعلاج البشرة بتركيبة كثيفة التركيبة تمتص سريعًا بفيتامين اي للحماية من الأشعة الضارة وتقليل علامات تقدم العمر.,ماركة: نيفيا
18038,نيفيا | مزيل مكياج العيون من ناتشورال فيرنيس | 125مل,nivea natural fairness double effect eye makeup remover 125ml s2qh,300,EGP,نيفيا,العناية بالبشرة>الغسول,in stock,https://chefaa.com:443/eg-ar/nowProduct/nivea-natural-fairness-double-effect-eye-makeup-remover-125ml-s2qh,https://cdn.chefaa.com/filters:format(webp)/public/uploads/products/nivea-natural-fairness-double-effect-eye-makeup-remover-125ml-s2qh-01655301449.png,https://cdn.chefaa.com/filters:format(webp)/public/uploads/products/nivea-natural-fairness-double-effect-eye-makeup-remover-125ml-s2qh-01655301449.png,مميزات المنتج   نيفيا | مزيل مكياج العيون من ناتشورال فيرنيس | 125مل   عن هذا المنتج     يزيل الكحل والماسكارا المقاومة للماء بشكل فعال.   مزيل مكياج العيون من نييا ناتشرال فيرنيس: يزيل بفعالية الكحل والماسكارا المقاومة للماء.   الاستعمال: رج العبوة جيداً قبل الاستخدام.   ضعيه على وسادة قطنية ونظفي منطقة العين.   يخزن في مكان بارد.,ماركة: نيفيا
3120,يوريبار | كريم يوريا للجسم وجلد الوزة | 200مل,urepar body cream 200ml,357,EGP,يوريبار,العناية بالبشرة>,in stock,https://chefaa.com:443/eg-ar/nowProduct/urepar-body-cream-200ml,https://cdn.chefaa.com/filters:format(webp)/public/uploads/products/urepar-body-cream-200ml-01675861820.png,https://cdn.chefaa.com/filters:format(webp)/public/uploads/products/urepar-body-cream-200ml-01675861820.png,"مميزات المنتج   يوريبار كريم يوريا (urepar cream) يوفر ترطيب عميق للبشرة شديدة الجفاف والبشرة التي تعاني من الصدفية والتقشر والاحمرار والخشونة  يعمل على تغذية البشرة. يعمل على تلطيف وتهدئة البشرة. يساعد على التخلص من خلايا الجلد الميتة وجلد الوزة. يُكسب البشرة مزيد من النعومة والنضارة. مناسب للبشرة الخشنة وشديدة الجفاف والتي تعاني من القشور والاحمرار. مناسب للجسم.   عن هذا المنتج     مكونات يوريبار كريم ( urepar body cream ) يحتوى hayah urepar body cream على: اليوريا بتركيز 10%: لها خصائص مرطبة ومقشرة للجلد وتساعد على التخلص من خلايا الجلد الميتة. زيت الصويا: يساعد على تعزيز رطوبة البشرة. الجليسرين: يعمل على ترطيب البشرة وحمايتها من الجفاف. زبدة الشيا: تعمل على ترطيب وتنعيم البشرة. urepar body cream سعر يبلغ سعر كريم يوريبار  لجلد الوزة حوالى 269 جنيه. ""قد يتغير سعر كريم urepar من وقت لاخر تبعاً لتغير السعر فى الصيدليات "" حجم كريم urepar يتوفر يوريبار كريم مرطب للجسم بحجم 200 مل. يوصي باستعمال كريم يوريبار للجسم يوريبار بودي كريم مناسب للبشرة الخشنة وشديدة الجفاف والبشرة التي تعاني من الصدفية والتقشر والاحمرار وخشونة الركبة والكوع ولمستخدمي العلاج الكيماوي، حيث يعمل على ترطيب البشرة وحمايتها من الجفاف لفترة طويلة. ما استخدامات كريم urepar ؟ يوريبار كريم مرطب للجسم يحتوي على اليوريا كمكون فعال وتشمل استخداماته: ترطيب الجلد الجاف والخشن. تقليل ظهور جلد الوزة. تحسين ملمس الجلد عن طريق تقشير الخلايا الميتة.  قد يُستخدم في حالات معينة مثل الإكزيما والصدفية. ما فائدة كريم يوريبار لجلد الوزة ؟ كريم يوريبار يساعد فى حالات جلد الوزة حيث يعمل على ترطيب الجلد وتقليل الجفاف. كما يساعد في إزالة الخلايا الميتة من سطح الجلد، مما يحسن ملمسه ، ويساهم في تقليل الالتهاب والاحمرار المرتبط بحالة جلد الوزة. ما طريقة استخدام كريم يوريبار ؟ تنظيف البشرة جيدًا بالماء والصابون اللطيف، ثم جففها بلطف. وضع كمية مناسبة من الكريم على المنطقة المراد علاجها.  تدليك الكريم برفق حتى يتم امتصاصه بالكامل. يُفضل استخدامه مرتين يوميًا (صباحًا ومساءً) أو حسب توجيهات الطبيب. ما افضل كريمات تحتوي على اليوريا ؟ كريم يوريبار اليجون يوريا كريم كريم هيبتا كارباميد كريم يوريكير",ماركة: يوريبار
21114,غارنييه | ماء ميسيلار منظف للوجه ومزيل للمكياج غني بالزيوت | 400مل,garnier micellar water face eyes lips argan oil cleanser and waterproof make remover 400ml zuqz,340,EGP,غارنييه,العناية بالبشرة>الغسول,in stock,https://chefaa.com:443/eg-ar/nowProduct/garnier-micellar-water-face-eyes-lips-argan-oil-cleanser-and-waterproof-make-up-remover-400ml-zuqz,https://cdn.chefaa.com/filters:format(webp)/public/uploads/products/garnier-micellar-water-face-eyes-lips-argan-oil-cleanser-and-waterproof-make-up-remover-400ml-zuqz-01721722394.png,https://cdn.chefaa.com/filters:format(webp)/public/uploads/products/garnier-micellar-water-face-eyes-lips-argan-oil-cleanser-and-waterproof-make-up-remover-400ml-zuqz-01721722394.png,مميزات المنتج   غارنييه | ماء ميسيلار منظف للوجه ومزيل للمكياج غني بالزيوت | 400مل   عن هذا المنتج     مكونات غارنييه ماء ميسيلار بزيت الارجان:     تقنية الميسيلار: عبارة عن جزيئات الميسيل والتي تساعد على تنظيف البشرة بعمق وإزالة المكياج والأتربة بسهولة.   زيت الأرجان: يعمل على إذابة المكياج الزيتي والمقاوم للماء، كما أنه يحافظ على ترطيب ونعومة البشرة.   الماء.     مميزات ماء ميسيلار بالزيت من غارنييه:     يعمل على إزالة مكياج العين والشفاه والوجه المقاوم للماء بفاعلية.   يعمل على تنقية المسام وتنظيف البشرة وإزالة الأتربة.   لا يسبب حساسية البشرة.   يساعد على تهدئة البشرة.   يًحافظ على نعومة وترطيب البشرة.   يتميز بتركيبته الخفيفة الغير دهنية.   لا يترك أي أثر على البشرة.   يعمل على تغذية البشرة.   مناسب لجميع أنواع البشرة حتى البشرة الحساسة.   تم اختباره من قبل أطباء الجلدية والعيون.   لا يغسل بعد الاستخدام.     حجم Garnier Micellar Cleansing Water In Oil:     يتوفر بحجم 400 مل.     يوصي به:   لجميع أنواع البشرة حتى البشرة الحساسة حيث يعمل على إزالة المكياج المقاوم للماء بسهولة، كما أنه يحافظ على ترطيب البشرة مما لا يسبب أي حساسية أو تهيج للجلد.,ماركة: غارنييه
45429,رو افريكان | جل الصبار | 150مل,raw african aloe vera gel 125ml_duLPLJBD,155,EGP,رو أفريكان,العناية بالبشرة>الترطيب,in stock,https://chefaa.com:443/eg-ar/nowProduct/raw-african-aloe-vera-gel-125ml_duLPLJBD,https://cdn.chefaa.com/filters:format(webp)/public/uploads/products/raw-african-aloe-vera-gel-125ml-dulpljbd-01757929483.png,https://cdn.chefaa.com/filters:format(webp)/public/uploads/products/raw-african-aloe-vera-gel-125ml-dulpljbd-01757929483.png,"عن هذا المنتج     ﻿ جل طبيعي 100% مخلوط بزيت الورد, الجوجوبا و زيت اللوز الحلو, مناسب للبشرة و الشعر حيث انه يرطب البشرة و يغذيها و يعالج الحبوب خاصة اذا تم خلطه بزيت شجرة الشاي, و ممتاز في علاج الحروق من الشمس و الندبات. اما للشعر فهو يغذيه و يطريه جدا وممتاز للقشرة و التهابات فروة الرأس و يمكن استخدامه كليف ان بعد الاستحمام و للشعر الكيرلي.  يحتوي علي العديد من الفيتامينات مثل فيتامين أ,ب, ج و ه و غني بحمض الفوليك.  لجميع أنواع البشرة و الشعر.",ماركة: رو أفريكان
50818,بايونيكس | سيروم مقشر بالاحماض | 30مل,bionnex the nordea organic concentrated face exfoliant with aha bha lingonberry extract for normal oily combination skin parabens free cruelty free,549,EGP,No Brand,العناية بالبشرة>السيروم,in stock,https://chefaa.com:443/eg-ar/nowProduct/bionnex-the-nordea-organic-concentrated-face-exfoliant-with-aha-bha--lingonberry-extract-for-normal-oily--combination-skin--parabens-free-cruelty-free,https://cdn.chefaa.com/filters:format(webp)/public/uploads/products/bionnex-the-nordea-organic-concentrated-face-exfoliant-with-aha-bha-lingonberry-extract-for-normal-oily-combination-skin-parabens-free-cruelty-free-01734864808.png,https://cdn.chefaa.com/filters:format(webp)/public/uploads/products/bionnex-the-nordea-organic-concentrated-face-exfoliant-with-aha-bha-lingonberry-extract-for-normal-oily-combination-skin-parabens-free-cruelty-free-01734864808.png,مميزات المنتج   بايونيكس | سيروم مقشر بالاحماض | 30مل,raw_specs: المواصفات
62844,تيترا هيدرو | غسول جل يومي للبشرة العادية المائلة للجافة | 200مل,tetra hydro daily creamy cleanser 7D90,140,EGP,مقام,العناية بالبشرة>الترطيب,in stock,https://chefaa.com:443/eg-ar/nowProduct/tetra-hydro-daily-creamy-cleanser-200-ml-7D90,https://cdn.chefaa.com/filters:format(webp)/public/uploads/products/tetra-hydro-daily-creamy-cleanser-200-ml-7d90-01756051181.png,https://cdn.chefaa.com/filters:format(webp)/public/uploads/products/tetra-hydro-daily-creamy-cleanser-200-ml-7d90-01756051181.png,مميزات المنتج   تيترا هيدرو | غسول جل يومي للبشرة العادية المائلة للجافة | 200مل   عن هذا المنتج     تيترا هيدرو | غسول جل يومي للبشرة العادية المائلة للجافة | 200مل,ماركة: مقام
32422,لابيلو | مقشر العناية بالشفاه بالصبار وفيتامين إي | 4.8جم,labello scrub aloe vera 48gm whlf,150,EGP,لابيلو,العناية بالبشرة>الترطيب,in stock,https://chefaa.com:443/eg-ar/nowProduct/labello-scrub-aloe-vera-48gm-whlf,https://cdn.chefaa.com/filters:format(webp)/public/uploads/products/labello-scrub-aloe-vera-48gm-6lrr-01697392768.png,https://cdn.chefaa.com/filters:format(webp)/public/uploads/products/labello-scrub-aloe-vera-48gm-6lrr-01697392768.png,مميزات المنتج   لابيلو | مقشر العناية بالشفاه بالصبار وفيتامين إي | 4.8جم,ماركة: لابيلو
51103,كير اند مور | زبدة شفاه روز | 20جم,care more lip butter rose 20ml4Jv7,50,EGP,كير & مور,العناية بالبشرة>,in stock,https://chefaa.com:443/eg-ar/nowProduct/care-more-lip-butter-rose-20ml4Jv7,https://cdn.chefaa.com/filters:format(webp)/public/uploads/products/care-more-lip-butter-rose-20ml4jv7-01734309803.png,https://cdn.chefaa.com/filters:format(webp)/public/uploads/products/care-more-lip-butter-rose-20ml4jv7-01734309803.png,مميزات المنتج   كير اند مور | زبدة شفاه روز | 20جم,ماركة: كير & مور
53878,فيكسيا | كريم في الور لتبييض المناطق الحساسة | 50مل,veexia vee allure whitening brightening moisturizing body cream for sensitive areasnQ3x,480,EGP,No Brand,العناية بالبشرة>,in stock,https://chefaa.com:443/eg-ar/nowProduct/veexia-vee-allure-whitening-brightening--moisturizing-body-cream-for-sensitive-areasnQ3x,https://cdn.chefaa.com/filters:format(webp)/public/uploads/products/veexia-vee-allure-whitening-brightening-moisturizing-body-cream-for-sensitive-areasnq3x-01735997466.png,https://cdn.chefaa.com/filters:format(webp)/public/uploads/products/veexia-vee-allure-whitening-brightening-moisturizing-body-cream-for-sensitive-areasnq3x-01735997466.png,مميزات المنتج   فيكسيا | كريم في الور لتبييض المناطق الحساسة | 50مل,raw_specs: المواصفات
50817,بيونيكس | سيروم ذا نورديا حمض الهيالورونيك | 30مل,bionnex the nordea hyaluronic acid serum mlTmXL,599,EGP,No Brand,العناية بالبشرة>السيروم,in stock,https://chefaa.com:443/eg-ar/nowProduct/bionnex-the-nordea-hyaluronic-acid-2-serum-30-mlTmXL,https://cdn.chefaa.com/filters:format(webp)/public/uploads/products/bionnex-the-nordea-hyaluronic-acid-2-serum-30-mltmxl-01734865010.png,https://cdn.chefaa.com/filters:format(webp)/public/uploads/products/bionnex-the-nordea-hyaluronic-acid-2-serum-30-mltmxl-01734865010.png,مميزات المنتج   بيونيكس | سيروم ذا نورديا حمض الهيالورونيك | 30مل,raw_specs: المواصفات
60472,ديرما اكتيف | كريم اكتي ريبير لليدين للأيدي الجافة والخشنة | 60مل,dermactive acti repair hand cream for dry rough hands 60ml ni9o,175,EGP,ديرما اكتيف,العناية بالبشرة>الترطيب,in stock,https://chefaa.com:443/eg-ar/nowProduct/dermactive-acti-repair-hand-cream-for-dry-rough-hands-60ml-ni9o,https://cdn.chefaa.com/filters:format(webp)/public/uploads/products/dermactive-acti-repair-hand-cream-for-dry-rough-hands-60ml-kojc-01740238492.png,https://cdn.chefaa.com/filters:format(webp)/public/uploads/products/dermactive-acti-repair-hand-cream-for-dry-rough-hands-60ml-kojc-01740238492.png,مميزات المنتج   ديرما اكتيف | كريم اكتي ريبير لليدين للأيدي الجافة والخشنة | 60مل,ماركة: ديرما اكتيف
49868,كريم اجيرا للتفتيح الوجه agera whitening cream | ٥٠ جم,agera lightening cream 50gm 6aoo,339,EGP,No Brand,العناية بالبشرة>الترطيب,in stock,https://chefaa.com:443/eg-ar/nowProduct/agera-lightening-cream-50gm-6aoo,https://cdn.chefaa.com/filters:format(webp)/public/uploads/products/agera-lightening-cream-50gm-z8f6-01730554469.png,https://cdn.chefaa.com/filters:format(webp)/public/uploads/products/agera-lightening-cream-50gm-z8f6-01730554469.png,مميزات المنتج   يتميز كريم اجيرا للتفتيح agera whitening cream بما يلي: يعتمد الكريم على تقنية Sepiwhite المتطورة التي تعمل على التقشير اللطيف لخلايا البشرة المشبعة بالميلانين المسبب للتصبغات، مما يؤدي إلى تفتيح البشرة بسرعة وفعالية. المكونات بتقنية النانو مما يساهم في امتصاص أسرع، ويعزز الفعالية بشكل كبير. يساعد على تقشير خلايا الجلد الميتة بلطف، مما يحسن ملمس البشرة ويكسبها النعومة. مناسب لمجموعة واسعة من أنواع وألوان البشرة، ويُظهر فعالية واضحة على التصبغات والبقع الداكنة. يساهم في علاج البقع الداكنة الناتجة عن الشمس أو التغيرات الهرمونية. يزيد نضارة وإشراق البشرة وتفتيحه يدوم لفترة طويلة. آمن وخفيف على البشرة ويمكن استخدامه ضمن الروتين اليومي للعناية بالبشرة. سعر كريم اجيرا للتفتيح مناسب مقارنة بفوائده العديدة للبشرة.   عن هذا المنتج     مكونات كريم اجيرا للتفتيح   يحتوي اجيرا كريم على:  حمض الهيالورونيك: مرطب قوي للبشرة يحتفظ بالرطوبة لأطول فترة كما يقلل مظهر التجاعيد والخطوط الدقيقة ويزيد نضارة البشرة.  تقنية النانو: تساهم في سرعة الامتصاص وتحسين الفعالية.  حجم عبوة agera whitening cream   يتوفر كريم اجيرا بحجم 50 جم.  سعر agera كريم   يبلغ سعر agera cream حوالي 255 جنيه مصري (سعر المنتج قد يتغير تبعاً لتحديث سعره في الصيدليات أو حسب العروض المتاحة).  يوصى باستعمال اجيرا كريم تفتيح ل   كريم اجيرا للتفتيح مناسب لجميع أنواع البشرة وخاصة من يعانون من البقع والتصبغات فهو يساعد على تفتيح البشرة وتوحيد لونها بشكل ملحوظ، كما يكسب البشرة النضارة والإشراق ويحسن ملمس الجلد.  طريقة استخدام كريم agera   اغسلي وجهك باستخدام غسول مناسب لنوع بشرتك وجففيه بلطف.  ضعي كمية صغيرة من الكريم على المناطق المراد تفتيحها.   دلكي الكريم بحركات دائرية حتى يتم امتصاصه بالكامل.  يُفضل استخدام الكريم مرتين يوميًا صباحًا ومساءً، للحصول على نتائج أفضل.  فوائد كريم agera   يساعد على تفتيح التصبغات والبقع الداكنة الناتجة عن أشعة الشمس أو التغيرات الهرمونية مثل كلف الحمل.  يوحد لون البشرة.  يقشر البشرة بلطف ويزيل خلايا الجلد الميت.  يزيد نضارة وشباب البشرة.  يرطب البشرة ويحميها من الجفاف.  يقلل مظهر التجاعيد والخطوط الدقيقة.  سريع المفعول وتعطي نتائج ملحوظة وفعالة.  آمن وخفيف على البشرة.  يحتوي على فيتامينات تغذي البشرة.  ما أفضل كريم تبييض الوجه في اسبوع؟  ايزيس وايت 4 يونيتون isis unitone 4 white.  يورياج ديبيديرم uriage depiderm.  ستارفيل جل starville gel.  ميلاتكس كريم melatex cream.  اجيرا كريم agera cream.,raw_specs: المواصفات
45724,ستارفيل | جل مرطب للبشرة الدهنية | 200جم,starville acne prone skin hydrating gel with tea tree 200ml ixdf_dunEd4qs,250,EGP,ستارفيل,العناية بالبشرة>الترطيب,in stock,https://chefaa.com:443/eg-ar/nowProduct/starville-acne-prone-skin-hydrating-gel-with-tea-tree-200ml-ixdf_dunEd4qs,https://cdn.chefaa.com/filters:format(webp)/public/uploads/products/starville-acne-prone-skin-hydrating-gel-with-tea-tree-200ml-9hfw-01716309324.png,https://cdn.chefaa.com/filters:format(webp)/public/uploads/products/starville-acne-prone-skin-hydrating-gel-with-tea-tree-200ml-9hfw-01716309324.png,مميزات المنتج   ستارفيل | جل مرطب للبشرة الدهنية | 200جم,ماركة: ستارفيل
54888,سيرافى | جل التحكم في العيوب | 40 مل,cerave blemish control gel 40mlzTSA,474,EGP,No Brand,العناية بالبشرة>,in stock,https://chefaa.com:443/eg-ar/nowProduct/cerave-blemish-control-gel-40mlzTSA,https://cdn.chefaa.com/filters:format(webp)/public/uploads/products/cerave-blemish-control-gel-40mlztsa-01735403731.png,https://cdn.chefaa.com/filters:format(webp)/public/uploads/products/cerave-blemish-control-gel-40mlztsa-01735403731.png,مميزات المنتج   سيرافى | جل التحكم في العيوب | 40 مل   عن هذا المنتج     سيرافى | جل التحكم في العيوب | 40 مل,raw_specs: المواصفات
2459,نيفيا | الازرق كريم مرطب للجسم | 150مل,nivea body moisturizing cream metal,210,EGP,نيفيا,العناية بالبشرة>الترطيب,in stock,https://chefaa.com:443/eg-ar/nowProduct/nivea-body-moisturizing-cream-metal-150,https://cdn.chefaa.com/filters:format(webp)/public/uploads/products/nivea-body-moisturizing-cream-metal-150-01655028001.png,https://cdn.chefaa.com/filters:format(webp)/public/uploads/products/nivea-body-moisturizing-cream-metal-150-01655028001.png,مميزات المنتج   نيفيا | الازرق كريم مرطب للجسم | 150مل   عن هذا المنتج          عناية وقائية فعالة.    كريم ترطيب.    مثالي للاستخدام اليومي لتوفير العناية للازمة للبشرة.    مصرح به كمنتج لطيف على الجلد ومتطابق مع البشرة ولا يسبب أية تفاعلات جلدية.,ماركة: نيفيا
30756,سيباكلار | تونر للبشرة الدهنية والمعرضة لحب الشباب | 200مل,sebaclar tonic lotion 200ml i7hm,286,EGP,سيباكلار,العناية بالبشرة>الغسول,in stock,https://chefaa.com:443/eg-ar/nowProduct/sebaclar-tonic-lotion-200ml-i7hm,https://cdn.chefaa.com/filters:format(webp)/public/uploads/products/sebaclar-tonic-lotion-200ml-i7hm-01753082443.png,https://cdn.chefaa.com/filters:format(webp)/public/uploads/products/sebaclar-tonic-lotion-200ml-i7hm-01753082443.png,"مميزات المنتج   :تونر سيباكلار للبشرة الدهنية والمعرضة لحب الشباب يعمل على تقليل المسام بشكل ملحوظ. يعمل على التحكم في الإفرازات الدهنية. يساعد على تقليل لمعان البشرة. يساعد على تهدئة وتقليل التهابات البشرة. يُكسب البشرة مزيد من النعومة والنضارة. يعمل على القضاء على البكتيريا المسببة لحب الشباب. مناسب للبشرة الدهنية والمعرضة للحبوب.   عن هذا المنتج     مكونات تونر سيباكلار للبشرة الدهنية والمعرضة لحب الشباب الزنك بيروليدون حمض الكربوكسيليك (ZINC PCA): يساعد على تقليل والتحكم في الإفرازات الدهنية وتنقية البشرة. حمض الساليسيليك: له خصائص مضادة للالتهابات ويساعد على تقشير البشرة وتنقية المسام وتقليل ظهور الرؤوس السوداء. البيوتين: يعمل على تحسين مظهر البشرة وجعلها أكثر نضارة ونعومة. البيسابولول: له خصائص مضادة للأكسدة والالتهابات. سعر تونر سيباكلار للبشرة الدهنية سعر تونر sebaclar حوالى 215 جنيه مصرى. "" قد يتغير السعر من وقت لاخر تبعاً لتغير سعره فى الاسواق "" حجم سيباكلار تونر للبشرة الدهنية يتوافر sebaclar toner بحجم 200 مل. يوصي باستعمال sebaclar toner تونر sebaclar مناسب للبشرة الدهنية المعرضة لحب الشباب حيث يعمل على التحكم في الإفرازات الدهنية وتقليل المسام وتهدئة وتقليل التهابات البشرة بشكل واضح للحصول على بشرة أكثر نعومة ونضارة. طريقة استخدام تونر سيباكلار sebaclar tonic lotion استخدامه كالتالى: بللي قطعة من القطن بالتونر ثم مرريها على وجهك ورقبتك بالكامل . يمكنك أيضًا وضع بضع قطرات من التونر في راحة يديك ثم الضغط عليها على وجهك. للحصول على أفضل النتائج، استخدمي التونر صباحًا ومساءً. ما هى فوائد تونر سيباكلار ؟ سيباكلار تونيك لوشن يمكن أن يساعد على استعادة التوازن والنضارة للبشرة ، وتقليل ظهور المسام، وشد الجلد بشكل مؤقت. ما افضل تونر للبشرة الدهنية ؟ لاروش بوزيه ايفاكلار Effaclar toner سيباكلار تونر للبشرة الدهنية تونر اليجون للوجه والرقبة غارنييه ماء ميسيلار الوردى",ماركة: سيباكلار
62843,تيترا هيدرو | لوشن لترطيب الجسم لجميع أنواع البشرة | 250مل,tetra hydro ceramide lotion pjFk,265,EGP,مقام,العناية بالبشرة>الترطيب,in stock,https://chefaa.com:443/eg-ar/nowProduct/tetra-hydro-ceramide-lotion-250-ml-pjFk,https://cdn.chefaa.com/filters:format(webp)/public/uploads/products/tetra-hydro-ceramide-lotion-250-ml-pjfk-01756051022.png,https://cdn.chefaa.com/filters:format(webp)/public/uploads/products/tetra-hydro-ceramide-lotion-250-ml-pjfk-01756051022.png,مميزات المنتج   تيترا هيدرو | لوشن لترطيب الجسم لجميع أنواع البشرة | 250مل   عن هذا المنتج     تيترا هيدرو | لوشن لترطيب الجسم لجميع أنواع البشرة | 250مل,ماركة: مقام
5859,جونسون | كريم الترطيب لجميع انواع البشرة | 100جم,johnson body care regular cream 100gm jnsc,75,EGP,جونسون,العناية بالبشرة>,in stock,https://chefaa.com:443/eg-ar/nowProduct/johnson-body-care-regular-cream-100gm-jnsc,https://cdn.chefaa.com/filters:format(webp)/public/uploads/products/johnson-body-care-regular-cream-100gm-jnsc-01724579483.png,https://cdn.chefaa.com/filters:format(webp)/public/uploads/products/johnson-body-care-regular-cream-100gm-jnsc-01724579483.png,مميزات المنتج   لوشن مرطب للجسم ومناسب لجميع أنواع البشرة.,ماركة: جونسون
2424,لاروش بوزيه | ايفاكلار تونر للبشرة الدهنية | 200مل,roche posay effaclar toner astringent lotion micro exfoliant 200ml,715,EGP,لاروش بوزيه,العناية بالبشرة>,in stock,https://chefaa.com:443/eg-ar/nowProduct/la-roche-posay-effaclar-toner-astringent-lotion-micro-exfoliant-200ml,https://cdn.chefaa.com/filters:format(webp)/public/uploads/products/1608641910-0000s-0034-3433422408159png,https://cdn.chefaa.com/filters:format(webp)/public/uploads/products/1608641910-0000s-0034-3433422408159png,مميزات المنتج   لاروش بوزيه | ايفاكلار تونر للبشرة الدهنية | 200مل   عن هذا المنتج     مكونات تونر ايفاكلار من لاروش بوزيه:     حمض الساليسيليك (Salicylic acid): يساعد على تقشير البشرة.   حمض ليبو هيدروكسي (LHA): يعمل على تقشير البشرة دون التسبب في حساسية البشرة.   مياه لاروش بوزيه الحرارية: لها خصائص مهدئة وملطفة للجلد.   الجليسرين: يعمل على ترطيب البشرة وحمايتها من الجفاف والتشققات.     مميزات لاروش بوزيه ايفاكلار تونر:      يساعد على تقشير البشرة وتنقية المسام بفاعلية.   يعمل على تقليل حجم ومظهر المسام بشكل ملحوظ وواضح.   يساعد على إزالة الزيوت والدهون المتراكمة على البشرة.    يعمل على التحكم في الإفرازات الدهنية.   يعمل على تهدئة البشرة.   مناسب للبشرة الدهنية والبشرة المعرضة لحب الشباب.   لا يسبب انسداد المسام.   لا يسبب حساسية البشرة.   تم اختباره من قبل أطباء الجلدية.   خالي من الزيوت والبارابين.     حجم La Roche-Posay Effaclar Lotion Astringent Micro-Exfoliating Toner:     يتوفر بحجم 200 مل.     يوصي به:   التونر مناسب للبشرة الدهنية المعرضة لحب الشباب حيث يعمل على تقشير البشرة وتقليل حجم المسام بشكل واضح للحصول على بشرة نضرة ومتألقة.,ماركة: لاروش بوزيه
7537,سيرافي لوشن نهاري مرطب للوجه للبشرة العادية والجافة - SPF 30 | ٥٢ مل,cerave moisturizing day lotion 52ml bav7,528,EGP,سيرافي,العناية بالبشرة>,in stock,https://chefaa.com:443/eg-ar/nowProduct/cerave-moisturizing-day-lotion-52ml-bav7,https://cdn.chefaa.com/filters:format(webp)/public/uploads/products/cerave-moisturizing-day-lotion-52ml-bav7-01723387003.png,https://cdn.chefaa.com/filters:format(webp)/public/uploads/products/cerave-moisturizing-day-lotion-52ml-bav7-01723387003.png,عن هذا المنتج     مكونات لوشن الوجه من سيرافي:     سيراميد: يعمل على ترطيب البشرة وحماية الحاجز الطبيعي لرطوبة الجلد.   حمض الهيالورونيك: يعمل على الحفاظ على رطوبة البشرة وجعلها أكثر نعومة.   عامل حماية من الشمس  SPF 30  : يحمي من أشعة الشمس فوق البنفسجية من النوع UVA و UVB.     مميزات سيرافي ايه ام لوشن الوجه:     يتميز بمعامل حماية SPF 30 لتوفير حماية  جيدة من الشمس.   يوفر ترطيب عميق للبشرة طوال اليوم.   يحمى من أشعة الشمس الفوق بنفسجية الضارة من النوع UVA/UVB.   يتميز بتقنية (MVE) التي تعمل على ترطيب البشرة على مدار اليوم.   يعمل على تقوية الحاجز الواقي للبشرة ويحميها من العوامل البيئية الضارة.   يساعد على تعزيز نعومة ونضارة البشرة.   لا يسبب انسداد المسام.   لا يسبب حساسية البشرة.   خالي من العطور.   مناسب للوجه للبشرة العادية والجافة والبشرة الحساسة.   يتميز بتركيبته الخفيفة سريعة الامتصاص.   تم تطويره مع أطباء الجلدية.   تم الموافقة عليه من قبل جمعية الإكزيما الوطنية.     حجم CeraVe AM Facial Moisturising Lotion With SPF 30 for Normal to Dry Skin:     يتوفر بحجم 52 مل.     يوصي به:   اللوشن مناسب للبشرة العادية والجافة والحساسة حيث يعمل على  ترطيب وحماية البشرة من الجفاف طوال اليوم ، كما يعمل على حماية البشرة من أضرار أشعة الشمس الفوق بنفسجية.,ماركة: سيرافي
55040,ديرماكتف | اكتى جلو محدد لون محيط العين | 15مل,dermactive actiglow eye contour 15mlBg2H,269,EGP,ديرما اكتيف,العناية بالبشرة>,in stock,https://chefaa.com:443/eg-ar/nowProduct/dermactive-actiglow-eye-contour-15mlBg2H,https://cdn.chefaa.com/filters:format(webp)/public/uploads/products/dermactive-actiglow-eye-contour-15mlbg2h-01733095864.png,https://cdn.chefaa.com/filters:format(webp)/public/uploads/products/dermactive-actiglow-eye-contour-15mlbg2h-01733095864.png,مميزات المنتج   ديرماكتف | اكتى جلو محدد لون محيط العين | 15مل,ماركة: ديرما اكتيف
52358,لاروش بوزيه | لوشن ليبيكار بوم لايت بالم | 200مل,rochposay lipikar baume apm mlgYhu,998,EGP,لاروش بوزيه,العناية بالبشرة>الترطيب,in stock,https://chefaa.com:443/eg-ar/nowProduct/la-rochposay-lipikar-baume-apm-200-mlgYhu,https://cdn.chefaa.com/filters:format(webp)/public/uploads/products/la-rochposay-lipikar-baume-apm-200-mlgyhu-01732540352.png,https://cdn.chefaa.com/filters:format(webp)/public/uploads/products/la-rochposay-lipikar-baume-apm-200-mlgyhu-01732540352.png,مميزات المنتج   لاروش بوزيه | لوشن ليبيكار بوم لايت بالم | 200مل,ماركة: لاروش بوزيه
6016,إيڤا سكين كير | كريم بشرة بالزبادى والخيار | 20جم,eva cream with yoghurt and cucumber 20gm axue,15,EGP,إيڤا,العناية بالبشرة>,in stock,https://chefaa.com:443/eg-ar/nowProduct/eva-cream-with-yoghurt-and-cucumber-20gm-axue,https://cdn.chefaa.com/filters:format(webp)/public/uploads/products/1619173182eva-cream-with-yoghurt-and-cucumber-chefaajpg,https://cdn.chefaa.com/filters:format(webp)/public/uploads/products/1619173182eva-cream-with-yoghurt-and-cucumber-chefaajpg,مميزات المنتج   تركيبة فريدة تمنح البشرة الدهنية توازنها الطبيعي من دون أن تفقدها ترطيبها اللازم. للبشرة الدهنية.,ماركة: إيڤا
51925,غارنية | فاست كلير للحبوب غسول مقشر يومي | 150مل,garnier fast clear for acne daily wash mleQqc,190,EGP,غارنييه,العناية بالبشرة>,in stock,https://chefaa.com:443/eg-ar/nowProduct/garnier-fast-clear-for-acne-daily-wash-150-mleQqc,https://cdn.chefaa.com/filters:format(webp)/public/uploads/products/garnier-fast-clear-for-acne-daily-wash-150-mleqqc-01732618183.png,https://cdn.chefaa.com/filters:format(webp)/public/uploads/products/garnier-fast-clear-for-acne-daily-wash-150-mleqqc-01732618183.png,مميزات المنتج   غارنية | فاست كلير للحبوب غسول مقشر يومي | 150مل,ماركة: غارنييه
21004,جونسون | كريم لترطيب البشرة الجافة بالجلسرين | 100جم,johnson white cream 100g dcft,75,EGP,جونسون,العناية بالبشرة>,in stock,https://chefaa.com:443/eg-ar/nowProduct/johnson-white-cream-100g-dcft,https://cdn.chefaa.com/filters:format(webp)/public/uploads/products/johnson-white-cream-100g-dcft-01722414248.png,https://cdn.chefaa.com/filters:format(webp)/public/uploads/products/johnson-white-cream-100g-dcft-01722414248.png,مميزات المنتج   كريم إيفا جلسرين لترطيب البشرة بشكل مكثف وحمايتها من الجفاف.,ماركة: جونسون
6104,سيباكلار | مقشر للبشرة الدهنية | 50مل,sebaclar exfoliating cream 50ml lmar,286,EGP,سيباكلار,العناية بالبشرة>الغسول,in stock,https://chefaa.com:443/eg-ar/nowProduct/sebaclar-exfoliating-cream-50ml-lmar,https://cdn.chefaa.com/filters:format(webp)/public/uploads/products/sebaclar-exfoliating-cream-50ml-lmar-01753082149.png,https://cdn.chefaa.com/filters:format(webp)/public/uploads/products/sebaclar-exfoliating-cream-50ml-lmar-01753082149.png,مميزات المنتج   يتميز كريم مقشر سيباكلار sebaclar exfoliating cream بما يلي: له تركيبة مميزة تساعد على تقشير البشرة الدهنية والمعرضة للحبوب. يساعد في إزالة خلايا الجلد الميتة بلطف دون التسبب في جفاف أو تهيج البشرة، مما يعزز تجديد البشرة ويمنحها مظهرًا أكثر نضارة. يساعد على تنظيم إفراز الزيوت في البشرة، مما يقلل من لمعان الوجه. يحسن ملمس البشرة، مما يجعلها أكثر نعومة ومرونة، ويساعد على تقليل ظهور المسام الواسعة. يقلل من ظهور الحبوب والبثور والرؤوس السوداء. سعر كريم مقشر سيباكلار مناسب مقارنة بفوائده العديدة للبشرة.   عن هذا المنتج     مكونات كريم مقشر سيباكلار   يحتوي سيباكلار مقشر على:  حمض الساليسيليك (Salicylic Acid): يعمل كمقشر كيميائي يساعد في إزالة خلايا الجلد الميتة وتنقية المسام كما يقلل الحبوب والتهابات البشرة.من سطح البشرة.  حبيبات البامبو (Bamboo Particles): تعمل كمقشر فيزيائي لطيف يساعد على إزالة خلايا الجلد الميتة من سطح البشرة وتحسين ملمس الجلد.  حبيبات الجوجوبا (jojoba particles): تقشر الجلد بلطف لذلك تناسب البشرة الحساسة، كذلك لها خصائص مرطبة ومهدئة للبشرة.  حجم عبوة sebaclar exfoliating cream   يتوفر كريم مقشر سيباكلار بحجم 50 مل.  سعر مقشر سيباكلار   سعر سيباكلار كريم مقشر حوالي 215 جنيه مصري (سعر المنتج قد يتغير تبعاً لتغير سعره في الصيدليات أو حسب العروض المتاحة).  يوصى باستعمال سيباكلار كريم مقشر ل   مقشر سيباكلار مناسب لأصحاب البشرة الدهنية والمعرضة للحبوب فهو يقشر البشرة ويساعد على التخلص من البثور والرؤووس السوداء، مما يمنحك بشرة صافية وأكثر نضارة ونعومة.  طريقة استخدام sebaclar exfoliating cream   اغسلي بشرتك بالغسول المناسب ثم جففيها بمنشفة قطنية.  ضعي كمية مناسبة من الكريم على بشرتك ووزعيها بالتساوي.  اتركيه لمدة 5 دقائق ثم اشطفيه بالماء.  استخدمي الكريم 3 مرات أسبوعياً.  كم مدة بقاء المقشر على الوجه؟  يمكنك ترك كريم سيباكلار المقشر على الوجه لمدة 5 دقائق، من المهم عدم ترك الكريم على البشرة لفترة طويلة لتجنب حدوث التهاب أو تهيج.  ماذا يفعل كريم sebaclar؟  يساعد الكريم على:  تقشير البشرة وإزالة الجلد الميت.  تنقية المسام والتخلص من الرؤوس السوداء والبثور.  التحكم في إفراز الزيوت وتقليل لمعان البشرة.  تقليل ظهور الحبوب.  زيادة نعومة البشرة وتحسين ملمس الجلد.  ما أسرع كريم تقشير للوجه؟  أكرين كريم akren cream.  كريم ريتن أ  retin A cream.  كريم سيباكلار sebaclar cream.  كريم ايفاكلار ديو effaclar duo cream.,ماركة: سيباكلار
21085,ميلاتكس | سيروم فيتامين سي | 30مل,melatex vit serum 30ml 15rx,483,EGP,ميلاتيكس,العناية بالبشرة>السيروم,in stock,https://chefaa.com:443/eg-ar/nowProduct/melatex-vit-c-10-serum-30ml-15rx,https://cdn.chefaa.com/filters:format(webp)/public/uploads/products/melatex-vit-c-10-serum-30ml-atp4-01655992737.png,https://cdn.chefaa.com/filters:format(webp)/public/uploads/products/melatex-vit-c-10-serum-30ml-atp4-01655992737.png,"مميزات المنتج   سيروم ميلاتكس فيتامين سي (melatex vitamin c serum ) يتميز بما يلى: يساعد على تفتيح وتوحيد لون البشرة. يعمل على تقليل بهتان الجلد وتصحيح عيوب البشرة. يعمل على تجديد خلايا البشرة واستعادة نضارتها. يعمل على مقاومة التجاعيد والخطوط الدقيقة ومكافحة علامات تقدم العمر. يٌكسب البشرة مزيد من المرونة والنعومة والنضارة. يحافظ على رطوبة البشرة ويحميها من الجفاف. لا يسبب انسداد المسام أو حبوب البشرة. مناسب لجميع أنواع البشرة حتى البشرة الحساسة. يتميز بتركيبته الخفيفة سريعة الامتصاص التي لا تترك أثر على البشرة. لا يسبب حساسية البشرة. تم اختباره من قبل أطباء الجلدية.   عن هذا المنتج     مكونات سيروم ميلاتكس فيتامين سي  يحتوى ميلاتكس سيرم على: فيتامين سي  بتركيز 10%: له خصائص مضادة للأكسدة ، يعمل على تفتيح البشرة وتقليل التجاعيد وتعزيز إنتاج الكولاجين وتعزيز نضارة البشرة. فيتامين أ:  له خصائص مضادة للأكسدة ويعمل على تقليل التجاعيد، كما يساعد على تعزيز إنتاج الكولاجين وتحفيز تجدد خلايا البشرة. فيتامين هـ: له خصائص مضادة للأكسدة ويساعد فى الحفاظ على رطوبة الجلد وتحفيز تجدد خلايا البشرة. زيت بذور الجوجوبا: له خصائص مضادة للالتهابات ويعمل على ترطيب وتهدئة البشرة وتقليل الاحمرار. حجم melatex vitamin c serum يتوافر melatex vit c serum بحجم 30 مل. melatex serum سعر سعر سيروم ميلاتكس يبلغ حوالى 365 جنيه. "" قد يتغير melatex c serum سعر من وقت لاخر تبعاً لتغيره فى الصيدليات   يوصي باستعمال ميلاتكس سيرم   سيروم ميلاتكس مناسب لجميع أنواع البشرة التي تعاني من التجاعيد والخطوط الدقيقة والجفاف وبهتان الجلد وفقدان مرونة البشرة حيث يعمل على محاربة التجاعيد وعلامات تقدم العمر وتقليل التصبغات وتوحيد لون البشرة وجعلها أكثر نضارة وإشراق.",ماركة: ميلاتيكس
13,نيفيا | غسول للوجة الازرق للبشرة العادية للرجال والنساء | 150مل,nivea refreshing face wash normal skin,270,EGP,نيفيا,العناية بالبشرة>الغسول,in stock,https://chefaa.com:443/eg-ar/nowProduct/nivea-refreshing-face-wash-normal-skin,https://cdn.chefaa.com/filters:format(webp)/public/uploads/products/nivea-refreshing-face-wash-normal-skin-01668077836.png,https://cdn.chefaa.com/filters:format(webp)/public/uploads/products/nivea-refreshing-face-wash-normal-skin-01668077836.png,"مميزات المنتج   نيفيا | غسول للوجة الازرق للبشرة العادية للرجال والنساء | 150مل   عن هذا المنتج         ﻿ ﻿ ﻿ ﻿ غسول نيفيا أحد مستحضرات العناية بالبشرة العادية ويتميز بتنظيفه العميق للبشرة وإزالة الشوائب والزيوت الزائدة مع الحفاظ على البشرة رطبة ومنتعشة     مكونات غسول نيفيا أفضل غسول يومي للوجه        يحتوي غسول نيفيا للوجه الأزرق على عدة مكونات أهمها :      خلاصة أزهار اللوتس : مهدئ وملطف للجلد         بانثينول : يقوم بترطيب البشرة          زيت الخروع  : يساعد على ترطيب وتغذية البشرة         فيتامين E : هام للحفاظ على نضارة البشرة وحيويتها          فوائد غسول منعش للوجه من نيڤيا          تنظيف البشرة بعمق         يحافظ على رطوبة البشرة بفضل تركيبته المميزة         لطيف على البشرة ولا يسبب جفافها           طريقة إستخدام غسول الوجه من نيفيا للبشره العاديه          يتم غسل الوجه بالماء         يتم وضع كمية مناسبة من الغسول فى راحة اليد وتدليكها حتى تتكون الرغوة        يتم تدليك الوجه بالغسول لبعض الوقت        يتم شطف الوجه بالماء          حجم نيفيا غسول الوجه :        يتوافر غسول نيفيا الازرق للبشره العاديه بحجم 150 مل        سعر غسول نيفيا الازرق :        يبلغ سعر  Nivea غسول للوجه حوالى 180 جنيه مصرى "" وقد يختلف السعر من مكان لآخر ومن وقت لآخر ""        أنواع غسول الوجه من نيفيا :          نيڤيا الأخضر غسول منقي للوجه للبشرة المختلطة        نيڤيا الأزرق غسول كريمي للبشرة الجافة        نيڤيا الأزرق غسول منعش للبشرة العادية        نيڤيا الوردي غسول ملطف للوجه للبشرة الجافة        نيڤيا ميلك ملطف لتنظيف البشرة ( مناسب للبشرة الحساسة )          ماهو أفضل غسول للبشرة :        لكل نوع بشرة غسول مناسب لها فمثلاً :    البشرة الدهنية:   يفضل استخدام غسول جل يساعد على التخلص من الدهون الزائدة التي تفرزها البشرة مثل غسول نيڤيا الأخضر     البشرة الجافة:   يجب تجنب الغسولات القاسية لأنها قد تزيد من جفاف البشرة، لذا بدلاً من استخدام صابون أو غسول عادي استخدمي الغسول الكريمي الذي يحافظ على رطوبة البشرة مثل غسول نيڤيا الأزرق كريمي    البشرة الحساسة:   يفضل إستخدام غسول خالٍ من العطر والبارابين ، لأن كلاهما يمكن أن يسبب تهيجًا للبشرة ويفضل إستخدام غسول الميلك خاصة الذي يحتوي على الجلسرين لأنها تعمل على تهدئة ومعالجة بشرتك الحساسة مثل نيڤيا ميلك ملطف لتنظيف البشرة    البشرة المعرضة لحب الشباب:   استخدام الغسول المخصص ""لجميع أنواع البشرة"" قد لا يسبب أي ضرر ، ولكنه  لن يساعد في معالجة حب الشباب، لذا يفضل إستخدام غسول يحتوي على مكونات لمكافحة حب الشباب مثل زيت شجرة الشاي أو حمض الساليسيليك أو البنزويل بيروكسايد التى تساعد على قتل البكتيريا المسببة للحبوب  وإزالة الزيوت الزائدة وتقشير خلايا الجلد الميتة ،  ولكن فى حال بدأت البشرة أن تصبح جافة فقلل الاستخدام إلى ثلاث أو أربع مرات أسبوعيًا بدلاً من الاستخدام اليومى.    أنواع غسول البشرة :        يوجد العديد من أشكال منظف البشرة وهى :     الغسول الزيت : يقوم بتنظيف البشرة من الإفرازات الدهنية والمكياج ويحافظ على رطوبة البشرة وهو مناسب للبشرة الجافة        ماء الميسيلار  Micellar : تقوم بتنظيف البشرة بفاعلية ولا تحتاج لاستخدام الماء معها فقط يتم وضع كمية من الميسيلار  على  قطعة من القطن  ثم تنظيف البشرة بها        الغسول الكريمي : ينظف البشرة و بحافظ على رطوبتها وهو مناسب للبشرة الجافة والحساسة        المناديل المنظفة : تنظف البشرة ولكن ليس بنفس كفاءة الغسول        الغسول الجل : ذو ملمس سميك يتم إستخدامه مع الماء لتكوين رغوة لإزالة الزيوت الزائدة عن البشرة        الغسول الرغوة : مناسب للبشرة الدهنية والمعرضة لحب الشباب حيث تقوم بإختراق مسام البشرة         الغسول المقشر         الصابون           ﻿ ﻿",ماركة: نيفيا
22902,فيشي | ليفت أكتيف سوبريم بحمض الهيالورونيك | 30مل,vichy liftactiv supreme epidermic filler 30ml mkgu,1500,EGP,فيشي,العناية بالبشرة>,in stock,https://chefaa.com:443/eg-ar/nowProduct/vichy-liftactiv-supreme-ha-epidermic-filler-30ml-mkgu,https://cdn.chefaa.com/filters:format(webp)/public/uploads/products/vichy-liftactiv-supreme-ha-epidermic-filler-30ml-fkgu-01663424067.png,https://cdn.chefaa.com/filters:format(webp)/public/uploads/products/vichy-liftactiv-supreme-ha-epidermic-filler-30ml-fkgu-01663424067.png,مميزات المنتج   يساعد على تقليل التجاعيد وعلامات تقدم العمر والخطوط الدقيقة في الوجه وحول العين خلال 6 أسابيع. يساعد على ترطيب البشرة ومنع جفافها. يعمل على شد البشرة وجعلها أكثر نضارة وحيوية. مناسب لجميع أنواع البشرة والبشرة الحساسة. لا يسبب حساسية البشرة. يتميز بتركيبته الخفيفة سريعة الامتصاص.  تم اختباره من قبل أطباء الجلدية والعيون. خالي من العطور والسيليكون والكحول.   عن هذا المنتج     مكونات سيروم فيشي ليفت أكتيف HA ابيدرميك فيلر: حمض الهيالورونيك بتركيز 1.5%: يعمل على تصحيح التجاعيد والخطوط الدقيقة وترطيب البشرة وإعادة نضارتها من جديد. مياه فيشي البركانية: تحتوى على 15 معدن أساسي وتعمل على تقوية الحاجز الواقي للبشرة. الببتيدات ( Peptides): تساعد على شد البشرة وتقليل التجاعيد وجعلها أكثر شباباً وحيوية. فيتامين سي جي (Vitamin CG): معروف باسم جلوكوسيد اسكوربيل وهو شكل اصطناعي من فيتامين سي، ويعمل على حماية البشرة من الجذور الحرة. الجليسرين: يعمل على ترطيب البشرة وحمايتها من الجفاف والتشققات. حجم Vichy LiftActiv Supreme H.A Epidermic Filler Serum: يتوفر بحجم 30 مل. يوصي به: السيروم مناسب لجميع أنواع البشرة والبشرة الحساسة حيث يعمل على ترطيب البشرة وتقليل التجاعيد والخطوط الدقيقة.,ماركة: فيشي
2475,نيفيا | صن بلوك للاطفال واقى للشمس للسباحة واللعب بمعامل حمايه +50 | 150مل,nivea sun kids swim play lotion spf 150ml,950,EGP,نيفيا,العناية بالبشرة>الوقاية من الشمس,in stock,https://chefaa.com:443/eg-ar/nowProduct/nivea-sun-kids-swim-play-lotion-spf-50-150ml,https://cdn.chefaa.com/filters:format(webp)/public/uploads/products/nivea-sun-kids-swim-play-lotion-spf-50-150ml-01685000941.png,https://cdn.chefaa.com/filters:format(webp)/public/uploads/products/nivea-sun-kids-swim-play-lotion-spf-50-150ml-01685000941.png,"مميزات المنتج   نيفيا صن بلوك للاطفال (nivea sun lotion kids spf 50 swim&play) يتميز بما يلى: ملائم لبشرة الأطفال الحساسة. يحتوي على تركيبة متميزة مقاومة للماء. يمتاز بتركيبته الخفيفة الغير دهنية والغير لزجة لكي تلائم بشرة الأطفال. يحتوي على مادة الديكسبانثينول المرطبة والمهدئة للبشرة يحتوي على معامل حماية +50 للحماية من أشعة الشمس الفوق بنفسجية الضارة. كما يعمل على علاج وإخفاء البقع التي قد تسببها الشمس. خالي من العطور والمواد الكيميائية الضارة.   عن هذا المنتج      مكونات  نيفيا صن بلوك للاطفال   يحتوي صن بلوك نيفيا كيدز على مادة الديكسبانثينول التي تعمل على حماية البشرة وترطيبها وحمايتها من الجفاف الذي قد تسببه أشعة الشمس.   فوائد نيفيا كيدز صن بلوك نيفيا صن لوشن للأطفال للعب والسباحة (nivea sun lotion kids spf 50 swim&play) يحتوي على عامل حماية عالي ليحمي بشرة الأطفال الحساسة من أشعة الشمس التي يتعرضوا لها خلال السباحة واللعب. سعر صن بلوك نيفيا للاطفال يبلغ سعر نيفيا صن بلوك للاطفال من 650 إلى 850 جنيه. "" قد يتغير سعر صن بلوك نيفيا في مصر من وقت لآخر تبعاً لتغير السعر فى الصيدليات"". حجم واقي شمس نيفيا للاطفال يتوافر نيفيا واقي شمس للاطفال بحجم 150 مل. طريقة استعمال صن بلوك للاطفال نيفيا وضع كمية ملائمة على الجلد وفردها لكي تغطي البشرة بالكامل. تدليك البشرة حتى تمام الامتصاص. تكرار وضع اللوشن في حالة السباحة أو التعرق لحماية الجلد. نصائح لحماية بشرة الأطفال من أشعة الشمس الضارة     استخدام واقي من الشمس بمعامل حماية أكبر من +30 وملائم لطبيعة بشرة طفلك.   يفضل أن يحتوي على أكسيد الزنك وثاني أكسيد التيتانيوم ليوفر حماية عالية للبشرة ويقلل التهيج.   ارتداء القبعة لحماية وجهه من أشعة الشمس الضارة.   ارتداء ملابس قطنية فاتحة ومريحة لكي لا تمتص أشعة الشمس وتجعله يشعر بالحر أو يصاب بالحساسية.   تجنب الخروج في وقت الذروة واختيار الأوقات الملائمة التي لا تكون بها الشمس في شدتها.   شرب كميات وفيرة من الماء والسوائل لعدم إصابته بالجفاف.   اختيار الأماكن التي لا يتعرض فيها لأشعة الشمس بشكل مباشر.   يجب غسل جسم الطفل بالماء النظيف بعد الخروج من البحر لإزالة الأملاح والكلور لعدم إصابته بالتهابات وإعادة دهن الجسم بالواقي مرة أخرى.   يجب بعد العودة للمنزل أخذ حمام دافئ ودهن الجسم بكريم مرطب لحماية بشرته من الجفاف.",ماركة: نيفيا
20832,نيفيا | لوشن ترطيب وللحماية من أشعة الشمس بمعامل حماية 30 | 200مل,nivea protect moisture lotion spf 50ml puyn,650,EGP,نيفيا,العناية بالبشرة>الترطيب,in stock,https://chefaa.com:443/eg-ar/nowProduct/nivea-protect-moisture-lotion-spf-30-50ml-puyn,https://cdn.chefaa.com/filters:format(webp)/public/uploads/products/nivea-protect-moisture-lotion-spf-30-50ml-jrhm-01655373486.png,https://cdn.chefaa.com/filters:format(webp)/public/uploads/products/nivea-protect-moisture-lotion-spf-30-50ml-jrhm-01655373486.png,مميزات المنتج   نيفيا | لوشن ترطيب وللحماية من أشعة الشمس بمعامل حماية 30 | 200مل   عن هذا المنتج       حماية موثوقة: حماية فورية ضد أشعة UVA و UVB وحروق الشمس وشيخوخة الجلد المبكرة بينما تكون التركيبة مقاومة للماء.   الترطيب: منع الجلد من فقدان الترطيب بالإضافة إلى ترطيبه لمدة 48 ساعة.   توازن ميكروبيوم البشرة يعمل بالتوازن مع ميكروبيوم البشرة ، وهي طبقة طبيعية من البكتيريا تعمل كنظام دفاع طبيعي للبشرة.,ماركة: نيفيا
2464,نيفيا صن بلوك سبراي مرطب وواقى من الشمس | 200 مل,nivea protect moisture sun spray spf,440,EGP,نيفيا,العناية بالبشرة>الوقاية من الشمس,in stock,https://chefaa.com:443/eg-ar/nowProduct/nivea-protect-moisture-sun-spray-spf-30-200-ml,https://cdn.chefaa.com/filters:format(webp)/public/uploads/products/nivea-protect-moisture-sun-spray-spf-30-200-ml-01655374491.png,https://cdn.chefaa.com/filters:format(webp)/public/uploads/products/nivea-protect-moisture-sun-spray-spf-30-200-ml-01655374491.png,مميزات المنتج   يتميز نيفيا صن بلوك سبراي بما يلي: يوفر حماية عالية من أشعة الشمس UVA وUVB. يحمي من حروق الشمس وعلامات تقدم السن المبكرة. يرطب البشرة لمدة تدوم حتى 48 ساعة. مقاوم للماء ولا يسد مسام البشرة. سعر صن بلوك نيفيا مناسب مقارنة بفوائده العديدة.   عن هذا المنتج     مكونات نيفيا صن بلوك سبراي    يحتوي نيفيا صن بلوك سبراي على   معامل حماية من أشعة الشمس.  فيتامين هـ لتغذية وترطيب البشرة.  حجم nivea sunblock spray  يتوفر nivea sunblock spray بحجم 200 مل.  يوصى باستعمال صن بلوك نيفيا سبراي ل  صن بلوك نيفيا سبراي مناسب لجميع أنواع البشرة فهو يوفر حماية عالية من أشعة الشمس ولا يسبب جفاف البشرة وكذلك يحمي البشرة من التجاعيد المبكرة وعلامات تقدم السن التي تحدث نتيجة كثرة التعرض للشمس.,ماركة: نيفيا
2507,نيفيا | لوشن الشمس لاكتساب السمرة صن كاروتين فيتامين هـ بعامل الحماية 6 | 200مل,nivea sun deep tanning oil 200ml,800,EGP,نيفيا,العناية بالبشرة>الوقاية من الشمس,in stock,https://chefaa.com:443/eg-ar/nowProduct/nivea-sun-deep-tanning-oil-200ml,https://cdn.chefaa.com/filters:format(webp)/public/uploads/products/nivea-sun-deep-tanning-oil-200ml-01675002180.png,https://cdn.chefaa.com/filters:format(webp)/public/uploads/products/nivea-sun-deep-tanning-oil-200ml-01675002180.png,مميزات المنتج   نيفيا | لوشن الشمس لاكتساب السمرة صن كاروتين فيتامين هـ بعامل الحماية 6 | 200مل,ماركة: نيفيا
50811,بيونيكس | صن سكرين كريم +50 اس اف | 50مل,bionnex preventiva sun screen 50spf cream mlEdVI,499,EGP,No Brand,العناية بالبشرة>الوقاية من الشمس,in stock,https://chefaa.com:443/eg-ar/nowProduct/bionnex-preventiva-sun-screen-50spf-cream-50-mlEdVI,https://cdn.chefaa.com/filters:format(webp)/public/uploads/products/bionnex-preventiva-sun-screen-50spf-cream-50-mledvi-01734940580.png,https://cdn.chefaa.com/filters:format(webp)/public/uploads/products/bionnex-preventiva-sun-screen-50spf-cream-50-mledvi-01734940580.png,مميزات المنتج   بيونيكس | صن سكرين كريم +50 اس اف | 50مل,raw_specs: المواصفات
2336,إيڤا سكين كلينك كولاچين | تونر للبشرة | 200مل,eva skin clinic collagen toner,210,EGP,إيڤا,العناية بالبشرة>الغسول,in stock,https://chefaa.com:443/eg-ar/nowProduct/eva-skin-clinic-collagen-toner,https://cdn.chefaa.com/filters:format(webp)/public/uploads/products/eva-skin-clinic-collagen-toner-01738263050.png,https://cdn.chefaa.com/filters:format(webp)/public/uploads/products/eva-skin-clinic-collagen-toner-01738263050.png,مميزات المنتج   إيڤا سكين كلينك كولاچين | تونر للبشرة | 200مل   عن هذا المنتج     إن هذه التركيبة المبتكرة مـن إيڤـا سكيـن كلينيك تقلل مـن مـظهـر علامات تقدم السن من خلال شد البشرة وتنقيتها كما أنها تقلل من ظهور المسام مما يترك البشرة مشدودة ونضرة ومشرقة. تأثير ثلاثي المفعول: تقليل مظهر علامـات تقـدم السـن: يعمـل ڤـيتاميـن ب٣ علـى زيـادة مـرونـة البشــرة وتحسيـن مظهـــر الـتجاعيــــد. تقليل ظهـــور الـمســـام: يعمـل مستخـلــــص الكلـوڤـــر علــــى تقليـــل مـــن ظــهــور الـمـســام. الترطيب: يعـمــل كــل مـــن الكولاچـيــن البحـري وڤيتاميـن ب ٣ على زيادة ترطيب البشرة.,ماركة: إيڤا
55671,لا روش | منظف ميلا بي 3 | 200 مل,roche mela cleanser mlSpF5,837.79,EGP,No Brand,العناية بالبشرة>,in stock,https://chefaa.com:443/eg-ar/nowProduct/la-roche-mela-b3-cleanser-200-mlSpF5,https://cdn.chefaa.com/filters:format(webp)/public/uploads/products/la-roche-mela-b3-cleanser-200-mlspf5-01735402943.png,https://cdn.chefaa.com/filters:format(webp)/public/uploads/products/la-roche-mela-b3-cleanser-200-mlspf5-01735402943.png,مميزات المنتج   لا روش | منظف ميلا بي 3 | 200 مل   عن هذا المنتج     لا روش | منظف ميلا بي 3 | 200 مل,raw_specs: المواصفات
28256,إيفا سكين كير | سينسز معطر الجسم لاف تيل | 240مل,eva skin care senses body splash love tale 240ml rabx,200,EGP,إيڤا,العناية بالبشرة>,in stock,https://chefaa.com:443/eg-ar/nowProduct/eva-skin-care-senses-body-splash-love-tale-240ml-rabx,https://cdn.chefaa.com/filters:format(webp)/public/uploads/products/eva-skin-care-senses-body-splash-love-tale-240ml-rabx-01721414573.png,https://cdn.chefaa.com/filters:format(webp)/public/uploads/products/eva-skin-care-senses-body-splash-love-tale-240ml-rabx-01721414573.png,مميزات المنتج   إيفا سكين كير | سينسز معطر الجسم لاف تيل | 240مل,ماركة: إيڤا
56358,إيه سى ام | كريم سيبيونكس هيدرا المرطب لإصلاح البشرة | 40مل,sebionex hydra moisturising repair cream40ml acmDT7l,539,EGP,No Brand,العناية بالبشرة>الترطيب,in stock,https://chefaa.com:443/eg-ar/nowProduct/sebionex-hydra-moisturising-repair-cream40ml-acmDT7l,https://cdn.chefaa.com/filters:format(webp)/public/uploads/products/sebionex-hydra-moisturising-repair-cream40ml-acmdt7l-01735213273.png,https://cdn.chefaa.com/filters:format(webp)/public/uploads/products/sebionex-hydra-moisturising-repair-cream40ml-acmdt7l-01735213273.png,مميزات المنتج   إيه سى ام | كريم سيبيونكس هيدرا المرطب لإصلاح البشرة | 40 مل,raw_specs: المواصفات
47606,نانو تريت | سيروم النياسيناميد لتفتيح وترطيب البشرة | 30 مل,nanotreat niacinamide serum 30ml ezlp,549,EGP,نانوتريت,العناية بالبشرة>السيروم,in stock,https://chefaa.com:443/eg-ar/nowProduct/nanotreat-niacinamide-serum-30ml-ezlp,https://cdn.chefaa.com/filters:format(webp)/public/uploads/products/nanotreat-niacinamide-serum-30ml-ppji-01726561879.png,https://cdn.chefaa.com/filters:format(webp)/public/uploads/products/nanotreat-niacinamide-serum-30ml-ppji-01726561879.png,مميزات المنتج   نانو تريت | سيروم النياسيناميد لتفتيح وترطيب البشرة | 30 مل,ماركة: نانوتريت
50054,يوسيرين | معزز الترطيب بحمض الهيالورونيك المضاد للشيخوخة خفيف للغاية | 30 مل,eucerin hyaluron filler moisture booster 30ml ss5i,1385,EGP,يوسيرين,العناية بالبشرة>الترطيب,in stock,https://chefaa.com:443/eg-ar/nowProduct/eucerin-hyaluron-filler-moisture-booster-30ml-ss5i,https://cdn.chefaa.com/filters:format(webp)/public/uploads/products/eucerin-hyaluron-filler-moisture-booster-30ml-cj0s-01730722828.png,https://cdn.chefaa.com/filters:format(webp)/public/uploads/products/eucerin-hyaluron-filler-moisture-booster-30ml-cj0s-01730722828.png,مميزات المنتج   يوسيرين | معزز الترطيب بحمض الهيالورونيك المضاد للشيخوخة خفيف للغاية | 30 مل,ماركة: يوسيرين
2519,نيفيا | غسول وجه لطيف للبشرة الجافة والحساسة زيت اللوز | 150مل,nivea gentle facial wash for dry and sensitive skin 150ml,270,EGP,نيفيا,العناية بالبشرة>الغسول,in stock,https://chefaa.com:443/eg-ar/nowProduct/nivea-gentle-facial-wash-for-dry-and-sensitive-skin-150ml,https://cdn.chefaa.com/filters:format(webp)/public/uploads/products/nivea-gentle-facial-wash-for-dry-and-sensitive-skin-150ml-01655301967.png,https://cdn.chefaa.com/filters:format(webp)/public/uploads/products/nivea-gentle-facial-wash-for-dry-and-sensitive-skin-150ml-01655301967.png,مميزات المنتج   نيفيا | غسول وجه لطيف للبشرة الجافة والحساسة زيت اللوز | 150مل   عن هذا المنتج     ﻿ ينظف ويزيل الشوائب اليومية بلطف. يلطف ويرطب البشرة بسبب تركيبته الخفيفة التي تحتوي على زيت اللوز. مناسب للبشرة الجافة والحساسة.,ماركة: نيفيا
46356,بيزلين | سيروم للوجه لإنارة فورية | 30مل,beesline instant bright glow serum 30ml nnqe_dulbZLKT,699,EGP,بيزلين,العناية بالبشرة>السيروم,in stock,https://chefaa.com:443/eg-ar/nowProduct/beesline-instant-bright-glow-serum-30ml-nnqe_dulbZLKT,https://cdn.chefaa.com/filters:format(webp)/public/uploads/products/beesline-instant-bright-glow-serum-30ml-qxuj-01700504655.png,https://cdn.chefaa.com/filters:format(webp)/public/uploads/products/beesline-instant-bright-glow-serum-30ml-qxuj-01700504655.png,مميزات المنتج   سيروم مركز، يمنح الوجه مظهراً مشرقاً ونضراً من الإستعمال الأول. يقلل مظهر البقع الداكنة ويوحد لون البشرة بعد ٤ أسابيع من الإستعمال المنتظم.,ماركة: بيزلين
18170,إيزيس فارما | كريم الحماية من الشمس لإشراق البقع الداكنة | 30مل,isis sun protection cream for dark spots neotone radiance spf50 30ml p58b,1249,EGP,إيزيس فارما,العناية بالبشرة>الوقاية من الشمس,in stock,https://chefaa.com:443/eg-ar/nowProduct/isis-sun-protection-cream-for-dark-spots-neotone-radiance-spf50-30ml-p58b,https://cdn.chefaa.com/filters:format(webp)/public/uploads/products/isis-sun-protection-cream-for-dark-spots-neotone-radiance-spf50-30ml-p58b-01724228463.png,https://cdn.chefaa.com/filters:format(webp)/public/uploads/products/isis-sun-protection-cream-for-dark-spots-neotone-radiance-spf50-30ml-p58b-01724228463.png,مميزات المنتج   إيزيس فارما | كريم الحماية من الشمس لإشراق البقع الداكنة | 30مل,ماركة: إيزيس فارما
21080,بيوديرما اتوديرم كريم مرطب للبشرة الجافة والحساسة | 75 مل,bioderma atoderm intensive ultra soothing balm 75ml cnjf,599,EGP,بيودرما,العناية بالبشرة>,in stock,https://chefaa.com:443/eg-ar/nowProduct/bioderma-atoderm-intensive-ultra-soothing-balm-75ml-cnjf,https://cdn.chefaa.com/filters:format(webp)/public/uploads/products/bioderma-atoderm-intensive-ultra-soothing-balm-75ml-cnjf-01720026922.png,https://cdn.chefaa.com/filters:format(webp)/public/uploads/products/bioderma-atoderm-intensive-ultra-soothing-balm-75ml-cnjf-01720026922.png,مميزات المنتج   يتميز بيوديرما اتوديرم كريم bioderma atoderm cream بما يلي: يعمل على ترطيب البشرة بعمق، مما يمنحها المزيد من النعومة والليونة. يحتوي على فيتامين PP ومزيجًا من نوعين من السكريات، مما يساعد على إعادة بناء حاجز البشرة الطبيعي والحفاظ على مخزون الماء فيها. يعزز إنتاج حمض الهيالورونيك، مما يساهم في ترطيب البشرة لمدة تصل إلى 24 ساعة. له ملمس ناعم وسريع الامتصاص. لا يسبب انسداد المسام، كما أنه خالٍ من العطور. يعطي نتائج فورية وتدوم لفترة طويلة. سعر بيوديرما اتوديرم كريم مناسب مقارنة بفوائده العديدة للبشرة.   عن هذا المنتج     مكونات بيوديرما اتوديرم كريم   يحتوي كريم بيوديرما على:  الجلسرين: مرطب قوي يساعد على جذب الرطوبة إلى البشرة والحفاظ عليها.  زيت بذور الكانولا (Rapeseed oil): غني بالأحماض الدهنية الأساسية، يساعد على تغذية البشرة وتهدئتها.  زيليتول (xylitol): مرطب طبيعي يساعد في تحسين رطوبة البشرة والحفاظ عليها.  توكوفيرول (Tocopherol): مرطب ومضاد أكسدة يساهم في تعزيز صحة البشرة.  رامنوز (Rhamnose): سكر طبيعي يساعد في تهدئة البشرة وتحفيز تجددها.  زيت بذور دوار الشمس (sunflower seed oil): غني بالأحماض الدهنية وفيتامين E لتغذية البشرة وحمايتها.  نياسيناميد (Niacinamide): يقلل التهيج والاحمرار، ويحسن مرونة البشرة.  حجم عبوة bioderma atoderm cream   يتوفر بيوديرما اتوديرم كريم بحجم 75 مل.  سعر اتوديرم كريم   يبلغ سعر كريم atoderm حوالي 689 جنيه مصري (سعر المنتج قد يتغير تبعاً لتحديث سعره في الصيدليات أو حسب العروض المتاحة).  يوصى باستعمال كريم بيوديرما مرطب ل   كريم بيوديرما اتوديرم مناسب لأصحاب البشرة العادية والجافة فهو يرطب البشرة بعمق ويزيد النعومة والمرونة مما يزيد نضارة وإشراق البشرة.  طريقة استعمال مرطب بيوديرما للبشرة الجافة والحساسة   ابدأي بتنظيف البشرة جيداً باستخدام الغسول المناسب لنوع البشرة.  ضعي كمية مناسبة من الكريم ووزعيها بالتساوي.  دلكي الكريم برفق بحركات دائرية حتى يتم امتصاصه تمامًا.  يُنصح باستخدام الكريم مرة أو مرتين يوميًا حسب حاجة البشرة.  ما فوائد كريم اتوديرم للوجه؟ يوفر ترطيبًا فوريًا للبشرة، مع الحفاظ على مستوى الترطيب لفترة طويلة تصل إلى 24 ساعة.  يساعد على تقوية حاجز البشرة الطبيعي، مما يقلل من فقدان الماء ويزيد من قدرتها على الاحتفاظ بالرطوبة.  يقلل من التهيج واحمرار البشرة.  يجعل البشرة أكثر نعومة ومرونة، مما يساعد على تقليل مظهر الجفاف والتقشر.  له خصائص مضاد للأكسدة ويحمي البشرة من العوامل البيئية الضارة.  يعزز صحة البشرة ويعيد لها حيويتها بفضل مكوناته المغذية للبشرة.  هل ينفع كريم اتوديرم للبشرة الدهنية؟  كريم اتوديرم مناسب للبشرة الجافة والحساسة فهو غني بمكونات مغذية ومرطبة للبشرة، وتوجد منتجات تناسب البشرة الدهنية بشكل أفضل.  ما افضل كريم مرطب ومغذي للبشرة الجافة والحساسة؟  كريم مويست وان moist one cream.  بيوديرما أتوديرم atoderm bioderma cream.  كريم انفنتي infinity cream.  كريم سيرافي للبشرة الجافة cerave cream.,ماركة: بيودرما
47762,اليجون | صابونة للبشرة الدهنية | 100جم,alejon oily skin soap 100gm ulw2,110,EGP,أليجون,العناية بالبشرة>الغسول,in stock,https://chefaa.com:443/eg-ar/nowProduct/alejon-oily-skin-soap-100gm-ulw2,https://cdn.chefaa.com/filters:format(webp)/public/uploads/products/alejon-oily-skin-soap-100gm-z5wa-01726825798.png,https://cdn.chefaa.com/filters:format(webp)/public/uploads/products/alejon-oily-skin-soap-100gm-z5wa-01726825798.png,مميزات المنتج   اليجون | صابونة للبشرة الدهنية | 100جم,ماركة: أليجون
51703,يوسيرين | سائل ديرمو بيوريفايير SPF30 | 50 مل,eucerin dermopurifyer oil control facial fluid for blemish prone skin spf301kcQ,775,EGP,يوسيرين,العناية بالبشرة>الترطيب,in stock,https://chefaa.com:443/eg-ar/nowProduct/eucerin-dermopurifyer-oil-control-facial-fluid-for-blemish-prone-skin-spf301kcQ,https://cdn.chefaa.com/filters:format(webp)/public/uploads/products/eucerin-dermopurifyer-oil-control-facial-fluid-for-blemish-prone-skin-spf301kcq-01735151956.png,https://cdn.chefaa.com/filters:format(webp)/public/uploads/products/eucerin-dermopurifyer-oil-control-facial-fluid-for-blemish-prone-skin-spf301kcq-01735151956.png,مميزات المنتج   يوسيرين | سائل ديرمو بيوريفايير SPF30 | 50 مل,ماركة: يوسيرين
51706,يوسيرين | سائل حماية من أشعة الشمس فوق البنفسجية SPF50+ | 50 مل,eucerin hydro protect nongreasy ultralight facial sunscreen for all skin types spf50 microplastic free non comedogenic7lS8,959,EGP,يوسيرين,العناية بالبشرة>,in stock,https://chefaa.com:443/eg-ar/nowProduct/eucerin-hydro-protect-nongreasy-ultralight-facial-sunscreen-for-all-skin-types-spf50--microplastic-free-non-comedogenic7lS8,https://cdn.chefaa.com/filters:format(webp)/public/uploads/products/eucerin-hydro-protect-nongreasy-ultralight-facial-sunscreen-for-all-skin-types-spf50-microplastic-free-non-comedogenic7ls8-01735147130.png,https://cdn.chefaa.com/filters:format(webp)/public/uploads/products/eucerin-hydro-protect-nongreasy-ultralight-facial-sunscreen-for-all-skin-types-spf50-microplastic-free-non-comedogenic7ls8-01735147130.png,مميزات المنتج   يوسيرين | سائل حماية من أشعة الشمس فوق البنفسجية SPF50+ | 50 مل,ماركة: يوسيرين
18167,ايزيس فارما | جل تين ديرم للبشرة الدهنية | 250مل,isispharma teen derm gel sensitive 26q7,659,EGP,إيزيس فارما,العناية بالبشرة>,in stock,https://chefaa.com:443/eg-ar/nowProduct/isispharma-teen-derm-gel-sensitive-2-26q7,https://cdn.chefaa.com/filters:format(webp)/public/uploads/products/isispharma-teen-derm-gel-sensitive-2-26q7-01722349868.png,https://cdn.chefaa.com/filters:format(webp)/public/uploads/products/isispharma-teen-derm-gel-sensitive-2-26q7-01722349868.png,مميزات المنتج   ايزيس فارما | جل تين ديرم للبشرة الدهنية | 250مل,ماركة: إيزيس فارما
21025,بيوديرما | بيجمنت بايو نايت رينيور | 50مل,bioderma pigmentbio night renewer 50ml kx0q,1249,EGP,بيودرما,العناية بالبشرة>,in stock,https://chefaa.com:443/eg-ar/nowProduct/bioderma-pigmentbio-night-renewer-50ml-kx0q,https://cdn.chefaa.com/filters:format(webp)/public/uploads/products/bioderma-pigmentbio-night-renewer-50ml-kx0q-01720041374.png,https://cdn.chefaa.com/filters:format(webp)/public/uploads/products/bioderma-pigmentbio-night-renewer-50ml-kx0q-01720041374.png,مميزات المنتج   بيوديرما | بيجمنت بايو نايت رينيور | 50مل,ماركة: بيودرما
727,فيشي مينيرال 89 سيروم للوجه بحمض الهيالورونيك لترطيب وشد البشرة | 50مل,vichy mineral repairing eye fortifier,1198,EGP,فيشي,العناية بالبشرة>,in stock,https://chefaa.com:443/eg-ar/nowProduct/vichy-mineral-89-repairing-eye-fortifier-50-ml,https://cdn.chefaa.com/filters:format(webp)/public/uploads/products/vichy-mineral-89-repairing-eye-fortifier-50-ml-01648721651.png,https://cdn.chefaa.com/filters:format(webp)/public/uploads/products/vichy-mineral-89-repairing-eye-fortifier-50-ml-01648721651.png,مميزات المنتج   فيشي | مينيرال 89 سيروم للوجه بحمض الهيالورونيك لترطيب وشد البشرة | 50مل   عن هذا المنتج     مكونات فيشي مينيرال 89 سيروم:     حمض الهيالورونيك: يعمل على تقليل فقدان البشرة للماء مما يحافظ على ترطيبها ونضارتها.   مياه فيشي البركانية : تحتوي على العديد من المعادن والعناصر الهامة التي تعمل على تغذية البشرة.   جليسرين: يعمل على ترطيب البشرة.   حمض الستريك: يعمل على مكافحة التجاعيد وشد البشرة.     مميزات سيروم فيشي مينيرال89:     يعمل على تقوية البشرة وحمايتها من العوامل الخارجية.   يساعد على ترطيب البشرة ومنع جفافها.   يعمل على شد البشرة وجعلها أكثر نضارة وحيوية.   يتميز أنه خالي من الكحول و السيليكون والبارابين والعطور.   تم اختباره من قبل أطباء الجلدية.   يتميز أن تركيبته خفيفة غير دهنية.     حجم  Vichy Mineral 89 Daily Booster Serum:     يتوفر بحجم 50 مل.     يوصي به:   لجميع أنواع البشرة حيث يعمل على ترطيب البشرة وشد الجلد ومقاومة التجاعيد والشيخوخة.,ماركة: فيشي
46646,جلامي لاب | كريم محيط العين | 30جم,glamy lab beautifying eye contour filler 30gm rxbw_du14o0l5,450,EGP,جلامي لاب,العناية بالبشرة>العناية بالعيون,in stock,https://chefaa.com:443/eg-ar/nowProduct/glamy-lab-beautifying-eye-contour-filler-30gm-rxbw_du14o0l5,https://cdn.chefaa.com/filters:format(webp)/public/uploads/products/glamy-lab-beautifying-eye-contour-filler-30gm-7q7r-01709064762.png,https://cdn.chefaa.com/filters:format(webp)/public/uploads/products/glamy-lab-beautifying-eye-contour-filler-30gm-7q7r-01709064762.png,مميزات المنتج   جلامي لاب | كريم محيط العين | 30جم,ماركة: جلامي لاب
45728,دير | سيروم مضاد للشيخوخة بالريتينول للوجه والشفاه والرقبة مع حمض الهيالورونيك والكولاجين | 30مل,dear anti aging serum retinol face lips neck serum 30ml pbci_duTgpFnx,550,EGP,ديير,العناية بالبشرة>السيروم,in stock,https://chefaa.com:443/eg-ar/nowProduct/dear-anti-aging-serum-retinol-face-lips-neck-serum-30ml-pbci_duTgpFnx,https://cdn.chefaa.com/filters:format(webp)/public/uploads/products/dear-anti-aging-serum-retinol-face-lips-neck-serum-30ml-olnj-01716308247.png,https://cdn.chefaa.com/filters:format(webp)/public/uploads/products/dear-anti-aging-serum-retinol-face-lips-neck-serum-30ml-olnj-01716308247.png,مميزات المنتج   دير | سيروم مضاد للشيخوخة بالريتينول للوجه والشفاه والرقبة مع حمض الهيالورونيك والكولاجين | 30مل,ماركة: ديير
435,فيشي ليفت أكتيف كريم العين لمقاومة التجاعيد وتقليل الهالات والانتفاخ | 15مل,vichy liftactiv eyes supreme anti wrinkle firming care 15ml,1099,EGP,فيشي,العناية بالبشرة>الترطيب,in stock,https://chefaa.com:443/eg-ar/nowProduct/vichy-liftactiv-eyes-supreme-anti-wrinkle-firming-care-15ml,https://cdn.chefaa.com/filters:format(webp)/public/uploads/products/1593088195vichy-liftactiv-supremejpg,https://cdn.chefaa.com/filters:format(webp)/public/uploads/products/1593088195vichy-liftactiv-supremejpg,مميزات المنتج   فيشي ليفت أكتيف كريم العين لمقاومة التجاعيد وتقليل الهالات والانتفاخ | 15مل   عن هذا المنتج     مكونات كريم فيشي ليفت اكتيف سوبريم للعين:     مياه فيشي البركانية :  تحتوى على 15 معدنًا أساسيًا وتساعد على حماية البشرة من أضرار التعرض مثل الأشعة فوق البنفسجية والملوثات البيئية.   سكر الرامنوز : يعمل كمهدئ للبشرة ويساعد في تجديد خلايا البشرة ويخفف من التجاعيد.   الكافيين : مضاد للأكسدة مع خصائص مضادة للالتهابات لحماية البشرة.     مميزات فيشي ليفت أكتيف كريم العين:     يساعد كريم فيشي على تقليل التجاعيد والخطوط الدقيقة حول العين.   يقلل الهالات السوداء والانتفاخات تحت العين.   يساعد على إخفاء علامات الإجهاد التي تحيط منطقة العين.   يساعد على شد الجلد حول العين مما يقلل علامات تقدم السن.   يتميز بأنه آمن لكل أنواع البشرة حتى البشرة الحساسة.   تم اختباره من قبل أطباء الجلدية والعيون.     حجم  Vichy LiftActiv Supreme Anti Wrinkle Eye Cream:     يتوفر بحجم 15 مل.     يوصي به:   الكريم مناسب لجميع أنواع البشرة وذوي البشرة الحساسة حيث يساعد على مقاومة علامات تقدم السن والتجاعيد وتقليل الهالات والانتفاخ تحت العين.   طريقة استخدام  Vichy Liftactiv Supreme:     يستخدم كريم vichy liftactiv eyes فى النهار أو الليل على بشرة نظيفة   ضعي كريم العين برفق بداية من الزاوية الداخلية باتجاه الزاوية الخارجية للعين     ما أفضل كريم لعلاج التجاعيد تحت العين ؟     كريم للتجاعيد افين فيزيو ليفت Avene Physiolift    نوكس ميرفيلانس اكسبرت كريم لإزالة التجاعيد   كريم ريفيتاليفت من لوريال باريس لعلاج الخطوط تحت العين   كريم vichy ليفت أكتيف لعلاج تجاعيد العين والهالات السوداء     أفضل روتين للعناية بالبشرة بعد سن الثلاثين:     غسل البشرة يومياً باستخدام غسول لطيف     استخدمى غسول كريمي مغذي  بدلاً من الرغوة لتعويض الرطوبة والمغذيات والزيوت الطبيعية التى يفقدها الجلد مع تقدم السن مما يؤدي إلى أن يبدو الجلد أكثر إحساسًا وجفافًا.     التقشير الأسبوعي     يجب أن يكون التقشير جزءًا من نظام العناية بالبشرة لأن التخلص من خلايا الجلد الميتة يساعد فى مكافحة ظهور التجاعيد وخطوط الوجه     استخدمي سيروم  للوجه لمكافحة التجاعيد     استخدم سيروم يحتوي على حمض الهيالورونيك و سيروم فيتامين سى     الترطيب بانتظام     استخدام مرطب غني بمكونات تساعد على تحفيز تجديد خلايا الجلد وزيادة نضارة البشرة      استخدمي كريم العيون      اختارى كريم العين الذي يخفف من علامات وخطوط الجلد الموجودة حول العين   كيف يمكن تقليل التجاعيد حول العين؟     تجنب التعرض لأشعة الشمس ووضع واقي الشمس عند الخروج نهاراً   تناول نظامًا غذائيًا صحيًا.   تقشير البشرة تحت العين بلطف لتعزيز نمو الخلايا الجديدة. ( استخدم فقط المنتجات المصممة خصيصًا لتقشير وتدليك المنطقة تحت العين )   استخدم كريم مرطب للعين غنى بالريتينول وحمض الهيالورونيك      طرق أخرى لعلاج التجاعيد حول العين :     التقشير الكيميائي ( لإزالة خلايا الجلد الميتة وتعزيز نمو الخلايا الجديدة )   حقن الفيلر (  تأثيرها مؤقت ، وتعطي معظم المنتجات نتائج تستمر من ستة أشهر إلى سنتين )   الليزر ( لتحفيز إنتاج بروتينات الكولاجين والإيلاستين التى تعزز من مرونة الجلد )   البوتوكس ( تظهر النتائج في غضون ثلاثة إلى سبعة أيام وتستمر لمدة تتراوح من ثلاثة إلى أربعة أشهر )     هل يقلل شرب الماء من ظهور التجاعيد؟   يحافظ الماء على الجسم رطبًا ويساعد على الحفاظ على مرونة البشرة. والأشخاص الذين يشربون كميات كافية من الماء هم أقل عرضة للمعاناة من الندوب والتجاعيد والخطوط ولا تظهر عليهم علامات الشيخوخة بشدة مثل الذين يشربون كميات قليلة من الماء.   في أي سن يبدأ ظهور التجاعيد حول العين ؟   إن مستويات الكولاجين ( البروتين الذي يحافظ على قوام ومرونة البشرة ) تبدأ في النقص ​​في وقت مبكر من سن المراهقة وتبدأ معظم النساء بملاحظة الخطوط الدقيقة وتجاعيد الجلد حول سن 25.   هل يمكن أن تختفي التجاعيد تماماً؟   لا تختفي التجاعيد تمامًا ، ولكن يمكن التخفيف من مظهرها.,ماركة: فيشي
1336,لاروش بوزيه | غسول ليبيكار سيندت للبشرة الجافة جل كريم منظف للجسم | 200مل,roche posay lipikar syndet for body 200ml,765,EGP,لاروش بوزيه,العناية بالبشرة>الغسول,in stock,https://chefaa.com:443/eg-ar/nowProduct/la-roche-posay-lipikar-syndet-for-body-200ml,https://cdn.chefaa.com/filters:format(webp)/public/uploads/products/la-roche-posay-lipikar-syndet-for-body-200ml-01746055672.png,https://cdn.chefaa.com/filters:format(webp)/public/uploads/products/la-roche-posay-lipikar-syndet-for-body-200ml-01746055672.png,مميزات المنتج   لاروش بوزيه | غسول ليبيكار سيندت للبشرة الجافة جل كريم منظف للجسم | 200مل   عن هذا المنتج     مكونات غسول لاروش بوزيه ليبيكار سيندت للبشرة الجافة يحتوى لاروش ليبيكار غسول  للجسم على :     الجليسرين: يعمل على ترطيب البشرة وحمايتها من الجفاف والتشققات.   مياه الينابيع الحرارية من لاروش بوزيه: لها خصائص مهدئة وملطفة للبشرة.   نياسيناميد أو فيتامين ب3: يعمل على تهدئة البشرة وتقليل الاحمرار والالتهابات.   زبدة الشيا: تعمل على ترميم وترطيب البشرة وإعادة نضارتها من جديد.   أكوا بوسي فيليفورميس (AQUA POSAE FILIFORMIS): يعمل على ترطيب البشرة وحمايتها من الجفاف الشديدة.     مميزات غسول لاروش ليبيكار للبشرة الجافة للجسم يتميز غسول الجسم لاروش بوزيه بما يلى :     يعمل على تنظيف البشرة بفاعلية دون التسبب في جفافها.   يعمل على الحفاظ على رطوبة البشرة.   يساعد على تهدئة البشرة وتقليل الشعور بالحكة.   لا يسبب حساسية البشرة.   مناسب للجسم.   خالي من العطور والبارابين والصابونة والمواد الكيميائية الضارة.   مناسب للبشرة الجافة والحساسة.    مناسب للأطفال والكبار.   تم اختباره من قبل أطباء الأطفال وأطباء الجلدية.     سعر غسول لاروش ليبيكار للبشرة الجافة للجسم سعر غسول la roche posay للجسم  يختلف على حسب الحجم حيث يبلغ  سعر غسول لاروش 200 مل حوالى 399 جنيه. سعر غسول لاروش 400 مل حوالى 699 جنيه . حجم La Roche-Posay Lipikar Syndet Cleansing Body Cream Gel     يتوفر غسول لاروش بوزيه lipikar بحجم 200 مل.     يوصي باستعمال غسول لاروش بوزيه للجسم لـ :   الغسول مناسب للرضع والأطفال والكبار أصحاب البشرة الحساسة والجافة حيث يعمل على تهدئة البشرة وتخفيف الشعور بالحكة.,ماركة: لاروش بوزيه
18163,صن بلوك لاروش بوزيه انثيليوس ايدج كوركت مضاد للتجاعيد بفاونديشن | 50 مل,roche posay anthelios age correct tinted spf cream 50ml wdox,1100,EGP,لاروش بوزيه,العناية بالبشرة>الوقاية من الشمس,in stock,https://chefaa.com:443/eg-ar/nowProduct/la-roche-posay-anthelios-age-correct-tinted-spf-50-cream-50ml-wdox,https://cdn.chefaa.com/filters:format(webp)/public/uploads/products/la-roche-posay-anthelios-age-correct-tinted-spf-50-cream-50ml-caox-01653386037.png,https://cdn.chefaa.com/filters:format(webp)/public/uploads/products/la-roche-posay-anthelios-age-correct-tinted-spf-50-cream-50ml-caox-01653386037.png,مميزات المنتج   لاروش بوزيه | أنثيليوس كريم مصحح للتجاعيد بمعامل حماية تينتد | 50مل   عن هذا المنتج     مكونات صن بلوك لاروش Age Correct     حمض الهيالورونيك المجزأ: يعمل على مكافحة التجاعيد وتقليل علامات تقدم العمر بفاعلية أكبر من حمض الهيالورونيك العادي.   النياسيناميد: يعمل على تخفيف والحد من التصبغات.   فينيل إيثيل الريزوسينول: يعمل على تقليل وتفتيح البقع الداكنة.   تقنية ميكسوريل إكس إل: تعمل على حماية البشرة من أضرار أشعة الشمس فوق البنفسجية من النوع UVA و UVB والأشعة تحت الحمراء.   تقنية سيلوكس ب3 (CELLOX-B3 TECH‎): تعمل على حماية البشرة من أشعة الشمس الضارة والأكسدة.      مميزات صن بلوك لاروش بالفاونديشن مضاد للتجاعيد     يساعد على تقليل علامات الشيخوخة والتجاعيد خلال 4 أسابيع فقط.   يوفر ترطيب عميق للبشرة يدوم حتى 24 ساعة.   يعمل على تفتيح البقع الداكنة.   يتميز بمعامل حماية +SPF50 لتوفير حماية فائقة من الشمس.   يحتوي على فاونديشن بملمس خفيف على البشرة.   لا يسبب انسداد المسام.   لا يسبب حساسية البشرة.   مناسب للوجه والرقبة.   خالي من الزيوت والمواد الكيميائية الضارة.   مناسب لكل أنواع البشرة حتى البشرة الحساسة.   تم اختباره من قبل أطباء الجلدية والعيون.     حجم واقى شمس لاروش بوزيه Anthelios Age Correct     يتوفر لاروش أنثيليوس ايدج كوركت حماية 50 بحجم 50 مل. سعر صن بلوك لاروش Age Correct سعر كريم لاروش بوزيه للتجاعيد حوالى 689 جنيه يوصي باستعمال لاروش بوزاي ايدج كوريكت صن بلوك لـ :   الكريم مناسب لجميع أنواع البشرة حيث يعمل على تقليل علامات تقدم العمر وحماية البشرة من أشعة الشمس الضارة للحصول على بشرة أكثر حيوية وجاذبية.,ماركة: لاروش بوزيه
20741,ديتول سائل | 120مل,dettol liquid 0jrg,93,EGP,ديتول,العناية بالبشرة>,in stock,https://chefaa.com:443/eg-ar/nowProduct/dettol-liquid-120-ml-0jrg,https://cdn.chefaa.com/filters:format(webp)/public/uploads/products/dettol-liquid-120-ml-0jrg-01720533881.png,https://cdn.chefaa.com/filters:format(webp)/public/uploads/products/dettol-liquid-120-ml-0jrg-01720533881.png,عن هذا المنتج     ديتول سائل | 120مل,ماركة: ديتول
32309,لاروش بوساى | كريم توليريان للبشرة الحساسة أبيض | 40مل,roche posay toleriane sensitive cream white 40ml vr2x,879,EGP,لاروش بوزيه,العناية بالبشرة>السيروم,in stock,https://chefaa.com:443/eg-ar/nowProduct/la-roche-posay-toleriane-sensitive-cream-white-40ml-vr2x,https://cdn.chefaa.com/filters:format(webp)/public/uploads/products/la-roche-posay-toleriane-sensitive-cream-white-40ml-gk1p-01697061005.png,https://cdn.chefaa.com/filters:format(webp)/public/uploads/products/la-roche-posay-toleriane-sensitive-cream-white-40ml-gk1p-01697061005.png,مميزات المنتج   لاروش بوساى | كريم توليريان للبشرة الحساسة أبيض | 40مل,ماركة: لاروش بوزيه
49189,لاروش بوزيه | كريم العين ريديرميك آر ريتينول | 15مل,roche posay redermic retinol eye cream 15ml bejo,919,EGP,لاروش بوزيه,العناية بالبشرة>الترطيب,in stock,https://chefaa.com:443/eg-ar/nowProduct/la-roche-posay-redermic-r-retinol-eye-cream-15ml-bejo,https://cdn.chefaa.com/filters:format(webp)/public/uploads/products/la-roche-posay-redermic-r-retinol-eye-cream-15ml-feb6-01729518312.png,https://cdn.chefaa.com/filters:format(webp)/public/uploads/products/la-roche-posay-redermic-r-retinol-eye-cream-15ml-feb6-01729518312.png,مميزات المنتج   لاروش بوزيه | كريم العين ريديرميك آر ريتينول | 15مل,ماركة: لاروش بوزيه
50816,بيونيكس | نورديا كافيين 5+ سيروم أنجليكا | 30مل,bionnex the nordea caffeine 5angelica serum ml2coj,549,EGP,No Brand,العناية بالبشرة>السيروم,in stock,https://chefaa.com:443/eg-ar/nowProduct/bionnex-the-nordea-caffeine-5angelica-serum-30-ml2coj,https://cdn.chefaa.com/filters:format(webp)/public/uploads/products/bionnex-the-nordea-caffeine-5angelica-serum-30-ml2coj-01734864214.png,https://cdn.chefaa.com/filters:format(webp)/public/uploads/products/bionnex-the-nordea-caffeine-5angelica-serum-30-ml2coj-01734864214.png,مميزات المنتج   بيونيكس | نورديا كافيين 5+ سيروم أنجليكا | 30مل,raw_specs: المواصفات
53663,سوبر كيدز | رغوة الوجه المضادة للحساسية | 200مل,super kids hypoallergenic facial foam with chamomile sunflower cucumber extracts for all skin types tear free silicone free parabens freeQCCs,150,EGP,سوبر كيدز,العناية بالبشرة>,in stock,https://chefaa.com:443/eg-ar/nowProduct/super-kids-hypoallergenic-facial-foam-with-chamomile-sunflower--cucumber-extracts-for-all-skin-types--tear-free-silicone-free-parabens-freeQCCs,https://cdn.chefaa.com/filters:format(webp)/public/uploads/products/super-kids-hypoallergenic-facial-foam-with-chamomile-sunflower-cucumber-extracts-for-all-skin-types-tear-free-silicone-free-parabens-freeqccs-01733263077.png,https://cdn.chefaa.com/filters:format(webp)/public/uploads/products/super-kids-hypoallergenic-facial-foam-with-chamomile-sunflower-cucumber-extracts-for-all-skin-types-tear-free-silicone-free-parabens-freeqccs-01733263077.png,مميزات المنتج   سوبر كيدز | رغوة الوجه المضادة للحساسية | 200مل,ماركة: سوبر كيدز
53848,فاكيشن | سيروم فيتامين سي 10% | 30مل,vacation vitamin face serum mla0zZ,475,EGP,No Brand,العناية بالبشرة>السيروم,in stock,https://chefaa.com:443/eg-ar/nowProduct/vacation-vitamin-c-10--face-serum-30-mla0zZ,https://cdn.chefaa.com/filters:format(webp)/public/uploads/products/vacation-vitamin-c-10-face-serum-30-mla0zz-01736948290.png,https://cdn.chefaa.com/filters:format(webp)/public/uploads/products/vacation-vitamin-c-10-face-serum-30-mla0zz-01736948290.png,مميزات المنتج   فاكيشن | سيروم فيتامين سي 10% | 30مل,raw_specs: المواصفات
55048,ديرما اكتيف | غسول من الرأس إلى القدمين | 500مل,dermactive baby head toe wash 500mxsDe,269,EGP,ديرما اكتيف,العناية بالبشرة>,in stock,https://chefaa.com:443/eg-ar/nowProduct/dermactive-baby-head-to-toe-wash-500mxsDe,https://cdn.chefaa.com/filters:format(webp)/public/uploads/products/dermactive-baby-head-to-toe-wash-500mxsde-01733096350.png,https://cdn.chefaa.com/filters:format(webp)/public/uploads/products/dermactive-baby-head-to-toe-wash-500mxsde-01733096350.png,مميزات المنتج   ديرما اكتيف | غسول من الرأس إلى القدمين | 500مل,ماركة: ديرما اكتيف
55572,انفينيتي | غسول وجه انستا جلو للعناية بالبشرة | 200 مل,infinity facial wash insta glow 200mlaXyq,150,EGP,إنفينيتي,العناية بالبشرة>,in stock,https://chefaa.com:443/eg-ar/nowProduct/infinity-facial-wash-insta-glow-200mlaXyq,https://cdn.chefaa.com/filters:format(webp)/public/uploads/products/infinity-facial-wash-insta-glow-200mlaxyq-01733259925.png,https://cdn.chefaa.com/filters:format(webp)/public/uploads/products/infinity-facial-wash-insta-glow-200mlaxyq-01733259925.png,مميزات المنتج   انفينيتي | غسول وجه انستا جلو للعناية بالبشرة | 200 مل,ماركة: إنفينيتي
55585,إنفينيتي | وايتننج كريم لمحيط العين | 30مل,infinity whitening eye contour cream 30ml8dmQ,250,EGP,إنفينيتي,العناية بالبشرة>,in stock,https://chefaa.com:443/eg-ar/nowProduct/infinity-whitening-eye-contour-cream-30ml8dmQ,https://cdn.chefaa.com/filters:format(webp)/public/uploads/products/infinity-whitening-eye-contour-cream-30ml8dmq-01733268480.png,https://cdn.chefaa.com/filters:format(webp)/public/uploads/products/infinity-whitening-eye-contour-cream-30ml8dmq-01733268480.png,مميزات المنتج   إنفينيتي | وايتننج كريم لمحيط العين | 30مل,ماركة: إنفينيتي
55656,كولاجرا | سيروم الريتينول | 30مل,kolagra retinol serum 30ml6UBC,310,EGP,No Brand,العناية بالبشرة>السيروم,in stock,https://chefaa.com:443/eg-ar/nowProduct/kolagra-retinol-serum-30ml6UBC,https://cdn.chefaa.com/filters:format(webp)/public/uploads/products/kolagra-retinol-serum-30ml6ubc-01734959714.png,https://cdn.chefaa.com/filters:format(webp)/public/uploads/products/kolagra-retinol-serum-30ml6ubc-01734959714.png,مميزات المنتج   كولاجرا | سيروم الريتينول | 30مل,raw_specs: المواصفات
59872,ستارفيل | لوشن مرطب للجسم ضد الحبوب | 230مل,starville anti acne moisturizing body lotion 230ml kvbl_duEKrBlp,325,EGP,ستارفيل,العناية بالبشرة>الترطيب,in stock,https://chefaa.com:443/eg-ar/nowProduct/starville-anti-acne-moisturizing-body-lotion-230ml-kvbl_duEKrBlp,https://cdn.chefaa.com/filters:format(webp)/public/uploads/products/starville-anti-acne-moisturizing-body-lotion-230ml-dakr-01732715548.png,https://cdn.chefaa.com/filters:format(webp)/public/uploads/products/starville-anti-acne-moisturizing-body-lotion-230ml-dakr-01732715548.png,مميزات المنتج   ستارفيل | لوشن مرطب للجسم ضد الحبوب | 230مل,ماركة: ستارفيل
60474,ديرما اكتيف | كريم اكتي ريبير للترطيب | 200مل,dermactive acti repair smoothing cream 200ml v8ht,279,EGP,ديرما اكتيف,العناية بالبشرة>الترطيب,in stock,https://chefaa.com:443/eg-ar/nowProduct/dermactive-acti-repair-smoothing-cream-200ml-v8ht,https://cdn.chefaa.com/filters:format(webp)/public/uploads/products/dermactive-acti-repair-smoothing-cream-200ml-btkj-01740239050.png,https://cdn.chefaa.com/filters:format(webp)/public/uploads/products/dermactive-acti-repair-smoothing-cream-200ml-btkj-01740239050.png,مميزات المنتج   ديرما اكتيف | كريم اكتي ريبير للترطيب | 200مل,ماركة: ديرما اكتيف
62539,ليلاك | بخاخ سائل أكوا لمسة جافة بمعامل حمايه +50 | 75مل,leylak spray dry touch fluid spf50 75ml 21Pg,329,EGP,No Brand,العناية بالبشرة>الوقاية من الشمس,in stock,https://chefaa.com:443/eg-ar/nowProduct/leylak-spray-dry-touch-fluid-spf50-75ml-21Pg,https://cdn.chefaa.com/filters:format(webp)/public/uploads/products/leylak-spray-dry-touch-fluid-spf50-75ml-21pg-01756079216.png,https://cdn.chefaa.com/filters:format(webp)/public/uploads/products/leylak-spray-dry-touch-fluid-spf50-75ml-21pg-01756079216.png,مميزات المنتج   ليلاك | بخاخ سائل أكوا لمسة جافة بمعامل حمايه +50 | 75مل,raw_specs: المواصفات
762,كلين اند كلير مقشر يومي للوجه يتحكم بلمعان البشرة - 100 مل,%D9%83%D9%84%D9%8A%D9%86 %D8%A7%D9%86%D8%AF %D9%83%D9%84%D9%8A%D8%B1 %D9%85%D9%82%D8%B4%D8%B1 %D9%8A%D9%88%D9%85%D9%8A %D9%84%D9%84%D9%88%D8%AC%D9%87 %D9%8A%D8%AA%D8%AD%D9%83%D9%85 %D8%A8%D9%84%D9%85%D8%B9%D8%A7%D9%86 %D8%A7%D9%84%D8%A8%D8%B4%D8%B1%D8%A9 %D9%85%D9%84,92,EGP,كلين & كلير,العناية بالبشرة>,in stock,https://chefaa.com:443/eg-ar/nowProduct/%D9%83%D9%84%D9%8A%D9%86-%D8%A7%D9%86%D8%AF-%D9%83%D9%84%D9%8A%D8%B1-%D9%85%D9%82%D8%B4%D8%B1-%D9%8A%D9%88%D9%85%D9%8A-%D9%84%D9%84%D9%88%D8%AC%D9%87-%D9%8A%D8%AA%D8%AD%D9%83%D9%85-%D8%A8%D9%84%D9%85%D8%B9%D8%A7%D9%86-%D8%A7%D9%84%D8%A8%D8%B4%D8%B1%D8%A9---100-%D9%85%D9%84,https://cdn.chefaa.com/filters:format(webp)/public/uploads/products/PUVcsBbivy0BovnhQw78BvfKxxB2fqHrtdyFf9o0.jpeg,https://cdn.chefaa.com/filters:format(webp)/public/uploads/products/PUVcsBbivy0BovnhQw78BvfKxxB2fqHrtdyFf9o0.jpeg,عن هذا المنتج     ﻿ ﻿ ﻿ ﻿ ﻿ تحتوي تركيبته على عشب الليمون وخلاصة الفواكه رائحة الحمضيات المنعشة خالي من الزيوت حبيبات تقشير يمكن استخدامه كل يوم ﻿,ماركة: كلين & كلير
2906,بيوديرما | سيبيوم جلوبال كريم لحب الشباب | 30مل,bioderma sebium global for acne prone skin,750,EGP,بيودرما,العناية بالبشرة>الغسول,in stock,https://chefaa.com:443/eg-ar/nowProduct/bioderma-sebium-global-for-acne-prone-skin-30-ml,https://cdn.chefaa.com/filters:format(webp)/public/uploads/products/bioderma-sebium-global-for-acne-prone-skin-30-ml-01720045979.png,https://cdn.chefaa.com/filters:format(webp)/public/uploads/products/bioderma-sebium-global-for-acne-prone-skin-30-ml-01720045979.png,مميزات المنتج   أول علاج بشرة يعمل بيولوجيًا على معالجة أسباب الشوائب الحادة وآثارها.,ماركة: بيودرما
21050,يورياج | كريم العناية ببشرة محيط العين | 15مل,uriage depiderm brightening eye contour care cream 15ml m9c2,699,EGP,يورياج,العناية بالبشرة>العناية بالعيون,in stock,https://chefaa.com:443/eg-ar/nowProduct/uriage-depiderm-brightening-eye-contour-care-cream-15ml-m9c2,https://cdn.chefaa.com/filters:format(webp)/public/uploads/products/uriage-depiderm-brightening-eye-contour-care-cream-15ml-m9c2-01669904607.png,https://cdn.chefaa.com/filters:format(webp)/public/uploads/products/uriage-depiderm-brightening-eye-contour-care-cream-15ml-m9c2-01669904607.png,مميزات المنتج   يورياج | كريم العناية ببشرة محيط العين | 15مل,ماركة: يورياج
6013,إيڤا سكين كير | كريم بشرة بالعسل | 55جم,eva cream with honey 55gm oh11,30,EGP,إيڤا,العناية بالبشرة>,in stock,https://chefaa.com:443/eg-ar/nowProduct/eva-cream-with-honey-55gm-oh11,https://cdn.chefaa.com/filters:format(webp)/public/uploads/products/1619171555eva-cream-with-honey-chefaajpg,https://cdn.chefaa.com/filters:format(webp)/public/uploads/products/1619171555eva-cream-with-honey-chefaajpg,مميزات المنتج   يعيد لبشرتك نعومتها وتوازنها الطبيعي ويمنحها نضارة وإشراقة دائمة. للبشرة العادية.,ماركة: إيڤا
6017,إيڤا سكين كير | كريم بشرة بالزبادى والخيار | 50جم,eva cream with yoghurt and cucumber 55gm hgat,30,EGP,إيڤا,العناية بالبشرة>,in stock,https://chefaa.com:443/eg-ar/nowProduct/eva-cream-with-yoghurt-and-cucumber-55gm-hgat,https://cdn.chefaa.com/filters:format(webp)/public/uploads/products/1619173197eva-cream-with-yoghurt-and-cucumber-chefaajpg,https://cdn.chefaa.com/filters:format(webp)/public/uploads/products/1619173197eva-cream-with-yoghurt-and-cucumber-chefaajpg,مميزات المنتج   تركيبة فريدة تمنح البشرة الدهنية توازنها الطبيعي من دون أن تفقدها ترطيبها اللازم. للبشرة الدهنية.,ماركة: إيڤا
31785,اليجون | سيروم كونتور عيون | 30مل,alejon eye contour serum 30ml 7xhy,285,EGP,أليجون,العناية بالبشرة>العناية بالعيون,in stock,https://chefaa.com:443/eg-ar/nowProduct/alejon-eye-contour-serum-30ml-7xhy,https://cdn.chefaa.com/filters:format(webp)/public/uploads/products/alejon-eye-contour-serum-30ml-snjp-01694448926.png,https://cdn.chefaa.com/filters:format(webp)/public/uploads/products/alejon-eye-contour-serum-30ml-snjp-01694448926.png,مميزات المنتج   اليجون | سيروم كونتور عيون | 30مل,ماركة: أليجون
31789,اليجون صن بلوك سبراي alejon sunscreen لجميع أنواع البشرة | 200 مل,alejon sun screen spray 200ml rfag,480,EGP,أليجون,العناية بالبشرة>الوقاية من الشمس,in stock,https://chefaa.com:443/eg-ar/nowProduct/alejon-sun-screen-spray-200ml-rfag,https://cdn.chefaa.com/filters:format(webp)/public/uploads/products/alejon-sun-screen-spray-200ml-rw96-01694449438.png,https://cdn.chefaa.com/filters:format(webp)/public/uploads/products/alejon-sun-screen-spray-200ml-rw96-01694449438.png,"مميزات المنتج   اليجون صن بلوك سبراي (alejon sunscreen spray) منتج فعال للحماية من أشعة الشمس الضارة، والحفاظ على صحة الجلد ونضارته. سريع الامتصاص. سهل وضعه حتى على البشرة المبللة. يمنح لمسة نهائية جافة غير لزجة بعد وضعه على الجلد. يحافظ على رطوبة البشرة. يمكن استخدامه على مناطق كبيرة من الجسم.   عن هذا المنتج     مكونات اليجون صن بلوك سبراي  يحتوي اليجون صن بلوك سبراي على تركيبة فعالة للوقاية من أشعة الشمس وتشمل:  حمض الهيالورونيك (hyaluronic acid): يقاوم ظهور التجاعيد والخطوط الدقيقة في الوجه، ويحفز إنتاج الكولاجين، ويمنح البشرة مظهرًا صحيًا.  نياسيناميد (Niacinamide): يعمل على تفتيح البقع الداكنة ويقاوم التصبغات، ويحافظ على البشرة رطبة، ويقلل ظهور التجاعيد مما يمنحك بشرة أكثر إشراقًا.  جليسرين (glycerin): مرطب للبشرة.  باثينول (panthenol): مرطب للبشرة.  ألانتوين (allantoin): مهدئ وملطف للبشرة من الالتهابات.  حمض اللاكتيك (lactic acid).  يوريا (urea).  بروبيلين جليكول (propylene glycol).  كاربومير (carbomer).  بولي سوربيت 80 (polysorbate 89).  فينوكسي ايثانول (phenoxyethanol).  بنزوات الصوديوم (sodium benzoate)  عطر (fragrance).  ماء (aqua).  حجم alejon sunscreen spray  يتوفر اليجون صن بلوك سبراي بحجم 200 مل.  سعر صن بلوك alejon   يبلغ سعر اليجون صن بلوك سبراي 475 جنيه مصري. ""سعر المنتج قد يتغير تبعا لتغير سعره في الصيدليات"".  يوصى باستعمال اليجون صن بلوك سبراي  يوصى باستعمال اليجون صن بلوك سبراي لجميع أنواع البشرة حيث يوفر حماية عالية للبشرة ضد أشعة الشمس فوق البنفسجية UVA & UVB، ويحافظ على رطوبة البشرة ويحميها من الجفاف خلال فترة التعرض للشمس.  طريقة استخدام اليجون صن بلوك سبراي  يتم وضع كمية وفيرة من اليجون صن بلوك سبراي على الوجه والجسم قبل التعرض للشمس بـ 15 دقيقة.  يُكرر وضعه كل ساعتين خاصة بعد السباحة.  هل صن بلوك اليجون مناسب للبشرة الدهنية؟  نعم، يناسب اليجون صن بلوك سبراي جميع أنواع البشرة.  هل اليجون منتج مصري؟  نعم، شركة اليجون شركة مصرية بُنيت على يد مجموعة من الخبراء في مجال الشعر والبشرة.  ما أفضل صن بلوك سبراي للبشرة الدهنية ؟  لاروش بوزيه أنثيليوس صن بلوك سبراي للبشرة الدهنية (La Roche posay anthelios sunblock spray).  صن بلوك انفينيتي سبراي (Infinity sunscreen spray SPF +50).  صن بلوك فاكيشن سبراي (vacation sunscreen lotion spray).  اليجون صن بلوك سبراي (alejon sunscreen spray).",ماركة: أليجون
46132,اليجون كولاجين سيروم للبشرة لتعزيز نضارة الوجه | 50 مل,alejon collagen serum 50ml fvq0_duHN564L,350,EGP,أليجون,العناية بالبشرة>السيروم,in stock,https://chefaa.com:443/eg-ar/nowProduct/alejon-collagen-serum-50ml-fvq0_duHN564L,https://cdn.chefaa.com/filters:format(webp)/public/uploads/products/alejon-collagen-serum-50ml-z5gs-01684764124.png,https://cdn.chefaa.com/filters:format(webp)/public/uploads/products/alejon-collagen-serum-50ml-z5gs-01684764124.png,مميزات المنتج   يتميز اليجون كولاجين سيروم alejon collagen skin serum بما يلي: سهل الاستعمال. يعزز مرونة الجلد ويحارب آثار التقدم في السن. يعيد شباب ونضارة البشرة. يعالج التجاعيد والخطوط الرفيعة في الوجه والرقبة. يساعد على علاج الندبات وآثار الجروح وآثار حب الشباب. يحتوي على تركيبة غنية بالبروتينات والفيتامينات لتجديد خلايا الجلد بفاعلية. سريع الامتصاص ولا يترك طبقة دهنية على البشرة. سعر اليجون كولاجين سيروم مناسب بالمقارنة مع حجمه وفوائده المميزة.   عن هذا المنتج     مكونات اليجون كولاجين سيروم  يحتوي اليجون كولاجين سيروم على:  الكولاجين (Collagen): يعزز مرونة البشرة ويساعد في تقليل علامات التقدم في العمر، مما يساهم في الحصول على بشرة أكثر شباباً وحيوية.  حمض الهيالورونيك (Hyaluronic Acid): يعمل على ترطيب البشرة بعمق، مما يجعلها تبدو أكثر نعومة وامتلاء. يساعد أيضاً في تقليل ظهور التجاعيد والخطوط الدقيقة.  طحالب بحرية (Marine Algae): تحتوي الطحالب البحرية على معادن وفيتامينات تساعد في تغذية البشرة وتجديد خلاياها، مما يعزز نضارتها ويعيد حيويتها.  مجموعة الببتيدات (Peptides Complex): تعمل الببتيدات على تحفيز إنتاج الكولاجين الطبيعي في البشرة، مما يساعد في تحسين مرونة الجلد وتقليل ظهور التجاعيد والخطوط الدقيقة.  حجم alejon collagen serum  يتوفر alejon collagen skin serum بحجم 50 مل من السيروم المخصص للعناية بالبشرة.  يوصى باستعمال اليجون سيروم كولاجين  يوصى باستعمال  alejon collagen skin serum لجميع أنواع البشرة، فهو معزز بمكونات آمنة وفعالة لجميع أنواع البشرة؛ بحيث تعزز من إشراقة وصحة الجلد، وتوفر له مظهر شاب صحي وممتلئ.  سعر سيروم أليجون للوجه   kolagra serum سعر عبوة السيروم المخصص للبشرة 50 مل حوالي 350 جنيه مصري (قد يتغير سعر المنتج وفقًا لتحديثه بالصيدليات أو حسب العروض المتاحة).  طريقة استخدام سيروم alejon للوجه  يدهن السيروم مرتين يومياً على بشرة نظيفة، صباحاً ومساءً.  توضع كمية صغيرة على الوجه والرقبة، وتدلك بلطف حتى تمتص بالكامل.  فوائد سيروم أليجون للوجه  يعيد ملء الفراغات في الجلد بفضل احتوائه على الكولاجين وحمض الهيالورونيك.  يحفز البشرة على إنتاج الكولاجين طبيعياً مرة أخرى.  يساهم في تحسين ملمس البشرة وجعلها أكثر نعومة وإشراقاً.  يحمي البشرة من العوامل البيئية الضارة.  يرطب البشرة بعمق.  ما هي أضرار سيروم الكولاجين للوجة ؟  عادةً ما يستعمل بأمان دون التعرض لأي مخاطر، إلا أنه في حالات نادرة قد يسبب التحسس أو التهيج الموضعي؛ خاصةً في حالات التحسس تجاه أيٍ من المكونات.  متى يوضع سيروم الكولاجين على الوجه؟  يستعمل من مرة إلى مرتين باليوم؛ مرة بالصباح وأخرى بالمساء.  هل سيروم كولاجين مفيد للوجه؟  نعم، هذا السيروم يوفر العديد من الفوائد للبشرة؛ فهو يعزز شبابها ونضارتها ويوفر لها مظهرًا صحيًا وناعمًا.  هل يستخدم سيروم الكولاجين تحت العين؟  نعم، هذا السيروم مناسب للاستعمال على كامل الوجه وتحت العين؛ لكن يمنع ملامسته للعين مباشرةً.  ما أفضل سيروم كولاجين للوجه طبيعي ؟  بايو مي سيروم كولاجين Bio Me serum.  دكتور راشيل سيروم كولاجين Dr Rashel Serum.  بيو بالانس سيروم كولاجين Bio Balance Serum.  ايفا سكين جولد كولاجين Eva Skin Gold Collagen.,ماركة: أليجون
21074,سوفت اند بيوتيفول | نولي التيميت مجموعة علاج الشعر,lye ultimate conditioning relaxer super pack cawa,700,EGP,No Brand,العناية بالبشرة>,in stock,https://chefaa.com:443/eg-ar/nowProduct/no-lye-ultimate-conditioning-relaxer-super-pack-cawa,https://cdn.chefaa.com/filters:format(webp)/public/uploads/products/no-lye-ultimate-conditioning-relaxer-super-pack-7hlg-01655988653.png,https://cdn.chefaa.com/filters:format(webp)/public/uploads/products/no-lye-ultimate-conditioning-relaxer-super-pack-7hlg-01655988653.png,مميزات المنتج   سوفت اند بيوتيفول | نولي التيميت مجموعة علاج الشعر,raw_specs: المواصفات
32512,لونا | جل استحمام ورد قطن | 500مل,luna shower gel cotton flowers 500ml b3yg,60,EGP,لونا,العناية بالبشرة>,in stock,https://chefaa.com:443/eg-ar/nowProduct/luna-shower-gel-cotton-flowers-500ml-b3yg,https://cdn.chefaa.com/filters:format(webp)/public/uploads/products/luna-shower-gel-cotton-flowers-500ml-b3yg-01721295785.png,https://cdn.chefaa.com/filters:format(webp)/public/uploads/products/luna-shower-gel-cotton-flowers-500ml-b3yg-01721295785.png,"مميزات المنتج   شــاور جيل يعطى ترطيبــا عاليــاً للبشــرة ويكسبه نعومة ورائحة ,للاستخدام اليومي.وتركيبة غنية بالرغوة تعطى الاحساس بالانتعاش.تدوم طويلاً .",ماركة: لونا
48330,دراكون | روتين العناية بالبشرة الصيفي,drakon summer care routine ku5a_du45lDKU,299,EGP,دراكون,العناية بالبشرة>الوقاية من الشمس,in stock,https://chefaa.com:443/eg-ar/nowProduct/drakon-summer-care-routine-ku5a_du45lDKU,https://cdn.chefaa.com/filters:format(webp)/public/uploads/products/drakon-summer-care-routine-4ndn-01685363281.png,https://cdn.chefaa.com/filters:format(webp)/public/uploads/products/drakon-summer-care-routine-4ndn-01685363281.png,مميزات المنتج   دراكون | روتين العناية بالبشرة الصيفي مزيل عرق وتفتيح لولي بوب كاندي 50 جم صن سكرين جل كريم 60 جم,ماركة: دراكون
45687,انفينيتي | ريتينول ب3 كريم | 50جم,infinity retinol cream 50gm nhgw_duYRHvAq,300,EGP,إنفينيتي,العناية بالبشرة>الترطيب,in stock,https://chefaa.com:443/eg-ar/nowProduct/infinity-retinol-b3-cream-50gm-nhgw_duYRHvAq,https://cdn.chefaa.com/filters:format(webp)/public/uploads/products/infinity-retinol-b3-cream-50gm-sytg-01722761678.png,https://cdn.chefaa.com/filters:format(webp)/public/uploads/products/infinity-retinol-b3-cream-50gm-sytg-01722761678.png,عن هذا المنتج     يعزز ترطيب البشرة وإشراقها، مما يعطي تأثيرًا ممتلئًا فوريًا. كما أنه يحافظ على رطوبة البشرة ويساعد في علاج التجاعيد وتفتيح التصبغات ويعزز من نضارة البشرة الفوائد: يعطي نضارة للبشرة الباهتة  تقليل فرط التصبغ والبقع يرطب البشرة ويملأها  مناسب لجميع أنواع البشرة طريقة الاستخدام: يستخدم مرة واحدة يومياً ليلاً على الوجه والرقبة، للحصول على نتائج أفضل استخدميه مع سيروم الريتينول B3. يجب عليك وضع واقي الشمس في الصباح.,ماركة: إنفينيتي
49866,اجيرا | غسول لتفتيح وتنظيف البشرة | 150مل,agera lightening cleanser 150ml lfc3,215,EGP,No Brand,العناية بالبشرة>الغسول,in stock,https://chefaa.com:443/eg-ar/nowProduct/agera-lightening-cleanser-150ml-lfc3,https://cdn.chefaa.com/filters:format(webp)/public/uploads/products/agera-lightening-cleanser-150ml-rfba-01730554261.png,https://cdn.chefaa.com/filters:format(webp)/public/uploads/products/agera-lightening-cleanser-150ml-rfba-01730554261.png,مميزات المنتج   اجيرا | غسول لتفتيح وتنظيف البشرة | 150مل,raw_specs: المواصفات
42,كليو | غسول جل منظف للوجه | 150 مل,cleo purifying cleansing face wash gel,200,EGP,منتجات كليو,العناية بالبشرة>الغسول,in stock,https://chefaa.com:443/eg-ar/nowProduct/cleo-purifying-cleansing-face-wash-gel-200-ml,https://cdn.chefaa.com/filters:format(webp)/public/uploads/products/cleo-purifying-cleansing-face-wash-gel-200-ml-01714774508.png,https://cdn.chefaa.com/filters:format(webp)/public/uploads/products/cleo-purifying-cleansing-face-wash-gel-200-ml-01714774508.png,عن هذا المنتج     ﻿ ﻿ ﻿ ﻿ ﻿ ﻿ ﻿ ﻿ ﻿ غسول الوجه المطور من كليو ينقي الوجه بلطف ويمنع ظهور حب الشباب وذلك لأنه يقلل من افراز الدهون غير المرغوب بها. الفوائد: ينقي البشرة ينظم افراز دهون الوجه يمنع تكون الرؤوس السوداء مناسب للبشرة الحساسة ﻿ ﻿,ماركة: منتجات كليو
48068,سكين سايد | كريم دراي تاتش للحماية من الشمس SPF50+ بالنياسيناميد | 50 مل,skinside niacinamide dry touch sun gel spf50 50ml fnat_dueKmKfG,430,EGP,سكين سايد,العناية بالبشرة>الوقاية من الشمس,in stock,https://chefaa.com:443/eg-ar/nowProduct/skinside-niacinamide-dry-touch-sun-gel-spf50-50ml-fnat_dueKmKfG,https://cdn.chefaa.com/filters:format(webp)/public/uploads/products/skinside-niacinamide-dry-touch-sun-gel-spf50-50ml-mchp-01700567353.png,https://cdn.chefaa.com/filters:format(webp)/public/uploads/products/skinside-niacinamide-dry-touch-sun-gel-spf50-50ml-mchp-01700567353.png,عن هذا المنتج     سكين سايد | كريم دراي تاتش للحماية من الشمس SPF50+ بالنياسيناميد | 50 مل,ماركة: سكين سايد
48132,نانو تريت | سيروم فيتامين سي لكل انواع البشرة للجنسين | 30مل,nano treat vitamin serum 30ml for all skin types unisex 30ml bele_duZgkq0F,529,EGP,نانوتريت,العناية بالبشرة>السيروم,in stock,https://chefaa.com:443/eg-ar/nowProduct/nano-treat-vitamin-c-serum-30ml-for-all-skin-types-unisex-30ml-bele_duZgkq0F,https://cdn.chefaa.com/filters:format(webp)/public/uploads/products/nano-treat-vitamin-c-serum-30ml-for-all-skin-types-unisex-30ml-pal5-01720525157.png,https://cdn.chefaa.com/filters:format(webp)/public/uploads/products/nano-treat-vitamin-c-serum-30ml-for-all-skin-types-unisex-30ml-pal5-01720525157.png,مميزات المنتج   نانو تريت | سيروم فيتامين سي لكل انواع البشرة للجنسين | 30مل,ماركة: نانوتريت
48832,ديزار | اويل للوجه | 75مل,disaar vitamin whitening face oil hyaluronic acid 75ml prg8_duJRRNJc,135,EGP,ديزار بيوتي,العناية بالبشرة>الترطيب,in stock,https://chefaa.com:443/eg-ar/nowProduct/disaar-vitamin-c-whitening-face-oil-hyaluronic-acid-75ml-prg8_duJRRNJc,https://cdn.chefaa.com/filters:format(webp)/public/uploads/products/disaar-vitamin-c-whitening-face-oil-hyaluronic-acid-75ml-jvk4-01713787084.png,https://cdn.chefaa.com/filters:format(webp)/public/uploads/products/disaar-vitamin-c-whitening-face-oil-hyaluronic-acid-75ml-jvk4-01713787084.png,عن هذا المنتج     يرطب البشرة ويمنحها لمعان بتركيبة من جلوتاثيون التوت وفيتامين سي وحمض الهيالورونيك، ويعمل على تغذيتها وتفتيحها، ويُحسن البشرة الباهتة، فهو زيت طبيعي متعدد الاستخدامات غني بفيتامين سي المُرطب.  هذا المنتج غني بالمستخلصات الطبيعية التي يسهُل امتصاصها بسرعة في البشرة، وتعمل على تجديد العناصر الغذائية وتقليل جفاف البشرة، وتقوم بتفتيح الخطوط والبقع، كما تزيل التجاعيد وآثار حب الشباب، وتعزز مرونة الجلد.  كما يعمل هذا الزيت على مُعالجة مشاكل البشرة المتعددة.,ماركة: ديزار بيوتي
55022,ديير | كريم إخفاء محيط العين المرطب | 30مل,dear hydration eye contour concealer 30mlt0nY,450,EGP,No Brand,العناية بالبشرة>العناية بالعيون,in stock,https://chefaa.com:443/eg-ar/nowProduct/dear-hydration-eye-contour-concealer-30mlt0nY,https://cdn.chefaa.com/filters:format(webp)/public/uploads/products/dear-hydration-eye-contour-concealer-30mlt0ny-01734892165.png,https://cdn.chefaa.com/filters:format(webp)/public/uploads/products/dear-hydration-eye-contour-concealer-30mlt0ny-01734892165.png,مميزات المنتج   ديير | كريم إخفاء محيط العين المرطب | 30مل,raw_specs: المواصفات
52306,لوريال | جليكوليك سيروم مضاد للهالات السوداء حول العين مع حمض الجليكوليك وفيتامين سي جي والنياسيناميد | 20مل,loreal glycolicbright antidark circles eye serum with glycolic acid vitamin niacinamide fragrance freeNbeS,750,EGP,لوريال باريس,العناية بالبشرة>السيروم,in stock,https://chefaa.com:443/eg-ar/nowProduct/loreal-glycolicbright-antidark-circles-eye-serum-with-glycolic-acid-vitamin-cg--niacinamide--fragrance-freeNbeS,https://cdn.chefaa.com/filters:format(webp)/public/uploads/products/loreal-glycolicbright-antidark-circles-eye-serum-with-glycolic-acid-vitamin-cg-niacinamide-fragrance-freenbes-01735222697.png,https://cdn.chefaa.com/filters:format(webp)/public/uploads/products/loreal-glycolicbright-antidark-circles-eye-serum-with-glycolic-acid-vitamin-cg-niacinamide-fragrance-freenbes-01735222697.png,مميزات المنتج   لوريال | جليكوليك سيروم مضاد للهالات السوداء حول العين مع حمض الجليكوليك وفيتامين سي جي والنياسيناميد | 20مل,ماركة: لوريال باريس
23009,يورياج | زيموس كريم وجه | 40مل,uriage x%C3%A9mose face cream 40ml eu6n,785,EGP,يورياج,العناية بالبشرة>,in stock,https://chefaa.com:443/eg-ar/nowProduct/uriage-x%C3%A9mose-face-cream-40ml-eu6n,https://cdn.chefaa.com/filters:format(webp)/public/uploads/products/uriage-xémose-face-cream-40ml-eu6n-01669905466.png,https://cdn.chefaa.com/filters:format(webp)/public/uploads/products/uriage-xémose-face-cream-40ml-eu6n-01669905466.png,مميزات المنتج   يورياج | زيموس كريم وجه | 40مل,ماركة: يورياج
46424,رو أفريكان | مرطب حول العين | 20جم,raw african caffeine eye balm 20gm cflz_duCmhdCa,268,EGP,رو أفريكان,العناية بالبشرة>العناية بالعيون,in stock,https://chefaa.com:443/eg-ar/nowProduct/raw-african-caffeine-eye-balm-20gm-cflz_duCmhdCa,https://cdn.chefaa.com/filters:format(webp)/public/uploads/products/raw-african-caffeine-eye-balm-20gm-0ojs-01702465884.png,https://cdn.chefaa.com/filters:format(webp)/public/uploads/products/raw-african-caffeine-eye-balm-20gm-0ojs-01702465884.png,مميزات المنتج   رو أفريكان | مرطب حول العين | 20جم,ماركة: رو أفريكان
2273,إيڤا سكين كلينيك وايت بيرل | كريم ليلي بخلاصة اللؤلؤ الابيض | 50مل,eva skin clinic white pearl night cream 50ml,220,EGP,إيڤا,العناية بالبشرة>,in stock,https://chefaa.com:443/eg-ar/nowProduct/eva-skin-clinic-white-pearl-night-cream-50ml,https://cdn.chefaa.com/filters:format(webp)/public/uploads/products/eva-skin-clinic-white-pearl-night-cream-50ml-01721489812.png,https://cdn.chefaa.com/filters:format(webp)/public/uploads/products/eva-skin-clinic-white-pearl-night-cream-50ml-01721489812.png,مميزات المنتج   ايفا سكين كلينيك كريم تفتيح ليلي بخلاصة اللؤلؤ الأبيض لتفتيح وتوحيد لون البشرة. تأثير 360 درجة تفتيح. خلاصة اللؤلؤ الأبيض : تعمل على تفتيح لون البشرة وتزويدها بالمعادن البحرية الطبيعية. فيتامين ب3: يعمل على تقليل مظهر البقع الداكنة كما يعمل على حماية البشرة من اشعة الشمس الفوق البنفسجية الضارة وزيادة ترطيبها. هيكسل ريزورسينول: يعمل على توحيد لون بشرتك كما يعمل كمضادة للأكسدة.,ماركة: إيڤا
5962,إيڤا ايفا صن اند سى | سبراى لوشن واقى من اشعة الشمس للاطفال بمعامل حماية +50 | 200مل,eva sun sea kids sunscreen spray lotion spf dqb5,300,EGP,إيڤا,العناية بالبشرة>الوقاية من الشمس,in stock,https://chefaa.com:443/eg-ar/nowProduct/eva-sun-sea-kids-sunscreen-spray-lotion-spf-50-dqb5,https://cdn.chefaa.com/filters:format(webp)/public/uploads/products/1619725639eva-sun-sea-kids-sunscreen-spray-lotion-spf-50-200ml-chefaajpg,https://cdn.chefaa.com/filters:format(webp)/public/uploads/products/1619725639eva-sun-sea-kids-sunscreen-spray-lotion-spf-50-200ml-chefaajpg,عن هذا المنتج     صممت هذه التركيبة المرطبة و سهلة الاستخدام وسريعة الامتصاص خصيصا لحماية و تغطية كاملة لبشرة طفلك الحساسة بفاعلية و ذلك بفضل نظام الحماية الثلاثية المفعول المكون من معدن يعكس اشعة الشمس و فلاتر كيميائية تعمل على امتصاص الاشعة فوق البنفسجية و مضادات الكسدة التى تحمى البشرة.   فانها تمنح بشرة طفلك أقصى حماية من اشعة الشمس الضارة و بالاخص الاشعة الفوق بنفسجية الطويلة المدى  UVA والمتوسطة المدى UVB مما يقي من حروق الشمس.,ماركة: إيڤا
23137,إيفا | صن & سي صن سكرين سبراي بعامل حماية 50+ | 200مل,eva sun sea adults sunscreen spray spf50 200ml xqq5,300,EGP,إيڤا,العناية بالبشرة>الوقاية من الشمس,in stock,https://chefaa.com:443/eg-ar/nowProduct/eva-sun-sea-adults-sunscreen-spray-spf50-200ml-xqq5,https://cdn.chefaa.com/filters:format(webp)/public/uploads/products/eva-sun-sea-adults-sunscreen-spray-spf50-200ml-ixi4-01663591228.png,https://cdn.chefaa.com/filters:format(webp)/public/uploads/products/eva-sun-sea-adults-sunscreen-spray-spf50-200ml-ixi4-01663591228.png,مميزات المنتج   إيفا | صن & سي صن سكرين سبراي بعامل حماية 50+ | 200مل,ماركة: إيڤا
46043,إيڤا سكين كلينك | سيروم بفيتامين ايه للوجه | 30مل,eva skin clinic vitamin facial serum 30ml cofw_du1qtrCW,210,EGP,إيڤا,العناية بالبشرة>السيروم,in stock,https://chefaa.com:443/eg-ar/nowProduct/eva-skin-clinic-vitamin-a-facial-serum-30ml-cofw_du1qtrCW,https://cdn.chefaa.com/filters:format(webp)/public/uploads/products/eva-skin-clinic-vitamin-a-facial-serum-30ml-cofw-01721493150.png,https://cdn.chefaa.com/filters:format(webp)/public/uploads/products/eva-skin-clinic-vitamin-a-facial-serum-30ml-cofw-01721493150.png,مميزات المنتج   إيڤا سكين كلينك | سيروم بفيتامين ايه للوجه | 30مل,ماركة: إيڤا
7529,سيرافي | كريم مرمم ومرطب للأيدي الجافة والخشنة | 50مل,cerave moisturizing hand cream 50ml i1tm,319,EGP,سيرافي,العناية بالبشرة>الترطيب,in stock,https://chefaa.com:443/eg-ar/nowProduct/cerave-moisturizing-hand-cream-50ml-i1tm,https://cdn.chefaa.com/filters:format(webp)/public/uploads/products/cerave-moisturizing-hand-cream-50ml-i1tm-01723385812.png,https://cdn.chefaa.com/filters:format(webp)/public/uploads/products/cerave-moisturizing-hand-cream-50ml-i1tm-01723385812.png,مميزات المنتج   سيرافي | كريم مرمم ومرطب للأيدي الجافة والخشنة | 50مل   عن هذا المنتج     مكونات كريم اليدين من سيرافي:     سيراميد: يعمل على ترطيب البشرة وحماية الحاجز الطبيعي لرطوبة الجلد.   حمض الهيالورونيك: يعمل على الحفاظ على رطوبة البشرة وجعلها أكثر نعومة.   الجليسرين: يعمل على ترطيب البشرة وحمايتها من الجفاف والتشققات.    الدايميثيكون: يعمل على الحفاظ على رطوبة البشرة وتقليل فقدانها للماء.     مميزات سيرافي كريم لليدين:     يوفر ترطيب عميق لليدين يستمر لـ24 ساعة.   يعمل على ترميم بشرة اليدين وعلاج الخشونة والجفاف للحصول على مظهر أكثر حيوية ونضارة.   يعمل على تقوية الحاجز الواقي للبشرة ويحميها من العوامل البيئية الضارة.   يتميز بتقنية (MVE) التي تعمل على ترطيب البشرة على مدار ال24 ساعة.   يساعد على تعزيز نعومة ونضارة الجلد.   لا يسبب حساسية البشرة.   خالي من العطور.   مناسب للأيدي الخشنة والمتشققة وشديدة الجفاف والبشرة الحساسة والمعرضة للأكزيما الخفيفة.   مناسب للأطفال والبالغين.   يتميز بتركيبته الخفيفة غير الدهنية سريعة الامتصاص.   يتميز بتركيبة مقاومة للماء.   تم تطويره مع أطباء الجلدية.   تم الموافقة عليه من قبل جمعية الإكزيما الوطنية.     حجم CeraVe Reparative Hand Cream:     يتوفر بحجم 50 مل.     يوصي به:   الكريم مناسب للأطفال والكبار أصحاب البشرة الحساسة الذين يعانون من خشونة اليد والجفاف الشديد حيث يعمل الكريم على ترطيب اليدين وحمايتها من التشققات وإستعادة نضارتها من جديد.,ماركة: سيرافي
7784,لاروش بوزيه صن بلوك أنثيليوس ايدج كوركت SPF 50 | ٥٠ مل,roch anthelios age correct spf qdgr,1088,EGP,لاروش بوزيه,العناية بالبشرة>الوقاية من الشمس,in stock,https://chefaa.com:443/eg-ar/nowProduct/la-roch-anthelios-age-correct-spf-50-qdgr,https://cdn.chefaa.com/filters:format(webp)/public/uploads/products/1634123661anthlios-larochjpg,https://cdn.chefaa.com/filters:format(webp)/public/uploads/products/1634123661anthlios-larochjpg,"مميزات المنتج   لاروش بوزيه صن بلوك يتميز بما يلى: يساعد على تقليل علامات الشيخوخة والتجاعيد خلال 4 أسابيع فقط. يوفر ترطيب عميق للبشرة يدوم حتى 24 ساعة. يتميز بمعامل حماية SPF 50 لتوفير حماية عالية من أشعة الشمس. لا يسبب انسداد المسام. لا يسبب حساسية البشرة. مناسب للوجه والرقبة. خالي من الزيوت. مناسب للبالغين. مناسب لجميع أنواع البشرة حتى البشرة الحساسة. يتميز بتركيبته الخفيفة سريعة الامتصاص. تم اختباره من قبل أطباء الجلدية والعيون.   عن هذا المنتج     مكونات لاروش بوزيه صن بلوك للتجاعيد  ايدج كوركت يحتوى صن بلوك لاروش أنثيليوس ايدج كوركت حماية 50 على : حمض الهيالورونيك المجزأ: يعمل على مكافحة التجاعيد وتقليل علامات تقدم العمر بفاعلية أكبر من حمض الهيالورونيك العادي. النياسيناميد: يعمل على تخفيف وتقليل التصبغات. فينيل إيثيل الريزوسينول: يعمل على تقليل وتفتيح البقع الداكنة. تقنية ميكسوريل إكس إل: تعمل على حماية البشرة من أضرار أشعة الشمس فوق البنفسجية من النوع UVA و UVB والأشعة تحت الحمراء. تقنية سيلوكس ب3 (CELLOX-B3 TECH‎): تعمل على حماية البشرة من أشعة الشمس الضارة والأكسدة.  سعر صن بلوك لاروش في مصر سعر لاروش بوزيه صن بلوك فى الصيدليات حوالى 690 جنيه "" سعر كريم لاروش بوزيه صن بلوك قد يتغير تبعاً لتغير سعره فى الصيدليات "" حجم صن بلوك لاروش بوزيه Anthelios Age Correct يتوفر واقي شمس لاروش بوزيه بحجم 50 مل. يوصي باستعمال لاروش بوزيه واقي شمس صن بلوك لاروش الجديد مناسب للبشرة التي تعاني من التجاعيد وعلامات التقدم في العمر حيث يعمل على تقليل علامات تقدم العمر وحماية البشرة من أضرار أشعة الشمس والأكسدة للحصول على بشرة أكثر حيوية ونضارة. ما هو بديل صن بلوك لاروش ؟ صن بلوك ديرماتيك بوباي صن سكرين كوزمو ابى صن سكرين اليجون جل واقى من الشمس",ماركة: لاروش بوزيه
18145,ايزيس فارما | تين ديرم جل للبشرة الدهنية المعرضة لحب الشباب | 150مل,isis teen derm gel 6obi,589,EGP,إيزيس فارما,العناية بالبشرة>,in stock,https://chefaa.com:443/eg-ar/nowProduct/isis-teen-derm-gel-150-ml-6obi,https://cdn.chefaa.com/filters:format(webp)/public/uploads/products/isis-teen-derm-gel-150-ml-6obi-01722348907.png,https://cdn.chefaa.com/filters:format(webp)/public/uploads/products/isis-teen-derm-gel-150-ml-6obi-01722348907.png,مميزات المنتج   ايزيس فارما | تين ديرم جل للبشرة الدهنية المعرضة لحب الشباب | 150مل,ماركة: إيزيس فارما
18346,ايزيس فارما | جل مقشر ومنظف للوجه والرقبة | 150مل,isis pharma exfoliating cleansing gel summer collection women 150ml rop8,699,EGP,إيزيس فارما,العناية بالبشرة>الغسول,in stock,https://chefaa.com:443/eg-ar/nowProduct/isis-pharma-exfoliating-cleansing-gel-summer-collection-women-150ml-rop8,https://cdn.chefaa.com/filters:format(webp)/public/uploads/products/isis-pharma-exfoliating-cleansing-gel-summer-collection-women-150ml-rop8-01724229529.png,https://cdn.chefaa.com/filters:format(webp)/public/uploads/products/isis-pharma-exfoliating-cleansing-gel-summer-collection-women-150ml-rop8-01724229529.png,مميزات المنتج   ايزيس فارما | جل مقشر ومنظف للوجه والرقبة | 150مل,ماركة: إيزيس فارما
18353,إيه سي إم | جل سيبيونكس للبشرة الدهنية بمعامل حماية من الشمس 50 | 40مل,acm sebionex mattifying gel spf 40ml lrdh,539,EGP,إيه سي إم,العناية بالبشرة>الوقاية من الشمس,in stock,https://chefaa.com:443/eg-ar/nowProduct/acm-sebionex-mattifying-gel-spf-50-40ml-lrdh,https://cdn.chefaa.com/filters:format(webp)/public/uploads/products/acm-sebionex-mattifying-gel-spf-50-40ml-ndpp-01653496491.png,https://cdn.chefaa.com/filters:format(webp)/public/uploads/products/acm-sebionex-mattifying-gel-spf-50-40ml-ndpp-01653496491.png,مميزات المنتج   يتميز صن بلوك acm بما يلي: يتميز بتركيبة الجل التي تمنحه ملمسًا خفيفًا وغير دهني، مما يجعله مناسبًا للبشرة الدهنية والمختلطة. يوفر حماية واسعة ضد أشعة الشمس الضارة (UVA و UVB)، مما يساعد على الوقاية من التلف الناتج عن الشمس مثل التصبغات وعلامات الشيخوخة. يحتوي على مكونات تساهم في التحكم بلمعان البشرة وتقليل إفراز الزيوت الزائدة، مما يجعله مثاليًا للأشخاص الذين يعانون من البشرة اللامعة. لا يسد المسام مما يساعد على منع تكون حب الشباب والبثور. يكسب البشرة ترطيباً خفيفاً دون أن يجعلها دهنية أو لامعة. خالٍ من العطور ومناسب للبشرة الحساسة. مقاوم للماء لذلك يمكن استخدامه أثناء السباحة. يعطي البشرة مظهرًا غير لامع، ويعزز مظهر البشرة الطبيعي. سعر صن بلوك acm مناسب مقارنة بفوائده العديدة للبشرة.   عن هذا المنتج     مكونات صن بلوك acm  يحتوي acm صن بلوك على:  إيثيل هيكسيل ميثوكسيسينامات (Ethylhexyl Methoxycinnamate): يحمي البشرة من الأشعة الضارة للشمس (UVB)، والتي تسبب حروق الشمس وتلف البشرة، ويعتبر واحدًا من المكونات النشطة المستخدمة في معظم منتجات الحماية من الشمس.    جلسرين (Glycerin): يساعد على جذب الرطوبة إلى البشرة من البيئة المحيطة ويحافظ عليها، مما يجعل البشرة ناعمة ورطبة، ويساهم أيضًا في تحسين حاجز البشرة ومنع فقدان الماء.  توكوفيرول (Tocopherol): فيتامين E، يعمل كمضاد قوي للأكسدة، ويحمي البشرة من الأضرار التي تسببها بها الأشعة فوق البنفسجية كما يساعد على تقليل علامات الشيخوخة مثل التجاعيد والخطوط الدقيقة، ويعزز تجديد خلايا البشرة.  داي كابريلايل كاربونات (Dicaprylyl Carbonate): يمنح البشرة ملمسًا ناعمًا وسلسًا دون أن يترك أثرًا دهنيًا.   حجم عبوة acm sunblock   يتوفر صن بلوك acm بحجم 40 مل.  سعر صن بلوك acm   يبلغ سعر صن بلوك Acm حوالي 359 جنيه مصري (سعر المنتج قد يتغير تبعاً لتحديث سعره في الصيدليات أو حسب العروض المتاحة).  يوصى باستعمال acm sunscreen ل  صن بلوك acm مناسب لأصحاب البشرة الدهنية والمختلطة فهو يتميز بملمس جل ناعم وخفيف على البشرة مما يسهل امتصاصه، كما يوفر حماية فعالة ضد أشعة الشمس الضارة ولذلك يعد خيارًا مثاليًا للحماية اليومية ضد أشعة الشمس.  طريقة استخدام acm sebionex gel   قبل استخدام الصن بلوك، نظفي بشرتك جيدًا باستخدام غسول مناسب لنوع بشرتك، مع التأكد أنها جافة تمامًا قبل وضع المنتج.  ضعي كمية مناسبة من الجل على أطراف أصابعك، ثم وزعيه بالتساوي على الوجه والمناطق المكشوفة الأخرى من الجسم مثل الرقبة واليدين.  تأكدي من تغطية كل أجزاء البشرة للحصول على الحماية الكاملة من الأشعة فوق البنفسجية.  أعيدي دهن الصن بلوك كل ساعتين على الأقل، خصوصًا إذا كنتِ تتعرضين لأشعة الشمس لفترات طويلة.  إذا كنتِ تستخدمين مستحضرات العناية بالبشرة الأخرى أو المكياج، انتظري حتى يتم امتصاص واقي الشمس بالكامل قبل وضع المنتجات الأخرى.  ما هي أنواع صن بلوك acm؟  واقي شمس acm sebionex للبشرة الدهنية والمختلطة.  واقي شمس ACM medisun للبشرة الجافة.  ما هي فوائد واقي الشمس ACM؟  يحتوي على  عامل حماية من الشمس SPF 50، مما يوفر حماية فعالة من أشعة UVB وUVB.  يحمي البشرة من تكوين البقع الداكنة والتصبغات الناتجة عن كثرة التعرض للشمس.  يرطب البشرة ويحميها من علامات الشيخوخة المبكرة.  يساهم في الحفاظ على مظهر صحي ومشرق للبشرة.  لا يترك ملمسًا دهنيًا أو لامعًا على البشرة.  يقلل من تهيج واحمرار البشرة الناتج عن التعرض للشمس.  ما احسن صن بلوك للبشرة الدهنية؟  أفين صن بلوك avene sunblock.  سكين سايد صن بلوك skinside sunblock.  بوباي إكسترا لايتننج جل bobai extra lightening sunblock.  صن بلوك acm sebionex.,ماركة: إيه سي إم
21048,بيوديرما | كريم سيبيوم للبشرة الحساسة | 30مل,bioderma sebium sensitive anti blemish cream for acne prone skin 30ml xcxf,750,EGP,بيودرما,العناية بالبشرة>,in stock,https://chefaa.com:443/eg-ar/nowProduct/bioderma-sebium-sensitive-anti-blemish-cream-for-acne-prone-skin-30ml-xcxf,https://cdn.chefaa.com/filters:format(webp)/public/uploads/products/bioderma-sebium-sensitive-anti-blemish-cream-for-acne-prone-skin-30ml-xcxf-01720025468.png,https://cdn.chefaa.com/filters:format(webp)/public/uploads/products/bioderma-sebium-sensitive-anti-blemish-cream-for-acne-prone-skin-30ml-xcxf-01720025468.png,مميزات المنتج   بيوديرما | كريم سيبيوم للبشرة الحساسة | 30مل,ماركة: بيودرما
21093,بيوديرما | سيبيوم محلول ميسيلار مزيل المكياج | 250مل,bioderma sebium h2o purifying cleanser 250ml nnpe,649,EGP,بيودرما,العناية بالبشرة>الغسول,in stock,https://chefaa.com:443/eg-ar/nowProduct/bioderma-sebium-h2o-purifying-cleanser-250ml-nnpe,https://cdn.chefaa.com/filters:format(webp)/public/uploads/products/bioderma-sebium-h2o-purifying-cleanser-250ml-nnpe-01720046978.png,https://cdn.chefaa.com/filters:format(webp)/public/uploads/products/bioderma-sebium-h2o-purifying-cleanser-250ml-nnpe-01720046978.png,مميزات المنتج   بيوديرما | سيبيوم محلول ميسيلار مزيل المكياج | 250مل,ماركة: بيودرما
21116,غارنييه | سكين آكتيف ماء ميسيلار المنظف بالفيتامين سي لتعزيز نضارة البشرة | 400مل,garnier skin active micellar brightening water with vitamin 400ml jngx,280,EGP,غارنييه,العناية بالبشرة>الغسول,in stock,https://chefaa.com:443/eg-ar/nowProduct/garnier-skin-active-micellar-brightening-water-with-vitamin-c-400ml-jngx,https://cdn.chefaa.com/filters:format(webp)/public/uploads/products/garnier-skin-active-micellar-brightening-water-with-vitamin-c-400ml-jngx-01721723352.png,https://cdn.chefaa.com/filters:format(webp)/public/uploads/products/garnier-skin-active-micellar-brightening-water-with-vitamin-c-400ml-jngx-01721723352.png,مميزات المنتج   غارنييه | سكين آكتيف ماء ميسيلار المنظف بالفيتامين سي لتعزيز نضارة البشرة | 400مل   عن هذا المنتج     غارنييه | سكين آكتيف ماء ميسيلار المنظف بالفيتامين سي لتعزيز نضارة البشرة | 400مل,ماركة: غارنييه
21325,‎لوريال | كريم ترطيب نهاري هيالورونيك اكسبيرت | 50مل,hyaluron expert replumping moisturizing spf ufth,550,EGP,لوريال باريس,العناية بالبشرة>الترطيب,in stock,https://chefaa.com:443/eg-ar/nowProduct/l-or-al-hyaluron-expert-replumping-moisturizing-spf-20-ufth,https://cdn.chefaa.com/filters:format(webp)/public/uploads/products/l-or-al-hyaluron-expert-replumping-moisturizing-spf-20-dcrq-01656447522.png,https://cdn.chefaa.com/filters:format(webp)/public/uploads/products/l-or-al-hyaluron-expert-replumping-moisturizing-spf-20-dcrq-01656447522.png,مميزات المنتج   ‎لوريال | كريم ترطيب نهاري هيالورونيك اكسبيرت | 50مل,ماركة: لوريال باريس
22901,فيشي | ليفت اكتيف كولاجين سبيشياليست كريم للتجاعيد | 50مل,vichy liftactiv collagen specialist anti aging cream 50ml 2cwa,1400,EGP,فيشي,العناية بالبشرة>السيروم,in stock,https://chefaa.com:443/eg-ar/nowProduct/vichy-liftactiv-collagen-specialist-anti-aging-cream-50ml-2cwa,https://cdn.chefaa.com/filters:format(webp)/public/uploads/products/vichy-liftactiv-collagen-specialist-anti-aging-cream-50ml-2cwa-01690353070.png,https://cdn.chefaa.com/filters:format(webp)/public/uploads/products/vichy-liftactiv-collagen-specialist-anti-aging-cream-50ml-2cwa-01690353070.png,مميزات المنتج   فيشي | ليفت اكتيف كولاجين سبيشياليست كريم للتجاعيد | 50مل   عن هذا المنتج     مكونات فيشي ليفت اكتيف كولاجين سبيشياليست كريم:     الببتيدات الحيوية: هى بروتينات تعمل على تحفيز إنتاج الكولاجين مما يعزز نضارة البشرة، وتساعد على مقاومة التجاعيد نتيجة لتحفيز الكولاجين.   فيتامين سي جي: هو أحد مشتقات فيتامين سي ويمتلك خصائص مضادة للأكسدة ويعمل على تقليل البقع الداكنة وحماية البشرة من الجذور الحرة، كما أنه يعمل على تعزيز إنتاج الكولاجين مما يحافظ على نضارة البشرة.   مياه فيشي الحرارية: تحتوي على العديد من المعادن الأساسية التي تعمل على تغذية البشرة وتقويتها.   ريسفيراترول (Resveratrol): يعمل على تعزيز مرونة البشرة، كما أنه يساعد على تقليل التجاعيد والخطوط الدقيقة     مميزات كريم فيشي ليفت اكتيف كولاجين سبيشياليست الليلي:     يعمل على مقاومة التجاعيد وعلامات تقدم العمر.   يعمل على تعزيز إنتاج الكولاجين مما يساعد على شد البشرة والتخلص من علامات التعب والترهل.   يتميز بتركيبته الخفيفة سريعة الامتصاص.   يعمل على توحيد لون البشرة.   يساعد على تعزيز نضارة ومرونة البشرة.   مناسب للبشرة الحساسة.   خالي من البارابين.   تم اختباره من قبل أطباء الجلدية.     حجم Vichy Liftactiv Collagen Specialist night Cream:     يتوفر بحجم 50 مل.     يوصي به:   لجميع أنواع البشرة والبشرة الحساسة حيث يعمل على تعزيز إنتاج الكولاجين ومقاومة التجاعيد وإعادة نضارة البشرة.,ماركة: فيشي
23459,بريمو | بلس لوشن | 120مل,primo plus lotion 120ml pvpb,70,EGP,ماكرو للأدوية,العناية بالبشرة>,in stock,https://chefaa.com:443/eg-ar/nowProduct/primo-plus-lotion-120ml-pvpb,https://cdn.chefaa.com/filters:format(webp)/public/uploads/products/primo-plus-lotion-120ml-yd3p-01664353007.png,https://cdn.chefaa.com/filters:format(webp)/public/uploads/products/primo-plus-lotion-120ml-yd3p-01664353007.png,مميزات المنتج   2 إلى 3 مرات في اليوم.   عن هذا المنتج     مع تركيبة اللوشن المهدئة من المستخلصات الطبيعية التي تمتزج مع تأثيرات تحفيزية إضافية. يمكن استخدام بريمو بلس للتخفيف من تهيج الجلد البسيط الناتج عن الطفح الجلدي، وحروق الشمس ولدغات الحشرات بشكل فعال.   يخفف من تهيجات الجلد البسيطة الناتجة عن الطفح الجلدي، وحروق الشمس ولدغات الحشرات بشكل فعال.     طريقة الاستخدام:     2 إلى 3 مرات في اليوم.,ماركة: ماكرو للأدوية
25996,نانو تريت | كريم عين بجزيئات الذهب عيار 24 | 15 مل,nano treat 24k gold eye cream 15ml xdlr,449,EGP,نانوتريت,العناية بالبشرة>العناية بالعيون,in stock,https://chefaa.com:443/eg-ar/nowProduct/nano-treat-24k-gold-eye-cream-15ml-xdlr,https://cdn.chefaa.com/filters:format(webp)/public/uploads/products/nano-treat-24k-gold-eye-cream-15ml-hjis-01669202601.png,https://cdn.chefaa.com/filters:format(webp)/public/uploads/products/nano-treat-24k-gold-eye-cream-15ml-hjis-01669202601.png,مميزات المنتج   نانو تريت | كريم عين بجزيئات الذهب عيار 24 | 15 مل,ماركة: نانوتريت
60816,أوكسجين كريم أو-مويست المغذي المضاد للجفاف | 200مل,oxygen moist anti dryness nourishing cream 200ml nmjw,299,EGP,No Brand,العناية بالبشرة>الترطيب,in stock,https://chefaa.com:443/eg-ar/nowProduct/oxygen-o-moist-anti-dryness-nourishing-cream-200ml-nmjw,https://cdn.chefaa.com/filters:format(webp)/public/uploads/products/oxygen-o-moist-anti-dryness-nourishing-cream-200ml-nmjw-01750453528.png,https://cdn.chefaa.com/filters:format(webp)/public/uploads/products/oxygen-o-moist-anti-dryness-nourishing-cream-200ml-nmjw-01750453528.png,مميزات المنتج   أوكسجين كريم أو-مويست المغذي المضاد للجفاف | 200مل,raw_specs: المواصفات
29355,ماتريسكين | فيتامين سى 5% سيرم | 30مل,matriskin vitamin serum 30ml fisg,629,EGP,No Brand,العناية بالبشرة>,in stock,https://chefaa.com:443/eg-ar/nowProduct/matriskin-vitamin-c-5-serum-30ml-fisg,https://cdn.chefaa.com/filters:format(webp)/public/uploads/products/matriskin-vitamin-c-5-serum-30ml-ue6y-01682784352.png,https://cdn.chefaa.com/filters:format(webp)/public/uploads/products/matriskin-vitamin-c-5-serum-30ml-ue6y-01682784352.png,مميزات المنتج   ماتريسكين | فيتامين سى 5% سيرم | 30مل,raw_specs: المواصفات
29427,نيوتروجينا | جل برايت بوست سائل بعامل وقاية من اشعة الشمس 30 | 50مل,neutrogena gel fluid spf30 bright boost 50ml 3nsu,350,EGP,نيتروجينا,العناية بالبشرة>,in stock,https://chefaa.com:443/eg-ar/nowProduct/neutrogena-gel-fluid-spf30-bright-boost-50ml-3nsu,https://cdn.chefaa.com/filters:format(webp)/public/uploads/products/neutrogena-gel-fluid-spf30-bright-boost-50ml-eaqi-01682878445.png,https://cdn.chefaa.com/filters:format(webp)/public/uploads/products/neutrogena-gel-fluid-spf30-bright-boost-50ml-eaqi-01682878445.png,مميزات المنتج   نيوتروجينا | جل برايت بوست سائل بعامل وقاية من اشعة الشمس 30 | 50مل,ماركة: نيتروجينا
30429,فيشي | كابيتال سوليل صن بلوك ومضاد لعلامات تقدم السن | 40مل,vichy capital soleil age cream spf 40ml tbcw,1100,EGP,فيشي,العناية بالبشرة>الوقاية من الشمس,in stock,https://chefaa.com:443/eg-ar/nowProduct/vichy-capital-soleil-uv-age-cream-spf-50-40ml-tbcw,https://cdn.chefaa.com/filters:format(webp)/public/uploads/products/vichy-capital-soleil-uv-age-cream-spf-50-40ml-tbcw-01701114012.png,https://cdn.chefaa.com/filters:format(webp)/public/uploads/products/vichy-capital-soleil-uv-age-cream-spf-50-40ml-tbcw-01701114012.png,مميزات المنتج   يتميز فيشي كابيتال سوليل صن بلوك بما يلي: يوفر حماية قصوى من أشعة الشمس مع عامل حماية +50. منتج واحد يساعدك على التخلص من علامات تقدم السن ويحمي من أشعة الشمس. مزود بتقنية نت لوك التي تمنح حماية ضد أشعة الشمس والأكسدة والتلوث. يحمي البشرة من ظهور البقع والتصبغات وكذلك التجاعيد والخطوط الرفيعة. له ملمس مائي خفيف وسريع الامتصاص. لا يترك بقع بيضاء على البشرة ولا يسبب ملمسًا دهنيًا أو لزجًا. آمن للاستخدام وخالي من البارابين والسيليكون والأكتوسيكلين. يمكن استخدامه بالقرب من محيط العين. مقاوم للماء والعرق. سعر فيشي كابيتال سوليل صن بلوك مناسب مقارنة بفعاليته وفوائده للبشرة.   عن هذا المنتج     مكونات فيشي كابيتال سوليل صن بلوك   يحتوي صن بلوك كابيتال سوليل على:  البيبتايد: يجدد خلايا البشرة ويكسبها النضارة والإشراق.  النياسيناميد: يعمل كمضاد للأكسدة وكذلك يغذي البشرة ويرطبها ويحميها من الالتهاب وظهور الحبوب.  البروبيوتيك: له خصائص مضادة للأكسدة ويساعد للحصول على بشرة أكثر صحة ونضارة.  مياه فيشي فولكانك: تحافظ على حاجز البشرة من الضرر وتجدد شباب البشرة.  فيتامين ه: له خصائص مضادة للأكسدة ويساهم في تغذية وترطيب البشرة وحمايتها من الجفاف.  حجم vichy capital soleil sunblock  يتوفر vichy capital soleil sunblock بحجم 40 مل.  يوصى باستعمال فيشي كابيتال سوليل صن بلوك ل  صن بلوك كابيتال سوليل من فيشي مناسب لجميع أنواع البشرة وخاصة البشرة المعرضة للتصبغات والتجاعيد، فهو يحمي البشرة من علامات التقدم في السن والبقع الداكنة ويساعدك للحصول على بشرة أكثر صحة ونضارة.,ماركة: فيشي
30602,سترالاين | بادي ميلك | 200مل,straline body milk 200ml sl6w,312,EGP,حياه,العناية بالبشرة>,in stock,https://chefaa.com:443/eg-ar/nowProduct/straline-body-milk-200ml-sl6w,https://cdn.chefaa.com/filters:format(webp)/public/uploads/products/straline-body-milk-200ml-8suo-01686678352.png,https://cdn.chefaa.com/filters:format(webp)/public/uploads/products/straline-body-milk-200ml-8suo-01686678352.png,مميزات المنتج   سترالاين | بادي ميلك | 200مل,ماركة: حياه
31973,فيشي | كابيتال سوليل تنتيد كريم واقي شمس 3 في 1 دارك سبوت بدرجة 50+ | 50مل,vichy capital soleil anti dark spot spf 40ml e4h2,1099,EGP,فيشي,العناية بالبشرة>الوقاية من الشمس,in stock,https://chefaa.com:443/eg-ar/nowProduct/vichy-capital-soleil-anti-dark-spot-spf-50-40ml-e4h2,https://cdn.chefaa.com/filters:format(webp)/public/uploads/products/vichy-capital-soleil-anti-dark-spot-spf-50-40ml-e4h2-01701113234.png,https://cdn.chefaa.com/filters:format(webp)/public/uploads/products/vichy-capital-soleil-anti-dark-spot-spf-50-40ml-e4h2-01701113234.png,مميزات المنتج   فيشي | كابيتال سوليل تنتيد كريم واقي شمس 3 في 1 دارك سبوت بدرجة 50+ | 50مل,ماركة: فيشي
32326,إيزيس فارما | كريم روبوريل الأبيض بمعامل حمايه +50 | 40مل,isis pharma ruboril expert spf50 cream white 40ml 8f7n,979,EGP,إيزيس فارما,العناية بالبشرة>,in stock,https://chefaa.com:443/eg-ar/nowProduct/isis-pharma-ruboril-expert-spf50-cream-white-40ml-8f7n,https://cdn.chefaa.com/filters:format(webp)/public/uploads/products/isis-pharma-ruboril-expert-spf50-cream-white-40ml-8f7n-01724228403.png,https://cdn.chefaa.com/filters:format(webp)/public/uploads/products/isis-pharma-ruboril-expert-spf50-cream-white-40ml-8f7n-01724228403.png,مميزات المنتج   إيزيس فارما | كريم روبوريل الأبيض بمعامل حمايه +50 | 40مل,ماركة: إيزيس فارما
32336,نيوتروجينا | برايت بوست كريم جل | 50مل,neutrogena bright boost gel cream 50ml elb3,410,EGP,نيتروجينا,العناية بالبشرة>الترطيب,in stock,https://chefaa.com:443/eg-ar/nowProduct/neutrogena-bright-boost-gel-cream-50ml-elb3,https://cdn.chefaa.com/filters:format(webp)/public/uploads/products/neutrogena-bright-boost-gel-cream-50ml-gmlt-01697200191.png,https://cdn.chefaa.com/filters:format(webp)/public/uploads/products/neutrogena-bright-boost-gel-cream-50ml-gmlt-01697200191.png,مميزات المنتج   نيوتروجينا | برايت بوست كريم جل | 50مل,ماركة: نيتروجينا
32337,نيوتروجينا | سيروم برايت بوست لتفتيح البشرة | 30مل,neutrogena bright boost illuminating serum 30ml hqzb,590,EGP,نيتروجينا,العناية بالبشرة>,in stock,https://chefaa.com:443/eg-ar/nowProduct/neutrogena-bright-boost-illuminating-serum-30ml-hqzb,https://cdn.chefaa.com/filters:format(webp)/public/uploads/products/neutrogena-bright-boost-illuminating-serum-30ml-wjtg-01697200365.png,https://cdn.chefaa.com/filters:format(webp)/public/uploads/products/neutrogena-bright-boost-illuminating-serum-30ml-wjtg-01697200365.png,مميزات المنتج   نيوتروجينا | سيروم برايت بوست لتفتيح البشرة | 30مل,ماركة: نيتروجينا
32380,ايزيس فارما | جل تين ديرم للبشرة الحساسة متعدد الألوان | 400مل,isis pharma teen derm gel sensitive multicolour 400ml jdc2,949,EGP,إيزيس فارما,العناية بالبشرة>,in stock,https://chefaa.com:443/eg-ar/nowProduct/isis-pharma-teen-derm-gel-sensitive-multicolour-400ml-jdc2,https://cdn.chefaa.com/filters:format(webp)/public/uploads/products/isis-pharma-teen-derm-gel-sensitive-multicolour-400ml-jdc2-01722349935.png,https://cdn.chefaa.com/filters:format(webp)/public/uploads/products/isis-pharma-teen-derm-gel-sensitive-multicolour-400ml-jdc2-01722349935.png,مميزات المنتج   ايزيس فارما | جل تين ديرم للبشرة الحساسة متعدد الألوان | 400مل,ماركة: إيزيس فارما
32383,ايزيس فارما | سائل يوفى بلوك دراي تاتش الترا فلويد بعامل وقاية من أشعة الشمس 50 أصفر | 40مل,isis pharma uveblock spf dry touch ultra fluid yellow 40ml oozd,999,EGP,إيزيس فارما,العناية بالبشرة>,in stock,https://chefaa.com:443/eg-ar/nowProduct/isis-pharma-uveblock-spf-50-dry-touch-ultra-fluid-yellow-40ml-oozd,https://cdn.chefaa.com/filters:format(webp)/public/uploads/products/isis-pharma-uveblock-spf-50-dry-touch-ultra-fluid-yellow-40ml-oozd-01722351072.png,https://cdn.chefaa.com/filters:format(webp)/public/uploads/products/isis-pharma-uveblock-spf-50-dry-touch-ultra-fluid-yellow-40ml-oozd-01722351072.png,مميزات المنتج   ايزيس فارما | سائل يوفى بلوك دراي تاتش الترا فلويد بعامل وقاية من أشعة الشمس 50 أصفر | 40مل,ماركة: إيزيس فارما
32384,ايزيس فارما | جليكو ايه كريم ليلي يحتوي علي نسبة 10% من حمض الجليكوليك | 30مل,isispharma glyco medium peeling glycolic acid 30ml vmvx,899,EGP,إيزيس فارما,العناية بالبشرة>,in stock,https://chefaa.com:443/eg-ar/nowProduct/isispharma-glyco-a-medium-peeling-10-glycolic-acid-30ml-vmvx,https://cdn.chefaa.com/filters:format(webp)/public/uploads/products/isispharma-glyco-a-medium-peeling-10-glycolic-acid-30ml-vmvx-01722348338.png,https://cdn.chefaa.com/filters:format(webp)/public/uploads/products/isispharma-glyco-a-medium-peeling-10-glycolic-acid-30ml-vmvx-01722348338.png,مميزات المنتج   ايزيس فارما | جليكو ايه كريم ليلي يحتوي علي نسبة 10% من حمض الجليكوليك | 30مل,ماركة: إيزيس فارما
36057,بيوديرما | فوتوديرم ماكس أكوا فلويد بمعامل حمايه +50 | 40مل,bioderma photoderm max aquafluide spf50 40ml fmzt_dudKAnKV,899,EGP,بيودرما,العناية بالبشرة>الوقاية من الشمس,in stock,https://chefaa.com:443/eg-ar/nowProduct/bioderma-photoderm-max-aquafluide-spf50-40ml-fmzt_dudKAnKV,https://cdn.chefaa.com/filters:format(webp)/public/uploads/products/bioderma-photoderm-max-aquafluide-spf50-40ml-fmzt-dudkankv-01720029499.png,https://cdn.chefaa.com/filters:format(webp)/public/uploads/products/bioderma-photoderm-max-aquafluide-spf50-40ml-fmzt-dudkankv-01720029499.png,مميزات المنتج   بيوديرما | فوتوديرم ماكس أكوا فلويد بمعامل حمايه +50 | 40مل,ماركة: بيودرما
37883,بلوبيل | ريمو كريم لترطيب البشرة | 120مل,remo moisturizing cream jrlp,255,EGP,بلو بيل,العناية بالبشرة>الترطيب,in stock,https://chefaa.com:443/eg-ar/nowProduct/remo-moisturizing-cream-120-ml-jrlp,https://cdn.chefaa.com/filters:format(webp)/public/uploads/products/remo-moisturizing-cream-120-ml-jrlp-01738152017.png,https://cdn.chefaa.com/filters:format(webp)/public/uploads/products/remo-moisturizing-cream-120-ml-jrlp-01738152017.png,مميزات المنتج   بلوبيل | ريمو كريم لترطيب البشرة | 120مل,ماركة: بلو بيل
38186,1+1 ازهى | بادي لوشن لتفتيح للجسم | 100مل,azha lotion l45m,349,EGP,أزهى,العناية بالبشرة>,in stock,https://chefaa.com:443/eg-ar/nowProduct/azha-lotion-l45m,https://cdn.chefaa.com/filters:format(webp)/public/uploads/products/azha-lotion-l45m-01729688192.png,https://cdn.chefaa.com/filters:format(webp)/public/uploads/products/azha-lotion-l45m-01729688192.png,مميزات المنتج   1+1 ازهى | بادي لوشن لتفتيح للجسم | 100مل,ماركة: أزهى
45422,اجيال | كريم العين | 15مل,ageal 15ml_dus4b6KB,332,EGP,اجيل,العناية بالبشرة>العناية بالعيون,in stock,https://chefaa.com:443/eg-ar/nowProduct/ageal-15ml_dus4b6KB,https://cdn.chefaa.com/filters:format(webp)/public/uploads/products/1596621095ageal-15mljpg,https://cdn.chefaa.com/filters:format(webp)/public/uploads/products/1596621095ageal-15mljpg,مميزات المنتج   اجيال | كريم العين | 15مل   عن هذا المنتج       كريم العين مكافح التجاعيد والانتفاخات والهالات السوداء.,ماركة: اجيل
45432,رو افريكان | زيت بذر العنب | 75مل,raw african grape seed oil_du2GTsRq,135,EGP,رو أفريكان,العناية بالبشرة>الترطيب,in stock,https://chefaa.com:443/eg-ar/nowProduct/raw-african-grape-seed-oil_du2GTsRq,https://cdn.chefaa.com/filters:format(webp)/public/uploads/products/1601992997grape-seed-oilpng,https://cdn.chefaa.com/filters:format(webp)/public/uploads/products/1601992997grape-seed-oilpng,عن هذا المنتج     ﻿ زيت بذر العنب المعصور علي البارد للشعر و الشره و ممتاز لتقليل المسام الواسعه,ماركة: رو أفريكان
45448,اجيل ريتش | كريم | 50مل,ageal rich cream 50ml 3ncy_du8FukcD,524,EGP,اجيل,العناية بالبشرة>الترطيب,in stock,https://chefaa.com:443/eg-ar/nowProduct/ageal-rich-cream-50ml-3ncy_du8FukcD,https://cdn.chefaa.com/filters:format(webp)/public/uploads/products/1620643675ageal-rich-cream-50ml-chefaajpeg,https://cdn.chefaa.com/filters:format(webp)/public/uploads/products/1620643675ageal-rich-cream-50ml-chefaajpeg,مميزات المنتج   يحتوى اجيل ريتش كريم على حمض الهيالورونيك ومادة الكولاجين اللي يمدون بشرتك بالعناصر اللازمة ويحافظوا على نسبة الرطوبة بداخلها. يستعمل مرتين يوميا. خفيف على البشرة وسريع الامتصاص.,ماركة: اجيل
46368,فيشي | كابيتال سوليل تنتيد صن بلوك ومضاد لعلامات تقدم السن | 40مل,vichy capital soleil age cream spf 40ml tbcw_duoCzz8e_duNyDwCe,1100,EGP,فيشي,العناية بالبشرة>الوقاية من الشمس,in stock,https://chefaa.com:443/eg-ar/nowProduct/vichy-capital-soleil-uv-age-cream-spf-50-40ml-tbcw_duoCzz8e_duNyDwCe,https://cdn.chefaa.com/filters:format(webp)/public/uploads/products/vichy-capital-soleil-uv-age-cream-spf-50-40ml-tbcw-duoczz8e-01701114455.png,https://cdn.chefaa.com/filters:format(webp)/public/uploads/products/vichy-capital-soleil-uv-age-cream-spf-50-40ml-tbcw-duoczz8e-01701114455.png,مميزات المنتج   يتميز فيشي كابيتال سوليل صن بلوك بما يلي: يوفر حماية قصوى من أشعة الشمس مع عامل حماية +50. منتج واحد يساعدك على التخلص من علامات تقدم السن ويحمي من أشعة الشمس. مزود بتقنية نت لوك التي تمنح حماية ضد أشعة الشمس والأكسدة والتلوث. يحمي البشرة من ظهور البقع والتصبغات وكذلك التجاعيد والخطوط الرفيعة. له ملمس مائي خفيف وسريع الامتصاص. لا يترك بقع بيضاء على البشرة ولا يسبب ملمسًا دهنيًا أو لزجًا. آمن للاستخدام وخالي من البارابين والسيليكون والأكتوسيكلين. يمكن استخدامه بالقرب من محيط العين. مقاوم للماء والعرق. سعر فيشي كابيتال سوليل صن بلوك مناسب مقارنة بفعاليته وفوائده للبشرة.   عن هذا المنتج     مكونات فيشي كابيتال سوليل صن بلوك   يحتوي صن بلوك كابيتال سوليل على:  البيبتايد: يجدد خلايا البشرة ويكسبها النضارة والإشراق.  النياسيناميد: يعمل كمضاد للأكسدة وكذلك يغذي البشرة ويرطبها ويحميها من الالتهاب وظهور الحبوب.  البروبيوتيك: له خصائص مضادة للأكسدة ويساعد للحصول على بشرة أكثر صحة ونضارة.  مياه فيشي فولكانك: تحافظ على حاجز البشرة من الضرر وتجدد شباب البشرة.  فيتامين ه: له خصائص مضادة للأكسدة ويساهم في تغذية وترطيب البشرة وحمايتها من الجفاف.  حجم vichy capital soleil sunblock  يتوفر vichy capital soleil sunblock بحجم 40 مل.  يوصى باستعمال فيشي كابيتال سوليل صن بلوك ل  صن بلوك كابيتال سوليل من فيشي مناسب لجميع أنواع البشرة وخاصة البشرة المعرضة للتصبغات والتجاعيد، فهو يحمي البشرة من علامات التقدم في السن والبقع الداكنة ويساعدك للحصول على بشرة أكثر صحة ونضارة.,ماركة: فيشي
46433,يوسيرين | كريم هيالورن فيلر + 3 تأثيرات للعين بمعامل حماية 15 | 15مل,eucerin hyaluron filler effect eye spf cream 15ml s4pr_du4oh6aU,1190,EGP,يوسيرين,العناية بالبشرة>الترطيب,in stock,https://chefaa.com:443/eg-ar/nowProduct/eucerin-hyaluron-filler-3x-effect-eye-spf-15-cream-15ml-s4pr_du4oh6aU,https://cdn.chefaa.com/filters:format(webp)/public/uploads/products/eucerin-hyaluron-filler-3x-effect-eye-spf-15-cream-15ml-d9dk-01702568743.png,https://cdn.chefaa.com/filters:format(webp)/public/uploads/products/eucerin-hyaluron-filler-3x-effect-eye-spf-15-cream-15ml-d9dk-01702568743.png,مميزات المنتج   يوسيرين | كريم هيالورن فيلر + 3 تأثيرات للعين بمعامل حماية 15 | 15مل,ماركة: يوسيرين
46618,ديرما اكتيف | اكتى سولير+50 كريم تينتد | 50مل,dermactive acti solaire spf melting cream 50ml 5yyz_duCxPcKH,279,EGP,ديرما اكتيف,العناية بالبشرة>الوقاية من الشمس,in stock,https://chefaa.com:443/eg-ar/nowProduct/dermactive-acti-solaire-spf-50-melting-cream-50ml-5yyz_duCxPcKH,https://cdn.chefaa.com/filters:format(webp)/public/uploads/products/dermactive-acti-solaire-spf-50-melting-cream-50ml-bh8c-01708421033.png,https://cdn.chefaa.com/filters:format(webp)/public/uploads/products/dermactive-acti-solaire-spf-50-melting-cream-50ml-bh8c-01708421033.png,مميزات المنتج   ديرما اكتيف | اكتى سولير+50 كريم تينتد | 50مل   عن هذا المنتج     حماية فعالة من الشمس مع تركيبة خفيفة غير دهنية مصممة للبشرة الحساسة للشمس سواء للوجه أو للجسم.  يحمي البشرة بشكل مكثف من الأشعة فوق البنفسجية الضارة. يوفر حماية عالية جدًا وواسعة النطاق ضد UVA / UVB من خلال مجموعة من المرشحات واسعة الطيف لضمان حماية طويلة الأمد.,ماركة: ديرما اكتيف
49958,يورياج | كريم إيج ليفت بيل الليلي للبشرة | 50مل,uriage age lift peel night cream skin 50ml 0yez,1455,EGP,يورياج,العناية بالبشرة>الترطيب,in stock,https://chefaa.com:443/eg-ar/nowProduct/uriage-age-lift-peel-night-cream-skin-50ml-0yez,https://cdn.chefaa.com/filters:format(webp)/public/uploads/products/uriage-age-lift-peel-night-cream-skin-50ml-gbpl-01730640367.png,https://cdn.chefaa.com/filters:format(webp)/public/uploads/products/uriage-age-lift-peel-night-cream-skin-50ml-gbpl-01730640367.png,مميزات المنتج   يورياج | كريم إيج ليفت بيل الليلي للبشرة | 50مل,ماركة: يورياج
47341,تيترا جلو | صن سكرين SPF50+ لوشن | 100مل,tetra glow sunscreen lotion spf50 100ml pieo,400,EGP,No Brand,العناية بالبشرة>الوقاية من الشمس,in stock,https://chefaa.com:443/eg-ar/nowProduct/tetra-glow-sunscreen-lotion-spf50-100ml-pieo,https://cdn.chefaa.com/filters:format(webp)/public/uploads/products/tetra-glow-sunscreen-lotion-spf50-100ml-2k1w-01726311791.png,https://cdn.chefaa.com/filters:format(webp)/public/uploads/products/tetra-glow-sunscreen-lotion-spf50-100ml-2k1w-01726311791.png,مميزات المنتج   تيترا جلو | صن سكرين SPF50+ لوشن | 100مل,raw_specs: المواصفات
47474,ليكسورا | اس كيه كريم لمحيط العين | 30 مل,lixora eye contour cream 15ml mede_duxJ0mSB,455,EGP,No Brand,العناية بالبشرة>العناية بالعيون,in stock,https://chefaa.com:443/eg-ar/nowProduct/lixora-sk-eye-contour-cream-15ml-mede_duxJ0mSB,https://cdn.chefaa.com/filters:format(webp)/public/uploads/products/lixora-sk-eye-contour-cream-15ml-mede-duxj0msb-01726405568.png,https://cdn.chefaa.com/filters:format(webp)/public/uploads/products/lixora-sk-eye-contour-cream-15ml-mede-duxj0msb-01726405568.png,مميزات المنتج   ليكسورا | اس كيه كريم لمحيط العين | 30 مل,raw_specs: المواصفات
47538,ليكسورا | صن سكرين SPF50+ كريم | 75مل,lixora sunscreen cream spf50 75ml zah3,350,EGP,No Brand,العناية بالبشرة>الوقاية من الشمس,in stock,https://chefaa.com:443/eg-ar/nowProduct/lixora-sunscreen-cream-spf50-75ml-zah3,https://cdn.chefaa.com/filters:format(webp)/public/uploads/products/lixora-sunscreen-cream-spf50-75ml-djui-01726478838.png,https://cdn.chefaa.com/filters:format(webp)/public/uploads/products/lixora-sunscreen-cream-spf50-75ml-djui-01726478838.png,مميزات المنتج   ليكسورا | صن سكرين SPF50+ كريم | 75مل,raw_specs: المواصفات
47559,ايفر يوث | كريم لتقليل علامات الشيخوخة والتجاعيد | 50جم,everyouth anti aging anti wrinkle cream 50gm 9mob,450,EGP,No Brand,العناية بالبشرة>الترطيب,in stock,https://chefaa.com:443/eg-ar/nowProduct/everyouth-anti-aging-anti-wrinkle-cream-50gm-9mob,https://cdn.chefaa.com/filters:format(webp)/public/uploads/products/everyouth-anti-aging-anti-wrinkle-cream-50gm-3xzp-01726485739.png,https://cdn.chefaa.com/filters:format(webp)/public/uploads/products/everyouth-anti-aging-anti-wrinkle-cream-50gm-3xzp-01726485739.png,مميزات المنتج   ايفر يوث | كريم لتقليل علامات الشيخوخة والتجاعيد | 50جم,raw_specs: المواصفات
47607,نانو تريت | سيرم بالريتينول وفيتامين هـ | 30مل,nanotreat retinol vitamin serum 30ml iolc,539,EGP,نانوتريت,العناية بالبشرة>السيروم,in stock,https://chefaa.com:443/eg-ar/nowProduct/nanotreat-retinol-vitamin-e-serum-30ml-iolc,https://cdn.chefaa.com/filters:format(webp)/public/uploads/products/nanotreat-retinol-vitamin-e-serum-30ml-etuq-01726562075.png,https://cdn.chefaa.com/filters:format(webp)/public/uploads/products/nanotreat-retinol-vitamin-e-serum-30ml-etuq-01726562075.png,مميزات المنتج   نانو تريت | سيرم بالريتينول وفيتامين هـ | 30مل,ماركة: نانوتريت
49166,إيفا سكين كلينيك | صابون اللؤلؤ الأبيض | 70 جرام,eva skin clinic white pearl facial soap jymm,90,EGP,No Brand,العناية بالبشرة>,in stock,https://chefaa.com:443/eg-ar/nowProduct/eva-skin-clinic-white-pearl-facial-soap-70-gm-jymm,https://cdn.chefaa.com/filters:format(webp)/public/uploads/products/eva-skin-clinic-white-pearl-facial-soap-70-gm-4eex-01729514443.png,https://cdn.chefaa.com/filters:format(webp)/public/uploads/products/eva-skin-clinic-white-pearl-facial-soap-70-gm-4eex-01729514443.png,مميزات المنتج   إيفا سكين كلينيك | صابون اللؤلؤ الأبيض | 70 جرام   عن هذا المنتج     إيفا سكين كلينيك | صابون اللؤلؤ الأبيض | 70 جرام,raw_specs: المواصفات
49898,فيشي | مرطب نورمادير للبشرة المعرضة لحب الشباب | 30مل,vichy normaderm double correction daily care 30ml fpqa,769,EGP,فيشي,العناية بالبشرة>الترطيب,in stock,https://chefaa.com:443/eg-ar/nowProduct/vichy-normaderm-double-correction-daily-care-30ml-fpqa,https://cdn.chefaa.com/filters:format(webp)/public/uploads/products/vichy-normaderm-double-correction-daily-care-30ml-z6xo-01730627802.png,https://cdn.chefaa.com/filters:format(webp)/public/uploads/products/vichy-normaderm-double-correction-daily-care-30ml-z6xo-01730627802.png,مميزات المنتج   فيشي | مرطب نورمادير للبشرة المعرضة لحب الشباب | 30مل,ماركة: فيشي
54247,بيوديرما | فوتوديرم كريم واقي من اشعة الشمس مع درجة حماية 50+ شفاف | 40مل,bioderma photoderm cream spf50 face sunscreen for sensitive skin 40ml 3u0u_duz6h4uo,849,EGP,بيودرما,العناية بالبشرة>الوقاية من الشمس,in stock,https://chefaa.com:443/eg-ar/nowProduct/bioderma-photoderm-cream-spf50-face-sunscreen-for-sensitive-skin-40ml-3u0u_duz6h4uo,https://cdn.chefaa.com/filters:format(webp)/public/uploads/products/bioderma-photoderm-cream-spf50-face-sunscreen-for-sensitive-skin-40ml-f6x6-01720866587.png,https://cdn.chefaa.com/filters:format(webp)/public/uploads/products/bioderma-photoderm-cream-spf50-face-sunscreen-for-sensitive-skin-40ml-f6x6-01720866587.png,"عن هذا المنتج     كريم واقي من اشعة الشمس فوتوديرم كريم مع درجة حماية 50+ شفاف من بيوديرما 40مل :  واقي شمس بيوديرما, كريم واقي من الشمس مع عامل حماية عالي للبشرة العادية والجافة.  يوفر حماية عالية من أشعة الشمس ضد كل من الأشعة فوق البنفسجية الطويلة والمتوسطة (SPF50 + ، PPD42 و PA ++++) ، ويحفز الدفاعات الطبيعية التي تساعد على حماية البشرة.  يحتوي على الجلسرين وزيت عباد الشمس للمساعدة في ترطيب وتغذية البشرة والحفاظ على حاجزها الوقائي لمحاربة الاعتداءات.  غير لزج وغير دهني ، كما أنه مقاوم للغاية للماء والحرارة والرطوبة العالية.  غير كوميدوغينيك له لمسة نهائية غير مرئية على البشرة.  تركيبة خالية من الكحول والعطر.  طريقة الاستخدام: يطبق على الوجه بالتساوي وبجرعات كبيرة في الصباح أو قبل 30 دقيقة من التعرض للشمس. أعد تطبيقه بشكل متكرر للحفاظ على مستويات عالية من الحماية. تجنب التعرض لأشعة الشمس في الظهيرة أو لعدة ساعات.",ماركة: بيودرما
50301,إيه سى ام | كريم الشمس دوليز المضاد للشيخوخة بعامل حماية من الشمس 50+ | 50 مل,acm duolys antiaging facial sunscreen for sensitive sun intolerant skin spf50 parabens free fragrance freeEJXc,800,EGP,No Brand,العناية بالبشرة>,in stock,https://chefaa.com:443/eg-ar/nowProduct/acm-duolys-antiaging-facial-sunscreen-for-sensitive--sun-intolerant-skin-spf50--parabens-free-fragrance-freeEJXc,https://cdn.chefaa.com/filters:format(webp)/public/uploads/products/acm-duolys-antiaging-facial-sunscreen-for-sensitive-sun-intolerant-skin-spf50-parabens-free-fragrance-freeejxc-01735213516.png,https://cdn.chefaa.com/filters:format(webp)/public/uploads/products/acm-duolys-antiaging-facial-sunscreen-for-sensitive-sun-intolerant-skin-spf50-parabens-free-fragrance-freeejxc-01735213516.png,مميزات المنتج   إيه سى ام | كريم الشمس دوليز المضاد للشيخوخة  بعامل حماية من الشمس 50+ | 50 مل   عن هذا المنتج     إيه سى ام | كريم الشمس دوليز المضاد للشيخوخة   بعامل حماية من الشمس 50+ | 50 مل,raw_specs: المواصفات
51369,ديرما اكتيف | اكتي سولير سبراي حماية +50 من الشمس | 125مل,derma active acti solaire spf50 lait spray mltJRd,369,EGP,ديرما اكتيف,العناية بالبشرة>,in stock,https://chefaa.com:443/eg-ar/nowProduct/derma-active-acti-solaire-spf50-lait-spray-125-mltJRd,https://cdn.chefaa.com/filters:format(webp)/public/uploads/products/derma-active-acti-solaire-spf50-lait-spray-125-mltjrd-01733098143.png,https://cdn.chefaa.com/filters:format(webp)/public/uploads/products/derma-active-acti-solaire-spf50-lait-spray-125-mltjrd-01733098143.png,مميزات المنتج   ديرما اكتيف | اكتي سولير سبراي حماية +50 من الشمس | 125مل,ماركة: ديرما اكتيف
51707,يوسيرين | كريم بيجمينت بيرفيكتور النهاري للوجه للبشرة غير المتكافئة بعامل حماية من الشمس SPF30 | 50مل,eucerin pigment perfector facial day cream for uneven skin tone spf30cIG9,1650,EGP,يوسيرين,العناية بالبشرة>الترطيب,in stock,https://chefaa.com:443/eg-ar/nowProduct/eucerin-pigment-perfector-facial-day-cream-for-uneven-skin-tone-spf30cIG9,https://cdn.chefaa.com/filters:format(webp)/public/uploads/products/eucerin-pigment-perfector-facial-day-cream-for-uneven-skin-tone-spf30cig9-01735028711.png,https://cdn.chefaa.com/filters:format(webp)/public/uploads/products/eucerin-pigment-perfector-facial-day-cream-for-uneven-skin-tone-spf30cig9-01735028711.png,مميزات المنتج   يوسيرين | كريم بيجمينت بيرفيكتور النهاري للوجه للبشرة غير المتكافئة بعامل حماية من الشمس SPF30 | 50مل,ماركة: يوسيرين
51708,يوسيرين | واقي شمسي مقاوم للماء للبشرة الجافة والحساسة بعامل حماية من الشمس SPF50+ | 50 مل,eucerin sensitive protect waterresistant sunscreen for dry sensitive skin spf50 fragrance freeseJn,959,EGP,يوسيرين,العناية بالبشرة>الوقاية من الشمس,in stock,https://chefaa.com:443/eg-ar/nowProduct/eucerin-sensitive-protect-waterresistant-sunscreen-for-dry--sensitive-skin-spf50--fragrance-freeseJn,https://cdn.chefaa.com/filters:format(webp)/public/uploads/products/eucerin-sensitive-protect-waterresistant-sunscreen-for-dry-sensitive-skin-spf50-fragrance-freesejn-01735151157.png,https://cdn.chefaa.com/filters:format(webp)/public/uploads/products/eucerin-sensitive-protect-waterresistant-sunscreen-for-dry-sensitive-skin-spf50-fragrance-freesejn-01735151157.png,مميزات المنتج   يوسيرين | واقي شمسي مقاوم للماء للبشرة الجافة والحساسة بعامل حماية من الشمس SPF50+ | 50 مل,ماركة: يوسيرين
52249,جونسون | غسول جل منعش يومي أساسي | 150 مل,johnsons daily essential refreshing gel wash for normal skinQCz2,150,EGP,No Brand,العناية بالبشرة>,in stock,https://chefaa.com:443/eg-ar/nowProduct/johnsons-daily-essential-refreshing-gel-wash-for-normal-skinQCz2,https://cdn.chefaa.com/filters:format(webp)/public/uploads/products/johnsons-daily-essential-refreshing-gel-wash-for-normal-skinqcz2-01735393295.png,https://cdn.chefaa.com/filters:format(webp)/public/uploads/products/johnsons-daily-essential-refreshing-gel-wash-for-normal-skinqcz2-01735393295.png,مميزات المنتج   جونسون | غسول جل منعش يومي أساسي | 150 مل   عن هذا المنتج     جونسون | غسول جل منعش يومي أساسي | 150 مل,raw_specs: المواصفات
52363,لا روش بوزيه | كريم أنثيليوس يو فيميون بعامل حماية من أشعة الشمس +50 | 50 مل,rocheposayanthelios uvmune cream spf50 50mlL2rU,1039,EGP,No Brand,العناية بالبشرة>,in stock,https://chefaa.com:443/eg-ar/nowProduct/la-rocheposayanthelios-uvmune-cream-spf50-50mlL2rU,https://cdn.chefaa.com/filters:format(webp)/public/uploads/products/la-rocheposayanthelios-uvmune-cream-spf50-50mll2ru-01735403316.png,https://cdn.chefaa.com/filters:format(webp)/public/uploads/products/la-rocheposayanthelios-uvmune-cream-spf50-50mll2ru-01735403316.png,مميزات المنتج   لا روش بوزيه | كريم أنثيليوس يو فيميون بعامل حماية من أشعة الشمس +50 | 50 مل   عن هذا المنتج     لا روش بوزيه | كريم أنثيليوس يو فيميون بعامل حماية من أشعة الشمس +50 | 50 مل,raw_specs: المواصفات
52795,نانو تريت | سيرم للتجاعيد | 30جم,nano treat gold serum 30mlVN5r,579,EGP,No Brand,العناية بالبشرة>,in stock,https://chefaa.com:443/eg-ar/nowProduct/nano-treat-gold-serum-30mlVN5r,https://cdn.chefaa.com/filters:format(webp)/public/uploads/products/nano-treat-gold-serum-30mlvn5r-01733269747.png,https://cdn.chefaa.com/filters:format(webp)/public/uploads/products/nano-treat-gold-serum-30mlvn5r-01733269747.png,مميزات المنتج    نانو تريت | سيرم للتجاعيد | 30جم,raw_specs: المواصفات
53446,سى لايت الكسير كيو 10 سيرم | 30مل,see lit elixir age serum mlajf5,399,EGP,No Brand,العناية بالبشرة>,in stock,https://chefaa.com:443/eg-ar/nowProduct/see-lit-elixir--q-10-age-serum-30-mlajf5,https://cdn.chefaa.com/filters:format(webp)/public/uploads/products/see-lit-elixir-q-10-age-serum-30-mlajf5-01732459245.png,https://cdn.chefaa.com/filters:format(webp)/public/uploads/products/see-lit-elixir-q-10-age-serum-30-mlajf5-01732459245.png,مميزات المنتج   سى لايت الكسير كيو 10 سيرم | 30مل,raw_specs: المواصفات
53448,سى ليت اي كنتور سيرم | 30مل,see lit eye contour serum mlh8vH,299,EGP,No Brand,العناية بالبشرة>,in stock,https://chefaa.com:443/eg-ar/nowProduct/see-lit-eye-contour-serum-30-mlh8vH,https://cdn.chefaa.com/filters:format(webp)/public/uploads/products/see-lit-eye-contour-serum-30-mlh8vh-01732458973.png,https://cdn.chefaa.com/filters:format(webp)/public/uploads/products/see-lit-eye-contour-serum-30-mlh8vh-01732458973.png,مميزات المنتج   سى ليت اي كنتور سيرم | 30مل,raw_specs: المواصفات
53840,يورياج | سيروم مضاد للجروجاس انتينسيفو من ايج ليفت | 30مل,uriage age lift intensive firming smoothing face serum with retinol hyaluronic acid aha for all skin typesf5PS,1625,EGP,No Brand,العناية بالبشرة>,in stock,https://chefaa.com:443/eg-ar/nowProduct/uriage-age-lift-intensive-firming--smoothing-face-serum-with-retinol-hyaluronic-acid--aha-for-all-skin-typesf5PS,https://cdn.chefaa.com/filters:format(webp)/public/uploads/products/uriage-age-lift-intensive-firming-smoothing-face-serum-with-retinol-hyaluronic-acid-aha-for-all-skin-typesf5ps-01735217152.png,https://cdn.chefaa.com/filters:format(webp)/public/uploads/products/uriage-age-lift-intensive-firming-smoothing-face-serum-with-retinol-hyaluronic-acid-aha-for-all-skin-typesf5ps-01735217152.png,مميزات المنتج   يورياج | سيروم مضاد للجروجاس انتينسيفو من ايج ليفت | 30 مل   عن هذا المنتج     يورياج | سيروم مضاد للجروجاس انتينسيفو من ايج ليفت |  30 مل,raw_specs: المواصفات
54609,كوزمو أبي | جل تنظيف وتنقية الوجه | 230مل,appe purifying nourishing facial cleansing gel for all skin types mlHjLk,305,EGP,كوزمو آبي,العناية بالبشرة>الغسول,in stock,https://chefaa.com:443/eg-ar/nowProduct/appe-purifying-nourishing-facial-cleansing-gel-for-all-skin-types-230-mlHjLk,https://cdn.chefaa.com/filters:format(webp)/public/uploads/products/appe-purifying-nourishing-facial-cleansing-gel-for-all-skin-types-230-mlhjlk-01736078517.png,https://cdn.chefaa.com/filters:format(webp)/public/uploads/products/appe-purifying-nourishing-facial-cleansing-gel-for-all-skin-types-230-mlhjlk-01736078517.png,مميزات المنتج   كوزمو أبي | جل تنظيف وتنقية الوجه | 230مل,ماركة: كوزمو آبي
54653,افين | صن سكرين SPF50+ سائل بحماية فائقة بعامل حماية | 50مل,avene fluid spf50 50ml aveneswij,999,EGP,افين,العناية بالبشرة>الوقاية من الشمس,in stock,https://chefaa.com:443/eg-ar/nowProduct/avene-fluid-spf50-50ml-aveneswij,https://cdn.chefaa.com/filters:format(webp)/public/uploads/products/avene-fluid-spf50-50ml-aveneswij-01735203718.png,https://cdn.chefaa.com/filters:format(webp)/public/uploads/products/avene-fluid-spf50-50ml-aveneswij-01735203718.png,,ماركة: افين
54665,أزها | سيروم 1+1 | 30مل,azha serum offer 11V3XE,290,EGP,No Brand,العناية بالبشرة>السيروم,in stock,https://chefaa.com:443/eg-ar/nowProduct/azha-serum-offer-11V3XE,https://cdn.chefaa.com/filters:format(webp)/public/uploads/products/azha-serum-offer-11v3xe-01733085081.png,https://cdn.chefaa.com/filters:format(webp)/public/uploads/products/azha-serum-offer-11v3xe-01733085081.png,مميزات المنتج   أزها | سيروم 1+1 | 30 مل   عن هذا المنتج     أزها | سيروم 1+1 | 30 مل,raw_specs: المواصفات
54777,بيونيكس | جل رينسادرم فوم | 200مل,bionnex rensaderm foaming gel 200mlBL3M,399,EGP,No Brand,العناية بالبشرة>الغسول,in stock,https://chefaa.com:443/eg-ar/nowProduct/bionnex-rensaderm-foaming-gel-200mlBL3M,https://cdn.chefaa.com/filters:format(webp)/public/uploads/products/bionnex-rensaderm-foaming-gel-200mlbl3m-01734866521.png,https://cdn.chefaa.com/filters:format(webp)/public/uploads/products/bionnex-rensaderm-foaming-gel-200mlbl3m-01734866521.png,مميزات المنتج   بيونيكس | جل رينسادرم فوم | 200مل,raw_specs: المواصفات
54779,بيونيكس | تونر رينسادرم | 200مل,bionnex rensaderm toner 200mlLiOa,399,EGP,No Brand,العناية بالبشرة>الغسول,in stock,https://chefaa.com:443/eg-ar/nowProduct/bionnex-rensaderm-toner-200mlLiOa,https://cdn.chefaa.com/filters:format(webp)/public/uploads/products/bionnex-rensaderm-toner-200mllioa-01734866180.png,https://cdn.chefaa.com/filters:format(webp)/public/uploads/products/bionnex-rensaderm-toner-200mllioa-01734866180.png,مميزات المنتج   بيونيكس | تونر رينسادرم | 200مل,raw_specs: المواصفات
55023,ديير | غسول مرطب للوجه | 400مل,dear hydration facial cleanser 400mlhlp4,500,EGP,No Brand,العناية بالبشرة>الغسول,in stock,https://chefaa.com:443/eg-ar/nowProduct/dear-hydration-facial-cleanser-400mlhlp4,https://cdn.chefaa.com/filters:format(webp)/public/uploads/products/dear-hydration-facial-cleanser-400mlhlp4-01736930887.png,https://cdn.chefaa.com/filters:format(webp)/public/uploads/products/dear-hydration-facial-cleanser-400mlhlp4-01736930887.png,مميزات المنتج   ديير | غسول مرطب للوجه | 400مل,raw_specs: المواصفات
55039,ديرما اكتيف | أكتي جلو كريم نهاري بعامل حماية من الشمس 30+ | 50مل,dermactive actiglow day cream spf30 50mlMdUt,339,EGP,ديرما اكتيف,العناية بالبشرة>,in stock,https://chefaa.com:443/eg-ar/nowProduct/dermactive-actiglow-day-cream-spf30-50mlMdUt,https://cdn.chefaa.com/filters:format(webp)/public/uploads/products/dermactive-actiglow-day-cream-spf30-50mlmdut-01733096211.png,https://cdn.chefaa.com/filters:format(webp)/public/uploads/products/dermactive-actiglow-day-cream-spf30-50mlmdut-01733096211.png,مميزات المنتج   ديرما اكتيف | أكتي جلو كريم نهاري بعامل حماية من الشمس 30+ | 50مل,ماركة: ديرما اكتيف
55041,ديرماكتف | اكتى جلو رغوه ميسيلار لتعزيز إشراقة البشرة | 150مل,dermactive actiglow micellar foam 150mlLbBW,199,EGP,ديرما اكتيف,العناية بالبشرة>,in stock,https://chefaa.com:443/eg-ar/nowProduct/dermactive-actiglow-micellar-foam-150mlLbBW,https://cdn.chefaa.com/filters:format(webp)/public/uploads/products/dermactive-actiglow-micellar-foam-150mllbbw-01733095411.png,https://cdn.chefaa.com/filters:format(webp)/public/uploads/products/dermactive-actiglow-micellar-foam-150mllbbw-01733095411.png,مميزات المنتج   ديرماكتف | اكتى جلو رغوه ميسيلار لتعزيز إشراقة البشرة | 150مل,ماركة: ديرما اكتيف
55042,ديرما اكتيف | كريم الليل المضاد للشيخوخة أكتي جلو | 50مل,dermactive actiglow night cream 50mlRq3U,339,EGP,ديرما اكتيف,العناية بالبشرة>,in stock,https://chefaa.com:443/eg-ar/nowProduct/dermactive-actiglow-night-cream-50mlRq3U,https://cdn.chefaa.com/filters:format(webp)/public/uploads/products/dermactive-actiglow-night-cream-50mlrq3u-01733096036.png,https://cdn.chefaa.com/filters:format(webp)/public/uploads/products/dermactive-actiglow-night-cream-50mlrq3u-01733096036.png,مميزات المنتج   ديرما اكتيف | كريم الليل المضاد للشيخوخة أكتي جلو | 50مل,ماركة: ديرما اكتيف
55807,ماتريسكين | كريم سي آر 7 | 75مل,matriskin cr7 restorative face cream for reactive damaged injured skin mldDPq,699,EGP,No Brand,العناية بالبشرة>,in stock,https://chefaa.com:443/eg-ar/nowProduct/matriskin-cr7-restorative-face-cream-for-reactive-damaged-injured-skin-75-mldDPq,https://cdn.chefaa.com/filters:format(webp)/public/uploads/products/matriskin-cr7-restorative-face-cream-for-reactive-damaged-injured-skin-75-mlddpq-01737289859.png,https://cdn.chefaa.com/filters:format(webp)/public/uploads/products/matriskin-cr7-restorative-face-cream-for-reactive-damaged-injured-skin-75-mlddpq-01737289859.png,مميزات المنتج   ماتريسكين | كريم سي آر 7 | 75مل,raw_specs: المواصفات
55835,إيه سى ام | كريم ميدي صن بعامل حماية من الشمس 50+ | 40 مل,medisun spf50 cream 40ml acm4UKl,535,EGP,No Brand,العناية بالبشرة>,in stock,https://chefaa.com:443/eg-ar/nowProduct/medisun-spf50-cream-40ml-acm4UKl,https://cdn.chefaa.com/filters:format(webp)/public/uploads/products/medisun-spf50-cream-40ml-acm4ukl-01735213196.png,https://cdn.chefaa.com/filters:format(webp)/public/uploads/products/medisun-spf50-cream-40ml-acm4ukl-01735213196.png,مميزات المنتج   إيه سى ام | كريم ميدي صن بعامل حماية من الشمس 50+ | 40 مل   عن هذا المنتج     إيه سى ام | كريم ميدي صن بعامل حماية من الشمس 50+ | 40 مل,raw_specs: المواصفات
56140,بيندولين | كريم واقي الشمس بمعامل حمايه +50 | 120مل,penduline kids sun cream spf50 120mlIOGf,390,EGP,بندولين,العناية بالبشرة>,in stock,https://chefaa.com:443/eg-ar/nowProduct/penduline-kids-sun-cream-spf50-120mlIOGf,https://cdn.chefaa.com/filters:format(webp)/public/uploads/products/penduline-kids-sun-cream-spf50-120mliogf-01733440579.png,https://cdn.chefaa.com/filters:format(webp)/public/uploads/products/penduline-kids-sun-cream-spf50-120mliogf-01733440579.png,مميزات المنتج   بيندولين | كريم واقي الشمس بمعامل حمايه +50 | 120مل,ماركة: بندولين
56958,تترا | كريم SPF50+ واقي من الشمس | 50مل,tetra glow sunscreen cream spf50 50ml o9tz,265,EGP,No Brand,العناية بالبشرة>الوقاية من الشمس,in stock,https://chefaa.com:443/eg-ar/nowProduct/tetra-glow-sunscreen-cream-spf50-50ml-o9tz,https://cdn.chefaa.com/filters:format(webp)/public/uploads/products/tetra-glow-sunscreen-cream-spf50-50ml-xd93-01734615515.png,https://cdn.chefaa.com/filters:format(webp)/public/uploads/products/tetra-glow-sunscreen-cream-spf50-50ml-xd93-01734615515.png,مميزات المنتج   تترا | كريم SPF50+ واقي من الشمس | 50مل,raw_specs: المواصفات
59719,غارنييه | سكين اكتيف سيروم فاست كلير بوستر للوجه بحمض الساليسيليك للبشرة المعرضة لحب الشباب | 15مل,garnier skin active fast clear booster face serum for acne prone skin with salicylic acid 30ml vya3_duXrWpZ7,205,EGP,غارنييه,العناية بالبشرة>السيروم,in stock,https://chefaa.com:443/eg-ar/nowProduct/garnier-skin-active-fast-clear-booster-face-serum-for-acne-prone-skin-with-salicylic-acid-30ml-vya3_duXrWpZ7,https://cdn.chefaa.com/filters:format(webp)/public/uploads/products/garnier-skin-active-fast-clear-booster-face-serum-for-acne-prone-skin-with-salicylic-acid-30ml-vya3-duxrwpz7-01738433868.png,https://cdn.chefaa.com/filters:format(webp)/public/uploads/products/garnier-skin-active-fast-clear-booster-face-serum-for-acne-prone-skin-with-salicylic-acid-30ml-vya3-duxrwpz7-01738433868.png,مميزات المنتج   غارنييه | سكين اكتيف سيروم فاست كلير بوستر للوجه بحمض الساليسيليك للبشرة المعرضة لحب الشباب | 15مل,ماركة: غارنييه
62032,بيزلين | كريم الترا سكرين انفيزيبل صن فلتر بعامل حماية من الشمس 50 | 60مل 1+1 اوفر,beesline ultrascreen cream invisible sun filter spf 60ml whitening roll deodorant cotton candy 50ml ecj0_ducOM1Vo,600,EGP,بيزلين,العناية بالبشرة>الوقاية من الشمس,in stock,https://chefaa.com:443/eg-ar/nowProduct/beesline-ultrascreen-cream-invisible-sun-filter-spf-50-60ml-whitening-roll-on-deodorant-cotton-candy-50ml-ecj0_ducOM1Vo,https://cdn.chefaa.com/filters:format(webp)/public/uploads/products/beesline-ultrascreen-cream-invisible-sun-filter-spf-50-60ml-whitening-roll-on-deodorant-cotton-candy-50ml-ecj0-ducom1vo-01752152144.png,https://cdn.chefaa.com/filters:format(webp)/public/uploads/products/beesline-ultrascreen-cream-invisible-sun-filter-spf-50-60ml-whitening-roll-on-deodorant-cotton-candy-50ml-ecj0-ducom1vo-01752152144.png,مميزات المنتج   بيزلين | كريم الترا سكرين انفيزيبل صن فلتر بعامل حماية من الشمس 50 | 60مل 1+1 اوفر,ماركة: بيزلين
62557,لوريال باريس | ماء ميسيلار منظف ومزيل للمكياج لجميع أنواع البشرة | 400مل,loreal paris micellar water moisturizing 400ml gDCF,400,EGP,لوريال باريس,العناية بالبشرة>الغسول,in stock,https://chefaa.com:443/eg-ar/nowProduct/loreal-paris-micellar-water-moisturizing-400ml-gDCF,https://cdn.chefaa.com/filters:format(webp)/public/uploads/products/loreal-paris-micellar-water-moisturizing-400ml-gdcf-01756087794.png,https://cdn.chefaa.com/filters:format(webp)/public/uploads/products/loreal-paris-micellar-water-moisturizing-400ml-gdcf-01756087794.png,مميزات المنتج   لوريال باريس | ماء ميسيلار منظف ومزيل للمكياج لجميع أنواع البشرة | 400مل,ماركة: لوريال باريس
62842,تترا هيدرو | كريم مرطب للبشرة | 50جم,tetra hydro ceramide cream gNjD,275,EGP,No Brand,العناية بالبشرة>الترطيب,in stock,https://chefaa.com:443/eg-ar/nowProduct/tetra-hydro-ceramide-cream-50-gm-gNjD,https://cdn.chefaa.com/filters:format(webp)/public/uploads/products/tetra-hydro-ceramide-cream-50-gm-gnjd-01756050862.png,https://cdn.chefaa.com/filters:format(webp)/public/uploads/products/tetra-hydro-ceramide-cream-50-gm-gnjd-01756050862.png,مميزات المنتج   تترا هيدرو | كريم مرطب للبشرة | 50جم,raw_specs: المواصفات
