product_id,name,name_en,price,currency,brand,category,availability,url,thumbnail_image,gallery_images,description,specifications
60796,سليفار حديد | 30 كبسولة,sleevar iron caps 6dei,390,EGP,سليفار,الفيتامينات والمكملات>المكملات الغذائية,in stock,https://chefaa.com:443/eg-ar/nowProduct/sleevar-iron-30-caps-6dei,https://cdn.chefaa.com/filters:format(webp)/public/uploads/products/sleevar-iron-30-caps-6dei-01768130834.png,https://cdn.chefaa.com/filters:format(webp)/public/uploads/products/sleevar-iron-30-caps-6dei-01768130834.png,"مميزات المنتج   سليفار حديد | 30 كبسولة   عن هذا المنتج     سليفارمكمل غذائي يحتوي على أكثر من 21 فيتامين ومعدن أساسيين لصحة الجسم مع تركيز مناسب من ""الحديد"" لعلاج أنيميا الحديد والحماية من فقر الدم يُستخدم في حالات   سوء التغذية   أنيميا الحديد   الحميات الغذائية وبعد عمليات السمنة   نقص المعادن والفيتامينات في الجسم  المكونات الفيتامينات :  ب 1  ب 2  ب 3  ب 6 ب 5  ب 9 ب 7 ب 12  فيتامين E  فيتامين A  فيتامين K1  فيتامين C  فيتامين D3 المعادن  الحديد  الماغنيسيوم  البوتاسيوم  الزنك  النحاس  السيليوم  الفوسفور  المنجنيز  اليود العبوة تحتوي على 30 كبسولة جيلاتينية الجرعة والاستخدام كبسولة واحدة يوميًا بعد الوجبة الرئيسية ملحوظات   غير مناسب للحوامل   مناسب لمرضى الضغط والقلب والسكر",ماركة: سليفار
60798,سليفار اكياس بطعم الاناناس | 20 كيس,sleevar sachets pinapple flavor sachs jptx,350,EGP,سليفار,الفيتامينات والمكملات>المكملات الغذائية,in stock,https://chefaa.com:443/eg-ar/nowProduct/sleevar-sachets-pinapple-flavor-20-sachs-jptx,https://cdn.chefaa.com/filters:format(webp)/public/uploads/products/sleevar-sachets-pinapple-flavor-20-sachs-vycw-01744113995.png,https://cdn.chefaa.com/filters:format(webp)/public/uploads/products/sleevar-sachets-pinapple-flavor-20-sachs-vycw-01744113995.png,مميزات المنتج   سليفار اكياس بطعم الاناناس | 20 كيس	   عن هذا المنتج     سليفار مكمل غذائي يحتوي على أكثر من 20 فيتامين ومعدن أساسيين لصحة الجسم في صورة بودر بنكهة الأناناس يتم إذابته في الماء : يتميز بـ   لطيف على المعدة - سريع الامتصاص- في حالات  سوء التغذية  الحميات الغذائية وبعد عمليات السمنة  نقص المعادن والفيتامينات في الجسم المكونات: الفيتامينات:  ب 1  ب 2  ب 3 ب 6   ب 5   ب 9 ب 7,ماركة: سليفار
60799,جريبكسون ادفانس | 30 كبسولة,grapexon advance caps yrau,285,EGP,حفني فارما جروب,الفيتامينات والمكملات>المكملات الغذائية,in stock,https://chefaa.com:443/eg-ar/nowProduct/grapexon-advance-30-caps-yrau,https://cdn.chefaa.com/filters:format(webp)/public/uploads/products/grapexon-advance-30-caps-yrau-01768124447.png,https://cdn.chefaa.com/filters:format(webp)/public/uploads/products/grapexon-advance-30-caps-yrau-01768124447.png,مميزات المنتج   جريبكسون ادفانس | 30 كبسولة   عن هذا المنتج     جريبكسون أدفانس مكمل غذائي يساعد على التحكم في الشهية، وزيادة معدل حرق الدهون بالجسم المكونات  مستخلص القهوة الخضراء  مستخلص الشاي الأخضر  الكافيين اللامائي   الجارسينيا كامبوجيا  كيتون التوت الأحمر  تحتوي العبوة على 30 كبسولة الجرعة والاستخدام: كبسولة واحدة يوميًا قبل الوجبة الرئيسية بنصف ساعة ملحوظات: غير مناسب لمرضى الضغط المرتفع والقلب   غير مناسب لمرضى إلتهابات المعدة والقولون  يتم تناوله تحت إشراف طبيب في حالة الإصابة بمشاكل في الغدة   لا يتم تناوله على معدة فارغة   لا يتم تناوله مساءًا لتجنب الأرق,ماركة: حفني فارما جروب
60800,جاستين بلو هير اكتيفيتور | 30 كبسولة,justin blue hair activator caps j03x,350,EGP,جاستن بلو,الفيتامينات والمكملات>المكملات الغذائية,in stock,https://chefaa.com:443/eg-ar/nowProduct/justin-blue-hair-activator-30-caps-j03x,https://cdn.chefaa.com/filters:format(webp)/public/uploads/products/justin-blue-hair-activator-30-caps-tkme-01744117271.png,https://cdn.chefaa.com/filters:format(webp)/public/uploads/products/justin-blue-hair-activator-30-caps-tkme-01744117271.png,"مميزات المنتج   جاستين بلو هير اكتيفيتور | 30 كبسولة   عن هذا المنتج     كبسولات جاستن بلو لتقوية الشعر وتحفيز نموه : يُساعد على تقليل تساقط الشعر تغذية بصيلات الشعر والحفاظ على حيويته تقوية الأظافر ومنع تكسرها الحفاظ على نضارة وحيوية البشرة :  المكونات  أحماض أمينية: L-Arginine, L-Methionine, L-Cysteine فيتامينات: البيوتين، فيتامين ج، فيتامين هـ معادن: السيلينيوم، الزنك، النحاس مستخلصات طبيعية: الشاي الأخضر، بذور العنب، الدخن الذهبي :  العبوة 30 كبسولة : الجرعة والاستخدام كبسولة واحدة يوميًا بعد الأكل مدة الاستخدام الموصى بها: 3 أشهر على الأقل",ماركة: جاستن بلو
60717,سنترم للرجال | 100قرص,centrum men tabs vfak,810,EGP,سنترم,الفيتامينات والمكملات>المكملات الغذائية,in stock,https://chefaa.com:443/eg-ar/nowProduct/centrum-men-100-tabs-vfak,https://cdn.chefaa.com/filters:format(webp)/public/uploads/products/centrum-men-100-tabs-fxy6-21740650553.png,https://cdn.chefaa.com/filters:format(webp)/public/uploads/products/centrum-men-100-tabs-fxy6-21740650553.png,مميزات المنتج   سنترم للرجال | 100قرص    عن هذا المنتج     يحتوي سنترم للرجال علي فيتامينات ب و المغنيسيوم المطلوبة لدعم الطاقة وصحة العضلات,ماركة: سنترم
60719,سنترم للسيدات | 100 قرص,centrum women tabs gr9v,810,EGP,سنترم,الفيتامينات والمكملات>المكملات الغذائية,in stock,https://chefaa.com:443/eg-ar/nowProduct/centrum-women-100-tabs-gr9v,https://cdn.chefaa.com/filters:format(webp)/public/uploads/products/centrum-women-100-tabs-q6jl-01740651093.png,https://cdn.chefaa.com/filters:format(webp)/public/uploads/products/centrum-women-100-tabs-q6jl-01740651093.png,مميزات المنتج   سنترم للسيدات | 100 قرص     عن هذا المنتج     يحتوي سنترم للسيدات علي نسبة عالية من الحديد والكالسيوم وحمض الفوليك لدعم الاحتياجات الغذائية الخاصة للمرأة (التمثيل الغذائي + صحة الجلد والشعر .والأظافر),ماركة: سنترم
11067,فيتامين ليمتلس مان ماكس للرجال limitless man max | ٣٠ قرص,limitless man max 30tab 6ceg,240,EGP,ليمتلس ناتشورال,الفيتامينات والمكملات>المكملات الغذائية,in stock,https://chefaa.com:443/eg-ar/nowProduct/limitless-man-max-30tab-6ceg,https://cdn.chefaa.com/filters:format(webp)/public/uploads/products/limitless-man-max-30tab-m45z-1644331014.png,https://cdn.chefaa.com/filters:format(webp)/public/uploads/products/limitless-man-max-30tab-m45z-1644331014.png,"مميزات المنتج   فيتامين ليمتلس مان ماكس للرجال (limitless man max) من أشهر أنواع المكملات الغذائية المتعددة للرجال يحتوي علي ٢٧عنصر من اهم الڤيتامينات والمعادن لدعم الطاقة والمناعة والصحة والعضلات.   عن هذا المنتج       مكونات ليمتلس مان ماكس للرجال ( limitless man max) يحتوي ليمتلس مان ماكس على 27 عنصر متنوع من أهم الفيتامينات والمعادن التي يحتاج إليها الجسم، ومنها:  فيتامين أ (Vitamin A) وفيتامين هـ (Vitamin E) وفيتامين ك (Vitamin K). فيتامينات ب (Vitamin B): وتشمل على فيتامينات ب1 وب2 وب6 وب12.  حمض الفوليك (Folic Acid).  البيوتين (Biotin).  الحديد (Iron) الزنك (Zinc). الكالسيوم (Calcium) والماغنيسيوم (Magnesium). الفوسفور (Phosphorus) واليود (Iodine)  السيلينيوم (Selenium) والنحاس (Copper). المنجنيز (Manganese) والكروم (Chromium)والموليبدنيوم (Molybdenum). البوتاسيوم (Potassium). ليكوبين (Lycopene).  فوائد ليمتلس مان ماكس (limitless man max) لأقراص limitless man max فوائد متعددة للرجال، منها:  دعم وتوفير الطاقة اللازمة لأداء المهام اليومية.  تعزيز وتقوية المناعة في مواجهة العدوى والالتهاب.  تقوية العضلات، وتحسين الأداء البدني والعقلي. فيتامين ليمتلس مان ماكس دواعي الاستعمال يُستعمل كمكمل غذائي يُروج لتحسين الصحة العامة وزيادة الطاقة والحيوية ودعم الصحة الجنسية و تعزيز المناعة والذاكرة والتركيز. جرعة ليمتلس مان  جرعة limitless man max المعتادة هي قرص مرة يوميًا ويفضل تناول الجرعة بعد الأكل. بديل فيتامين ليمتلس للرجال max man ويلمان Wellman.  فيتاماكس Vitamax.  فيتاماونت للرجال Vitamount for men.  سعر ليمتلس مان ماكس في مصر limitless man max سعره هو 240 جنيه مصري لعبوة 30 قرص. سعر ليمتلس مان 100 قرص هو 675 جنيه مصري لعبوة 100 قرص. ""سعر فيتامين ليمتلس مان قد يتغير تبعاً لتغير سعره فى الصيدليات"". ما فوائد ليمتلس مان للجنس ؟ قد يساعد  ليمتلس مان في دعم الصحة الجنسية من خلال تحسين تدفق الدم ومستويات الطاقة، والصحة العامة بشكل عام. ومع ذلك، من المهم أن تتذكر أن تأثيرات المكملات قد تختلف من شخص لآخر، وأن تناولها يجب أن يكون مكملًا لنمط حياة صحي مع استشارة الطبيب عند الحاجة. ما فوائد ليمتلس مان للشعر ؟ يحتوى limitless man multivitamin على البيوتين وفيتامينات B التى تلعب دورًا في تعزيز صحة الشعر والجلد وتحفيز نمو الشعر، مما يجعل هذا المكمل مفيدًا لمن يعانون من مشاكل متعلقة بالشعر مثل التساقط أو ضعف الشعر. ما أنواع فيتامينات limitless ؟ توفر شركة ايفا فارما أنواع متعددة من ليمتلس لتناسب مختلف احتياجات الجسم، ومن أهم هذه الأنواع:  ليمتلس مان ماكس للرجال.  ليمتلس وومان ماكس للسيدات.  ليمتلس ناتشورال توميريك.  ليمتلس اوسوفرزوتين.  ليمتلس فورتاليز.  ليمتلس الزايم ماكس.  ليمتلس اوميجا 3.  ليمتلس فورتايز اوريجينال.  ليمتلس ميجا ماكس.  ليمتلس لاكتوفيرين.  ليمتلس بارينترال ماكس.  ليمتلس كيدز.  ليمتلس بروستانورم ماكس.  هل يتوفر اقراص ليمتلس مان للسيدات؟  أقراص limitless man max مخصصة للرجال، لكن يتوفر نوع آخر شبيه ومخصص للسيدات تحت اسم limitless woman max (ليمتلس وومان ماكس) بتركيبة من الفيتامينات والمعادن الداعمة لجسد المرأة.   ما أضرار ليمتلس مان ماكس  limitless man max ؟  قد يسبب تناول اقراص ليمتلس مان بعض الأعراض الجانبية الطفيفة مثل اضطراب المعدة والغثيان والإمساك أو الإسهال ما الفرق بين ليمتلس باور ماكس وليمتلس مان ماكس ؟ ليمتلس باور ماكس  يحتوى على الزنك مع خلاصة ٣ أعشاب طبيعية وهى الجينسنغ والماكا والتريبولوس ، يساعد في الحفاظ على مستويات الطاقة في الجسم. ليمتلس مان ماكس يحتوى على مجموعة من الفيتامينات والمعادن الضرورية لصحة الجسم مثل فيتامينات ب وأ وهـ والمعادن مثل الحديد والزنك والكالسيوم والمغنسيوم والكروم والسيلينيوم. ما أفضل مكمل غذائي للرجال في الصيدليات ؟ فيتامين ليمتلس مان ماكس فيتامين ويلمان اورجينال للرجال سنترم للبالغين  فيتاماكس بلس مكمل غذائى مادوفيت كومبليت اقراص",ماركة: ليمتلس ناتشورال
11066,فيتامين ليمتلس وومان ماكس للنساء limitless woman | ٣٠ قرص,limitless woman max 30tablets fies,240,EGP,ليمتلس ناتشورال,الفيتامينات والمكملات>المكملات الغذائية,in stock,https://chefaa.com:443/eg-ar/nowProduct/limitless-woman-max-30tablets-fies,https://cdn.chefaa.com/filters:format(webp)/public/uploads/products/limitless-woman-max-30tablets-oqop-1644328703.png,https://cdn.chefaa.com/filters:format(webp)/public/uploads/products/limitless-woman-max-30tablets-oqop-1644328703.png,"مميزات المنتج    فيتامين ليمتلس وومان ماكس للنساء (limitless woman max) من أفضل المكملات الغذائية للسيدات تحتوى علي ٢٦ عنصر من اهم الڤيتامينات و المعادن لدعم الطاقة و المناعة وصحة الجسم والشعر والبشرة.   عن هذا المنتج     مكونات ليمتلس وومان ماكس للنساء (limitless woman) تحتوي أقراص ليمتلس وومان ماكس على 26 عنصر متنوع من أهم الفيتامينات والمعادن التي يحتاج إليها الجسم، ومنها:  فيتامين أ (Vitamin A).  فيتامين ج (Vitamin C).  فيتامين ه (Vitamin E).  فيتامين ك (Vitamin K).  فيتامينات ب (Vitamin B): وتشمل على فيتامينات ب1 وب2 وب6 وب12.  حمض الفوليك (Folic Acid).  البيوتين (Biotin).  كالسيوم (Calcium).  حديد (Iron).  فوسفور (Phosphorus).  يود (Iodine).  ماغنيسيوم (Magnesium).  زنك (Zinc).  سيلينيوم (Selenium).  نحاس (Copper).  منجنيز (Manganese).  كروم (Chromium).  موليبدنيوم (Molybdenum).  كلوريد (Chloride).  بوتاسيوم (Potassium).  limitless woman max فوائد  تشمل فوائد ليمتلس وومان للنساء ما يلى: دعم وتوفير الطاقة اللازمة لأداء المهام اليومية.  تعزيز وتقوية المناعة في مواجهة العدوى والالتهاب.  زيادة الجمال والنشاط والحيوية.  تحسين صحة الشعر والبشرة.  دواعي استعمال ليمتلس وومان limitless woman  أقراص ليمتلس وومان هو مكمل غذائي مُصمم خصيصًا لتلبية احتياجات النساء من الفيتامينات والمعادن الأساسية التي تدعم صحة الجسم والبشرة والشعر.  جرعه ليمتلس وومان ماكس  الجرعة المعتادة من ليمتلس وومان ماكس للنساء هي قرص واحد مرة يوميًا ويفضل تناول الجرعة بعد الأكل.  بديل برشام ليمتلس وومان ماكس ويل ومان Wellwoman.  فيتاماكس Vitamax.  فيتاماونت للنساء Vitamount for women. سعر ليمتلس وومان فيتامين للسيدات limitless woman سعره  هو 240 جنيه مصري  ""سعر فيتامين ليمتلس للسيدات قد يتغير تبعاً لتغير سعره فى الصيدليات"". تجربتي مع ليمتلس وومان للسيدات قد يبحث البعض عن تجارب الاشخاص مع ليمتلس وومان لمعرفة فعالية الحبوب مع الآخرين ، وفد يكون للبعض تجارب جيدة والبعض الأخر لا ، وبشكل عام فإن ليمتلس هو مكمل غذائى يوفر للجسم ما يحتاجه من فيتامينات ومعادن لدعم صحة خلايا الجسم وتعزيز صحة البشرة والشعر. هل ليمتلس وومان يزيد الوزن ؟ أقراص limitless woman max لا تحتوي على مكونات تسبب زيادة الوزن بشكل مباشر. فهو مكمل غذائي يحتوي على فيتامينات ومعادن تدعم الصحة العامة. وزيادة الوزن تعتمد على النظام الغذائي و النمط الحياة، وليس على المكملات وحدها. متى يبدأ مفعول ليمتلس وومان ؟ مفعول ليمتلس وومان قد يبدأ بعد عدة اسابيع من الاستخدام، لكن النتائج الملحوظة على الصحة العامة، مثل زيادة الطاقة وتحسين البشرة والشعر، قد تظهر خلال شهر إلى ٣ شهور من الاستخدام المنتظم. limitless woman max اضراره ما هى. ؟ أضرار فيتامين limitless woman نادرة، لكن قد تحدث بعض الآثار الجانبية مثل اضطرابات في المعدة أو الغثيان. ما فوائد فيتامين ليمتلس وومان للشعر ؟ حبوب ليمتلس وومان ماكس تحتوي على البيوتين وفيتامينات ب و فيتامين E و فيتامين A، وهي مكونات تدعم صحة الشعر وتساعد على تقوية الشعر ومنع التساقط. هل ليمتلس وومان يزيد شعر الجسم ؟ برشام limitless woman يحتوي على البيوتين و فيتامينات ب التي تدعم صحة الشعر، لكن زيادة شعر الجسم ليست من الآثار الجانبية الشائعة لهذه المكملات. إذا كنت تشعر بزيادة غير طبيعية في شعر الجسم، قد يكون السبب تغيرات هرمونية أو عوامل أخرى غير مرتبطة مباشرة بالمنتج.وعندها  يفضل استشارة الطبيب لتحديد السبب.. ما أنواع ليمتلس للنساء والرجال ؟ توفر شركة ايفا فارما أنواع متعددة من ليمتلس لتناسب مختلف احتياجات الجسم، ومن أهم هذه الأنواع:  ليمتلس مان ماكس للرجال.  فيتامين ليمتلس للسيدات.  limitless فيتامين ناتشورال توميريك.  ليمتلس اوسوفرزوتين.  ليمتلس فورتاليز.  ليمتلس الزايم ماكس.  ليمتلس اوميجا 3.  ليمتلس فورتايز اوريجينال.  ليمتلس ميجا ماكس.  ليمتلس لاكتوفيرين.  ليمتلس بارينترال ماكس.  ليمتلس كيدز.  ليمتلس بروستانورم ماكس.",ماركة: ليمتلس ناتشورال
11024,ليمتلس اوميجا 3 زيت السمك 2000 مجم | 30 كبسولة,limitless omega capsule 6uah,230,EGP,ليمتلس ناتشورال,الفيتامينات والمكملات>المكملات الغذائية,in stock,https://chefaa.com:443/eg-ar/nowProduct/limitless-omega-3-30-capsule-6uah,https://cdn.chefaa.com/filters:format(webp)/public/uploads/products/limitless-omega-3-30-capsule-cu7j-1643294585.png,https://cdn.chefaa.com/filters:format(webp)/public/uploads/products/limitless-omega-3-30-capsule-cu7j-1643294585.png,"مميزات المنتج   تركيبة ثلاثية متطورة تحتوي على ڤيتامين د٣ لدعم صحة القلب والعقل والمفاصل. زيت السمك ٠ ٠ ٠ ٢ مجم: مجموع الأحماض الدهنية أوميجا-٣ ١٤٠٠مجم - فيتامين د٣ ١٠مكجم (٤٠٠وحدة دولية).    عن هذا المنتج     مكونات ليمتلس اوميجا 3 يحتوي  ليمتلس اوميجا 3 على: زيت السمك:  يحتوي على مجموع الأحماض الدهنية اوميجا-٣ التي تعزز من صحة الجسم وتقي من أمراض القلب وتصلب الشرايين وتخفض مستويات الكوليسترول الضار في الجسم وتعزز من الأداء الذهني والعقلي والذاكرة. فيتامين د٣: يحسن من صحة الجسم ويعزز المناعة ويقوي العظام والأسنان عن طريق تنظيم مستويات الكالسيوم والفوسفور بالجسم بالإضافة إلى تحسين التركيز ووظائف المخ والتركيز. فوائد limitless Omega 3 يستعمل limitless omega  لكلٍ من الحالات التالية: دعم وتحسين الأداء العقلي والذهني. دعم صحة القلب والوقاية من أمراض القلب والأوعية الدموية. الحد من مخاطر الإصابة بتصلب الشرايين. دعم وتقوية العظام والوقاية من الكسور والهشاشة. خفض مستوى الكوليسترول والدهون الضارة بالجسم. الوقاية من ارتفاع ضغط الدم. طريقة استخدام ليمتلس اوميجا 3 1-2 كبسولة بالفم أو وفقًا لما يحدده الطبيب، وتؤخذ الجرعة كاملة بالفم مع كمية كافية من الماء. بديل limitless Omega 3 اوميجا 3 بلس Omega 3 Plus. اوميجا سيف Omega Seef. اوميجا ار اكس Omega Rx. limitless omega 3 سعر  سعر ليمتلس اوميجا 3 يبلغ حوالى 160 جنيه للعبوة التي تحتوي على 30 كبسولة "" ليمتلس اوميجا 3 سعره قد يتغير من وقت لاخر تبعاً لتغير سعره فى الصيدليات"".",ماركة: ليمتلس ناتشورال
1859,فيتاسيد ج فوار فيتاسيد سي للبرد vitacid c | ١٢ قرص,vitacid 1gm efferveccent12 tab,54,EGP,سيد فارما,الفيتامينات والمكملات>المكملات الغذائية,in stock,https://chefaa.com:443/eg-ar/nowProduct/vitacid-c-1gm-efferveccent12-tab,https://cdn.chefaa.com/filters:format(webp)/public/uploads/products/vitacid-c-1gm-efferveccent12-tab-01674553527.png,https://cdn.chefaa.com/filters:format(webp)/public/uploads/products/vitacid-c-1gm-efferveccent12-tab-01674553527.png,"مميزات المنتج   فوار فيتاسيد ج للبرد (Vitacid C 1gm)  من أشهر الأقراص التى تحتوى على فيتامين سى الذى يعمل كمضاد للأكسدة ويساعد على تقوية وتعزيز المناعة في مواجهة نزلات البرد وأعراض الانفلونزا.   عن هذا المنتج     مكونات فوار فيتاسيد ج للبرد يحتوي vitacid c 1 gm 12 eff. tab على: فيتامين ج (Vitamin C): ويعرف باسم حمض الأسكوربيك، وهو أحد العناصر الأساسية في العديد من وظائف الجسم، بالإضافة إلى دوره في تصنيع الكولاجين وتحسين المناعة.   دواعي استعمال فيتاسيد ج فوار يُستخدم فيتاسيد سى فوار فى حالات نزلات البرد والانفلونزا للمساعدة فى تحسين المناعة وتخفيف الأعراض فوائد فيتاسيد ج فوار vitacid c يقي من ويعالج أعراض نقص فيتامين ج في الجسم. يعزز المناعة في مواجهة نزلات البرد والانفلونزا.  يحد من اضطرابات الأوعية الدموية.  يزيد من سرعة التئام الجروح والكسور. يتميز vitacid eff  بـ: تركيبة سهلة الامتصاص بتركيز 1 جم من فيتامين ج.  مناسب للبالغين والأطفال.  نكهة البرتقال.  جرعة فيتاسيد ج فوار  قرص واحد مرة يوميًا أو وفقًا لما يحدده الطبيب.  جرعة فيتاسيد ج للأطفال  يُستعمل فيتاسيد ج فوار للاطفال بنفس الجرعات المحددة للبالغين تحت إشراف الطبيب.  طريقة استعمال فيتاسيد ج أقراص فوار يتم وضع قرص من اقراص فيتاسيد ج بلس على نصف كوب ماء ثم يشرب مباشرةً. سعر فيتاسيد ج فوار فيتامين سي vitacid c سعره حوالى 54 جنيه مصري.  ""فيتاسيد ج سعره قد يتغير تبعاً لتغير سعره فى الصيدليات"". بديل فيتاسيد سي (فوار فيتامين سي) ريدوكسون Redoxon.  سيفيتيل Cevitil.  سي ريتارد C Retard.   ما أنواع فيتاسيد فوار فيتامين سي ؟  فيتاسيد ج أقراص فوارة 1 جم.  فيتاسيد ج أكياس فوارة 500 مجم.  فيتاسيد ج بلس أقراص فوارة vitacid c plus. فيتاسيد كالسيوم أقراص فوارة.  ما أضرار فيتاسيد ج فوار ؟ قد يسبب فيتامين سي فوار آثارًا جانبية لدى بعض الأشخاص مثل تقلصات المعدة والغثيان وحرقة المعدة. لماذا يستعمل فوار فيتاسيد ج للبرد؟  يساعد فوار فيتامين سي للبرد على تقوية وتعزيز المناعة في مواجهة نزلات البرد وأعراض الانفلونزا.  ما هي فوائد فيتاسيد ج فوار للبشرة ؟ فيتامين ج يدخل كعامل مساعد في تكوين الكولاجين اللازم للمحافظة على ليونة وشباب البشرة، كما أنه مضاد قوي للأكسدة يحمي خلايا البشرة من آثار التعرض للعوامل الخارجية الضارة. هل يستعمل فوار فيتاسيد ج للحامل؟  يمكن استعمال vitacid c eff  أثناء فترة الحمل تحت إشراف الطبيب. ما هو فيتاسيد ج بلس فوار ؟ فيتاسيد سي بلس هو فوار يحتوى على فيتامين سى بتركيز 1000 ملجم بالإضافة إلى الزنك بتركيز 10 مجم كم سعر فيتاسيد ج بلس ؟ سعر فوار  فيتاسيد ج بلس هو ٥٤ جنيه مصري. ما الفرق بين فيتاسيد ج و فيتاسيد كالسيوم ؟  فيتاسيد ج فوار يحتوى على 1000 مجم من فيتامين سى (حمض الاسكوربيك) ويحتوى فيتاسيد كالسيوم على 1000 مجم من فيتامين سى و800 مجم من كربونات الكالسيوم. ما افضل أقراص فوار فيتامين سي ؟ ‫فوار فيتاسيد ج سانوتاكت فوار فيتامين سي،  فوار ريدوكسون فيتامين سى لابيرفا فيتامين سي كومبليكس",ماركة: سيد فارما
2177,اوميجا 3 بلس كبسولات للوزن وتعزيز الذاكرة والمناعة | 30 كبسول,omega plus capsules,135,EGP,سيديكو,الفيتامينات والمكملات>المكملات الغذائية,in stock,https://chefaa.com:443/eg-ar/nowProduct/omega-3-plus-30-capsules,https://cdn.chefaa.com/filters:format(webp)/public/uploads/products/1593946862vitamin-omega-3-fish-oiljpg,https://cdn.chefaa.com/filters:format(webp)/public/uploads/products/1593946862vitamin-omega-3-fish-oiljpg,"مميزات المنتج   برشام اوميجا 3 بلس كبسولات (Omega 3 Plus capsules ) يساعد على خفض مستوى الكوليستيرول والدهون الثلاثية فى الدم وهو مفيد لصحة البشرة والشعر والجسم بشكل عام.   عن هذا المنتج         مكونات برشام اوميجا 3 بلس     زيت السمك : هو المصدر الطبيعي للأحماض الدهنية ( أوميجا- 3 ) التى تساعد على خفض مستوى الكوليستيرول فى الدم و تقلل من مستوى الدهون الثلاثية   زيت جنين القمح : غنى بفيتامين (هـ) الذي له تأثير مضاد للأكسدة وبالتالى يمنع تأكسد الأحماض الدهنية الغير مشبعة       دواعي استعمال اوميجا 3 (omega 3 plus) تستخدم كبسولات أوميجا - 3 بلس كمكمل غذائى فى الحالات التالية: زيادة مستوى الكوليستيرول والدهون الثلاثية فى الدم مرض البول السكرى ارتفاع ضغط الدم و تصلب الشرايين فوائد كبسولات اوميجا 3 بلس  يساعد على خفض ضغط الدم. يقلل من الدهون الثلاثية في الدم. يساعد على تقليل التهاب المفاصل في مرض الروماتويد،  يساعد على تعزيز وظائف المخ والعين،  يساعد على الوقاية من الخرف، والاكتئاب، والربو، والصداع النصفي، والسكري،  يساعد على تقليل المخاطر والوقاية من أمراض القلب. المرض والسكتة الدماغية. جرعة فيتامين اوميجا 3 بلس يجب عليك مراجعة الطبيب أو الصيدلي قبل تناول الدواء جرعة الدواء قد تختلف من حالة لأخرى طريقة استعمال اوميجا 3-6-9 تعطى كبسولة واحدة ثلاث مرات يومياً. يجب تناول الكبسولات مع الطعام  وذلك للمساعدة في تقليل الآثار الجانبية التي تؤثر على المعدة والأمعاء الأعراض الجانبية لدواء omega 3 plus قد تسبب كبسولات اوميجا 3 بعض الأعراض الجانبية مثل :     الانتفاخ والغازات   الألم   الإمساك أو الإسهال   عسر الهضم   الارتجاع الحمضي   الشعور بالغثيان والقيء         موانع استعمال برشام اوميجا 3 بلس لا تُستخدم omega 3 plus للأشخاص الذين لديهم حساسية للأوميجا-3 او السمك   الاحتياطات عند تناول برشام اوميجا 3  استشر طبيبك أو الصيدلي قبل تناول omega 3 plus capsules :     إذا كنت ستخضع لعملية جراحية أو أجريت واحدة مؤخرًا   إذا كان لديك مشكلة في الكلى أو  الكبد   إذا كنت مصابًا بداء السكري   فى حالة مرضى تجلط الدم و الأشخاص الذين يتناولون أدوية تجلط الدم   فى حالة كنت تتناول أدوية أخرى أو تعانى من أى أمراض   قبل استخدام الدواء فى فترة الحمل أو الرضاعة       سعر اوميجا 3 بلس في الصيدلية  اوميجا 3 بلس سعر العلبة حوالي  99 جنيه مصرى وتحتوى العلبة على 2 شريط - 20 كبسولة. سعر شريط اوميجا 3 (omega 3 plus) حوالي  50 جنيه مصرى. "" قد يتغير سعر اوميجا 3 في مصر من وقت لآخر تبعاً لتغير سعره فى الصيدليات""     فوائد اوميجا 3 بلس للجنس  زيت السمك ( الغني بالأحماض الدهنية أوميغا - 3 ) يمكن أن يزيد من جودة السائل المنوي ومستويات التستوستيرون في الدم.     فوائد اوميجا 3 للشعر     توفر البروتينات والمواد الغذائية الأساسية لبصيلات الشعر   تمنع التهاب بصيلات الشعر الذي قد يسبب تساقط الشعر   تعزز الدورة الدموية في فروة الرأس مما قد تؤدي إلى نمو الشعر       فوائد أوميجا 3 بلس للذاكرة   الأوميغا - 3 لها دور فى تكوين المخ والنمو السليم للدماغ ويمكن أن تساعد على تحسين الذاكرة     فوائد اوميجا 3 بلس للبشرة  تساعد على ترطيب البشرة وتقليل الاحمرار والجفاف والحكة     فوائد حبوب اوميجا 3 والتخسيس  مكملات الأوميغا -3 ليست ذات تأثير فعال فى إنقاص الوزن       فوائد كبسولات اوميجا 3 بلس لزيادة الوزن   يمكن أن تساعد مكملات الأوميجا في زيادة الشهية لدى الأشخاص الأصحاء ولكن من غير المحتمل أن تسبب فرقًا كبيرًا في الوزن. ما هو سعر اوميجا 3 المصري والمستورد ؟ سعر الاوميجا 3 المصري يتراوح من 60 إلى 200 جنيه مصرى. سعر برشام اوميجا 3 المستورد يتراوح من 160 إلى 800 جنيه مصرى. ما هو سعر اوميجا 3 بلس المستورد ؟ كبسولات اوميجا 3 بلس تتوافر بسعر 99 جنيه مصرى وهى من انتاج شركة سيديكو. أما انواع الاوميجا 3 المستودرة فسعرها  يتراوح من 160 إلى 800 جنيه. كم حبة أوميغا 3 في اليوم ؟ يتم تناول كبسولة ٣ مرات فى اليوم.      ما هى اضرار اوميجا 3 على الكبد ؟  أحماض الأوميغا - 3 آمنة بشكل عام ولا تسبب ضررا على الكبد عند تناولها للأشخاص الأصحاء بالجرعات الصحيحة      هل يمكن تناول فيتامين اوميجا 3 للحامل ؟  أجل يمكن اقراص اوميجا 3 ولكن يجب استشارة الطبيب أولاً      هل يمكن تناول دواء اوميجا 3 لمرضى السكر ؟  أجل يمكن اقراص اوميجا 3 ولكن يجب استشارة الطبيب أولاً      هل دواء اوميجا 3 يزيد الوزن ؟  لا تسبب زيادة الوزن      هل يمكن تناول دواء اوميجا 3 بلس قبل الأكل ؟  يجب تناولها مع أو بعد الأكل     ما الفرق بين اوميجا 3 واوميجا 3 بلس ؟     أوميغا 3 هو حمض دهني غير مشبع   اوميجا 3 بلس يعني وجود اضافات من فيتامينات وأملاح معدنية مع الأوميغا 3        ما هي مصادر اوميجا 3 الطبيعية ؟     السمك   المكسرات والبذور (مثل بذور الكتان وبذور الشيا والجوز)   الزيوت النباتية (مثل زيت بذور الكتان وزيت فول الصويا وزيت الكانولا)        ما الفرق بين اوميجا 3 و6 و9 ؟     أوميغا - 3 وأوميغا - 6 : أحماض دهنية لا يستطيع الجسم إنتاجها   أوميغا - 9 : أحماض دهنية يستطيع الجسم إنتاجها        هل يتعارض اخذ حبوب الحديد مع حبوب اوميجا 3 ؟  يمكن تناول كلاهما ولكن يفضل ترك ساعتين على الأقل بينهما فيتامين اوميجا 3 والحساسية  بالنسبة للأشخاص الذين يعانون من حساسية السمك يمكنهم الحصول على الأوميغا - 3 من مصدر نباتي مثل  بذور الكتان ، زيت الكانولا ، عين الجمل وفول الصويا ما افضل علاج اوميجا 3 للاطفال ؟ هيربالاند اوميجا 3 للأطفال جيلي اوميجافيت اكياس ايفالكس شراب  ما أفضل نوع اوميجا 3 في مصر ؟ اوميجا سيف كبسولات زاندروس اوميجا 3 مارنيز اوميجا 3 ليمتلس اوميجا 3 سوبر أوميجا كبسولات إنفينيتي أوميجا ار اكس",ماركة: سيديكو
5086,اكتوزنك كبسولات للرجال والنساء لصحة الشعر والجسم octozinc | ٢٠ كبسولة,octozinc 25mg,30,EGP,اكتوبر فارما,الفيتامينات والمكملات>المكملات الغذائية,in stock,https://chefaa.com:443/eg-ar/nowProduct/octozinc-25mg,https://cdn.chefaa.com/filters:format(webp)/public/uploads/products/1609336215-0025-octozincpng,https://cdn.chefaa.com/filters:format(webp)/public/uploads/products/1609336215-0025-octozincpng,"مميزات المنتج   اكتوزنك كبسولات للرجال والنساء (octozinc capsoule) تساعد على دعم المناعة وتعزيز الخصوبة، وتحسين نضارة البشرة ودعم صحة الشعر.   عن هذا المنتج     مكونات اكتوزنك كبسولات للرجال يحتوي اكتوزنك كبسولات على الزنك (Zinc) وهو عنصر ضروري للجسم من حيث أنه يدعم المناعة ويدخل في تكوين بعض الأنزيمات والهرمونات الأساسية بالجسم، بالإضافة إلى أنه يعزز الخصوبة وله دور هام في المحافظة على الرؤية. دواعي استعمال دواء اكتوزنك octozinc دواعي استعمال اقراص اكتوزنك تشمل: علاج تساقط الشعر. تحسين صحة البشرة تقوية جهاز المناعة تعويض نقص الزنك في الجسم الذي قد يؤثر على الصحة العامة. دعم الصحة الإنجابية فوائد اكتوزنك للرجال  تحسين الخصوبة: يساهم الزنك في تعزيز إنتاج الحيوانات المنوية وجودتها، مما يحسن الخصوبة لدى الرجال. دعم صحة البروستاتا: يساعد الزنك في الحفاظ على صحة البروستاتا وتقليل خطر الإصابة بمشاكل صحية في هذه المنطقة. تقوية الجهاز المناعي: يعزز الزنك من قدرة الجسم على محاربة الأمراض والعدوى. تحسين مستويات الطاقة: يعزز الزنك من مستويات الطاقة ويقلل من الشعور بالتعب والإرهاق. موازنة مستويات الهرمونات: يساعد الزنك في تنظيم مستويات هرمون التستوستيرون، مما يدعم القوة البدنية والصحة الجنسية. فوائد اكتوزنك للنساء كبسولات octozinc فوائدها للنساء تشمل: تحسين صحة الشعر: يساعد الزنك في تقوية بصيلات الشعر ويقلل من تساقطه، مما يعزز نمو شعر صحي. تحسين صحة البشرة: يعمل على مكافحة حب الشباب والتقليل من الالتهابات الجلدية بفضل خصائصه المضادة للبكتيريا. تنظيم الهرمونات: يساعد الزنك في تنظيم مستويات الهرمونات، مما يساهم في تحسين الدورة الشهرية. دعم المناعة: يعزز من قوة الجهاز المناعي ويحمي الجسم من الأمراض. موازنة مستوى الزنك في الجسم: يعوض نقص الزنك الذي قد يسبب مشاكل صحية مثل التعب أو ضعف التركيز. جرعة اكتوزنك للرجال والنساء يُستعمل octozinc دواء بجرعة 1-2 كبسولة يوميًا أو وفقًا لما يحدده الطبيب. بديل octozinc capsoule 25 mg زنكترون zinctron. ليمتلس زنك limitless zinc. فيتازنك أقراص vitazinc. سولفازنك كبسول Solvazinc. سعر اكتوزنك للشعر سعر اكتوزنك كبسولات للرجال هو 30 جنيه مصري.  "" كبسولات octozinc سعرها قد يتغير تبعاً لتغير سعره فى الصيدليات"". هل حبوب اكتوزنك تزيد الوزن؟ لا يزيد برشام octozinc الوزن بصورة مباشرةً لكن قد تساعد بعض الحالات التي تعاني من سوء التغذية وضعف الشهية، مما يساهم في تحسين تغذيتهم وبالتالي زيادة الوزن. ما فوائد اكتوزنك للشعر ؟ كبسولات اكتوزنك تحتوي على الزنك، وهو معدن مهم لصحة الشعر. يساعد الزنك في تعزيز نمو الشعر، تقوية بصيلات الشعر، وتنظيم إفرازات الغدد الدهنية في فروة الرأس. كما أنه يساهم في تقليل تساقط الشعر وتحسين صحته بشكل عام. ما هي مدة استخدام برشام اكتوزنك ؟ يجب تجنب استعمال جرعات مفرطة أو تناول المكملات الغنية بالزنك مثل علاج اكتوزنك لفترات زمنية طويلة دون إشراف الطبيب. ما هي أضرار اكتوزنك اقراص ؟ قد يسبب تناول برشام اكتوزنك اضطرابات بالجهاز الهضمي وشعورًا بالغثيان أو القيء. ما فوائد برشام اكتوزنك للرجال؟ تعزز كبسولات اكتو زنك من المناعة كما أنها تحسن من صحة البروستاتا ومستويات هرمون التستوستيرون بالجسم بالإضافة إلى تعزيز الخصوبة وتحسين فرص الإنجاب. ما فوائد كبسولات اكتوزنك للتخسيس؟ قد يفيد استعمال المكملات التي تحتوي على الزنك لعلاج حالات زيادة الوزن المرتبطة بسوء التمثيل الغذائي أو نقص الزنك داخل الجسم، لكن ما يزال هذا التأثير موضع دراسة. ما فوائد اكتوزنك للبروستاتا؟ أجل، قد تحسن كبسولات اكتوزنك من صحة البروستاتا. ما فوائد حبوب اكتوزنك للاظافر؟ يفيد استعمال هذا المكمل العديد من أجزاء الجسم بما في ذلك الأظافر حيث يساهم في تقويتها وحمايتها من التكسر. ما فوائد اكتوزنك للجيم ؟ الزنك يلعب دورًا مهمًا في تنظيم هرمون التستوستيرون، الذي يؤثر بشكل مباشر على القوة البدنية والقدرة على بناء العضلات.ويعزز الزنك من وظيفة الجهاز المناعي ويساعد في مقاومة التعب والإرهاق ويساهم في تجديد الأنسجة بعد التمرين، مما يساعد في سرعة التعافي من الإصابات أو التعب العضلي. هل هناك علاقة بين فيتامين اكتوزنك والنوم؟ يعتقد أن للزنك فوائد في تحسين جودة النوم. هل هناك علاقة بين اكتوزنك والانتصاب ؟ مكملات الزنك قد تساعد في تحسين الانتصاب بشكل غير مباشر فى بعض الحالات عن طريق تعزيز مستويات التستوستيرون وتحسين الصحة العامة. هل يتعارض اكتوزنك والضغط؟ ليس هناك تعارض بينهما. ما افضل وقت لتناول اكتوزنك ؟ يُفضل تناول octozinc capsules بعد الاكل لتقليل احتمالية حدوث اضطرابات في المعدة أو الشعور بالغثيان. الزنك قد يسبب بعض الانزعاج المعدي إذا تم تناوله على معدة فارغة. ما نسبة الزنك في اكتوزنك ؟ تحتوى كل كبسولة من اوكتوزنك على ٢٥ مجم من الزنك. ما الفرق بين اكتوزنك وزنكترون؟ زنكترون كبسولات تحتوي على الزنك بتركيز 11 مجم بالإضافة إلى النحاس، وفيتامين ج وفيتامين ب6 و بيوفلافونويدس. من إنتاج شركة نيرهادو (Nerhadou). كبسولات اكتوزنك تحتوي على الزنك فقط بتركيز 25 مجم. من إنتاج شركة أكتوبر فارما (October pharma). ما الفرق بين اكتوزنك و سولفازنك ؟ الفرق بين اكتوزينك وسولفازنك يكمن في تركيز الزنك حيث يحتوي اوكتو زنك على 25 مجم من الزنك في كل كبسولة اما سولفازنك يحتوي على 50 مجم من الزنك في كل كبسولة. بالتالي، سولفازنك يحتوي على ضعف كمية الزنك مقارنة باقراص اكتوزنك.",ماركة: اكتوبر فارما
142,اوستيوكير اقراص كالسيوم مع فيتامين د osteocare tab | ٣٠ قرص,osteocare tab,150,EGP,فيتابيوتكس,الفيتامينات والمكملات>المكملات الغذائية,in stock,https://chefaa.com:443/eg-ar/nowProduct/osteocare-30-tab,https://cdn.chefaa.com/filters:format(webp)/public/uploads/products/osteocare-30-tab-01720061476.png,https://cdn.chefaa.com/filters:format(webp)/public/uploads/products/osteocare-30-tab-01720061476.png,"مميزات المنتج   اوستيوكير اقراص (osteocare tablets) مكمل غذائي يمد الجسم بعناصر الكالسيوم والمغنيسيوم وفيتامين د والزنك الضرورية للحفاظ على صحة العظام والأسنان والعضلات.   عن هذا المنتج      مكونات اوستيوكير اقراص osteocare tablets  الكالسيوم : ضروري لصحة العظام والأسنان   المغنيسيوم : ضروري لصحة العظام والعضلات   فيتامين د  : يساهم في امتصاص الكالسيوم الطبيعي واستخدامه   الزنك : يساهم فى إنتاج الكولاجين       دواعي استعمال اوستيوكير كالسيوم osteocare      يوفر اوستيوكير الكالسيوم ، المغنيسيوم ، وفيتامين D والزنك التي تساهم في الحفاظ على صحة العظام.   ويُعد الحصول على ما يكفي من الكالسيوم مهم خصوصاً للرجال والنساء فوق سن الخمسين ، أثناء الحمل والرضاعة الطبيعية ، وأثناء وبعد انقطاع الطمث       جرعة اوستيوكير اقراص للرجال والنساء    2 قرص يومياً مع أو قبل الأكل سعر اوستيوكير اقراص اقراص osteocare سعرها حوالى 150 جنيه ، وتحتوى العبوة على 2 شريط - 30 قرص. يبلغ سعر شريط اوستيوكير أقراص حوالى 75 جنيه. "" اوستيوكير اقراص سعرها قد يتغير من وقت لآخر تبعاً لتغيره فى الصيدليات""    الأعراض الجانبية لدواء اوستيوكير للأسنان  عادة لا تسبب أقراص اوستيوكير أي آثار جانبية ولكن يمكن أن تحدث آثار جانبية في بعض الأحيان مثل الإمساك والانتفاخ والغازات      موانع استعمال اقراص اوستيوكير     الحساسية المفرطة تجاه أي من مكونات الدواء   المرضى الذين لديهم زيادة فى نسبة الكالسيوم بالدم       الاحتياطات عند تناول كالسيوم اوستيوكير لتقوية العظام     يجب إستشارة الطبيب أو الصيدلى فى حالة كنت تتناول أدوية أخرى أو تعانى من أى أمراض   يجب إستشارة الطبيب أو الصيدلي قبل إستخدام الدواء فى حالة الحمل أو الرضاعة     بديل اوستيوكير أقراص كالسيوم مغنيسيوم فيتامين د3 زنك دواء كالسيد  calcid كالسيترون calcitron دواء لاكتوكال  lactocal زيماكال  zimacal دواء  كالسى ماكس calcimax كال ماج cal mag ما أفضل وقت لتناول اوستيوكير ؟ يمكن تناول فيتامين اوستيوكير بعد الطعام بساعتين. ما فوائد وأضرار اوستيوكير كالسيوم مغنيسيوم فيتامين د3 زنك ؟ فوائده osteocare حبوب تشمل: تقوية العظام والأسنان: بفضل الكالسيوم وفيتامين D. الوقاية من هشاشة العظام: خاصة عند النساء وكبار السن. دعم العضلات: المغنيسيوم مهم لانقباض العضلات واسترخائها. تحسين امتصاص الكالسيوم: فيتامين D يساعد على امتصاصه من الأمعاء. دعم تكوين الكولاجين: الزنك يساهم في الحفاظ على مرونة العظام والمفاصل. قد يسبب بعض الأعراض الجانبية مثل: الإمساك أو اضطرابات هضمية الغثيان أو آلام في المعدة ما فائدة فيتامين اوستيوكير للتخسيس ؟ فيتامين اوستيوكير ليس له تأثير مباشر على انقاص الوزن ولكنه يمد الجسم بالعديد من العناصر الغذائية التى قد يحتاج إليها الجسم. ما فائدة حبوب اوستيوكير للشعر ؟ osteocare حبوب ليس لها تأثير مباشر  فى علاج مشاكل الشعر ولكنها تمد الجسم بالعديد من العناصر الغذائية التى تفيد صحة الشعر. هل يُستخدم اوستيوكير للحامل ؟ أجل osteocare دواء آمن للاستخدام فى فترة الحمل.      هل يُستخدم اوستيوكير لمرضى السكر ؟  أجل يمكن تناول osteocare دواء لمريض السكرى ولكن يجب استشارة الطبيب قبل ذلك      هل اوستيوكير يرفع الضغط ؟  لا تسبب osteocare حبوب ارتفاع ضغط الدم طالما يتم استخدامه بالجرعات الموصى بها      هل حبوب osteocare تزيد الوزن ؟  لا تسبب زيادة فى الوزن      ما فوائد اوستيوكير للشعر ؟  المغنيسيوم له دورًا مهمًا في تعزيز نمو بصيلات الشعر ،كما أن نقص الكالسيوم والمغنيسيوم بالجسم قد يسبب تساقط الشعر      ما أضرار حبوب اوستيوكير كالسيوم للعظام ؟ برشام اوستيوكير آمن بشكل عام طالما يتم تناوله بالجرعات الموصى بها      ما الفرق بين اوستيوكير المستورد والمصري ؟  كلاهما يحتوي على نفس المكونات الفرق فقط فى البلد التى يتم بها تعبئة المنتج   ما أنواع دواء اوستيوكير المستورد ؟ اوستيوكير شراب للأطفال. اوستيوكير أقراص للكبار.      هل يمكن علاج هشاشة العظام ببرشام اوستيوكير ؟  يساعد الكالسيوم وفيتامين د على منع وعلاج هشاشة العظام حيث يقلل فيتامين د من فقدان العظام ويقلل من خطر التعرض للكسر ، خاصة عند كبار السن من الرجال والنساء ، كما يساعد  فيتامين D على امتصاص الكالسيوم بكفاءة.      ما أفضل حبوب كالسيوم مع فيتامين د للعظام ؟     اوستيوكير أقراص كالسيوم   أقراص كالسيترون calcitron   أقراص كالسى ماكس calcimax        ما هي أقراص فيتامين د المتوافرة فى مصر ؟     دافاليندى Davalindi فيتامين د أقراص   بريفا breva برشام فيتامين د        ما هي أدوية المغنيسيوم المتوافرة فى مصر ؟     سوبرماج Supermag حبوب المغنيسيوم   بيوماج  Bio-mag مكملات المغنيسيوم   ماجفيتال Magvital كبسولات مغنيسيوم",ماركة: فيتابيوتكس
31699,ليمتلس اوسوفورتين د3 5000 حبوب فيتامين د | 30 قرص,limitless ossofortin tab qrme,115,EGP,ليمتلس ناتشورال,الفيتامينات والمكملات>المكملات الغذائية,in stock,https://chefaa.com:443/eg-ar/nowProduct/limitless-ossofortin-d3-5000-i-u-30-tab-qrme,https://cdn.chefaa.com/filters:format(webp)/public/uploads/products/limitless-ossofortin-d3-5000-i-u-30-tab-qrme-01750155329.png,https://cdn.chefaa.com/filters:format(webp)/public/uploads/products/limitless-ossofortin-d3-5000-i-u-30-tab-qrme-01750155329.png,"مميزات المنتج   دواء ليمتلس اوسوفورتين د3 5000 (Limitless ossofortin) يستخدم لحالات نقص فيتامين د إذ يدعم صحة العظام ويعزز الجهاز المناعي.   عن هذا المنتج     مكونات ليمتلس اوسوفورتين 5000  يحتوي ليمتلس اوسوفورتين على:  فيتامين د3 5000 وحدة دولية (Vitamin D3) بتركيز 125 ملجم يساعد على دعم صحة العظام والأسنان، كذلك يحافظ على وظائف العضلات والجهاز المناعي. limitless ossofortin 5000 دواعي الاستعمال يستخدم ليمتلس اوسوفورتين بغرض: تقوية الجهاز المناعي.  دعم صحة العظام والأسنان.  علاج التعب والإرهاق المزمن.  تحسين الحالة المزاجية.  جرعة ليمتلس اوسوفورتين د3 5000 جرعة اوسوفورتين للوقاية هي قرص واحد يومياً لمدة 3 شهور. سعر اوسوفورتين 5000 d3 ossofortin 5000 سعره حوالى  102 جنيه مصري. "" ليمتلس اوسوفورتين د3 5000 سعره قد يتغير  من وقت لاخر تبعاً لتغير سعره فى الصيدليات ""   بديل ليمتلس اوسوفورتين د3 5000  دافاليندي أقراص (Davalindi).  سانسو د3 أقراص (Sanso D3).  ديفارت د أقراص (Devart D3).  فوائد Limitless ossofortin d3 5000  يساعد على تحفيز امتصاص الكالسيوم والفوسفور في الجسم، مما يعزز صحة العظام ويقويها.  يعزز نمو العظام والحفاظ عليها قوية وصحية.  يدعم وظائف جهاز المناعة، مما يساعد الجسم على مقاومة الأمراض والالتهابات.  يقلل خطر الإصابة بأمراض هشاشة العظام. ما أنواع برشام اوسوفورتين ؟ اوسوفورتين اقراص د2 10000 وحده دوليه. ليمتلس اوسوفورتين اقراص د3 5000 وحده دوليه. ليمتلس اوسوفورتين د3 2000 وحده دوليه اوسوفورتين اورجينال د2 10000 وحده دوليه.   ما الفرق بين ليمتلس اوسوفورتين و اوسوفورتين اورجينال ؟ كلاهما يحتوي على فيتامين د3 بتركيز 5000 وحدة دولية وكلاهما يتبعان نفس الشركة المصنعة، حيث أعلنت الشركة أن كلاهما نفس المنتج وفقط تم تغيير الاسم من اوسوفورتين أوريجينال إلى ليمتلس اوسوفورتين. ما الفرق بين اوسوفورتين d2 و d3 ؟ اقراص اوسوفورتين d2 تحتوى على فيتامين د٢ واقراص اوسوفورتين d3 تحتوى على فيتامين د٣  فيتامين د3 أكثر فعالية في رفع مستويات فيتامين د في مجرى الدم لفترة أطول من فيتامين د2 . ويتم الحصول على فيتامين د2 من النباتات، وفيتامين د3 مشتق من الحيوانات. ما الفرق بين  اوسوفورتين 5000 و 10000 ؟ علاج اوسوفورتين 5000 يحتوى على فيتامين د٣ بتركيز 5000 وحدة دولية. برشام اوسوفورتين 10000 يحتوى على فيتامين د٢ بتركيز 10000 وحدة دولية. ما الفرق بين بون كير واوسوفورتين ليمتلس؟ ليمتلس اوسوفورتين يحتوى على  فيتامين د٣ بتركيز 5000 وحدة دولية. اقراص بون كير يحتوى على الفاكالسيدول بتركيز 1 مجم و 0.5 مجم و 0.25 مجم. أيهما افضل اوسوفورتين ولا دافاليندي ؟ يحتوى علاج اوسوفورتين ليمتلس  على  فيتامين د٣ بتركيز 5000 وحدة دولية. يحتوى دافاليندي على فيتامين د٣ بتركيز 1000 وحدة دولية. limitless ossofortin d3 سعره كام ؟ سعر ليمتلس اوسوفورتين د3 5000 حوالى 102 جنيه مصرى. ما هى الأعراض الجانبية لدواء اوسوفورتين d3 ؟ تشمل الآثار الجانبية لفيتامين د اوسوفورتين الغثيان والإمساك وافقدان الوزن والتعب والصداع. اوسوفورتين والتخسيس الحصول على ما يكفي من فيتامين د يمكن أن يحافظ على مستويات الهرمونات فى الجسم وقد يساعد في تعزيز فقدان الوزن وتقليل الدهون في الجسم. ما افضل حبوب فيتامين دال ؟ كبسولات وان ألفا (One alpha).  دافاليندي أقراص (Davalindi).  ليمتلس أوسوفورتين (Limitless ossofortin).",ماركة: ليمتلس ناتشورال
7388,برفكتيل أقراص للشعر لعلاج التساقط وتطويل الشعر | 30 قرص,vitabiotics perfectil original triple active 30serv 30tab qnnj,300,EGP,فيتابيوتكس,الفيتامينات والمكملات>المكملات الغذائية,in stock,https://chefaa.com:443/eg-ar/nowProduct/vitabiotics-perfectil-original-triple-active-30serv-30tab-qnnj,https://cdn.chefaa.com/filters:format(webp)/public/uploads/products/vitabiotics-perfectil-original-triple-active-30serv-30tab-qnnj-01720188237.png,https://cdn.chefaa.com/filters:format(webp)/public/uploads/products/vitabiotics-perfectil-original-triple-active-30serv-30tab-qnnj-01720188237.png,"مميزات المنتج    برفكتيل اقراص للشعر : تعزز مظهر البشرة والشعر والأظافر بشكل رائع. تحتوى على مجموعة من أكثر من 20 مغذيات دقيقة. تساعد في الحفاظ على بشرة صحية. رقم 1 في بريطانيا للحصول على بشرة وشعر وأظافر رائعة المظهر.   عن هذا المنتج     مكونات برفكتيل للشعر تحتوي برفكتيل أقراص للشعر على: بيتاكاروتين (Beta carotene). فيتامين د (Vitamin D). حمض البارامينوبنزويك (PABA). حمض الفوليك (Folic Acid). فيتامين ج (Vitamin C). فيتامين ه (Vitamin E). السيلينيوم (Selenium). الحديد (Iron). الزنك (Zinc). النحاس (Cupper). الماغنسيوم (Magnesium). فيتامين ب1 (Thiamine). فيتامين ب2 (Vitamin B2). فيتامين ب3 (Vitamin B3). فيتامين ب5 (Pantothenic Acid) فيتامين ب6 (Vitamin B6). فيتامين ب7 (Biotin). فيتامين ب12 (Vitamin B12). المنجنيز (Manganese). اليود (Iodine). السيليكون (Silicon). الكروم (Chromium) دواعى استعمال برفكتيل أقراص تستعمل أقراص perfectil hair plus لكلٍ من: علاج تساقط الشعرة. تقوية الشعر والمحافظة على صحته. تقوية الأظافر ومنع تكسرها. تحسين صحة ونضارة البشرة. جرعة برفكتيل اقراص الجرعة المعتادة  من حبوب برفكتيل للشعر هي كبسولة مرة واحدة يوميًا مع كوب من الماء. بديل برشام برفكتيل 20 مجم بانتوجار Pantogar. هاى بوتنسى فورميولا Hi-potency Formula. بيوتين فورت Biotin Forte. ناو فودز بيوتين Biotin. نيوترشن فور يور هير Nutrition For Your Hair. سعر برفكتيل للشعر سعر فيتامين برفكتيل للشعر هو 260 جنيه مصري  ""فيتامين perfectil سعره  قد يتغير تبعاً لتغير سعره فى الصيدليات"". ما الفرق بين برفكتيل المصري والمستورد؟ برفكتيل المصري يتوفر منه نوع فقط وهو نوع عام يحسن من صحة الشعر والأظافر والبشرة، لكن المستورد يتوفر منه أنواع متخصصة منها: برشام برفكتيل اورجينال perfectil original. بيرفكتيل ماكس perfectil max. برفكتيل بلس للبشرة perfectil plus skin. برفكتيل بلس هير perfectil plus hair. فيتامين تقوية الاظافر perfectil plus nails. برفكتيل للشعر perfectil platinum. متى يبدأ مفعول حبوب برفكتيل؟ ينصح باستعماله لمدة لا تقل عن 3 أشهر، لكن قد تبدأ فاعليته في الظهور خلال شهر أو أكثر حسب كل حالة.",ماركة: فيتابيوتكس
10219,فيتامين فيتا سترس 600 للرجال والنساء للخصوبه vitastress | ٢٠ قرص,vitastress tab tabs yvoe,64,EGP,No Brand,الفيتامينات والمكملات>المكملات الغذائية,in stock,https://chefaa.com:443/eg-ar/nowProduct/vitastress-tab-20-tabs-yvoe,https://cdn.chefaa.com/filters:format(webp)/public/uploads/products/vitastress-tab-20-tabs-sgfa-1640266220.png,https://cdn.chefaa.com/filters:format(webp)/public/uploads/products/vitastress-tab-20-tabs-sgfa-1640266220.png,"مميزات المنتج   فيتامين فيتا سترس 600 للرجال والنساء (vitastress tab) عبارة عن اقراص تحتوى على مجموعة مهمة من الفيتامينات والعناصر الغذائية القيمة التي تمد الجسم بالطاقة والحيوية التي يحتاجها لممارسة الأنشطة اليومية وإتمام كامل وظائفه الحيوية. كما تحتوى على الزنك وفيتامين سى مما يساعد فى تعزيز المناعة وتحسين قدرة الجسم فى مقاومة الأمراض   عن هذا المنتج     مكونات فيتا سترس 600 للرجال والنساء يحتوي فيتامين فيتا سترس أقراص على: فيتامين أ (Vitamin A). فيتامين ه (Vitamin E). فيتامينات ب1 وب2 وب6 وب7 وب12 (Vitamin B Complex). فيتامين ج (Vitamin C). حمض الفوليك (Folic Acid). نحاس (Copper). زنك (Zinc). فوائد فيتا سترس للرجال والنساء  تناول مكملات مضادات الأكسدة مثل فيتا ستريس اقراص  يمنع الضرر الذي تسببه الجذور الحرة لخلايا الجسم، وبالتالي تعزز صحة خلايا الجسم وتقاوم الشيخوخة وتقي من الأمراض دواعى استعمال فيتا سترس اقراص يستعمل vita stress tab ككمل غذائي بغرض: مقاومة التعب والإجهاد. الحد من مضاعفات مرض السكري. تحسين صحة الشعر والجلد. تقوية وتعزيز المناعة في مواجهة العدوى. زيادة وتحسين الخصوبة. أثناء الحمل والرضاعة. جرعة فيتا سترس للنساء والرجال الجرعة المعتادة من فيتاسترس اقراص هي قرص واحد مرة يوميًا ما لم يصف الطبيب غير ذلك. بديل فيتامين فيتا سترس vitastress tab جراند فيت Gran vit. توتافيت Totavit. توتال Total. اقراص فيتا سترس سعر سعر فيتا سترس  vitastress zinc هو 64 جنيه لعبوة تحتوى.على 20 قرص. "" سعر فيتامين فيتا سترس قد يتغير تبعاً لتغير سعره فى الصيدليات"". اضرار فيتا سترس فيتامين قد يسبب تناول اقراص فيتا ستريس بعض الآثار الجانبية مثل إمساك أو لبإسهال أو اضطراب المعدة . وهذه الآثار عادة ما تكون مؤقتة وقد تختفي مع تكيف الجسم مع هذا الدواء. إذا استمرت أي من هذه الآثار أو ساءت، أخبر طبيبك أو الصيدلاني على الفور. أفضل وقت لتناول فيتا سترس للخصوبه يُفضل تناول دواء فيتا سترس فى الصباح  قبل أو بعد تناول الوجبة مباشرة لتقليل احتمالية حدوث اضطراب في المعدة. ما هي فوائد فيتا سترس للشعر ؟ من فوائد فيتامين فيتا سترس أنه  يزيد من قوة الشعر، ويقلل من تساقطه، ويحسن من صحته، ويعزز من نموه. هل فيتا سترس يزيد الوزن ؟ قد يساعد تناول فيتا سترس لزيادة الوزن  فى حالات النحافة المرتبطة بسوء التغذية، نظرًا لأنه يوفر العديد من العناصر الضرورية للجسم. هل يمكن تناول فيتا سترس قبل النوم ؟ يمكن تناول جرعة vita stress خلال أي وقت من اليوم ولكن بشكل عام يُفضل تناوله فى الصباح. ما هى أضرار برشام فيتا سترس vitastress ؟ تناول برشام فيتاسترس قد يسبب بعض الأعراض غير المرغوب فيها، والتي من أهمها: تغير لون البول، الغثيان أو القئ، اضطرابات بالجهاز الهضمي. ما الفرق بين فيتا سترس سترس تابس ؟ فيتاسترس (vitastress) يحتوى على فيتامين أ و فيتامين هـ وفيتامينات ب1 وب2 وب6 وب7 وب12 وفيتامين ج وحمض الفوليك والنحاس والزنك سترس تابس (stress tabs) يحتوى على فيتامين ب1 وفيتامين ب2 وب6 وب12 والنياسيناميد وبانتوثينات الكالسيوم وفيتامين سي وفيتامين هـ والزنك فيتا سترس قبل الاكل ولا بعده ؟ يُفضل تناول فيتاسترس بعد الأكل. علاج فيتا سترس والانتصاب حبوب فيتا سترس زنك قد يحسن من حالات الانتصاب لكن لا يعالج مشكلاتها. فيتا سترس لكمال الأجسام وا لجيم نعم يمكن استعمال برشام vitastress فيتاسترس لتوفير الفيتامينات والمعادن الضرورية أثناء ممارسة الرياضة والتمارين. تجربتي مع فيتا سترس vita stress قد يبحث البعض عن تجارب الاشخاص مع اقراص فيتاستريس لمعرفة فعاليتها مع الآخرين ، وقد يكون للبعض تجارب جيدة والبعض الأخر لا ، وبشكل عام فإن حبوب فيتاستريس تساعد على دعم الجسم بشكل عام ومقاومة الاجهاد والتعب. ما أفضل فيتامين للجسم من الصيدلية ؟ سنترم centrum فيتامين ويلمان اورجينال للرجال فيتايامي للرجال والنساء  ليمتلس وومان ماكس فيتامين فيتاسترس vitastress",raw_specs: المواصفات
27596,ليمتلس كروماكس كت للتخسيس limitless chromax | ٣٠ كيس,limitless chromax cut 30sachets q4mj,375,EGP,ليمتلس ناتشورال,الفيتامينات والمكملات>,in stock,https://chefaa.com:443/eg-ar/nowProduct/limitless-chromax-cut-30sachets-q4mj,https://cdn.chefaa.com/filters:format(webp)/public/uploads/products/limitless-chromax-cut-30sachets-41od-01672697307.png,https://cdn.chefaa.com/filters:format(webp)/public/uploads/products/limitless-chromax-cut-30sachets-41od-01672697307.png,"مميزات المنتج   ليمتلس كروماكس كت للتخسيس (limitless chromax cut) أكياس فعالة وأمنة في إنقاص الوزن الزائد وأغراض التخسيس، لكن يجب مع استعمالها الالتزام بنظام غذائي ورياضي للحصول على أفضل فائدة منها، تحتوي على تركيبة من مكونات فعالة طبيعية.   عن هذا المنتج     مكونات ليمتلس كروماكس كت للتخسيس  يحتوي ليمتلس كروماكس كت للتخسيس على:  جلوكومانان (Glucomannan):  ألياف قابلة للذوبان في الماء، تحسن الشعور بالشبع وتعزز من القدرة على فقدان الوزن.   الإينولين (Inulin): ألياف قابلة للذوبان في الماء تعمل على تغذية الكائنات الدقيقة النافعة في الأمعاء وتخفف الإمساك كما انها تعمل على خفض مستويات السكر في الدم.  الكروميوم (chromium): فعال في إنقاص الوزن، وتحسين نسبة السكر في الدم.  فيتامين ج (Vitamin C): له نشاط مضاد للأكسدة يحسن من صحة العين والقلب والقدرة على إنقاص الوزن.  فيتامين ب3 (vitamin B3) يساهم في خفض الكوليسترول وتقليل تراكم الدهون في الوسط أو البطن.  خلاصة الشاي الأخضر (green tea extract):  يحسن من فقدان الوزن ويساعد على تنظيم نسبة السكر في الدم.  فوائد ليمتلس كروماكس كت للتخسيس تعزيز حرق الدهون. خفض مستوى سكر الدم. تعزيز إنتاج الطاقة. الحد من الشعور بالجوع. الحد من الإمساك. إنقاص الوزن الزائد. دواعي استعمال ليمتلس كروماكس كت يستعمل limitless chromax cut كمكمل غذائى للمساعدة فى فقدان الوزن مع اتباع نظام غذائي صحي وممارسة الرياضة جرعة limitless chromax cut الجرعة المعتادة هي كيس واحد قبل كل وجبة بنصف ساعة، طريقة استخدام ليمتلس كروماكس كت    تذاب محتويات الكيس في 200 مل من الماء. يشرب المحلول بالكامل ثم يتبع بشرب 250-500 مللي من الماء قبل الأكل.  يجب الالتزام بنظام غذائي وحركي مناسب للحصول على أفضل فائدة.  limitless chromax سعر العبوة  سعر ليمتلس كروماكس كت جوالى 339 جنيه لعبوة تحتوى على 30 كيس. ""سعر فوار ليمتلس كروماكس كت قد يتغير تبعاً لتغير سعره فى الصيدليات"".  بديل ليمتلس كروماكس كت للتخسيس  كروماكس Chromax.  كروميوم Chromium.  سلفستر وان Sylvstr one.  اورلي Orly.  ليمتلس كروماكس كت بيخسس كام كيلو ؟ ليمتليس كروماكس كت يساعد في فقدان الوزن بفضل مكوناته مثل الجلوكومانان والشاي الأخضر والكروميوم التي تقلل الشهية وتزيد الحرق، ومع اتباع نظام غذائي صحي وممارسة الرياضة يمكن أن يساعد على خسارة الوزن، ولكن نتائجه تختلف من شخص لآخر. اكياس ليمتلس كروماكس كت اضراره ما هى ؟ ليمتليس كروماكس كت يُعتبر آمنًا عند استخدامه بالجرعة الموصى بها. limitless chromax cut الأعراض الجانبية ما هى. ؟ قد تظهر بعض الأعراض الجانبية البسيطة لدى بعض الأشخاص، مثل الانتفاخ أو الإسهال أو الشعور بالامتلاء ما  أفضل حبوب للتخسيس وحرق الدهون في مصر؟  كروماكس Chromax.  كروميوم Chromium.  سلفستر وان Sylvstr one.  اورلي Orly.  ليمتلس كروماكس كت limitless chromax cut.",ماركة: ليمتلس ناتشورال
27976,دواء سلفستر وان للتخسيس sylvester 1 | ٢٠ كبسولة,sylvester 20cap kecv,150,EGP,No Brand,الفيتامينات والمكملات>التخسيس,in stock,https://chefaa.com:443/eg-ar/nowProduct/sylvester-1-20cap-kecv,https://cdn.chefaa.com/filters:format(webp)/public/uploads/products/sylvester-1-20cap-kecv-01724611562.png,https://cdn.chefaa.com/filters:format(webp)/public/uploads/products/sylvester-1-20cap-kecv-01724611562.png,"مميزات المنتج   دواء سلفستر وان للتخسيس ( sylvester 1 cap ) من أشهر الادوية التى تُستخدم لانقاص الوزن ويحتوى على مجموعة من المكونات التى تساعد على تعزيز الحرق وتقليل الشهية   عن هذا المنتج     مكونات سلفستر وان للتخسيس يحتوي كبسولات سلفستر للتخسيس على:  كروميوم بيكولينات (Chromium picolinate): يزيد من معدلات حرق الدهون المخزنة بالجسم كما أنه يحد من تحول الكربوهيدرات إلى الدهون، بالإضافة إلى أنه يحسن من حساسية الجسم تجاه الأنسولين.  خلاصة ثمار جارسينيا كامبوجيا (Garcinia Cambogia): تقلل الشهية تجاه الطعام وتزيد من الشعور بالشبع، كما أنها تقلل من تحول النشويات إلى دهون وتحسن من حرق النشويات والدهون.  خلاصة أوراق الجيمنيما سلفستر (Gymnema Sylvestre): تقلل من ارتفاع نسبة السكر بالدم، وتقلل من امتصاص السكريات وتخزين الدهون وتحسن من مقاومة الجسم للأنسولين.  دواعي استعمال سلفستر وان يستعمل دواء بسلفستر وان في كلٍ من الحالات التالية: الحد من السمنة وزيادة الوزن. المساهمة في علاج بعض حالات تكيس المبايض. التخلص من بعض الدهون المخزنة بالجسم. تقليل الشهية وزيادة القدرة على خسارة الوزن. الحد من امتصاص الجسم للنشويات.   دواء سلفستر وان الجرعة الجرعة المعتادة هي كبسولة واحدة حتى 3 مرات باليوم أو حسب ما يحدده الطبيب.  كيفية استخدام سلفستر 1  تؤخذ الكبسولات بالفم مع كمية كافية من الماء قبل الأكل بنصف ساعة ويمكن تناول كبسولتين قبل الوجبات الدسمة. بديل سلفستر للتخسيس sylvester 1 cap توب جينج Top Ging.  كروماكس chromax.  ابل لايت Apple lite.  اورلي orly.  سعر سلفستر وان للتخسيس  سلفستر وان سعره يبلغ حوالى 150 جنيه للعبوة التي تحتوي على 20 كبسول.  ""كبسولات sylvester 1 سعرها قد يتغير تبعاً لتغير سعره فى الصيدليات"". كم سعر شريط سلفستر وان ؟ يبلغ سعر سلفستر 1 حوالى 75 جنيه مصرى للشريط الواحد. سلفستر وان بيخسس كام كيلو في الأسبوع ؟ دواء سلفستر 1 يمكن أن يساعد في دعم فقدان الوزن، لكن نتائجه تختلف من شخص لآخر وتعتمد على العديد من العوامل ولا يمكن الاعتماد عليها بمفردها لتحقيق خسارة كبيرة في الوزن ، فيجب مع استعمالها اتباع نظام غذائى مناسب للحالة. هل سلفستر وان بيخسس ؟ sylvester دواء يمكن أن يساعد في دعم فقدان الوزن سلفستر بعد الأكل ام قبله ؟  يمكن تناوله قبل الاكل بحوالى 20-30 دقيقة ولكن اذا كان لا يسبب اضطراب فى المعدة. "" إذا كنت غير متأكد من كيفية تناول Sylvestre1 بشكل صحيح، من الأفضل استشارة الطبيب أو الصيدلى  "" برشام سلفستر وان أضراره ما هى ؟ في معظم الحالات، يُعتبر sylvester 1 للتخسيس آمنًا إذا تم استخدامه بشكل معتدل وفي سياق نظام غذائي صحي. لكن مثل أي مكمل غذائي آخر، يمكن أن تظهر بعض الآثار الجانبية أو التفاعلات مع الأدوية، لذلك من المهم توخي الحذر واتباع الإرشادات الطبية المناسبة. هل يمكن تناول سلفستر وان مع أورليستات ؟ من الممكن تناول اقراص سلفستر وان للتخسيس مع أورليستات، ولكن يجب القيام بذلك بحذر ويفضل تحت إشراف طبي. تأكد من متابعة تناول الدهون في طعامك بشكل مناسب والتأكد من أن هذه المكملات تتماشى مع أهدافك الصحية. ايهما افضل كروماكس أم سلفستر وان ؟ كروماكس هو مكمل جيد إذا كنت ترغب في التركيز على تقليل الشهية وزيادة حرق الدهون حيث يحتوى على جارسينيا كامبوجيا وكروميوم بيكولينات. برشام سلفستر وان للتخسيس قد يكون أكثر شمولية ويعطي فائدة إضافية لأولئك الذين يعانون من اضطرابات في مستويات السكر أو يرغبون في تحسين مقاومة الأنسولين بشكل إضافي بفضل وجود الجيمنيما سلفستر. هل يمكن تناول سلفستر وان مع ميرتي ؟ يمكن تناول علاج سلفستر وان مع ميرتي بشكل عام، لكن من المهم مراعاة التوقيت والجرعة. إذا كنت تشعر بأي أعراض غير مريحة أو كنت تتناول أدوية أخرى، استشر الطبيب لضمان التوافق مع حالتك الصحية. سلفستر وان وتكيس المبايض ؟ حبوب سلفستر وان للتخسيس قد تكون مفيدة للنساء المصابات بتكيس المبايض، خاصة لأولئك الذين يعانون من مقاومة الأنسولين أو زيادة الوزن. فمكوناته مثل الكروميوم و الجيمنيما سلفستر تعمل على تحسين مستويات السكر في الدم وتحفيز حرق الدهون. ولكن قبل استعماله يجب استشارة الطبيب.",raw_specs: المواصفات
5662,برشام ميلجا اقراص milga مقوى للاعصاب والانتصاب | 40 قرص,milga tablets,108,EGP,إيڤا فارما,الفيتامينات والمكملات>المكملات الغذائية,in stock,https://chefaa.com:443/eg-ar/nowProduct/milga-40-tablets,https://cdn.chefaa.com/filters:format(webp)/public/uploads/products/milga-40-tablets-01719587613.png,https://cdn.chefaa.com/filters:format(webp)/public/uploads/products/milga-40-tablets-01719587613.png,"مميزات المنتج   برشام ميلجا اقراص milga مقوى للاعصاب والانتصاب من أشهر المكملات الغذائية التى تساعد فى علاج نقص فيتامين ب1 و ب6 وب 12 وتحسين الذاكرة والوقاية من التهاب الاعصاب   عن هذا المنتج     ميلجا أقراص milga tablets هو مكمل غذائى يُستخدم في حالات ضعف وتلف الأعصاب ونقص فيتامين ب 12 وللوقاية من مضاعفات مرض السكري، ومشاكل في المعدة، ونقص الثيامين (فيتامين ب1)،و أمراض القلب، وارتفاع نسبة الكوليسترول في الدم وانسداد الشرايين. مكونات ميلجا اقراص milga بنفوتيامين: مشتق من فيتامين ب1 سيانوكوبالامين: فيتامين ب6 بيريدوكسين: فيتامين ب12  أنواع برشام ميلجا ميلجا ادفانس ميلجا اقراص ليمتلس ميلجا أقراص دواعي استعمال ميلجا ايفا فارما التهاب الأعصاب. التهاب الأعصاب الناتج عن البول السكري.  التهاب العصب البصري.  الآلام الناتجة عن التهاب الأعصاب مثل آلام الظهر والرقبة. نقص فيتامين ب1، ب6، ب12. الوقاية من مضاعفات مرض السكري منشط عام للجسم والذاكرة والتركيز. إلى أي فئة تنتمي أقراص ميلجا؟ تندرج حبوب ميلجا تحت فئة المكملات الغذائية وذلك لاحتوائها على مجموعة من الفيتامينات (ب1، ب6، ب12) جرعة ميلجا أقراص لمريض السكر يجب عليك مراجعة الطبيب أو الصيدلي قبل تناول milga دواء جرعة الدواء قد تختلف من حالة لأخرى جرعة ميلجا للبالغين هى :  قرص واحد إلى 3 أقراص يومياً مع كمية وفيرة من الماء سعر ميلجا 40 قرص سعر دواء ميلجا حوالي 108 جنيه مصرى. سعر شريط ميلجا حوالي 36 جنيه مصرى. "" قد يتغير سعر برشام ميلجا من وقت لآخر تبعاً لتغير سعره فى الصيدليات"" الآثار الجانبية لدواء ميلجا للاعصاب   الإسهال الطفح الجلدي  هناك آثار جانبية نادرة الحدوث، لذا يجب التوجه للطبيب أو أقرب مستشفى في حالة ظهورها: تشنجات العضلات ضعف عام ونعاس اضطراب نبضات القلب  خلل في عمل الأعصاب ينتج عنه تنميل الشعور بالدوار والهبوط  صعوبة في التنفس أو البلع  زغللة موانع استعمال ميلجا حبوب الحساسية لأي مكون من مكونات milga vitamin ممنوع استخدامه للأطفال في حالة استخدام وسائل منع الحمل في حالة تناول أي أدوية تتضمن المواد الفعالة التالية: ثيوفيللين، أيزونيازايد، مثبطات مونو أمينو أوكسيداز، دوبا و هيدرالازين. الاحتياطات قبل تناول milga دواء يجب استشارة الطبيب أو الصيدلى فى حالة كنت تتناول أدوية أخرى أو تعانى من أى أمراض  يجب استشارة الطبيب أو الصيدلي قبل إستخدام الدواء فى حالة الحمل أو الرضاعة يجب التوقف عن استخدام الدواء في حالة النزيف أو حدوث اضطراب تخثر الدم التوقف عن استخدام كميات كبيرة من الفيتامينات خلال تناول ميلجا التوقف عن تناول الكحول التوقف عن استخدام ميلجا برشام في حالة الشعور بوخز أو تنميل ما فائدة حبوب ميلجا ؟ يحتوي برشام ميلجا ايفا على العديد من الفيتامينات التي تساعد فى:  تعزيز التركيز  تقوية وعلاج الأعصاب وتخفيف آلامها مكمل غذائي لعلاج نقص الفيتامينات في الجسم علاج التهاب العصب البصري فوائد ميلجا مقوي للأعصاب يعتبر milga tab من أقوي مقويات الأعصاب وذلك لاعتباره منشط عام للجسم مما يساعد على تقوية الجهاز العصبي والحركي، ويساعد على تحسين الدورة الدموية وخاصة بالأطراف التي تعاني من التنميل أو الخدر. فوائد ميلجا للشعر تحتوى milga tab على فيتامينات ب والحصول على ما يكفي من فيتامينات ب يمكن أن يساعد في تقليل تساقط الشعر والحفاظ على بصيلات شعر كثيفة وصحية. فوائد ميلجا للبشره يقلل فيتامين ب من الالتهابات وعلامات الشيخوخة والعيوب ويدعم وظيفة حاجز الجلد ، ويساعد فيتامين ب12 على تحفيز تجديد الخلايا وتعزيز التئام الجروح. أقراص ميلجا والانتصاب لا توجد معلومات كافية حول تأثير الدواء على وظيفة الانتصاب لدى الرجال دواء ميلجا والجنس تأثير الدواء غير معروف على الوظيفة الجنسية اقراص ميلجا لسرعة القذف الأدلة حول تأثير الدواء على الوظيفة الجنسية وسرعة القذف غير مؤكدة فوائد ميلجا للرجال  لم تظهر أي دراسات توضح إمكانية تأثير دواء ميلجا على الوظيفة الجنسية أو تأخير القذف لدى الرجال فيتامين ميلجا والقلب يعتبر دواء ميلجا مفيد للقلب وذلك لقدرته على خفض معدل حمض الهوموسستئين في الدم، مما يحمي من خطر التعرض لأمراض القلب. ميلجا والضغط تحتوي أقراص ميلجا على فيتامين ب الذي يساعد على تقليل خطر الإصابة بارتفاع ضغط الدم علاج ميلجا والسكر يعتبر دواء ميلجا milga واحد من أهم المكملات الغذائية المفيدة لمريض السكر وذلك لكونه يحمى من التهابات الأعصاب التي تتأثر بعدم استقرار مستوى السكر، ولكن يجب الرجوع إلى الطبيب قبل الاستخدام  ميلجا والصداع يجب في حالة استمرار الصداع لفترة من الوقت القيام بزيارة الطبيب والابتعاد عن أي سبب قد يؤدي إلى الإصابة بالصداع، وإتباع نظام غذائي مع تناول مجموعة من المقويات والمكملات الغذائية كدواء ميلجا مع الحصول على قدر كافي من النوم وممارسة الرياضة  ميلجا والاكتئاب تلعب أقراص ميلجا دور هام في تحسين حالة الاكتئاب للأشخاص المصابين بنقص فيتامين ب وذلك من خلال إمداد الجسم بفيتامين ب الذي يسبب نقصانه الإصابة بالاكتئاب  ميلجا والتخسيس لا تساعد ميلجا أقراص على زيادة الوزن، ولكن تحتوي كبسولات ميلجا على فيتامين ب المركب الذي يحسن من عملية التمثيل الغذائي مما يجعل الجسم يستفيد من الطعام بأكبر قدر كما يساعد على فتح الشهية ميلجا لتقوية حاسة الشم لم تظهر أي دراسات توضح تأثير ميلجا أقراص على حاسة الشم ميلجا والرضاعه ينصح باستخدام حبوب ميلجا خلال فترة الرضاعة وذلك لحاجة الأم إلى فيتامين ب، ولكن يجب استشارة الطبيب في حالة استخدامها ميلجا للحامل لم تثبت أي دراسات علمية حدوث أي ضرر من استخدام برشام ميلجا ايفا خلال فترة الحمل حبوب ميلجا للأعصاب يتم وصف ميلجا برشام من قبل الأطباء لاحتوائه على فيتامين ب المركب الذي يساعد على تقوية المناعة وعلاج التهابات الأعصاب وخاصة لدى مرضى السكري وتعويض نقص فيتامين ب المركب حجم عبوة ميلجا دواء تحتوى العلبة على 4 شرائط - 40 قرص  بديل ميلجا للاعصاب بيدوكسين نيوروروبين تريفارول فاروليكس هل ميلجا يتعارض مع الكالسيوم؟ لا يتعارض الكالسيوم مع حبوب ميلجا التي تحتوي على فيتامين ب ، فقد اتضح أنه عند انخفاض مستوى الكالسيوم في الدم يصبح الجسم غير قادر على امتصاص فيتامين ب بشكل أفضل هل حبوب ميلجا تزيد الوزن؟ لا يساعد milga vitamin في زيادة الوزن، لكنه قد يساعد في تحسين التمثيل الغذائي هل ميلجا يقوي المناعة؟ ينصح بتناول milga tablets وخاصة لمرضى السكر وذلك لاحتوائها على فيتامين ب المركب الذي يلعب دور هام وفعال في تنشيط مناعة الجسم والجهاز العصبي، وحماية مرضى السكر من التهابات الأعصاب الطرفية وزيادة معدل الأجسام المضادة هل ميلجا يؤثر على الحمل؟ تحتاج المرأة الحامل خلال فترة الحمل العديد من الفيتامينات التي تساعد في نمو الجنين وجعله بصحة جيدة، لذا قد يصف لها الطبيب ميلجا أقراص وذلك لأن نقص فيتامين ب المركب لدى الحوامل قد يؤدي إلى حدوث تلف عصبي  أو ظهور عيوب خلقية لدى الجنين هل ميلجا يسبب الصداع؟ عادة لا يسبب ميلجا الصداع هل ميلجا مخدر؟ لا تعتبر ميلجا حبوب مخدر وذلك لكونها تندرج تحت فئة المكملات الغذائية لاحتوائها على فيتامين ب المركب هل ميلجا مفيد لعرق النسا؟ يستخدم ميلجا برشام تحت إشراف الطبيب فى حالات إلتهابات الأعصاب مثل التهاب عرق النسا. هل ميلجا يسبب الامساك؟ عاة لا تسبب كبسولات ميلجا الإمساك ولكن قد يؤدي نقص معدل فيتامين ب12 في الجسم إلى حدوث إمساك هل ميلجا إدمان؟ لا تؤدي استخدام ميلجا أقراص  إلى الإدمان  هل أقراص ميلجا ترفع الضغط؟ لا يؤدي استخدام دواء ميلجا إلى ارتفاع ضغط الدم، ولكن يجب استشارة الطبيب أو الصيدلي قبل تناوله ما هى أضرار عقار ميلجا ؟ قد يؤدي استخدام ميلجا حبوب إلى ظهور بعض الآثار الجانبية التي تتمثل في حدوث إسهال أو طفح جلدي لذا يجب الرجوع إلى الطبيب في حالة ظهور أي من تلك الأعراض ما الفرق بين ميلجا و نيوروتون ؟ milga 40 tab vitamin:  تحتوي على فيتامين ب1، فيتامين ب6، فيتامين ب12. نيوروتون: يحتوي على فيتامين ب1، فيتامين ب2، فيتامين ب6، فيتامين ب12، حمض الفوليك. ما الفرق بين ميلجا وثيوتاسيد مركب ؟ يحتوى فيتامين ميلجا على فيتامينات ب١ وب٦ وب١٢ بينما يحتوى ثيوتاسيد مركب على فيتامين ب1 وفيتامين ب12 وحمض ثيوكتيك. أيهما أفضل ميلجا أم نيوروتون؟  يمتلك كل من milga tab و نيوروتون نفس الاستخدام والتأثير على الجسم وكلاهما يستخدمان لعلاج وتقوية الأعصاب وعلاج نقص فيتامين ب ما الفرق بين ميلجا و نيوروفيت ؟ تمتلك كل من حبوب ميلجا و نيوروفيت نفس المواد الفعالة والتأثير على الجسم ما الفرق بين ميلجا و ميلجا ادفانس ؟ كلاهما يحتوى على نفس المكونات الفعالة ولكن ميلجا ادفانس يحتوى على تركيزات أعلى من هذه المكونات الفعالة. ميثايلتكنو أفضل أم ميلجا ؟ ميثايلتكنو قد يكون مناسب للأشخاص الذين لا يفضلون تناول الأقراص حيث انه يتوافر فى صورة شريحة يتم وضعها على اللسان. أيهما أفضل ميلجا أم نيوريماكس ؟ يحتوى فيتامين ميلجا على فيتامينات ب١ وب٦ وب١٢ بينما يحتوى نيوريماكس على فيتامينات ب١ وب٦ وب١٢ وب٢ وفيتامينات أ وهـ وج والزنك السيلينيوم وحمض الفوليك. علاج ميلجا قبل الاكل ولا بعد الاكل ؟ يُفضل تناول ميلجا و ميلجا ادفانس بعد الأكل ما افضل فيتامينات لتقوية الأعصاب والعضلات ؟ برشام ميلجا أقراص نيوروفيت  حقن نيوروتون  بيكوزيم حقن",ماركة: إيڤا فارما
159,زنكترون كبسول مكمل غذائي للرجال والنساء للبشرة والشعر | 30 كبسولة,zinctron capsules,126,EGP,نيرهادو الدولية,الفيتامينات والمكملات>المكملات الغذائية,in stock,https://chefaa.com:443/eg-ar/nowProduct/zinctron-capsules,https://cdn.chefaa.com/filters:format(webp)/public/uploads/products/1611395573زنكترون-افضل-انواع-حبوب-الزنك-للرجالjpg,https://cdn.chefaa.com/filters:format(webp)/public/uploads/products/1611395573زنكترون-افضل-انواع-حبوب-الزنك-للرجالjpg,"مميزات المنتج   فيتامين زنكترون كبسول zinctron capsules يقلل بشكل فعال من الالتهاب ، ويعزز صحة الجلد والشعر ، ويقلل من خطر الإصابة بالأمراض المرتبطة بالعمر ، ويسرع من التئام الجروح ويحسن أعراض حب الشباب   عن هذا المنتج     مكونات زنكترون كبسول zinctron capsoule تحتوى كبسولات زنكترون على:     الزنك بتركيز 11 ملجم   النحاس بتركيز  0.9 ملجم   أسكوربات الكالسيوم بتركيز  107 ملجم ( تعادل 75 ملجم من فيتامين سي )   فيتامين ب 6 بتركيز 1.625 ملجم   الحمضيات بيوفلافونويدس بتركيز  150 ملجم     جرعة زنكترون مكمل غذائي كبسول     يجب عليك مراجعة الطبيب أو الصيدلي قبل تناول الدواء   جرعة الدواء قد تختلف من حالة لأخرى الجرعة المعتادة  من دواء زنكترون هى : كبسولة مرة واحدة يومياً بعد الطعام بساعتين أو قبل الطعام بساعة ( حسب تعليمات الطبيب )   دواعي استخدام دواء زنكترون     الحفاظ على واستعادة صحة الشعر خاصة في الأشخاص الذين يعانون من تساقط الشعر   علاج حب الشباب.   علاج عين السمكة أو الثالول (  أورام جلدية تسببها فيروسات )   تحسين عملية شفاء الجروح.   علاج مساعد في حالات العقم عند الذكور   تقليل مخاطر المضاعفات المرتبطة بنقص الزنك لدى النساء الحوامل. سعر زنكترون كبسول برشام زنكترون سعره حوالي 90 جنيه جنيه مصرى وتحتوى العلبة من زنكترون فيتامين على 3 شريط - 30 كبسولة   ""  zinctron سعره قد يتغير من وقت لآخر تبعاً لسعره فى الصيدليات"" الاثار الجانبية لبرشام زنكترون للشعر   عادة ما يكون الدواء آمنًا عند تناوله عن طريق الفم حتى جرعات أقل من 40 مجم يوميًا    ولكن في بعض الأشخاص قد يسبب أعراض جانبية منها الغثيان ، القيء ، الإسهال ، طعم معدني بالفم    التحذيرات قبل تناول فيتامين زنكترون     يجب إستشارة الطبيب أو الصيدلى فى حالة كنت تتناول أدوية أخرى أو تعانى من أى أمراض    يجب إستشارة الطبيب أو الصيدلي قبل إستخدام الدواء فى حالة الحمل أو الرضاعة     تجنب تناول علاج زنكترون مع الأدوية التالية :     المضادات الحيوية الكوينولون (  خذ مكملات الزنك بعد ساعة واحدة من تناول المضاد الحيوي )   المضادات الحيوية التتراسيكلين  ( خذ الزنك قبل ساعتين أو بعد 4 ساعات من تناول التتراسيكلين )   دواء سيسبلاتين لعلاج السرطان ( قد يؤدي تناول الزنك مع الدواء إلى زيادة الآثار الجانبية للدواء )   دواء البنسيلامين يستخدم لمرض ويلسون والتهاب المفاصل الروماتويدي   دواء أميلوريد لعلاج ارتفاع ضغط الدم ( تناول الأميلوريد مع الزنك يمكن أن يؤدى إلى تراكم كمية الزنك في الجسم )     بديل زنكترون كبسولات فيتازنك كبسول سولفازنك كبسول اكتوزنك كبسول دواء زنكترون قبل أو بعد الأكل ؟ يُفضل تناول zinctron cap بعد الأكل. ما هى فوائد حبوب زنكترون للشعر ؟ زنكترون اقراص تعزز نمو بصيلات الشعر ويساهم في صحة الشعر بشكل عام ويساعد على تقوية الأساس الذي ينمو منه الشعر. ما هى فوائد زنكترون للنساء ؟ اقراص زنكترون تساعد على دعم نظام المناعة الصحي  وتعزيز صحة الجلد والصحة الإنجابية وتوازن الهرمونات. ما هي فوائد دواء زنكترون للرجال ؟ من فوائد زنكترون كبسول للرجال أنها يساعد في إنتاج الهرمونات الجنسية الرئيسية ، مثل هرمون التستوستيرون والبرولاكتين.  يساعد الزنك أيضًا فى تكوين سائل البروستاتا. وهناك بعض الأدلة على أن الزنك قد يؤثر على الكفاءة الجنسية للذكور. ما هى أضرار زنكترون كبسولات ؟ عادة لا يسبب زنكترون كبسول مكمل غذائي أضرار خطيرة طالما يتم تناوله بالجرعات الموصى بها. هل زنكترون يزيد الوزن ؟ لا تسبب كبسولات زنكترون زيادة الوزن ما الذي لا يجب تناوله مع زنكترون كبسولات ؟   لا تأخذ مكمل غذائي زنكترون مع الحليب أو منتجات الألبان الأخرى أو مكملات الكالسيوم أو مضادات الحموضة التي تحتوي على الكالسيوم. متى يجب تناول فيتامين زنكترون للشعر ؟   تكون مكملات الزنك أكثر فعالية إذا تم تناولها قبل ساعة واحدة على الأقل أو بعد ساعتين من تناول الطعام. ومع ذلك ، إذا تسببت مكملات الزنك في اضطراب المعدة ، فقد يتم تناولها مع الطعام.   هل يمكن تناول فيتامين C مع فيتامين زنكترون للجلد ؟   من الأفضل تجنب أخذ أكثر من فيتامين في نفس الوقت ما لم يخبرك طبيبك أنك بحاجة إلى ذلك   لأن تناول منتجات متشابهة معًا قد يؤدى إلى جرعة زائدة أو آثار جانبية خطيرة.   ما هي الفيتامينات التي لا ينبغي تناولها مع الزنك؟   لا يوصى بتناول الزنك مع مكملات النحاس والحديد والفوسفور في نفس الوقت. فمن الأفضل ترك ساعتين بين تناول جرعات هذه الفيتامينات ، للحصول على الفائدة الكاملة من كل مكمل غذائي   هل يستخدم زنكترون للتخسيس ؟   لا يساعد على فقدان الوزن ولكن له دور فى عملية أيض الطعام   ما هى فوائد زنكترون للمناعة ؟   الزنك له دور هام فى تعزيز مناعة الجسم ومكافحة الميكروبات   ما فائدة زنكترون للرياضيين و لكمال الأجسام ؟   يعتمد انقسام الخلايا الصحي والتمثيل الغذائي على وجود ما يكفي من الزنك حيث يساعد في إصلاح الأنسجة بعد التمرين. ويلعب أيضًا دورًا في إنتاج الهرمونات ، بما في ذلك هرمون التستوستيرون ، وهو ضروري لبناء كتلة العضلات الهزيلة.   ما هو الفرق بين فيتا زنك و زنكترون ؟   كلاهما مكمل غذائى يحتوى على الزنك ولكن زنكترون يحتوى على بعض العناصر الأخرى مثل النحاس بالاضافة إلى الزنك   ما الفرق بين اكتوزنك زنكترون ؟  كبسول زنكترون تحتوى الزنك بتركيز 11 ملجم والنحاس وفيتامين سي وفيتامين ب 6 وبيوفلافونويدس اكتوزنك كبسول تحتوى على الزنك بتركيز 25 ملجم  هل زنكترون يزيد شعر الجسم ؟ برشام zinctron تأثير على نمو شعر الجسم غير مؤكد. زنكترون والضغط   قد يسبب نقص الزنك فى الجسم عن مستواه الطبيعى إلى زيادة ضغط الدم  زنكترون والانتصاب لقد اوضحت الدراسات أن الزنك يحافظ على مستويات هرمون التستوستيرون الطبيعية ، والتي بدورها قد تكون مفيدة في تقليل الالتهاب والحفاظ على الأوعية الدموية في العضو الذكرى؛ ومن ثم، تعزيز وظيفة الانتصاب والنشاط الجنسي للذكور. ما هى أفضل حبوب زنك للشعر ؟ زنكترون مكمل غذائي كبسولات اوكتوزنك الترا زنك اقراص",ماركة: نيرهادو الدولية
26381,كروميترون | 30 كبسولة,chromitron caps dtnb,150,EGP,No Brand,الفيتامينات والمكملات>المكملات الغذائية,in stock,https://chefaa.com:443/eg-ar/nowProduct/chromitron-30-caps-dtnb,https://cdn.chefaa.com/filters:format(webp)/public/uploads/products/chromitron-30-caps-dtnb-01722460937.png,https://cdn.chefaa.com/filters:format(webp)/public/uploads/products/chromitron-30-caps-dtnb-01722460937.png,مميزات المنتج   كروميترون | 30 كبسولة,raw_specs: المواصفات
29007,سي ريتارد زنك c-retard + zinc للرجال والنساء | 20 كبسوله,retard zinc vitamin 500mg 20cap c8u0,80,EGP,الحكمة فارما,الفيتامينات والمكملات>المكملات الغذائية,in stock,https://chefaa.com:443/eg-ar/nowProduct/c-retard-zinc-vitamin-c-500mg-20cap-c8u0,https://cdn.chefaa.com/filters:format(webp)/public/uploads/products/c-retard-zinc-vitamin-c-500mg-20cap-c8u0-01721669785.png,https://cdn.chefaa.com/filters:format(webp)/public/uploads/products/c-retard-zinc-vitamin-c-500mg-20cap-c8u0-01721669785.png,مميزات المنتج   سي ريتارد + زنك فيتامين سي 500مجم | 20 كبسوله    عن هذا المنتج     سي ريتارد زنك c-retard + zinc للرجال والنساء,ماركة: الحكمة فارما
2255,هيربانا كبسول مدر للبن للرضاعه | 30 كبسولة,herbana capsules,120,EGP,فارما كيور,الفيتامينات والمكملات>المكملات الغذائية,in stock,https://chefaa.com:443/eg-ar/nowProduct/herbana-20-capsules,https://cdn.chefaa.com/filters:format(webp)/public/uploads/products/herbana-20-capsules-01742726725.png,https://cdn.chefaa.com/filters:format(webp)/public/uploads/products/herbana-20-capsules-01742726725.png,"مميزات المنتج   هيربانا عبارة عن مجموعة من الأعشاب التي تساعد في زيادة إنتاج حليب الأم ، لذا تُستخدم للأم فى فترة الرضاعة لزيادة إدرار اللبن.   عن هذا المنتج     مكونات هيربانا كبسول Herbana     الحلبة   الشمر    الكراوية   الشبت جرعة هيربانا للرضاعة     يجب عليك مراجعة الطبيب أو الصيدلي قبل تناول الدواء   جرعة الدواء قد تختلف من حالة لأخرى     وتكون الجرعة المعتادة من herbana حبوب هى  كبسولة واحدة ثلاث مرات يومياً  فوائد كبسولات هيربانا    هيربانا (herbana cap) عبارة عن مجموعة من الأعشاب التي تساعد في زيادة إنتاج حليب الأم ، لذا تُستخدم للأم فى فترة الرضاعة لزيادة إدرار اللبن.   الآثار الجانبية لحبوب Herbana   قد تسبب هيربانا حبوب بعض الآثار الجانبية ولكنها عادة لا تحدث للجميع مثل:     الإسهال    اضطراب المعدة   الانتفاخ والغازات   الحساسية     موانع استعمال كبسولات هيربانا لزيادة اللبن     الحساسية تجاه أى من المكونات الفعالة فى اقراص هيربانا   فى حالة الربو   الأشخاص المصابون بالإسهال أو الغازات وانتفاخ البطن   فى حالة انخفاض سكر الدم     التحذيرات والاحتياطات عند تناول حبوب هيربانا لادرار اللبن     يجب إستشارة الطبيب أو الصيدلى فى حالة كنت تتناول أدوية أخرى أو تعانى من أى أمراض    يجب إستشارة الطبيب أو الصيدلي قبل إستخدام الدواء     سعر هيربانا للرضاعة     تحتوى هيربانا اقراص على 3 شريط - 30 كبسول   يبلغ سعر هيربانا حبوب حوالي 90 جنيه مصرى  "" قد يتغير السعر من وقت لآخر ""   حبوب هيربانا لتكبير الثدي    الحبوب تساعد على زيادة إنتاج اللبن وهي غير مخصصة للاستخدام بغرض زيادة حجم الثدى    دواء هيربانا للرجال   توضح بعض الأبحاث العلمية أن المكملات التى تحتوى على الحلبة كانت علاجًا آمنًا وفعالًا لتقليل الأعراض المحتملة لنقص الأندروجين ، وتحسين الوظيفة الجنسية وزيادة هرمون التستوستيرون في الدم لدى الرجال الأصحاء   كبسولات هيربانا للتخسيس   الحلبة غنية بالألياف وتساعد على الشعور بالشبع والتحكم في الشهية بشكل أفضل ولكن حبوب هيربانا غير مخصصة لغرض انقاص الوزن بل تساعد مكوناتها في زيادة إدرار اللبن   هيربانا وزيادة الوزن   تساعد هيربانا كبسولات فى زيادة إنتاج الحليب مما يساعد فى نمو الطفل الرضيع وزيادة وزنه   هيربانا والإمساك   يحتوي برشام هيربانا تزويد اللبن على خلاصة الحلبة التى تساعد فى تحسين الهضم وعلاج الإمساك    أفضل حبوب مدرة للحليب     بريستو Brestto أفضل حبوب لإدرار الحليب   أكياس مون هيرب moon herb lact   أكياس أفيلاك avilac   أكياس لاكتو lacto   أكياس ليكوي liquie     كيفية زيادة إنتاج حليب الثدي     أرضعي طفلك كثيرًا ودعيه يقرر متى يتوقف عن الرضاعة.     أثناء رضاعة الطفل ، يتم إفراز الهرمونات التي تحفز الثدى على إنتاج الحليب وهو ما يحدث بعد وقت قصير من بدء الطفل الرضاعة الطبيعية. وكلما زاد عدد مرات الرضاعة ، زاد الحليب الذي يتم إنتاجه.   يمكن أن تساعد الرضاعة الطبيعية من 8 إلى 12 مرة يوميًا في الحفاظ على إنتاج الحليب. لكن هذا لا يعني أن عدد مرات الرضاعة الأكثر أو الأقل يشير إلى وجود مشكلة.     الرضاعة الطبيعية من كلا الجانبين     يُفضل أن يرضع الطفل من كلا الثديين في كل رضعة.     الأطعمة والأعشاب والمكملات      هناك أطعمة وأعشاب قد تزيد من إنتاج حليب الثدي مثل الثوم ، الزنجبيل ، الحلبة ، الشمر ، خميرة البيرة ، سبيرولينا   "" تحدثِ دائمًا مع طبيبك قبل تناول أى مكمل غذائى جديد ، خاصة عند الرضاعة الطبيعية ، فحتى العلاجات الطبيعية يمكن أن تسبب آثارًا جانبية ""   الأسباب المحتملة لانخفاض كمية الحليب     القلق والتوتر   ارتفاع ضغط الدم الناجم عن الحمل   الإصابة بداء السكري   الإصابة بمتلازمة تكيس المبايض   تناول الأدوية التي تحتوي على السودوإيفيدرين ، مثل أدوية الجيوب الأنفية والحساسية وأنواع معينة من وسائل منع الحمل الهرمونية قد تخفض إنتاج حليب الثدي.   يمكن أن يؤدي التدخين وشرب الكحول إلى خفض إنتاج الحليب.",ماركة: فارما كيور
49040,ليمتلس ماغنسيوم ١٥٠ مجم limitless magnesium | ٣٠ قرص,limitless magnesium 150mg tab tfdu,210,EGP,ليمتلس ناتشورال,الفيتامينات والمكملات>المكملات الغذائية,in stock,https://chefaa.com:443/eg-ar/nowProduct/limitless-magnesium-150mg-30-tab-tfdu,https://cdn.chefaa.com/filters:format(webp)/public/uploads/products/limitless-magnesium-150mg-30-tab-tfdu-01734613093.png,https://cdn.chefaa.com/filters:format(webp)/public/uploads/products/limitless-magnesium-150mg-30-tab-tfdu-01734613093.png,مميزات المنتج   ​ليميتلس ماغنسيوم 150 مجم (Limitless Magnesium 150 mg) هو مكمل غذائي يحتوي على 150 مجم من الماغنسيوم، ويُستخدم لدعم مجموعة من الوظائف الحيوية في الجسم مثل دعم النشاط العصبي والعضلي وتقليل الإرهاق والتوتر، وكذلك يساهم في استشفاء العضلات.   عن هذا المنتج     مكونات ليمتلس ماغنسيوم اقراص  يحتوي ماغنسيوم ليمتلس على:  ماغنسيوم بيسجليسينات 150 مجم (magnesium bisglycinate): أحد أشكال الماغنسيوم يتكون من دمج الماغنسيوم مع الحمض الأميني جليسين مما يسهل امتصاصه في الأمعاء لذلك فهو مناسب لمن يعانون من مشكلات في الهضم.  ليمتلس ماغنسيوم limitless magnesium فوائد  يساعد ماغنسيوم جليسينات ليمتلس على:  تحسين جودة النوم وتقليل التوتر.  تهدئة الجهاز العصبي.  دعم وظائف العضلات وتقليل التقلصات.  تقليل التشنجات، وتسريع التعافي بعد التمارين الرياضية.  تعزيز الطاقة وتقليل التعب والإرهاق.  دعم صحة القلب والأوعية الدموية.  تنظيم ضغط الدم والحفاظ على انتظام ضربات القلب.  تحسين المزاج وتقليل التوتر.  إدارة مستويات السكر في الدم لدى مرضى السكري وقد يُخفض خطر الإصابة بالسكري من النوع الثاني.  تعزيز صحة العظام.  تقليل أعراض متلازمة ما قبل الدورة الشهرية (PMS).  جرعة ليمتلس ماغنسيوم ١٥٠ مجم  الجرعة المعتادة ل limitless magnesium 150 mg 30 tab هي كبسولة واحدة في اليوم بعد الأكل، أو كما يصف الطبيب.  الأعراض الجانبية لدواء ليمتلس ماغنسيوم  قد تحدث بعض الأثار الجانبية عند تناول جرعات كبيرة أو متكررة من limitless magnesium glycinate، وتشمل ما يلي:  الغثيان.  تشنجات البطن.  الإسهال.  ومع ذلك، أشارت الدراسات أن مغنيسيوم جليسينات قد يكون أقل احتمالًا للتسبب في الإسهال مقارنة بأنواع مكملات المغنيسيوم الأخرى.  في حالة تناول جرعات كبيرة جدًا من ليمتلس ماغنسيوم بلس، قد تحدث آثار جانبية إضافية مثل:  عدم انتظام ضربات القلب.  ضعف العضلات.  صعوبة في التنفس.  انخفاض شديد في ضغط الدم.  توقف القلب (السكتة القلبية).  موانع استعمال limitless magnesium  استشر الطبيب قبل تناول ليمتلس ماغنسيوم جليسينات في الحالات التالية:  الحساسية تجاه أحد مكونات الدواء الفعالة أو المضافة.  إذا كنت تعاني من مرض الكلى.  أثناء الحمل أو الرضاعة.  قد يسبب تناول جرعات كبيرة من magnesium glycinate limitless أعراضًا مثل: الغثيان، والإسهال، وتقلصات البطن، وفي حالات نادرة جدًا يمكن أن يؤدي إلى مضاعفات خطيرة مثل اضطراب ضربات القلب أو ضعف العضلات.  قد يتداخل المغنيسيوم مع بعض الأدوية مثل التتراسيكلين والمضادات الحيوية، وأدوية الغدة الدرقية، وأدوية هشاشة العظام (البايفوسفونات)، لذلك يجب الفصل بين تناول اقراص ليمتلس ماغنسيوم وهذه الأدوية بساعتين إلى ثلاث ساعات على الأقل.   سعر ليمتلس ماغنسيوم 150  يبلغ limitless magnesium سعر (limitless magnesium 150 mg 30 f.c. tabs) حوالي 210 جنيه مصري.  (سعر الدواء قد يتغير تبعاً لتحديث سعره في الصيدليات).  بديل ماغنسيوم جليسينات في مصر  ماغنسيوم بلس أقراص magnesium plus.  ناو ماغنسيوم سترات أقراص now magnesium citrate.  سبازماج كبسول spasmag capsule.  سوبر ماج أقراص super mag tablets.  ماجفيتال أقراص magvital tablets.  هل ليمتلس ماغنسيوم للحامل ؟  نعم، يمكن للحوامل تناول limitless magnesium 150mg، ولكن يجب استشارة الطبيب قبل البدء في استخدامه ومن ضمن فوائده خلال الحمل:  يساعد على تقليل التقلصات العضلية وآلام الساق.  يساهم في تقليل خطر الإصابة بتسمم الحمل (ارتفاع ضغط الدم أثناء الحمل).  يدعم صحة العظام ووظائف الجهاز العصبي.  يساعد على تحسين جودة النوم وتقليل التوتر.​  ما هي دواعي استعمال المغنسيوم؟  يعد المغنيسيوم من المعادن الأساسية بالجسم وله دور حيوي في العديد من الوظائف الحيوية، وفيما يلي أهم استخداماته:  يساعد المغنيسيوم على امتصاص الكالسيوم، مما يعزز من كثافة العظام ويقلل من خطر الإصابة بهشاشتها.​  يساهم في تنظيم ضربات القلب وخفض ضغط الدم، مما يقلل من خطر الإصابة بأمراض القلب والأوعية الدموية.  تنظيم مستويات السكر في الدم وتحسين حساسية الأنسولين.  تحسين المزاج وتقليل أعراض القلق والاكتئاب.  يساعد على استرخاء العضلات والجهاز العصبي، مما يساهم في تحسين نوعية النوم. ​  تخفيف أعراض الدورة الشهرية.  قد يساهم في تقليل تكرار وشدة نوبات الصداع النصفي.  تحسين الأداء الرياضي؛ إذ يساعد على إنتاج الطاقة وتقليل التعب العضلي.,ماركة: ليمتلس ناتشورال
5420,حبوب اورلي للتخسيس وانقاص الوزن orly cap | ٣٠ كبسولة,orly for slimming tab,240,EGP,إيڤا فارما,الفيتامينات والمكملات>التخسيس,in stock,https://chefaa.com:443/eg-ar/nowProduct/orly-for-slimming-30-tab,https://cdn.chefaa.com/filters:format(webp)/public/uploads/products/orly-for-slimming-30-tab-01671525738.png,https://cdn.chefaa.com/filters:format(webp)/public/uploads/products/orly-for-slimming-30-tab-01671525738.png,"مميزات المنتج   حبوب اورلي للتخسيس (Orly capsules) من أشهر المكملات الغذائية التى تساعد على التخسيس وفقدان الوزن تعمل على منع امتصاص الدهون الموجودة في الطعام   عن هذا المنتج     مكونات حبوب اورلي للتخسيس (Orly capsules) تحتوى حبوب اورلي على أورليستات (Orlistat) وهى مادة تعمل على منع امتصاص الدهون الموجودة في الطعام، مما يزيد من خروجها مع البراز ويمنع اختزانها داخل الجسم. فوائد برشام اورلى  orly capsules تساعد أقراص اورلي على:  إنقاص الوزن والتخلص من الوزن الزائد. الحد من احتمالات اكتساب المزيد من الوزن مرة أخرى. دواعي استعمال اورلى اقراص يستخدم برشام تخسيس اورلي كمكمل غذائى للمساعدة فى إنقاص الوزن فى حالات:  السمنة المفرطة. المرضى المصابين بمرض السكري. المرضى الذين يعانون من ارتفاع نسبة الكوليسترول الضار في الدم. لمرضى المصابين بارتفاع ضغط الدم. المرضى المصابين بأمراض القلب والأوعية الدموية. جرعة اورلي للتخسيس كبسولة واحدة فقط قبل الوجبات التي تحتوي على  دهون. يجب استعمال هذا الدواء مع الوجبات التي تحتوي على  دهون ، حيث لا يفيد استعمالها في حال خلو الأطعمة من الدهون.     يتم تناول دواء التخسيس اورلى كبسولات أثناء متابعة نظام غذائي صحي وسليم وأن تكون الوجبة التي يتناولها الفرد تحتوي على نسبة 30% منها دهون. بديل اورلى كبسول  (orly دواء)  زينيكال Xenical. اورليستات Orlistat. ريجيماكس Regimax. سعر اورلي للتخسيس في مصر سعر برشام اورلي orly هو 240 جنيه مصري وتحتوى العبوة على 30 كبسولة. يبلغ سعر شريط اورلي حوالى 80 جنيه مصري ""سعر كبسولات اورلي قد يتغير تبعاً لتغير سعره فى الصيدليات"". هل اورلي يحرق الدهون المخزنة ؟ دواء أورلي (orly 120mg capsoule) يحتوي على المادة الفعالة أورليستات، وهو يعمل عن طريق تقليل امتصاص الدهون الموجودة فى الطعام في الأمعاء وليس لها دور فعال فى حرق الدهون المخزنة في الجسم. برشام اورلي للتخسيس قبل الأكل ولا بعده ؟ يُفضل تناول دواء اورلي أثناء الوجبة أو خلال ساعة من تناولها، لأنه يعمل على تقليل امتصاص الدهون الموجودة في الطعام. ما فائدة orly للتخسيس؟  تساعد أقراص orly 120 mg على علاج السمنة والتخلص من الوزن الزائد بالتزامن مع إتباع نظام غذائي منخفض السعرات. هل يمكن تناول سلفستر وان مع اورلي برشام ؟  نعم، يمكن تناولهما معًا حيث يحتويان على مواد فعالة مختلفة يمكن أن تتكامل معًا لتوفير أفضل فاعلية في خسارة الوزن الزائد.  هل يمكن تناول كروميترون مع اورلي ١٢٠  ؟ لا مانع من تناولهما معًا حيث أنهما يعملان بآليات مختلفة بحيث تساعد على خسارة الوزن ومواجهة حالات السمنة.    هل يمكن تناول توب جينج مع اورلى؟  نعم، يمكن استعمالهما بالتزامن معًا لأغراض التخسيس وخسارة الوزن الزائد. لماذا يستعمل دواء اورلي  لعلاج السمنة والحفاظ على الرشاقة؟ يعمل علاج اورلي من خلال الجهاز الهضمي بحيث يمنع هضم وامتصاص الدهون الواردة إلى الجسم مع الطعام، وبالتالي يتخلص الجسم من هذه الدهون مع البراز، ومع اتباع نظام غذائي متوازن يمكن للجسم خسارة الوزن بسهولة. كبسولات اورلي بيخسس كام كيلو في الشهر ؟ إن مدى استجابة الجسم للدواء تختلف على حسب طبيعة الجسم وعلى حسب الحالة الصحية للشخص والنظام الغذائي الذي يتبعه حيث أن هناك أكثر من تجربة أوضحت بأن الأشخاص الذين فقدوا حوالي 10% من وزنهم بعد تناول هذا الدواء كان في خلال ستة أشهر وأوضحت تجارب أخرى بأن هناك أشخاص فقدوا أوزانهم بنسبة 3% فقط من وزنهم في هذه الفترة.",ماركة: إيڤا فارما
27761,بديالايت | محلول بنكهة التفاح للوقاية من الجفاف | 200مل,pedialyte solution with apple flavor kkfq,70.1,EGP,أبوت,الفيتامينات والمكملات>,in stock,https://chefaa.com:443/eg-ar/nowProduct/pedialyte-solution-with-apple-flavor-200-ml-kkfq,https://cdn.chefaa.com/filters:format(webp)/public/uploads/products/pedialyte-solution-with-apple-flavor-200-ml-kkfq-01675946748.png,https://cdn.chefaa.com/filters:format(webp)/public/uploads/products/pedialyte-solution-with-apple-flavor-200-ml-kkfq-01675946748.png,مميزات المنتج   محلول تعويضي للوقاية من الجفاف   عن هذا المنتج     بديالايت هو محلول عن طريق الفم للحفاظ علي نسبة السوائل في الجسم.  بديالايت يحافظ عالي التوازن  الأمثل للسكر والصوديوم لتعزيز امتصاص السوائل. بديالايت معزز  بالزنك الذي يساعد في دعم المناعة.  بديالايت متاح بنكهة التفاح  لطعم افضل. *المراجع متوفرة عند الطلب,ماركة: أبوت
2176,فيروترون كبسول للحامل وللرجال وللشعر ferrotron cap | ٣٠ كبسولة,ferrotron capsules,159,EGP,نيرهادو الدولية,الفيتامينات والمكملات>المكملات الغذائية,in stock,https://chefaa.com:443/eg-ar/nowProduct/ferrotron-30-capsules,https://cdn.chefaa.com/filters:format(webp)/public/uploads/products/ferrotron-30-capsules-01721641816.png,https://cdn.chefaa.com/filters:format(webp)/public/uploads/products/ferrotron-30-capsules-01721641816.png,"مميزات المنتج   فيروترون كبسول (ferrotron cap) من أكثر الأدوية شيوعاً في علاج فقر الدم ونقص مستوى الحديد بالجسم لاحتوائه على معادن وفيتامينات مركبة تفيد الجسم وتحميه من الأنيميا خاصة في فترة الحمل والرضاعة.   عن هذا المنتج     مكونات فيروترون كبسولات (ferrotron cap)     حديد زنك نحاس فيتامين ب (1-2-6-12) فيتامين ج موليبدنوم بيوتين حمض فوليك     فيروترون كبسول دواعي الاستعمال     الأنيميا وفقر الدم سوء التغذية   فقدان كميات كبيرة من الدم نتيجة للحيض أو النزيف أو إجراء عمليات جراحية في الحمل والرضاعة تساقط الشعر الحفاظ على صحة الجلد والأظافر النحافة وزيادة الوزن جرعه فيروترون للكبار تؤخذ كبسولة ferrotron واحدة يومياً بعد تناول الطعام بساعة أو ساعتين مع كوب من الماء،   كبسول فيروترون سعره ferrotron سعره  هو 138 جنيه مصرى لعبوة تحتوى على 30 كبسولة.   سعر شريط فيروترون هو 46 جنيه مصرى.  "" قد يتغير سعر فيروترون كبسول من وقت لآخر تبعاً لتغير سعره فى الصيدليات"" الآثار الجانبية لكبسولات فيروترون     غثيان وقيء تغير لون البول أو البراز فقدان الشهية إسهال أو إمساك     موانع استخدام حبوب فيروترون     الحساسية لأي مادة من مواد حبوب فيروترون الفعالة مرضى القصور الكلوي  المرضى المصابين بزيادة معدل الكالسيوم في الدم في حالة تصبغ الدم     الاحتياطات عند استعمال ferrotron capsoule     يجب استشارة الطبيب أو الصيدلى فى حالة كنت تتناول أدوية أخرى أو تعانى من أى أمراض  يجب استشارة الطبيب أو الصيدلي قبل استخدام الدواء فى حالة الحمل أو الرضاعة     فوائد فيروترون ferrotron caps     علاج الأنيميا ونقص الدم وذلك لقدرتها على مد الجسم بالحديد والفيتامينات والمعادن وحمض الفوليك التي تفيد الجسم وتجعله قادر على استرداد نشاطه علاج تساقط الشعر وضعف الأظافر يمد النساء في فترة الحمل والرضاعة بالفيتامينات اللازمة لتعويض ما تم فقدانه خلال تلك الفترة يحسن معدل الهيموجلوبين في الدم مكمل غذائي خلال فترة البلوغ علاج سوء التغذية فوائد فيروترون للرجال يساعد فيروترون كبسول على مد الجسم بالطاقة وتحسين مستوى الخصوبة لدى الرجال وزيادة كمية وكثافة الحيوانات المنوية فوائد فيروترون للحامل تعاني النساء خلال فترة الحمل من نقص الحديد مما يؤدي إلى عمل القلب بجهد أكبر لإنتاج كميات دم أكبر لكلاهما، لذا ينصح بتناول ferrotron in pregnancy لاحتوائه على الحديد والعديد من الفيتامينات والمعادن المفيدة لصحة الأم والجنين، ولكن يجب الرجوع إلى الطبيب أولاً.     فوائد كبسول فيروترون للشعر يؤدي نقص الحديد إلى قلة نسبة الهيموجلوبين مما يقلل خلايا الدم التي تنقل العناصر الغذائية إلى بصيلات الشعر ويساعد فيروترون فى علاج نقص الحديد المسبب للأنيميا التى تؤدى إلى تساقط الشعر فوائد برشام فيروترون للبشره يحتوي فيروترون كبسول على العديد من الفيتامينات والمعادن المفيدة التي تحسن من صحة البشرة وتعالج فقر الحديد والأنيميا مما يعزز من صحة الجلد ويعطي البشرة المزيد من النضارة والحيوية فوائد فيروترون للأنيميا يسهم فيتامين فيروترون في علاج الأنيميا بشكل فعال وذلك لقدرته على مد الجسم بمستويات عالية من الحديد والمعادن التي تعالج الأنيميا وفقر الدم ونقص الحديد. فيتامين فيروترون للنحافة   لا توجد دراسات تؤكد مدى إمكانية علاج فيروترون للنحافة ولكن يمكن تناول برشام ferrotron في حالة الأنيميا ونقص الحديد وفقر الدم اقراص فيروترون للتخسيس أوضحت بعض الأبحاث أن أدوية علاج نقص الحديد مثل دواء فيروترون تساعد في تحسين معدل التمثيل الغذائي ولكن لم يتم التأكيد على مدى فعالية فيروترون حبوب في علاج النحافة بشكل فعال  دواء فيروترون والرضاعة   يفضل استخدام كبسولات فيروترون خلال فترة الرضاعة لتوفير الحديد الذي يحتاجه كل من الأم والجنين كبسول فيروترون للأطفال   لا ينصح باستخدام فيروترون أقراص للأطفال لصعوبة بلعها ولكن يمكن استخدام ferrotron أكياس لعلاج الأنيميا ونقص الحديد لديهم بديل فيروترون برشام ferrotron فيروفول فيراميكس  هيماكتين  فوميرون بلس هل كبسولات فيروترون تزيد الوزن ؟ علي الرغم من وجود بعض الأشخاص الذين عانوا من زيادة الوزن خلال تناول فيروترون إلا أنه لا توجد دراسات توضح أن زيادة الوزن خلال تناول برشام ferrotron عرض جانبي لتناوله أيهما أفضل هيما كابس أم فيروترون اقراص ؟     فيروترون: يحتوي على مجموعة من المعادن والفيتامينات بجانب حمض الفوليك، كما يساهم فيتامين ج في زيادة معدل امتصاص الحديد وتقليل كمية الحديد المستخدمة هيما كابس: يحتوي على الحديد والعديد من الفيتامينات والمعادن وفيتامين ج      أيهما أفضل فيروترون اقراص أم فيروجلوبين؟ فيروجلوبين: يحتوي على الحديد والزنك والنحاس وحمض الفوليك وفيتامين ب12 وب6 فيروترون : يحتوي على الحديد والزنك والنحاس وحمض الفوليك وفيتامين ب12 وب6 بالإضافة إلى فيتامين ج و موليبدنوم والبيوتين ويعد كلاهما جيد وفعال فى علاج الأنيميا وفقر الدم    هل برشام حديد فيروترون يزيد حب الشباب؟   لم تظهر أي دراسات توضح زيادة حب الشباب عند تناول ferrotron capsules، ولكن يحتوي دواء فيروترون على العديد من الفيتامينات التي تعيد نضارة البشرة وتجعلها أكثر صحة وحيوية  ما هي نسبة الحديد فى كبسول فيروترون  ؟   تحتوي كبسولة فيروترون مكمل غذائي على 15 مجم من الحديد   ما هى أضرار فيروترون مكمل غذائي  ؟ قد تسبب فى بعض الحالات اضطرابات في المعدة ما أفضل أنواع حبوب الحديد للحامل ؟     فيروجلوبين فيروترون  فيتافيرول فوليبونين فيروفول",ماركة: نيرهادو الدولية
52427,ليمتلس جلو هير للشعر المتساقط limitless glow hair | ٣٠ قرص,limitless glow hair cap stripsuyG7,215,EGP,ليمتلس ناتشورال,الفيتامينات والمكملات>,in stock,https://chefaa.com:443/eg-ar/nowProduct/limitless-glow-hair-30-cap-3-stripsuyG7,https://cdn.chefaa.com/filters:format(webp)/public/uploads/products/limitless-glow-hair-30-cap-3-stripsuyg7-01733351687.png,https://cdn.chefaa.com/filters:format(webp)/public/uploads/products/limitless-glow-hair-30-cap-3-stripsuyg7-01733351687.png,مميزات المنتج   ليمتلس جلو هير (Limitless Glow Hair) هو مكمل غذائي مخصص لدعم صحة الشعر، والبشرة، والأظافر، وله تركيبة متطورة مدعمة ب27 عنصر من الفيتامينات والمعادن والأحماض الأمينية، وهو مصمم بتركيزات عالية لدعم وتقوية بصيلات الشعر وتحفيز نموه.   عن هذا المنتج     مكونات ليمتلس جلو هير  يحتوي limitless hair glow على: Beta-Carotene (بيتا كاروتين): مضاد أكسدة يتحول إلى فيتامين A، يساعد على حماية خلايا الشعر من التلف التأكسدي.  Vitamin C (فيتامين ج): يعزز إنتاج الكولاجين اللازم لنمو الشعر، ويقوي الشعيرات الدموية المغذية لفروة الرأس.  Vitamin D3 (فيتامين د3): يحفّز تكوين بصيلات شعر جديدة.  Vitamin E (فيتامين هـ): يحسن الدورة الدموية في فروة الرأس كما يرطب الشعر ويزيد تغذيته.  Thiamine - Vitamin B1 (الثيامين): ضروري لعملية التمثيل الغذائي التي توفر الطاقة لنمو الشعر.  Riboflavin - Vitamin B2 (ريبوفلافين):  يساعد على نمو الشعر وتجديد خلاياه.  Niacin - Vitamin B3 (نياسين): يعزز الدورة الدموية في فروة الرأس ويحسّن تغذية بصيلات الشعر.  Vitamin B6 (فيتامين ب6): يعزز تكوين خلايا الدم الحمراء ويدعم نمو الشعر الصحي.  Folic Acid (حمض الفوليك): يدعم انقسام الخلايا وتكوين الحمض النووي، ما يفيد في نمو الشعر الجديد.  Vitamin B12 (فيتامين ب12): يُغذي فروة الرأس، مما يساهم في تقوية الشعر.  Biotin (بيوتين): من أهم الفيتامينات لصحة الشعر، إذ يمنع التساقط ويقوي البصيلات.  Pantothenic Acid (حمض البانتوثينيك): يُعزز نمو الشعر ويمنع تقصفه، ويحافظ على مرونته ولمعانه.  Iron (حديد): ضروري لنقل الأكسجين إلى بصيلات الشعر، مما يقوي الشعر ويقلل التساقط.  Magnesium (ماغنسيوم): يقلل من الالتهابات ويحسن تدفق الدم لفروة الرأس.  Zinc (زنك): يمنع تساقط الشعر ويقوي بصيلاته، ويساهم في تنظيم إنتاج الزيوت بفروة الرأس.  Selenium (سيلينيوم): يحارب الجذور الحرة، ويعزز مناعة فروة الرأس ويحمي بصيلاتها.  Copper (نحاس): يدخل في تصنيع الميلانين، الذي يحدد لون الشعر ويحافظ عليه.  Hydrolyzed Collagen (كولاجين هيدروليزات): يُغذي بنية الشعر ويزيد من مرونته وقوته ولمعانه.  MSM - Methylsulfonylmethane (إم إس إم): مصدر للكبريت الضروري لإنتاج الكيراتين، مما يقوي الشعر.  L-Cysteine (إل-سيستين): حمض أميني يُعزز تركيب الكيراتين، ويمنع تساقط الشعر.  Coenzyme Q10 (كوانزيم كيو 10): يعزز طاقة الخلايا ويقوي بصيلات الشعر كما يقلل ظهور التجاعيد.  Inositol (إينوسيتول): يزيد كثافة الشعر ويقلل من تساقطه.  فوائد ليمتلس جلو هير  يتميز فيتامين ليمتلس جلو هير بأنه:  يعزز نمو الشعر الطبيعي ويزيد من كثافته وطوله.  يقلل من تساقط الشعر الناتج عن نقص الفيتامينات أو ضعف البصيلات.  يقوي الشعر من الجذور حتى الأطراف ويمنع التقصف.  يزيد لمعان وحيوية الشعر.  يساعد على تقوية بنية الشعر وتحفيز إنتاج الكيراتين.  يساعد على تقوية الأظافر الضعيفة والهشة ويمنع تكسرها.  جرعة ليمتلس هير جلو  الجرعة المعتادة من ليمتلس جلو هير أقراص هي 2 قرص يومياً بعد الأكل أو حسب إرشادات الطبيب.  (سعر الدواء قد يتغير تبعاً لتحديث سعره في الصيدليات).  الأعراض الجانبية لفيتامين ليمتلس جلو هير  يعد ليمتلس جلو هير آمنًا بشكل عام عند استخدامه بالجرعة الموصى بها، لكن قد تظهر بعض الآثار الجانبية البسيطة لدى بعض الأشخاص وتشمل ما يلي:   اضطرابات في الجهاز الهضمي.  غثيان خفيف أو شعور بعدم الارتياح في المعدة.  انتفاخ أو غازات.  قد يحدث ردود فعل تحسسية (نادرة) ومن أعراضها: طفح جلدي، وحكة، واحمرار، وتورم في الوجه أو الشفاه أو الحلق، وصعوبة في التنفس.  قد يسبب التناول المفرط للفيتامينات على مدى طويل إلى تراكم هذه الفيتامينات في الجسم وحدوث سمية، خاصةً في حال تناول مكملات إضافية أخرى.  قد يسبب تناول البيوتين والزنك بشكل مفرط ظهور حبوب تحت الجلد.  موانع استعمال limitless hair glow   يمنع تناول limitless glow hair 30 tab في حالة فرط الحساسية تجاه أحد مكونات الدواء.  كذلك يجب استشارة الطبيب قبل الاستخدام في حالة الإصابة بأحد أمراض الكلى أو الكبد.  limitless glow hair سعر  يبلغ سعر ليمتلس جلو هير (limitless glow hair 30 f.c. tabs) حوالي 190 جنيه مصري.  (سعر الدواء قد يتغير تبعاً لتحديث سعره في الصيدليات).  بديل limitless glow hair  بدائل بتركيبة مختلفة:   كيروفيت كبسول kerovit capsule.  أبيفورتيل كبسول apifortyl capsule.  فيتاماكس بلس كبسول vitamax plus capsule.  ويلمان أوريجينال أقراص wellman original tablets.  ما اضرار ليمتلس جلو هير؟  يعد ليمتلس جلو هير من المكملات الغذائية الآمنة بشكل عام عند استخدامه وفق الجرعة الموصى بها، ولكن قد تحدث بعض الاثار الجانبية النادرة لدى بعض الأشخاص ومن ضمنها:  اضطرابات الجهاز الهضمي.  الشعور بالغثيان.  انتفاخ أو عدم ارتياح بالمعدة.  رد فعل تحسسي (نادر الحدوث) ومن أعراضه: الطفح الجلدي، والحكة، واحمرار، وتورم في الوجه أو الشفتين، وصعوبة في التنفس.  هل ليمتلس جلو هير يزيد الوزن ؟  لا يسبب ليمتلس جلو هير زيادة في الوزن فهو مكمل غذائي غني بالفيتامينات والمعادن والأحماض الأمينية والكولاجين، وهو آمن لمعظم الأشخاص الذين يهتمون بالشعر والبشرة دون القلق من حدوث تغيرات في الوزن.,ماركة: ليمتلس ناتشورال
24528,كو انزايم كيو 10 | 20 قرص,%D9%83%D9%88 %D8%A7%D9%86%D8%B2%D8%A7%D9%8A%D9%85 %D9%83%D9%8A%D9%88 %D9%81%D9%88%D8%B1%D8%AA %D9%82%D8%B1%D8%B5 rmie,40,EGP,ميباكو,الفيتامينات والمكملات>,in stock,https://chefaa.com:443/eg-ar/nowProduct/%D9%83%D9%88-%D8%A7%D9%86%D8%B2%D8%A7%D9%8A%D9%85-%D9%83%D9%8A%D9%88-10-%D9%81%D9%88%D8%B1%D8%AA-20-%D9%82%D8%B1%D8%B5-rmie,https://cdn.chefaa.com/filters:format(webp)/public/uploads/products/كو-انزايم-كيو-10-فورت-20-قرص-rmie-01670680108.png,https://cdn.chefaa.com/filters:format(webp)/public/uploads/products/كو-انزايم-كيو-10-فورت-20-قرص-rmie-01670680108.png,مميزات المنتج   كو انزايم كيو 10 | 20 قرص,ماركة: ميباكو
28020,سي زنك مكمل غذائي لدعم صحة الجهاز المناعي | 30 كبسولة,zinc multivitamin 30cap 1rpt,90,EGP,No Brand,الفيتامينات والمكملات>الفيتامينات  والمعادن,in stock,https://chefaa.com:443/eg-ar/nowProduct/c-zinc-multivitamin-30cap-1rpt,https://cdn.chefaa.com/filters:format(webp)/public/uploads/products/c-zinc-multivitamin-30cap-wpow-01673804117.png,https://cdn.chefaa.com/filters:format(webp)/public/uploads/products/c-zinc-multivitamin-30cap-wpow-01673804117.png,مميزات المنتج   سي زنك مكمل غذائي لدعم صحة الجهاز المناعي | 30 كبسولة,raw_specs: المواصفات
154,كبسولات بانتوجار للشعر والاظافر pantogar cap | 60 كبسولة,pantogar capsules,243,EGP,Merz Pharma,الفيتامينات والمكملات>المكملات الغذائية,in stock,https://chefaa.com:443/eg-ar/nowProduct/pantogar-90-capsules,https://cdn.chefaa.com/filters:format(webp)/public/uploads/products/pantogar-90-capsules-01748018123.png,https://cdn.chefaa.com/filters:format(webp)/public/uploads/products/pantogar-90-capsules-01748018123.png,"مميزات المنتج   كبسولات بانتوجار للشعر والاظافر (pantogar capsoule) مكمل غذائي غنى بالفيتامينات والمعادن التى تساعد فى علاج التساقط وتحفيز نمو الشعر   عن هذا المنتج       مكونات بانتوجار  للشعر والاظافر (pantogar capsoule) فيتامين ب 5 بتركيز 60 مجم فيتامين ب 1 بتركيز 60 مجم   الخميرة بتركيز 100 مجم   ل-سيستين بتركيز 20 مجم : حمض أميني يدخل فى تكوين البروتين المكون الرئيسي للشعر   الكيراتين بتركيز 20 مجم : بروتين يدخل فى تكوين الشعر ويساعد على تغذية الشعر      دواعى استعمال pantogar capsules     تساقط الشعر   التغيرات في بنية الشعر (شعر تالف ، ضعيف ، غير مرن ، هش ، باهت وعديم اللون)   الشعر المتضرر من أشعة الشمس       جرعة بانتوجار كبسول للبالغين كبسولة واحدة 3 مرات يوميًا   متوسط ​​مدة العلاج 3 إلى 6 شهور        الأعراض الجانبية لكبسولات بانتوجار     يعتبر بانتوجار منتجًا آمن بشكل عام       سعر بانتوجار في مصر كبسولات بانتوجار سعرها يبلغ حوالي 189  جنيه مصرى ، وتحتوى العبوة على 9 شرائط - 90 كبسولة ""برشام pantogar سعره قد يتغير السعر من وقت لآخر "" موانع استعمال برشام بانتوجار الحساسية المفرطة لأي من مكونات كبسولات بانتوجار تعليمات عند تناول دواء بانتوجار للشعر للرجال يجب إستشارة الطبيب أو الصيدلى فى حالة كنت تتناول أدوية أخرى أو تعانى من أى أمراض يجب إستشارة الطبيب أو الصيدلي قبل إستخدام الدواء فى حالة الحمل أو الرضاع متى يظهر مفعول بانتوجار ؟ يبدأ مفعول بانتوجار (Pantogar) في الظهور عادة بعد 8 إلى 12 أسبوعًا من الاستخدام المنتظم، حيث يحتاج الشعر إلى وقت كافٍ ليمر بدورة النمو الطبيعية. ومع ذلك، قد يختلف الوقت من شخص لآخر بناءً على عدة عوامل، مثل طبيعة المشكلة، سرعة استجابة الجسم للمكملات الغذائية، والنظام الغذائي العام.      ما أضرار بانتوجار للرجال والنساء ؟ pantogar حبوب آمنة بشكل عام وعادة لا تسبب أضرار       ما فوائد بانتوجار للشعر ؟ pantogar اقراص تغذى الشعر وتجعله أقوى وأكثر صحة وتخفف من تساقط الشعر هل بانتوجار ينبت الشعر ؟ بانتوجار لا يُعتبر علاجًا لإنبات الشعر في حالات الصلع الوراثي أو فقدان الشعر الدائم، لكنه يساعد على تحفيز نمو الشعر وتقويته في حالات تساقط الشعر الناتج عن نقص الفيتامينات، التوتر، أو العوامل البيئية.   بانتوجار وزيادة الوزن ما تأثيره ؟ لا يسبب زيادة الوزن، لأنه مكمل غذائي يحتوي على فيتامينات، معادن وهذه المكونات لا تؤثر بشكل مباشر على الوزن أو تسبب تخزين الدهون. ما طريقة استخدام بانتوجار للشعر ؟  يُنصح بتناول كبسولة واحدة ثلاث مرات يوميًا مع كوب ماء كامل وبعد الطعام لتجنب أي اضطرابات في المعدة، مع ضرورة بلع الكبسولة كاملة دون مضغها أو فتحها. يستمر العلاج لمدة تتراوح بين ثلاثة إلى ستة أشهر حبوب بانتوجار قبل الأكل أم بعده ؟ يُفضل تناول حبوب بانتوجار للشعر بعد الأكل مع كوب ماء كامل، وذلك لتجنب أي اضطرابات في المعدة. ما فائدة حبوب pantogar للوجه ؟ pantogar كبسول ليست مخصصة مباشرة لتحسين البشرة، ولكن بفضل احتوائها على مجموعة من الفيتامينات والأحماض الأمينية، قد يكون لها بعض الفوائد غير المباشرة للوجه والبشرة، برشام بانتوجار والهرمونات ما تأثيره؟ حبوب pantogar لا تحتوى على أى هرمونات. دواء بانتوجار والشيب ما تأثيره ؟ بانتوجار لا يعالج الشيب ولا يمنع ظهوره، لأن الشيب يحدث نتيجة نقص صبغة الميلانين في الشعر، وهو أمر يرتبط غالبًا بالعوامل الوراثية والتقدم في العمر. هل يمكن تناول حبوب بانتوجار مع أوميجا 3 ؟ يمكن تناول بانتوجار مع أوميجا 3 بأمان، بل إن الجمع بينهما قد يكون مفيدًا لصحة الشعر والبشرة، لأن كل منهما يعمل بطريقة مختلفة لدعم صحة الشعر. ما فائدة كبسول بانتوجار للأظافر ؟ كبسولات بانتوجار ليست مخصصة فقط لعلاج تساقط الشعر، بل يمكنها أيضًا تحسين صحة الأظافر وتقويتها بفضل احتوائها على مجموعة من الفيتامينات والأحماض الأمينية الضرورية لنمو الأظافر بشكل صحي هل يمكن تناول حبوب بانتوجار أثناء الحمل ؟  يفضل تجنب استخدام pantogar للشعر فى فترة الحمل     فيتامين بانتوجار والرضاعه  لا توجد دراسات كافية تثبت أمان تناول pantogar كبسول فى فترة الرضاعة لذا يجب استشارة الطبيب قبل استخدامه       فيتامين بانتوجار للصلع الوراثي  للصلع الوراثي عدة طرق للعلاج مثل المينوكسيديل أو الأدوية هرمونية كما يمكن اللجوء إلى زراعة الشعر في بعض الحالات       اقراص بانتوجار لعلاج الثعلبه  مرض الثعلبة هو مرض مناعي يهاجم فيه الجسم بصيلات الشعر ويتم علاجه عادة بأدوية الكورتيزون       بانتوجار pantogar للرجال لإنبات شعر اللحية  تناول بانتوجار قد يساعد فى تقوية بصيلات الشعر وزيادة كثافته ولكن إنبات شعر الذقن يحتاج إلى استخدام أدوية محفزة لإنبات الشعر مثل المينوكسيديل       بانتوجار وحب الشباب  حبوب pantogar للوجه ليس لها تأثير قوى فى علاج مشاكل البشرة مثل حب الشباب وغيرها       بانتوجار والدورة الشهرية حبوب بانتوجار للشعر عادة لا تسبب آثار سلبية على الدورة الشهرية       بانتوجار والجنس  Pantogar هو عبارة عن مكمل غذائي يحتوي على  مجموعة من الفيتامينات والمعادن التى تساعد على نمو الشعر وليس له أي آثار سلبية على الوظيفة الجنسية       ما بديل بانتوجار اقراص  ؟     حبوب برفكتيل   كبسولات بيوتين فورت   كبسولات فيتامين E   هاي بوتنسي فورميولا   حبوب نيوترشن فور يور هير   حبوب فيتا هير للشعر   ما الفرق بين بانتوجار و برفكتيل ؟ بانتوجار وبرفكتيل كلاهما مكملات غذائية تُستخدم لتحسين صحة الشعر، لكن هناك بعض الفروقات بانتوجار يحتوي على مزيج من فيتامينات ب1 وب5، الخميرة، الكيراتين، وL-سيستين، وهي مكونات تدعم تكوين الكيراتين في الشعر، مما يساعد على تقويته وتقليل تساقطه. برفكتيل يحتوي على مجموعة متنوعة من الفيتامينات والمعادن، مثل البيوتين، الزنك، السيلينيوم، فيتامينات ب المركبة، الحديد، والنحاس، مما يجعله أكثر شمولًا للعناية بالبشرة والأظافر أيضًا، وليس فقط الشعر. ما الفرق بين بانتوجار المصري والمستورد ؟ كلاهما يحتوي على نفس المكونات الفعالة وهي: فيتامين ب1 وفيتامين ب5  وال-سيستين والكيراتين والخميرة. بعض المستخدمين يلاحظون أن المستورد أكثر فعالية، ويرجع ذلك إلى جودة المواد الخام وتقنية التصنيع، حيث أن المنتجات المستوردة غالبًا ما تخضع لمعايير تصنيع أكثر صرامة.    ما الفرق بين هيرتون وبانتوجار كبسولات ؟  كلاهما يحتوى على نفس المكونات لكن هيرتون يحتوى أيضاً على البيوتين وفيتامين ب٢ وفيتامين هـ       ما الفرق بين بيوتين وبانتوجار لتساقط الشعر ؟     حبوب البيوتين تحتوى على فيتامين ب7 وهو مهم لصحة الجلد والشعر والأظافر وله دور هام فى عملية التمثيل الغذائى و ضرورى لتنشيط العديد من الإنزيمات بالجسم   أما بانتوجار فيحتوى على العديد من الفيتامينات والعناصر الضرورية لنمو الشعر         ما الفرق بين مينوكسيديل وبانتوجار كبسولات ؟     المينوكسيديل هو دواء يعمل على توسيع الأوعية الدموية فى فروة الرأس وبالتالى يزداد وصول الدم و ما يحمله من أكسجين و مغذيات إلى فروة الرأس مما يحفز نمو الشعر   ويعد المينوكسيديل أكثر فاعلية من بانتوجار فى إنبات الشعر فى بعض الحالات     نيوترشن فور يور هير ولا بانتوجار  للشعر الخفيف  ؟     نيوترشن فور يور هير تحتوى على الكالسيوم , الفسفور , البيوتين ,الزنك , المنجنيز  ,اليود ,حمض الفوليك وبروتين الصويا   pantogar كبسولات تحتوى على فيتامين ب١ وب٥ والسيستين ( حمض أمينى ) و الكيراتين والخميرة        ما الفرق بين بانتوجار وبرايورين ؟  كبسولات برايورين تحتوى على السيستين وفيتامين ب ٥ وزيت جنين القمح وخلاصة حبوب الدخن       هل يمكن تناول بانتوجار مع فيتا زنك ؟  أجل يمكن تناولهما معاً       هل يمكن تناول بانتوجار مع فيتاماكس بلس ؟  لأن فيتاماكس يحتوى على بعض العناصر الموجودة فى بانتوجار لذا يفضل استشارة الطبيب قبل تناولهما معاً لتجنب تناول جرعة زائدة من بعض العناصر       هل حبوب بانتوجار تزيد الوزن؟ كبسولات pantogar للشعر لا تسبب زيادة الوزن       هل حبوب بانتوجار تسمن الوجه ؟ pantogar كبسولات لا تسبب نفخ الوجه       هل بانتوجار يفتح الشهية ؟  ليس للحبوب تأثير على الشهية",ماركة: Merz Pharma
826,اوكتاترون | 30 كبسولة,octatron capsules,135,EGP,نيرهادو الدولية,الفيتامينات والمكملات>المكملات الغذائية,in stock,https://chefaa.com:443/eg-ar/nowProduct/octatron-30-capsules,https://cdn.chefaa.com/filters:format(webp)/public/uploads/products/octatron-30-capsules-01719931816.png,https://cdn.chefaa.com/filters:format(webp)/public/uploads/products/octatron-30-capsules-01719931816.png,مميزات المنتج   اوكتاترون | 30 كبسولة   عن هذا المنتج     ﻿﻿﻿﻿﻿﻿,ماركة: نيرهادو الدولية
10206,سانسو سي بلس اقراص فيتامين سي لتعزيز المناعة | 14 قرص,sanso plus 900mg tabs oryk,95,EGP,سانسو,الفيتامينات والمكملات>,in stock,https://chefaa.com:443/eg-ar/nowProduct/sanso-c-plus-900mg-14-tabs-oryk,https://cdn.chefaa.com/filters:format(webp)/public/uploads/products/sanso-c-plus-900mg-14-tabs-ufsd-1640263215.png,https://cdn.chefaa.com/filters:format(webp)/public/uploads/products/sanso-c-plus-900mg-14-tabs-ufsd-1640263215.png,"مميزات المنتج   سانسو سي بلس  sanso c plus 900 mg  هو مكمل غذائى غنى بالعديد من العناصر الصرورية لتعزيز المناعة وتحسين صحة الجسم.   عن هذا المنتج     مكونات سانسو سي بلس اقراص تحتوي سانسو سي بلس اقراص على: فيتامين ج (Vitamin C): والذي يعرف باسم حمض الأسكوربيك، وهو فيتامين يذوب في الماء ويساعد في العديد من وظائف الجسم، بالإضافة إلى دوره في تصنيع الكولاجين وتحسين المناعة. فيتامين ه وأ (Vitamin A & E): مضادات أكسدة قوية الفعالية في حماية الخلايا والأنسجة من التلف بفعل العوامل المؤكسدة الضارة. فيتامين د (Vitamin D): ينظم امتصاص الكالسيوم والفوسفور لتحسين صحة العظام والأسنان. الزنك (Zinc): هو عنصر ضرورى لصحة الجسم حيث يساعد في تصنيع المادة الوراثية ويعزز ويدعم المناعة بالإضافة إلى دوره في تنظيم عملية التمثيل الغذائى والتئام الجروح وحاسة الشم والتذوق ، ونقصه يؤثر سلبًا على الجسم. دواعي استعمال سانسو سي بلس اقراص فيتامين سي يُستعمل فيتامين سانسو سي بلس sanso c plus لكلٍ من: الوقاية من وعلاج أعراض نقص فيتامين ج في الجسم. تعزيز المناعة في مواجهة العديد من حالات العدوى والالتهابات. الحد من اضطرابات الأوعية الدموية. زيادة سرعة التئام الجروح والكسور. تعزيز إنتاج الجسم للكولاجين الذي يحسن من نضارة وشباب البشرة. حماية الخلايا والأنسجة من التلف. جرعة سانسو سي بلس  الجرعة اليومية من اقراص سانسو سي بلس هي 1-2 قرص مرة يوميًا ما لم يصف الطبيب غير ذلك. كيفية استخدام سانسو سي بلس اقراص فيتامين سي تؤخذ أقراص سانسو بلس بالفم مع كمية كافية من الماء. يفضل تناول سانسوسي اقراص قبل الوجبات. يمنع تناول برشام سانسو سي بلس مع المكملات التي تحتوي على الحديد ويجب الفصل بينهما بوقتٍ كافٍ. بديل برشام sanso c plus  فيتاسيد ج Vitacid C. سيفيتيل Cevitil. ريدوكسون Redoxon. sanso c plus سعر سعر سانسو سي بلس اقراص 900 مجم هو 80 جنيه مصرى.  ""سعر الدواء قد يتغير تبعاً لتغير سعره فى الصيدليات هل يُستخدم سانسو سي بلس للاطفال ؟ يجب استشارة الطبيب قبل استعمال الدواء للاطفال. ما هى أنواع منتجات سانسو ؟ سانسو سي بلس وزنك sanso c plus سانسو سي 1000 مجم sanso c 1000 mg سانسو بي sanso b complex سانسو د٣ sanso d3 سانسو كال دي سانسو زنك sanso zinc فيتامين سانسو للاطفال ما افضل كبسولات فيتامين سي من الصيدليه ؟ سي-ريتارد فيتامين سي 500 مجم. سي زنك كبسولات. فيتامين sanso c plus  اميونو ماش فيتامين سي وزنك. روتا باور فيتامين سي 1000 مجم اقراص ريدوكسون فيتامين سي لتقوية وتعزيز المناعة",ماركة: سانسو
29544,كروماكس | 60 كبسولة,chromax 60cap yfzp,177,EGP,No Brand,الفيتامينات والمكملات>,in stock,https://chefaa.com:443/eg-ar/nowProduct/chromax-60cap-yfzp,https://cdn.chefaa.com/filters:format(webp)/public/uploads/products/chromax-60cap-yfzp-01722461287.png,https://cdn.chefaa.com/filters:format(webp)/public/uploads/products/chromax-60cap-yfzp-01722461287.png,مميزات المنتج   كروماكس | 60 كبسولة,raw_specs: المواصفات
27504,نيتورا للشعر المتساقط والأظافر الضعيفة | 30 قرص,nitora supplement for skin hair and nails 30tab ibwq,69,EGP,إيڤا فارما,الفيتامينات والمكملات>,in stock,https://chefaa.com:443/eg-ar/nowProduct/nitora-supplement-for-skin-hair-and-nails-30tab-ibwq,https://cdn.chefaa.com/filters:format(webp)/public/uploads/products/nitora-supplement-for-skin-hair-and-nails-30tab-ibwq-01736427099.png,https://cdn.chefaa.com/filters:format(webp)/public/uploads/products/nitora-supplement-for-skin-hair-and-nails-30tab-ibwq-01736427099.png,"مميزات المنتج   اقراص نيتورا للشعر (nitora tablet) من أشهر المكملات الغذائية التى تساعد على تقليل تساقط الشعر وتقوية البصيلات، وتحفيز نموالشعر وتقوية الاظافر وحمايته من التكسر.   عن هذا المنتج     مكونات اقراص نيتورا للشعر يحتوي حبوب نيتورا مكمل غذائي على: ميثيل سلفونيل ميثان (MSM): مركب غني بالكبريت له خصائص مضادة للالتهابات ويعزز من صحة الشعر والأظافر.  زنك (Zinc): عنصر يحسن من صحة الجسم ويعزز من المناعة ويحسن من كثافة وسلامة الشعر ويساعد على إطالته وتحسين نموه. فوائد برشام نيتورا للشعر يستعمل نيتورا كبسولات Nitora لكلٍ من الحالات التالية: الحد من تساقط الشعر وضعفه بصيلاته. تحسين نمو وصحة الشعر. زيادة كثافة وقوة الشعر. تقوية الأظافر. تعزيز وتحسين صحة الجلد. تغذية الشعر. توفير بعض العناصر الضرورية لصحة وسلامة الشعر والأظافر.  جرعة نيتورا اقراص الجرعة المعتادة من حبوب نيتورا لتطويل الشعر هى قرص واحد حتى مرتين باليوم.  طريقة استخدام nitora tablet يتم تناول حبوب نيتورا لتساقط الشعر  بعد الأكل مع كمية كافية من الماء أو وفقًا لما يحدده الطبيب. يفضل تناول الأقراص لمدة 3 أشهر للحصول على نتائج ملحوظة.  بديل نيتورا فيتامين اكتوزنك Octozinc.  بانتوجار pantogar.  فيتاهير Vita Hair.  زنكترون Zinctron.  سعر نيتورا أقراص للشعر نيتورا اقراص سعرها حوالى 45 جنيه للعبوة التي تحتوي على 30 قرص ""nitora سعره قد يتغير تبعاً لتغير سعره فى الصيدليات"".   هل حبوب نيتورا تزيد الوزن ؟ استعمال فيتامين نيتورا للرجال او النساء لا يسبب زيادة الوزن هل تُستخدم حبوب نيتورا للتخسيس ؟ اقراص نيتورا مخصصة للاستعمال كمكمل غذائى يوفر العناصر الغذائية التى يحتاجها الشعر والبشرة والأظافر. ما أفضل حبوب فيتامين للشعر والبشره والاظافر ؟  برفكتيل اقراص. بيوفيتا مكمل غذائي مضغ لتغذية الشعر وتقوية الأظافر فيتامين هاي بوتنسي فورميولا زنكترون مكمل غذائي حبوب نيتورا لتطويل الشعر وتقوية الأظافر",ماركة: إيڤا فارما
27481,ويل ومان اورجينال مكمل غذائي لتعزيز الطاقة | 60 قرص,wellwoman vitabiotics original 60tab isbo,260,EGP,فيتابيوتكس,الفيتامينات والمكملات>,in stock,https://chefaa.com:443/eg-ar/nowProduct/wellwoman-vitabiotics-original-60tab-isbo,https://cdn.chefaa.com/filters:format(webp)/public/uploads/products/wellwoman-vitabiotics-original-60tab-isbo-01676211644.png,https://cdn.chefaa.com/filters:format(webp)/public/uploads/products/wellwoman-vitabiotics-original-60tab-isbo-01676211644.png,مميزات المنتج   ويل ومان اورجينال مكمل غذائي لتعزيز الطاقة | 60 قرص,ماركة: فيتابيوتكس
191,فيتايامي للرجال والنساء | ملتي فيتامين في مصر | 30 قرص,vitayami capsules,135,EGP,جلاكسو سميث كلاين,الفيتامينات والمكملات>المكملات الغذائية,in stock,https://chefaa.com:443/eg-ar/nowProduct/vitayami-capsules,https://cdn.chefaa.com/filters:format(webp)/public/uploads/products/1632229876vitayamijpg,https://cdn.chefaa.com/filters:format(webp)/public/uploads/products/1632229876vitayamijpg,"مميزات المنتج   فيتايامى ( vitayami ) يتميز بتركيبة غنية بالعديد من الفيتامينات والمعادن الأساسية التي يحتاجها الجسم والتي ينخفض معدلها نتيجة الحمل وسوء التغذية والأنيميا وفقر الدم واضطرابات الجهاز الهضمي.   عن هذا المنتج     مكونات فيتايامي   تشتمل vitayami ingredients علي:     فيتامين ب (1، 2، 3، 5، 6، 9، 12)   فيتامين (سي - د - هـ)   البيوتين   الكروم   النحاس   الحديد   الزنك   الكالسيوم   حمض الفوليك     دواعي الاستعمال فيتايامي  يستخدم فيتامين فيتايامي في علاج:     الأنيميا وفقر الدم ونقص الكالسيوم وفقدان الشهية   سوء امتصاص الجسم للفيتامينات والمعادن ومرض التهاب الأمعاء والناسور   علاج مساعد خلال فترة النقاهة بعد المرض والعمليات الجراحية   يمد الحوامل بالعناصر الأساسية خلال الثلث الثاني والثالث من الحمل   علاج ضعف الأعصاب الطرفية والبصرية   تنشيط الذاكرة ونقص الانتباه   جرعة فيتايامى أقراص     الجرعة للبالغين وكبار السن والأطفال فوق عمر 12 عام  هى 1 أو 2 قرص يومياً مع كوب كبير من الماء ويتم تناوله تحت إشراف الطبيب سعر فيتايامي أقراص  vitayami سعره حوالي  67.5 جنيه مصرى  "" قد يتغير السعر من وقت لآخر"". تحتوى العلبة على 3 شرائط - 30 قرص .   الآثار الجانبية لفيتامين فيتايامي   تتضمن vitayami side effects علي:     الإسهال أو الإمساك   تغير في لون البول أو البراز   القيء وفقدان في التوازن   ارتفاع معدل ضربات القلب   الصداع    ارتفاع معدل السكر في الدم   الحكة أو الطفح الجلدي     موانع استخدام برشام فيتايامي   يمنع استخدام vitayami tablets في الحالات التالية:     الحساسية لأي مادة من المواد الفعالة   المرضى الذين تم تشخيصهم بتخزين كمية كبيرة من الحديد في الجسم   الأشخاص المصابين بأمراض الكلي، الكبد وأمراض القلب والقولون     التحذيرات والاحتياطات عند تناول فيتايامي كبسولات     يجب إستشارة الطبيب أو الصيدلى فى حالة كنت تتناول أدوية أخرى أو تعانى من أى أمراض    يجب إستشارة الطبيب أو الصيدلي قبل إستخدام الدواء فى حالة الحمل أو الرضاعة   يحذر استخدام vitayami دواء مع مرضى الكلى والكبد   الأطفال أقل من 12 عام     فوائد فيتايامي   تمتلك حبوب فيتايامي العديد من الفوائد منها:     مكمل غذائي خلال فترة الحمل والرضاعة   علاج الأنيميا ونقص الحديد وفقر الدم   حالات ضعف امتصاص الجسم للفيتامينات والمعادن والتهابات الأمعاء   علاج مساعد خلال إتباع نظام غذائي سواء لإنقاص الوزن أو لمرضي الكلي   خلال مرحلة النقاهة بعد العمليات الجراحية     فيتايامى للشعر   يستخدم فيتايامى في علاج تساقط الشعر وذلك لاحتوائه على العديد من الفيتامينات والمعادن التي يحتاجها الجسم وتساعد في نمو الشعر بشكل صحي وفعال.   فيتايامى للرجال   يعمل فيتايامى كبسول كمقوي عام للجسم يمده بالقوة والطاقة مما يساعد على استعادة النشاط وتحسين وظائف الجسم لدى الرجال.   فيتايامي لعلاج نقص الحديد   يستخدم فيتامين فيتايامي في علاج نقص الحديد والأنيميا وخاصة نقص الحديد نتيجة غزارة الطمث.   فيتايامي لعلاج فقر الدم   يمد vitayami tablets الجسم بالحديد والمعادن مما يساعد على تعويض الجسم وعلاج فقر الدم.   فيتايامي مقوي عام للجسم   يحتوي vitayami دواء على العديد من الفيتامينات مثل فيتامين ب المركب وفيتامين (سي - د- ه) والزنك وحمض الفوليك مما يسهم في تقوية الجسم بشكل عام.   فيتايامى للحامل   يُنصح بتناول vitayami tab خلال الثلث الثاني والثالث من الحمل تحت إشراف الطبيب.   فيتايامى والرضاعه   يمكن استخدام vitayami cap خلال فترة الرضاعة لتعويض ما تفقده الأم ولكي يمد الأم بالفيتامينات والمعادن التي تحتاجها خلال تلك الفترة.   بديل فيتايامي      ثيراجران هيماتينيك   أكتيمار   فيتاترون   إنريتش بلس   سوبرافيت   فيتوب هل فيتايامي يزيد الوزن؟ تعمل حبوب فيتايامي على مد الجسم بالفيتامينات والمعادن لعلاج الانيميا وفقر الدم واستعادة النشاط الجسدي مما يسهم في فتح الشهية مما قد يؤدي إلى زيادة الوزن عند بعض الأشخاص.   ما هى أضرار فيتايامي ؟ قد تسبب vitayami cap بعض  الآثار الجانبية مثل اضطرابات في الجهاز الهضمي  ما افضل ملتي فيتامين في مصر ؟     فورتينور   فيتايامى   ريجنافيت   ماذر فيت     ما هو سعر ملتي فيتامين في الصيدليات ؟     فيتايامى٣٠ قرص : 67.5 جنيه   سنتروم ٣٠ قرص : 220  جنيه   ليمتلس ملتى فيتامين ٣٠ قرص : 180 جنيه   مادوفيت كومبليت ٣٠ قرص : 320 جنيه",ماركة: جلاكسو سميث كلاين
57015,ليمتلس بي كومبلكس او دي اف limitless b complex | ٣٠ قرص,limitless complex odf tabs ilu6,135,EGP,ليمتلس ناتشورال,الفيتامينات والمكملات>المكملات الغذائية,in stock,https://chefaa.com:443/eg-ar/nowProduct/limitless-b-complex-odf-30-tabs-ilu6,https://cdn.chefaa.com/filters:format(webp)/public/uploads/products/limitless-b-complex-odf-30-tabs-w4xr-01734856717.png,https://cdn.chefaa.com/filters:format(webp)/public/uploads/products/limitless-b-complex-odf-30-tabs-w4xr-01734856717.png,مميزات المنتج   ​ليمتلس بي كومبلكس (limitless B complex) هو مكمل غذائي يحتوي على مجموعة من فيتامينات B الأساسية، ويأتي في شكل شرائط فموية قابلة للذوبان، مما يسهل امتصاصه بسرعة دون الحاجة للماء أو البلع.​   عن هذا المنتج     مكونات ليمتلس بي كومبلكس  يحتوي ليمتلس بي كومبلكس أو دي إف على:  فيتامين B12 (ميثيل كوبالامين): يدعم إنتاج خلايا الدم الحمراء، كما يحافظ على صحة الأعصاب ويقوي الجهاز العصبي.  فيتامين B6 (بيريدوكسين): يساهم في تصنيع النواقل العصبية مثل السيروتونين والدوبامين، مما يؤثر إيجابيًا على المزاج، وهو ضروري لعملية الأيض وإنتاج الطاقة كما يعزز صحة الجهاز المناعي.  حمض الفوليك (فيتامين B9): عنصر أساسي لتكوين خلايا جديدة، خصوصًا أثناء فترات النمو السريع مثل الحمل، فيحمي من التشوهات الخلقية لدى الأجنة كما يدعم صحة القلب والأوعية الدموية.  البيوتين (فيتامين B7): يعزز صحة الشعر والجلد والأظافر كذلك يحسن صحة الجهاز العصبي ويدعم مستويات الطاقة.  الثيامين (فيتامين B1): عنصر أساسي لتحويل الكربوهيدرات إلى طاقة وهو يحافظ على وظيفة الأعصاب والعضلات والقلب.  limitless b complex فوائد  يساعد على زيادة مستويات الطاقة والنشاط؛ فيساهم في تحويل الطعام إلى طاقة، مما يقلل الشعور بالتعب والإرهاق.  يدعم صحة الجهاز العصبي.  يحافظ على صحة الأعصاب والدماغ.   قد تساعد على تحسين المزاج وتقليل التوتر.  يساهم في تحسين صحة الجلد والشعر.  يدعم صحة القلب والأوعية الدموية.  يعزز مناعة الجسم.  يساهم في تقليل أعراض القلق والاكتئاب.  يعزز صحة النظر.  يساعد على تعزيز صحة العضلات.  يساعد على زيادة مستويات هرمون التوستيستيرون لدى الرجال.  يدعم تطور دماغ الجنين ويساهم في تقليل خطر حدوث العيوب الخلقية.  جرعة ليمتلس بي كومبلكس او دي اف  الجرعة المعتادة لدواء ليمتلس بي كومبلكس هي شريط واحد يوضع على اللسان حتى يذوب تماماً مرة واحدة صباحاً، ما لم يصف الطبيب غير ذلك.  الأعراض الجانبية لدواء ليمتلس بي كومبلكس  قد يؤدي تناول جرعات عالية من limitless b complex odf إلى حدوث آثار جانبية وتشمل ما يلي:  القيء.  ارتفاع مستويات السكر في الدم.  احمرار الجلد.   تلف الكبد.  تلف الأعصاب.  الحساسية للضوء.  حدوث تقرحات جلدية مؤلمة.  تحول لون البول إلى الأصفر الفاقع.  موانع استعمال limitless b complex odf  إذا كنت تعاني من حساسية تجاه أي من مكونات المنتج.  قد يتفاعل limitless vitamin b complex مع بعض أدوية الصرع، والقلب، وبعض المضادات الحيوية.  أخبر الطبيب في الحالات التالية:  مرض الكبد.  مرض السكري.  نقص فيتامين ب12.  limitless b complex سعر   يبلغ سعر ليمتلس بي كومبلكس حوالي 135 جنيه مصري للعبوة التي تحتوي على 30 فيلم ذائب.  (سعر الدواء قد يتغير تبعاً لتحديث سعره في الصيدليات أو حسب العروض المتاحة)  بديل بي كومبلكس ليمتلس  ميلجا أدفانس أقراص milga advance tablets.  ميثيل تكنو فيلم methyltechno.  نيوروفيت أقراص neurovit tablets.  نيوروتون أقراص neuroton tablets.  بي كوم حقن B com ampoules.  نيرفيزام كبسول nervizam capsule.  ما هو أفضل وقت لتناول فيتامين بي كومبلكس؟  أفضل وقت لتناول فيتامين بي كومبلكس عادةً يكون في الصباح مع وجبة الإفطار أو بعدها مباشرةً.,ماركة: ليمتلس ناتشورال
2215,انتوكس أقراص مضاد للأكسدة للنساء والرجال antox | ٣٠ قرص,antox tab,120,EGP,ميباكو,الفيتامينات والمكملات>المكملات الغذائية,in stock,https://chefaa.com:443/eg-ar/nowProduct/antox-30-tab,https://cdn.chefaa.com/filters:format(webp)/public/uploads/products/antox-30-tab-01736412934.png,https://cdn.chefaa.com/filters:format(webp)/public/uploads/products/antox-30-tab-01736412934.png,"مميزات المنتج   انتوكس اقراص antox مكمل غذائي مضاد قوي للأكسدة مدعم بأربعة مكونات تساهم في حماية الخلايا من العوامل الضارة وتوفر العديد من الفوائدة الداعمة لصحة وسلامة الجسم.   عن هذا المنتج     مكونات انتوكس اقراص يحتوى برشام انتوكس على:   سيلينيوم (Selenium): مستخلصات الخميرة ذات الخصائص المضادة للأكسدة والتي تساهم في حماية خلايا وأنسجة الجسم من التلف.  فيتامين أ (Vitamn A): مضاد للأكسدة يعزز من صحة العيون ويحمي الخلايا.  حمض الأسكوربيك (Ascorbic Acdi): فيتامين ج والذي يتميز بخصائص معززة للمناعة ومقوية للأوعية الدموية.  فيتامين ه (Vitamin E): مضاد للأكسدة يعزز من صحة خلايا وأنسجة الجسم، ويحميها من العوامل المؤكسدة التي تهدد سلامتها.  دواعي استعمال دواء antox  يُستخدم antox tab كمكمل غذائي مضاد للأكسدة للمساعدة فى:  حماية خلايا وأنسجة الجسم من العوامل المؤكسدة الضارة.  تعزيز وتقوية المناعة في مواجهة حالات العدوى المختلفة.  تحسن صحة الشعر والبشرة والأظافر.  تعزيز حاسة الرؤية وتحسين صحة العيون.  جرعة انتوكس برشام  الجرعة المعتادة من اقراص انتوكس للبالغين هي قرص واحد بالفم مرة يوميًا أو وفقًا لما يحدده الطبيب.  تؤخذ الأقراص بالفم مع كمية كافية من الماء دون أن تطحن أو تكسر او تمضغ.  برشام انتوكس وسعره   انتوكس اقراص سعرها هو 62 جنيه مصري للعبوة التي تحتوي على 30 قرص. "" سعر انتوكس اقراص قد يتغير من وقت لاخر وفقًا لتغيره فى الصيدليات "" أضرار انتوكس مكمل غذائي استعمال antox 30 tab آمن بشكل عام، ولم يتم الإبلاغ عن أي أعراض جانبية أو احتياطات لاستخدامه.   لكن الاستخدام طويل الأمد للسيلينيوم (أحد مكونات هذا الدواء) أو تناوله بجرعات عالية قد يسبب بعض الآثار الجانبية مثل:  الغثيان أو القيء.  الحكة الجلدية.  اضطرابات الجهاز الهضمي.  في حال ملاحظة أي أعراض حساسية، أو أعراض جانبية حادة أو غير معروفة؛ فعليك التوقف عن استعماله واستشارة الطبيب في الحال.  موانع استعمال antox برشام يمنع استعمال antox tablet لكلٍ من الحالات الآتية:  التحسس المفرط تجاه أي من المكونات.  ينصح باستشارة الطبيب قبل استعمال العلاجات التي تحتوي على السيلينيوم في حالات:  اعتلال الكلى.  سرطان الجلد.  مشكلات الغدة الدرقية.  الأدوية التي تتعارض مع antox tab  يفضل إخبار الطبيب عن الأدوية المعتاد تناولها قبل استعمال هذا الفوار؛ لتجنب التفاعلات الضارة، ومن ذلك:  المكملات الأخرى خاصةً مضادات الأكسدة.  بديل حبوب انتوكس  سيلينيوم اي سي ايه Selenium ACE.  اوكسي فري Oxifree.  سيلينيوم فيت Selenium Vit.  فوائد انتوكس للرجال  من فوائد انتوكس اقراص أنه يساعد فى تحسين المناعة والخصوبة، وحماية خلايا وأنسجة الجسم من التلف بفعل عوامل الأكسدة. فوائد انتوكس للنساء من فوائد انتوكس للسيدات أنها تساعد في تعزيز صحة الجسم وتقوية المناعة وحماية الشعر والبشرة والأظافر وتقليل علامات تقدم العمر وتحسين نعومة الجلد   حبوب انتوكس للشعر  يعزز فيتامين انتوكس من صحة الشعر ويحميه من العوامل الضارة، ويحسن من نموه ولمعانه وصحته.  دواء انتوكس للتخسيس  تشير بعض الدراسات إلى الحديثة إلى أن السيلينوم (وهو أهم عنصر في هذه الأقراص) قد يعزز من قدرة الجسم على خسارة الوزن.  . فيتامين انتوكس للبشره  برشام antox غني بمضادات الأكسدة التي تساهم في حماية خلايا البشرة وتعزيز شبابها وليونتها وصحتها، فهو معزز بأربعة عناصر فعالة في تحسين صحة البشرة.  أقراص انتوكس لمرضى السكر  ينصح باستشارة الطبيب قبل الاستعمال لمرضى السكري؛ حيث من الملاحظ أن استعمال السيلينيوم بجرعات عالية أو لفترات زمنية طويلة قد يزيد من مقاومة الخلايا للأنسولين.  ما هى أضرار انتوكس؟  تناول antox اقراص آمن في معظم الحالات؛ إلا أن البعض قد يشكو من الغثيان أو القيء.  ما الفرق بين انتوكس وسيلينيوم ؟  علاج انتوكس  يحتوي على السيلينيوم العضوي المستخلص من الخميرة.  تركيز السيلينيوم فيه أقل (يكافئ 55.70 ميكروجرام).  تركيز فيتامين أ فيه أعلى (يكافئ 2036.46 وحدة دولية).  تركيز فيتامين ج فيه متساوي (90 مجم).  تركيز فيتامين ه أقل (15 مجم).  مكمل غذائي مضاد للأكسدة.  علاج سيلينوم اي سي ايه  يحتوي على السيلينيوم غير العضوي على هيئة ملح.  تركيز السيلينيوم فيه أعلى (يكافئ 100 ميكروجرام).  تركيز فيتامين أ فيه أقل (يكافئ 1500 وحدة دولية).  تركيز فيتامين ج فيه متساوي (90 مجم).  تركيز فيتامين ه أعلى (30 مجم).  مكمل غذائي مضاد للأكسدة.  هل أقراص انتوكس تزيد الوزن ؟  لم يثبت حدوث زيادة بالوزن عند الاستعمال؛ بل من المتوقع أن تساهم في خسارة الوزن وتحسين قدرة الجسم على التخلص من الوزن الزائد.  ما أفضل وقت لتناول مضادات الأكسدة ؟  ما لم تنص تعليمات المكملات على خلاف ذلك، يوصى عمومًا بتناول المكملات المضادة للأكسدة في الصباح مع وجبة إفطار مغذية، يساعد هذا على ضمان امتصاص أفضل ويقلل من خطر اضطراب المعدة.  هل برشام انتوكس  يفتح البشرة؟ لا يتوقع من هذه الأقراص أن تفتح البشرة أو تغير لونها؛ وقد يستفاد ذلك من المنتجات الموضعية التي تحتوي على مضادات الأكسدة فهي فعالة في توفير فوائد مباشرة وسريعة للبشرة.  ما افضل حبوب مضادات الأكسدة ؟  برشام انتوكس antox. سيلينيوم اي سي ايه Selenium ACE.  اوكسي فري Oxifree.  فيتامين ه Vitamin E.  سيلينيوم فيت Selenium Vit.",ماركة: ميباكو
193,هاي بوتنسي فورميولا للشعر hi potency | ٣٠ قرص,potency formula capsules,150,EGP,نيرهادو الدولية,الفيتامينات والمكملات>المكملات الغذائية,in stock,https://chefaa.com:443/eg-ar/nowProduct/hi-potency-formula-capsules,https://cdn.chefaa.com/filters:format(webp)/public/uploads/products/hi-potency-formula-capsules-01724141700.png,https://cdn.chefaa.com/filters:format(webp)/public/uploads/products/hi-potency-formula-capsules-01724141700.png,"مميزات المنتج   هاي بوتنسي فورميولا للشعر (hi potency formula) من أشهر المكملات الغذائية لعلاج تساقط الشعر حيث يساعد علي تقوية الشعر والأظافر وتنشيط فروة الرأس وبصيلات الشعر وعلاج نقص الفيتامينات في الجسم.   عن هذا المنتج     مكونات هاي بوتنسي فورميولا للشعر (hi potency formula) يحتوى برشام هاي بوتنسي فورميولا للشعر على"" البيوتين فيتامين ب 12 حمض البانتوثنيك الكولين النحاس حمض الفوليك اليود الحديد  المنغنيز النياسين الزنك فوائد هاي بوتنسي للشعر هاي بوتنسي فورميولا غنى بالعديد من العناصر والفيتامينات التى تساعد على تعزيز الدورة الدموية في فروة الرأس. زيادة الطاقة في الجسم وفروة الرأس. استعادة العناصر الغذائية لبصيلات الشعر التالفة. تكوين خلايا الدم الحمراء انتاج الأسيتيل كولين إعادة بناء إمدادات الدم إلى البصيلات التالفة تكوين الحمض النووي لنمو الشعر إنتاج هرمون الثيروكسين تكوين الهيموجلوبين الضرورة لنقل الأكسجين إلى بصيلات الشعر توسيغ الأوعية الدموية والشعيرات الدموية انقسام خلايا الشعر الجديد دواعي استعمال هاى بوتنسى فورميولا فيتامين هاى بوتنسى فورميولا  هو مكمل غذائي غنى بالفيتامينات والمعادن المستخدمة في علاج تساقط الشعر. جرعة hi potency formula cap 1 أو 2 قرص يومياً من مكمل غذائي هاي بوتنسي فورميولا او حسب تعليمات الطبيب. سعر هاي بوتنسي لتطويل الشعر مكمل غذائى hi potency formula سعره يبلغ حوالى 150 جنيه. "" قد يتغير سعر هاي بوتنسي فورميولا للشعر من وقت لاخر تبعاً لتغيره فى الصيدليات "" بديل هاي بوتنسي فورميولا مكمل غذائي فيتامين برفيكتيل كبسولات بانتوجار كبسولات هير تونك للشعر ما أضرار حبوب هاي بوتنسي لتطويل الشعر ؟ حبوب هاي بوتنسي فورميولا قد تسبب بعض الآثار الجانبية مثل اضطراب المعدة ( إمساك أو إسهال) وصداع أو دوخة. هل يُستخدم برشام هاي بوتنسي فورميولا لزيادة الوزن ؟ حبوب هاي بوتنسي فورميولا لا تُستخدم بشكل مباشر لزيادة الوزن. ما فائدة هاي بوتنسي للبشره ؟ اقراص هاى بوتنسى فورميولا تحتوي على مجموعة فيتامينات ومعادن مهمة لصحة الجلد، وأهمها البيوتين، فيتامينات B، الزنك، النحاس، وحمض الفوليك. البيوتين يساعد على تقوية الجلد ويقلل من الجفاف، بينما فيتامين B12 وحمض الفوليك يساهموا في تجديد خلايا البشرة. النياسين (فيتامين B3) مفيد في تحسين لون البشرة، تقليل التصبغات، ومحاربة التجاعيد، أما حمض البانتوثنيك (B5) فبيرطّب البشرة ويساعد في تهدئة الالتهابات. الزنك له دور مهم في تقليل حب الشباب، ويحسن التئام الجروح. هل هاي بوتنسي بيزود شعر الجسم ؟ اقراص هاى بوتنسى فورميولا تحتوي على فيتامينات زي البيوتين، فيتامين ب12، والزنك، وهي تحفّز نمو الشعر فى فروة الرأس، ومن الممكن ان تحفّز نمو الشعر في أماكن تانية في بعض الحالات. هل يُستخدم هاي بوتنسي فورميولا للتخسيس ؟ هاي بوتنسي اقراص ليست مصممة بشكل مباشر للتخسيس. تجربتي مع هاي بوتنسي للشعر قد يبحث البعض عن تجارب الآخرين مع هاي بوتنسي للشعر لمعرفة مدى فعاليته. تحتوي كبسولات هاي بوتنسي على مجموعة من الفيتامينات والمعادن التي تُعتبر ضرورية لصحة الشعر. تشير تجارب العديد من المستخدمين إلى أن هاي بوتنسي ساعد في تقوية الشعر ومنع تساقطه، حيث شعر البعض بتحسن ملحوظ في كثافة الشعر ولمعانه بعد فترة من استخدام المكمل. كما أفاد بعض الأشخاص الذين يعانون من نقص الفيتامينات والمعادن بتقليل مشاكل مثل التقصف أو ضعف البصيلات بعد تناول المكمل بانتظام. لكن من المهم أن يأخذ الشخص المكمل تحت إشراف طبي، خاصة إذا كان يعاني من مشاكل صحية معينة أو يتناول أدوية أخرى، لأن بعض الفيتامينات والمعادن قد تؤثر على امتصاص الأدوية أو تتفاعل معها. بشكل عام، يُعتبر هاي بوتنسي مكملًا جيدًا لتعزيز صحة الشعر وتوفير العناصر الضرورية له للنمو بشكل صحي. ما أفضل حبوب فيتامين للشعر والبشرة والأظافر ؟  كبسولات برايورين فيتامين برفيكتيل كبسولات بانتوجار هاي بوتنسي كبسول اقراص بيوتين 10000 ميكروجرام",ماركة: نيرهادو الدولية
3901,اقراص فيتامين ويلمان اورجينال للرجال wellman original | ٣٠ قرص,vitabiotics wellman original 30serv 30tabs,260,EGP,فيتابيوتكس,الفيتامينات والمكملات>المكملات الغذائية,in stock,https://chefaa.com:443/eg-ar/nowProduct/vitabiotics-wellman-original-30serv-30tabs,https://cdn.chefaa.com/filters:format(webp)/public/uploads/products/16030963715021265221301png,https://cdn.chefaa.com/filters:format(webp)/public/uploads/products/16030963715021265221301png,"مميزات المنتج    اقراص فيتامين ويلمان اورجينال للرجال (Wellman Original ) من أشهر المكملات التى تتساعد على تقوية الجسم والمناعة  والوقاية من الانيميا وفقر الدم والعديد من المشاكل الناتجة عن نفص الفيتامينات فى الجسم   عن هذا المنتج     مكونات حبوب ويلمان اورجينال للرجال (wellman original) يحتوي فيتامين ويلمان اورجينال للرجال على: فيتامين أ (Vitamin A).  فيتامين د (Vitamin D).  فيتامين هـ ( Vitamin E).  فيتامين ج (Vitamin C).  فيتامين ب1 (Vitamin B1).  فيتامين ب2 (Vitamin B2).  فيتامين ب3 (Vitamin B3).  فيتامين ب6(Vitamin B6).  فيتامين ب12 (Vitamin B12).  حمض الفوليك (Folic Acid).  بيوتين (biotin).  حمض البانتوثينيك (Pantothenic Acid).  حديد (Iron).  ماغنسيوم (Magnesium).  زنك (Zinc).  يود (Iodine).  منجنيز (Manganese).  نحاس (Cupper).  سيلينيوم (Selenium).  كروم (Chromium).  ال ميثيونين (L-methionine).  ال كارنيتين (L-Carnitine).  مستخلصات الجنسنج (Ginseng Extract).  كو كيو 10 (Co Q0).  ماهي فوائد حبوب ويلمان للرجال ؟ تشمل فوائد ويلمان اورجينال مكمل غذائي: الوقاية من وعلاج نقص بعض العناصر والفيتامينات بالجسم. تقوية المناعة في مواجهة حالات العدوى المختلفة. تحسين من إنتاج الطاقة اللازمة لأداء المهام المختلفة. توفير العديد من العناصر الداعمة للجسم. تعزيز الخصوبة وزيادة فرص الإنجاب. الوقاية من حالات سوء التغذية ونقص بعض العناصر بالجسم. حماية الخلايا والأنسجة من العوامل المؤكسدة الضارة. تحسين من ممارسة الرياضة والتمارين. دعم انتاج كريات الدم، والوقاية من بعض حالات فقر الدم. جرعة فيتامين ويلمان اقراص  الجرعة المعتادة من فيتامين ويل مان هي كبسولة واحدة مرة باليوم أو وفقًا لما يحدده الطبيب.   طريقة استخدام فيتامين ويلمان اورجينال للرجال تؤخذ اقراص ويلمان اورجينال بالفم مع كمية كافية من الماء يوميًا. بديل ويلمان اقراص المصري فيتاماونت للرجال Vitamount for men.  ليمتلس مان Limitless man.  سنتروم Centrum.  كيروفيت Kerovit.  اقراص ويلمان wellman سعرها سعر حبوب ويلمان اورجينال في مصر  هو 160 جنيه للعبوة التي تحتوي على 30 قرص ""قد يتغير سعر ويلمان اقراص تبعاً لتغير سعره فى الصيدليات"". ما هى اضرار حبوب ويلمان للرجال ؟ قد يسبب wellman tab فيتامين بعض الأعراض الجانبية مثل اضطراب المعدة فى بعض الحالات. ما افضل ملتي فيتامين للرجال فى مصر ؟ حبوب ويلمان للرجال wellman multivitamin Original. سنترم اقراص للبالغين كبسولات فيتايامي للرجال ليمتلس مان ماكس",ماركة: فيتابيوتكس
4940,فيروجلوبين شراب للاطفال حدبد للانيميا | 120مل,feroglobin syrup,100,EGP,فيتابيوتكس,الفيتامينات والمكملات>المكملات الغذائية,in stock,https://chefaa.com:443/eg-ar/nowProduct/feroglobin-syrup,https://cdn.chefaa.com/filters:format(webp)/public/uploads/products/feroglobin-syrup-01721640420.png,https://cdn.chefaa.com/filters:format(webp)/public/uploads/products/feroglobin-syrup-01721640420.png,"مميزات المنتج   دواء فيروجلوبين شراب للاطفال (feroglobin syrup) يتميز بتركيبة فعالة من الحديد و مجموعة من الفيتامينات والمعادن التى تساعد فى حماية الطفل من الانيميا وفقر الدم ودعم صحة الجسم بشكل عام.   عن هذا المنتج     مكونات فيروجلوبين شراب للاطفال (feroglobin syrup) يحتوى شراب فيروجلوبين على: الحديد والزنك والنحاس و حمض الفوليك فيتامين ب١ : له دور فعال فى علاج بعض أنواع الأنيميا فيتامين ب٢ : يحسن من أعراض الأنيميا الناتجة عن نقص فيتامين ب فيتامين ب٣ : نقصه فى الجسم قد يسبب العديد من المشاكل مثل الشعور بالغثيان والصداع والأنيميا فيتامين ب٦ : له دور فى تكوين الهيموجلوبين فيتامين ب١٢ : يساعد فى الحفاظ على كرات الدم الحمراء ويعالج الأنيميا الناتجة عن نقصه فيتامين سى : له دور فى تحسين إمتصاص الحديد عبر المعدة حمض البانتوثينيك : له دور فى تكوين خلايا الدم الحمراء وفى عملية التمثيل الغذائى الكالسيوم : له دور هام للحفاظ على صحة العظام المنجنيز اليود الليسين العسل وخلاصة الشعير   دواعى استعمال شراب فيروجلوبين للاطفال  علاج والوقاية من حالات أنيميا نقص الحديد. يمكن استعماله بعد حالات النزيف.   حالات سوء التغذية.   للسيدات أثناء الحمل أو بعد الدورة الشهرية.   حالات ضعف المناعة.   الأعراض الجانبية اضطرابات المعدة.   المغص.   الإمساك.   الغثيان أو القيء. جرعة فيروجلوبين شراب للاطفال (feroglobin syrup) فيروجلوبين شراب للأطفال من ٦ إلى ١٢ سنة : ملعقة شاى واحدة ( ٥ مللى ) مرة يومياً فيروجلوبين شراب للكبار : ملعقة شاى واحدة ( ٥ مللى ) مرتين يومياً أثناء الحيض او الحمل : ١ - ٢ ملعقة شاى مرتين يومياً أو تبعاً لتعليمات الطبيب سعر فيروجلوبين شراب للاطفال سعر دواء فيروجلوبين شراب للاطفال 120 مل حوالى 65 جنيه لعبوة تحتوى على 120 مل.     "" feroglobin syrup سعره قد يتغير من وقت لاخر تبعاً لتغير سعره فى الصيدليات "" موانع استعمال دواء فيروجلوبين للاطفال     التحسس المفرط لأي من مكونات هذا الدواء.   فرط الحديد في الجسم. قرحة والتهابات المعدة والأمعاء.     بديل فيروجلوبين شراب للاطفال سانسوفيت حديد للاطفال شراب انريتش نقط حديد للاطفال الرضع فاروفيت دواء شراب حديد للاطفال فيروبيلا شوكولاتة حديد للاطفال فيروز دواء حديد للاطفال    دواء حديد للاطفال    هل فيروجلوبين للاطفال يسمن ؟ feroglobin شراب يساعد على توفير الحديد والعديد من الفيتامينات والمعادن اللازمة لنمو الطفل ويساعد على الوقاية من الانيميا وفقدان الوزن بسبب نقص العناصر الغذائية. فيروجلوبين شراب من سن كام ؟ دواء feroglobin b12 syrup مناسب للاطفال من عمر ٦ سنوات. ما فائدة شراب فيروجلوبين للاطفال للشعر ؟ تساعد المعادن والفيتامينات الموجودة فى شراب فيروجلوبين  على تغذية بصيلات الشعر وتحسين نموه. ما افضل شراب حديد للاطفال  لا يسبب إمساك ؟ فيروجلوبين افضل شراب حديد للاطفال نوفوفير فيتامين حديد للاطفال البافيت حديد شراب للاطفال هيدروفيرين دواء حديد للانيميا للاطفال انريتش حديد نقط للاطفال",ماركة: فيتابيوتكس
25617,بلومفيل اقراص فيتامين للشعر والبشرة | 30 قرص,bloom ville tabs 3wzk,275,EGP,No Brand,الفيتامينات والمكملات>,in stock,https://chefaa.com:443/eg-ar/nowProduct/bloom-ville-30-tabs-3wzk,https://cdn.chefaa.com/filters:format(webp)/public/uploads/products/bloom-ville-30-tabs-3wzk-01670858458.png,https://cdn.chefaa.com/filters:format(webp)/public/uploads/products/bloom-ville-30-tabs-3wzk-01670858458.png,مميزات المنتج   بلومفيل اقراص (bloom ville tablets) تحتوي على مجموعة من المعادن والفيتامينات التي تدعم صحة البشرة والشعر والأظافر وتعالج مشكلاتها المختلفة، كالبهتان والتلف والتكسر والتساقط.   عن هذا المنتج     ما مكونات bloom ville tab  ؟ تحتوي كبسولات بلومفيل على:  فيتامين ب7 أو بيوتين (Vitamin B7 or Biotin)، والذي يدعم أنسجة الشعر والأظافر والبشرة والخلايا ويقويها ويعزز إنتاج الكيراتين وهو بروتين أساسي في هذه الأنسجة، لِيمنحها مظهرًا صحيًا ونضرًا.  سيلينيوم (Selenium)، ويساعد على تقليل قشرة الرأس وتحسين مرونة البشرة وتخفيف ظهور حب الشباب ويقوي الأظافر ويمنعها من التكسر.  زنك (Zinc)، يدعم صحة الأظافر والشعر ويمنع إصابتهما بالهشاشة والتكسر، كما يساعد على إصلاح تلف الشعر ويعزز نموه.  يحتوي المكمل الغذائي بلومفيل على فيتامينات ومعادن أخرى تدعم الصحة العامة للجسم بما في ذلك الشعر والبشرة والأظافر، وتشمل الآتي:  حمض الفوليك أو فيتامين ب9 (Folic acid or Vitamin B9).  نياسين أو فيتامين ب3 (Niacin or Vitamin B3).  ثيامين أو فيتامين ب1 (Thiamin or Vitamin B1).  ريبوفلافين أو فيتامين ب2 (Riboflavin or Vitamin B2).  فيتامين سي أو حمض الأسكوربيك (Vitamin C or Ascorbic acid).  فيتامين ب5 أو الكالسيوم-د-بانتوثينيك (Vitamin B5 or Calcium-d-pantothenic).  بيريدوكسين أو فيتامين ب6 (Pyridoxine or Vitamin B6).  كوبالامين أو فيتامين ب12 (Cobalamin or Vitamin B12).  فيتامين د3 (Vitamin D3).  فيتامين هـ (Vitamin E).  بيتا-كاروتين (β-Carotene)، وهو أحد أشكال فيتامين أ (Vitamin A).  الحديد.  النحاس.  المغنيسيوم.  المنغنيز.  عناصر ومعادن أخرى.  ما دواعي استعمال بلومفيل bloom ville tab ؟ اقراص bloom ville تُستخدم كمكمل غذائى : يدعم الصحة العامة للجسم بما في ذلك الشعر والأظافر والجلد، وذلك لاحتوائه على 27 مكون من الفيتامينات والمعادن وعناصر أخرى.  يعزز إنتاج الكولاجين في الجلد والشعر والأظافر.  يعيد المرونة إلى خلايا البشرة والشعر.  يعالج هشاشة الأظافر وتكسرها واعوجاجها.  يعالج التهابات الرأس ويقوي بصيلات الشعر، ما يؤدي إلى تعزيز نموه ومنع تساقطه.  يقلل من ظهور حب الشباب.  يعزز التئام الجروح والحروق البسيطة.  ما جرعة بلومفيل اقراص ؟ يجب اتباع توصيات الطبيب بشأن الجرعة، وعادة ما يمكن تناول من 1 - 2 قرص يوميًا من فيتامين بلومفيل للشعر والجلد والأظافر بعد وجبة الفطور أو الغداء.  ما بديل بلومفيل اقراص ؟ برفكتيل أقراص Perfectil tab.  انفينتي بيوفيتا للشعر والأظافر Biovita gummies.  بانتوجار كبسولات Pantogar capsules.  في كير للشعر والبشرة والأظافر Vee care capsules.  ما أضرار بلومفيل مكمل غذائي ؟ قد يسبب برشام بلومفيل بعض الآثار الجانبية الخفيفة والتي تختفي في غضون أيام قليلة من استخدام المكمل الغذائي، وتشمل اضطرابات الجهاز الهضمي، مثل:  إمساك أو إسهال.  ألم خفيف في البطن.  شعور بالغثيان.  انتفاخ وغازات. ما موانع استعمال فيتامين بلومفيل ؟ لا ينصح بتناول دواء بلومفيل للشعر والأظافر والبشرة في الحالات التالية:  الأشخاص الذين يعانون من فرط الحساسية تجاه أحد مكونات أقراص bloom ville.  مرضى الكبد.  التهاب القولون.  قرح الجهاز الهضمي.  ما فوائد بلومفيل للشعر ؟ يعزز فيتامين بلومفيل للشعر إنتاج الكيراتين، وهو بروتين أساسي يساهم في تجديد خلايا الشعر ويقويها.  يحسن الدورة الدموية في فروة الرأس ويقلل الالتهابات والقشرة.  يقوي بصيلات الشعر، ما يؤدي إلى تعزيز نموه ومنع تساقطه.  يصلح تلف الشعر وتقصفه وتكسره.  يقلل بهتان الشعر وهيشانه، ما يمنحه مظهرًا صحيًا وقويًا ولامعًا.  ما فوائد بلومفيل اقراص للبشرة ؟ يعيد برشام bloom ville المرونة للجلد، لأنه يعزز إنتاج الكيراتين فيه.  يعزز إنتاج الكولاجين والإيلاستين في البشرة، ما يحسن ملمسها ومظهرها.  يساهم في التئام الجروح والحروق البسيط الناتجة عن أشعة الشمس الضارة.  يساعد على ترطيب البشرة.  يقلل التلف الناتج عن الإجهاد التأكسدي وأشعة الشمس ويصلحه.  يعيد التوازن إلى البشرة ويتحكم في إنتاج الزهم الزائد.  يقلل من ظهور حب الشباب.  هل بلومفيل يزيد الوزن؟  لا تسبب حبوب بلومفيل زيادة في الوزن، ولكن في حالات قليلة، قد تؤدي بعض الفيتامينات والمعادن الموجودة فيه إلى زيادة الشهية، وبالتالي فقد يتناول بعض الأشخاص سعرات حرارية أكثر من المسموح بها يوميًا.  هل بلومفيل يزيد شعر الجسم؟  لا تسبب حبوب bloom ville 30 tabs أي زيادة في شعر الجسم.  أيهما أفضل بلومفيل ولا برفكتيل؟  لا يوجد فارق تقريبا بين بلومفيل اقراص للشعر وبرفكتيل، فكلاهما يحتويان على الفيتامينات والمعادن نفسها تقريبًا، ولكن قد يُفضل بعض الأشخاص برفكتيل لأنه مستورد من الشركة البريطانية فيتابيوتيكس Vitabiotics.  أما بلومفيل أقراص فهو صناعة مصرية من شركة باركفيل للأدوية Parkville pharmaceuticals.  ما أفضل فيتامين للشعر والأظافر من الصيدلية؟  بيوريتانز برايد بيوتين 10000 ميكروجم Puritan's pride biotin 10000 mcg.  بيرفكتيل أوريجينال للشعر والبشرة والأظافر Perfectil original.  بيوريتانز برايد للشعر والبشرة والأظافر Puritan's pride hair skin and nails.  في كير كبسولات للشعر والأظافر والبشرة Vee care capsules.,raw_specs: المواصفات
25230,سنترم مكمل غذائي للبالغين | 100 قرص,centrum adult 100tablets whfn,710,EGP,سنترم,الفيتامينات والمكملات>المكملات الغذائية,in stock,https://chefaa.com:443/eg-ar/nowProduct/centrum-adult-100tablets-whfn,https://cdn.chefaa.com/filters:format(webp)/public/uploads/products/centrum-adult-100tablets-whfn-01764162474.png,https://cdn.chefaa.com/filters:format(webp)/public/uploads/products/centrum-adult-100tablets-whfn-01764162474.png,عن هذا المنتج     سنترم هو مكمل غذائي يومي متعدد الفيتامينات مليء بالعناصر الغذائية الأساسية للاستجابة لاحتياجات الجسم وتعزيزالصحة.  مكوناته عالية الجودة مدعومة ب 40 عاما من الدراسات عن التغذية من العلامة التجارية رقم 1 للفيتامينات المتعددة. يتكون من 26 من المغذيات الدقيقة الرئيسية للمساعدة في دعم مستويات الطاقة اليومية، ودعم وظيفة المناعة الطبيعية، والمساعدة في عملية التمثيل الغذائي للمغذيات الكبرى في الجسم لم يتم تقييم هذا البيان من قبل من إدارة الغذاء والدواء. هذا المنتج غير مخصص لتشخيص أو علاج أو علاج أو منع أي مرض.  تدعم فيتامينات ب الاحتياجات اليومية من الطاقة. الفيتامينات C و E تدعم وظيفة المناعة الطبيعية. تساعد فيتامينات ب في عملية التمثيل الغذائي للدهون والكربوهيدرات والبروتينات.,ماركة: سنترم
194,كيروفيت مكمل غذائي | 15 كبسولة,kerovit capsules,150,EGP,أمون للأدوية,الفيتامينات والمكملات>المكملات الغذائية,in stock,https://chefaa.com:443/eg-ar/nowProduct/kerovit-capsules,https://cdn.chefaa.com/filters:format(webp)/public/uploads/products/Al9vZBBhxWKOSRgokULhLSW75YpjdjJ8RbC7N1kY.png,https://cdn.chefaa.com/filters:format(webp)/public/uploads/products/Al9vZBBhxWKOSRgokULhLSW75YpjdjJ8RbC7N1kY.png,مميزات المنتج   كيروفيت مكمل غذائي | 15 كبسولة   عن هذا المنتج     كيروفيت كبسولات هو مكمل غذائي يحتوي على عديد من الفيتامينات والمعادن الطبيعية والعناصر الغذائية التى تساعد الجسم فى التغلب على الإرهاق وتجدد الطاقة وتزيد من الحيوية كما أنه فعال فى زيادة كفاءة الجهاز المناعى .   الجرعة وطريقة الاستخدام:     هى كبسولة يوميا بعد تناول طعام الإفطار .      دواعي الاستعمال:     يستخدم لعلاج الإرهاق البدني والتعب.   يعالج الإجهاد الذهني والبدني.   يساعد في علاج ضعف الذاكرة والتركيز.   يساعد في علاج الضعف الجنسي عند الرجال ويدخل في علاج حالات العقم.   يستخدم أثناء فترة الرضاعة والحمل عند النساء لمد الجسم بالعناصر والفيتامينات الهامة والتي تفتقدها خلال تلك الفترة.,ماركة: أمون للأدوية
29261,لاكتو ايبكس ٥ lacto apex دواء لتقوية المناعة | 20 كبسول,lacto apex 30cap 6xu1,230,EGP,No Brand,الفيتامينات والمكملات>,in stock,https://chefaa.com:443/eg-ar/nowProduct/lacto-apex-5-30cap-6xu1,https://cdn.chefaa.com/filters:format(webp)/public/uploads/products/lacto-apex-5-30cap-6xu1-01709198091.png,https://cdn.chefaa.com/filters:format(webp)/public/uploads/products/lacto-apex-5-30cap-6xu1-01709198091.png,مميزات المنتج   لاكتو ايبكس ٥ (Lacto apex) مكمل غذائي يساعد على دعم الجهاز المناعي ويعزز امتصاص الحديد بالجسم .   عن هذا المنتج     مكونات لاكتو ايبكس ٥  يحتوي لاكتو ايبكس على  لاكتوفرين (Lactoferrin): يساعد على تعزيز جهاز المناعة، كما أنه يعزز نشاط الخلايا البيضاء في الجسم لمكافحة الالتهابات.  فيتامين سي (Vitamin C): يساهم في دعم جهاز المناعة وتعزيز تكوين الكولاجين الذي يعزز صحة الجلد والأوعية الدموية.  فيتامين د3 (Vitamin D3): يعزز صحة العظام والأسنان وينظم مستويات الكالسيوم في الجسم.  الزنك (Zinc): يدعم وظائف الجهاز المناعي، ويساهم في الحفاظ على صحة البشرة والشعر.  القنفذية الأرجوانية (Echinacea purpurea): نبات يُستخدم لتعزيز المناعة وتقليل مدة الإصابة بالأمراض المعوية والتنفسية الشائعة.  دواعي استعمال lacto apex capsule  يستخدم لاكتو ايبكس في:  تعزيز الجهاز المناعي.  زيادة امتصاص الحديد بالجسم.  الحماية من الأمراض الفيروسية والبكتيرية.  تقوية صحة الجسم بشكل عام.  الحفاظ على صحة البشرة والشعر.  جرعة لاكتو ايبكس   يفضل استشارة الطبيب المختص لتحديد الجرعة المناسبة. الجرعة المعتادة لكبسولات لاكتو ايبكس هي قرص واحد بعد الأكل أو كما ينصح الطبيب.   سعر lacto apex  يبلغ سعر لاكتو ايبكس كبسول حوال 230 جنيه مصري للعبوة 20 كبسولة.  بديل lacto-apex 5 capsule  ايميوكارم كبسول (Immukarm capsule)  هل يستخدم lacto-apex للاطفال؟  لا توجد معلومات كافية حول مدى أمان استخدام الدواء للأطفال، لذلك يفضل استشارة الطبيب المختص قبل استخدام لاكتو ايبكس.  ما أفضل دواء لتقوية المناعة ؟  ليمتلس فيتامين سى  أوسوفورتين أوريجينال  ليمتلس زنك,raw_specs: المواصفات
52428,ليمتلس كيدز مالتى جاميز فيتامين للاطفال limitless kids | ٩٠ قطعة,limitless kids multivitaminsminerals gummiesOMNV,310,EGP,ليمتلس ناتشورال,الفيتامينات والمكملات>,in stock,https://chefaa.com:443/eg-ar/nowProduct/limitless-kids-multivitaminsminerals-90-gummiesOMNV,https://cdn.chefaa.com/filters:format(webp)/public/uploads/products/limitless-kids-multivitaminsminerals-90-gummiesomnv-01733264093.png,https://cdn.chefaa.com/filters:format(webp)/public/uploads/products/limitless-kids-multivitaminsminerals-90-gummiesomnv-01733264093.png,مميزات المنتج   ليمتلس كيدز مالتي جاميز (limitless kids gummies) مكمل غذائي يحتوي على 18 عنصر من الفيتامينات والمعادن التي تدعم صحة الطفل ووتعزز النمو الطبيعي، وتأتي في صورة جاميز لذيذة بطعم المانجو.   عن هذا المنتج     ما مكونات ليمتلس كيدز مالتى جاميز؟  يحتوي ليمتلس كيدز جاميز على:   فيتامين A: يدعم صحة النظر ويقوّي الجهاز المناعي، كما يساهم في نمو الجلد والخلايا والأنسجة.  فيتامين C: يعزز المناعة ويساعد على امتصاص الحديد من الطعام.  فيتامين D3: ضروري لامتصاص الكالسيوم في العظام، كذلك يعزز نمو العظام والأسنان بشكل صحي.  فيتامين K: يساهم في تقوية العظام.  فيتامين E: مضاد أكسدة قوي يحمي خلايا الجسم من التلف كما يدعم جهاز المناعة وصحة الجلد.  فيتامين B6: يساهم في نمو الدماغ وتطور القدرات العصبية.  فيتامين B12: مهم لتكوين خلايا الدم الحمراء ويدعم صحة الأعصاب والنمو العقلي.  حمض الفوليك (folic acid): يساعد على تكوين الحمض النووي وخلايا الدم كذلك له دور مهم  في نمو المخ والجهاز العصبي لدى الأطفال.  الكالسيوم (calcium): عنصر ضروري  لبناء العظام والأسنان القوية.  الزنك (Zinc): يعزز مناعة الطفل ويقلل من الإصابة بالعدوى.  السيلينيوم (Selenium): مضاد أكسدة يحمي الخلايا من التلف.  النياسين (Vitamin B3): يساعد في تحويل الطعام إلى طاقة كما يدعم صحة الجهاز العصبي والجلد.  الكروميوم (Chromium): يساعد على تنظيم مستوى السكر في الدم.  البيوتين (Biotin): يدعم صحة الشعر والجلد والأظافر ويساهم في إنتاج الطاقة.  ما فوائد ليمتلس كيدز ملتي فيتامين للاطفال؟  يساعد limitless kids multivitamin على:   دعم النمو الطبيعي للأطفال.  تقوية الجهاز المناعي.  دعم التركيز والنمو العقلي.  زيادة مستوى النشاط والطاقة.  دعم الوظائف الإدراكية.  دعم صحة العظام والأسنان.  تعويض نقص الفيتامينات والمعادن الأساسية بالجسم.  ما دواعي استعمال ليمتلس كيدز مالتي فيتامين؟  يستخدم دواء ليمتلس كيدز في الحالات الآتية:  تعويض نقص الفيتامينات والمعادن خاصة للأطفال الذين لا يحصلون على تغذية متوازنة.  دعم النمو السليم للعظام والأسنان.  تعزيز المناعة ضد نزلات البرد والعدوى المتكررة.  تحسين التركيز والنشاط العقلي.  دعم وظائف الدماغ والذاكرة والانتباه.  دعم الطاقة اليومية.  رفع مستوى النشاط البدني والذهني.  مفيد في حالات ضعف الشهية أو قلة التغذية.  ما جرعة ليمتلس كيدز؟  الجرعة الموصى بها من ليمتلس كيدز للاطفال هي 2 جاميز يومياً من عمر 4 سنوات.  (جميع الجرعات المذكورة هي جرعات استرشادية ولا يجب الاعتماد عليها إذا كنت من غير المختصين).  ما الأعراض الجانبية لفيتامين ليمتلس كيدز؟  يعد limitless kids multivitamins آمنًا على الأطفال بشكل عام عند استخدامه وفقاً للجرعة المحددة والموصى بها، ولكن قد يسبب بعض الآثار الجانبية وتشمل ما يلي:  اضطرابات المعدة.  إسهال أو إمساك مؤقت.  الغثيان.  رد فعل تحسسي.  ما موانع استعمال ليمتلس كيدز مالتي ڤيتامين؟  يمنع استخدام ليمتلس كيدز مالتي جاميز في الحالات التالية:  فرط الحساسية تجاه أحد مكونات الدواء.  الأطفال أقل من 4 سنوات.  كم سعر ليمتلس كيدز؟  يبلغ سعر limitless kids multi gummies 90 gummies حوالي 290 جنيه مصري.  (سعر الدواء قد يتغير تبعاً لتحديث سعره في الصيدليات).,ماركة: ليمتلس ناتشورال
2220,بون كير | لجراحات العظام | تركيز 0.5 ميكروجرام,bonecare mcg capsules,129,EGP,مالتى كير فارما,الفيتامينات والمكملات>المكملات الغذائية,in stock,https://chefaa.com:443/eg-ar/nowProduct/bonecare-05-mcg-30-capsules,https://cdn.chefaa.com/filters:format(webp)/public/uploads/products/bonecare-05-mcg-30-capsules-01721160896.png,https://cdn.chefaa.com/filters:format(webp)/public/uploads/products/bonecare-05-mcg-30-capsules-01721160896.png,"مميزات المنتج   يستخدم الدواء فى حالات هشاشة العظام وعلاج نقص فيتامين د   عن هذا المنتج       مكونات بون كير كبسولات جيلاتينيه  تحتوي على المادة الفعالة :   الفا كالسيدول alfacalcidol : وهو نوع من فيتامين د  ، والذي يساعد على تنظيم مستويات الكالسيوم والفوسفات في الجسم وهو ضرورى للحفاظ على العظام والأسنان صحية وقوية. جرعة  bone care 0.5 mcg capsules  يجب عليك مراجعة الطبيب أو الصيدلي قبل تناول الدواء جرعة الدواء قد تختلف من حالة لأخرى وتكون الجرعة المعتادة كالتالى :  كبسولة مرة واحدة يومياً الأعراض الجانبية لدواء بون كير أقراص قد يسبب الدواء بعض الآثار الجانبية على الرغم من عدم تعرض الجميع لها مثل : الطفح الجلدي والحكة الشعور بالدوار فقدان الشهية ، فقدان الوزن  الشعور بالتعب  الشعور بالغثيان  التعرق  زيادة الحاجة إلى التبول موانع استعمال بون كير فيتامين د الحساسية للمادة الفعالة أو لأي من مكونات الدواء ارتفاع نسبة الكالسيوم فى الدم التكلس (  ترسب الكالسيوم في أنسجة الجسم ) التحذيرات والاحتياطات عند تناول Bone Care Capsule يجب إستشارة الطبيب أو الصيدلى فى حالة كنت تتناول أدوية أخرى أو تعانى من أى أمراض  يجب إستشارة الطبيب أو الصيدلي قبل إستخدام الدواء فى حالة الحمل أو الرضاعة سعر بون كير كبسول 0.5 ميكروجرام تحتوى العلبة على 3 شرائط - 30 كبسول   يبلغ سعر bone care حوالي 88 جنيه مصرى  "" قد يتغير السعر من وقت لآخر "" تركيزات دواء Bone Care Capsule Bone Care 0.25 mcg : يحتوى على المادة الفعالة الفاكالسيدول بتركيز 0.25 ميكروجرام Bone Care 0.5 mcg : يحتوى على المادة الفعالة الفاكالسيدول بتركيز 0.5 ميكروجرام Bone Care 1 mcg: يحتوى على المادة الفعالة الفاكالسيدول بتركيز 1 ميكروجرام بون كير لأمراض العضلات والعظام يساعد الدواء فى الحفاظ على كتلة العضلات  لدى مرضى هشاشة العظام الذين يعانون من انخفاض الكتلة العضلية بون كير لعلاج أمراض نقص الكالسيوم يعمل الدواء على زيادة كمية فيتامين د في الجسم مما يؤدى إلى ارتفاع مستويات الكالسيوم والفوسفات في الجسم ، لذا يُستخدم الدواء لعلاج الأمراض التي يحدث فيها نقص لهذه العناصر بالجسم ما هى فائدة دواء بون كير للعظام ؟ يساعد الدواء فى علاج هشاشة العظام عن طريق تحفيز امتصاص الكالسيوم من الأمعاء إلى الدم  ، والحفاظ على توازن الكالسيوم فى الجسم متى يجب أن أتناول دواء bone care ؟ عادة ما يتم تناوله كجرعة واحدة في اليوم وحاول أن تأخذ جرعاتك في نفس الوقت من اليوم كل يوم ، حيث سيساعدك ذلك على تذكر تناولها بانتظام ما هي أسماء أدوية فيتامين د المتوافرة فى مصر ؟ بون كير كبسولات فيتامين د فيدروب لعلاج نقص فيتامين د دافاليندي حبوب فيتامين د الفاكارينو نقط  وان الفا كبسول ونقط ديفارول حقن هل الفاكالسيدول هو فيتامين د؟ ألفاكالسيدول هو الصورة النشطة لفيتامين د  ماذا يحدث إذا كانت نسبة فيتامين د منخفضة؟ يمكن أن يؤدي نقص فيتامين د إلى فقدان كثافة العظام ، مما قد يساهم في الإصابة بهشاشة العظام والكسور ويمكن أن يؤدي نقص فيتامين د الشديد إلى مضاعفات أخرى. ما هو مستوى فيتامين د الطبيعي؟ مستوى فيتامين D فى الدم يقاس بوحدة نانوجرام في المليلتر من الدم (نانوغرام / مل).  ويوصي العديد من الخبراء بالحفاظ على نسبة من فيتامين د تتراوح بين 20 إلى 40 نانوجرام / مل. ويوصي البعض الآخر بمستوى يتراوح بين 30 إلى 50 نانوغرام / مل",ماركة: مالتى كير فارما
25234,سنترم سيلفر مكمل غذائي للبالغين | 30 قرص,centrum silver 30tab orxv,290,EGP,سنترم,الفيتامينات والمكملات>المكملات الغذائية,in stock,https://chefaa.com:443/eg-ar/nowProduct/centrum-silver-30tab-orxv,https://cdn.chefaa.com/filters:format(webp)/public/uploads/products/centrum-silver-30tab-orxv-01764163062.png,https://cdn.chefaa.com/filters:format(webp)/public/uploads/products/centrum-silver-30tab-orxv-01764163062.png,"مميزات المنتج   سنترم سيلفر للبالغين مصمم خصيصا لكبار السن في 50 من العمر و ما بعدها.  إنه مصنوع من مكونات عالية الجودة وجميع الفيتامينات والمعادن الأساسية للحفاظ على صحة القلب والمخ والعينين وحمايتهما. يساعد على تعزيز صحة القلب ويدعم وظائف المخ الطبيعية ويحافظ على صحة العينين لدى كبار السن. يحتوي على أعلى مستوى من فيتامين D3 في Centrum، وهو الشكل المفضل من فيتامين D، لدعم عظام قوية وصحية. تدعم فيتامينات ب الاحتياجات اليومية من الطاقة. الفيتامينات C و E تدعم وظيفة المناعة الطبيعية. تساعد فيتامينات ب في عملية التمثيل الغذائي للدهون والكربوهيدرات والبروتينات   عن هذا المنتج     سنترم سيلفر للبالغين مصمم خصيصا لكبار السن في 50 من العمر و ما  بعدها. إنه مصنوع من مكونات عالية الجودة وجميع الفيتامينات والمعادن الأساسية للحفاظ على صحة القلب والمخ والعينين وحمايتهما. تركيبة معدلة حسب العمر مع 26 من المغذيات الدقيقة. يساعد على تعزيز صحة القلب ويدعم وظائف المخ الطبيعية ويحافظ على صحة العينين لدى كبار السن.*يحتوي على أعلى مستو ى من فيتامين D3 في Centrum، وهو الشكل المفضل من فيتامين D، لدعم عظام قوية وصحية. لم يتم تقييم هذا البيان من قبل من إدارة الغذاء والدواء. هذا المنتج غير مخصص لتشخيص أو علاج أو منع أي مرض. تدعم فيتامينات ب الاحتياجات اليومية من الطاقة. الفيتامينات C و E تدعم وظيفة المناعة الطبيعية. تساعد فيتامينات ب في عملية التمثيل الغذائي للدهون والكربوهيدرات والبروتينات""",ماركة: سنترم
30486,تولانجو فيت شراب للاطفال فيتامينات لزيادة التركيز | 120مل,tulango vit syrup 120ml ncvy,95,EGP,No Brand,الفيتامينات والمكملات>,in stock,https://chefaa.com:443/eg-ar/nowProduct/tulango-vit-syrup-120ml-ncvy,https://cdn.chefaa.com/filters:format(webp)/public/uploads/products/tulango-vit-syrup-120ml-rna1-01686164826.png,https://cdn.chefaa.com/filters:format(webp)/public/uploads/products/tulango-vit-syrup-120ml-rna1-01686164826.png,مميزات المنتج   تولانجو فيت شراب للاطفال (Tulango-vit) أول منتج مصري يحتوي على غذاء ملكات النحل، وهو غني بالفيتامينات التي تدعم صحة الطفل وتعزز نموه بشكل سليم وصحي.   عن هذا المنتج     مكونات تولانجو فيت شراب للاطفال   يحتوي شراب تولانجو فيت على:  رويال جيلي (Royal Jelly): مصدر غني بالفيتامينات والمعادن والبروتينات، يعزز الطاقة والنشاط ويساهم في تحسين الصحة العامة وقوة الجسم.  فيتامين سي (Vitamin C): مضاد أكسدة قوي ويساهم في تحسين امتصاص الحديد من الطعام.  فيتامين ب3 (Vitamin B3): يُستخدم في تحسين وظائف الجهاز العصبي والهضمي.  فيتامين هـ (Vitamin E): يُعتبر مضادًا للأكسدة ويساهم في حماية الخلايا من الضرر، كما يعزز صحة البشرة والشعر.  فيتامين ب5 (Pantothenic Acid): يساعد على دعم صحة الجلد والشعر، كذلك له دور في عملية تحويل الطعام إلى طاقة.  فيتامين ب6 (Pyridoxine): يُستخدم في تحسين وظائف الجهاز العصبي وتخفيف التوتر والقلق.  فيتامين ب2 (Riboflavin): يساهم في دعم وظائف الجهاز العصبي.  فيتامين ب1 (Thiamine): يُعتبر أساسيًا لوظائف الجهاز العصبي وإنتاج الطاقة، كما يمكن أن يساعد في دعم صحة القلب والعضلات.  فيتامين أ (Vitamin A): يُستخدم في دعم صحة البصر والجلد والجهاز المناعي.  حمض الفوليك (Folic Acid): يُستخدم في تكوين الحمض النووي ونمو الخلايا.  بيوتين (Biotin): يُستخدم في دعم صحة الشعر والأظافر.  فيتامين د3 (Vitamin D3): يدعم صحة العظام والأسنان، ويساهم في امتصاص الكالسيوم في الجسم.  فيتامين ب12 (Vitamin B12): يدعم وظائف الجهاز العصبي.  فوائد تولانجو فيت للاطفال  يساعد شراب تولانجو فيت على  تعزيز ودعم المناعة لدى الأطفال.  دعم الصحة العامة، ونمو الطفل بشكل صحي وسليم.  تحسين الشهية.  زيادة النشاط والتركيز.  جرعة tulango vit  الجرعة الموصى بها من شراب تولانجو فيت هي:  الأطفال من 5 -12 سنة: 5 مل يوميًا.  الأطفال من 12 سنة والبالغين: 10 مل يوميًا.  أو حسب توصيات الطبيب المختص.  سعر تولانجو فيت للاطفال  سعر تولانجو فيت شراب هو 75 جنيه مصري.  بديل تولانجو فيت للاطفال  توتافيت شراب (Totavit).  مادوفيت شراب (Madovit).  ويل كيد شراب (wellkid).  ما أفضل ملتي فيتامين للاطفال شراب؟  سانسوفيت شراب (sansovit).  ليمتلس كيدز (limitless kids).  تولانجو فيت (tulango vit).  مادوفيت (madovit).,raw_specs: المواصفات
146,كال ماج calmag حبوب الكالسيوم والمغنسيوم | 30 قرص,cal mag capsules,177,EGP,كيمي فارما,الفيتامينات والمكملات>المكملات الغذائية,in stock,https://chefaa.com:443/eg-ar/nowProduct/cal-mag-30-capsules,https://cdn.chefaa.com/filters:format(webp)/public/uploads/products/1594285119cal-mag-tabletsjpg,https://cdn.chefaa.com/filters:format(webp)/public/uploads/products/1594285119cal-mag-tabletsjpg,"مميزات المنتج   كال ماج أقراص cal mag tablets هو مكمل غذائى يتميز بتركيبة متوازنة من عنصرى الكالسيوم والمغنيسيوم اللذان يلعبان دوراً هاماً فى صحة العظام والأسنان والعضلات والجسم بشكل عام   عن هذا المنتج     مكونات كال ماج اقراص cal mag      الكالسيوم : هو عنصر أساسى لتكوين العظام كما أن له دورًا هاماً في العديد من الوظائف الحيوية المختلفة بالجسم مثل تجلط الدم وحركة العضلات .   المغنيسيوم : هو عنصر مهم للعديد من أجهزة الجسم ، وخاصة العضلات والأعصاب      دواعي استعمال كال ماج مكمل غذائي  يستخدم برشام cal mag كمكمل غذائي :     لدعم صحة القلب والأوعية الدموية   لتقوية العظام   للوقاية من الإصابة بهشاشة العظام   فى حالات نقص الكالسيوم أو الماغنسيوم في الجسم        جرعة cal mag tablets     يجب عليك مراجعة الطبيب أو الصيدلي قبل تناول كالماج   جرعة cal mag دواء قد تختلف من حالة لأخرى   وتكون الجرعة المعتادة كالتالى : قرص مرة واحدة يومياً سعر كال ماج كالسيوم أقراص cal mag سعره حوالي 147 جنيه مصرى وتحتوى العلبة على 3 شرائط - 30 قرص  سعر شريط كال ماج حوالى 35 جنيه مصرى   "" كال ماج سعره قد يتغير من وقت لآخر تبعاً لتغيره فى الصيدليات""        الآثار الجانبية لاقراص كال ماج calmag     إسهال   إمساك   اضطراب المعدة        موانع استعمال calmag tablets     فى حالة الحساسية من إحدى مكونات الدواء   فى حالة التهابات في المعدة والأمعاء   فى حالة  حصوات الكلى   فى حالة تناول  المضادات الحيوية مثل التتراسيكلين و الكينولون  ( لأن الكالسيوم يمنع امتصاص  الجسم لهذه الأدوية )     الاحتياطات قبل تناول برشام كال ماج     يجب استشارة الطبيب أو الصيدلى فى حالة كنت تتناول أدوية أخرى أو تعانى من أى أمراض   يجب استشارة الطبيب أو الصيدلي قبل إستخدام الدواء فى حالة الحمل أو الرضاعة     برشام كال ماج للحامل  تحتوى كال ماج أقراص على الكالسيوم والمغنسيوم وكلاهما يساعد على نمو الجنين وتقليل خطر الإصابة بتسمم الحمل ولكن يجب استشارة الطبيب قبل تناوله    كال ماج للمرضع  يمكن تناول الدواء في فترة الرضاعة الطبيعية ولكن بعد استشارة الطبيب      كال ماج للعظام  يحتاج الجسم إلى الكالسيوم والمغنسيوم لبناء عظام قوية والحفاظ عليها      كال ماج للتخسيس   قد يكون المغنيسيوم مفيدًا في تنظيم مستويات السكر والأنسولين في الدم لدى الأشخاص الذين يعانون من زيادة الوزن أو السمنة     اقراص كال ماج للرجال  الكالسيوم والمغنسيوم كلاهما مهم للرجال لتقوية العظام وزيادة كثافتها     دواء كال ماج للشعر  المغنيسيوم له دورًا مهمًا في تعزيز نمو بصيلات الشعر ،كما أن نقص الكالسيوم والمغنيسيوم بالجسم قد يسبب تساقط الشعر      ما هو بديل كال ماج calmag ؟     دواء كالسيد  calcid   دواء كالسيترون calcitron   دواء لاكتوكال  lactocal   دواء زيماكال  zimacal   دواء  كالسى ماكس calcimax   دواء اوستيوكير osteocare        أيهما أفضل كال ماج أم كالسيترون ؟     كال ماج : يحتوى على الكالسيوم والمغنسيوم   كالسيترون : يحتوى على الكالسيوم والمغنسيوم  بالإضافة إلى البوتاسيوم , الفسفور , الزنك ,المنجنيز , البورون ، النحاس ، السيليكون ,فيتامين ج ، فيتامين د وفيتامين أ   ويحدد الطبيب أيهما أفضل وفقاً لاحتياجات وحالة المريض ما هى جرعة كال ماج للحامل ؟ يحدد الطبيب الجرعة المناسب تبعاً للحالة ما هي أضرار حبوب كال ماج ؟ الدواء آمن بشكل عام طالما يتم تناوله بالجرعات الموصى بها ما أفضل وقت لتناول كال ماج وفيتامين د ؟ يُفضل تناول مكملات الكالسيوم بعد الطعام بساعة أو ساعتين.        ما هى أسماء أدوية المغنيسيوم  فى مصر ؟     سوبرماج Supermag حبوب المغنيسيوم   بيوماج  Bio-mag مكملات المغنيسيوم    ماجفيتال Magvital كبسولات مغنيسيوم      ما هي أفضل أنواع حبوب الكالسيوم مع فيتامين د؟     أقراص اوستيوكير osteocare   أقراص كالسيترون calcitron   أقراص  كالسى ماكس calcimax        ما هي الأطعمة التي تحتوي على نسبة عالية من الكالسيوم والمغنيسيوم؟ السمسم   سمك السلمون  والسردين   الزبادي   الخضروات مثل الكرنب والبروكلي   اللفت والسلق   الخردل   اللوز",ماركة: كيمي فارما
25231,سنترم سيلفر مكمل غذائي للبالغين | 100 قرص,centrum silver 100tab lpsl,830,EGP,سنترم,الفيتامينات والمكملات>المكملات الغذائية,in stock,https://chefaa.com:443/eg-ar/nowProduct/centrum-silver-100tab-lpsl,https://cdn.chefaa.com/filters:format(webp)/public/uploads/products/centrum-silver-100tab-lpsl-01764163207.png,https://cdn.chefaa.com/filters:format(webp)/public/uploads/products/centrum-silver-100tab-lpsl-01764163207.png,"مميزات المنتج   سنترم سيلفر للبالغين مصمم خصيصا لكبار السن في 50 من العمر و ما بعدها.  إنه مصنوع من مكونات عالية الجودة وجميع الفيتامينات والمعادن الأساسية للحفاظ على صحة القلب والمخ والعينين وحمايتهما. يساعد على تعزيز صحة القلب ويدعم وظائف المخ الطبيعية ويحافظ على صحة العينين لدى كبار السن. يحتوي على أعلى مستوى من فيتامين D3 في Centrum، وهو الشكل المفضل من فيتامين D، لدعم عظام قوية وصحية. تدعم فيتامينات ب الاحتياجات اليومية من الطاقة. الفيتامينات C و E تدعم وظيفة المناعة الطبيعية. تساعد فيتامينات ب في عملية التمثيل الغذائي للدهون والكربوهيدرات والبروتينات   عن هذا المنتج     سنترم سيلفر للبالغين مصمم خصيصا لكبار السن في 50 من العمر و ما  بعدها. إنه مصنوع من مكونات عالية الجودة وجميع الفيتامينات والمعادن الأساسية للحفاظ على صحة القلب والمخ والعينين وحمايتهما. تركيبة معدلة حسب العمر مع 26 من المغذيات الدقيقة. يساعد على تعزيز صحة القلب ويدعم وظائف المخ الطبيعية ويحافظ على صحة العينين لدى كبار السن. يحتوي على أعلى مستوى من فيتامين D3 في Centrum، وهو الشكل المفضل من فيتامين D، لدعم عظام قوية وصحية. لم يتم تقييم هذا البيان من قبل من إدارة الغذاء والدواء. هذا المنتج غير مخصص لتشخيص أو علاج أو منع أي مرض. تدعم فيتامينات ب الاحتياجات اليومية من الطاقة. الفيتامينات C و E تدعم وظيفة المناعة الطبيعية. تساعد فيتامينات ب في عملية التمثيل الغذائي للدهون والكربوهيدرات والبروتينات""",ماركة: سنترم
32961,كوباد 10000 copad كبسولات فيتامين د | 30 كبسولة,copad caps gwyr,215,EGP,No Brand,الفيتامينات والمكملات>المكملات الغذائية,in stock,https://chefaa.com:443/eg-ar/nowProduct/copad-10000-iu-30-caps-gwyr,https://cdn.chefaa.com/filters:format(webp)/public/uploads/products/copad-10000-iu-30-caps-gwyr-01728227000.png,https://cdn.chefaa.com/filters:format(webp)/public/uploads/products/copad-10000-iu-30-caps-gwyr-01728227000.png,"مميزات المنتج   كوباد 10000 (Copad) هو مكمل غذائي يحتوي على فيتامين د3 بتركيز 10,000 وحدة دولية، بالإضافة إلى فيتامين سي، ويُستخدم لدعم صحة العظام، وتعزيز وظيفة الجهاز المناعي، والمساهمة في نمو الخلايا.   عن هذا المنتج     مكونات كوباد 10000  يحتوي كوباد مكمل غذائي على:  فيتامين د3 (vitamin D3): يساعد على تعزيز صحة العظام والأسنان ويدعم الجهاز المناعي، كذلك يساهم في تقوية العضلات وتحسين الحالة المزاجية.  فيتامين سي (Vitamin C): يعمل كمضاد للأكسدة، مما يساعد على حماية الجسم من الأمراض والعدوى ويساهم في تحفيز إنتاج الكولاجين وتحسين امتصاص الحديد بالجسم.  دواعي استعمال copad 10000  يستخدم علاج copad 10000 في:  دعم صحة العظام والأسنان.  علاج نقص فيتامين د.  الوقاية من هشاشة العظام، خاصة لدى كبار السن والنساء بعد انقطاع الطمث.  تقوية الأسنان والحد من مشكلات ضعف الأسنان.  تعزيز صحة الجهاز المناعي.  زيادة امتصاص الكالسيوم، مما يحسن صحة العظام والعضلات.  دعم صحة القلب والأوعية الدموية مما يقلل مخاطر الإصابة بأمراض القلب وضبط ضغط الدم.  تحسين صحة البشرة وتأخير علامات الشيخوخة.  دعم وظائف العضلات وتقليل التعب والإرهاق.  تحسين مستوى الطاقة وتقليل الشعور بالإجهاد.  الوقاية من نقص فيتامين د.  تحسين امتصاص الحديد والوقاية من الأنيميا. فوائد كوباد 10000  تعزيز صحة العظام والأسنان  يحسن امتصاص الكالسيوم والفوسفور، مما يقوي العظام ويمنع هشاشتها.  يساعد على تقوية الأسنان والحد من مشكلات ضعفها.  يقوي الجهاز المناعي.  يعزز مقاومة الجسم للفيروسات والبكتيريا، مما يقلل من فرص الإصابة بنزلات البرد والإنفلونزا.  يدعم صحة القلب والأوعية الدموية  يقلل خطر الإصابة بأمراض القلب.  يعمل فيتامين د3 على تحسين الدورة الدموية وتقليل الالتهابات المزمنة.  يحسن صحة البشرة ويقلل من التجاعيد.  يعمل فيتامين C كمضاد للأكسدة، مما يحمي البشرة من الأضرار البيئية.  يساعد على تحفيز إنتاج الكولاجين، مما يمنح البشرة مظهرًا صحيًا ومشدودًا.  يقلل التشنجات العضلية وآلام العضلات.  يساهم في تحسين الطاقة وتقليل الشعور بالإجهاد.  يحسن امتصاص الحديد ويقي من الأنيميا بفضل احتوائه على فيتامين سي.  يقي من نقص فيتامين د.   سعر كوباد 10000  copad 10000 سعره  (copad 10.000 i.u. 30 caps) حوالي 215 جنيه مصري للعبوة. ""سعر المنتج قد يتغير بناءً على تحديثه بالصيدليات""   جرعة كوباد 10000  تعتمد جرعة copad 10.000 capsoule على حالة كل مريض، وما إذا كان يعاني من نقص حاد في مستويات فيتامين د، أو يحتاج إلى مجرد جرعة وقائية.  يحدد الطبيب الجرعة المناسبة وفق كل حالة.   يفضل تناول كوباد أقراص مع الأكل أو بعده.  الأعراض الجانبية لمكمل غذائي كوباد  عادةً لا يسبب copad d3 عند تناوله بالجرعات الصحيحة أي آثار جانبية، ولكن إذا شعرت بأي تأثيرات غير معتادة، فاتصل بطبيبك على الفور.  تناول كميات زائدة من كوباد 10000 فيتامين د قد يؤدي إلى ارتفاع في مستويات الكالسيوم في الدم وحدوث الأعراض التالية:  الغثيان أو القيء.  الإمساك.  فقدان الشهية.  زيادة العطش.  زيادة التبول.  تغيرات في الحالة النفسية أو المزاجية.  الشعور بالتعب غير المعتاد.  ردود الفعل التحسسية لهذا الدواء نادرة، ولكن يجب الحصول على مساعدة طبية فورية إذا لاحظت أي أعراض تدل على رد فعل تحسسي خطير، بما في ذلك:  الطفح الجلدي.  الحكة/التورم (خاصة في الوجه أو اللسان أو الحلق).  الشعور بالدوار شديد.  صعوبة في التنفس.   موانع استعمال copad d3  يمنع استخدام كوباد فيتامين د3  إذا كنت تعاني من حساسية تجاه فيتامين د، أو تجاه أي منتجات أخرى من فيتامين د (مثل الكالسيتريول).  قبل استخدام هذا الدواء، أخبر الطبيب إذا كنت تعاني من:  ارتفاع مستويات الكالسيوم أو فيتامين د في الدم.  مشكلات في امتصاص العناصر الغذائية من الطعام.  أمراض الكلى أو الكبد.  أثناء الحمل، لا ينبغي استخدام جرعات من فيتامين د أعلى من الجرعة الغذائية الموصى بها إلا عند الضرورة القصوى، وتحت إشراف الطبيب.   هذا الدواء يمر إلى حليب الأم، لذا استشيري طبيبك قبل الرضاعة الطبيعية.  بديل كوباد 10000 فيتامين د  ديكسفيت أقراص dixvit tablets.  دي ديب كبسول d- dep capsule.  سانسو د3 أقراص sanso d3 tablets.  ميرفا د3 أقراص merva d3 tablets.  وان ألفا أقراص one alpha tablets.  متى يؤخذ فيتامين د في الصباح أو المساء؟  تشير بعض الأبحاث بأن أفضل وقت لتناول فيتامين د في الصباح مع وجبة الإفطار مما يقلل من تداخله مع هرمون الميلاتونين، وبالتالي يساعد على تجنب اضطرابات النوم.   يفضل تناول فيتامين د مع وجبة تحتوي على الدهون لتعزيز امتصاصه.  متى يبدأ مفعول فيتامين د 10000؟  يعتمد الوقت اللازم لبدء ملاحظة ارتفاع نسبة فيتامين د في الجسم على معدل النقص لديك والجرعات الموصوفة من قبل الطبيب.   قد يحتاج الجسم إلى مدة تتراوح بين 2-3 أشهر لاستعادة النسبة الطبيعية لفيتامين د في الجسم.  ما هو علاج copad 10000؟  كوباد 10000 هو مكمل غذائي يحتوي على فيتامين د3 (10000 وحدة دولية) وفيتامين سي، ويستخدم لعلاج أو الوقاية من نقص فيتامين د، ودعم صحة الجهاز المناعي، وكذلك يعزز صحة العظام، والأسنان، ويفضل تناوله مع وجبة تحتوي على الدهون لتحسين الامتصاص.",raw_specs: المواصفات
50021,سويتال | ستيفيا سكر بودرة | 250جم,sweetal powdered sugar encs_dunLbABr_duQwquiE,140,EGP,No Brand,الفيتامينات والمكملات>,in stock,https://chefaa.com:443/eg-ar/nowProduct/sweetal-powdered-sugar-250-gm-encs_dunLbABr_duQwquiE,https://cdn.chefaa.com/filters:format(webp)/public/uploads/products/sweetal-powdered-sugar-250-gm-encs-dunlbabr-duqwquie-01730716557.png,https://cdn.chefaa.com/filters:format(webp)/public/uploads/products/sweetal-powdered-sugar-250-gm-encs-dunlbabr-duqwquie-01730716557.png,مميزات المنتج   سويتال | ستيفيا سكر بودرة | 250جم,raw_specs: المواصفات
52434,ليمتلس اوستيو دنس فيتامين د للعظام limitless osteodense | ٣٠ قرص,limitless osteodense original tab8guY,145,EGP,ليمتلس ناتشورال,الفيتامينات والمكملات>,in stock,https://chefaa.com:443/eg-ar/nowProduct/limitless-osteodense-original-30-tab8guY,https://cdn.chefaa.com/filters:format(webp)/public/uploads/products/limitless-osteodense-original-30-tab8guy-01733264308.png,https://cdn.chefaa.com/filters:format(webp)/public/uploads/products/limitless-osteodense-original-30-tab8guy-01733264308.png,مميزات المنتج   ليمتلس أوستيو دنس (limitless osteodense original 30 tab) هو مكمل غذائي يحتوي على العديد من العناصر الغذائية، وهو مصمم خصيصًا لدعم صحة الأسنان والعظام والوقاية من هشاشتها، خاصة لدى النساء بعد انقطاع الطمث ولدى كبار السن.   عن هذا المنتج     ما مكونات ليمتلس اوستيو دنس اورجينال ؟  يحتوي osteodense limitless على:  الكالسيوم (calcium): العنصر الرئيسي في تكوين العظام والأسنان، ويقلل من خطر الإصابة بهشاشة العظام.  فيتامين D3:  يُعزز امتصاص الكالسيوم من الأمعاء إلى مجرى الدم ويُعد عنصرًا مهمًا في تحسين كثافة العظام.  فيتامين K2: يساعد على توجيه الكالسيوم إلى العظام بدلًا من أن يترسب في الأوعية الدموية أو الأنسجة الرخوة، مما يساهم في الوقاية من التكلس الشرياني ويحسن من توزيع الكالسيوم في الجسم بشكل صحي وآمن.  الماغنسيوم (magnesium): يحفز عمل فيتامين د ويساعد على تثبيت الكالسيوم داخل العظام، مما يساهم في دعم صحة العظام.  الزنك (zinc): عنصر مهم لنمو العظام بالإضافة إلى دوره في تعزيز التئام الكسور ودعم المناعة العامة.  النحاس (copper): يُساهم في إنتاج الكولاجين، مما يُساعد على تقوية العظام والمفاصل وتحسين مرونتها، وبالتالي يقلل من خطر الكسر والتآكل.  المنجنيز (manganese): يدعم نمو العظام وإنتاج الكولاجين.  السيلينيوم (selenium): يتمتع بخصائص مضادة للأكسدة، ويساهم في الحفاظ على صحة العظام على المدى الطويل.  البورون (boron): عنصر مهم في تحسين امتصاص الكالسيوم والماغنسيوم، كما يساعد على تنظيم مستويات الهرمونات مثل الإستروجين والتستوستيرون التي تحافظ على كثافة العظام.  ما جرعة ليمتلس اوستيو دنس اورجينال؟  الجرعة الموصى بها من limitless osteodense tab هي قرص واحد مرتين يومياً، ويفضل مع الأكل، أو حسب إرشادات الطبيب.  ما الأعراض الجانبية لاقراص limitless osteodense original ؟  يعد ليمتلس أوستيودنس أوريجينال من المكملات الآمنة بشكل عام على الرغم أن بعض الآثار الجانبية يمكن أن تحدث، ولكنها تكون مؤقتة وسرعان ما تختفي، وتشمل ما يلي:  اضطرابات الجهاز الهضمي.  الغثيان.  الإمساك.  الإسهال.  ألم في المعدة.  صداع خفيف.  ما موانع استخدام ليمتلس اوستيو دنس اورجينال؟  يمنع استخدام ليمتلس اوستيو دنس في الحالات الآتية:  فرط الحساسية لأي من المكونات.  يُفضل استشارة الطبيب قبل استخدام الدواء خلال فترات الحمل أو الرضاعة.  يجب استشارة الطبيب في حالة وجود أمراض مزمنة مثل أمراض الكلى أو الكبد.  ما بديل ليمتلس اوستيو دنس اقراص؟  بون كير كبسول bone care.  أوسوفورتين أوريجينال د3 ossofortin original.  وان ألفا كبسول one alpha.  بون وان كبسول bone one.  كالسيزوم دي كبسول calcisome d.  limitless osteodense سعره كم؟  يبلغ سعر ليمتلس أوستيودنس أوريجينال 30 قرص (limitless osteodense original 30 tabs) حوالي 145 جنيه مصري.  (سعر ليمتلس اوستيو دنس قد يتغير تبعاً لتحديث سعره في الصيدليات)  ما فوائد ليمتلس أوستيودنس أوريجينال للنساء؟  يحتوي ليمتلس اوستيو دنس على مزيج من العناصر الغذائية الأساسية التي تلعب دورًا مهماً في تعزيز كثافة العظام والحفاظ على قوتها ومن أهم فوائده للنساء:  يساعد على تعزيز كثافة العظام والوقاية من الهشاشة لدى النساء خاصة بعد انقطاع الطمث.  يعمل فيتامين K2 على توجيه الكالسيوم إلى العظام بدلاً من ترسبه في الأوعية الدموية، مما يُعزز من صحة العظام ويقلل من خطر التكلس الشرياني.  يساهم في تنظيم مستويات الهرمونات مثل الإستروجين، مما يُساهم في الحفاظ على صحة العظام لدى النساء بعد سن اليأس.  يُساعد النحاس والمنجنيز في تكوين الكولاجين، الذي يُعزز من صحة المفاصل والأنسجة الضامة.  يُساهم في الحفاظ على الصحة العامة وصحة الأسنان.  مناسب للنساء اللواتي لا يحصلن على كميات كافية من الكالسيوم وفيتامين D في النظام الغذائي، أو اللواتي لديهن عوامل خطر للإصابة بهشاشة العظام.,ماركة: ليمتلس ناتشورال
60926,دوزوفا Q10 كو انزيم | 30 قرص,dozova q10 coenzyme ubiquinol caps do69,490,EGP,No Brand,الفيتامينات والمكملات>الفيتامينات  والمعادن,in stock,https://chefaa.com:443/eg-ar/nowProduct/dozova-q10-coenzyme-ubiquinol-60-caps-do69,https://cdn.chefaa.com/filters:format(webp)/public/uploads/products/dozova-q10-coenzyme-ubiquinol-60-caps-pci2-01750337407.png,https://cdn.chefaa.com/filters:format(webp)/public/uploads/products/dozova-q10-coenzyme-ubiquinol-60-caps-pci2-01750337407.png,مميزات المنتج   دوزوفا Q10 كو انزيم | 30 قرص   عن هذا المنتج     دوزوفا Q10 إنزيم مساعد يوبيكوينول 200 ملجم اليوبيكوينول هو الشكل النشط من الإنزيم المساعد CoQ10. دوزوفا Q10 كو انزيم “يوبيكينول” هو مركب شبيه بالفيتامينات يلعب دورًا محوريًا في إنتاج الطاقة على مستوى الخلايا. يتواجد CoQ10 في جميع أنحاء الجسم، إلا أن إنتاجه يقل مع التقدم في العمر، مما ق يؤدي إلى اضطرابات في القلب والأوعية الدموية، وانخفاض الطاقة الخلوية، واضطرابات عصبية. أظهرت سنوات من الأبحاث العلمية أن CoQ10 يساهم في الحفاظ على صحة القلب والاوعية الدموية. يعمل CoQ10 كمضاد قوي للجذور الحرة في أغشية الخلايا وكذلك داخل الأوعية الدموية. الفوائد الرئيسية لدوزوفا Q10 كو إنزيم  “يوبيكينول 200 مجم”: تعزيز الطاقة والقدرة على التحمل وتحسين الأداء البدني. دعم صحة القلب والأوعية الدموية. تخفيف الاعتلال العضلي الناتج عن تناول الستاتين. مضاد أكسدة قوي، يساهم في حماية الخلايا من الجذور الحرة. تحسين معدلات الخصوبة. الجرعة الموصى بها: كبسولة واحدة يوميًا من دوزوفا Q10 كو إنزيم “يوبيكينول 200 مجم” ويفضل تناولها مع الطعام. للبالغين فوق 18 سنة.,raw_specs: المواصفات
52429,ليمتلس ليبوفيركس 40 للانيميا limitless lipoferrex | ٣٠ قرص,limitless lipoferrex 40mg tablets tab stripsROV,182,EGP,ليمتلس ناتشورال,الفيتامينات والمكملات>,in stock,https://chefaa.com:443/eg-ar/nowProduct/limitless-lipoferrex-40mg-tablets-30-tab-3-stripsROV,https://cdn.chefaa.com/filters:format(webp)/public/uploads/products/limitless-lipoferrex-40mg-tablets-30-tab-3-stripsrov-01733352225.png,https://cdn.chefaa.com/filters:format(webp)/public/uploads/products/limitless-lipoferrex-40mg-tablets-30-tab-3-stripsrov-01733352225.png,مميزات المنتج   ليمتلس ليبوفيركس 40 مجم (Limitless Lipoferrex 40 mg) هو مكمل غذائي مصمم لعلاج الأنيميا الناتجة عن نقص الحديد، ويتميز بتركيبته المتطورة التي تعتمد على تقنية النانو ليبوسوم لزيادة الامتصاص وتقليل الآثار الجانبية على الجهاز الهضمي.   عن هذا المنتج     مكونات ليمتلس ليبوفيركس 40 مجم  يحتوي برشام limitless lipoferrex على:  الحديد 40 مجم (iron): المكون الأساسي لتكوين الهيموجلوبين في خلايا الدم الحمراء، ومسؤول عن نقل الأكسجين من الرئتين إلى باقي الجسم وله دور مهم في علاج الأنيميا وتحسين مستويات الطاقة والتركيز.  فيتامين ب6 1 مجم (vitamin B6): يساهم في إنتاج الهيموجلوبين، ويدعم التمثيل الغذائي للبروتينات كما يُعزز تكوين خلايا الدم الحمراء ويقلل من التعب المرتبط بالأنيميا.  فيتامين ب12 1.75 ميكروجرام (Vitamin B12): ضروري لتكوين DNA وخلايا الدم الحمراء.  حمض الفوليك 400 ميكروجرام (folic acid): مهم لتكوين خلايا الدم الجديدة وتكاثر الخلايا.  فيتامين سي 70 مجم (vitamin C): يعزز امتصاص الحديد من الجهاز الهضمي، ويعمل كمضاد أكسدة قوي.  فيتامين د3 400 وحدة دولية (vitamin D3):  يساعد على امتصاص الكالسيوم وتقوية العظام، ويدعم الجهاز المناعي.  دواعي استعمال ليمتلس ليبوفيركس  يستخدم دواء limitless lipoferrex في:  علاج فقر الدم الناتج عن نقص الحديد (Iron Deficiency Anemia).  تعزيز إنتاج كريات الدم الحمراء.  دعم الطاقة وتقليل الشعور بالتعب والإرهاق.  تحسين مستويات الهيموجلوبين والأكسجين في الدم.  يعوّض النقص في العناصر الغذائية الضرورية لتكوين الدم.  تحسين امتصاص الحديد وتقليل مشكلاته الهضمية.  limitless lipoferrex 40 mg جرعة  الجرعة المعتادة لدواء ليمتلس ليبوفيركس هي قرص واحد يومياً للبالغين والأطفال أكبر من 12 سنة.  يفضل تناول حبوب ليمتلس ليبوفيركس بعد الوجبة الرئيسية مع كوب من الماء.  limitless lipoferrex الآثار الجانبية  قد تحدث بعض الأثار الجانبية بعد تناول ليمتلس ليبوفيركس ٤٠ مجم ولكن تعد هذه الأعراض نادرة بسبب تقنية التصنيع المتطورة النانو ليبوسوم التي تقلل من مشكلات الجهاز الهضمي المرتبطة بمكملات الحديد التقليدية.  مشكلات الجهاز الهضمي:  غثيان.  اضطراب في المعدة.  إمساك أو إسهال خفيف.  تغير لون البراز إلى الداكن (وهو عرض طبيعي وغير مقلق). ردود فعل تحسسية (نادرة جدًا):  طفح جلدي أو حكة.  تورم في الوجه أو الشفتين.  ضيق في التنفس.  موانع استخدام limitless lipoferrex  يمنع استخدام lipoferrex tab في الحالات الآتية:  فرط الحساسية تجاه أحد مكونات الدواء.  الأطفال أقل من 12 سنة.  قد تستخدم اقراص ليمتلس ليبوفيركس  ولكن بحذر في حالة الإصابة بأمراض الكلى أو الكبد ويجب استشارة الطبيب المختص أولاً  limitless lipoferrex سعر يبلغ ليمتلس ليبوفيركس سعر 40 مجم 30 قرص (limitless lipoferrex 40 mg 30 tabs) حوالي 165 جنيه مصري.  (سعر المنتج قد يتغير تبعاً لتحديث سعره في الصيدليات).  بديل برشام ليمتلس ليبوفيركس  فيروجلوبين كبسول feroglobin capsule.  فيرو فول كبسول viro fol capsule.  فرافيرو كبسول fraviro capsule.  فيروز كبسول ferose capsule.  هيماديد أقراص hemadid tablets.  ما فوائد ليمتلس ليبوفيركس limitless lipoferrex؟ يساعد على علاج فقر الدم الناتج عن نقص الحديد.  يحتوي على 40 مجم من الحديد بتقنية Lipofer® التي تعزز الامتصاص وتقلل من مشكلات الجهاز الهضمي.  يرفع مستوى الهيموغلوبين ويحسّن نقل الأكسجين في الدم.  يساعد على تقليل التعب والإرهاق العام.  يدعم إنتاج خلايا الدم الحمراء وزيادة الأكسجين في الجسم.  يحتوي على فيتامين B6 وB12، وهما ضروريان لإنتاج الطاقة وتقوية الأعصاب.  يساهم في تحسين الوظائف الإدراكية والتركيز.  مناسب للحوامل والمرضعات (تحت إشراف طبي).  يحتوي على فيتامين  C؛ ما يزيد من امتصاص الحديد في الأمعاء ويعمل كمضاد أكسدة يحمي الخلايا من التلف.  يدعم المناعة وصحة العظام بفضل فيتامين D3.  يعد lipoferrex limitless مكمل غذائي شامل لعلاج الأنيميا وتحسين الصحة العامة، مع تركيبة متوازنة من الحديد، والفيتامينات، والمعادن الأساسية التي تعمل معاً لدعم الجسم.  ما فوائد limitless lipoferrex للحامل؟  يمكن استخدام limitless lipoferrex tab خلال فترة الحمل تحت إشراف الطبيب وفيما يلي أهم فوائده:   الوقاية من فقر الدم أثناء الحمل. قد يؤدي فقر الدم في الحمل  إلى التعب، أو الولادة المبكرة أو نقص وزن الجنين، لذا فإن الوقاية منه أمر حيوي.  تعزيز نقل الأكسجين للأم والجنين.  يحتوي على حمض الفوليك (400 ميكروجرام)، وهو مهم جدًا في منع العيوب الخلقية  ودعم تكوين الحمض النووي والخلايا الجديدة.  يدعم تكوين خلايا الدم.  يساعد فيتاميني B6 و B12 على إنتاج خلايا الدم وتخفيف أعراض الغثيان والتعب.  يقوي العظام ويعزز المناعة.  لطيف على المعدة بفضل تقنية النانو ليبوسوم التي تضمن أعلى امتصاص للحديد وأقل ضرر للجهاز الهضمي.  ما اضرار ليمتلس ليبوفيركس؟  يعد ليمتلس ليبوفيركس من المكملات الغذائية الآمنة واللطيفة على المعدة، ولكن قد تحدث بعض الآثار الجانبية للدواء وتشمل ما يلي:    اضطرابات الجهاز الهضمي (نادرة مع هذا المنتج) ومنها:  غثيان أو انزعاج خفيف في المعدة.  إمساك أو إسهال.  انتفاخ أو غازات.  تغير لون البراز إلى الداكن.  ردود فعل تحسسية (نادرة جدًا):  طفح جلدي، أو حكة، أو احمرار.  تورم في الوجه أو الشفتين.  صعوبة في التنفس.,ماركة: ليمتلس ناتشورال
1860,فيتامين سي ريتارد 500 كبسولات للرجال والنساء | 10 كبسولات,retard caps,35,EGP,الحكمة فارما,الفيتامينات والمكملات>المكملات الغذائية,in stock,https://chefaa.com:443/eg-ar/nowProduct/c-retard-500-mg-10-caps,https://cdn.chefaa.com/filters:format(webp)/public/uploads/products/c-retard-500-mg-10-caps-01674983436.png,https://cdn.chefaa.com/filters:format(webp)/public/uploads/products/c-retard-500-mg-10-caps-01674983436.png,مميزات المنتج   فيتامين سي ريتاد 500 (C-retard 500) أحد الفيتامينات المهمة للجسم ويتميز بمفعوله الممتد كما يعمل كمضاد للأكسدة ويقوي الجهاز المناعي.   عن هذا المنتج     مكونات فيتامين سي ريتارد كبسولات   يحتوي سي ريتارد على:  حمض الأسكوربيك 500 مجم (Ascorbic acid): يدعم جهاز المناعة ويعمل كمضاد للأكسدة.  دواعي استعمال حبوب سي ريتارد   يستخدم فيتامين سي ريتارد 500 في الحالات الآتية:  تعزيز وظائف الجهاز المناعي للحماية من الأمراض والالتهابات.  مكافحة الجذور الحرة التي تسبب الضرر في الجسم وتسبب الشيخوخة المبكرة.  زيادة امتصاص الحديد، مما يساعد على الوقاية من نقص الحديد.  تحفيز إنتاج الكولاجين الذي يعزز صحة وشباب البشرة.  تقليل مستويات الكوليسترول الضار في الجسم.  تحسين صحة العظام والغضاريف والأسنان.  جرعة سي ريتارد 500 حمض الاسكوربيك   الجرعة المعتادة لفيتامين سي ريتارد هي 1-2 كبسولة في اليوم، ويحدد الطبيب الجرعة المناسبة وفقاً للحالة الصحية لكل شخص.  لا يجب أن تزيد الجرعة عن 2000 مجم في اليوم.   كيفية تناول فيتامين سي ريتارد 500   تناول الكبسولات عن طريق الفم مع الطعام أو بدونه.  ينبغي تناول الكبسولة كاملة ولا تقم بسحقها أو مضغها.  سعر سي ريتارد للرجال   سعر علبة سي ريتارد كبسول هو 22.5 جنيه مصري للعبوة التي تحتوي على 10 كبسولات.  بديل C-retard 500  فيتاسيد سي 1 جم (Vitacid c).  سي إيبكس (C-apex).  الترا فيتامين سي (Ultra vitamin C).  ما هي فوائد سي ريتارد للتخسيس؟  يمكن أن يساهم فيتامين C في دعم عملية التمثيل الغذائي وتحسين وظائف الجهاز الهضمي، مما قد يساعد على تحقيق أهداف فقدان الوزن إذا تم استخدامه كجزء من نظام غذائي صحي ونشاط بدني منتظم.  ما هي اضرار سي ريتارد؟  قد يسبب الإسهال أو آلام في المعدة عند تناول جرعات عالية.  زيادة خطر تكون حصى الكلى لدى بعض الأشخاص في حالة تناوله بكميات كبيرة.  الغثيان والقيء عند بعض الأشخاص.  ما أفضل كبسولات فيتامين سي من الصيدلية؟  سي ريتارد (C-retard).  فيتاسيد سي (Vitacid C).  سيفاترون (Cevatron).  رين سي (Reen C).,ماركة: الحكمة فارما
5781,دايجست ايزي مكمل غذائي لعسر الهضم ومشاكل القولون | 20 كبسولة,digest eze tab,94,EGP,No Brand,الفيتامينات والمكملات>المكملات الغذائية,in stock,https://chefaa.com:443/eg-ar/nowProduct/digest-eze-20-tab,https://cdn.chefaa.com/filters:format(webp)/public/uploads/products/digest-eze-20-tab-01720716500.png,https://cdn.chefaa.com/filters:format(webp)/public/uploads/products/digest-eze-20-tab-01720716500.png,"مميزات المنتج   دايجست إيزي مكمل غذائى هي كبسولات تحتوي على مواد فعالة وآمنة لعلاج مشاكل الجهاز الهضمي يحتوى على مكونات طبيعية تساعد في تخفيف آلام الجهاز الهضمي مثل الينسون والنعناع والكاموميل و البروميلين والشمر والزنجبيل.  يساعد على تقليل عسر الهضم والتهابات المعدة يساعد في تقليل الانتفاخ واضطرابات الأمعاء يساعد على فتح الشهية  وتقليل الحرقان والحموضة في المعدة   عن هذا المنتج      مكونات دايجست ايزي يحتوي دايجست ايزي على: بروميلين (Bromelain): أحد الإنزيمات الهاضمة والتي يتم استخلاصها من بعض النباتات، وتساعد على هضم وتكسير البروتينات. بابين (papain): أحد الإنزيمات الهاضمة والتي يتم استخلاصها من بعض النباتات، وتساعد على هضم وتكسير البروتينات. البابونج (Chamomile): مستخلصات طبيعية تساعد على تخفيف اضطرابات الجهاز الهضمي. جذور الزنجبيل (Ginger): يحسن من صحة الجهاز الهضمي. أوراق النعناع (Peppermint): يحتوي على زيوت عطرية تخفف الانتفاخ. اليانسون (Anise): يحتوي على زيوت عطرية تخفف من اضطرابات الجهاز الهضمي. الشمر (Fennel): يحتوي على مكونات طبيعية تخفف من اضطرابات الجهاز الهضمي. دواعي استعمال دايجست ايزي: علاج مشاكل الجهاز الهضمي وتحسين عملية الهضم. علاج أمراض القولون مثل الانتفاخ والغازات. علاج عسر الهضم وتخفيف آلام المغص وتقلصات المعدة. علاج اضطرابات المعدة كالالتهابات وحرقة المعدة وتخفيف الحموضة. فوائد دايجست ايزي يحسن من وظائف الجهاز الهضمي. يخفف من اضطرابات المعدة والقولون. يحسن من حالات عسر الهضم. يحسن من قدرة المرضى على تناول الأطعمة. بديل دايجست كبسول دايجستين Digestion. سبازمو دايجستين Spasmodigestin. زيموجين Zymogen. جرعة دواء دايجست للقولون الجرعة المعتادة هي 1-2 كبسولة بعد الوجبات أو حسب إرشادات الطبيب. يُفضل استشارة الطبيب المختص لتحديد الجرعة المناسبة لحالة المريض. يفضل تناول الدواء بعد الاكل. عند نسيان المريض الجرعة يتناولها عندما يتذكرها بشرط عدم تناولها مع الجرعة التي تليها. سعر digest eze سعر عبوة دايجست ايزي 20 قرص هو 34 جنيه ""سعر الدواء قد يتغير تبعاً لتغير سعره فى الصيدليات"". هل يستعمل دايجست للهضم؟ نعم، يستعمل في حالات عسر الهضم حيث يحتوي على إنزيمات هاضمة ومستخلصات طبيعية تحسن من أداء وصحة الجهاز الهضمي. هل دواء دايجست ايزي يزيد الوزن؟ قد يزيد هذا الدواء الوزن بصورةٍ غير مباشرة حيث يحسن من عمليات الهضم، وبالتالي يحتاج المريض لتناول المزيد من الطعام، خاصةً المرضى الذين يعانون من صعوبة في تناول الأطعمة بسبب عسر الهضم واضطرابات الجهاز الهضمي. الفرق بين ديجستين و دايجست ايزي؟ ديسجتين يحتوى فقط على مجموعة من الإنزيمات الهاضمة وهي البابين والبيبسين والسانزيم دون أن يحتوي على أي مكونات طبيعية. يتوفر منه شراب وأقراص. دايجست ايزي يحتوي على إنزيمات هاضمة مع مستخلصات طبيعية. يتوفر منه كبسولات فقط.",raw_specs: المواصفات
60718,سنترم للسيدات | 30 قرص,centrum women tabs pogl,300,EGP,سنترم,الفيتامينات والمكملات>المكملات الغذائية,in stock,https://chefaa.com:443/eg-ar/nowProduct/centrum-women-30-tabs-pogl,https://cdn.chefaa.com/filters:format(webp)/public/uploads/products/centrum-women-30-tabs-msbx-21740650803.png,https://cdn.chefaa.com/filters:format(webp)/public/uploads/products/centrum-women-30-tabs-msbx-21740650803.png,مميزات المنتج   سنترم للسيدات | 30 قرص    عن هذا المنتج     يحتوي سنترم للسيدات علي نسبة عالية من الحديد والكالسيوم وحمض الفوليك لدعم الاحتياجات الغذائية الخاصة للمرأة (التمثيل الغذائي + صحة الجلد والشعر .والأظافر),ماركة: سنترم
30358,سيدرال اكتيف أكياس اللاكتوفيرين للمناعة وعلاج الانيميا | 15 ستيكس,sideral active orodispersable sticks o9qm,200,EGP,No Brand,الفيتامينات والمكملات>,in stock,https://chefaa.com:443/eg-ar/nowProduct/sideral-active-15-orodispersable-sticks-o9qm,https://cdn.chefaa.com/filters:format(webp)/public/uploads/products/sideral-active-15-orodispersable-sticks-o9qm-01692320147.png,https://cdn.chefaa.com/filters:format(webp)/public/uploads/products/sideral-active-15-orodispersable-sticks-o9qm-01692320147.png,مميزات المنتج   سيدرال اكتيف أكياس (sideral active) مكمل غذائي غني بالفيتامينات والمعادن التي تدعم الصحة وتعزز المناعة، كما يزيد مستويات الطاقة والنشاط.   عن هذا المنتج     مكونات سيدرال اكتيف أكياس  يحتوي سيدرال اكتيف على  الحديد (Iron): يساعد على تكوين الهيموجلوبين في خلايا الدم الحمراء. وبالتالي يعزز نقل الأكسجين في الجسم، ويحسن المناعة، كما يحافظ على مستويات الطاقة والنشاط.  حمض الفوليك (Folic acid): يلعب دورًا مهمًا في تكوين الحمض النووي وتجديد خلايا الجسم.  فيتامين B12: يحسن وظائف الجهاز العصبي.  فيتامين C: يدعم المناعة ويحسن امتصاص الحديد.   دواعي الاستعمال sideral active  يستخدم سيدرال اكتيف في الحالات الآتية  نقص الحديد والأنيميا.  حالات التعب والضعف العام.   في حالة الحمل والرضاعة.  جرعة sideral active sachet  الجرعة المعتادة لسيدرال اكتيف هي كيس واحد يومياً.  طريقة استعمال sideral active   يمكن تناول كيس سيدرال أكتيف من خلال إفراغ الكيس على كوب من الماء أو العصير ثم تناوله في أي وقت من اليوم.  سعر sideral active  يبلغ سعر سيدرال اكتيف حوالي 120 جنيه مصري للعبوة التي تحتوي على 15 كيس.  بديل سيدرال اكتيف فوار   كيروفيت كبسول (kerovit capsule).  ابيفورتيل كبسول (apifortyl capsule).  فيتاماكس بلس كبسول (vitamax plus capsule).  ما هي فوائد سيدرال اكتيف؟  يساعد على رفع مستويات الطاقة والنشاط.  يحسن التركيز ويدعم وظائف الدماغ.  يزيد القدرة البدنية والتحمل.  يحسن الصحة العامة.  يعالج الأنيميا ونقص الحديد.  هل ينفع سيدرال اكتيف للحامل؟  يمكن استخدام سيدرال اكتيف خلال فترة الحمل بعد استشارة الطبيب لدعم مستويات الحديد وتعزيز الصحة العامة.  ما الفرق بين سيدرال اكتيف سيدرال فوليك؟  سيدرال أكتيف يحتوي على الحديد ويساعد على تعزيز الجهاز المناعي وعلاج الأنيميا عن طريق تعزيز امتصاص الحديد.  أما سيدرال فوليك يحتوي على حمض الفوليك، وهو نوع من فيتامين ب ويعد أساسيًا للحوامل والنساء اللواتي يخططن للحمل، إذ يدعم صحة الأنسجة والخلايا.   هل سيدرال اكتيف يزيد الوزن؟  يساعد سيدرال اكتيف على دعم الجهاز المناعي وتعزيز امتصاص الحديد مما يدعم الصحة العامة، ولذلك يمكن استخدامه ضمن الخطة الغذائية اليومية ولكنه لا يسبب زيادة الوزن بشكل مباشر.  ما افضل أنواع حبوب الحديد؟  إيرنو كبسول (Irno capsule).  فرافيرو كبسول (Phara ferro).  ثيراجران (Theragran).  سيدرال اكتيف (Sideral active).,raw_specs: المواصفات
49821,ليمتليس باور ماكس مكمل غذائي | 30 قرص,limitless power max htlc,285,EGP,ليمتلس ناتشورال,الفيتامينات والمكملات>المكملات الغذائية,in stock,https://chefaa.com:443/eg-ar/nowProduct/limitless-power-max-htlc,https://cdn.chefaa.com/filters:format(webp)/public/uploads/products/limitless-power-max-htlc-01748512862.png,https://cdn.chefaa.com/filters:format(webp)/public/uploads/products/limitless-power-max-htlc-01748512862.png,مميزات المنتج   ليمتليس باور ماكس مكمل غذائي | 30 قرص,ماركة: ليمتلس ناتشورال
24813,فيتامين ه | 400مجم | 24كبسوله,%D9%81%D9%8A%D8%AA%D8%A7%D9%85%D9%8A%D9%86 %D9%87%D9%80 %D9%85%D8%AC %D9%83%D8%A8%D8%B3%D9%88%D9%84%D8%A9 jogh,50,EGP,No Brand,الفيتامينات والمكملات>,in stock,https://chefaa.com:443/eg-ar/nowProduct/%D9%81%D9%8A%D8%AA%D8%A7%D9%85%D9%8A%D9%86-%D9%87%D9%80-400-%D9%85%D8%AC-24-%D9%83%D8%A8%D8%B3%D9%88%D9%84%D8%A9-jogh,https://cdn.chefaa.com/filters:format(webp)/public/uploads/products/فيتامين-هـ-400-مج-24-كبسولة-jogh-01670770402.png,https://cdn.chefaa.com/filters:format(webp)/public/uploads/products/فيتامين-هـ-400-مج-24-كبسولة-jogh-01670770402.png,مميزات المنتج   فيتامين ه | 400مجم | 24كبسوله   عن هذا المنتج     فيتامين ه | 400مجم | 24كبسوله,raw_specs: المواصفات
61633,سانتورين | 350مجم | 20كبسولة,santorin 20cap 5zes,180,EGP,No Brand,الفيتامينات والمكملات>الفيتامينات  والمعادن,in stock,https://chefaa.com:443/eg-ar/nowProduct/santorin-20cap-5zes,https://cdn.chefaa.com/filters:format(webp)/public/uploads/products/santorin-20cap-5zes-01753029768.png,https://cdn.chefaa.com/filters:format(webp)/public/uploads/products/santorin-20cap-5zes-01753029768.png,مميزات المنتج   سانتورين | 350مجم | 20كبسولة    عن هذا المنتج     SANTORIN 20/CAP,raw_specs: المواصفات
25959,إيليفيت بروناتال | 30 قرص,elevit pronatal tabs jsqk,370,EGP,إيليفيت,الفيتامينات والمكملات>الفيتامينات  والمعادن,in stock,https://chefaa.com:443/eg-ar/nowProduct/elevit-pronatal-30-tabs-jsqk,https://cdn.chefaa.com/filters:format(webp)/public/uploads/products/elevit-pronatal-30-tabs-jsqk-01673259026.png,https://cdn.chefaa.com/filters:format(webp)/public/uploads/products/elevit-pronatal-30-tabs-jsqk-01673259026.png,مميزات المنتج   إيليفيت بروناتال | 30 قرص,ماركة: إيليفيت
27788,كالدين سى اقراص كالسيوم وفيتامين د caldin c | ٣٠ قرص,caldin 30tab vhok,95,EGP,No Brand,الفيتامينات والمكملات>,in stock,https://chefaa.com:443/eg-ar/nowProduct/caldin-c-30tab-vhok,https://cdn.chefaa.com/filters:format(webp)/public/uploads/products/caldin-c-30tab-vhok-01722224029.png,https://cdn.chefaa.com/filters:format(webp)/public/uploads/products/caldin-c-30tab-vhok-01722224029.png,مميزات المنتج   كالدين سى (caldin c) مكمل غذائي يحتوي على مزيج من الكالسيوم والماغنسيوم بالإضافة إلى فيتامين د3 وفيتامين سي، يساعد على دعم صحة العظام والأسنان خاصة لمن يعانون من نقص الكالسيوم أو فيتامين د.   عن هذا المنتج     ما مكونات كالدين سي؟  تحتوي أقراص كالدين سى على:   الكالسيوم (Calcium): أساسي لبناء العظام والأسنان، ويحافظ على قوة العظام ويقي من هشاشتها.  الماغنسيوم (Magnesium): يساعد على امتصاص الكالسيوم داخل العظام كما يشارك في إنتاج الطاقة ووظائف العضلات والأعصاب.  فيتامين د3 (Cholecalciferol): يحفّز امتصاص الكالسيوم والفوسفور من الأمعاء كما يعزز ترسيب الكالسيوم في العظام، مما يزيد من كثافتها.  فيتامين سي (Vitamin C): مضاد أكسدة يحمي الخلايا من التلف، وأساسي لتكوين الكولاجين الذي يدعم العظام والغضاريف كما يساعد على امتصاص الحديد من الطعام ويدعم المناعة.  ما دواعي استعمال كالدين سى اقراص؟  تستخدم caldin c tablet في:   الوقاية وعلاج نقص الكالسيوم وفيتامين د3.  تقوية ودعم العظام والأسنان.  الوقاية من هشاشة العظام خاصة عند النساء بعد سن اليأس وكبار السن.  دعم مرضى كسور العظام لتسريع الالتئام.  علاج مساعد في حالات لين العظام والكساح الناتج عن نقص فيتامين د.  تقليل خطر تقلصات العضلات المرتبطة بنقص الكالسيوم أو الماغنسيوم.  دعم عام للمناعة بفضل فيتامين سي.  ما جرعة caldin c tab؟  الجرعة الموصى بها من caldin c 30 tabs هي قرص واحد يومياً أو حسب إرشادات الطبيب.  (جميع الجرعات المذكورة هي جرعات استرشادية فقط ولا يجب الاعتماد عليها لتحديد جرعتك إذا كنت من غير المختصين).  ما الأعراض الجانبية لبرشام كالدين سى؟  يعد برشام caldin c آمنًا بشكل عام عند استخدامه وفق الجرعة المحددة إلا أنه قد يسبب بعض اضطرابات في الهضم أو الإمساك أو الإسهال أو الغثيان لدى بعض الأشخاص.  ما موانع استعمال caldin tab؟ يمنع استخدام دواء caldin c في الحالات التالية:  الأشخاص الذين يعانون من فرط إفراز الكالسيوم في الدم أو البول.  مرضى حصوات الكلى. التحذيرات والاحتياطات يجب مراقبة مستوى الكالسيوم لتجنب فرط الكالسيوم في الدم أو البول.  قد يؤثر دواء كالدين سى على امتصاص بعض الأدوية مثل التتراسيكلين أو الكينولون.  تجنب الجرعات الزائدة أو الاستخدام لفترات طويلة.  ما بديل كالدين سى اقراص؟  كالسيوم د3 calcium D3.  كال بريج د cal preg D.  ماكسيكال maxical.  كالسيدول كالسيوم calcidol calcium.  كالسيما calcima.  هل كالدين سي يزيد الوزن؟  لا يسبب كالدين سي زيادة في الوزن، فهو عبارة عن مزيج من المعادن والفيتامينات التي تدعم صحة العظام والمناعة.  ما أفضل وقت لتناول كالدين سي؟  أفضل وقت لتناول كالدين سي بعد الوجبة الرئيسية مباشرة، وذلك لسببين:  تحسين امتصاص فيتامين د3 والكالسيوم.  تقليل احتمالية حدوث اضطرابات المعدة.  ما اضرار كالدين سي؟  أقراص كالدين سي آمنة غالبًا عند الاستخدام بالجرعات الموصى بها، لكن مثل أي مكمل غذائي قد تُسبب بعض الأضرار أو الآثار الجانبية خاصة مع الإفراط أو الاستخدام الخاطئ ومن ضمن هذه الأضرار:  اضطرابات المعدة (انتفاخ، إمساك أو إسهال).  غثيان أو قيء خفيف.  أضرار مرتبطة بزيادة الجرعة أو الاستعمال الطويل  فرط كالسيوم الدم ومن أعراضه: عطش شديد، كثرة التبول، إمساك شديد، ضعف عام.  حصوات الكلى خاصة من لديهم تاريخ مرضي لحصوات الكالسيوم.  ما فوائد كالدين سي للشعر؟  قد يساعد كالدين سي على تقوية الشعر، وتقليل التساقط، وتحسين النمو بشكل غير مباشر من خلال تعويض نقص الفيتامينات والمعادن، لكنه ليس علاجًا مخصصًا لتساقط الشعر، بل مكمل غذائي لدعم الصحة العامة.  ما فوائد كالدين سي للرجال؟  كالدين سي يوفر دعم بشكل عام للعظام، والعضلات، والمناعة، والطاقة، والخصوبة، لذلك فهو مفيد لتحسين الصحة العامة لمن يعانون من نقص بعض الفيتامينات والمعادن أو لدى كبار السن.,raw_specs: المواصفات
60925,دوزوفا وومان ماكس فيتامينات | 30 قرص,dozova women max multivitamin tabs sxtn,260,EGP,No Brand,الفيتامينات والمكملات>الفيتامينات  والمعادن,in stock,https://chefaa.com:443/eg-ar/nowProduct/dozova-women-max-multivitamin-30-tabs-sxtn,https://cdn.chefaa.com/filters:format(webp)/public/uploads/products/dozova-women-max-multivitamin-30-tabs-iqct-01750336563.png,https://cdn.chefaa.com/filters:format(webp)/public/uploads/products/dozova-women-max-multivitamin-30-tabs-iqct-01750336563.png,مميزات المنتج   دوزوفا وومان ماكس فيتامينات | 30 قرص	   عن هذا المنتج     تركيبة فريدة  للمرأة مصممة خصيصًا لتلبية الاحتياجات الصحية للمرأة، حيث تحتوي على 26 عنصرًا غذائيًا أساسيًا من الفيتامينات والمعادن، لدعم المظهر الصحي، والأداء الذهني والبدني يوميًا. تحتوي على 100% أو أكثر من القيمة اليومية لفيتامين D3، B6، B12، والبيوتين. :دعم الشعر، البشرة والأظافر:  مزيج من 12 عنصرًا غذائيًا يدعم الصحة العامة للجسم، بما في ذلك البيوتين، وفيتامينات A وC وE، للحفاظ على مظهر صحي.  :يدعم المناعة مضادات الأكسدة مثل فيتامين C وE والزنك للمساهمة في دعم وظيفة المناعة الطبيعية. تعزيز الطاقة فيتامينات ب، واليود، والكروميوم لدعم احتياجات الطاقة اليومية. الجرعة: قرص واحد يوميًا.,raw_specs: المواصفات
5473,سيلونا فوار فيتامين سى اكياس selona | ٢٠ كيس,slona orange sachet,45,EGP,فورتيكس فارما,الفيتامينات والمكملات>المكملات الغذائية,in stock,https://chefaa.com:443/eg-ar/nowProduct/slona-orange-20-sachet,https://cdn.chefaa.com/filters:format(webp)/public/uploads/products/1615288032سيلونا-فوار-ڤيتامين-سىpng,https://cdn.chefaa.com/filters:format(webp)/public/uploads/products/1615288032سيلونا-فوار-ڤيتامين-سىpng,مميزات المنتج   سيلونا فوار فيتامين سى اكياس selona يساعد على تكوين الأوعية الدموية والغضاريف والعضلات. يعمل على إنتاج الكولاجين الضروري لنضارة البشرة ، ويقلل من فرص ظهور علامات الشيخوخة.   عن هذا المنتج     سيلونا فوار فيتامين سى اكياس selona  تعمل على تقوية الجهاز المناعي، تقلل من فرص الإصابة بالأمراض. تحفز الجسم على امتصاص الحديد الموجود بالأطعمة. تكوين الأوعية الدموية، والغضاريف، والعضلات. تعمل على إنتاج الكولاجين اللازم لنضارة البشرة، والتقليل من فرص ظهور علامات الشيخوخ. تكوين وإصلاح خلايا الدم الحمراء، الذي يساعد على الوقاية من الأنيميا. تساعد فى الحفاظ على صحة اللثة وتضميد الجروح. مفيدة لصحة القلب.,ماركة: فورتيكس فارما
57011,ليمتلس لاكتيز لتحسين الهضم limitless lactase | ٣٠ قرص للمضغ,limitless lactase 12000mg chewable tabs 6h6w,360,EGP,ليمتلس ناتشورال,الفيتامينات والمكملات>المكملات الغذائية,in stock,https://chefaa.com:443/eg-ar/nowProduct/limitless-lactase-12000mg-30-chewable-tabs-6h6w,https://cdn.chefaa.com/filters:format(webp)/public/uploads/products/limitless-lactase-12000mg-30-chewable-tabs-kwkj-01734856309.png,https://cdn.chefaa.com/filters:format(webp)/public/uploads/products/limitless-lactase-12000mg-30-chewable-tabs-kwkj-01734856309.png,مميزات المنتج   ليمتلس لاكتيز (limitless lactase) هي حبوب قابلة للمضغ بنكهة النعناع تحتوي على إنزيم اللاكتاز، وتستخدم لدعم هضم منتجات الألبان لدى الأشخاص الذين يعانون من عدم تحمل اللاكتوز.   عن هذا المنتج     ما مكونات limitless lactase؟  يحتوي lactase limitless على:  لاكتاز إنزيم (lactase enzyme): يساعد على تفكيك السكر الموجود في منتجات الحليب (اللاكتوز)، وبالتالي يسهل هضمه ويقلل من الأعراض المزعجة الناتجة عن عدم تحمل اللاكتوز مثل الانتفاخ والغازات.  ما دواعي استعمال دواء ليمتلس لاكتيز؟  يستخدم limitless lactase 30 tab في:  تحسين هضم منتجات الألبان.  علاج أعراض حساسية اللاكتوز مثل الانتفاخ، والغازات، وآلام البطن، والإسهال، والغثيان.  ما جرعة limitless lactase 12000؟  الجرعة الموصى بها من ليمتلس لاكتيز هي قرص واحد قابل للمضغ قبل تناول منتجات الألبان.  (جميع الجرعات المذكورة جرعات استرشادية ولا يجب الاعتماد عليها لتحديد الجرعة إذا كنت من غير المختصين)  ما الأعراض الجانبية لدواء ليمتلس لاكتيز؟  لم يتم الإخبار عن أي أعراض جانبية لإنزيم لاكتيز، لذا يعد آمنًا بشكل عام.  مثله مثل كل الأدوية والمكملات الغذائية، قد يحدث رد فعل تحسسي لدى بعض الأشخاص بعد تناول limitless lactase enzyme وتشمل أعراضه ما يلي:  طفح جلدي.  حكة.  بثور أو شرى (Hives).  تورم الوجه، أو الشفاه، أو اللسان، أو الحلق.  ما موانع استعمال limitless lactase 30 tab؟  يمنع استخدام limitless lactase 12000 - 30 chew. Tabs في حالة:  فرط الحساسية تجاه المادة الفعالة.  أخبري الطبيب في حالة الحمل أو الرضاعة.  ما بديل ليمتلس لاكتيز؟  راميلاكت أقراص ramelact.  قطرة اللاكتاز .lactase oral drops  ميلك إيد أقراص milkaid.  كم سعر ليمتلس لاكتيز؟   limitless lactase سعر (limitless lactase 12000fcc 30chewable tablets) حوالي 360 جنيه مصري.  (سعر الدواء قد يتغير تبعاً لتحديث سعره في الصيدليات)  ما وظيفة إنزيم اللاكتيز؟  اللاكتيز هو إنزيم طبيعي يساعد على هضم منتجات الألبان من خلال تفكيك اللاكتوز وتحويله إلى جلوكوز وجالاكتوز وهما من السكريات البسيطة التي يمتصها الجسم بسهولة.  ما هي استخدامات كبسولات إنزيم اللاكتاز؟  تستخدم كبسولات أو أقراص إنزيم اللاكتاز في:  علاج أعراض عدم تحمل اللاكتوز مثل الانتفاخ، والغازات، والإسهال، وتقلصات المعدة، والغثيان.  تعزيز هضم منتجات الألبان.  ازاي اعرف ان عندي حساسية اللاكتوز؟  تظهر أعراض عدم تحمل اللاكتوز خلال 30 دقيقة من تناول منتجات الألبان وتشمل الانتفاخ، والغازات، والغثيان، وتقلصات وألم البطن. من ناحية أخرى، توجد اختبارات للتأكد من أنك تعاني من عدم تحمل اللاكتوز ومنها: اختبار التنفس الهيدروجيني (Hydrogen Breath Test): يتم إعطاؤك محلول لاكتوز، ثم تُقاس كمية الهيدروجين في النفس، يدل ارتفاع الهيدروجين على تخمر اللاكتوز في القولون (عدم هضمه).  اختبار تحمل اللاكتوز (Lactose Tolerance Test): يتم شرب محلول لاكتوز، ثم قياس سكر الدم بعد ساعتين، إذا لم ترتفع نسبة السكر يعني أن جسمك لا يمتص اللاكتوز.,ماركة: ليمتلس ناتشورال
2366,كبسولات بون كير 0.25 مكجم فيتامين د bone care | ٣٠ كبسوله,bonecare mcg capsules,72,EGP,مالتى كير فارما,الفيتامينات والمكملات>المكملات الغذائية,in stock,https://chefaa.com:443/eg-ar/nowProduct/bonecare-025-mcg-30-capsules,https://cdn.chefaa.com/filters:format(webp)/public/uploads/products/1603032408بون-كير-كبسولات-جيلاتينيهjpg,https://cdn.chefaa.com/filters:format(webp)/public/uploads/products/1603032408بون-كير-كبسولات-جيلاتينيهjpg,"مميزات المنتج   كبسولات بون كير 0.25 ميكروجرام (bone care 0.25 mcg) هو مكمل دوائي يحتوي على الفا كالسيدول، وهو أحد اشكال  فيتامين د، ويُستخدم لتحسين امتصاص الكالسيوم والفوسفات في الجسم، مما يساعد في تقوية العظام والوقاية من الكساح وهشاشة العظام، خاصة لدى مرضى القصور الكلوي أو نقص فيتامين د   عن هذا المنتج       مكونات بون كير اقراص فيتامين د  الفا كالسيدول alfacalcidol : وهو نوع من فيتامين د  ، والذي يساعد على تنظيم مستويات الكالسيوم والفوسفات في الجسم وهو ضرورى للحفاظ على العظام والأسنان صحية وقوية. دواعي استعمال كبسولات بون كير  (bone care capsoule) يستخدم bone care دواء فى حالات هشاشة العظام وعلاج نقص فيتامين د  جرعة بون كير أقراص (bone care 0.25 mcg)  يجب عليك مراجعة الطبيب أو الصيدلي قبل تناول الدواء جرعة الدواء قد تختلف من حالة لأخرى وتكون الجرعة المعتادة كالتالى :  كبسولة مرة واحدة يومياً اقراص بون كير الآثار الجانبية قد يسبب الدواء بعض الآثار الجانبية على الرغم من عدم تعرض الجميع لها مثل : الطفح الجلدي والحكة الشعور بالدوار فقدان الشهية ، فقدان الوزن  الشعور بالتعب  الشعور بالغثيان  التعرق  زيادة الحاجة إلى التبول موانع استعمال دواء بون كير فيتامين د الحساسية للمادة الفعالة أو لأي من مكونات الدواء ارتفاع نسبة الكالسيوم فى الدم التكلس (  ترسب الكالسيوم في أنسجة الجسم ) تحذيرات قبل تناول برشام بون كير  يجب إستشارة الطبيب أو الصيدلى فى حالة كنت تتناول أدوية أخرى أو تعانى من أى أمراض  يجب إستشارة الطبيب أو الصيدلي قبل إستخدام الدواء فى حالة الحمل أو الرضاعة سعر كبسولات بون كير 0.25 ميكروجرام يبلغ سعر بون كير اقراص حوالي 72 جنيه مصرى وتحتوى العلبة على 3 شرائط - 30 كبسول     "" كبسولات bone care سعرها قد يتغير من وقت لآخر "" تركيزات علاج بون كير Bone Care Capsule بون كير 0.25 مجم (Bone Care 0.25 mcg) : يحتوى على المادة الفعالة الفاكالسيدول بتركيز 0.25 ميكروجرام بون كير 0.5 مجم (Bone Care 0.5 mcg) : يحتوى على المادة الفعالة الفاكالسيدول بتركيز 0.5 ميكروجرام بون كير 1 مجم (Bone Care 1 mcg): يحتوى على المادة الفعالة الفاكالسيدول بتركيز 1 ميكروجرام ما هي فوائد علاج بون كير ؟ تحسين امتصاص الكالسيوم والفوسفور من الأمعاء، مما يساعد في تقوية العظام والأسنان. الوقاية وعلاج هشاشة العظام، خاصة لدى كبار السن أو النساء بعد انقطاع الطمث. علاج نقص فيتامين د لدى مرضى القصور الكلوي المزمن الذين لا يستطيعون تنشيط فيتامين د في أجسامهم. دعم صحة العضلات، مما يقلل من آلام العضلات أو التقلصات المرتبطة بنقص الكالسيوم. المساعدة في تنظيم مستويات الكالسيوم في الدم لدى مرضى الغدة الجار درقية (مثل حالات نقص نشاط الغدة الجار درقية). هل دواء بون كير يزيد الوزن ؟ عادةً لا يُسبب bone care اقراص زيادة في الوزن بشكل مباشر، لأنه لا يحتوي على مكونات تؤثر على الشهية أو تخزين الدهون، مثل الكورتيزون أو الهرمونات. جرعة بون كير أقراص قبل الأكل ولا بعده ؟ يمكن تناولها مع الطعام أو بدونه، لكن يُفضل غالبًا تناوله مع الطعام، خصوصًا وجبة تحتوي على دهون، وذلك لتحسين امتصاصها لأنه فيتامين ذائب في الدهون. ما فائدة دواء بون كير للعظام ؟ يساعد الدواء فى علاج هشاشة العظام عن طريق تحفيز امتصاص الكالسيوم من الأمعاء إلى الدم  ، والحفاظ على توازن الكالسيوم فى الجسم متى يؤخذ بون كير كبسولات جيلاتينية  ؟ عادة ما يتم تناول حبوب بون كير كجرعة واحدة في اليوم وحاول أن تأخذ جرعاتك في نفس الوقت من اليوم كل يوم ، حيث سيساعدك ذلك على تذكر تناولها بانتظام. ما الفرق بين بون وان وبون كير ؟ بون كير (Bone Care) وبون وان (Bone One) يحتويان على نفس المادة الفعالة وهي ألفاكالسيدول (Alfacalcidol)، وهي أحد أشكال فيتامين د. يُستخدم كلاهما فى علاج نقص فيتامين د، هشاشة العظام، اضطرابات الغدة الجار درقية، وحالات القصور الكلوي المزمن. لا يوجد فرق جوهري في التأثير الطبي بينهما، إذ أن الاختلاف يكون في الاسم التجاري والشركة المصنعة وربما في التركيز المتوفر أو السعر، لذلك يمكن استخدام أي منهما حسب توصية الطبيب وتوفره في السوق. ما أسماء أدوية فيتامين د المتوافرة فى مصر ؟ بون كير كبسولات فيتامين د فيدروب لعلاج نقص فيتامين د دافاليندي حبوب فيتامين د الفاكارينو نقط  وان الفا كبسول ونقط ديفارول حقن هل الفاكالسيدول هو فيتامين د؟ ألفاكالسيدول هو مشتق من فيتامين د3. ماذا يحدث إذا كانت نسبة فيتامين د منخفضة؟ يمكن أن يؤدي نقص فيتامين د إلى فقدان كثافة العظام ، مما قد يساهم في الإصابة بهشاشة العظام والكسور ويمكن أن يؤدي نقص فيتامين د الشديد إلى مضاعفات أخرى. ما هو مستوى فيتامين د الطبيعي؟ مستوى فيتامين D فى الدم يقاس بوحدة نانوجرام في المليلتر من الدم (نانوغرام / مل).  ويوصي العديد من الخبراء بالحفاظ على نسبة من فيتامين د تتراوح بين 20 إلى 40 نانوجرام / مل. ويوصي البعض الآخر بمستوى يتراوح بين 30 إلى 50 نانوغرام / مل",ماركة: مالتى كير فارما
2212,جروث فورميلا للكبار بالشيكولاتة مشروب لزيادة الوزن | 400 جم,growth formula powder,245,EGP,بيو فارما,الفيتامينات والمكملات>المكملات الغذائية,in stock,https://chefaa.com:443/eg-ar/nowProduct/growth-formula-wg-400-gm-powder,https://cdn.chefaa.com/filters:format(webp)/public/uploads/products/growth-formula-wg-400-gm-powder-01723110989.png,https://cdn.chefaa.com/filters:format(webp)/public/uploads/products/growth-formula-wg-400-gm-powder-01723110989.png,مميزات المنتج   جروث فورميلا للكبار (growth formula) مكمل غذائي لعلاج النحافة وضعف الوزن ، يعمل على مد جسمك بكل العناصر الغذائية التي يحتاجها للنمو ، وهو متوفر بالعديد من النكهات اللذيذة.   عن هذا المنتج     مكونات جروث فورميلا لزيادة الوزن للكبار يحتوى مكمل غذائي جروث فورميلا لزيادة الوزن على: مسحوق الحليب.  بروتين الحليب سكروز  مالتودكسترين  بروتين الصويا  الكالسيوم  فوائد جروث فورميلا للكبار (growth formula powder ) يُستحدم growth formula للكبار كمكمل غذائي في حالات : سوء التغذية.  النحافة  المرضى الذين يتعافون من المرض أو الجراحة.  صعوبة تناول الطعام والبلع  ضعف الشهية  طريقة استعمال جروث فورميلا مشروب لزيادة الوزن من الصيدلية  قد بإضافة كيس أو 2 ملعقة كبيرة إلى كوب واحد من الحليب أو الماء 3 مرات يوميًا هل جروث فورميلا يزيد الوزن ؟ أجل يساعد بودر جروث فورميلا على زيادة الوزن هل مشروب جروث فورميلا  له أضرار ؟ عادة لا يسبب growth formula لزيادة الوزن أى أضرار طالما يتم استخدامه تبعاً للتعليمات الموصى بها بديل جروث فورميلا دبليو جي للكبار مسحوق germa fruity powder أكياس إس . بي . ميكس S.P.Mix  أكياس bio whey protein powder  أكياس بروماكس بلس promax plus   ما أفضل أدوية لعلاج النحافة وزيادة الوزن ؟  إذا كنت تعتقد أنك تعاني من نقص الوزن فعليك الرجوع للطبيب لأن هناك العديد من الأسباب التى قد تؤدى إلى نقصان وزن الجسم مثل أمراض الغدة الدرقية أو مشاكل الجهاز الهضمي أو بعض الأدوية أو مشاكل نفسية مثل التوتر أو الاكتئاب.  ومن الممكن أيضاً أن تكون النحافة بسبب الجينات ، أو بسبب مستوى النشاط المرتفع ، أو بسبب عدم تناول ما يكفي من الطعام   إذا وجد طبيبك أنك تعاني من نقص الوزن ، فمن المحتمل أن يوصيك بزيادة الوزن عن طريق تناول الأطعمة الصحية والمغذية ،وزيادة السعرات الحرارية التى تتناولها من خلال التركيز على مصادر جيدة للبروتين، والحبوب، والدهون الصحية. وقد ينصحك بتناول بعض المكملات الغذائية لزيادة الوزن.  ما افضل مشروب لزيادة الوزن من الصيدلية ؟ جروث فورميلا دبليو جى لزيادة الوزن نوتري باور Nutri powder أكياس ميكس غرو Mix Grow  أكياس سيتوماكس  Citomax powder   مكمل  غذائى بايو تك bio tech powder   مكمل  غذائى بايو جاينرز bio gainer  أكياس نيوتريستارز nutristar,ماركة: بيو فارما
2205,جروث فورميلا للاطفال 330 جم,growth formula for kids sachets,249.5,EGP,No Brand,الفيتامينات والمكملات>المكملات الغذائية,in stock,https://chefaa.com:443/eg-ar/nowProduct/growth-formula-for-kids-330-gm-10-sachets,https://cdn.chefaa.com/filters:format(webp)/public/uploads/products/growth-formula-for-kids-330-gm-10-sachets-01723110453.png,https://cdn.chefaa.com/filters:format(webp)/public/uploads/products/growth-formula-for-kids-330-gm-10-sachets-01723110453.png,عن هذا المنتج     ﻿ جروث فورميلا مكمل غذائي لعلاج النحافة وضعف الوزن ، يعمل على مد جسمك بكل العناصر الغذائية التي يحتاجها للنمو ، وهو متوفر بالعديد من النكهات اللذيذة وهي فانيليا وشيكولاته وفراولة وموز,raw_specs: المواصفات
2172,نيوروفيت | فيتامينات | 30 قرص,neurovit tablets,102,EGP,أمون للأدوية,الفيتامينات والمكملات>المكملات الغذائية,in stock,https://chefaa.com:443/eg-ar/nowProduct/neurovit-tablets,https://cdn.chefaa.com/filters:format(webp)/public/uploads/products/neurovit-tablets-01719675751.png,https://cdn.chefaa.com/filters:format(webp)/public/uploads/products/neurovit-tablets-01719675751.png,مميزات المنتج   نيوروفيت | فيتامينات | 30 قرص   عن هذا المنتج     نيوروفيت أقراص يستخدم في علاج نقص فيتامين ب ومرض البري بري والانيميا وآلام والتهابات الأعصاب مثل مرض العصب الخامس والعصب السابع والتهاب عرق النسا واضطرابات التمثيل الغذائي   الجرعة وطريقة الاستخدام:      الجرعة المعتادة تكون من قرص إلى ثلاث أقراص يومياً أو على حسب تعليمات الطبيب، ولكن هناك حالات شديدة يلجأ فيها الطبيب إلى إستخدام الحقن من هذا الدواء.   الحالات التي تستدعي الحقن مثل من لديهم نقص في فيتامين ب1، أو فيتامين ب6 وقد يؤدي لتشنجات، نقص فيتامين ب9 أو حمض الفوليك.   نقص في فيتامين ب12 والذي يؤدي إلى إلتهاب الأعصاب.     دواعي الاستعمال:     يستخدم نيوروفيت لعلاج أعراض أمراض الدم والأمراض العصبية وضعف الأعصاب الناتجة عن النقص المستمر في الفيتامينات B1 و B6 و B12 لدى البالغين والأطفال فوق سن 12 عامًا.   اضطرابات التمثيل الغذائي.   أنواع مختلفة من فقر الدم بما في ذلك ؛ فقر الدم الحديدي الأرومات ، فقر الدم الضخم الأرومات.   التهاب العصب المحيطي.   إزالة الميالين واضطرابات عصبية أخرى.   البري بري المزمن والحاد.   لتحسين التمثيل الغذائي للدهون والكربوهيدرات والأحماض الأمينية.   نقص أو زيادة الطلب على فيتامينات ب ”6 و ب 12.,ماركة: أمون للأدوية
5091,ليمتلس سي زنك اوريجينال limitless c zinc | ٣٠ قرص استحلاب,limitless zinc original lozenges,76,EGP,ليمتلس ناتشورال,الفيتامينات والمكملات>المكملات الغذائية,in stock,https://chefaa.com:443/eg-ar/nowProduct/limitless-c-zinc-original-30-lozenges,https://cdn.chefaa.com/filters:format(webp)/public/uploads/products/1610886889artboard-1jpg,https://cdn.chefaa.com/filters:format(webp)/public/uploads/products/1610886889artboard-1jpg,مميزات المنتج   ليمتلس سي زنك اورجينال (limitless c zinc) هو مكمل غذائي على شكل أقراص استحلاب، يحتوي على فيتامين سي وزنك، ويُستخدم للبالغين والأطفال من عمر 6 سنوات لدعم الجهاز المناعي وتخفيف أعراض نزلات البرد.   عن هذا المنتج     مكونات ليمتلس سي زنك  يحتوي c zinc capsule على:  فيتامين سي 100 مجم (vitamin C): يساعد على تعزيز المناعة وتحفيز إنتاج كريات الدم البيضاء، كما يعمل كمضاد للأكسدة ويقلل من شدة أعراض نزلات البرد.  الزنك 5 مجم (zinc): يساعد على تقوية جهاز المناعة ما يساهم في تسريع التئام الجروح ويعمل كمضاد للالتهابات.  limitless c zinc دواعي الاستعمال  يستخدم ليمتلس فيتامين سي وزنك في:  تقوية الجهاز المناعي لدى الأطفال والبالغين.  الوقاية من العدوى الفيروسية والبكتيرية، خاصةً نزلات البرد والإنفلونزا.  تخفيف أعراض البرد والإنفلونزا.  تقليل التهاب الحلق، والرشح، والاحتقان.  تحسين امتصاص الحديد مما يساعد على الوقاية من فقر الدم.  دعم الصحة العامة في فترات التوتر أو الإجهاد.  فوائد حبوب ليمتلس سي زنك اوريجينال  يساعد ليمتلس فيتامين سي على:  دعم جهاز المناعة في محاربة الفيروسات والبكتيريا.  تقليل احتمالية الإصابة بنزلات البرد والإنفلونزا.  تخفيف أعراض البرد والإنفلونزا  تقليل حدة التهاب الحلق والاحتقان.  مساعدة الجسم على مقاومة التعب والإجهاد المرتبط بنقص الفيتامينات والمعادن.  جرعة c zinc limitless  الجرعة الموصى بها من c zinc capsule للبالغين هي قرصان استحلاب يومياً.  جرعة vitamin c and zinc للأطفال من سن 6 سنوات قرص واحد يومياً أو حسب إرشادات الطبيب.  الأعراض الجانبية لحبوب c zinc limitless  يعد ليمتلس زنك وفيتامين سي من المكملات الغذائية الآمنة عند استخدامها وفق الجرعة الموصى بها ولكن قد تحدث بعض الآثار الجانبية الخفيفة وتشمل ما يلي:  مشكلات في الجهاز الهضمي (نادرة وخفيفة):  غثيان.  إسهال.  ألم خفيف في المعدة.  انتفاخ.  ردود فعل تحسسية (نادرة جدًا):  طفح جلدي.  حكة.  تورم بالوجه أو الحلق.  موانع استعمال vitamin c + zinc أقراص  يمنع استخدام vitamin c + zinc أقراص في الحالات الآتية:  فرط الحساسية تجاه أحد المكونات.  يجب استشارة الطبيب أولاً في حالة الإصابة بأمراض الكلى أو الكبد. سعر ليمتلس سي زنك c zinc   يبلغ سعر limitless c-zinc original 30 lozenges حوالي 76 جنيه مصري.  (سعر الدواء قد يتغير تبعاً لتحديث سعره في الصيدليات).  بديل limitless c zinc original lozenges  إميونوماش أقراص immuno mash   اميونيفار أقراص immuniphar  اميولانت كبسول immulant capsule  اميونو فلو كبسول immuno flu capsule  اميونفيتا كبسول immunvita capsule  ما الفرق بين ليمتلس سي زنك اوريجينال وليمتلس سي زنك بلس؟  كلاهما يحتوي على فيتامين سي والزنك ولكن بالإضافة إلى ذلك يحتوي ليمتلس سي زنك بلس على فيتامين د3 والماغنسيوم ومستخلصات نباتية تدعم المناعة، كذلك يمكن استخدام ليمتلس سي زنك اوريجنال للأطفال والبالغين بعكس سي زنك بلس يستخدم للبالغين فقط إذ يأتي في صورة أقراص مغلفة وليس أقراص استحلاب كما هو الحال في ليمتلس سي زنك اوريجينال.,ماركة: ليمتلس ناتشورال
61017,ليمتلس هيدريت جلو محلول مرطب limitless hydrate glow | ٦ اكياس,limitless hydrate glow mix berries sticks oldl,162,EGP,No Brand,الفيتامينات والمكملات>,in stock,https://chefaa.com:443/eg-ar/nowProduct/limitless-hydrate-glow-mix-berries-6-sticks-oldl,https://cdn.chefaa.com/filters:format(webp)/public/uploads/products/limitless-hydrate-glow-mix-berries-6-sticks-kq6m-01750588501.png,https://cdn.chefaa.com/filters:format(webp)/public/uploads/products/limitless-hydrate-glow-mix-berries-6-sticks-kq6m-01750588501.png,مميزات المنتج   يتميز ليمتلس هيدريت جلو limitless hydrate glow بما يلي: له تركيبة متكاملة تمد الجسم بالأملاح والمعادن الأساسية. له تركيبة مطابقة للمواصفات الموصى بها من منظمة الصحة العالمية. مدعم بتقنية أوزمو فلو (osmo flow) لتعزيز الامتصاص والفعالية. خال من المواد الحافظة والألوان الصناعية والمحليات الصناعية. معزز بنكهة التوت المشكل الطبيعية.   عن هذا المنتج     ما هو ليمتلس هيدريت جلو؟  ليمتلس هيدريت جلو (limitless hydrate glow) هو مشروب إلكتروليت غني بالأملاح والمعادن التي يحتاجها الجسم ومعزز بنكهة التوت الطبيعية.يساعد على تعزيز ترطيب الجسم وتعويض الرطوبة والأملاح المفقودة، والحفاظ على صحة الشعر والجلد والأظافر.  ما مكونات limitless hydrate glow؟  يحتوي limitless hydrate original على:   كولاجين (Collagen): يدعم مرونة البشرة وقوة الأظافر والشعر.  صوديوم (Sodium): أحد الإلكتروليتات الرئيسية لتنظيم توازن السوائل.  بوتاسيوم (Potassium): يساهم في الحفاظ على توازن الماء ووظائف العضلات والأعصاب.  كلوريد (Chloride): يعمل عادة مع الصوديوم للمحافظة على توازن السوائل ودرجة الحموضة بالجسم.  زنك (Zinc): معدن أساسي لنمو الخلايا وتجديد الأنسجة.  فيتامين C: مضاد أكسدة قوي ومحفّز لإنتاج الكولاجين.  زيليتول (xylitol): محلي طبيعي يدعم صحة الفم من خلال تقليل البكتيريا الضارة.  ما فوائد limitless hydrate glow؟  يساعد hydrate limitless على:  ترطيب الجسم بشكل فعال.  الحفاظ على توازن الأملاح والمعادن بالجسم.  دعم صحة البشرة والشعر والأظافر.  تعزيز مرونة الجلد.  الحفاظ على صحة العضلات.  تنظيم الدورة الدموية.  دعم المناعة.  تقليل الشعور بالتعب والإرهاق.  ما طريقة استعمال limitless hydrate glow؟  ضع كيس واحد في كوب من الماء 250 مل.  يفضل تناوله مرة يومياً.  يمكنك تناول أكثر من كيس في اليوم أو حسب إرشادات الطبيب.  يفضل تناوله بارداً لتحسين الطعم.  (جميع الجرعات المذكورة هي جرعات استرشادية فقط ولا يجب الاعتماد عليها إذا كنت من غير المختصين).  ما الأعراض الجانبية لمحلول ليمتلس هيدرات جلو؟  عادة ما يكون آمنًا، ولكن قد يسبب ليمتلس هيدريت اوريجينال بعض الآثار الجانبية مثل اضطرابات الجهاز الهضمي خاصة عند بدايه استخدامه، ومنها:  الشعور بالغثيان.  الإمساك أو الإسهال.  الانتفاخ أو الغازات.  الشعور بعدم راحة في المعدة.  ما موانع استعمال ليمتلس هيدرات جلو؟  يمنع استخدام ليمتلس هيدريت جلو في الحالات الآتية:  فرط الحساسية تجاه أحد المكونات.  الأطفال.  يجب استشارة الطبيب أولاً في حالة الحمل أو الرضاعة أو إن كنت تعاني من أحد الأمراض المزمنة.  ما بديل ليمتلس هيدريت؟  من البدائل التي لها مفعول مشابه كل من:   أكياس ORS.  أكياس هيدرالايت.  إلكتروليت كومبلكس كبسول.  أكياس هيومانترا.  ما انواع limitless hydrate؟  ليمتلس هيدرات أوريجينال limitless hydrate original.  ليمتلس هيدرات جلو limitless hydrate glow.  ليمتلس هيدرات تشارج limitless hydrate charge.  ليمتلس هيدرات إميونتي limitless hydrate immunity.  ليمتلس هيدرات كيدز limitless hydrate kids.  ما هو سعر ليمتلس هيدريت جلو؟  سعر ليمتلس هيدريت جلو (limitless hydrate glow 6 sticks) حوالي 162 جنيه مصري.  سعر ليمتلس هيدريت أوريجنال (limitless hydrate original 6 sticks) حوالي 171 جنيه مصري.  سعر ليمتلس هيدريت كيدز (limitless hydrate kids 6 sticks) حوالي 150 جنيه مصري.  (سعر الدواء قد يتغير تبعاً لتحديث سعره في الصيدليات).,raw_specs: المواصفات
25620,فيروديب كبسول | حبوب الحديد للحامل | 30 كبسوله,ferrodep caps dycr,295,EGP,No Brand,الفيتامينات والمكملات>,in stock,https://chefaa.com:443/eg-ar/nowProduct/ferrodep-30-caps-dycr,https://cdn.chefaa.com/filters:format(webp)/public/uploads/products/ferrodep-30-caps-dycr-01670858982.png,https://cdn.chefaa.com/filters:format(webp)/public/uploads/products/ferrodep-30-caps-dycr-01670858982.png,مميزات المنتج   يستخدم فيروديب كبسول (ferrodep capsule) لعلاج الأنيميا ونقص الحديد بتقنية النانو اليابانية، بدون آثار جانبية على الجهاز الهضمي وآمنة للاستخدام خلال الحمل.   عن هذا المنتج     مكونات فيروديب كبسول   تحتوي كبسولات فيروديب على  الحديد (iron): يساهم في تكوين خلايا الدم الحمراء مما يعزز نقل الأكسجين لخلايا الجسم، كما يعالج الأنيميا والضعف العام.  فيتامين سي (vitamin C): يعزز امتصاص الحديد ويقوي المناعة.  دواعي الاستعمال ferrodep  يستخدم فيروديب في:  علاج الأنيميا ونقص الحديد.  تقليل التعب والإرهاق العام.  أثناء فترة الحمل.  جرعة دواء فيروديب   يجب اتباع إرشادات الطبيب فيما يخص الجرعة اليومية. عادة ما تكون الجرعة الموصى بها لكبسولات فيروديب كبسولة واحدة يومياً قبل الأكل.  سعر فيروديب للحامل   سعر ferrodep 250 جنيه مصري للعبوة التي تحتوي على 30 كبسولة.  بديل ferrodep  فرافيرو كبسول (pharaferro capsule).  برافوتين أكياس (pravotin sachets).  فيتونكس كبسول (vitonex capsule).  ما هي أنواع دواء ferrodep؟  فيروديب شراب.  فيروديب كبسول.  ما أفضل أنواع حبوب الحديد للحامل؟  فيروترون كبسول (ferrotron capsule).  فيروجلوبين كبسول (feroglobin capsule).  فرافيرو كبسول (pharaferro capsule).  فيروديب كبسول (ferrodep capsule).,raw_specs: المواصفات
29612,فيروديب شراب | 150مل,ferrodep syrup 150ml 1vdo,250,EGP,No Brand,الفيتامينات والمكملات>,in stock,https://chefaa.com:443/eg-ar/nowProduct/ferrodep-syrup-150ml-1vdo,https://cdn.chefaa.com/filters:format(webp)/public/uploads/products/ferrodep-syrup-150ml-gj1b-01683573434.png,https://cdn.chefaa.com/filters:format(webp)/public/uploads/products/ferrodep-syrup-150ml-gj1b-01683573434.png,مميزات المنتج   فيروديب شراب | 150مل,raw_specs: المواصفات
4918,بروستانورم لعلاج التهاب البروستاتا | 30 كبسولة,prostanorm cap,231,EGP,إيڤا فارما,الفيتامينات والمكملات>المكملات الغذائية,in stock,https://chefaa.com:443/eg-ar/nowProduct/prostanorm-30-cap,https://cdn.chefaa.com/filters:format(webp)/public/uploads/products/prostanorm-30-cap-01673128830.png,https://cdn.chefaa.com/filters:format(webp)/public/uploads/products/prostanorm-30-cap-01673128830.png,مميزات المنتج   يستخدم لعلاج ضعف وظائف البروستاتا.   عن هذا المنتج     يحتوي العقار على مجموعة من الأعشاب الطبيعية التي تساعد في علاج التهاب البروستاتا والتخفيف من الأعراض المصاحبة لها مثل الحرقان عند التبول وكثرة التبول فهو يعتبر مكمل غذائي يحتوي على مجموعة من الفيتامينات والمعادن الهامة.   الجرعة وطريقة الاستخدام:     يجب استشارة الطبيب من حيث الجرعة ومدة العلاج التي يتم تحديدها على حسب الحالة الصحية.    الجرعة الاعتيادية: يتم تناول 1-2 كبسولة خلال اليوم مع الأكل وشرب كمية كافية من الماء.    يجب عمل التحاليل اللازمة لتحديد درجة الحالة الصحية وشدتها على حسب الحالة يتم تحديد الجرعة.    يجب الالتزام بالجرعة ومدة العلاج التي يقرها الطبيب المعالج. يحذر التوقف عن إلا بعد استشارة الطبيب حتى في حالة الشعور بتحسن.    في حالة نسيان الجرعة يتم أخذها فورا إلا في حالة قرب ميعاد الجرعة التالية.     دواعي الاستعمال:     يستخدم لعلاج ضعف وظائف البروستاتا.   علاج آلام البروستاتا.    يساعد في التخفيف من احتقان البروستاتا والتخفيف من الآلام المصاحبة لها.    يعالج حالات كثرة التبول.    علاج صعوبة التبول.   يعالج ضعف تدفق البول وما يصاحبه من آلام.    يعالج عدم القدرة والشعور بصعوبة التبول والإخراج.    يعالج الالتهاب البكتيري في البول.    يعالج فقدان البول المفاجئ.,ماركة: إيڤا فارما
27924,تريندو اقراص - دواء للانتفاخ والغازات | 20 قرص,trendo tab 0v6v,118,EGP,No Brand,الفيتامينات والمكملات>,in stock,https://chefaa.com:443/eg-ar/nowProduct/trendo-20-tab-0v6v,https://cdn.chefaa.com/filters:format(webp)/public/uploads/products/trendo-20-tab-sdup-01673526739.png,https://cdn.chefaa.com/filters:format(webp)/public/uploads/products/trendo-20-tab-sdup-01673526739.png,مميزات المنتج   تريندو اقراص لعلاج الانتفاخ والغازات (Trendo) مكمل غذائي له تركيبة طبيعية تدعم صحة الجهاز الهضمي ويعالج عسر الهضم والانتفاخات ويقلل من تقلصات المعدة.   عن هذا المنتج     مكونات تريندو اقراص   يحتوي تريندو اقراص على   خلاصة جذور الداندليون (Dandelion): تُستخدم لتحسين صحة الكبد وتعزيز عملية الهضم.  خلاصة إكليل الجبل (Rosemary extract): تُستخدم لتهدئة الجهاز الهضمي وتقليل الانتفاخ والغازات، كما تساعد على تخفيف الغثيان.  خلاصة بذور الشمر (Fennel extract): تُستخدم لتحسين عملية الهضم وتقليل الانتفاخ والغازات، كما تساهم في تخفيف آلام البطن وتهدئة القولون العصبي.  خلاصة النعناع (Mint extract): تُستخدم لتخفيف الانتفاخ والغازات وتهدئة القولون.  الجلوتاميك أسيد (Glutamic acid): يُستخدم في تعزيز عملية الهضم وتخفيف الانتفاخات والغازات، كما يساعد على تحسين صحة الأمعاء.  بيتايين هيدروكلوريد (Betaine hydrochloride): يحسن الهضم ويقلل الانتفاخ والغازات، ويساعد على علاج حالات عسر الهضم.  دواعي استعمال trendo tablets   تستخدم اقراص تريندو في:  علاج عسر الهضم.   تقليل الانتفاخ والغازات وحرقة المعدة.  تقليل اضطرابات الجهاز الهضمي.  تخفيف أعراض القولون العصبي مثل الإمساك والإسهال والانتفاخ.  علاج تهيج المعدة وتحسين وظائفها الهضمية.  تحسين عملية الهضم وتعزيز الصحة الهضمية العامة.  جرعة تريندو   يجب استشارة الطبيب المختص لتحديد الجرعة المناسبة لك. عادة ما تكون الجرعة الموصى بها هي قرص واحد مرتين إلى ثلاثة في اليوم.  سعر تريندو اقراص   سعر تريندو حبوب هو 54 جنيه مصري.  بديل تريندو اقراص لعلاج الانتفاخ والغازات   ايوكاربون اقراص (Eucarbon).  فلاتيديل اقراص (Flatidyl).  ديسفلاتيل اقراص (Disflatyl).  ما أفضل دواء للانتفاخ والغازات؟  ايوكاربون اقراص (Eucarbon).  جليكودال اقراص (Glycodel).  ديسفلاتيل اقراص (Disflatyl).  تريندو اقراص (Trendo).,raw_specs: المواصفات
52914,ناو | الميلاتونين مكمل غذائي لتنظيم النوم والجهاز الهضمي 3مجم | 60 كبسولة,now 3mg melatonin sleep free radical gastrointestinal support supplement vegan gmo freeoYSm,500,EGP,No Brand,الفيتامينات والمكملات>المكملات الغذائية,in stock,https://chefaa.com:443/eg-ar/nowProduct/now-3mg-melatonin-sleep-free-radical--gastrointestinal-support-supplement--vegan-gmo-freeoYSm,https://cdn.chefaa.com/filters:format(webp)/public/uploads/products/now-3mg-melatonin-sleep-free-radical-gastrointestinal-support-supplement-vegan-gmo-freeoysm-01736083285.png,https://cdn.chefaa.com/filters:format(webp)/public/uploads/products/now-3mg-melatonin-sleep-free-radical-gastrointestinal-support-supplement-vegan-gmo-freeoysm-01736083285.png,مميزات المنتج   ناو | الميلاتونين مكمل غذائي لتنظيم النوم والجهاز الهضمي 3مجم | 60 كبسولة,raw_specs: المواصفات
29011,كال بريج د | 30 قرص,cal preg 30tab 8dzi,105,EGP,No Brand,الفيتامينات والمكملات>المكملات الغذائية,in stock,https://chefaa.com:443/eg-ar/nowProduct/cal-preg-d-30tab-8dzi,https://cdn.chefaa.com/filters:format(webp)/public/uploads/products/cal-preg-d-30tab-wbxx-01681677110.png,https://cdn.chefaa.com/filters:format(webp)/public/uploads/products/cal-preg-d-30tab-wbxx-01681677110.png,مميزات المنتج   كال بريج د | 30 قرص,raw_specs: المواصفات
55129,دوزوفا KSM-66 أشواجندا | 60 قرص,dozova ashwagandha 300mg 30capWmWe,394,EGP,No Brand,الفيتامينات والمكملات>المكملات الغذائية,in stock,https://chefaa.com:443/eg-ar/nowProduct/dozova-ashwagandha-300mg-30capWmWe,https://cdn.chefaa.com/filters:format(webp)/public/uploads/products/dozova-ashwagandha-300mg-30capwmwe-01750339258.png,https://cdn.chefaa.com/filters:format(webp)/public/uploads/products/dozova-ashwagandha-300mg-30capwmwe-01750339258.png,"مميزات المنتج   دوزوفا KSM-66 أشواجندا | 60 قرص   عن هذا المنتج     دوزوفا أشواجندا KSM-66:  الأشواجندا هي عشبة تُستخدم منذ آلاف السنين في الطب الأيروفيدي والهندي واليوناني، وغالبًا ما يُشار إليها باسم """"الجينسنغ الهندي"""". تُصنّف كـ أدابتوجين، أي أنها تساعد الجسم على التكيف مع التوتر، وتحسين مستويات الطاقة، ومحاربة الإرهاق. كما أنها تدعم صحة الجهاز المناعي. KSM-66 تمثل الجيل الجديد من مستخلص الأشوجاندا، ومن المهم أن نُدرك أن ليس كل مكملات الأشواجندا متساوية من حيث الجودة والفعالية. تمتاز KSM-66 بأنها تحتوي على أعلى تركيز من المواد الفعالة بين جميع مستخلصات جذور الأشواغاندا. فهي مستخلص كامل الطيف من الجذر فقط، ومُقيّسة لتحتوي على 5% من الويثانولايدز، وهي الفئة الرئيسية من المواد الفعالة، والموجودة بتركيزها الأعلى في الجذر. """"كامل الطيف"""" يعني أن نسب المركبات النشطة في المستخلص مشابهة تمامًا لما هي عليه في الطبيعة. الجرعة الموصى بها: كبسولة واحدة مرتين يوميًا. +18 سنة",raw_specs: المواصفات
60716,سنترم للرجال | 30 قرص,centrum men tabs xijk,300,EGP,سنترم,الفيتامينات والمكملات>المكملات الغذائية,in stock,https://chefaa.com:443/eg-ar/nowProduct/centrum-men-30-tabs-xijk,https://cdn.chefaa.com/filters:format(webp)/public/uploads/products/centrum-men-30-tabs-xijk-01741255579.png,https://cdn.chefaa.com/filters:format(webp)/public/uploads/products/centrum-men-30-tabs-xijk-01741255579.png,مميزات المنتج   سنترم للرجال | 30 قرص    عن هذا المنتج     يحتوي سنترم للرجال علي فيتامينات ب و المغنيسيوم المطلوبة لدعم الطاقة و .صحة العضلات,ماركة: سنترم
5475,بريجناكير فيتامين للحامل لدعم صحة الأم والجنين | 30 قرص,pregnacare tab,200,EGP,فيتابيوتكس,الفيتامينات والمكملات>المكملات الغذائية,in stock,https://chefaa.com:443/eg-ar/nowProduct/pregnacare-30-tab,https://cdn.chefaa.com/filters:format(webp)/public/uploads/products/pregnacare-30-tab-01720229675.png,https://cdn.chefaa.com/filters:format(webp)/public/uploads/products/pregnacare-30-tab-01720229675.png,"مميزات المنتج   يحتوي على 19 فيتامين ومعادن مهمة مثل فيتامين ب 12 وحمض الفوليك ، مزيج آمن ومتوازن متوافق مع الحمل. لحماية طفلك الذي ينمو ، يتجنب بريجناكير المستويات الزائدة من الحديد والمواد المغذية الأخرى. لا يحتوي بريجناكير على فيتامين أ ، حيث لا ينصح بتناول مستويات عالية منه أثناء الحمل. مناسب للنباتيين. لم تختبر على الحيوانات. بدون ملح مضاف يتم تناوله مع كمية كافية من الماء بعد الوجبة الرئيسية.   عن هذا المنتج     مكونات فيتامين بريجناكير للحامل يحتوي فيتامين بريجناكير للحامل مجموعة من العناصر الضرورية وهي: بيتاكاروتين (Beta Carotene). فيتامين ب1 (Thiamin). فيتامين ب2 (Riboflavin). فيتامين د3 (Vitamin D3). حمض الفوليك (Folic Acid). فيتامين ك (Vitamin K). فيتامين ب12 (Vitamin B12). فيتامين ب6 (Vitamin B6). فيتامين ج (Vitamin C). فيتامين ب3 (Niacin). زنك (Zinc). حديد (Iron). مغنيسيوم (Magnesium). نحاس (Cupper). يود (Iodine). فوائد حبوب pregnacare للحامل غني بالعناصر الغذائية والفيتامينات الضرورية التي يوصى بها عند الاستعداد لحدوث الحمل وخلال فترة الحمل. يساعد على النمو السليم للجنين. مناسب للاستعمال أثناء فترة الرضاعة. يوفر للجسم العناصر الضرورية قبل وأثناء وبعد الحمل. يدعم ويقوي الجسم. جرعة حبوب بريجناكير للحمل كبسولة واحدة يوميًا  ينصح بتناولها مع الوجبة الأساسية أو بعدها مباشرةً. يمكن تناول برشام pregnacare مع كوب من الماء أو العصير. تبلع الكبسولات دون أن تمضغ أو تفتح. يجب عدم تجاوز الجرعة المحددة من برشام بريجناكير تحت إشراف الطبيب. بديل دواء pregnacare ايليفيت Elevit. مامي فيتال Mamy Vital. بريجناكير سعر فى مصر  pregnacare سعر العلبة 30 قرص هو 125 جنيه مصري ""سعر الدواء قد يتغير تبعاً لتغير سعره فى الصيدليات"". أنواع حبوب بريجناكير حبوب pregnacare لغير الحامل (بريجناكير قبل الحمل). فيتامينات بريجناكير للمرضع. حبوب pregnacare للحامل. هل تنفع فيتامينات بريجناكير للمرضع؟ نعم، يمكن استعمال فيتامين pregnancy للحامل عند الاستعداد للحمل، وخلال فترة الحمل وكذلك أثناء الرضاعة الطبيعية. هل حبوب بريجناكير تسمن؟ لا يسبب تناول هذه الحبوب زيادةً في الوزن. متى اخذ حبوب Pregnacare؟ ينصح بتناول الجرعة اليومية مع الوجبة الأساسية أو بعدها مباشرةً (في غير وجبة الإفطار).",ماركة: فيتابيوتكس
51471,دوزوفا ناد+ 300مجم | 60 كبسولة,dozova nad capiTEG,494,EGP,No Brand,الفيتامينات والمكملات>الفيتامينات  والمعادن,in stock,https://chefaa.com:443/eg-ar/nowProduct/dozova-nad--300-mg-60-capiTEG,https://cdn.chefaa.com/filters:format(webp)/public/uploads/products/dozova-nad-300-mg-60-capiteg-01750340150.png,https://cdn.chefaa.com/filters:format(webp)/public/uploads/products/dozova-nad-300-mg-60-capiteg-01750340150.png,مميزات المنتج   دوزوفا ناد+ 300مجم | 60 كبسولة   عن هذا المنتج     دوزوفا NAD+ نيكوتيناميد ريبوسايد نيكوتيناميد ريبوسايد هو أحد أفراد عائلة فيتامين B3،وهو مصدر لفيتامين B3 و لمركب نيكوتيناميد أدينين ثنائي النوكليوتيد (NAD+)، وهو جزيء أساسي يوجد في كل خلية في الجسم. أثبتت الدراسات السريرية أنه يعمل علي زيادة بشكل ملحوظ من مستويات NAD+. الفوائد الرئيسية: يعزز صحة البشرة يدعم إنتاج الكولاجين ويحسن مرونة الجلد يساهم في إصلاح الحمض النووي وتجديد الخلايا يحارب الشيخوخة المبكرة ويحافظ على وظائف الخلايا الشابة يعزز الطاقة الخلوية يدعم وظائف الميتوكوندريا يساهم في تعزيز صحة الدماغ ودعم الوظائف الإدراكية الجرعة الموصى بها  (فوق 18 سنة): 300 مجم مرة واحدة يوميًا، ويفضل في الصباح مع أو بدون طعام,raw_specs: المواصفات
162,ماركال اقراص 700 مجم كالسيوم marcal tab لمرضى الكلى | 30 قرص,marcal tab,90,EGP,ماركيرل,الفيتامينات والمكملات>المكملات الغذائية,in stock,https://chefaa.com:443/eg-ar/nowProduct/marcal-30-tab,https://cdn.chefaa.com/filters:format(webp)/public/uploads/products/marcal-30-tab-01730973883.png,https://cdn.chefaa.com/filters:format(webp)/public/uploads/products/marcal-30-tab-01730973883.png,"مميزات المنتج   اقراص ماركال 700 marcal tablets مكمل غذائي كالسيوم لمرضى الكلى لعلاج فرط الفوسفات | 30 قرص   عن هذا المنتج       مكونات ماركال اقراص marcal tab     المادة الفعالة هى أسيتات الكالسيوم   الكالسيوم هو معدن ضروري للعديد من وظائف الجسم ، وخاصة تكوين العظام والحفاظ عليها ويرتبط الكالسيوم أيضًا بمعادن أخرى مثل الفوسفات ويساعد في إزالتها من الجسم.   وتقوم أسيتات الكالسيوم بالارتباط بالفوسفات الموجود في الطعام الذي يتم تناوله، بحيث يتم التخلص من الفوسفات ومنع امتصاصه بالجسم.   لذا تُستخدم أسيتات الكالسيوم للتحكم في مستوى الفوسفات في الدم لمرضى الفشل الكلوي         دواعي الاستعمال ماركال 700 يُستخدم الدواء كمكمل غذائي لعلاج زيادة مستويات الفوسفات ق الدم لدى المرضى الذين يقومون بغسيل الكلى بسبب مرض الكلى الحاد.   جرعة ماركال كالسيوم marcal tablets      يجب عليك مراجعة الطبيب أو الصيدلي قبل تناول الدواء   جرعة الدواء قد تختلف من حالة لأخرى   الجرعة المعتادة : قرص أو قرصين يومياً.   الجرعة لمرضى الفشل الكلوي : قرص إلى قرصين مع كل وجبة سعر ماركال 700 يبلغ سعر دواء ماركال حوالي  40 جنيه مصرى وتحتوى العلبة على 3 شرائط - 30 قرص  "" قد يتغير سعر marcal tab من وقت لآخر ""       الأعراض الجانبية لاقراص ماركال كالسيوم قد تسبب أقراص ماركال آثارًا جانبية مثل      الغازات والإمساك والانتفاخ   الغثيان ،القيء   اضطراب المعدة   فقدان الشهية   زيادة العطش وكثرة التبول   عدم انتظام ضربات القلب        موانع استعمال برشام ماركال مكمل غذائي     الحساسية تجاه أي من مكونات الدواء   في حالة مرضى زيادة كالسيوم الدم   في حالة مرضى نقص الفوسفات في الدم   الأشخاص المصابين بحصوات الكلى        التحذيرات قبل استعمال دواء ماركال     يجب إستشارة الطبيب أو الصيدلى فى حالة كنت تتناول أدوية أخرى أو تعانى من أى أمراض   يجب إستشارة الطبيب أو الصيدلي قبل إستخدام الدواء فى حالة الحمل أو الرضاعة   عند  استخدام ماركال في نفس الوقت مع دواء التتراسيكلين أو دواء الديجيتاليس ، فيجب تناول هذه الأدوية في خلال ثلاث ساعات على الأقل  بعد دواء ماركال   تجنب استخدام مضادات الحموضة التى تحتوى على الكالسيوم   تجنب تناول المضادات الحيوية مثل سيبروفلوكساسين أو موكسيفلوكساسين أو ليفوفلوكساسين في خلال ساعتين قبل تناول الدواء  أو بعد 6 ساعات من تناوله   تجنب أخذ المضادات الحيوية مثل الدوكسيسيكلين أو المينوسكلين أو التتراسيكلين في خلال ساعة واحدة قبل تناول الدواء   تجنب تناول ليفوثيروكسين ( دواء علاج قصور الغدة الدرقية ) في غضون 4 ساعات قبل أو 4 ساعات بعد تناول أقراص ماركال       برشام ماركال للحامل تأثير marcal اقراص على الجنين غير معروف لذا يٌفضل تجنب استخدام الدواء إلا إذا كانت الفوائد المحتملة من استخدام الدواء في النساء الحوامل تفوق المخاطر المحتملة.     حبوب ماركال والرضاعه لا يُتوقع أن يؤذي استخدام marcal اقراص الرضيع ، ولكن يجب استخدام هذا الدواء فقط إذا لزم الأمر وأن يتم مراقبة مستويات الكالسيوم في دم الأم     علاج ماركال للكلى يٌستخدم دواء marcal 700 للتحكم في مستوى الفوسفات في الدم لدى مرضى الفشل الكلوي لأنهم معرضون للإصابة بزيادة مستوى الفوسفات فى الدم     أقراص ماركال 700 لآلام المفاصل marcal دواء ليس له تأثير فعال فى تخفيف آلام المفاصل   ماركال أسيتات الكالسيوم لهشاشة العظام   يُستخدم برشام marcal  لمنع ارتفاع مستويات الفوسفات في الدم لدى المرضى الذين يخضعون لغسيل الكلى بسبب مرض الكلى الحاد وليس له  تأثير فعال فى علاج هشاشة العظام      ماركال لعلاج نقص الكالسيوم     يحتوى ماركال أقراص على مادة أسيتات الكالسيوم والتى ترتبط الفوسفات وتساعد على تخلص الجسم منه وقد تؤدي إلى ارتفاع مستويات الكالسيوم. أما لعلاج نقص الكالسيوم فيُفضل استخدام المكملات التى تحتوى على كربونات الكالسيوم أو سترات الكالسيوم      ماركال وزيادة الوزن لا يسبب دواء كالسيوم ماركال زيادة فى الوزن. بدائل ماركال دواء كالسيوم اسيتات 500 مجم اقراص. ديالي كال 500 مجم اقراص. كال ماج اقراص. اوستيوكير اقراص. هل يتم تناول ماركال قبل الأكل ولا بعده ؟ يُفضل تناول الدواء مع الطعام. ما هى أضرار ماركال مكمل غذائي ؟ قد يسبب بعض الأعراض الجانبية مثل الغازات والإمساك والانتفاخ والغثيان والقيء واضطراب المعدة",ماركة: ماركيرل
14306,برشام تولانجو سليم للتخسيس وإنقاص الوزن tulango slim | ٣٠ كبسول,tulango slim tabs 67od,270,EGP,No Brand,الفيتامينات والمكملات>المكملات الغذائية,in stock,https://chefaa.com:443/eg-ar/nowProduct/tulango-slim-30-tabs-67od,https://cdn.chefaa.com/filters:format(webp)/public/uploads/products/tulango-slim-30-tabs-67od-01725359862.png,https://cdn.chefaa.com/filters:format(webp)/public/uploads/products/tulango-slim-30-tabs-67od-01725359862.png,"مميزات المنتج   كبسولات تولانجو سليم للتخسيس Tulango slim مكمل غذائي يساعد على تعزيز فقدان الوزن ويتميز بتركيبة من مكونات طبيعية 100% لنتائج فعالة وواضحة.   عن هذا المنتج     مكونات برشام تولانجو سليم للتخسيس تحتوي كبسولات تولانجو سليم على: خلاصة نبات الجارسينيا (garcinia cambogia extract): مستخلص من فاكهة الجارسينيا الغنية بالمغذيات والتي تساعد على الحد من تحول الكربوهيدرات إلى دهون، بالإضافة إلى تقليل القرح وتحسين الهضم. حبوب القهوة الخضراء (Green Coffee): تساعد على تنظيم امتصاص السكر وتحسن إفراز الأنسولين، كما أنها تحفز فقدان الوزن وحرق الدهون المخزنة في الجسم. الكروميوم (Chromium): معدن أساسي يساعد في تحسين وظيفة الأنسولين وتنظيم مستويات السكر في الدم، والمحافظة على مستويات مناسبة من الدهون والكوليسترول. مستخلص أوراق الشاي الأخضر (Green Tea): غني بمضادات الأكسدة يقلل من مخاطر الإصابة بالسمنة ويحفز خسارة الوزن الزائد. دواعى استعمال كبسولات تولانجو سليم Tulango slim مكمل غذائي يساعد على التخلص من الوزن الزائد والمحافظة على وزن مثالي عن طريق: تقليل الشهية وتعزيز عمليات التمثيل الغذائي. تحسين استفادة الجسم من الطاقة المخزنة. حرق الدهون المخزنة في الجسم. الحد من الرغبة في تناول الأطعمة والناتجة عن اضطرابات المشاعر. تحسين شكل الجسم. منع تحول السكر إلى دهون. تنظيم مستوى السكر في الدم. زيادة إفراز السيروتونين الذي يساعد على تحسين المزاج. جرعة تولانجو سليم للتخسيس الجرعة المعتادة كبسولة واحدة حتى 3 مرات يوميًا،  طريقة استعمال تولانجو سليم ينصح بتناول اقراص تولانجو سليم قبل الوجبة بنصف ساعة. بديل دواء تولانجو سليم كروماكس Chromx. اورلي Orly. كروميوم Chromium. ليمتلس كروماكس Limitless Chromax. سعر تولانجو سليم في الصيدليات برشام tulango slim تولانجو سليم سعره حوالى 240 جنيه مصري. سعر شريط تولانجو سليم في مصر حوالى 80 جنيه مصري. ""قد يتغير سعر كبسولات تولانجو سليم للتخسيس تبعاً لتغير سعره فى الصيدليات"". تولانجو سليم والرضاعه تأثير تناول الدواء فى فترة الرضاعة الطبيبعة غير معروف ولا يُنصح عمومًا بأن باستعمال مكملات فقدان الوزن للأمهات المرضعات ما هي فوائد تولانجو سليم ؟ حبوب تولانجو سليم تساعد على سد الشهية وتحسين معدلات حرق الدهون لذلك يعزز خسارة الوزن الزائد ويساعد على المحافظة على وزن مثالي. ما هى أضرار تولانجو سليم للتخسيس ؟ برشام تولانجو سليم أضراره عادةً ليست خطيرة طالما يتم استعماله بالتعليمات الموصى بها. متى تظهر نتيجة تولانجو سليم؟ مع اتباع نظام غذائى صحى وممارسة الرياضة يمكن ملاحظة تأثير دواء تولانجو سليم في خلال شهر من الاستعمال. تولانجو سليم بيخسس كام كيلو في الشهر ؟ قد تساعد المكملات التى تحتوى على الجارسينيا والقهوة الخضراء والشاى الاخضر والكروم على فقدان من كيلو إلى ٣ كيلو من الوزن خلال شهر إلى شهرين. بكام تولانجو سليم ؟ حبوب tulango slim سعرها حوالى 240 جنيه مصرى. هل اقراص تولانجو سليم يحرق الدهون؟ المكونات الطبيعية بالدواء قد تساعد الجسم على زيادة معدل الحرق مع اتباع نظام غذائى صحى وممارسة الرياضة. هل يوجد تولانجو سليم في الصيدليات ؟ أجل يتوافر علاج تولانجو سليم فى الصيدليات. اين يوجد تولانجو سليم ؟ يتوافر tulango slim فى الصيدليات ويمكن طلبه عبر تطبيق شفاء لصيلك حتى عندك من اقرب صيدلية إليك. أيهما افضل تولانجو سليم ولا كروماكس ؟ حبوب كروماكس للتخسيس تحتوى على مستخلص نبات جارسينيا كامبوجيا والكروميوم حبوب  تولانجو سليم للتخسيس تحتوى على مستخلص نبات جارسينيا كامبوجيا والكروميوم بالإضافة إلى خلاصة القهوة الخضراء وخلاصة الشاى الأخضر. هل تولانجو سليم بيخسس ؟ برشام tulango slim يساعد على انقاص الوزن. ما أفضل حبوب تخسيس مرخصة من وزارة الصحة ؟ اورلى كبسولات. كبسولات تولانجو سليم. توب جينج كبسول. كبسولات كروماكس لحرق الدهون.",raw_specs: المواصفات
4788,بريستو توفي brestto لزيادة اللبن للرضاعة وتكبير الثدى | 20 قطعة,brestto toffee,160,EGP,ديفارت لاب,الفيتامينات والمكملات>المكملات الغذائية,in stock,https://chefaa.com:443/eg-ar/nowProduct/brestto-20-toffee,https://cdn.chefaa.com/filters:format(webp)/public/uploads/products/1607499038-0000s-0021-bresttopng,https://cdn.chefaa.com/filters:format(webp)/public/uploads/products/1607499038-0000s-0021-bresttopng,"مميزات المنتج   بريستو توفي brestto لزيادة اللبن للرضاعة وتكبير الثدى : عبارة عن قطع طوفي سهلة الاستخدام يضمن أفضل نتيجة فى تحسين إدرار اللبن يحتوي علي مجموعة من المعادن والفيتامينات والأعشاب مثل الحلبة والشبت والينسون والشمر. يساعد الأم المرضعة علي زيادة إدرار اللبن خلال أسبوع واحد. الإنتظام علي البريستو أثناء فترة الرضاعة يساعد في تحسين نمو الرضيع.   عن هذا المنتج     مكونات بريستو توفي brestto tab  يحتوي بريستو توفي على تركيبة من الأعشاب الطبيعية وهي: الحلبة. الشبت. الينسون. الشمر.   فوائد بريستو اقراص مصدر للمعان والفيتامينات للمرضعات. غني بتركيبة من الأعشاب والمكونات الطبيعية. يساعد على إدرار اللبن أثناء  فترة الرضاعة الطبيعية. تقوية جسم الأم أثناء فترة الرضاعة تقوية مناعة الأم والطفل.. فوائد بريستو للرضاعه يستعمل توفي بريستو لإدرار اللبن أثناء فترة الرضاعة الطبيعية حيث يحتوي على تركيبة طبيعية من الأعشاب الغنية بالفيتامينات والمعادن. فوائد برشام بريستو لزيادة اللبن تناول المكملات مثل اقراص بريستو خلال وقت قصير من الولادة يحسن من إدرار اللبن لدى المرضعات، خاصةً أنه يحتوي على خلاصة بذور الحلبة التي تستعمل منذ زمن طويل لهذا الغرض، مع توفير طعم لذيذ ومحبب للأمهات. جرعة بريستو للرضاعة الجرعة المعتادة هي 2-3 قطع مضغ يوميًا  لمدة إسبوع أو إسبوعين (يتم مضغ قطعة الطوفي (بطعم الكراميل) حتى كامل ذوبانها في الفم.) لا تزيد مدة استعمال برشام بريستو لادرار اللبن عن أسبوعين  إلا بوصف من الطبيب حيث ينصح بأخذ فترة من الراحة قبل الاستمرار في تناوله. بديل توفي بريستو brestto toffee هيربانا Herbana. سيكم أعشاب مدرة للبن Sekem lactagoge. سعر بريستو توفي لإدرار اللبن سعر دواء بريستو لإدرار اللبن هو 94 جنيه لعبوة تحتوى على 20 قطعة.  ""قد يتغير سعر برشام بريستو brestto تبعاً لتغير سعره فى الصيدليات"". ايهما أفضل بريستو ولا هيربانا ؟ لكلٍ منهما فاعلية عالية في إدرار اللبن، لكن يتميز بريستو بأنه يتوفر على هيئة توفي مضغ لذيذ الطعم ومحبب للأمهات. متى يبدأ مفعول بريستو bresto ؟ تبدأ نتائج حبوب بريستو في الظهور خلال الأسبوع الأول من الاستعمال المنتظم. هل توفي بريستو يزيد الوزن ؟ لا يسبب تناوله دواء بريستو أي زيادة في الوزن، فالسعرات الحرارية الموجودة به قليلة. هل يستعمل بريستو توفي لتكبير الثدي؟ لا يستعمل هذا المكمل لأغراض تكبير الثدي، فهو قد يسبب زيادة فقط بسبب زيادة إدرار الحليب، لكن لا يؤثر على حجم الثدي بأي صورةٍ مباشرة. ما هى أضرار بريستو توفي ؟ بريستو مكمل غذائي قد يسبب بعض الأعراض الجنابية لدى بعض الحالات ما افضل حبوب لزيادة حليب الأم ؟ حبوب هيربانا بريستو توفى دواء فيلي لزيادة الحليب Phylait فينوجريك كبسول مدر لحليب الأم",ماركة: ديفارت لاب
4944,شراب البافيت بالحديد للاطفال فاتح للشهيه elbavit syrup | ٦٠ مل,elbavit with iron,40,EGP,مالتي فارما,الفيتامينات والمكملات>المكملات الغذائية,in stock,https://chefaa.com:443/eg-ar/nowProduct/elbavit-with-iron,https://cdn.chefaa.com/filters:format(webp)/public/uploads/products/1608547609-0048-elbavit1png,https://cdn.chefaa.com/filters:format(webp)/public/uploads/products/1608547609-0048-elbavit1png,"مميزات المنتج   شراب البافيت بالحديد (elbavit iron syrup) مكمل غذائي يحتوي على تركيبة كاملة من الفيتامينات والمعادن. غني بالحديد والبيوتين بنكهة الأناناس يساعد فى علاج نقص الفيتامينات والمعادن    عن هذا المنتج     مكونات دواء البافيت بالحديد للاطفال (elbavit iron syrup) يحتوي البافيت فاتح للشهيه على: فيتامين أ (Vitamin A). فيتامين ه (Vitamin E). فيتامينات ب1 وب2 وب6 وب7 وب12 (Vitamin B Complex). فيتامين ج (Vitamin C). كبريتات الحديدوز (Ferrous Sulfate). بوتاسيوم (Potassium). كالسيوم (Calcium). دواعي استعمال البافيت حديد elbavit syrup توفير الفيتامينات والمعادن خاصة فى مرحلة النمو. مقوى عام للجسم. تحسين الشهية. تعزيز المناعة في مواجهة العدوى والالتهابات. تعزيز النمو وبناء عظام قوية وأسنان صحية. علاج الأنيميا. جرعة البافيت حديد للاطفال  جرعة البافيت شراب للاطفال : 5 مل (ملعقة صغيرة) مرة واحدة يومياً. جرعة دواء البافيت حديد للبالغين : 10 مل (ملعقتان صغيرتان) مرة واحدة يومياً. بديل البافيت شراب فيتامينات ومعادن فيروجلوبين Feroglobin. سانسوفيت Sansovit. فيوز Ferrose. سعر البافيت حديد شراب سعر البافيت لزيادة الوزن هو 27 جنيه لعبوة تحتوى على 60 مل. ""سعر البافيت شراب قد يتغير من وقت لاخر تبعاً لتغير سعره فى الصيدليات"". ما هي أنواع البافيت فاتح للشهيه ؟ البافيت الأخضر (ELBAVIT CALCIUM)   البافيت الاصفر (elbavit with iron) هل يتم تناول البافيت قبل الأكل أم بعده؟ يفضل تناول دواء elbavit شراب بعد الوجبات. هل ينفع شراب البافيت حديد للرضع ؟ نعم، لكن تحدد الجرعة من البافيت للاطفال الرضع تحت إشراف الطبيب حسب عمر وحالة الطفل. هل يُستخدم البافيت لزيادة الوزن للاطفال؟ نعم، يستعمل شراب elbavit multivitamins لتعزيز وتحسين الشهية مما يزيد من الوزن. ما هى أضرار البافيت لزيادة الوزن للكبار ؟ فيتامين البافيت بالحديد عادةً لا يسبب أضرار خطيرة للكبار طالما يُستعمل كما هو موصى به من قبل الطبيب. ما الفرق بين البافيت حديد وكالسيوم؟ يحتوي كلًا منهما على مجموعة من الفيتامينات والمعادن الداعمة للجسم، لكن يحتوي البافيت حديد على الحديد بينما لا يحتوي النوع الآخر على الحديد بل يحتوي على نوعين من الكالسيوم. ما افضل شراب حديد للاطفال ؟ فيتامين البافيت حديد فيروجلوبين شراب  سانسوفيت حديد شراب شراب فروز ‎",ماركة: مالتي فارما
4963,اميولانت كبسول لتقوية المناعة ومقاومة العدوى | 20 كبسول,immulant tablet,45,EGP,ميباكو,الفيتامينات والمكملات>المكملات الغذائية,in stock,https://chefaa.com:443/eg-ar/nowProduct/immulant-tablet,https://cdn.chefaa.com/filters:format(webp)/public/uploads/products/1608646768-0040-unnamed-33png,https://cdn.chefaa.com/filters:format(webp)/public/uploads/products/1608646768-0040-unnamed-33png,"مميزات المنتج   يساعد دواء اميولانت على : تعزيز الجهاز المناعي للجسم مما يزيد من القدرة على مكافحة العدوى .  ينظم أداء الجهاز المناعي ويقلل من الشعور بالتعب والإرهاق. الوقاية من الاصابة بنزلات البرد الفيروسية . يمد الجسم بالطاقة . تقليل التوتر والقلق .   عن هذا المنتج     مكونات اميولانت كبسول  يحتوي اميولانت كبسول على:  خلاصة الإشيناسيا الجافة (Echinacea Dry Extract): مستخلصات طبيعية لها خصائص مقوية ومعززة للمناعة في مواجهة العدوى والالتهابات المختلفة، خاصةً التهابات الجهاز التنفسي.  فوائد دواء اميولانت   يستعمل هذا الدواء كمكمل غذائي للبالغين بغرض:  تقوية وتعزيز المناعة في مواجهة حالات العدوى المختلفة التي تصيب الجسم.  تحسين قدرة الجسم على التعافي بعد الإصابة.  الوقاية من نزلات البرد والانفلونزا.  جرعة اميولانت كبسول  الجرعة المعتادة كبسولة واحدة مرة يوميًا أو وفقًا لما يحدده الطبيب.  لا ينصح باستعماله أكثر من 8 أسابيع إلا تحت إشراف الطبيب. بديل اميولانت كبسول  الليراز Allerease.  اميونفيتا Immunvita.  ميولون Mulone.  برونكوفاكسوم Bronchovaxom.  سانسواميون Sansoimune.  سعر اميولانت كبسول  سعر اميولانت كبسول هو 27 جنيه مصري ""سعر الدواء قد يتغير تبعاً لتغير سعره فى الصيدليات"".  ما هي أنواع دواء  إميولانت؟  يتوفر من دواء اميولانت 3 أنواع وهي كالآتي:  اميولانت شراب  اميولانت بلس كبسول  اميولانت كبسول  ما الفرق بين اميولانت واميولانت بلس ؟  اميولانت  يتوفر على هيئة كبسولات وشراب.  يحتوي على مستخلصات الإشيناسيا الجافة فقط.  اميولانت بلس  يتوفر على هيئة كبسولات فقط.  يحتوي على مستخلصات الإشيناسيا الجافة مع خلاصة عشبة خاتم الذهب.",ماركة: ميباكو
49152,ناو اوميجا 3 1000مجم | 100 كبسولة هلامية,now omega softgels 2iba,1100,EGP,No Brand,الفيتامينات والمكملات>الفيتامينات  والمعادن,in stock,https://chefaa.com:443/eg-ar/nowProduct/now-omega-3-1000-mg-100-softgels-2iba,https://cdn.chefaa.com/filters:format(webp)/public/uploads/products/now-omega-3-1000-mg-100-softgels-2iba-01760737665.png,https://cdn.chefaa.com/filters:format(webp)/public/uploads/products/now-omega-3-1000-mg-100-softgels-2iba-01760737665.png,مميزات المنتج   ناو اوميجا 3 1000مجم | 100 كبسولة هلامية,raw_specs: المواصفات
52919,ناو | مكمل غذائي اوميجا 3 وزيت السمك | 30 كبسولة هلامية,now omega3 sgelsVdPg,450,EGP,No Brand,الفيتامينات والمكملات>المكملات الغذائية,in stock,https://chefaa.com:443/eg-ar/nowProduct/now-omega3-1000-mg-30-sgelsVdPg,https://cdn.chefaa.com/filters:format(webp)/public/uploads/products/now-omega3-1000-mg-30-sgelsvdpg-01736084559.png,https://cdn.chefaa.com/filters:format(webp)/public/uploads/products/now-omega3-1000-mg-30-sgelsvdpg-01736084559.png,مميزات المنتج   ناو | مكمل غذائي اوميجا 3 وزيت السمك | 30 كبسولة هلامية,raw_specs: المواصفات
32216,اوكسى فرى | 20 كبسولة,oxifree capsules_du4MMneV,250,EGP,ديفارت لاب,الفيتامينات والمكملات>الفيتامينات  والمعادن,in stock,https://chefaa.com:443/eg-ar/nowProduct/oxifree-20-capsules_du4MMneV,https://cdn.chefaa.com/filters:format(webp)/public/uploads/products/oxifree-20-capsules-du4mmnev-01720062414.png,https://cdn.chefaa.com/filters:format(webp)/public/uploads/products/oxifree-20-capsules-du4mmnev-01720062414.png,مميزات المنتج   اوكسى فرى | 20 كبسولة   عن هذا المنتج     اول مضاد اكسدة يجمع بين مضادات الاكسدة و الاوميجا 3.    لدعم المناعة والحفاظ على جميع وظائف الجسم.   سواء لكبار السن - الرياضيين - الحوامل - مرضى السكر و غيرهم.     المكونات :   الأوكسي فرى يحتوي علي10 مضادات اكسدة قوية مقسمة الى 5 منتجات فى قرص واحد :     معادن عالية الامتصاص ( زنك - سيلينيوم - موليبدنيوم).   فيتامينات ( فيتامين ج - ه - بيتا كاروتين )   مضادات اكسدة طبيعية ( بروانثوسيانيدينز - بيوفلافونويدز).   ثيوكتيك اسيد.   اوميجا 3.     دواعي الإستعمال :     حالات تاخر الانجاب لدي السيدات و الرجال.   مضاعفات مرض السكر.   أمراض العين المزمنة.   دعم المناعة.     الجرعة :   قرص يوميا.   الآثار الجانبية :   لايوجد اثار جانبية مع الإلتزام بالجرعات المقررة.,ماركة: ديفارت لاب
29171,جينكو مكمل غذائي نقط بالفم | 30مل,ginko oral drops 30ml qpc4,40,EGP,ميباكو,الفيتامينات والمكملات>المكملات الغذائية,in stock,https://chefaa.com:443/eg-ar/nowProduct/ginko-oral-drops-30ml-qpc4,https://cdn.chefaa.com/filters:format(webp)/public/uploads/products/ginko-oral-drops-30ml-qpc4-01752575779.png,https://cdn.chefaa.com/filters:format(webp)/public/uploads/products/ginko-oral-drops-30ml-qpc4-01752575779.png,مميزات المنتج   جينكو مكمل غذائي نقط بالفم | 30مل,ماركة: ميباكو
35633,اوميجال مان مكمل غذائي omegal Man افضل كبسولات اوميجا 3 | 30 كبسولة,omegal man dietary supplements soft gelatin caps yq2f,570,EGP,اوميجال مان,الفيتامينات والمكملات>المكملات الغذائية,in stock,https://chefaa.com:443/eg-ar/nowProduct/omegal-man-dietary-supplements-30-soft-gelatin-caps-yq2f,https://cdn.chefaa.com/filters:format(webp)/public/uploads/products/omegal-man-dietary-supplements-30-soft-gelatin-caps-pxbi-01712496145.png,https://cdn.chefaa.com/filters:format(webp)/public/uploads/products/omegal-man-dietary-supplements-30-soft-gelatin-caps-pxbi-01712496145.png,"مميزات المنتج   كبسولات اوميجال مان مكمل غذائي omegal Man يتميز بتركيبة جديده تحتوى على اوميجا ٣ منقى غنى بالأحماض الدهنية المفيدة للجسم و وكو انزيم كيو 10 بالإضافة إلى الزنك والسيلينيوم التى تساعد على تقويه الصحه الجنسيه للرجال.   عن هذا المنتج     كبسولات اوميجال مان مكمل غذائي omegal Man  تحتوى كبسولات اوميجال مان  على  الاوميجا 3  الاحماض الدهنية دوكوساهيكسانويك (DHA) والايكوسابنتينويك (EPA)  كو انزيم كيو (Coenzyme Q10) المسئول الاول عن اعطاء الجسم طاقه لازمه للحركه  معادن الزنك والسلينيوم التى تساعد على تقويه الصحه الجنسيه للرجال وايضا مضادات اكسده قويه للغايه جرعة اوميجال مان كبسولات اوميجا 3 يتم تناول كبسولة واحدة من omegal capsoule يومياً سعر اوميجال مان برشام اوميجا 3 سعر اوميجال مان فيتامين اوميجا 3 هو 450 جنيه لعبوة تحتوى على 30 كبسولة. "" سعر omegal man 30cap قد يتغير تبعاً لتغير سعره فى الصيدليات """,ماركة: اوميجال مان
29292,ليمتلس بريناتال ماكس limitless prenatal للحامل | 30 كبسولة,limitless prenatal max 30cap 3thh,210,EGP,ليمتلس ناتشورال,الفيتامينات والمكملات>,in stock,https://chefaa.com:443/eg-ar/nowProduct/limitless-prenatal-max-30cap-3thh,https://cdn.chefaa.com/filters:format(webp)/public/uploads/products/limitless-prenatal-max-30cap-d0io-01682708210.png,https://cdn.chefaa.com/filters:format(webp)/public/uploads/products/limitless-prenatal-max-30cap-d0io-01682708210.png,"مميزات المنتج   ليمتلس بريناتال ماكس (limitless prenatal) مكمل غذائى غني بالمعادن والفيتامينات الضرورية الداعمة للجسم في حال الاستعداد لحدوث الحمل وخلال فترة الحمل.   عن هذا المنتج     مكونات limitless prenatal للحامل يحتوي limitless prenatal max 30 tabs على مجموعة من العناصر الضرورية وهي: فيتامين أ وج وهـ. فيتامين ب1 وب2 وب12 وب6  البيوتين وحمض البانتوثينيك فيتامين د3. حمض الفوليك.  فيتامين ك. الكالسيوم والزنك.والحديد. والمغنيسيوم. زيت السمك (أوميجا 3). احماض دهنية دي إتش إي (DHA) دواعي استخدام ليمتلس بريناتال ماكس فيتامين ليمتلس بريناتال ماكس هى تركيبة متعددة الڤيتامينات للنساء لمرحلة ما قبل وخلال وبعد الحمل. limitless prenatal max فوائد يساعد فيتامين limitless prenatal على: تعزيز النمو السليم للجنين. توفير العناصر الضرورية للجسم قبل وأثناء وبعد الحمل. دعم وتقوية الجسم خلال مراحل الحمل المختلفة. جرعة اقراص ليمتلس بريناتال للحامل كبسولة واحدة يوميًا أو وفقًا لما يحدده الطبيب.  تبلع الكبسولات دون أن تمضغ أو تفتح.  يجب عدم تجاوز الجرعة المحددة.  limitless prenatal سعر limitless prenatal max سعره هو 165 جنيه مصري لعبوة تحتوى على 30 كبسولة. "" سعر ليمتلس بريناتال ماكس للحامل قد يتغير تبعاً لتغير سعره فى الصيدليات"". بديل دواء ليمتلس بريناتال ماكس للرضاعه  ايليفيت Elevit.  بريجناكير Pregnacare.  مامي فيتال Mamy Vital. ليمتلس بريناتال ماكس للشعر اعراضه الجانبية عادةً لا يسبب برشام ليمتلس بريناتال ماكس للنساء أعراض جانبية ولكن فى بعض الحالات قد يحدث اضطراب فى المعدة.",ماركة: ليمتلس ناتشورال
2219,بون كير كبسولات لعلاج هشاشة العظام والكساح 1 مكجم | 30 كبسولة,bonecare mcg capsules,132,EGP,مالتى كير فارما,الفيتامينات والمكملات>المكملات الغذائية,in stock,https://chefaa.com:443/eg-ar/nowProduct/bonecare-1-mcg-30-capsules,https://cdn.chefaa.com/filters:format(webp)/public/uploads/products/1603032991bone-care-capsulejpg,https://cdn.chefaa.com/filters:format(webp)/public/uploads/products/1603032991bone-care-capsulejpg,"مميزات المنتج    الفا كالسيدول alfacalcidol : وهو نوع من فيتامين د ، والذي يساعد على تنظيم مستويات الكالسيوم والفوسفات في الجسم وهو ضرورى للحفاظ على العظام والأسنان صحية وقوية.   عن هذا المنتج       مكونات بون كير كبسولات جيلاتينيه  تحتوي على المادة الفعالة :   الفا كالسيدول alfacalcidol : وهو نوع من فيتامين د  ، والذي يساعد على تنظيم مستويات الكالسيوم والفوسفات في الجسم وهو ضرورى للحفاظ على العظام والأسنان صحية وقوية. دواعي استعمال دواء بون كير 1 ميكروجرام يستخدم الدواء فى حالات هشاشة العظام وعلاج نقص فيتامين د  جرعة  bone care 1 mcg capsules  يجب عليك مراجعة الطبيب أو الصيدلي قبل تناول الدواء جرعة الدواء قد تختلف من حالة لأخرى وتكون الجرعة المعتادة كالتالى :  كبسولة مرة واحدة يومياً الأعراض الجانبية لدواء بون كير أقراص قد يسبب الدواء بعض الآثار الجانبية على الرغم من عدم تعرض الجميع لها مثل : الطفح الجلدي والحكة الشعور بالدوار فقدان الشهية ، فقدان الوزن  الشعور بالتعب  الشعور بالغثيان  التعرق  زيادة الحاجة إلى التبول موانع استعمال بون كير فيتامين د الحساسية للمادة الفعالة أو لأي من مكونات الدواء ارتفاع نسبة الكالسيوم فى الدم التكلس (  ترسب الكالسيوم في أنسجة الجسم ) التحذيرات والاحتياطات عند تناول Bone Care Capsule يجب إستشارة الطبيب أو الصيدلى فى حالة كنت تتناول أدوية أخرى أو تعانى من أى أمراض  يجب إستشارة الطبيب أو الصيدلي قبل إستخدام الدواء فى حالة الحمل أو الرضاعة سعر بون كير كبسول 1 ميكروجرام تحتوى العلبة على 3 شرائط - 30 كبسول   يبلغ سعر bone care حوالي 58.5 جنيه مصرى  "" قد يتغير السعر من وقت لآخر "" تركيزات دواء Bone Care Capsule Bone Care 0.25 mcg : يحتوى على المادة الفعالة الفاكالسيدول بتركيز 0.25 ميكروجرام Bone Care 0.5 mcg : يحتوى على المادة الفعالة الفاكالسيدول بتركيز 0.5 ميكروجرام Bone Care 1 mcg: يحتوى على المادة الفعالة الفاكالسيدول بتركيز 1 ميكروجرام بون كير لأمراض العضلات والعظام يساعد الدواء فى الحفاظ على كتلة العضلات  لدى مرضى هشاشة العظام الذين يعانون من انخفاض الكتلة العضلية بون كير لعلاج أمراض نقص الكالسيوم يعمل الدواء على زيادة كمية فيتامين د في الجسم مما يؤدى إلى ارتفاع مستويات الكالسيوم والفوسفات في الجسم ، لذا يُستخدم الدواء لعلاج الأمراض التي يحدث فيها نقص لهذه العناصر بالجسم ما هى فائدة دواء بون كير للعظام ؟ يساعد الدواء فى علاج هشاشة العظام عن طريق تحفيز امتصاص الكالسيوم من الأمعاء إلى الدم  ، والحفاظ على توازن الكالسيوم فى الجسم متى يجب أن أتناول دواء bone care ؟ عادة ما يتم تناوله كجرعة واحدة في اليوم وحاول أن تأخذ جرعاتك في نفس الوقت من اليوم كل يوم ، حيث سيساعدك ذلك على تذكر تناولها بانتظام ما هي أسماء أدوية فيتامين د المتوافرة فى مصر ؟ بون كير كبسولات فيتامين د فيدروب لعلاج نقص فيتامين د دافاليندي حبوب فيتامين د الفاكارينو نقط  وان الفا كبسول ونقط ديفارول حقن هل الفاكالسيدول هو فيتامين د؟ ألفاكالسيدول هو الصورة النشطة لفيتامين د  ماذا يحدث إذا كانت نسبة فيتامين د منخفضة؟ يمكن أن يؤدي نقص فيتامين د إلى فقدان كثافة العظام ، مما قد يساهم في الإصابة بهشاشة العظام والكسور ويمكن أن يؤدي نقص فيتامين د الشديد إلى مضاعفات أخرى. ما هو مستوى فيتامين د الطبيعي؟ مستوى فيتامين D فى الدم يقاس بوحدة نانوجرام في المليلتر من الدم (نانوغرام / مل).  ويوصي العديد من الخبراء بالحفاظ على نسبة من فيتامين د تتراوح بين 20 إلى 40 نانوجرام / مل. ويوصي البعض الآخر بمستوى يتراوح بين 30 إلى 50 نانوغرام / مل",ماركة: مالتى كير فارما
60928,دوزوفا ميلاتونين 5مجم | 30 كبسولة,dozova melatonin 5mg caps qwnu,149,EGP,No Brand,الفيتامينات والمكملات>الفيتامينات  والمعادن,in stock,https://chefaa.com:443/eg-ar/nowProduct/dozova-melatonin-5mg-30-caps-qwnu,https://cdn.chefaa.com/filters:format(webp)/public/uploads/products/dozova-melatonin-5mg-30-caps-bkus-01750338370.png,https://cdn.chefaa.com/filters:format(webp)/public/uploads/products/dozova-melatonin-5mg-30-caps-bkus-01750338370.png,مميزات المنتج   دوزوفا ميلاتونين 5مجم | 30 كبسولة	   عن هذا المنتج     دوزوفا ميلاتونين 5 مجم  طبيعي 100% يساعدك على النوم بشكل أسرع، والبقاء نائمًا لفترة أطول، يعمل كمضاد أكسدة، ويدعم صحة الجهاز الهضمي. الميلاتونين هو هرمون طبيعي يُفرز في الجسم، يساعد على تنظيم دورة النوم، مما يساعدك على النوم بسرعة أكبر. كما يتمتع بخصائص مضادة للأكسدة، ويدعم صحة الجهاز الهضمي. منتج طبيعي 100% آمن لا يسبب التعود. الجرعة: كبسولة واحدة يوميًا قبل النوم بساعة. للأشخاص فوق 13 سنة.,raw_specs: المواصفات
30617,سبرتلتي مكمل غذائي للرجال للخصوبة spertility | ١٤ كيس,spertility granules 7gm 14sach v9qq,550,EGP,No Brand,الفيتامينات والمكملات>,in stock,https://chefaa.com:443/eg-ar/nowProduct/spertility-granules-7gm-14sach-v9qq,https://cdn.chefaa.com/filters:format(webp)/public/uploads/products/spertility-granules-7gm-14sach-v9qq-01722856528.png,https://cdn.chefaa.com/filters:format(webp)/public/uploads/products/spertility-granules-7gm-14sach-v9qq-01722856528.png,مميزات المنتج   سبرتلتي اكياس (spertility sachet) مكمل غذائي يدعم الخصوبة لدى الرجال ويحسن الصحة الذكورية، إذ يحتوي على مضادات أكسدة قوية ويساعد على تحسين جودة السائل المنوي وزيادة عدد الحيوانات المنوية مما يزيد من فرص الحمل.   عن هذا المنتج     ما مكونات سبرتلتي اكياس؟  يحتوي spertility فوار على:  حمض الأسبارتك (D-Aspartic Acid): يُحسن مستويات التستوستيرون الطبيعي، مما يدعم إنتاج الحيوانات المنوية الصحية.  كو إنزيم كيو 10 (co enzyme q10): مضاد أكسدة قوي يحسن جودة الحيوانات المنوية ويزيد عددها.  الزنك (Zinc): معدن أساسي لتكوين ونضج الحيوانات المنوية، كما يحافظ على التوازن الهرموني.  سبرتلتي spertility دواعي الاستعمال ما هى؟  يستخدم علاج سبرتلتي للرجال في ما يلي:   علاج ضعف الخصوبة عند الرجال.  حالات قلة عدد أو ضعف حركة الحيوانات المنوية.  حالات تشوه الحيوانات المنوية.  مكمل غذائي يستخدم أثناء برامج علاج تأخر الإنجاب.  ما فوائد سبرتلتي للرجال؟  تساعد spertility sachets على:  تحسين عدد الحيوانات المنوية وزيادة تركيزها.  رفع كفاءة حركة الحيوانات المنوية مما يزيد فرص الإخصاب.  تحسين شكل الحيوانات المنوية وتقليل التشوهات.  تحسين جودة السائل المنوي.  دعم الخصوبة.  زيادة فرص الحمل.  تحسين الصحة الجنسية والإنجابية للرجال.  ما جرعة spertility فوار؟  الجرعة الموصى بها من spertility للرجال هي كيس واحد يومياً أو حسب توصيات الطبيب.  اخلط محتوى الكيس مع كوب من الماء أو أي مشروب تفضله.  (جميع الجرعات المذكورة هي جرعات استرشادية فقط ولا يجب الاعتماد عليها لتحديد جرعتك إذا كنت من غير المختصين).  ما الآثار الجانبية لاكياس spertility؟  يعد سبرتلتي مكمل غذائي آمنًا عند استخدامه وفق الجرعة المحددة إلا أنه نادرًا ما يسبب بعض الآثار الجانبية والتي تتضمن:   اضطرابات هضمية ومنها الغثيان، القيء، ألم في المعدة.  حب الشباب.  تقلبات مزاجية.  رد فعل تحسسي ومن أعراضه: الطفح الجلدي، والحكة، وضيق التنفس، وتورم الوجه أو الشفتين.  ما موانع استعمال spertility sachet؟  يمنع استخدام spertility 14 sachets في حالة فرط الحساسية تجاه أحد مكوناته.  استشر طبيبك قبل تناول أي مكمل غذائي جديد، واحرص على إخباره بتاريخك المرضي، وكافة الأدوية والمكملات التي تتناولها؛ للتأكد من مناسبة الدواء لك وتجنب حدوث أي آثار جانبية أو مضاعفات.  ما بديل فوار سبرتلتي للرجال؟  تتضمن البدائل التي لها مفعول مشابه ما يلي:   إف إتش برو كبسول FH pro.  كارنفيتا أدفانس carnivita advance.  بروفيرتيل profertile.  إيفرتال effertal.  بروكسيد بلس proxeed plus.,raw_specs: المواصفات
28026,سويتال | اقراص سكر دايت | 300قرص,sweetal diet sugar 300tab epdh,150,EGP,No Brand,الفيتامينات والمكملات>,in stock,https://chefaa.com:443/eg-ar/nowProduct/sweetal-diet-sugar-300tab-epdh,https://cdn.chefaa.com/filters:format(webp)/public/uploads/products/sweetal-diet-sugar-300tab-torx-01673805719.png,https://cdn.chefaa.com/filters:format(webp)/public/uploads/products/sweetal-diet-sugar-300tab-torx-01673805719.png,مميزات المنتج   سويتال | اقراص سكر دايت | 300قرص   عن هذا المنتج     سويتال | اقراص سكر دايت | 300قرص,raw_specs: المواصفات
7647,انشور | بودر مكمل غذائي فانيليا | 400جم,ensure vanilla xenv,500,EGP,أبوت,الفيتامينات والمكملات>المكملات الغذائية,in stock,https://chefaa.com:443/eg-ar/nowProduct/ensure-vanilla-799-xenv,https://cdn.chefaa.com/filters:format(webp)/public/uploads/products/ensure-vanilla-799-xenv-01678975233.png,https://cdn.chefaa.com/filters:format(webp)/public/uploads/products/ensure-vanilla-799-xenv-01678975233.png,مميزات المنتج   مكمل غذائي متكامل و متوازن للبالغين   عن هذا المنتج     إنشور هو تركيبة غذائية متكاملة و متوازنة صممت علمياً لتوفر العناصر الغذائية التي تساعد تدعيم صحة الجسم و الوزن. تحتوي تركيبة إنشور على 28 فنوع من اليتامينات و المعادن و أيضاً الكالسيوم و فيتامين د و مضادات الأكسدة و ألاوميجا 3 و البيبايوتيك مناسب لمن يعاني من حساسية اللاكتوز و الجلوتين المكونات: بوتين 15% كاروهايدرات 56%  دهون 29% *المراجع متوفرة عند الطلب,ماركة: أبوت
50024,سوبر كيدز فيتامينات متعددة للاطفال جاميز | 60 قطعة,superkids gummies chewable multivitamins gummi 1b9b,190,EGP,سوبر كيدز,الفيتامينات والمكملات>,in stock,https://chefaa.com:443/eg-ar/nowProduct/superkids-gummies-chewable-multivitamins-60-gummi-1b9b,https://cdn.chefaa.com/filters:format(webp)/public/uploads/products/superkids-gummies-chewable-multivitamins-60-gummi-tqz4-01730717114.png,https://cdn.chefaa.com/filters:format(webp)/public/uploads/products/superkids-gummies-chewable-multivitamins-60-gummi-tqz4-01730717114.png,مميزات المنتج   يتميز سوبر كيدز فيتامين superkids gummies بما يلي:  تحتوي على 13 عنصرًا غذائيًا أساسيًا من الفيتامينات والمعادن مما يدعم النمو الصحي والتطور العقلي والجسدي للأطفال. تساعد على دعم جهاز المناعة، وتحسين الطاقة، وتعزيز نشاط الأطفال. تأتي بنكهة محببة للأطفال مع ألوان طبيعية، مما يجعلها سهلة التناول ومرغوبة لديهم. خالية من السكر. تُصنع من مكونات نباتية. آمنة للاستخدام للأطفال فوق عمر 3 سنوات.   عن هذا المنتج     مكونات سوبر كيدز فيتامين   يحتوي فيتامين سوبر كيدز على:  فيتامين C: يدعم المناعة ويحسن امتصاص الحديد.  فيتامين E: مضاد أكسدة يحمي خلايا الجسم من التلف.  فيتامين B5: يدعم إنتاج الطاقة ويساهم في صحة الجلد.  الزنك (Zinc): يعزز نمو الأطفال ويحافظ على صحة الجهاز المناعي.  فيتامين B6: يعزز صحة الدماغ والأعصاب.  فيتامين A: يدعم صحة العينين والمناعة.  حمض الفوليك (Folic Acid): مكون أساسي لنمو الخلايا وتكوين الدم.  البيوتين (Biotin): يحسن صحة الشعر والجلد والأظافر.  اليود (Iodine): يدعم وظيفة الغدة الدرقية والنمو العقلي.  الكولين (Choline): مهم لتطوير الدماغ والذاكرة.  الإينوسيتول (Inositol): يدعم صحة الأعصاب والخلايا.  فيتامين D3: يحسن امتصاص الكالسيوم ويعزز صحة العظام.  فيتامين B12: ضروري لتكوين خلايا الدم الحمراء ودعم الجهاز العصبي.  حجم عبوة superkids gummies   يتوفر فيتامين سوبر كيدز على هيئة عبوة تحتوي على 60 أو 120 قرص.  سعر فيتامين سوبر كيدز   يبلغ سعر فيتامين سوبر كيدز حوالي 175 جنيه مصري للعبوة 60 قطعة، و280 جنيه مصري للعبوة 120 قطعة (سعر المنتج قد يتغير تبعاً لتغير سعره في الصيدليات أو حسب العروض المتاحة).  يوصى باستعمال سوبر كيدز فيتامين ل   فيتامين سوبر كيدز مناسب للأطفال فوق عمر 3 سنوات فهو يدعم المناعة والصحة العامة للأطفال كما يساعد على التطور البدني والذهني بشكل أفضل.  فوائد فيتامين كيدز للاطفال   يساعد على تعزيز صحة العظام والأسنان.  يعزز مناعة الأطفال والصحة العامة.  يحسن الطاقة والنشاط.  يعزز التركيز والنمو العقلي.  طريقة استخدام سوبر كيدز جيلي  يُوصى بإعطاء الأطفال الذين يبلغون 3 سنوات أو أكثر قطعتين من الجيلي يوميًا مع الأكل، من الأفضل دائمًا مراجعة الطبيب قبل بدء أي مكمل غذائي جديد للأطفال للتأكد من أنه يناسب احتياجاتهم الغذائية المحددة.  سوبر كيدز جاميز من عمر كام؟  سوبر كيدز فيتامين مناسب للأطفال الذين يبلغون من العمر 3 سنوات أو أكثر.  هل حبوب جاميز تزيد الوزن؟  لا تسبب الجاميز زيادة الوزن إذا تم تناولها ضمن الجرعة اليومية المحددة أما إذا كانت تحتوي على نسبة عالية من السكريات وتم الإفراط في تناولها فقد يسبب ذلك زيادة الوزن.  ما أفضل ملتي فيتامين للاطفال؟  سانسوفيت شراب sansovit syrup.  إلبافيت شراب elbavit syrup.  سوبر كيدز جاميز superkids gummies.  بروفي كيدز جاميز profi kids gummies.,ماركة: سوبر كيدز
53675,سويتال ستيفيا | 50 كيس,sweetal stevia sachets4Dsy,85,EGP,No Brand,الفيتامينات والمكملات>التخسيس,in stock,https://chefaa.com:443/eg-ar/nowProduct/sweetal-stevia-50-sachets4Dsy,https://cdn.chefaa.com/filters:format(webp)/public/uploads/products/sweetal-stevia-50-sachets4dsy-01732104138.png,https://cdn.chefaa.com/filters:format(webp)/public/uploads/products/sweetal-stevia-50-sachets4dsy-01732104138.png,مميزات المنتج   سويتال ستيفيا | 50 كيس,raw_specs: المواصفات
11075,كبسولات الكركم ليمتلس تورميريك limitless turmeric | ٦٠ كبسول,limitless turmeric tabs hu4o,500,EGP,ليمتلس ناتشورال,الفيتامينات والمكملات>المكملات الغذائية,in stock,https://chefaa.com:443/eg-ar/nowProduct/limitless-turmeric-30-tabs-hu4o,https://cdn.chefaa.com/filters:format(webp)/public/uploads/products/limitless-turmeric-30-tabs-uepy-1644333315.png,https://cdn.chefaa.com/filters:format(webp)/public/uploads/products/limitless-turmeric-30-tabs-uepy-1644333315.png,مميزات المنتج   ليمتلس تورميريك (limitless turmeric) عبارة عن كبسولات تحتوي على الكركم ومدعمة بالفلفل الأسود لتحسين الامتصاص، وتعمل كمضاد طبيعي لالتهابات الجسم كما تدعم صحة المفاصل.   عن هذا المنتج     ما مكونات limitless turmeric ؟  تحتوي كبسولة الواحدة على:   الكركم 500 مجم (Curcumin): مضاد قوي للالتهاب، يُقلل من التورم والألم في المفاصل والعضلات، كما يعمل كمضاد أكسدة طبيعي.  الفلفل الأسود (Piperine): يساعد على تعزيز امتصاص الكركمين مما يزيد فعاليته، كذلك له خصائص مضادة للالتهاب ويساهم في دعم عملية الهضم.  ما فوائد ليمتلس تورميريك limitless turmeric؟  تساعد حبوب الكركم على:  دعم صحة المفاصل وتقليل الالتهاب.  تقليل ألم المفاصل وتيبّسها.  مضاد أكسدة قوي يقلل خطر تلف الخلايا.  يدعم الوقاية من الأمراض مزمنة مثل أمراض القلب والسكري.  دعم صحة الدماغ والمزاج.  تعزيز المناعة ومقاومة العدوى بفضل خصائصه المضادة للبكتيريا والفيروسات.  تحسين الهضم وصحة الكبد.  يحفز إنتاج العصارة الصفراوية، مما يُساعد على هضم الدهون.  يخفف من الانتفاخ وعسر الهضم.  يحسن جودة الحياة ويمكن استخدامه بشكل يومي.  ما جرعة ليمتلس تورميريك؟   الجرعة الموصى بها من ليمتلس تورميريك هي 2 كبسولة في اليوم.  (جميع الجرعات المذكورة هي جرعات استرشادية ولا يجب الاعتماد عليها لتحديد جرعتك إذا كنت من غير المختصين)  ما الأعراض الجانبية لكبسولات الكركم ليمتلس؟  يعد ليمتلس تورميريك من المنتجات الآمنة بشكل عام، ولا يسبب آثاراً جانبية خطيرة إلا أنه قد يسبب بعض الآثار الجانبية الخفيفة لدى بعض الأشخاص ومن ضمنها:  اضطراب المعدة.  الغثيان.  الدوخة.  الإسهال.  ما موانع استعمال ليمتلس الأخضر؟  لا ينصح بتناول ليمتلس تورميريك خلال فترة الحمل إذ أنه قد يحفز الرحم، مما قد يُعرّض الحمل للخطر.  لا توجد معلومات موثوقة كافية حول مدى أمان ليمتلس الأخضر أثناء الرضاعة لذلك يُفضل تجنّبه خلال فترة الرضاعة.  قد يُفاقم مشاكل المرارة لذلك يُمنع استخدامه إذا كنت تعاني من حصوات في المرارة، أو انسداد في القناة الصفراوية.  قد يُبطئ من عملية تخثّر الدم مما يزيد من خطر الكدمات، والنزيف عند الأشخاص المصابين باضطرابات النزيف.  يجب الاستخدام بحذر في حالة الأمراض التي تتأثر بالهرمونات مثل: سرطان الثدي أو الرحم أو المبايض، بطانة الرحم المهاجرة، الأورام الليفية إذ أنه يحتوي على الكركمين الذي قد يُشبه تأثير هرمون الإستروجين.  قد يُخفض الكركم مستوى هرمون التستوستيرون ويقلل من حركة الحيوانات المنوية، مما قد يؤدي إلى انخفاض الخصوبة، لذا يجب الحذر عند محاولة الإنجاب.  قد يُسبب ضررًا للكبد، خاصة في حالات التهاب الكبد، وانسداد أو ضعف تدفق العصارة الصفراوية.  يُنصح بالتوقف عن استخدام تورميريك ليمتلس قبل العمليات الجراحية بأسبوعين على الأقل لتجنب خطورة النزف.  كم سعر ليمتلس تورميريك 500 مجم 60 كبسولة؟  سعر limitless turmeric 500 mg 60 caps حوالي 500 جنيه مصري.  (سعر الدواء قد يتغير تبعاً لتحديث سعره في الصيدليات).  ما فوائد ليمتلس تورميريك للتخسيس؟  كبسولات ليمتلس تورميريك (Limitless Turmeric) قد تساهم بشكل غير مباشر في دعم فقدان الوزن.   ولكن يجب التأكيد أنها ليست منتجًا مخصصًا للتخسيس بحد ذاته، بل مكملًا غذائيًا يساعد على تحسين العوامل التي تؤثر على الوزن مثل تقليل الالتهابات المرتبطة بالسمنة، وتحسين الهضم.  دواء ليمتلس تورميريك وزيادة الوزن ما تأثيره؟  ليمتلس تورميريك لا يسبب زيادة في الوزن بشكل عام، بل على العكس، تشير بعض الدراسات إلى أن الكركمين (المادة الفعالة في ليمتلس تورميريك) قد يكون مرتبطًا بفقدان الوزن وتقليل مؤشر كتلة الجسم (BMI).  كما أظهرت الأبحاث أن الكركمين يتمتع بخصائص مضادة للالتهاب ومضادة للأكسدة، مما قد يكون مفيدًا في إدارة الوزن وتحسين التمثيل الغذائي.,ماركة: ليمتلس ناتشورال
29136,دوزوفا ميلاتونين للنوم dozova melatonin ٥ مجم | ٦٠ كبسولة,dozova melatonin 5mg capsules ztbc,249,EGP,No Brand,الفيتامينات والمكملات>الفيتامينات  والمعادن,in stock,https://chefaa.com:443/eg-ar/nowProduct/dozova-melatonin-5mg-60-capsules-ztbc,https://cdn.chefaa.com/filters:format(webp)/public/uploads/products/dozova-melatonin-5mg-60-capsules-ztbc-01750338712.png,https://cdn.chefaa.com/filters:format(webp)/public/uploads/products/dozova-melatonin-5mg-60-capsules-ztbc-01750338712.png,مميزات المنتج   دوزوفا ميلاتونين كبسول (dozova melatonin) هو مكمل غذائي 100% طبيعي، آمن ولا يسبب التعود، يحتوي على الميلاتونين الذي يساعد على النوم بشكل أسرع، كما يمنحك نومًا عميقًا ومريحًا.   عن هذا المنتج     ما مكونات dozova capsule؟  يحتوي ميلاتونين دوزوفا على:  ميلاتونين 5 مجم (melatonin): هرمون طبيعي يفرز في االجسم يساعد على تنظيم النوم، ويمنح الجسم نومًا عميقًا ومريحًا، كذلك له دور في دعم المناعة وتعزيز صحة الجهاز الهضمي.  ما فوائد دوزوفا ميلاتونين ٥ مجم؟  يساعد dozova melatonin 5 mg على:  تحسين جودة النوم: يساعد على النوم بسرعة وعمق، ويقلل من الاستيقاظ المتكرر أثناء الليل.  تنظيم الساعة البيولوجية: مثالي للأشخاص الذين يعانون من اضطرابات في النوم أو تغيير التوقيت المتكرر مثل السفر عبر مناطق زمنية مختلفة.  تعزيز المناعة الطبيعية: يدعم قدرة الجسم على مواجهة الميكروبات والعوامل البيئية الضارة.  مضاد أكسدة فعّال: يساهم في حماية الخلايا من التلف الناتج عن الجذور الحرة والإجهاد التأكسدي.  دعم صحة الجهاز الهضمي: يساهم في تحسين توازن الأمعاء وتعزيز كفاءة الهضم.  دوزوفا ميلاتونين طريقة الاستخدام ما هى؟  الجرعة الموصى بها من دوزوفا ميلاتونين هي كبسولة واحدة يومياً قبل النوم ب 30-60 دقيقة.  يفضل الالتزام بموعد محدد للنوم للحصول على أفضل النتائج.  للحصول على أقصى فائدة يفضل الاستيقاظ مبكراً لمدة 3 أيام متتالية قبل بدء الاستخدام.  (جميع الجرعات المذكورة جرعات استرشادية ولا يجب الاعتماد عليها لتحديد الجرعة إذا كنت من غير المختصين)  ما الأعراض الجانبية لميلاتونين دوزوفا؟  يعد دوزوفا كبسول آمنًا بشكل عام، ومع ذلك قد يسبب بعض الآثار الجانبية مثل:  الصداع.  الدوخة.  الغثيان.  النعاس.  من الآثار الجانبية الأقل شيوعًا:  شعور مؤقت بالاكتئاب.  رجفة خفيفة.  قلق خفيف.  تقلصات في البطن.  التهيّج.  انخفاض مستوى الانتباه.  الارتباك أو التشوش الذهني.  نظرًا لأن الميلاتونين قد يسبب النعاس خلال النهار، يُنصح بعدم القيادة أو استخدام الآلات لمدة خمس ساعات بعد تناوله.  ما موانع استعمال حبوب ميلاتونين دوزوفا؟  يمنع استخدام دوزوفا ميلاتونين في الحالات الآتية:  في حال الإصابة بأحد أمراض المناعة الذاتية.  الحمل أو الرضاعة.  فرط الحساسية تجاه الميلاتونين.  يجب استشارة الطبيب المختص في حالة وجود أي حالة مرضية.  تحذيرات واحتياطات   اضطرابات النزيف: قد يزيد الميلاتونين من خطر النزيف.  الاكتئاب: يمكن أن يؤدي إلى تفاقم الأعراض.  ارتفاع ضغط الدم.  الصرع: قد يزيد من خطر حدوث نوبات.  مرضى زراعة الأعضاء:  قد يعزز الجهاز المناعي، مما قد يتعارض مع أدوية تثبيط المناعة المستخدمة بعد الزراعة.  التفاعلات الدوائية للملاتونين  قد يتفاعل الميلاتونين مع بعض الأدوية والمكملات ومنها:  مضادات التخثر ومضادات الصفائح الدموية والأعشاب والمكملات التي تقلل التجلط   قد يزيد استخدام الميلاتونين مع هذه المواد من خطر النزيف.  أدوية الصرع قد يُضعف الميلاتونين من فعالية مضادات التشنج ويزيد من احتمالية حدوث نوبات.  بعض علاجات ارتفاع ضغط الدم: يمكن أن يؤدي الميلاتونين إلى تفاقم ضغط الدم لدى من يتناولون أدوية خافضة للضغط.  مثبطات الجهاز العصبي المركزي (CNS depressants).  أدوية السكري.  حبوب منع الحمل.  بعض المهدئات.  أدوية تعتمد على إنزيمي CYP1A2 وCYP2C19 مثل ديازيبام.  أدوية تثبيط المناعة (Immunosuppressants) نظرًا لأن الميلاتونين يعزز المناعة، فقد يتداخل مع فعالية أدوية تثبيط المناعة المستخدمة بعد زراعة الأعضاء أو في أمراض المناعة الذاتية.  احرص على إخبار طبيبك بجميع الأدوية والمكملات التي تتناولها.  ما بديل dozova melatonin 5 mg؟  ميلاكريست  أفلام ذائبة melacryst.  ميلاتونين أقراص melatonin.  سليبتونين أقراص sleptonin.  ميلانوفانت نقط melanovant.  ديفارت ميلاتونين أقراص devart melatonin.  كم سعر دوزوفا ميلاتونين؟  يبلغ سعر دوزوفا ميلاتونين ٥ مجم (dozova melatonin 5mg 60 cap) حوالي 249 جنيه مصري.  سعر الدواء قد يتغير تبعاً لتحديث سعره في الصيدليات.  كم الجرعة المسموحة من الميلاتونين؟  الجرعة المسموحة من الميلاتونين تختلف حسب العمر والحالة الصحية.  للبالغين الجرعة الموصى بها عادة من 0.5 مجم إلى 5 مجم يوميًا قبل النوم بـ 30–60 دقيقة.  الأطفال الصغار حتى 3 مجم يوميًا.  المراهقون حتى 5 مجم يوميًا.  يجب أن يُستخدم فقط عند وجود حاجة طبية فعلية، وتحت إشراف طبيب، نظرًا لاحتمال تأثيره على النمو والبلوغ.  لا ينصح بتجاوز 10 مجم يوميًا إلا إذا أوصى الطبيب بذلك.  متى يبدأ مفعول ميلاتونين للنوم؟  في المتوسط، يبدأ مفعول الميلاتونين خلال 20 إلى 40 دقيقة من تناوله، ويصل إلى ذروته بعد حوالي ساعة واحدة.   يستمر تأثيره في الجسم لمدة تتراوح بين 4 إلى 8 ساعات تقريباً.  هل الميلاتونين منوم قوي؟  الميلاتونين ليس منوماً قويًا، فهو ليس من المهدئات أو المنومات الكيميائية لكنه مساعد طبيعي للنوم، آمن وفعّال نسبيًا عند استخدامه بشكل صحيح، خاصة في الحالات المتعلقة باضطراب الساعة البيولوجية.,raw_specs: المواصفات
24331,ثيوتاسيد أوريجينال 600مجم | 30 قرص,thiotacid 600mg original tab tos5,245,EGP,إيڤا فارما,الفيتامينات والمكملات>المكملات الغذائية,in stock,https://chefaa.com:443/eg-ar/nowProduct/thiotacid-600mg-original-20-tab-tos5,https://cdn.chefaa.com/filters:format(webp)/public/uploads/products/thiotacid-600mg-original-20-tab-tos5-01740502716.png,https://cdn.chefaa.com/filters:format(webp)/public/uploads/products/thiotacid-600mg-original-20-tab-tos5-01740502716.png,مميزات المنتج   أقراص ثيوتاسيد لعلاج كل من الحالات التالية: التهاب الأعصاب الناتج عن مرض السكرى التهاب العصب البصري ضعف الخصوبة والإنتصاب الذي يعاني منه بعض الرجال يخفف من الشعور بالألم والوخز والتنميل علاج تلف الأعصاب الناتج عن السكري. تحدد الجرعة وفقًا للحالة المرضية وعمر المريض. يجب مراجعة الطبيب أو الصيدلي أولًا قبل استعمال هذا الدواء لتجنب أي مخاطر أو تفاعلات دوائية ضارة.,ماركة: إيڤا فارما
28024,سويتال سكر دايت | 50 قرص,sweetal diet sugar 50tab of8k,65,EGP,No Brand,الفيتامينات والمكملات>,in stock,https://chefaa.com:443/eg-ar/nowProduct/sweetal-diet-sugar-50tab-of8k,https://cdn.chefaa.com/filters:format(webp)/public/uploads/products/sweetal-diet-sugar-50tab-of8k-01676206548.png,https://cdn.chefaa.com/filters:format(webp)/public/uploads/products/sweetal-diet-sugar-50tab-of8k-01676206548.png,مميزات المنتج   سويتال سكر دايت | 50 قرص,raw_specs: المواصفات
29013,كال بريج 1600مج | 30 قرص,cal preg 1600mg 30tab bpvc,99,EGP,No Brand,الفيتامينات والمكملات>,in stock,https://chefaa.com:443/eg-ar/nowProduct/cal-preg-1600mg-30tab-bpvc,https://cdn.chefaa.com/filters:format(webp)/public/uploads/products/cal-preg-1600mg-30tab-youd-01681677454.png,https://cdn.chefaa.com/filters:format(webp)/public/uploads/products/cal-preg-1600mg-30tab-youd-01681677454.png,مميزات المنتج   كال بريج 1600مج | 30 قرص,raw_specs: المواصفات
25101,اسينشيال كبسول لتحسين الاعراض المصاحبة لامراض الكبد 300مجم | 30 كبسولة,essentiale improves symptoms accompanied with liver diseases 300mg caps 9tir,195,EGP,اسنشيال,الفيتامينات والمكملات>المكملات الغذائية,in stock,https://chefaa.com:443/eg-ar/nowProduct/essentiale-improves-symptoms-accompanied-with-liver-diseases-300mg-30-caps-9tir,https://cdn.chefaa.com/filters:format(webp)/public/uploads/products/essentiale-improves-symptoms-accompanied-with-liver-diseases-300mg-30-caps-9tir-01742216539.png,https://cdn.chefaa.com/filters:format(webp)/public/uploads/products/essentiale-improves-symptoms-accompanied-with-liver-diseases-300mg-30-caps-9tir-01742216539.png,مميزات المنتج   اسنشيال ٣٠٠ مجم | ٣٠ كبسول| يحسن الاعراض المصاحبة لامراض الكبد    عن هذا المنتج     مكونات اسنشيال كبسول اسنشيال ٣٠٠ مجم كبسول هو مستحضر عشبي لعلاج امراض الكبد  اسنشيال ٣٠٠ مجم كل كبسولة جيلاتينية صلبة تحتوي على فوسفوليبدات من فول صويا   دواعي استعمال اسنشيال كبسول اسنشيال ٣٠٠ مجم تحسين الاعراض الموضعية مثل فقدان الشهية او الشعور بالضغط  في الجزء العلوي الايمن من البطن  واثناء الاصابة بحالات تلف الكبد واثناء الاصابة بالتهاب الكبد المزمن  جرعة essential capsules الجرعة االمراهقون (نحو ٤٣ كجم) والبالغون جرعة واحدة ٢ كبسولة صلبة ( ٦٠٠ مجم فوسفوليبدات فول صويا)  الجرعة اليومية العامة ٢ كبسولة  ٣ مرات يوميا( ١٨٠٠ مجم فوسفوليبدات فول صويا) طريقة استخدام essential capsules   تناول اسنشيال كبسول دون مضغها واثناء الوجبات مع شرب كمية كافية من السوائل  لا يستخدم في الاطفال الذين تقل اعمارهم عن ١٢ عاما  التخزين ومحتوي علبة اسنشيال كبسول يحفظ في درجة حرارة لا تتعدي ٣٠ درجة مئوية بعيدا عن الضوء  اسنشيال كبسول عبوة كرتونية تحتوي على ٣ شرائط بكل شريط ١٠ اكبسولات جيلاتينة صلبة +نشرة داخلية,ماركة: اسنشيال
26535,الفافيم ٦٠٠ مكمل غذائي مضاد للأكسدة | 20 كبسوله,alphavim caps svyp,290,EGP,No Brand,الفيتامينات والمكملات>,in stock,https://chefaa.com:443/eg-ar/nowProduct/alphavim-600-30-caps-svyp,https://cdn.chefaa.com/filters:format(webp)/public/uploads/products/alphavim-600-30-caps-svyp-01670883075.png,https://cdn.chefaa.com/filters:format(webp)/public/uploads/products/alphavim-600-30-caps-svyp-01670883075.png,مميزات المنتج   الفافيم ٦٠٠ مكمل غذائي (Alphavim) عبارة عن كبسولات جيلاتينية تمد الجسم بمضادات الأكسدة وتدعم الصحة العامة وعمليات التمثيل الغذائي.   عن هذا المنتج     مكونات الفافيم ٦٠٠ مكمل غذائي  يحتوي الفافيم على   حمض ثيوكتيك 600 مجم (Thioctic Acid): مضاد أكسدة قوي يمكن أن يساعد على حماية الخلايا من الضرر الناتج عن التأكسد، ويساهم في تحسين وظائف الجهاز العصبي والقلب.  فيتامين ب 12 (Vitamin B12): يساهم في دعم صحة الأعصاب ووظائف الدم وتكوين الحمض النووي، كما يلعب دورًا مهمًا في تحسين الطاقة والنشاط العقلي والتركيز.  فيتامين ب 6 (Vitamin B6): يساعد على تحسين وظائف الجهاز العصبي كما يُستخدم لدعم صحة الجلد والعيون ونمو الشعر والأظافر.  حمض الفوليك (Folic Acid): يدخل في تكوين الحمض النووي ونمو الخلايا ويساهم في دعم صحة الجهاز العصبي.  جينكو بيلوبا (Ginkgo Biloba): يستخدم لتحسين الدورة الدموية وتدفق الدم إلى الدماغ والأطراف.  مستخلص باكوبا (Bacopa Extract): يستخدم لتحسين الذاكرة والتركيز وتعزيز وظائف الدماغ، كذلك له تأثيرات مضادة للالتهابات ومضادة للأكسدة.  دواعي الاستعمال alphavim 600   تستخدم الفافيم كبسولات في   تحسين صحة الأعصاب ووظائف الجهاز العصبي.  علاج التهاب الأعصاب الطرفية.  دعم عمليات التمثيل الغذائي وإنتاج الطاقة.  علاج التنميل وألم الأعصاب.  جرعة مكمل غذائي الفافيم   الجرعة الموصى بها من دواء الفافيم هي كبسولة واحدة يومياً قبل الفطار ب 30 دقيقة.  الفافيم ٦٠٠ سعر  سعر alphavim 600 هو 220 جنيه مصري.  بديل الفافيم كبسول  ثيوتاسيد 600 أقراص (Thiotacid).  أوكتاترون كبسول (Octatron).  كارنيفيتا فورت (Carnivita forte).  هل يُستخدم الفافيم ٦٠٠ للتخسيس ؟  الفافيم كبسولات تمد الجسم بمضادات الأكسدة وتساعد على تعزيز معدلات حرق  الجلوكوز مما قد يساهم في تقليل الوزن.  Alphavim 600 الأعراض الجانبية ما هى ؟  قد تحدث بعض الأعراض الجانبية عند استخدام الدواء ومنها  التنميل الخفيف.  الصداع.  الدوخة.  اضطراب في الجهاز الهضمي.  ما هي أقوى مضادات الأكسدة في الصيدلية؟  ثيوتاسيد مركب (Thiotacid compound).  أوكسي فري كبسول (Oxi free).  ثيوتكس فورت (Thiotex forte).  الفافيم كبسول (alphavim).,raw_specs: المواصفات
45744,انفينيتي | انفتين بيوتين مكمل غذائى للشعر والأظافر | 60 قرص,infinity infitin biotin hair gummies 60tab ludj_duCWaYoY,170,EGP,إنفينيتي,الفيتامينات والمكملات>,in stock,https://chefaa.com:443/eg-ar/nowProduct/infinity-infitin-biotin-hair-gummies-60tab-ludj_duCWaYoY,https://cdn.chefaa.com/filters:format(webp)/public/uploads/products/infinity-infitin-biotin-hair-gummies-60tab-ludj-01722757745.png,https://cdn.chefaa.com/filters:format(webp)/public/uploads/products/infinity-infitin-biotin-hair-gummies-60tab-ludj-01722757745.png,مميزات المنتج   انفينيتي | انفتين بيوتين مكمل غذائى للشعر والأظافر | 60 قرص   عن هذا المنتج     البيوتين معروف بتأثيره الإيجابي على الشعر، بما في ذلك الطول، الكثافة، امتلاء فروة الرأس، و اللمعان المكونات: بيوتين mcg القطعة = ٤ جرام = 4000 الفوائد: تقليل تساقط و تقصف الشعر.  تقوية الشعر و زيادة كثافته. زيادة طول الشعر. ترطيب البشرة. طريقة الاستخدام: قطعة إلى قطعتين يوميا (قبل الوجبات او على معدة فارغة) او على النحو الذي يحدده الطبيب,ماركة: إنفينيتي
28025,سويتال سكر دايت | 100 قرص,sweetal diet sugar 100tab pfj8,80,EGP,No Brand,الفيتامينات والمكملات>,in stock,https://chefaa.com:443/eg-ar/nowProduct/sweetal-diet-sugar-100tab-pfj8,https://cdn.chefaa.com/filters:format(webp)/public/uploads/products/sweetal-diet-sugar-100tab-a9ty-01673805534.png,https://cdn.chefaa.com/filters:format(webp)/public/uploads/products/sweetal-diet-sugar-100tab-a9ty-01673805534.png,مميزات المنتج   سويتال سكر دايت | 100 قرص,raw_specs: المواصفات
27793,كارنيفيتا ادفانس مكمل غذائي للنساء | 30 كيس,carnivita advance for women 30sachets gztz,350,EGP,No Brand,الفيتامينات والمكملات>,in stock,https://chefaa.com:443/eg-ar/nowProduct/carnivita-advance-for-women-30sachets-gztz,https://cdn.chefaa.com/filters:format(webp)/public/uploads/products/carnivita-advance-for-women-30sachets-gztz-01723557968.png,https://cdn.chefaa.com/filters:format(webp)/public/uploads/products/carnivita-advance-for-women-30sachets-gztz-01723557968.png,مميزات المنتج   كارنيفيتا ادفانس مكمل غذائي للنساء | 30 كيس,raw_specs: المواصفات
61021,ليمتلس ميثيل فوليت 1000مكجم | 30 قرص,limitless methyl folate 1000mcg tabs ccso,90,EGP,No Brand,الفيتامينات والمكملات>,in stock,https://chefaa.com:443/eg-ar/nowProduct/limitless-methyl-folate-1000mcg-30-tabs-ccso,https://cdn.chefaa.com/filters:format(webp)/public/uploads/products/limitless-methyl-folate-1000mcg-30-tabs-v6sx-01750589495.png,https://cdn.chefaa.com/filters:format(webp)/public/uploads/products/limitless-methyl-folate-1000mcg-30-tabs-v6sx-01750589495.png,مميزات المنتج   ليمتلس ميثيل فوليت 1000مكجم | 30 قرص,raw_specs: المواصفات
29017,كالسي ماكس بلس | 30قرص,calci max plus 30tab tcvz,120,EGP,No Brand,الفيتامينات والمكملات>,in stock,https://chefaa.com:443/eg-ar/nowProduct/calci-max-plus-30tab-tcvz,https://cdn.chefaa.com/filters:format(webp)/public/uploads/products/calci-max-plus-30tab-d7l8-01681682245.png,https://cdn.chefaa.com/filters:format(webp)/public/uploads/products/calci-max-plus-30tab-d7l8-01681682245.png,مميزات المنتج   كالسي ماكس بلس | 30قرص,raw_specs: المواصفات
33787,ليمتلس كونسيف كيو اوريجينال للخصوبة limitless conceive q | ٣٠ قرص,limitless conceive chewable tabs pvmn,395,EGP,ليمتلس ناتشورال,الفيتامينات والمكملات>,in stock,https://chefaa.com:443/eg-ar/nowProduct/limitless-conceive-q-30-chewable-tabs-pvmn,https://cdn.chefaa.com/filters:format(webp)/public/uploads/products/limitless-conceive-q-30-chewable-tabs-pvmn-01725188203.png,https://cdn.chefaa.com/filters:format(webp)/public/uploads/products/limitless-conceive-q-30-chewable-tabs-pvmn-01725188203.png,مميزات المنتج   ليميتلس كونسيف كيو أوريجينال (limitless conceive q original) هو مكمل غذائي يُستخدم لدعم الصحة الإنجابية لدى النساء والرجال، وهو مصمم خصيصًا لتحسين الخصوبة وتنظيم التبويض وتعزيز جودة الحيوانات المنوية ويأتي في عبوة تحتوي على 30 قرصًا.   عن هذا المنتج     مكونات ليمتلس كونسيف كيو  يحتوي برشام ليمتلس كونسيف كيو على:  مايو-إينوسيتول (Myo-Inositol): يُحسن حساسية الإنسولين، وهو أمر مهم في حالات مقاومة الإنسولين المرتبطة بـمتلازمة تكيس المبايض PCOS، كما يُساعد على تنظيم التبويض وتحسين جودة البويضات ويعزز التوازن الهرموني.  كايرو-إينوسيتول (D-Chiro-Inositol): يساعد على تحسين الاستجابة الهرمونية للمبايض ويُعزز عملية نضوج البويضات ويُحسن فرص الحمل كذلك يُساهم في خفض مستويات الأندروجينات (الهرمونات الذكرية الزائدة).  كوكيو 10 (Coenzyme Q10 - CoQ10): مضاد أكسدة قوي يحسن من جودة البويضات والوظائف الخلوية كما يُعزز إنتاج الطاقة داخل خلايا البويضات، مما يرفع فرص الإخصاب.  ميثيل فولات (Methylfolate): الشكل النشط من حمض الفوليك، ضروري لتكوين الحمض النووي وانقسام الخلايا، ويُحسن من الوظائف العصبية ويدعم الحمل الصحي في مراحله الأولى.  ألفا-لاكتالبومين (Alpha-Lactalbumin): بروتين طبيعي يُحسن من امتصاص الإينوسيتول في الأمعاء، مما يزيد من فعاليته وله خصائص مضادة للالتهابات، وقد يدعم الجهاز الهضمي والمناعي.  limitless conceive q دواعي استعمال  تستخدم حبوب ليمتلس كونسيف كيو اوريجينال في:   تحسين الخصوبة لدى الرجال والسيدات.  تحسين التبويض المنتظم.  يساعد على استعادة الدورة الشهرية الطبيعية وتنظيم التبويض.  زيادة عدد وحركة الحيوانات المنوية لدى الرجال.  دعم صحة المبايض.  تحسين جودة البويضات ووظائف المبيض.  علاج متلازمة تكيس المبايض (PCOS).  يحتوي على إينوسيتول وأنزيم Q10 للمساهمة في تقليل مقاومة الإنسولين وتحسين التوازن الهرموني.  رفع فرص الحمل الطبيعي من خلال تحسين البيئة الهرمونية وجودة البويضات.  زيادة حركة وعدد الحيوانات المنوية  limitless conceive q فوائد  يساعد برشام limitless conceive q على:  تحسين جودة البويضات بفضل احتوائه على Coenzyme Q10.  تنظيم التبويض والدورة الشهرية  مايو-إينوسيتول وكايرو-إينوسيتول يدعمان التوازن الهرموني، ويساعدان على تنظيم الدورة وتحفيز التبويض خاصة في حالات متلازمة تكيس المبايض ( PCOS).  ليمتلس كونسيف للنساء يساعد على تحسين حساسية الخلايا للإنسولين، فيقلل من مقاومة الإنسولين التي تؤثر سلبًا على الخصوبة لدى النساء المصابات بتكيس المبايض.  دعم تكوين الحمض النووي وانقسام الخلايا.  مفيد في حالات تأخر الحمل غير المفسر.  يساعد ليمتلس كونسيف كيو اوريجينال للرجال على تحسين عدد وحركة الحيوانات المنوية.  جرعة ليمتلس كونسيف مضغ  الجرعة الموصى بها من دواء limitless conceive q هي قرص إلى قرصين مضغ يومياً حسب إرشادات الطبيب.  ليمتلس كونسيف كيو اوريجينال الآثار الجانبية تعد حبوب limitless conceive q آمنة لدى معظم الأشخاص عند استخدامها بالجرعة الموصى بها، لكن مثل أي مكمل غذائي قد تظهر بعض الآثار الجانبية الخفيفة لدى بعض الحالات، خاصة عند فرط الاستخدام أو وجود تحسس من إحدى المكونات ومن ضمن هذه الأعراض:  اضطرابات خفيفة في المعدة (مثل الغثيان أو الإسهال).  صداع بسيط.  دوخة خفيفة.  انتفاخ أو غازات.  تعب أو خمول مؤقت.  حساسية جلدية خفيفة (احمرار أو حكة)، خاصة لمن لديهم تحسس تجاه اللاكتوز أو مشتقات الألبان (لوجود ألفا-لاكتالبومين).  نصائح لتقليل الآثار الجانبية:   تناول القرص بعد الطعام لتقليل اضطرابات المعدة.  الالتزام بالجرعة الموصى بها.  أخبر الطبيب عند وجود أمراض مزمنة أو استخدام أدوية أخرى.  موانع استخدام ليمتلس كونسيف كيو اوريجينال  يمنع استخدام limitless conceive q tab في الحالات الآتية: فرط الحساسية تجاه أحد مكونات الدواء.  ويجب استشارة الطبيب أولًا في الحالات التالية:  الحمل أو الرضاعة.  الأطفال والمراهقين أقل من 18 سنة.  تناول أي أدوية أخرى أو مكملات أو الإصابة بأي أمراض مزمنة.  limitless conceive q سعر  يبلغ سعر ليمتلس كونسيف كيو اوريجينال للنساء (limitless conceive q 30 chew. tabs) حوالي 395 جنيه مصري.  (سعر الدواء قد يتغير تبعاً لتحديث سعره في الصيدليات)  بديل ليمتلس كونسيف  من المكملات الغذائية المشابهة لليمتلس كونسيف، ولكن لها تركيبة مختلفة:   كيروفيت كبسول kerovit capsule.  أبيفورتيل كبسول apifortyl capsule.  فيتاماكس بلس كبسول vitamax plus capsule.  ويلمان أوريجينال أقراص wellman original tablets.  فيتايامي كبسول vitayami capsule.  ليمتلس كونسيف كيو اوريجينال والحمل؟   لا يُستخدم علاج ليمتلس كونسيف كيو اوريجينال بعد تأكيد الحمل إلا إذا أوصى الطبيب بذلك لأنه يستخدم لتعزيز جودة البويضات، لذلك عند حدوث الحمل، يجب التوقف عن استخدامه والبدء بمكملات مناسبة للحمل.  ما فوائد ليمتلس كونسيف كيو اوريجينال للنساء؟  limitless conceive q للنساء هو مكمل غذائي مصمم خصيصًا لدعم الخصوبة وتحسين صحة الجهاز التناسلي لدى النساء، خاصة في حالات تأخر الحمل أو اضطرابات الإباضة وأعراض مقاومة الإنسولين مثل متلازمة تكيس المبايض (PCOS).  ما فوائد limitless conceive q للرجال؟  يساعد ليمتلس كونسيف كيو 30 أقراص قابلة للمضغ  مصُمم لدعم الخصوبة والصحة الإنجابية عند الرجال، من خلال مزيج فعّال من العناصر المضادة للأكسدة والمغذيات التي تؤثر مباشرة على جودة الحيوانات المنوية وحركتها وعددها وتعزز الصحة الهرمونية.  ما فائدة ليمتلس كونسيف للتخسيس؟   لا يُعتبر مكمل ليمتلس كونسيف كيو أورجينال (limitless conceive q original 30 tab) منتجًا مخصصًا للتخسيس أو إنقاص الوزن بشكل مباشر.   إلا أن بعض مكوناته، مثل المايو-إينوسيتول (Myo-Inositol) وكايرو-إينوسيتول (Chiro-Inositol)، قد تُساهم في تحسين حساسية الجسم للأنسولين، مما قد يساعد على تنظيم مستويات السكر في الدم.   هذا التأثير قد يكون مفيدًا للأشخاص الذين يعانون من متلازمة تكيس المبايض (PCOS) أو مقاومة الإنسولين، فيمكن أن يُساهم في تحسين التمثيل الغذائي، وهو ما قد يساعد بشكل غير مباشر على التحكم في الوزن.  إذا كنتِ تبحثين عن مكملات مخصصة لإنقاص الوزن، يُفضل استشارة الطبيب لاختيار المنتج المناسب لحالتك الصحية واحتياجاتك.,ماركة: ليمتلس ناتشورال
31606,جروث فورمولا | كيدز فانيليا | 400 جم,growth formula kids vanilla rgde,249.5,EGP,No Brand,الفيتامينات والمكملات>المكملات الغذائية,in stock,https://chefaa.com:443/eg-ar/nowProduct/growth-formula-kids-vanilla-400-rgde,https://cdn.chefaa.com/filters:format(webp)/public/uploads/products/growth-formula-kids-vanilla-400-ynzj-01693921326.png,https://cdn.chefaa.com/filters:format(webp)/public/uploads/products/growth-formula-kids-vanilla-400-ynzj-01693921326.png,مميزات المنتج   جروث فورمولا | كيدز فانيليا | 400 جم,raw_specs: المواصفات
31609,جروث فورميلا دبليو جى لزيادة الوزن وعلاج النحافة - فانيليا | 400 جم,growth formula 400gm vanilla uduh,245,EGP,No Brand,الفيتامينات والمكملات>المكملات الغذائية,in stock,https://chefaa.com:443/eg-ar/nowProduct/growth-formula-wg-400gm-vanilla-uduh,https://cdn.chefaa.com/filters:format(webp)/public/uploads/products/growth-formula-wg-400gm-vanilla-uduh-01723110286.png,https://cdn.chefaa.com/filters:format(webp)/public/uploads/products/growth-formula-wg-400gm-vanilla-uduh-01723110286.png,"مميزات المنتج   جروث فورميلا مكمل غذائي لعلاج النحافة وضعف الوزن ، يعمل على مد جسمك بكل العناصر الغذائية التي يحتاجها للنمو ، وهو متوفر بالعديد من النكهات اللذيذة   عن هذا المنتج     مكونات جروث فورميلا   مسحوق حليب خالى الدسم  مسحوق حليب كامل الدسم  بروتين الحليب  سكروز  مالتودكسترين  بروتين الصويا  الكالسيوم  دواعى استعمال growth formula  تُستحدم جروث فورميلا كمكمل غذائي في حالات :  سوء التغذية.  النحافة  المرضى الذين يتعافون من المرض أو الجراحة.  صعوبة تناول الطعام والبلع  ضعف الشهية  جرعة جروث فورميلا لزيادة الوزن  يجب عليك مراجعة الطبيب أو الصيدلي قبل تناول الدواء  جرعة الدواء قد تختلف من حالة لأخرى  كيف استخدم جروث فورميلا ؟  قد بإضافة كيسًا أو 2 ملعقة كبيرة إلى كوب واحد من الحليب أو الماء 3 مرات يوميًا  الآثار الجانبية لأكياس جروث فورميلا للنحافة  قد يعاني بعض الأشخاص من الحساسية وقد تختلف أعراض الحساسية من شخص لآخر وتشمل :  التهاب الجلد  اضطراب المعدة  "" قبل تناول أي نوع من مكملات زيادة الوزن ، يجب عليك استشارة الطبيب لتجنب أي أضرار ""  موانع استعمال growth formula   الحساسية تجاه أي من مكونات الجروث فورميلا  التحذيرات والاحتياطات عند تناول  دواء لزيادة الوزن من الصيدلية :  يجب إستشارة الطبيب أو الصيدلى فى حالة كنت تتناول أدوية أخرى أو تعانى من أى أمراض   يجب إستشارة الطبيب أو الصيدلي قبل إستخدام الدواء فى حالة الحمل أو الرضاعة  سعر جروث فورميلا للكبار  يبلغ سعر growth formula for adults حوالي 69.5 جنيه مصرى  "" قد يتغير السعر من وقت لآخر ""  تحتوى العلبة على 10 أكياس ويبلغ وزنها 400 جم  أنواع جروث فورميلا  جروث فورميلا للكبار  جروث فورميلا للأطفال  جروث فورميلا للحامل والمرضع  جروث فورميلا لكبار السن +Silver 50  ما هي أضرار جروث فورميلا ؟  عادة لا تسبب growth formula أضرار عند تناولها بالجرعات والتعليمات الموصى بها  ماهي فوائد جروث فورميلا لكمال الاجسام ؟  growth formula هو مكمل غذائي يحتوي على بروتين الصويا وبروتين اللبن ولأن البروتين ضروري لبناء العضلات لذا قد يلجأ الأشخاص الراغبين فى اكتساب المزيد من العضلات إلى تناول مكملات البروتين  هل يُستخدم جروث فورميلا لزيادة وزن الجنين ؟  جروث فورميلا للحامل يتميز بتركيبة غنية بالفيتامينات والمعادن مثل الحديد والكالسيوم والزنك والمغنيسيوم وحمض الفوليك لتلبية الاحتياجات الغذائية المتزايدة للنساء فى فترة الحمل ولعلاج سوء التغذية  هل جروث فورميلا بيتخن ؟  أجل يساعد جروث فورميلا على زيادة الوزن  هل جروث فورميلا له أضرار ؟  عادة لا يسبب أى أضرار طالما يتم استخدامه تبعاً للتعليمات الموصى بها   بدائل growth formula  مسحوق germa fruity powder  أكياس إس . بي . ميكس S.P.Mix  أكياس bio whey protein powder  أكياس بروماكس بلس promax plus   ما أفضل أدوية لعلاج النحافة وزيادة الوزن ؟  إذا كنت تعتقد أنك تعاني من نقص الوزن فعليك الرجوع للطبيب لأن هناك العديد من الأسباب التى قد تؤدى إلى نقصان وزن الجسم مثل أمراض الغدة الدرقية أو مشاكل الجهاز الهضمي أو بعض الأدوية أو مشاكل نفسية مثل التوتر أو الاكتئاب.  ومن الممكن أيضاً أن تكون النحافة بسبب الجينات ، أو بسبب مستوى النشاط المرتفع ، أو بسبب عدم تناول ما يكفي من الطعام   إذا وجد طبيبك أنك تعاني من نقص الوزن ، فمن المحتمل أن يوصيك بزيادة الوزن عن طريق تناول الأطعمة الصحية والمغذية ،وزيادة السعرات الحرارية التى تتناولها من خلال التركيز على مصادر جيدة للبروتين، والحبوب، والدهون الصحية. وقد ينصحك بتناول بعض المكملات الغذائية لزيادة الوزن.   مكملات غذائية لزيادة الوزن  نوتري باور Nutri powder دواء لزيادة الوزن من الصيدلية  أكياس ميكس غرو Mix Grow  أكياس سيتوماكس  Citomax powder   مكمل  غذائى بايو تك bio tech powder   مكمل  غذائى بايو جاينرز bio gainer  أكياس نيوتريستارز nutristar",raw_specs: المواصفات
2173,نيوروفيت | فيتامين | 6 امبولات,neurovit amp,66,EGP,أمون للأدوية,الفيتامينات والمكملات>المكملات الغذائية,in stock,https://chefaa.com:443/eg-ar/nowProduct/neurovit-3-amp,https://cdn.chefaa.com/filters:format(webp)/public/uploads/products/neurovit-3-amp-01719675717.png,https://cdn.chefaa.com/filters:format(webp)/public/uploads/products/neurovit-3-amp-01719675717.png,مميزات المنتج   نيوروفيت | فيتامين | 6 امبولات   عن هذا المنتج     وصف المنتج:     نيوروفيت حقن يستخدم في علاج نقص فيتامين ب ومرض البري بري والانيميا وآلام والتهابات الأعصاب مثل مرض العصب الخامس والعصب السابع والتهاب عرق النسا واضطرابات التمثيل الغذائي     الجرعة وطريقة الاستخدام:     جرعة البالغين:   أمبولة واحدة كل يومين أو حسب إرشادات الطبيب.   في حالة الأعراض الشديدة والحادة: يتم إعطاء حقنة واحدة (2 مل) عادة مرة واحدة في اليوم لتحقيق مستويات عالية من المواد الفعالة في الدم.   عندما تهدأ المرحلة الحادة و أعراض أقل خطورة ، يتم إعطاء حقنة واحدة 2-3 مرات في الأسبوع.     دواعي الاستعمال:     يستخدم نيوروفيت لعلاج أعراض أمراض الدم والأمراض العصبية وضعف الأعصاب الناتجة عن النقص المستمر في الفيتامينات B1 و B6 و B12 لدى البالغين والأطفال فوق سن 12 عامًا.   اضطرابات التمثيل الغذائي.   أنواع مختلفة من فقر الدم بما في ذلك ؛ فقر الدم الحديدي الأرومات ، وفقر الدم الضخم الأرومات.   التهاب العصب المحيطي.   إزالة الميالين واضطرابات عصبية أخرى.   البري بري المزمن والحاد.   لتحسين التمثيل الغذائي للدهون والكربوهيدرات والأحماض الأمينية.   نقص أو زيادة الطلب على فيتامينات ب ”6 و ب 12.,ماركة: أمون للأدوية
53182,بريجتيليتي | كو إنزيم | 60كبسولة,pregtility for women jar capRuDh,450,EGP,No Brand,الفيتامينات والمكملات>,in stock,https://chefaa.com:443/eg-ar/nowProduct/pregtility-for-women-jar-60-capRuDh,https://cdn.chefaa.com/filters:format(webp)/public/uploads/products/pregtility-for-women-jar-60-caprudh-01733247429.png,https://cdn.chefaa.com/filters:format(webp)/public/uploads/products/pregtility-for-women-jar-60-caprudh-01733247429.png,مميزات المنتج   بريجتيليتي | كو إنزيم | 60كبسولة,raw_specs: المواصفات
30675,سيلفر سيز مكمل غذائي 550مجم | 20 كبسوله,silver seas 550mg 20cap tdqf,175,EGP,No Brand,الفيتامينات والمكملات>الفيتامينات  والمعادن,in stock,https://chefaa.com:443/eg-ar/nowProduct/silver-seas-550mg-20cap-tdqf,https://cdn.chefaa.com/filters:format(webp)/public/uploads/products/silver-seas-550mg-20cap-5v6q-01686768794.png,https://cdn.chefaa.com/filters:format(webp)/public/uploads/products/silver-seas-550mg-20cap-5v6q-01686768794.png,مميزات المنتج   سيلفر سيز مكمل غذائي 550مجم | 20 كبسوله,raw_specs: المواصفات
49756,حبوب فاتاشى جايد للتخسيس fattache guide | ٣٠ قرص,fattache guide weight loss dietary supplement tabs tkqj,285,EGP,No Brand,الفيتامينات والمكملات>المكملات الغذائية,in stock,https://chefaa.com:443/eg-ar/nowProduct/fattache-guide-weight-loss-dietary-supplement-30-tabs-tkqj,https://cdn.chefaa.com/filters:format(webp)/public/uploads/products/fattache-guide-weight-loss-dietary-supplement-30-tabs-oyzd-01730276015.png,https://cdn.chefaa.com/filters:format(webp)/public/uploads/products/fattache-guide-weight-loss-dietary-supplement-30-tabs-oyzd-01730276015.png,"مميزات المنتج   فاتاشى جايد للتخسيس (fattache guide tablets) هو مكمل غذائي يساعد على تحفيز حرق الدهون وفقدان الوزن وتحسين التمثيل الغذائي، وذلك بفضل تركيبته الغنية بالفيتامينات والمعادن ومستخلصات النباتات التي تساعد على التخسيس.   عن هذا المنتج     مكونات فاتاشى جايد للتخسيس  يحتوي دواء فاتاشى جايد على:  حمض الأسكوربيك أو فيتامين سي (Ascorbic acid or Vitamin C): يساعد على التحكم في الشهية وتقليل الشغف للطعام خاصة الحلويات.  ثيامين أو فيتامين ب1 (Thiamine or Vitamin B1): يساعد خلايا الجسم على تحويل الكربوهيدرات إلى طاقة، وبالتالي فإنه يحسن التمثيل الغذائي ويعزز فقدان الوزن.  ريبوفلافين أو فيتامين ب2 (Riboflavin or Vitamin B2): يساعد على تحسين التمثيل الغذائي للدهون والكربوهيدرات، ما يؤدي إلى تعزيز فقدان الوزن.  نياسيناميد أو فيتامين ب3 (Niacinamide or Vitamin B3): لا يساعد في فقدان الوزن، ولكنه يحسن مستويات الدهون الثلاثية والكوليسترول في الدم خلال فترة فقدان الوزن.  بيريدوكسين أو فيتامين ب6 (Pyridoxine or Vitamin B6): يساعد على تحويل الدهون والكربوهيدرات إلى طاقة، كما أنه يعزز تكسير الدهون المخزنة في الجسم، ما يدعم إنقاص الوزن.  حمض الفوليك (Folic acid): يساعد على علاج مقاومة الأنسولين ومتلازمة التمثيل الغذائي واختلال توازن البروتين الدهني في الجسم، ما يؤدي إلى تعزيز فقدان الوزن.  سيانوكوبالامين أو فيتامين ب12 (Cyanocobalamin or Vitamin B12): يساعد على التحكم في الشهية، كما يساهم في تحويل الكربوهيدرات والدهون إلى طاقة.  مستخلص الشاي الأخضر (Green tea extract): يقلل من الرغبة الشديدة في تناول الطعام، ويعزز من حرق الدهون في الجسم.  كروميوم (Chromium): يساعد على التحكم في الشهية ويقلل الرغبة الشديدة في تناول الطعام، كما يعالج مقاومة الأنسولين ويعزز حرق الدهون في الجسم.  مستخلص غارسينيا كامبوغيا (Garcinia cambogia extract): يقلل الشهية والرغبة الشديدة في تناول الطعام.  مستخلص جيمناما سيلفستر (Gymnema sylvestre extract): يساعد على التحكم في الشهية ويقلل الرغبة الشديدة في تناول السكريات.  بودرة مستخلص الفاصوليا البيضاء (White kidney bean extract): يقلل من الرغبة الشديدة في تناول الكربوهيدرات ويزيد من شعور الشبع.  حبيبات بِتَرْتَرات الكولين (Choline bitartrate granular): يقلل الشهية والرغبة في تناول الطعام ويزيد من حرق الدهون وينظم مستويات الدهون الثلاثية والكوليسترول في الدم.  إينوزيتول (Inositol): ينظم مستويات الأنسولين في الجسم ويقلل الشهية والرغبة الشديدة في تناول الطعام ويعزز التمثيل الغذائي للدهون، كما يحسن التوازن الهرموني ويدعم صحة المبايض، ما يساهم في علاج متلازمة تكيس المبايض والسمنة.  كبريتات الفاناديل (Vanadyl sulfate): يساعد على حرق الدهون المخزنة في الجسمك وتنظيم مستويات الجلوكوز في الدم.  دواعي استعمال fattache guide  يُستخدم برشام fattache capsule في:  إنقاص الوزن.  تعويض المستويات المنخفضة من فيتامينات ب وحمض الفوليك.  دعم عملية التمثيل الغذائي للدهون والبروتين والكربوهيدرات وتحسينها.  تنظيم مستويات الجلوكوز في الدم.  تحسين مستويات الدهون الثلاثية والكوليسترول في الدم.  جرعة فاتاشى جايد للتخسيس  يُؤخذ 2 قرص من حبوب fattache للتخسيس يوميًا مع كوب من الماء (قرص بعد وجبة الغداء والثاني بعد العشاء).  ما هي أنواع fattache حبوب؟  يوجد نوعان من fattache cap، هما:  كبسولات فاتشي (fattache capsules)، ويحتوي على مكونات مختلفة، مثل: شيتوزان وبذور السيليوم وصمغ الكرايا وبكتين وفيتامين سي، ويأتي في علبة تحتوي على 20 كبسولة (fattache 20 caps).  أقراص فاتشي جايد (fattache guide tablets)، وتحتوي على فيتامينات ب وفيتامين سي وحمض الفوليك ومستخلصات النباتات، وتأتي في علبة تحتوي على 30 قرص (fattache guide 30 tabs).  فاتاشي جايد سعر  يبلغ سعر فاتاشي جايد مكمل غذائي 285 جنيه مصري للعلبة التي تحتوي على 30 قرص.  ""سعر الدواء قد يتغير تبعاً لتغير سعره فى الصيدليات""  بديل فاتاشي جايد  كروماكس 60 كبسولة Chromax 60 capsules.  فاتاشي 20 كبسولة Fattache 20 capsules.  اورلي 120 مجم Orly 120 mg.  كروميترون 30 كبسولة Chromitron 30 caps.  شيتوكال 60 كبسولة Chitocal 60 caps.  الأعراض الجانبية لحبوب فاتاشي جايد  يعد برشام فاتاشى جايد آمنًا بشكل عام، ولكن مع بعض الحالات قد يسبب أعراضًا جانبية خفيفة، مثل:  اضطراب الجهاز الهضمي والشعور بعدم الراحة في المعدة.  حرقة المعدة أو حموضة.  إمساك.  انتفاخ البطن والغازات.  ألم خفيف في البطن.  لذا يُفضل تناوله بعد الوجبة.  في حالات نادرة جدًا، قد يسبب فاتاشى جايد أقراص بعض الآثار الجانبية الخطيرة إذا كان الشخص يعاني من رد فعل تحسسي تجاه أحد مكوناته، وتشمل الآتي:  طفح جلدي ونتوءات حمراء ومتورمة مرتفعة عن سطح الجلد.  شعور شديد بالحكة.  تضخم الغدد الليمفاوية.  تورم الوجه أو الشفتين أو اللسان أو الحلق.  صعوبة البلع أو التنفس.  صفير خلال التنفس.  تسارع ضربات القلب.  شعور بالدوار.  فقدان الوعي.  موانع استعمال fattache tab  لا يجب تناول كبسولات فاتاشى جايد خلال فترة الحمل والرضاعة الطبيعية، إذ لم يوصي الطبيب بغير ذلك، للتأكد من مدى سلامته على الأجنة والرضع.  يجب استشارة الأطباء قبل تناول أقراص فاتاشي جايد بالنسبة لمرضى الكلى والكبد.  ما الفرق بين فاتاشى وفاتاشي جايد؟  يساعد كلا الدوائين على إنقاص الوزن والتحكم في الشهية وزيادة الشعور بالشبع، ولكن توجد فروق بينهما:  المادة الفعالة: تحتوي كبسولات فاتاشي على شيتوزان وبذور السيليوم وصمغ الكرايا وبكتين وفيتامين سي، أما أقراص فاتاشي جايد فيحتوي على مجوعة من الفيتامينات (ب وسي) وحمض الفوليك والكروميوم ومستخلص الشاي الأخضر والفاصوليا البيضاء ومجموعة من النباتات الأخرى التي تساعد على تقليل الشهية.  الشكل الدوائي: يأتي فاتاشي على هيئة كبسولات، أما فاتاشي جايد فيتوافر على هيئة أقراص.  طريقة الاستخدام: تؤخذ كبسولة واحدة من فاتاشي قبل وجبتي الفطور والغداء بـ 15 دقيقة، أما فاتاشي جايد فيؤخذ قرص واحد بعد وجبتي الغداء والعشاء.  هل يؤخذ فاتاشى جايد قبل الأكل؟  لا، بل يؤخذ بعد وجبتي الغداء والعشاء.  ما أضرار فاتاشى جايد أقراص؟  في بعض الحالات، يمكن أن تسبب أقراص فاتاشى جايد اضطراب في الجهاز الهضمي، وتشمل أعراضه:  شعور بعدم راحة في المعدة.  ألم خفيف في البطن.  حرقة المعدة أو الحموضة.  انتفاخ البطن أو الشعور بالغازات.  الإمساك.  ما فوائد اقراص فاتاشى جايد؟  تساعد أقراص فاتاشى جايد على إنقاص الوزن وتحسين التمثيل الغذائي وتنظيم مستويات الجلوكوز والدهون الثلاثية والكوليسترول في الدم.",raw_specs: المواصفات
2169,أقراص فيتا هير للشعر | 60 قرص,vita hair film coated tablets,198,EGP,ميباكو,الفيتامينات والمكملات>المكملات الغذائية,in stock,https://chefaa.com:443/eg-ar/nowProduct/vita-hair-60-film-coated-tablets,https://cdn.chefaa.com/filters:format(webp)/public/uploads/products/1589204711vita-Hair-60-film-coated-tablets.jpg,https://cdn.chefaa.com/filters:format(webp)/public/uploads/products/1589204711vita-Hair-60-film-coated-tablets.jpg,مميزات المنتج   ﻿﻿ كبسولات فيتا هير للشعر تحتوى على الحديد  فيتامين ب وفيتامين ج وحمض الليسين وهو حمض أمينى يدخل فى تكوين بروتين الشعر,ماركة: ميباكو
60148,إيزيس | بقدونس و كرفس | 20 قطعة,isis paraly celery pcs ogwq,35,EGP,No Brand,الفيتامينات والمكملات>,in stock,https://chefaa.com:443/eg-ar/nowProduct/isis-paraly-celery-20-pcs-ogwq,https://cdn.chefaa.com/filters:format(webp)/public/uploads/products/isis-paraly-celery-20-pcs-mgxf-01739611003.png,https://cdn.chefaa.com/filters:format(webp)/public/uploads/products/isis-paraly-celery-20-pcs-mgxf-01739611003.png,مميزات المنتج   إيزيس | بقدونس و كرفس | 20 قطعة,raw_specs: المواصفات
60924,دوزوفا مان ماكس فيتامينات | 30 قرص,dozova man max multivitamin tabs hv0x,260,EGP,No Brand,الفيتامينات والمكملات>الفيتامينات  والمعادن,in stock,https://chefaa.com:443/eg-ar/nowProduct/dozova-man-max-multivitamin-30-tabs-hv0x,https://cdn.chefaa.com/filters:format(webp)/public/uploads/products/dozova-man-max-multivitamin-30-tabs-4m8t-01750335759.png,https://cdn.chefaa.com/filters:format(webp)/public/uploads/products/dozova-man-max-multivitamin-30-tabs-4m8t-01750335759.png,مميزات المنتج   دوزوفا مان ماكس فيتامينات | 30 قرص   عن هذا المنتج     تركيبة فريدة  للرجال مصممة خصيصًا لتلبية احتياجات الرجل الصحية، حيث تحتوي على 23 عنصرًا غذائيًا أساسيًا من الفيتامينات والمعادن،  بالإضافة إلى القوة الثنائية مزيج من عشبتين فعالتين: الجنكو بيلوبا والجينسنغ السيبيري، لإطلاق أقصى طاقات الرجل. تساعد في تعزيز الأداء البدني، دعم المناعة والوظائف العقلية، تقليل الإرهاق الذهني، الحفاظ على وظيفة العضلات، وتحتوي على مضادات أكسدة لدعم الصحة العامة. تدعم عملية التمثيل الغذائي للطاقة بفضل احتوائها على فيتامينات ب. تحتوي على الجنكو بيلوبا للحفاظ على النشاط الذهني، والجينسنغ السيبيري لدعم الأداء البدني. الجرعة: قرص واحد يوميًا.,raw_specs: المواصفات
53881,في فيت فيرو فوم فيكسيا | 30 كبسولة,veexia vee ferro tiredness antifatigue supplement with liposomal iron folic acid zinc gmo free gluten free soy freeaudY,190,EGP,No Brand,الفيتامينات والمكملات>,in stock,https://chefaa.com:443/eg-ar/nowProduct/veexia-vee-ferro-tiredness--antifatigue-supplement-with-liposomal-iron-folic-acid--zinc--gmo-free-gluten-free-soy-freeaudY,https://cdn.chefaa.com/filters:format(webp)/public/uploads/products/veexia-vee-ferro-tiredness-antifatigue-supplement-with-liposomal-iron-folic-acid-zinc-gmo-free-gluten-free-soy-freeaudy-01732829918.png,https://cdn.chefaa.com/filters:format(webp)/public/uploads/products/veexia-vee-ferro-tiredness-antifatigue-supplement-with-liposomal-iron-folic-acid-zinc-gmo-free-gluten-free-soy-freeaudy-01732829918.png,مميزات المنتج   في فيت فيرو فوم فيكسيا | 30 كبسولة,raw_specs: المواصفات
31466,اوكيوجارد ال.اكس | 30 كبسولة,ocuguard capsules q6yt,130,EGP,No Brand,الفيتامينات والمكملات>المكملات الغذائية,in stock,https://chefaa.com:443/eg-ar/nowProduct/ocuguard-lx-30-capsules-q6yt,https://cdn.chefaa.com/filters:format(webp)/public/uploads/products/ocuguard-lx-30-capsules-q6yt-01696770805.png,https://cdn.chefaa.com/filters:format(webp)/public/uploads/products/ocuguard-lx-30-capsules-q6yt-01696770805.png,مميزات المنتج   اوكيوجارد ال.اكس | 30 كبسولة,raw_specs: المواصفات
48099,ماش بريمير | اميونو-ماش كيدز 12 فيتامين و5 معادن +الحمض الاميني ل-لايسين لنمو الطبيعي ومناعة اقوي للاطفال | 100مل,mash premiere immuno mash kids vitamin minerals lysine for normalgrowth strong immunity tpke_dugFY5Bg,80,EGP,ماش بريمير,الفيتامينات والمكملات>الفيتامينات  والمعادن,in stock,https://chefaa.com:443/eg-ar/nowProduct/mash-premiere-immuno-mash-kids-12-vitamin-5-minerals-l-lysine-for-normalgrowth-strong-immunity-100-ml-tpke_dugFY5Bg,https://cdn.chefaa.com/filters:format(webp)/public/uploads/products/mash-premiere-immuno-mash-kids-12-vitamin-5-minerals-l-lysine-for-normalgrowth-strong-immunity-100-ml-34tc-01709458459.png,https://cdn.chefaa.com/filters:format(webp)/public/uploads/products/mash-premiere-immuno-mash-kids-12-vitamin-5-minerals-l-lysine-for-normalgrowth-strong-immunity-100-ml-34tc-01709458459.png,"عن هذا المنتج     يحتوي الاميونوماش كيدز على تركيبة فريدة ومميزة من نوعها حيث يتكون من 12 فيتامين و 5 معادن بالإضافة إلى الحمض الاميني ل-لايسين يتكون الاميونوماش كيدز من 12 فيتامين : B1, B2, B3, B5, B6, B7 ,B9, B12, A, D, E ,C يحتوي الاميونوماش كيدز ايضا على 5 معادن : الزنك ، الحديد ، الماغنسيوم ، المنجنيز ، اليود بالإضافة إلى احتواء الاميونوماش كيدز على الحمض الاميني ل-لايسين الذي يساعد على فتح الشهية للاطفال اميونوماش كيدز يدعم المناعة للاطفال لاحتوائه على فيتامين: A , D , E, C بالإضافة إلى الزنك اميونوماش كيدز يدعم نمو الاطفال بشكل صحي لانه يتكون من: الحديد ، المنجنيز ، الماغنسيوم ، اليود وفيتامينات B complex اميونوماش كيدز يرفع ويعمل على زيادة الشهية لدى الأطفال لاحتوائه على ل – لايسين اميونوماش كيدز متوفر بطعم البرتقال",ماركة: ماش بريمير
4962,اميولانت ان شراب لتقوية المناعة للأطفال | 120مل,immulant syrup,50,EGP,ميباكو,الفيتامينات والمكملات>المكملات الغذائية,in stock,https://chefaa.com:443/eg-ar/nowProduct/immulant-syrup-120-ml,https://cdn.chefaa.com/filters:format(webp)/public/uploads/products/immulant-syrup-120-ml-01740324257.png,https://cdn.chefaa.com/filters:format(webp)/public/uploads/products/immulant-syrup-120-ml-01740324257.png,"مميزات المنتج   اميولانت Immulant شراب من أشهر المكملات الغذائية التى تساعد على تعزيز مناعة الجسم والوقاية من الأمراض والعدوى   عن هذا المنتج     مكونات اميولانت شراب يحتوي اميولانت شراب على:  خلاصة الإشيناسيا الجافة (Echinacea Dry Extract): مستخلصات طبيعية لها خصائص مقوية ومعززة للمناعة في مواجهة العدوى والالتهابات المختلفة، خاصةً التهابات الجهاز التنفسي. زيت حبة البركة : غنى بالعديد من الفيتامينات والمغذيات   فوائد دواء اميولانت  يستعمل هذا الدواء كمكمل غذائي للأطفال بغرض:  تقوية وتعزيز المناعة في مواجهة حالات العدوى المختلفة التي تصيب الجسم.  تحسين قدرة الجسم على التعافي بعد الإصابة.  الوقاية من نزلات البرد والانفلونزا.   جرعة اميولانت شراب للاطفال  الجرعة المعتادة للأطفال أكبر من 5 سنوات هي 2 ملعقة شاي 3 مرات يوميًا أو وفقًا لما يحدده الطبيب.  لا ينصح باستعماله أكثر من 8 أسابيع إلا تحت إشراف الطبيب، كما يمنع استعماله للأطفال أقل من عمر 5 سنوات.   بديل اميولانت شراب   الليراز Allerease.  اميونفيتا Immunvita.  ميولون Mulone.  برونكوفاكسوم Bronchovaxom.  سانسواميون Sansoimune.  سعر اميولانت  سعر اميولانت  شراب هو 23.5 جنيه مصري ""سعر الدواء قد يتغير تبعاً لتغير سعره فى الصيدليات"".  ما هي أنواع دواء  إميولانت؟  يتوفر من دواء اميولانت 3 أنواع وهي كالآتي:  اميولانت شراب  اميولانت بلس كبسول  اميولانت كبسول  ما الفرق بين اميولانت واميولانت بلس ؟  اميولانت  يتوفر على هيئة كبسولات وشراب.  يحتوي على مستخلصات الإشيناسيا الجافة.   اميولانت بلس  يتوفر على هيئة كبسولات فقط.  يحتوي على مستخلصات الإشيناسيا الجافة مع خلاصة عشبة خاتم الذهب.",ماركة: ميباكو
47567,فيوسيست | مكمل غذائي | 30 قرص,viocyst tabs tegs_duNBriUy,250,EGP,No Brand,الفيتامينات والمكملات>المكملات الغذائية,in stock,https://chefaa.com:443/eg-ar/nowProduct/viocyst-60-tabs-tegs_duNBriUy,https://cdn.chefaa.com/filters:format(webp)/public/uploads/products/viocyst-60-tabs-tegs-dunbriuy-01726489882.png,https://cdn.chefaa.com/filters:format(webp)/public/uploads/products/viocyst-60-tabs-tegs-dunbriuy-01726489882.png,مميزات المنتج   فيوسيست | مكمل غذائي | 30 قرص,raw_specs: المواصفات
52255,جوينت جارد | 30كبسولة,joint guard caps stripsYIZz,199,EGP,No Brand,الفيتامينات والمكملات>المكملات الغذائية,in stock,https://chefaa.com:443/eg-ar/nowProduct/joint-guard-30-caps-3-stripsYIZz,https://cdn.chefaa.com/filters:format(webp)/public/uploads/products/joint-guard-30-caps-3-stripsyizz-01736120016.png,https://cdn.chefaa.com/filters:format(webp)/public/uploads/products/joint-guard-30-caps-3-stripsyizz-01736120016.png,مميزات المنتج   جوينت جارد | 30كبسولة,raw_specs: المواصفات
28910,بايوجاينرز | بالشوكولاتة | 510جم,bio gainers chocolate 510gm 7z3g,290,EGP,No Brand,الفيتامينات والمكملات>,in stock,https://chefaa.com:443/eg-ar/nowProduct/bio-gainers-chocolate-510gm-7z3g,https://cdn.chefaa.com/filters:format(webp)/public/uploads/products/bio-gainers-chocolate-510gm-qlqi-01681172821.png,https://cdn.chefaa.com/filters:format(webp)/public/uploads/products/bio-gainers-chocolate-510gm-qlqi-01681172821.png,مميزات المنتج   بايوجاينرز | بالشوكولاتة | 510جم,raw_specs: المواصفات
61622,لينترا بلس | 10 كبسولات,lentra plus caps SAlF,180,EGP,No Brand,الفيتامينات والمكملات>المكملات الغذائية,in stock,https://chefaa.com:443/eg-ar/nowProduct/lentra-plus-10-caps-SAlF,https://cdn.chefaa.com/filters:format(webp)/public/uploads/products/lentra-plus-10-caps-salf-01755087457.png,https://cdn.chefaa.com/filters:format(webp)/public/uploads/products/lentra-plus-10-caps-salf-01755087457.png,مميزات المنتج   لينترا بلس | 10 كبسولات,raw_specs: المواصفات
2217,اكتيمار لزيادة الوزن وبناء العضلات | 30 كبسولة,actimar capsules,90,EGP,هاى فارم,الفيتامينات والمكملات>المكملات الغذائية,in stock,https://chefaa.com:443/eg-ar/nowProduct/actimar-50-capsules,https://cdn.chefaa.com/filters:format(webp)/public/uploads/products/actimar-50-capsules-01716457461.png,https://cdn.chefaa.com/filters:format(webp)/public/uploads/products/actimar-50-capsules-01716457461.png,مميزات المنتج   دواء اكتيمار كبسول actimar يستخدم كمقوي عام لتحسين وظائف الجسم وزيادة النشاط، كما أنه يقوي الجهاز المناعي ويساعد على فتح الشهية.   عن هذا المنتج     مكونات اكتيمار كبسول   يحتوي كبسول اكتيمار على   الجلوتامين 750 مجم (Glutamine): يساعد على تعزيز وظائف الجهاز المناعي والهضمي.  التورين 50 مجم (Taurine): يساهم في دعم صحة القلب والعضلات ويساعد على تحسين وظائف الدماغ.  الثيامين 1.2 مجم (Thiamine): يلعب دورًا مهمًا في تحويل الطعام إلى طاقة ودعم وظائف الجهاز العصبي.  بيريدوكسين 1.3 مجم (Pyridoxine): يساهم في تحويل البروتينات والدهون والكربوهيدرات إلى طاقة ويدعم وظائف الجهاز العصبي.  الزنك 1 مجم (Zinc): يلعب دورًا مهمًا في تعزيز جهاز المناعة وصحة الجلد والشعر والأظافر.  دواعي استعمال اكتيمار actimar كبسول   يستخدم اكتيمار في:   تقوية الجسم وتحسين الوظائف الحيوية.  تحسين المناعة.  زيادة النشاط البدني.  جرعة actimar capsules   يفضل استشارة الطبيب لتحديد الجرعة المناسبة.  جرعة اكتيمار المعتادة هي كبسولة من مرة إلى ثلاث مرات في اليوم.  أكتيمار كبسول سعر سعر اكتيمار كبسول هو 65 جنيه مصري.  بديل أكتيمار كبسول   سوبرافيت (Supravit).  فيتايامي (Vitayami).  إنريتش بلس (Enrich plus).  فيتاترون (Vitatron).  ما هي فوائد أكتيمار كبسول؟  يدعم الجهاز المناعي.  يحسن الوظائف الحيوية بالجسم.  يزيد النشاط ويحسن الذاكرة.  يقوي صحة العضلات.  هل أكتيمار يزيد الوزن؟  لا يسبب اكتيمار زيادة الوزن بشكل مباشر ولكنه قد يساعد على زيادة الشهية وتعويض نقص بعض الفيتامينات بالجسم، مما يساهم في زيادة الوزن.  هل يستخدم أكتيمار للقولون؟  قد يساعد الجلوتامين في تقليل التهاب القولون.,ماركة: هاى فارم
50719,بنفورا لدعم الصحة العصبية | 30 قرص مغلف,benphora tabam0z,150,EGP,No Brand,الفيتامينات والمكملات>,in stock,https://chefaa.com:443/eg-ar/nowProduct/benphora-30-tabam0z,https://cdn.chefaa.com/filters:format(webp)/public/uploads/products/benphora-30-tabam0z-01734867560.png,https://cdn.chefaa.com/filters:format(webp)/public/uploads/products/benphora-30-tabam0z-01734867560.png,مميزات المنتج   بنفورا لدعم الصحة العصبية | 30 قرص مغلف,raw_specs: المواصفات
62545,ليمتلس | هيدريت بنكهة البطيخ للاطفال | 6 اكياس,limitless hydrate kids stick packs solution K08G,150,EGP,ليمتلس ناتشورال,الفيتامينات والمكملات>الفيتامينات  والمعادن,in stock,https://chefaa.com:443/eg-ar/nowProduct/limitless-hydrate-kids-6-stick-packs-solution-K08G,https://cdn.chefaa.com/filters:format(webp)/public/uploads/products/limitless-hydrate-kids-6-stick-packs-solution-k08g-01760725715.png,https://cdn.chefaa.com/filters:format(webp)/public/uploads/products/limitless-hydrate-kids-6-stick-packs-solution-k08g-01760725715.png,مميزات المنتج   ليمتلس | هيدريت بنكهة البطيخ للاطفال | 6 اكياس,ماركة: ليمتلس ناتشورال
47179,كبسول شارنوزام للقولون charnozam | ٣٠ كبسولة,charnozam caps bnh4,190,EGP,No Brand,الفيتامينات والمكملات>,in stock,https://chefaa.com:443/eg-ar/nowProduct/charnozam-30-caps-bnh4,https://cdn.chefaa.com/filters:format(webp)/public/uploads/products/charnozam-30-caps-bnh4-01747655418.png,https://cdn.chefaa.com/filters:format(webp)/public/uploads/products/charnozam-30-caps-bnh4-01747655418.png,مميزات المنتج   شارنوزام كبسول (Charnozam) مكمل غذائي طبيعي يأتي في عبوة من 30 كبسول. مخصص لدعم صحة القولون والجهاز الهضمي، وتخفيف أعراض الانتفاخ والغازات وعسر الهضم. من إنتاج شركة ‎Hayat Pharma - حياة فارما.   عن هذا المنتج     ما هو شارنوزام كبسول؟  هو مكمل غذائي طبيعي مخصص يدعم صحة القولون والجهاز الهضمي، كما يخفف أعراض الانتفاخ والغازات وعسر الهضم.  ما مكونات charnozam capsoule؟  يحتوي charnozam cap على:  الفحم النشط (Activated Charcoal): يساعد على امتصاص الغازات والسموم من الجهاز الهضمي، مما يقلل الشعور بعدم الراحة والانتفاخ.  مستخلص اليانسون (Anise Extract): يهدئ المعدة ويحسن الهضم، كما يساعد على تقليل الانتفاخ.  مستخلص الكراوية (Caraway Extract): له تأثير فعال في تحسين عملية الهضم، وتخفيف الانتفاخ والتقلصات.  مستخلص الشمر (Fennel Extract): يدعم الجهاز الهضمي، ويقلل الغازات وتشنجات المعدة.  مستخلص البابونج (Chamomile Extract): معروف بخصائصه المهدئة والمضادة للالتهاب ويساعد على تخفيف التوتر والألم.  مستخلص الزنجبيل (Ginger Extract): يحسن حركة الأمعاء، مما يحسن الهضم كما يقلل الشعور بالغثيان.  شارنوزام دواعي الاستعمال ما هى؟  تستخدم كبسولات شارنوزام في الحالات الآتية:  القولون العصبي.  انتفاخ البطن.  الإمساك المزمن.  القولون التقرحي.  ارتجاع المرئ.  الآم المعدة.  عسر الهضم.  ما جرعة شارنوزام اقراص؟  الجرعة الموصى بها من دواء شارنوزام هي 2 كبسولة بعد الغداء، أو حسب توصيات الطبيب المختص.  كيفية استخدام شارنوزام  ينصح بتناول اقراص شارنوزام بعد الأكل مباشرة مع كمية كافية من الماء.  الجرعة المعتادة هي 2 كبسولة بعد الغداء أو حسب توصيات الطبيب.  لا تتجاوز الجرعة المحددة إلا إذا نصح الطبيب بذلك.  دواء شارنوزام الاثار الجانبية ما هى؟  شارنوزام كبسولات من المكملات الغذائية الطبيعية الآمنة ولكن في بعض الحالات قد تحدث بعض الآثار الجانبية وتشمل ما يلي:  اضطرابات في المعدة.  غثيان بسيط.  إسهال أو إمساك مؤقت.  تفاعلات تحسسية (نادرة) ومن أعراضها الحكة، والطفح الجلدي، والتورم الخفيف في الوجه أو الشفتين.  ما موانع استعمال charnozam؟  يمنع استخدام كبسولات شارنوزام للقولون في الحالات الآتية:   فرط الحساسية تجاه أحد مكونات الدواء.  لا توجد معلومات كافية تؤكد سلامة المكونات على الحوامل أو المرضعات، لذلك يجب استشارة الطبيب قبل الاستخدام.  الفحم النشط قد يقلل من امتصاص بعض الأدوية، لذا يجب الفصل بينه وبين أي دواء آخر بفاصل زمني لا يقل عن ساعتين.  ما بديل شارنوزام للقولون؟  أوكاربون أقراص eucarbon tablets.  نيوكاربون كبسول neocarbon capsule.  فلاتيديل أقراص للمضغ flatidyl.  ديسفلاتيل أقراص disflatyl.  جليكودال أقراص glycodal.  كم سعر كبسولات شارنوزام في مصر ؟  يبلغ سعر شارنوزام في مصر (charnozam 30 caps) حوالي 190 جنيه مصري.  (سعر الدواء قد يتغير تبعاً لتحديث سعره في الصيدليات)  شارنوزام اضراره ما هى؟  برشام شارنوزام هو مكمل عشبي يُستخدم لتخفيف أعراض القولون العصبي مثل الانتفاخ، والتقلصات، والغازات، ويحتوي على مكونات طبيعية، ولكن بالرغم من كونه يُعد آمنًا بشكل عام، فإن البعض قد يواجهون آثارًا جانبية محتملة، خاصة عند الاستخدام المفرط أو وجود حالات صحية معينة وتشمل هذه الآثار الجانبية ما يلي:  اضطرابات في الجهاز الهضمي.  إمساك (خاصة بسبب الفحم النشط).  غثيان خفيف أو عدم ارتياح في المعدة.  ردود فعل تحسسية (نادرة) وأعراضها الطفح الجلدي، والحكة، وتورم الشفتين أو الوجه.  الفحم النشط يمكن أن يقلل من امتصاص بعض الأدوية مثل: أدوية القلب، والفيتامينات، وموانع الحمل الفموية لذا يجب تناوله بفاصل زمني لا يقل عن ساعتين من أي دواء آخر.  نعاس أو دوخة خفيفة.  لتقليل فرص ظهور الأضرار:   يُنصح باستخدام الجرعة الموصى بها فقط.  تجنّب الاستخدام لفترات طويلة دون استشارة الطبيب.  إبلاغ الطبيب قبل البدء في استخدام علاج شارنوزام إذا كنت تتناول أدوية مزمنة.  شارنوزام قبل الأكل ولا بعده؟   يُفضل تناول حبوب شارنوزام بعد الأكل، وذلك لتقليل التهيج المحتمل في المعدة ولتحقيق أفضل فاعلية في تهدئة أعراض القولون مثل: الانتفاخ، والغازات، وتقلصات البطن.  الجرعة المعتادة لشارنوزام علاج هي كبسولتين بعد الغداء أو العشاء، في حالة نسيان الجرعة يمكنك تناولها فور تذكرها.  هل شارنوزام متوفر في الصيدليات؟  نعم، دواء شارنوزام للقولون متوفر في العديد من الصيدليات داخل مصر.,raw_specs: المواصفات
47669,ايرنو | 10كيس,irno 10sachets m9p8,95,EGP,No Brand,الفيتامينات والمكملات>الفيتامينات  والمعادن,in stock,https://chefaa.com:443/eg-ar/nowProduct/irno-10sachets-m9p8,https://cdn.chefaa.com/filters:format(webp)/public/uploads/products/irno-10sachets-eqn1-01726585611.png,https://cdn.chefaa.com/filters:format(webp)/public/uploads/products/irno-10sachets-eqn1-01726585611.png,مميزات المنتج   ايرنو | 10كيس,raw_specs: المواصفات
61018,ليمتلس هيدريت محلول جفاف limitless hydrate original | ٦ اكياس,limitless hydrate original blue raspberry sticks 3xz8,171,EGP,No Brand,الفيتامينات والمكملات>,in stock,https://chefaa.com:443/eg-ar/nowProduct/limitless-hydrate-original-blue-raspberry-6-sticks-3xz8,https://cdn.chefaa.com/filters:format(webp)/public/uploads/products/limitless-hydrate-original-blue-raspberry-6-sticks-0aqd-01750588973.png,https://cdn.chefaa.com/filters:format(webp)/public/uploads/products/limitless-hydrate-original-blue-raspberry-6-sticks-0aqd-01750588973.png,مميزات المنتج   يتميز ليمتلس هيدريت اوريجنال limitless hydrate original بما يلي: له تركيبة فعالة تدعم ترطيب الجسم ومتوافقة مع معايير منظمة الصحة العالمية. معزز بتقنية أوزمو فلو (osmo flow) مما يضمن امتصاص أسرع وفعالية أقوى. معزز بنكهة التوت الأزرق الطبيعي. خال من الجلوتين واللاكتوز. منتج آمن خالي من المواد الحافظة والألوان والنكهات الصناعية.   عن هذا المنتج     ما هو ليمتلس هيدريت اوريجينال؟  ليمتلس هيدريت اوريجينال (limitless hydrate original) هو محلول جفاف بنكهة التوت الأزرق يساعد على ترطيب الجسم بشكل مكثف وفعال  ويستخدم لتعويض الجسم بالسوائل والأملاح المعدنية التي يحتاجها.  ما مكونات limitless hydrate original؟  يحتوي hydrate limitless على:  الصوديوم (Sodium): يساهم في توازن السوائل داخل الجسم كما يمنع الجفاف الناتج عن فقدان السوائل مثل التعرق أو الإسهال.  البوتاسيوم (Potassium): يعيد توازن الإلكتروليتات في الجسم بعد فقدانها كما يمنع التشنجات العضلية والضعف العام.  الكلوريد (Chloride): يساعد على نقل الإلكترونات والأيونات بين الخلايا كما يساهم في ترطيب الجسم بفعالية.  زيليتول (Xylitol): مُحلّي طبيعي يحافظ على صحة الفم.  ما فوائد limitless hydrate original؟  يساعد ليمتلس هيدرات اوريجينال على:  ترطيب الجسم بشكل فعّال وسريع.  تعويض الجسم ما ينقصه من الأملاح والمعادن.  يوفر مصدرًا سريعًا للطاقة عند الشعور بالتعب أو بعد التمرين.  يساعد على استعادة التركيز والنشاط الجسدي والعقلي خلال اليوم، خاصة في حالات الجفاف أو الإجهاد.  له مذاق منعش وصحي.  ما طريقة استعمال ليمتلس هيدريت محلول الجفاف للكبار؟  امزج كيس واحد مع 500 مل من الماء.  يفضل تناوله بارد للحصول على طعم أفضل.  قد تحتاج إلى تناول ليمتلس هيدريت أكثر من مرة خلال اليوم أو حسب إرشادات الطبيب.  (جميع الجرعات المذكورة هي جرعات استرشادية فقط ولا يجب الاعتماد عليها إذا كنت من غير المختصين).  ما الأعراض الجانبية لدواء ليمتلس هيدرات ؟  قد تحدث بعض الآثار الجانبية نتيجة الاستخدام غير الصحيح أو فرط الاستخدام وتشمل ما يلي:  اضطرابات الجهاز الهضمي ومنها: الإسهال، والغثيان، وانتفاخ البطن، والتقلصات.  زيادة نسبة الصوديوم أو البوتاسيوم في الدم.  الشعور بالتعب أو الدوخة.  ما موانع استعمال ليمتلس هيدرات اوريجينال؟  يمنع استخدام ليمتلس هيدرات أوريجنال في الحالات الآتية:  فرط الحساسية تجاه أحد مكونات الدواء.  يجب استشارة الطبيب أولاً في الحالات التالية:  تناول أي أدوية أو الإصابة بأمراض مزمنة مثل أمراض الكبد أو الكلى.  حالة الحمل أو الرضاعة.  الحالات التي تعاني من فرط الصوديوم أو البوتاسيوم.  ما بديل ليمتلس هيدريت؟  تتضمن البدائل التي لها مفعول شبيه ما يلي:  أكياس ORS.  أكياس دريب دروب drip drop.  أكياس هيومانترا humanrtra.  إكسترا لايت أكياس xtralyte.  هيرو أو أر أس hero ORS.  سعر ليمتلس هيدريت   سعر ليمتلس هيدريت اوريجنال (limitless hydrate original 6 sticks) حوالي 171 جنيه مصري.  (سعر الدواء قد يتغير تبعاً لتحديث سعره في الصيدليات).,raw_specs: المواصفات
30569,سوبر سيز | زيت كبد سمك القد | 30كبسوله,super seas cod liver oil 30cap nlti,120,EGP,No Brand,الفيتامينات والمكملات>,in stock,https://chefaa.com:443/eg-ar/nowProduct/super-seas-cod-liver-oil-30cap-nlti,https://cdn.chefaa.com/filters:format(webp)/public/uploads/products/super-seas-cod-liver-oil-30cap-k2wt-01686500109.png,https://cdn.chefaa.com/filters:format(webp)/public/uploads/products/super-seas-cod-liver-oil-30cap-k2wt-01686500109.png,مميزات المنتج   سوبر سيز | زيت كبد سمك القد | 30كبسوله,raw_specs: المواصفات
4593,ستيفيا | بديل سكر | 60 كيس,stevia castello 60sachets,175,EGP,ماكس ماصل,الفيتامينات والمكملات>المكملات الغذائية,in stock,https://chefaa.com:443/eg-ar/nowProduct/stevia-castello-60sachets,https://cdn.chefaa.com/filters:format(webp)/public/uploads/products/stevia-castello-60sachets-01723029258.png,https://cdn.chefaa.com/filters:format(webp)/public/uploads/products/stevia-castello-60sachets-01723029258.png,مميزات المنتج   ستيفيا | بديل سكر | 60 كيس   عن هذا المنتج     متسيبش الدايت يحكم عليك تمنع السكر عن الأكل و مشروباتك المفضلة، وبدله ببديل آمن خالي من السعرات الحرارية. مستخلص من نبات الستيفيا، وبدون مرارة، هتحلى بيها من غير زيادة في الوزن.,ماركة: ماكس ماصل
25232,سنترم مكمل غذائي للبالغين | 30 قرص,centrum adult 30tab mgqo,265,EGP,سنترم,الفيتامينات والمكملات>المكملات الغذائية,in stock,https://chefaa.com:443/eg-ar/nowProduct/centrum-adult-30tab-mgqo,https://cdn.chefaa.com/filters:format(webp)/public/uploads/products/centrum-adult-30tab-mgqo-01764162681.png,https://cdn.chefaa.com/filters:format(webp)/public/uploads/products/centrum-adult-30tab-mgqo-01764162681.png,مميزات المنتج   سنترم | للبالغين | 30 قرص   عن هذا المنتج     سنترم هو مكمل غذائي يومي متعدد الفيتامينات مليء بالعناصر الغذائية الأساسية للاستجابة لاحتياجات الجسم وتعزيزالصحة.* مكوناته عالية الجودة مدعومة ب 40 عاما من الدراسات عن التغذية من العلامة التجارية رقم 1 للفيتامينات المتعددة. يتكون من 26 من المغذيات الدقيقة الرئيسية للمساعدة في دعم مستويات الطاقة اليومية، ودعم وظيفة المناعة الطبيعية، والمساعدة في عملية التمثيل الغذائي للمغذيات الكبرى في الجسم. لم يتم تقييم هذا البيان من قبل من إدارة الغذاء والدواء. هذا المنتج غير مخصص لتشخيص أو علاج أو علاج أو منع أي مرض. تدعم فيتامينات ب الاحتياجات اليومية من الطاقة. الفيتامينات C و E تدعم وظيفة المناعة الطبيعية. تساعد فيتامينات ب في عملية التمثيل الغذائي للدهون والكربوهيدرات والبروتينات.,ماركة: سنترم
47591,فيكسيا | في وايت مكملات مضادة للاكسدة | 30 كبسولة,veexia vee white antioxidant dietary supplements caps 4yxw,530,EGP,No Brand,الفيتامينات والمكملات>المكملات الغذائية,in stock,https://chefaa.com:443/eg-ar/nowProduct/veexia-vee-white-antioxidant-dietary-supplements-30-caps-4yxw,https://cdn.chefaa.com/filters:format(webp)/public/uploads/products/veexia-vee-white-antioxidant-dietary-supplements-30-caps-mddv-01726556718.png,https://cdn.chefaa.com/filters:format(webp)/public/uploads/products/veexia-vee-white-antioxidant-dietary-supplements-30-caps-mddv-01726556718.png,مميزات المنتج   فيكسيا | في وايت مكملات مضادة للاكسدة | 30 كبسولة,raw_specs: المواصفات
62546,ليمتلس بي اي ايه بلس | 20 قرص,limitless plus tab xtNC,175,EGP,ليمتلس ناتشورال,الفيتامينات والمكملات>المكملات الغذائية,in stock,https://chefaa.com:443/eg-ar/nowProduct/limitless-p-e-a-plus-20-tab-xtNC,https://cdn.chefaa.com/filters:format(webp)/public/uploads/products/limitless-p-e-a-plus-20-tab-xtnc-01756080694.png,https://cdn.chefaa.com/filters:format(webp)/public/uploads/products/limitless-p-e-a-plus-20-tab-xtnc-01756080694.png,مميزات المنتج   ليمتلس بي اي ايه بلس | 20 قرص,ماركة: ليمتلس ناتشورال
54320,لينكس كومبلكس | 14 كبسولة,linex complex caps cpql,330,EGP,لينكس,الفيتامينات والمكملات>الفيتامينات  والمعادن,in stock,https://chefaa.com:443/eg-ar/nowProduct/linex-complex-14-caps-cpql,https://cdn.chefaa.com/filters:format(webp)/public/uploads/products/linex-complex-14-caps-nefr-01732104472.png,https://cdn.chefaa.com/filters:format(webp)/public/uploads/products/linex-complex-14-caps-nefr-01732104472.png,مميزات المنتج   لينكس كومبلكس | 14 كبسولة   عن هذا المنتج     لينكس كومبلكس هو مكمل غذائي يحتوي على بكتيريا بروبيوتيك لاكتوباسيلاس رامانوسوس جي جي، التي تُعتبر من أفضل الأنواع المدروسة في العالم، بالإضافة إلى فيتامين ب1، فيتامين ب2، فيتامين ب6 والزنك.,ماركة: لينكس
60933,دوزوفا ناد+ 300مجم | 30 كبسولة,dozova nad 300mg caps ipll,294,EGP,No Brand,الفيتامينات والمكملات>الفيتامينات  والمعادن,in stock,https://chefaa.com:443/eg-ar/nowProduct/dozova-nad-300mg-30-caps-ipll,https://cdn.chefaa.com/filters:format(webp)/public/uploads/products/dozova-nad-300mg-30-caps-0yuc-01750340592.png,https://cdn.chefaa.com/filters:format(webp)/public/uploads/products/dozova-nad-300mg-30-caps-0yuc-01750340592.png,مميزات المنتج   دوزوفا ناد+ 300مجم | 30 كبسولة	   عن هذا المنتج     دوزوفا NAD+ نيكوتيناميد ريبوسايد نيكوتيناميد ريبوسايد هو أحد أفراد عائلة فيتامين B3،وهو مصدر لفيتامين B3 و لمركب نيكوتيناميد أدينين ثنائي النوكليوتيد (NAD+)، وهو جزيء أساسي يوجد في كل خلية في الجسم. أثبتت الدراسات السريرية أنه يعمل علي زيادة بشكل ملحوظ من مستويات NAD+. الفوائد الرئيسية: يعزز صحة البشرة يدعم إنتاج الكولاجين ويحسن مرونة الجلد يساهم في إصلاح الحمض النووي وتجديد الخلايا يحارب الشيخوخة المبكرة ويحافظ على وظائف الخلايا الشابة يعزز الطاقة الخلوية يدعم وظائف الميتوكوندريا يساهم في تعزيز صحة الدماغ ودعم الوظائف الإدراكية الجرعة الموصى بها (فوق 18 سنة): 300 مجم مرة واحدة يوميًا، ويفضل في الصباح مع أو بدون طعام,raw_specs: المواصفات
50133,ناو | فيتامين دى3 و كى 2 | 1000وحدة دولية/ 45مجم | 120 كبسولة نباتية,now vitamin and iu45mcg 120caps mzq5,1450,EGP,No Brand,الفيتامينات والمكملات>,in stock,https://chefaa.com:443/eg-ar/nowProduct/now-vitamin-d3-and-k2-1000-iu45mcg-120caps-mzq5,https://cdn.chefaa.com/filters:format(webp)/public/uploads/products/now-vitamin-d3-and-k2-1000-iu45mcg-120caps-cd1b-01730824035.png,https://cdn.chefaa.com/filters:format(webp)/public/uploads/products/now-vitamin-d3-and-k2-1000-iu45mcg-120caps-cd1b-01730824035.png,مميزات المنتج   ناو | فيتامين دى3 و كى 2 | 1000وحدة دولية/ 45مجم | 120 كبسولة نباتية,raw_specs: المواصفات
10612,اميوجارد مسحوق نكهة الفانيليا | 14 كيس,immuguard strengthen immunity 14sach qjyy,195,EGP,No Brand,الفيتامينات والمكملات>المكملات الغذائية,in stock,https://chefaa.com:443/eg-ar/nowProduct/immuguard-to-strengthen-immunity-14sach-qjyy,https://cdn.chefaa.com/filters:format(webp)/public/uploads/products/immuguard-to-strengthen-immunity-14sach-qjyy-01724153836.png,https://cdn.chefaa.com/filters:format(webp)/public/uploads/products/immuguard-to-strengthen-immunity-14sach-qjyy-01724153836.png,مميزات المنتج   تقوية مناعة الأطفال ضد الأمراض.   عن هذا المنتج     تزويد مناعة الطفل من النزلات المعوية المتكررة و الاسهال والترجيع المستمر، وكذلك نزلات البرد والنزلات الشعبية ذات مفعول علاجي ووقائي في نفس الوقت فيكون في حالة هذه الحالة يوصف إميوجارد خاصة للأطفال.   الجرعة وطريقة الاستخدام:   جرعة البالغين:     الوقاية من التهابات الجهاز التنفسي للأشخاص الذين يمارسون الرياضة: 10-20 جرامًا يوميًا لمدة من 8-12 أسبوعًا.   الإسهال لدى الأشخاص المصابين بفيروس نقص المناعة المكتسبة: 10-30 جرامًا من 1-4 مرات يوميًا.   الأنفلونزا: 400 مجم من الأكياس لمدة 8 أسابيع.     جرعة اميوجارد للاطفال:     الإسهال المعدي: 7 جرام 3 مرات يوميًا لمدة 14 يومًا.   الوقاية من الإسهال المعدي: 3 جرام مرة واحدة يوميًا لمدة 4 أسابيع في الأطفال من 1-2 عامًا، و3 جرام مرتين يوميا لمدة 4 أسابيع في الأطفال الذين تتراوح أعمارهم بين 2-6 سنوات.   إسهال الروتا فيروس: 10 جرام من بودرة اميوجارد يوميًا لمدة 4 أيام.     دواعي الاستعمال:     تقوية مناعة الأطفال ضد الأمراض.  الحماية من الإصابة بالعدوى.   الوقاية من الإصابة بعدوى الجهاز التنفسى ونزلات البرد.   علاج حالات الإسهال الحادة، ويقلل من فرص الإصابة بالعدوى الفيروسية المسببة للإسهال.   تحسين وتقوية الذاكرة.   تحسين نمو الأطفال بصورة سليمة.   علاج النحافة ونقص الوزن الناتج عن سبب غير عضوى.,raw_specs: المواصفات
28622,ايرون جلوور ماكس | 30 قرص,ironglor max tabs e9ls,195,EGP,No Brand,الفيتامينات والمكملات>المكملات الغذائية,in stock,https://chefaa.com:443/eg-ar/nowProduct/ironglor-max-30-tabs-e9ls,https://cdn.chefaa.com/filters:format(webp)/public/uploads/products/ironglor-max-30-tabs-e9ls-01729676261.png,https://cdn.chefaa.com/filters:format(webp)/public/uploads/products/ironglor-max-30-tabs-e9ls-01729676261.png,مميزات المنتج   ايرون جلوور ماكس | 30 قرص,raw_specs: المواصفات
53880,30 كبسولة | فيكسيا | ڤي بي كومبلكس مكمل غذائي لدعم الجهاز العصبي ووظيفة الدماغ مع فيتامين ج,veexia vee bcomplex energy production brain function nervous system support supplement with vitamin gmo free gluten free soy freeZivw,180,EGP,No Brand,الفيتامينات والمكملات>,in stock,https://chefaa.com:443/eg-ar/nowProduct/veexia-vee-bcomplex-energy-production-brain-function--nervous-system-support-supplement-with-vitamin-c--gmo-free-gluten-free-soy-freeZivw,https://cdn.chefaa.com/filters:format(webp)/public/uploads/products/veexia-vee-bcomplex-energy-production-brain-function-nervous-system-support-supplement-with-vitamin-c-gmo-free-gluten-free-soy-freezivw-01735996788.png,https://cdn.chefaa.com/filters:format(webp)/public/uploads/products/veexia-vee-bcomplex-energy-production-brain-function-nervous-system-support-supplement-with-vitamin-c-gmo-free-gluten-free-soy-freezivw-01735996788.png,مميزات المنتج   30 كبسولة | فيكسيا | ڤي بي كومبلكس مكمل غذائي لدعم الجهاز العصبي ووظيفة الدماغ مع فيتامين ج,raw_specs: المواصفات
26411,دايت سويت | 350 قرص,diet sweet tab 6ybe,74,EGP,No Brand,الفيتامينات والمكملات>,in stock,https://chefaa.com:443/eg-ar/nowProduct/diet-sweet-350-tab-6ybe,https://cdn.chefaa.com/filters:format(webp)/public/uploads/products/diet-sweet-350-tab-6ybe-01736858022.png,https://cdn.chefaa.com/filters:format(webp)/public/uploads/products/diet-sweet-350-tab-6ybe-01736858022.png,مميزات المنتج   دايت سويت | 350 قرص   عن هذا المنتج     دايت سويت | 350 قرص,raw_specs: المواصفات
60795,سليفار | 30 كبسولة,sleevar caps wbpm,350,EGP,سليفار,الفيتامينات والمكملات>المكملات الغذائية,in stock,https://chefaa.com:443/eg-ar/nowProduct/sleevar-30-caps-wbpm,https://cdn.chefaa.com/filters:format(webp)/public/uploads/products/sleevar-30-caps-wbpm-01768130649.png,https://cdn.chefaa.com/filters:format(webp)/public/uploads/products/sleevar-30-caps-wbpm-01768130649.png,"مميزات المنتج   سليفار | 30 كبسولة   عن هذا المنتج     ""سليفار مكمل غذائي يحتوي على أكثر من 20 فيتامين ومعدن أساسيين لصحة الجسم : يُستخدم في حالات سوء التغذية الحميات الغذائية وبعد عمليات السمنة نقص المعادن والفيتامينات في الجسم : المكونات  :الفيتامينات  ب 1  ب 2  ب 3  ب 6 ب 5 ب 9  ب 7  ب 12 فيتامين E فيتامين A فيتامين K1  فيتامين C   فيتامين D3  المعادن  الماغنيسيوم  البوتاسيوم  الزنك  النحاس  السيليوم الفوسفور   المنجنيز  اليود  العبوة تحتوي على 30 كبسولة جيلاتينية : الجرعة والاستخدام  كبسولة واحدة يوميًا بعد الوجبة الرئيسية  :  ملحوظات  غير مناسب للحوامل  مناسب لمرضى الضغط والقلب والسكر""",ماركة: سليفار
26136,سويتال | سكر بودرة | 250جم,sweetal powdered sugar encs,140,EGP,No Brand,الفيتامينات والمكملات>,in stock,https://chefaa.com:443/eg-ar/nowProduct/sweetal-powdered-sugar-250-gm-encs,https://cdn.chefaa.com/filters:format(webp)/public/uploads/products/sweetal-powdered-sugar-250-gm-encs-01671352619.png,https://cdn.chefaa.com/filters:format(webp)/public/uploads/products/sweetal-powdered-sugar-250-gm-encs-01671352619.png,مميزات المنتج   سويتال | سكر بودرة | 250جم   عن هذا المنتج     سويتال | سكر بودرة | 250جم,raw_specs: المواصفات
47668,تيندوكال | 15كيس,tendocal 15sachets oq8c,99,EGP,No Brand,الفيتامينات والمكملات>الفيتامينات  والمعادن,in stock,https://chefaa.com:443/eg-ar/nowProduct/tendocal-15sachets-oq8c,https://cdn.chefaa.com/filters:format(webp)/public/uploads/products/tendocal-15sachets-hfo4-01726583233.png,https://cdn.chefaa.com/filters:format(webp)/public/uploads/products/tendocal-15sachets-hfo4-01726583233.png,مميزات المنتج   تيندوكال | 15كيس,raw_specs: المواصفات
52921,ناو | مكمل غذائي أوميغا 3 لدعم القلب والأوعية الدموية والدماغ | 90 كبسولة هلامية,now ultra omega3 cardiovascular brain support supplement gmo free gluten freeHH5w,2100,EGP,No Brand,الفيتامينات والمكملات>المكملات الغذائية,in stock,https://chefaa.com:443/eg-ar/nowProduct/now-ultra-omega3-cardiovascular--brain-support-supplement--gmo-free-gluten-freeHH5w,https://cdn.chefaa.com/filters:format(webp)/public/uploads/products/now-ultra-omega3-cardiovascular-brain-support-supplement-gmo-free-gluten-freehh5w-01736083953.png,https://cdn.chefaa.com/filters:format(webp)/public/uploads/products/now-ultra-omega3-cardiovascular-brain-support-supplement-gmo-free-gluten-freehh5w-01736083953.png,مميزات المنتج   ناو | مكمل غذائي أوميغا 3 لدعم القلب والأوعية الدموية والدماغ | 90 كبسولة هلامية,raw_specs: المواصفات
47593,فيكسيا | في كير مكمل غذائي بالبيوتين والكولاجين البحري | 30 كبسولة,veexia vee care dietary supplement with biotin marine collagen caps rxli,340,EGP,No Brand,الفيتامينات والمكملات>المكملات الغذائية,in stock,https://chefaa.com:443/eg-ar/nowProduct/veexia-vee-care-dietary-supplement-with-biotin-marine-collagen-30-caps-rxli,https://cdn.chefaa.com/filters:format(webp)/public/uploads/products/veexia-vee-care-dietary-supplement-with-biotin-marine-collagen-30-caps-gnpm-01726557543.png,https://cdn.chefaa.com/filters:format(webp)/public/uploads/products/veexia-vee-care-dietary-supplement-with-biotin-marine-collagen-30-caps-gnpm-01726557543.png,مميزات المنتج   فيكسيا | في كير مكمل غذائي بالبيوتين والكولاجين البحري | 30 كبسولة,raw_specs: المواصفات
34100,الفافيم مكمل غذائي 300مج | 20 كبسولة,alphavim tabs vsf2,160,EGP,كوباد فارما,الفيتامينات والمكملات>المكملات الغذائية,in stock,https://chefaa.com:443/eg-ar/nowProduct/alphavim-300-mg-20-tabs-vsf2,https://cdn.chefaa.com/filters:format(webp)/public/uploads/products/alphavim-300-mg-20-tabs-vsf2-01721289366.png,https://cdn.chefaa.com/filters:format(webp)/public/uploads/products/alphavim-300-mg-20-tabs-vsf2-01721289366.png,مميزات المنتج   الفافيم مكمل غذائي 300مج | 20 كبسولة,ماركة: كوباد فارما
49742,سيلزى فيتامين د 3 نقط بالفم 250 وحدة دولية/قطرة | 10مل,silzi vitamin oral drops 10ml nnz7,120,EGP,ساندوز,الفيتامينات والمكملات>الفيتامينات  والمعادن,in stock,https://chefaa.com:443/eg-ar/nowProduct/silzi-vitamin-d3-oral-drops-10ml-nnz7,https://cdn.chefaa.com/filters:format(webp)/public/uploads/products/silzi-vitamin-d3-oral-drops-10ml-nnz7-01732106820.png,https://cdn.chefaa.com/filters:format(webp)/public/uploads/products/silzi-vitamin-d3-oral-drops-10ml-nnz7-01732106820.png,مميزات المنتج   سيلزى فيتامين د 3 نقط بالفم 250 وحدة دولية/قطرة | 10مل   عن هذا المنتج     سيلزي دي 3 قطرة فموية هي فيتامين د مستورد من إيطاليا ومصنوع بشكل زيتي، يُستخدم لدعم النمو والتطور الطبيعي للعظام لدى الرضع والأطفال,ماركة: ساندوز
27787,كالسي ماكس 600مجم | 30 قرص,calci max 600mg 30tab vqrk,99,EGP,No Brand,الفيتامينات والمكملات>,in stock,https://chefaa.com:443/eg-ar/nowProduct/calci-max-600mg-30tab-vqrk,https://cdn.chefaa.com/filters:format(webp)/public/uploads/products/calci-max-600mg-30tab-j1bg-01673294601.png,https://cdn.chefaa.com/filters:format(webp)/public/uploads/products/calci-max-600mg-30tab-j1bg-01673294601.png,مميزات المنتج   كالسي ماكس 600مجم | 30 قرص,raw_specs: المواصفات
29481,فورمامى | 30 كبسولة,formamy tablets 5d5n,175,EGP,أوركيديا,الفيتامينات والمكملات>المكملات الغذائية,in stock,https://chefaa.com:443/eg-ar/nowProduct/formamy-30-tablets-5d5n,https://cdn.chefaa.com/filters:format(webp)/public/uploads/products/formamy-30-tablets-5d5n-01756810220.png,https://cdn.chefaa.com/filters:format(webp)/public/uploads/products/formamy-30-tablets-5d5n-01756810220.png,مميزات المنتج   فورمامى | 30 كبسولة,ماركة: أوركيديا
31608,جروث فورمولا | للحوامل بالشيكولاته | 250 جم,growth formula for pregnant woman vanilla 250g 7dsg,179.5,EGP,No Brand,الفيتامينات والمكملات>المكملات الغذائية,in stock,https://chefaa.com:443/eg-ar/nowProduct/growth-formula-for-pregnant-woman-vanilla-250g-7dsg,https://cdn.chefaa.com/filters:format(webp)/public/uploads/products/growth-formula-for-pregnant-woman-vanilla-250g-7dsg-01723110637.png,https://cdn.chefaa.com/filters:format(webp)/public/uploads/products/growth-formula-for-pregnant-woman-vanilla-250g-7dsg-01723110637.png,مميزات المنتج   جروث فورمولا  | للحوامل بالشيكولاته | 250 جم,raw_specs: المواصفات
4596,ستيفيا | سكر بودرة | 300جم,stevia castello powder 300g,300,EGP,ماكس ماصل,الفيتامينات والمكملات>المكملات الغذائية,in stock,https://chefaa.com:443/eg-ar/nowProduct/stevia-castello-powder-300g,https://cdn.chefaa.com/filters:format(webp)/public/uploads/products/16061257558437005602526png,https://cdn.chefaa.com/filters:format(webp)/public/uploads/products/16061257558437005602526png,عن هذا المنتج         متسيبش الدايت يحكم عليك تمنع السكر عن الأكل و مشروباتك المفضلة، وبدله ببديل آمن خالي من السعرات الحرارية.   مستخلص من نبات الستيفيا، وبدون مرارة، هتحلى بيها من غير زيادة في الوزن.,ماركة: ماكس ماصل
46912,داركوفيدا | مكمل غذائي للشعر | 30 كبسولة,darkovida dietary supplement for hair capsules gndp,340,EGP,No Brand,الفيتامينات والمكملات>المكملات الغذائية,in stock,https://chefaa.com:443/eg-ar/nowProduct/darkovida-dietary-supplement-for-hair-30-capsules-gndp,https://cdn.chefaa.com/filters:format(webp)/public/uploads/products/darkovida-dietary-supplement-for-hair-30-capsules-igzf-01725878375.png,https://cdn.chefaa.com/filters:format(webp)/public/uploads/products/darkovida-dietary-supplement-for-hair-30-capsules-igzf-01725878375.png,عن هذا المنتج     داركوفيدا | مكمل غذائي للشعر | 30 كبسولة,raw_specs: المواصفات
30814,مارنيز | رويال بروفايت 5000 | 10زجاجة,marnys royal provite 10vials raeh,550,EGP,No Brand,الفيتامينات والمكملات>,in stock,https://chefaa.com:443/eg-ar/nowProduct/marnys-royal-provite-5000-10vials-raeh,https://cdn.chefaa.com/filters:format(webp)/public/uploads/products/marnys-royal-provite-5000-10vials-vzpk-01687116812.png,https://cdn.chefaa.com/filters:format(webp)/public/uploads/products/marnys-royal-provite-5000-10vials-vzpk-01687116812.png,مميزات المنتج   مارنيز | رويال بروفايت 5000 | 10زجاجة,raw_specs: المواصفات
52916,ناو | مكمل غذائي إل تريبتوفان 500 مجم | 60 كبسولة نباتية,now 500mg ltryptophan supplement gmo free preservatives free perfumes freeHcOp,1220,EGP,No Brand,الفيتامينات والمكملات>المكملات الغذائية,in stock,https://chefaa.com:443/eg-ar/nowProduct/now-500mg-ltryptophan-supplement--gmo-free-preservatives-free-perfumes-freeHcOp,https://cdn.chefaa.com/filters:format(webp)/public/uploads/products/now-500mg-ltryptophan-supplement-gmo-free-preservatives-free-perfumes-freehcop-01736151247.png,https://cdn.chefaa.com/filters:format(webp)/public/uploads/products/now-500mg-ltryptophan-supplement-gmo-free-preservatives-free-perfumes-freehcop-01736151247.png,مميزات المنتج   ناو | مكمل غذائي إل تريبتوفان 500 مجم | 60 كبسولة نباتية,raw_specs: المواصفات
34808,أقراص كوبا فوليك للحامل cobafolic | ٣٠ قرص,cobafolic tabs sqri,165,EGP,No Brand,الفيتامينات والمكملات>المكملات الغذائية,in stock,https://chefaa.com:443/eg-ar/nowProduct/cobafolic-tabs-sqri,https://cdn.chefaa.com/filters:format(webp)/public/uploads/products/cobafolic-tabs-sqri-01726918898.png,https://cdn.chefaa.com/filters:format(webp)/public/uploads/products/cobafolic-tabs-sqri-01726918898.png,مميزات المنتج   كوبا فوليك أقراص (cobafolic) المنتج الأول في مصر الذي يحتوي على الجيل الرابع من الفوليك أسيد النشط (كواتريفوليك) بالإضافة إلى فيتامين ب12، ويستخدم لتعويض نقص الفولات في الدم كذلك أثناء فترة الحمل لتجنب حدوث مشكلات للأم أو الجنين.   عن هذا المنتج     ما مكونات كوبافوليك؟   تحتوي كوبا فوليك اقراص على:  حمض الفوليك (Quatrefolic): الشكل النشط من الفولات وهو أكثر قابلية للذوبان في الماء 100 مرة من صيغ الفولات التقليدية مما يحسن امتصاصه بشكل أكبر، وهو يساهم في تكوين خلايا الدم الحمراء، ويدعم تكوين الحمض النووي (DNA)، كما يحمي الجنين من التشوهات الخلقية وخاصة عيوب الأنبوب العصبي، ويساعد على تجديد الخلايا ونمو الأنسجة أثناء الحمل.  فيتامين ب12 (ميثيل كوبالامين): يدعم تكوين كريات الدم الحمراء والوقاية من الأنيميا، ويحافظ على صحة الأعصاب والوظائف العصبية، كما يساهم في إنتاج الطاقة، كذلك يعمل مع حمض الفوليك على تحسين انقسام الخلايا وتطور الجهاز العصبي للجنين.  ما دواعي استعمال كوبا فوليك مكمل غذائي؟  يستخدم برشام كوبافوليك في:   تقليل خطر حدوث تشوهات الأنبوب العصبي عند تناوله يوميًا قبل الحمل بثلاثة أشهر على الأقل وأثناء الحمل المبكر.  دعم التطور الطبيعي للدماغ والحبل الشوكي للجنين.  تكوين خلايا الدم الحمراء وتقليل خطر الإصابة بفقر الدم (Megaloblastic anemia).  تقليل خطر الإصابة باضطرابات القلب والأوعية الدموية (CVS) من خلال خفض خطر فرط الهوموسيستين في الدم.  دعم قدرة الجسم على استقلاب العناصر الغذائية.  يساهم في إنتاج الطاقة بالجسم.  يساعد على دعم وظائف جهاز المناعة.  يساهم في الوقاية من نقص حمض الفوليك وفيتامين B12.  ما جرعة كوبا فوليك للحامل؟  الجرعة الموصى بها من برشام كوبا فوليك للحامل هي قرص واحد يومياً أو حسب توصيات الطبيب.  (جميع الجرعات المذكورة هي جرعات استرشادية فقط ولا يجب الاعتماد عليها لتحديد جرعتك إذا كنت من غير المختصين).  ما الأعراض الجانبية لبرشام كوبا فوليك؟  تعد كوبا فوليك أقراص آمنة لدى معظم الأشخاص عند الالتزام بالجرعة الموصى بها، لكن في بعض الحالات قد تظهر بعض الأعراض الجانبية الطفيفة ومن ضمنها:   صداع أو دوخة خفيفة.  غثيان أو اضطراب بالمعدة.  إسهال أو إمساك بسيط.  اضطراب في التركيز.  رد فعل تحسسي (نادر الحدوث) ومن أعراضه: الطفح الجلدي، صعوبة التنفس، تورم الوجه والشفتين.  ما موانع استعمال cobafolic tab ؟  يمنع استخدام cobafolic 30 tabs في الحالات الآتية:   فرط الحساسية تجاه الفوليك أسيد.  في حالات نقص فيتامين ب12 غير المعالج، لأن ذلك قد يُخفي أعراض فقر الدم الناجم عن نقص فيتامين ب12، ما يسبب تلفاً عصبيًا دائماً.   في يعض حالات السرطان النشط، إلا إذا كان ذلك تحت إشراف طبي دقيق، نظرًا لأن دعم انقسام الخلايا قد يكون غير مرغوب في بعض أنواع الأورام.  أخبر الطبيب في حالة تناول أحد أدوية الصرع.  ما بديل cobafolic اقراص؟  فوليك أسيد أقراص Folic acid.  كوبال ف cobal f.  فوليكاب folicap.  سيدرال فوليك أكياس sideral.  أكتي فوليك acti folic.  هل كوبا فوليك يساعد على الحمل؟  لا يوجد دليل على أن حمض الفوليك يزيد الخصوبة أو يسبب الحمل بشكل مباشر، لكنه يحسن ظروف الحمل الصحي بمجرد حدوث الحمل.  بداية، يدعم حمض الفوليك نمو البويضات بشكل صحي وصحة الخصوبة بشكل عام، مما قد يحسن فرص الحمل الناجح، ولكن تتمثل الفائدة الأساسية له في دوره في الوقاية من عيوب الأنبوب العصبي وغيرها من العيوب الخلقية الخطيرة في المراحل المبكرة من نمو الجنين، كما يقلل من مخاطر الإجهاض الناجم عن عيوب الأنبوب العصبي ويدعم نمو المشيمة المبكر.  يُنصح النساء ببدء تناول مكملات حمض الفوليك قبل 3 أشهر من محاولة الحمل لبناء مستويات صحية من حمض الفوليك.  لماذا تستخدم حبوب كوبا فوليك؟  حبوب كوبا فوليك تُستخدم كمكمل غذائي أساسي خاصة للنساء في فترة ما قبل الحمل وأثناءه، وذلك للأسباب التالية:   الوقاية من تشوهات الأنبوب العصبي عند الجنين عند تناوله قبل الحمل وخلال الأشهر الأولى.  دعم تطور الدماغ والحبل الشوكي للجنين.  دعم تكوين خلايا الدم الحمراء والوقاية من فقر الدم.  تقليل خطر أمراض القلب والأوعية الدموية من خلال خفض مستويات الهوموسيستين.  تحسين التمثيل الغذائي للطاقة ودعم إنتاج الطاقة.  دعم وظائف الجهاز المناعي.  الوقاية من نقص حمض الفوليك وفيتامين B12 في الجسم.,raw_specs: المواصفات
60797,سليفار اكياس بطعم البرتقال | 20 كيس,sleevar sachets orange flavor sachs uku8,350,EGP,سليفار,الفيتامينات والمكملات>المكملات الغذائية,in stock,https://chefaa.com:443/eg-ar/nowProduct/sleevar-sachets-orange-flavor-20-sachs-uku8,https://cdn.chefaa.com/filters:format(webp)/public/uploads/products/sleevar-sachets-orange-flavor-20-sachs-1rkt-01744113345.png,https://cdn.chefaa.com/filters:format(webp)/public/uploads/products/sleevar-sachets-orange-flavor-20-sachs-1rkt-01744113345.png,مميزات المنتج   سليفار اكياس بطعم البرتقال | 20 كيس   عن هذا المنتج     اول  مالتي فيتامين  يحتوي علي اكتر من 20 فيتامين و معادن  بالتركيزات المثاليه لصحه الجسم  و يساعد علي التركيز  الجرعه : 1 كيس سليفار علي زجاجه  صغيره من الماء,ماركة: سليفار
2210,جروث فورميلا للحوامل لزيادة الوزن نكهة الفانيليا | 10 أكياس,growth formula for pregnant women sachets,179.5,EGP,بيو فارما,الفيتامينات والمكملات>المكملات الغذائية,in stock,https://chefaa.com:443/eg-ar/nowProduct/growth-formula-for-pregnant-women-10-sachets,https://cdn.chefaa.com/filters:format(webp)/public/uploads/products/growth-formula-for-pregnant-women-10-sachets-01723110543.png,https://cdn.chefaa.com/filters:format(webp)/public/uploads/products/growth-formula-for-pregnant-women-10-sachets-01723110543.png,"مميزات المنتج   جروث فورميلا للحوامل Growth Formula مكمل غذائي لعلاج النحافة وضعف الوزن ، يعمل على مد جسمك بكل العناصر الغذائية التي يحتاجها للنمو ، وهو متوفر بالعديد من النكهات اللذيذة   عن هذا المنتج     مكونات جروث فورميلا للحوامل يحتوي جروث فورميلا للحامل على: نشويات صحية . بروتين. كالسيوم. حمض الفوليك. 9 أنواع من الفيتامينات. 7 أنواع من المعادن. فوائد جروث فورميلا للحامل يستعمل ككمل غذائي بغرض: يمد جسم الأم بالمغذيات الضرورية لها لحمل صحي ومثالي. مصدر أساسي لتوفير الطاقة والتغذية المناسبة للحامل. تحسين قدرة الحامل على ممارسة أنشطتها اليومية. دعم وتقوية الجسم لنمو أفضل للجنين. دعم وتحسين صحة الجسم أثناء فترة الرضاعة. الحد من الشعور بالتعب والإجهاد. جرعة جروث فورميلا لزيادة الوزن كيس من 2-3 مرة يوميًا وفقًا لاحتياجات الجسم وما يحدده الطبيب. طريقة استعمال جروث فورميلا للحامل يوضع كيس من جروث فورميلا للحوامل على نصف كوب ماء أو لبن أو عصير ويتم تناوله من مرتين لثلاث مرات يوميا بعد الأكل. بديل جروث فورميلا  growth formula  ايليفت Elevit. بريجناكير Pregnacare. مامي فيتال Mamy Vital. فيتامين بريجناكير للحامل  ليمتليس بريناتال ماكس مكمل غذائي للحامل سعر جروث فورميلا للحوامل  growth formula سعره  حوالى 159 جنيه.  ""جروث فورميلا سعره قد يتغير من وقت لاخر تبعاً لتغير سعره فى الصيدليات"". ما هي أنواع مكمل غذائي growth formula؟ جروث فورميلا للأطفال. جروث فورميلا للحوامل. جروث فورميلا لزيادة الوزن. جروث فورميلا للكبار. جروث فورميلا يزيد الوزن كام كيلو ؟ عند السؤال عن جروث فورميلا يزيد الوزن كام كيلو في الشهر ؟ فإن الزيادة فى الوزن تختلف تبعاً لكل حالة وعدد السعرات التى يتم تناولها فى النظام الغذائى ومعدل الحرق. متى يظهر مفعول جروث فورميلا ؟ تختلف المدة اللازمة لحدوث زيادة فى الوزن تبعاً لكل شخض وعدد السعرات التى يتم تناولها فى النظام الغذائى ومعدل الحرق. ما هى أضرار جروث فورميلا للحامل ؟ عادةً لا يسبب growth formula for pregnancy أضرار خطيرة طالما يتم استعماله كما هو موصى. مكمل غذائي جروث فورميلا قبل ولا بعد الأكل ؟ يُفضل تناول مكمل غذائي جروث فورميلا بعد الاكل حتى لا تقل الشهية عند تناوله قبل الأكل. هل جروث فورميلا يزيد الوزن ؟ أجل يساعد growth formula powder على زيادة الوزن. ما هى أطعمة جروث فورميلا للحوامل ؟ جروث فورميلا للحامل بالفانيليا وجروث فورميلا للحامل بالشوكولاته  هل جروث فورميلا للحامل يزيد وزن الجنين ؟ يحسنمكمل growth formula for pregnancy من تغذية الأم أثناء فترة الحمل مما يحسن بدوره من تغذية الجنين وزيادة نموه بشكلٍ طبيعي دون أن يسبب أي مشكلات فيما يخص وزنه. هل يمكن استعمال جروث فورميلا وديجستين معاً ؟ لا يوجد مشكلة فى استعمالهم معاً. هل جروث فورميلا يكبر الثدي ؟ يساعد growth formula على زيادة وزن الجسم بشكل عام وليس منظقى محددة. ما أفضل فيتامين لزيادة وزن الجنين ؟ جروث فورميلا للحامل مكمل غذائي فيتامين بريجناكير للحامل لدعم صحة الأم والجنين ليمتليس بريناتال ماكس مكمل غذائي للحامل",ماركة: بيو فارما
26615,ثيوتكس فورت 600مجم | 20كبسوله,thiotex forte 600mg caps aagh,255,EGP,No Brand,الفيتامينات والمكملات>,in stock,https://chefaa.com:443/eg-ar/nowProduct/thiotex-forte-600mg-20-caps-aagh,https://cdn.chefaa.com/filters:format(webp)/public/uploads/products/thiotex-forte-600mg-20-caps-aagh-01763554894.png,https://cdn.chefaa.com/filters:format(webp)/public/uploads/products/thiotex-forte-600mg-20-caps-aagh-01763554894.png,مميزات المنتج   ثيوتكس فورت 600مجم | 20كبسوله,raw_specs: المواصفات
50132,ناو | كبسولات ام اس ام | 1000مجم | 120كبسولة,now msm 1000mg 120caps 0mxj,1150,EGP,No Brand,الفيتامينات والمكملات>,in stock,https://chefaa.com:443/eg-ar/nowProduct/now-msm-1000mg-120caps-0mxj,https://cdn.chefaa.com/filters:format(webp)/public/uploads/products/now-msm-1000mg-120caps-b769-01730823556.png,https://cdn.chefaa.com/filters:format(webp)/public/uploads/products/now-msm-1000mg-120caps-b769-01730823556.png,مميزات المنتج   ناو | كبسولات ام اس ام | 1000مجم | 120كبسولة,raw_specs: المواصفات
61065,بريجتيليتي بلس | 28 كيس,pregtility plus sachet zqny,700,EGP,No Brand,الفيتامينات والمكملات>,in stock,https://chefaa.com:443/eg-ar/nowProduct/pregtility-plus-28-sachet-zqny,https://cdn.chefaa.com/filters:format(webp)/public/uploads/products/pregtility-plus-28-sachet-nfsu-01750680040.png,https://cdn.chefaa.com/filters:format(webp)/public/uploads/products/pregtility-plus-28-sachet-nfsu-01750680040.png,مميزات المنتج   بريجتيليتي بلس | 28 كيس,raw_specs: المواصفات
29832,مستر بيير بلس بطعم البرتقال | 160مل,bear plus orange flavour wzxv,145,EGP,No Brand,الفيتامينات والمكملات>الفيتامينات  والمعادن,in stock,https://chefaa.com:443/eg-ar/nowProduct/mr-bear-plus-orange-flavour-160-ml-wzxv,https://cdn.chefaa.com/filters:format(webp)/public/uploads/products/mr-bear-plus-orange-flavour-160-ml-wzxv-01719605261.png,https://cdn.chefaa.com/filters:format(webp)/public/uploads/products/mr-bear-plus-orange-flavour-160-ml-wzxv-01719605261.png,مميزات المنتج   مستر بيير بلس بطعم البرتقال | 160مل,raw_specs: المواصفات
53874,في سكين | مكمل غذائى | 30كبسولة,vee skin support supplement gmo free gluten free soy freepzRf,320,EGP,No Brand,الفيتامينات والمكملات>,in stock,https://chefaa.com:443/eg-ar/nowProduct/vee-skin-support-supplement--gmo-free-gluten-free-soy-freepzRf,https://cdn.chefaa.com/filters:format(webp)/public/uploads/products/vee-skin-support-supplement-gmo-free-gluten-free-soy-freepzrf-01735517706.png,https://cdn.chefaa.com/filters:format(webp)/public/uploads/products/vee-skin-support-supplement-gmo-free-gluten-free-soy-freepzrf-01735517706.png,مميزات المنتج   في سكين | مكمل غذائى | 30كبسولة,raw_specs: المواصفات
31463,ميمونتكس مكمل غذائي | 60 كبسولة,memontix capsules gn1f,440,EGP,No Brand,الفيتامينات والمكملات>المكملات الغذائية,in stock,https://chefaa.com:443/eg-ar/nowProduct/memontix-60-capsules-gn1f,https://cdn.chefaa.com/filters:format(webp)/public/uploads/products/memontix-60-capsules-gn1f-01696754468.png,https://cdn.chefaa.com/filters:format(webp)/public/uploads/products/memontix-60-capsules-gn1f-01696754468.png,مميزات المنتج   ميمونتكس مكمل غذائي | 60 كبسولة,raw_specs: المواصفات
53882,في فيت أورثو | 30 كبسولة,veexia vee ortho 1000mg glucosamine sulfate 1000mg chondroitin sulfate joint bone health support supplement gmo free gluten free soy freecBY7,300,EGP,No Brand,الفيتامينات والمكملات>,in stock,https://chefaa.com:443/eg-ar/nowProduct/veexia-vee-ortho-1000mg-glucosamine-sulfate--1000mg-chondroitin-sulfate-joint--bone-health-support-supplement--gmo-free-gluten-free-soy-freecBY7,https://cdn.chefaa.com/filters:format(webp)/public/uploads/products/veexia-vee-ortho-1000mg-glucosamine-sulfate-1000mg-chondroitin-sulfate-joint-bone-health-support-supplement-gmo-free-gluten-free-soy-freecby7-01732829808.png,https://cdn.chefaa.com/filters:format(webp)/public/uploads/products/veexia-vee-ortho-1000mg-glucosamine-sulfate-1000mg-chondroitin-sulfate-joint-bone-health-support-supplement-gmo-free-gluten-free-soy-freecby7-01732829808.png,مميزات المنتج   في فيت أورثو | 30 كبسولة,raw_specs: المواصفات
55130,دوزوفا فليكسيتا | 30قرص,dozova flexeta 30tabsg4UM,290,EGP,No Brand,الفيتامينات والمكملات>,in stock,https://chefaa.com:443/eg-ar/nowProduct/dozova-flexeta-30tabsg4UM,https://cdn.chefaa.com/filters:format(webp)/public/uploads/products/dozova-flexeta-30tabsg4um-01733083369.png,https://cdn.chefaa.com/filters:format(webp)/public/uploads/products/dozova-flexeta-30tabsg4um-01733083369.png,مميزات المنتج   دوزوفا فليكسيتا | 30قرص,raw_specs: المواصفات
30845,نستله | غذاء كامل بنكهة الفانيلا ريسورس جونيور | 400جم,nestle resource junior whole food vanilla flavor 400gm rj31,396,EGP,نيسلا,الفيتامينات والمكملات>,in stock,https://chefaa.com:443/eg-ar/nowProduct/nestle-resource-junior-whole-food-vanilla-flavor-400gm-rj31,https://cdn.chefaa.com/filters:format(webp)/public/uploads/products/nestle-resource-junior-whole-food-vanilla-flavor-400gm-rj31-01719675301.png,https://cdn.chefaa.com/filters:format(webp)/public/uploads/products/nestle-resource-junior-whole-food-vanilla-flavor-400gm-rj31-01719675301.png,مميزات المنتج   نستله | غذاء كامل بنكهة الفانيلا ريسورس جونيور | 400جم,ماركة: نيسلا
57002,ناو | سوبر أوميجا 3-6-9 1200 مجم | 90 كبسولة هلامية,now super omega 1200mg softgels lbik,1600,EGP,No Brand,الفيتامينات والمكملات>المكملات الغذائية,in stock,https://chefaa.com:443/eg-ar/nowProduct/now-super-omega-3-6-9-1200mg-90-softgels-lbik,https://cdn.chefaa.com/filters:format(webp)/public/uploads/products/now-super-omega-3-6-9-1200mg-90-softgels-wdyh-01734854190.png,https://cdn.chefaa.com/filters:format(webp)/public/uploads/products/now-super-omega-3-6-9-1200mg-90-softgels-wdyh-01734854190.png,مميزات المنتج   ناو | سوبر أوميجا 3-6-9 1200 مجم | 90 كبسولة هلامية,raw_specs: المواصفات
49156,ناو | سبورتس أرجينين وسيترولين | 120 قرص,now sports arginine citrulline tabs zdex,1850,EGP,No Brand,الفيتامينات والمكملات>,in stock,https://chefaa.com:443/eg-ar/nowProduct/now-sports-arginine-citrulline-120-tabs-zdex,https://cdn.chefaa.com/filters:format(webp)/public/uploads/products/now-sports-arginine-citrulline-120-tabs-maua-01729512619.png,https://cdn.chefaa.com/filters:format(webp)/public/uploads/products/now-sports-arginine-citrulline-120-tabs-maua-01729512619.png,مميزات المنتج   ناو | سبورتس أرجينين وسيترولين | 120 قرص,raw_specs: المواصفات
11003,تيبوفورتين مكمل غذائي 40 مج/مل | 30 مل محلول للأطفال,tebofortin supplement 40mg 30ml oral drops fiw0,90,EGP,ماركيرل,الفيتامينات والمكملات>المكملات الغذائية,in stock,https://chefaa.com:443/eg-ar/nowProduct/tebofortin-supplement-40mg-ml-30ml-oral-drops-fiw0,https://cdn.chefaa.com/filters:format(webp)/public/uploads/products/tebofortin-supplement-40mg-ml-30ml-oral-drops-ild1-1643168029.png,https://cdn.chefaa.com/filters:format(webp)/public/uploads/products/tebofortin-supplement-40mg-ml-30ml-oral-drops-ild1-1643168029.png,مميزات المنتج   تيبوفورتين مكمل غذائي 40 مج/مل | 30 مل محلول للأطفال   عن هذا المنتج     تيبوفورتين أقراص ينتمي إلى فئة من الأدوية تسمى( مكملات غذائية منشطة للدورة الدموية بالمخ والأطراف)، يستخدم (كمكمل غذائي) عن طريق الفم كمساعد في علاج اضطرابات الذاكرة بما في ذلك مرض الزهايمر وتستخدم ايضا مساعد لعلاج الأمراض الناتجة عن انخفاض تدفق الدم بالمخ خصوصا عند كبار السن، مثل فقدان الذاكرة، والدوخة، وضعف التركيز، واضطرابات المخ كما تستخدم ايضا في الام الرجلين بسبب مشاكل وضعف الدورة الدموية للأطراف.   الجرعة وطريقة الاستخدام:     لكل دواء جرعة محددة وطريقة استعمال يجب ألا يتعداها وهي التي يحددها الطبيب حسب العمر وحسب الحالة والجرعة هي    من 1 إلى 2 قرص مغلف او من 20 إلى 40 نقطة وهي 3 مرات يوميا، كما أن مدة العلاج تختلف من حالة لأخرى ولكن لا تقل عن 8 أسابيع حسب المرض المزمن .   قرص مغلف أو 20 نقطة 3 مرات يومياً أو عدد 2 قرص مغلف مرتين يوميا ولا تقل مدة علاج عن 6 أسابيع أو حسب ما يرشدك الطبيب فيجب ألا تزيد الجرعة أو تقل حتى يكون مفعولها مناسب .     دواعي الاستعمال:     يستخدم هذا الدواء لمعالجة اضطرابات الوظائف الدماغية .   يعالج الدواء متلازمة الدماغ العضوي .   كما يمكن استخدام الدواء لعلاج العته .   إذا كنت تعاني من نقص الذاكرة يمكن أن تستخدم الدواء .   إذا كنت تعاني من نقص التركيز يمكن استخدام الدواء .   يستخدم في حالة علاج الصداع والدوار .   يستخدم في حالة الطنين و اكتئاب المزاج,ماركة: ماركيرل
29619,فاست | شراب | 120مل,fast syrup 120ml lds2,55,EGP,No Brand,الفيتامينات والمكملات>,in stock,https://chefaa.com:443/eg-ar/nowProduct/fast-syrup-120ml-lds2,https://cdn.chefaa.com/filters:format(webp)/public/uploads/products/fast-syrup-120ml-lds2-01721636482.png,https://cdn.chefaa.com/filters:format(webp)/public/uploads/products/fast-syrup-120ml-lds2-01721636482.png,مميزات المنتج   فاست | شراب | 120مل,raw_specs: المواصفات
52092,هيربالاند | فيتامينات متعددة ومكملات غذائية بنكهة التوت للبالغين | 60 قطعة,herbaland multivitamins gummy supplements berry flavor for adults gmo free sugar free gluten free veganRPnI,1099,EGP,No Brand,الفيتامينات والمكملات>المكملات الغذائية,in stock,https://chefaa.com:443/eg-ar/nowProduct/herbaland-multivitamins-gummy-supplements-berry-flavor-for-adults--gmo-free-sugar-free-gluten-free-veganRPnI,https://cdn.chefaa.com/filters:format(webp)/public/uploads/products/herbaland-multivitamins-gummy-supplements-berry-flavor-for-adults-gmo-free-sugar-free-gluten-free-veganrpni-01741168629.png,https://cdn.chefaa.com/filters:format(webp)/public/uploads/products/herbaland-multivitamins-gummy-supplements-berry-flavor-for-adults-gmo-free-sugar-free-gluten-free-veganrpni-01741168629.png,مميزات المنتج   هيربالاند | فيتامينات متعددة ومكملات غذائية بنكهة التوت للبالغين | 60 قطعة,raw_specs: المواصفات
