product_id,name,price,currency,brand,description,availability,url,thumbnail_image,gallery_images,Category
230.0,EGP,Shaan,Home > عروض 2025 > Back to عروض 2025 > سيروم كلاري 100 مل,in stock,https://aldawaaegy.com/ar/collections/2025-offers/products/shaan-milk-lotion-300ml,https://cdn.shopify.com/s/files/1/0566/6779/9603/files/shaan-body-milk-300ml-4126076.png?v=1763923191,https://cdn.shopify.com/s/files/1/0566/6779/9603/files/shaan-body-milk-300ml-4126076.png?v=1763923191,2025-offers
375.0,EGP,Clary,Home > عروض 2025 > حليب الجسم شان 300 مل > Back to عروض 2025 > ديرما تن ألفا أربوتين 2% سيروم 30 مل,in stock,https://aldawaaegy.com/ar/collections/2025-offers/products/clary-serum-100ml,https://cdn.shopify.com/s/files/1/0566/6779/9603/products/clary-serum-100ml-7406228.webp?v=1763161435,https://cdn.shopify.com/s/files/1/0566/6779/9603/products/clary-serum-100ml-7406228.webp?v=1763161435,2025-offers
300.0,EGP,DERMA TEN,Home > عروض 2025 > سيروم كلاري 100 مل > Back to عروض 2025 > ديرما تن سيروم محيط العين 30 مل,sold out,https://aldawaaegy.com/ar/collections/2025-offers/products/derma-ten-alpha-arbutin-2-serum-30ml,https://cdn.shopify.com/s/files/1/0566/6779/9603/files/derma-ten-alpha-arbutin-2-serum-30ml-2813578.jpg?v=1762775629,https://cdn.shopify.com/s/files/1/0566/6779/9603/files/derma-ten-alpha-arbutin-2-serum-30ml-2813578.jpg?v=1762775629,2025-offers
300.0,EGP,DERMA TEN,Home > عروض 2025 > ديرما تن ألفا أربوتين 2% سيروم 30 مل > Back to عروض 2025 > قناع الشعر كلاري مع البروكابيل 300 مل,in stock,https://aldawaaegy.com/ar/collections/2025-offers/products/derma-ten-eye-contour-serum-30ml,https://cdn.shopify.com/s/files/1/0566/6779/9603/files/derma-ten-eye-contour-serum-30ml-1237985.jpg?v=1762775759,https://cdn.shopify.com/s/files/1/0566/6779/9603/files/derma-ten-eye-contour-serum-30ml-1237985.jpg?v=1762775759,2025-offers
380.0,EGP,Clary,Home > عروض 2025 > ديرما تن سيروم محيط العين 30 مل > Back to عروض 2025 > كريم شان لليدين 60 جرام,in stock,https://aldawaaegy.com/ar/collections/2025-offers/products/clary-hair-mask-with-procapil-300ml,https://cdn.shopify.com/s/files/1/0566/6779/9603/products/clary-hair-mask-with-procapil-300ml-9890958.webp?v=1763161456,https://cdn.shopify.com/s/files/1/0566/6779/9603/products/clary-hair-mask-with-procapil-300ml-9890958.webp?v=1763161456,2025-offers
100.0,EGP,Shaan,Home > عروض 2025 > قناع الشعر كلاري مع البروكابيل 300 مل > Back to عروض 2025 > ديرما تن سيروم سينتيللا اسياتيكا 5% 30 مل,in stock,https://aldawaaegy.com/ar/collections/2025-offers/products/shaan-hand-cream-60gm,https://cdn.shopify.com/s/files/1/0566/6779/9603/files/shaan-hand-cream-60gm-3728790.png?v=1762436851,https://cdn.shopify.com/s/files/1/0566/6779/9603/files/shaan-hand-cream-60gm-3728790.png?v=1762436851,2025-offers
300.0,EGP,DERMA TEN,Home > عروض 2025 > كريم شان لليدين 60 جرام > Back to عروض 2025 > ديرما تن سيروم حمض الساليسيليك 2% 30 مل,in stock,https://aldawaaegy.com/ar/collections/2025-offers/products/derma-ten-serum-centella-asiatica5-30ml,https://cdn.shopify.com/s/files/1/0566/6779/9603/files/derma-ten-serum-centella-asiatica5-30ml-7873173.webp?v=1762435516,https://cdn.shopify.com/s/files/1/0566/6779/9603/files/derma-ten-serum-centella-asiatica5-30ml-7873173.webp?v=1762435516,2025-offers
300.0,EGP,DERMA TEN,Home > عروض 2025 > ديرما تن سيروم سينتيللا اسياتيكا 5% 30 مل > Back to عروض 2025 > شان مرطب الشفاه 5 جم,sold out,https://aldawaaegy.com/ar/collections/2025-offers/products/derma-ten-salicylic-acid2-serum-30ml,https://cdn.shopify.com/s/files/1/0566/6779/9603/files/derma-ten-salicylic-acid2-serum-30ml-5215360.jpg?v=1762775729,https://cdn.shopify.com/s/files/1/0566/6779/9603/files/derma-ten-salicylic-acid2-serum-30ml-5215360.jpg?v=1762775729,2025-offers
100.0,EGP,Shaan,Home > عروض 2025 > ديرما تن سيروم حمض الساليسيليك 2% 30 مل > Back to عروض 2025 > قناع فافلين للشعر الجاف والتالف 300 مل,in stock,https://aldawaaegy.com/ar/collections/2025-offers/products/shaan-lip-balm-5gm,https://cdn.shopify.com/s/files/1/0566/6779/9603/files/shaan-lip-balm-5gm-3414482.jpg?v=1762436699,https://cdn.shopify.com/s/files/1/0566/6779/9603/files/shaan-lip-balm-5gm-3414482.jpg?v=1762436699,2025-offers
440.0,EGP,Favelin,Home > عروض 2025 > شان مرطب الشفاه 5 جم > Back to عروض 2025 > قناع ستارفيل للبشرة المعرضة لحب الشباب,in stock,https://aldawaaegy.com/ar/collections/2025-offers/products/favelin-hydrating-repairing-hair-mask-300ml,https://cdn.shopify.com/s/files/1/0566/6779/9603/files/favelin-hair-drydamaged-mask-300ml-9720059.webp?v=1762439123,https://cdn.shopify.com/s/files/1/0566/6779/9603/files/favelin-hair-drydamaged-mask-300ml-9720059.webp?v=1762439123,2025-offers
55.0,EGP,Starville,Home > عروض 2025 > قناع فافلين للشعر الجاف والتالف 300 مل > Back to عروض 2025 > أوراق كلاري في كريمة 300 جرام,in stock,https://aldawaaegy.com/ar/collections/2025-offers/products/starville-acne-prone-skin-face-mask,https://cdn.shopify.com/s/files/1/0566/6779/9603/files/starville-acne-prone-skin-face-mask-1-sheets-4487885.png?v=1762437906,https://cdn.shopify.com/s/files/1/0566/6779/9603/files/starville-acne-prone-skin-face-mask-1-sheets-4487885.png?v=1762437906,2025-offers
340.0,EGP,Clary,Home > عروض 2025 > قناع ستارفيل للبشرة المعرضة لحب الشباب > Back to عروض 2025 > قناع الشعر سيروبايب 300 مل,in stock,https://aldawaaegy.com/ar/collections/2025-offers/products/clary-leave-in-cream-300-gm,https://cdn.shopify.com/s/files/1/0566/6779/9603/files/clary-leave-in-cream-300-gm-9224469.webp?v=1762436617,https://cdn.shopify.com/s/files/1/0566/6779/9603/files/clary-leave-in-cream-300-gm-9224469.webp?v=1762436617,2025-offers
320.0,EGP,Seropipe,Home > عروض 2025 > أوراق كلاري في كريمة 300 جرام > Back to عروض 2025 > شامبو كلاري مع بروكابيل 300 مل,in stock,https://aldawaaegy.com/ar/collections/2025-offers/products/seropipe-hair-mask-300ml,https://cdn.shopify.com/s/files/1/0566/6779/9603/files/seropipe-hair-mask-225ml-3974652.png?v=1762436925,https://cdn.shopify.com/s/files/1/0566/6779/9603/files/seropipe-hair-mask-225ml-3974652.png?v=1762436925,2025-offers
330.0,EGP,Clary,Home > عروض 2025 > قناع الشعر سيروبايب 300 مل > Back to عروض 2025 > تيلوفيل مرطب للوجه 50 مل,in stock,https://aldawaaegy.com/ar/collections/2025-offers/products/clary-shampoo-with-procapil-300ml,https://cdn.shopify.com/s/files/1/0566/6779/9603/products/clary-shampoo-with-procapil-300ml-7555002.jpg?v=1762438981,https://cdn.shopify.com/s/files/1/0566/6779/9603/products/clary-shampoo-with-procapil-300ml-7555002.jpg?v=1762438981,2025-offers
300.0,EGP,Telofill,Home > عروض 2025 > شامبو كلاري مع بروكابيل 300 مل > Back to عروض 2025 > ديرما تن - قوة تنقية المسام - 30 مل,sold out,https://aldawaaegy.com/ar/collections/2025-offers/products/telofill-facial-moisturizer-50-ml,https://cdn.shopify.com/s/files/1/0566/6779/9603/products/telofill-facial-moisturizer-50-ml-3260230.webp?v=1762440676,https://cdn.shopify.com/s/files/1/0566/6779/9603/products/telofill-facial-moisturizer-50-ml-3260230.webp?v=1762440676,2025-offers
300.0,EGP,DERMA TEN,Home > عروض 2025 > تيلوفيل مرطب للوجه 50 مل > Back to عروض 2025 > شامبو سيروبايب المغذي المكثف للشعر 300 مل,in stock,https://aldawaaegy.com/ar/collections/2025-offers/products/derma-ten-pore-refining-power-30ml,https://cdn.shopify.com/s/files/1/0566/6779/9603/files/derma-ten-pore-refining-power-30ml-3754046.jpg?v=1762775788,https://cdn.shopify.com/s/files/1/0566/6779/9603/files/derma-ten-pore-refining-power-30ml-3754046.jpg?v=1762775788,2025-offers
295.0,EGP,Seropipe,Home > عروض 2025 > ديرما تن - قوة تنقية المسام - 30 مل > Back to عروض 2025 > حليب الجسم شان توليب روز 300 مل,in stock,https://aldawaaegy.com/ar/collections/2025-offers/products/seropipe-intense-nutrition-hair-shampoo-300-ml,https://cdn.shopify.com/s/files/1/0566/6779/9603/files/seropipe-intense-nutrition-hair-shampoo-300-ml-8927052.png?v=1762437306,https://cdn.shopify.com/s/files/1/0566/6779/9603/files/seropipe-intense-nutrition-hair-shampoo-300-ml-8927052.png?v=1762437306,2025-offers
250.0,EGP,Shaan,Home > عروض 2025 > شامبو سيروبايب المغذي المكثف للشعر 300 مل > Back to عروض 2025 > تيلوفيل محيط العين 17 مل,in stock,https://aldawaaegy.com/ar/collections/2025-offers/products/shaan-body-milk-tulip-rose-300ml,https://cdn.shopify.com/s/files/1/0566/6779/9603/files/shaan-body-milk-tulip-rose-300ml-8881275.png?v=1762436730,https://cdn.shopify.com/s/files/1/0566/6779/9603/files/shaan-body-milk-tulip-rose-300ml-8881275.png?v=1762436730,2025-offers
450.0,EGP,Telofill,Home > عروض 2025 > حليب الجسم شان توليب روز 300 مل > Back to عروض 2025 > حليب الجسم شان بالفانيليا وجوز الهند 300 مل,in stock,https://aldawaaegy.com/ar/collections/2025-offers/products/telofill-eye-contour-17-ml,https://cdn.shopify.com/s/files/1/0566/6779/9603/products/telofill-eye-contour-17-ml-6274117.jpg?v=1762439844,https://cdn.shopify.com/s/files/1/0566/6779/9603/products/telofill-eye-contour-17-ml-6274117.jpg?v=1762439844,2025-offers
250.0,EGP,Shaan,Home > عروض 2025 > تيلوفيل محيط العين 17 مل > Back to عروض 2025 > كريم سيباكلار هيدرا 50 مل,in stock,https://aldawaaegy.com/ar/collections/2025-offers/products/shaan-body-milk-vanilla-coconut-300ml,https://cdn.shopify.com/s/files/1/0566/6779/9603/files/shaan-body-milk-vanilla-coconut-300ml-5416564.png?v=1762436967,https://cdn.shopify.com/s/files/1/0566/6779/9603/files/shaan-body-milk-vanilla-coconut-300ml-5416564.png?v=1762436967,2025-offers
286.0,EGP,Sebaclar,Home > عروض 2025 > حليب الجسم شان بالفانيليا وجوز الهند 300 مل > Back to عروض 2025 > كريم الشعر سترونجفيل اكسترا 120 جرام,in stock,https://aldawaaegy.com/ar/collections/2025-offers/products/sebaclar-hydra-moist-cream-50ml,https://cdn.shopify.com/s/files/1/0566/6779/9603/files/sebaclar-hydra-moist-cream-50ml-5359243.jpg?v=1762441490,https://cdn.shopify.com/s/files/1/0566/6779/9603/files/sebaclar-hydra-moist-cream-50ml-5359243.jpg?v=1762441490,2025-offers
185.0,EGP,Strongville,Home > عروض 2025 > كريم سيباكلار هيدرا 50 مل > Back to عروض 2025 > ديرما تين مصل هيالورونيك 2% 30 مل,in stock,https://aldawaaegy.com/ar/collections/2025-offers/products/strongville-extra-hair-cream-120gm,https://cdn.shopify.com/s/files/1/0566/6779/9603/files/strongville-extra-hair-cream-120gm-np-2462395.webp?v=1762438659,https://cdn.shopify.com/s/files/1/0566/6779/9603/files/strongville-extra-hair-cream-120gm-np-2462395.webp?v=1762438659,2025-offers
300.0,EGP,DERMA TEN,Home > عروض 2025 > كريم الشعر سترونجفيل اكسترا 120 جرام > Back to عروض 2025 > شامبو فافلين للشعر الجاف والتالف 500 مل,in stock,https://aldawaaegy.com/ar/collections/2025-offers/products/derma-ten-hyaluronic2-serum-30ml,https://cdn.shopify.com/s/files/1/0566/6779/9603/files/derma-ten-hyaluronic2-serum-30ml-9806092.jpg?v=1762775681,https://cdn.shopify.com/s/files/1/0566/6779/9603/files/derma-ten-hyaluronic2-serum-30ml-9806092.jpg?v=1762775681,2025-offers
429.0,EGP,Favelin,Home > عروض 2025 > ديرما تين مصل هيالورونيك 2% 30 مل > Back to عروض 2025 > سيروم الشعر سيروبيبي 100 مل,in stock,https://aldawaaegy.com/ar/collections/2025-offers/products/favelin-hair-dry-damaged-shampoo-500ml,https://cdn.shopify.com/s/files/1/0566/6779/9603/files/favelin-hair-drydamaged-shampoo-500ml-4982025.webp?v=1762437912,https://cdn.shopify.com/s/files/1/0566/6779/9603/files/favelin-hair-drydamaged-shampoo-500ml-4982025.webp?v=1762437912,2025-offers
345.0,EGP,Seropipe,Home > عروض 2025 > شامبو فافلين للشعر الجاف والتالف 500 مل > Back to عروض 2025 > ستارفيل غسول تبييض 200 مل,in stock,https://aldawaaegy.com/ar/collections/2025-offers/products/seropipe-hair-serum-100ml,https://cdn.shopify.com/s/files/1/0566/6779/9603/files/seropipe-hair-serum-120ml-5838003.webp?v=1762437316,https://cdn.shopify.com/s/files/1/0566/6779/9603/files/seropipe-hair-serum-120ml-5838003.webp?v=1762437316,2025-offers
180.0,EGP,Starville,Home > عروض 2025 > سيروم الشعر سيروبيبي 100 مل > Back to عروض 2025 > كريم تيترا جلو وايت للمناطق الحساسة 50 مل,in stock,https://aldawaaegy.com/ar/collections/2025-offers/products/starville-whitening-cleanser-200-ml,https://cdn.shopify.com/s/files/1/0566/6779/9603/files/starville-whitening-cleanser-200-ml-9308902.webp?v=1762441573,https://cdn.shopify.com/s/files/1/0566/6779/9603/files/starville-whitening-cleanser-200-ml-9308902.webp?v=1762441573,2025-offers
345.0,EGP,TETRA GLOW,Home > عروض 2025 > ستارفيل غسول تبييض 200 مل > Back to عروض 2025 > كلاري فريش فروة الرأس 300 مل,in stock,https://aldawaaegy.com/ar/collections/2025-offers/products/tetra-glow-whit-sensitive-zone-cream-50ml,https://cdn.shopify.com/s/files/1/0566/6779/9603/files/tetra-glow-whit-sensitive-zone-cream-50ml-7245265.jpg?v=1763160560,https://cdn.shopify.com/s/files/1/0566/6779/9603/files/tetra-glow-whit-sensitive-zone-cream-50ml-7245265.jpg?v=1763160560,2025-offers
390.0,EGP,Clary,Home > عروض 2025 > كريم تيترا جلو وايت للمناطق الحساسة 50 مل > Back to عروض 2025 > ديرما تين مصل الريتينول 1% 30 مل,in stock,https://aldawaaegy.com/ar/collections/2025-offers/products/clary-fresh-scalp-300-ml,https://cdn.shopify.com/s/files/1/0566/6779/9603/products/clary-fresh-scalp-300-ml-9916196.jpg?v=1762439120,https://cdn.shopify.com/s/files/1/0566/6779/9603/products/clary-fresh-scalp-300-ml-9916196.jpg?v=1762439120,2025-offers
300.0,EGP,DERMA TEN,Home > عروض 2025 > كلاري فريش فروة الرأس 300 مل > Back to عروض 2025 > شان للعناية بالأظافر 4 مل,in stock,https://aldawaaegy.com/ar/collections/2025-offers/products/derma-ten-retinol1-serum-30ml,https://cdn.shopify.com/s/files/1/0566/6779/9603/files/derma-ten-retinol1-serum-30ml-4231733.jpg?v=1762775705,https://cdn.shopify.com/s/files/1/0566/6779/9603/files/derma-ten-retinol1-serum-30ml-4231733.jpg?v=1762775705,2025-offers
160.0,EGP,Shaan,Home > عروض 2025 > ديرما تين مصل الريتينول 1% 30 مل > Back to عروض 2025 > فوطة افريكانا مايكرو فايبر,in stock,https://aldawaaegy.com/ar/collections/2025-offers/products/shaan-nail-care-4-ml,https://cdn.shopify.com/s/files/1/0566/6779/9603/files/shaan-nail-care-4-ml-3847628.png?v=1762437826,https://cdn.shopify.com/s/files/1/0566/6779/9603/files/shaan-nail-care-4-ml-3847628.png?v=1762437826,2025-offers
125.0,EGP,AFRICANA,Home > عروض 2025 > شان للعناية بالأظافر 4 مل > Back to عروض 2025 > جلامي لاب منظف رغوي منقي للبشرة 150 مل,in stock,https://aldawaaegy.com/ar/collections/2025-offers/products/africana-micro-fiber-%D9%81%D9%88%D8%B7%D9%87,https://cdn.shopify.com/s/files/1/0566/6779/9603/files/africana-micro-fiber-foth-2558488.png?v=1762436918,https://cdn.shopify.com/s/files/1/0566/6779/9603/files/africana-micro-fiber-foth-2558488.png?v=1762436918,2025-offers
285.0,EGP,Glamy,Home > عروض 2025 > فوطة افريكانا مايكرو فايبر > Back to عروض 2025 > ديرما تن فيتامين سي 10% سيروم 30 مل,in stock,https://aldawaaegy.com/ar/collections/2025-offers/products/glamy-lab-purifying-foam-cleanser-150-ml,https://cdn.shopify.com/s/files/1/0566/6779/9603/files/glamy-lab-purifying-foam-cleanser-150-ml-9987344.png?v=1762436851,https://cdn.shopify.com/s/files/1/0566/6779/9603/files/glamy-lab-purifying-foam-cleanser-150-ml-9987344.png?v=1762436851,2025-offers
300.0,EGP,DERMA TEN,Home > عروض 2025 > جلامي لاب منظف رغوي منقي للبشرة 150 مل > Back to عروض 2025 > بلسم كلاري مع بروكابيل 300 مل,in stock,https://aldawaaegy.com/ar/collections/2025-offers/products/derma-ten-vit-c-10-serum-30ml,https://cdn.shopify.com/s/files/1/0566/6779/9603/files/derma-ten-vitc-10-serum-30ml-1428843.jpg?v=1762775651,https://cdn.shopify.com/s/files/1/0566/6779/9603/files/derma-ten-vitc-10-serum-30ml-1428843.jpg?v=1762775651,2025-offers
345.0,EGP,Clary,Home > عروض 2025 > ديرما تن فيتامين سي 10% سيروم 30 مل > Back to عروض 2025 > تيلوفيل منظف لتفتيح الوجه 150 مل,in stock,https://aldawaaegy.com/ar/collections/2025-offers/products/clary-conditioner-with-procapil-300ml,https://cdn.shopify.com/s/files/1/0566/6779/9603/files/clary-conditioner-with-procapil-300ml-7914572.png?v=1762439020,https://cdn.shopify.com/s/files/1/0566/6779/9603/files/clary-conditioner-with-procapil-300ml-7914572.png?v=1762439020,2025-offers
310.0,EGP,Telofill,Home > عروض 2025 > بلسم كلاري مع بروكابيل 300 مل > Back to عروض 2025 > جلامي هيدرا كريم مكثف 50 جم,in stock,https://aldawaaegy.com/ar/collections/2025-offers/products/telofill-lightening-facial-cleanser-150-ml,https://cdn.shopify.com/s/files/1/0566/6779/9603/products/telofill-lightening-facial-cleanser-150-ml-6136882.jpg?v=1762439709,https://cdn.shopify.com/s/files/1/0566/6779/9603/products/telofill-lightening-facial-cleanser-150-ml-6136882.jpg?v=1762439709,2025-offers
290.0,EGP,Glamy,Home > عروض 2025 > تيلوفيل منظف لتفتيح الوجه 150 مل > Back to عروض 2025 > كريم القدمين أليخون 75 مل,sold out,https://aldawaaegy.com/ar/collections/2025-offers/products/glamy-hydra-intense-cream-50gm,https://cdn.shopify.com/s/files/1/0566/6779/9603/products/glamy-lab-hydra-intense-cream-50gm-2299859.jpg?v=1762440085,https://cdn.shopify.com/s/files/1/0566/6779/9603/products/glamy-lab-hydra-intense-cream-50gm-2299859.jpg?v=1762440085,2025-offers
275.0,EGP,Alejon,Home > عروض 2025 > جلامي هيدرا كريم مكثف 50 جم > Back to عروض 2025 > جل مرطب ليلك 100 مل,in stock,https://aldawaaegy.com/ar/collections/2025-offers/products/alejon-foot-cream-75ml,https://cdn.shopify.com/s/files/1/0566/6779/9603/files/alejon-foot-cream-75ml-6278433.png?v=1762435808,https://cdn.shopify.com/s/files/1/0566/6779/9603/files/alejon-foot-cream-75ml-6278433.png?v=1762435808,2025-offers
345.0,EGP,LEYLAK,Home > عروض 2025 > كريم القدمين أليخون 75 مل > Back to عروض 2025 > أفريكانا ليف مغربيه,in stock,https://aldawaaegy.com/ar/collections/2025-offers/products/leylak-moisturizing-gel-100ml,https://cdn.shopify.com/s/files/1/0566/6779/9603/files/leylak-moisturizing-gel-100ml-6969663.webp?v=1762436580,https://cdn.shopify.com/s/files/1/0566/6779/9603/files/leylak-moisturizing-gel-100ml-6969663.webp?v=1762436580,2025-offers
139.0,EGP,AFRICANA,Home > عروض 2025 > جل مرطب ليلك 100 مل > Back to عروض 2025 > رغوة تيترا جلو للمناطق الحساسة 200 مل,sold out,https://aldawaaegy.com/ar/collections/2025-offers/products/africana-%D9%84%D9%8A%D9%81-%D9%85%D8%BA%D8%B1%D8%A8%D9%8A%D9%87,https://cdn.shopify.com/s/files/1/0566/6779/9603/files/africana-lyf-mghrbyh-2401913.png?v=1762436038,https://cdn.shopify.com/s/files/1/0566/6779/9603/files/africana-lyf-mghrbyh-2401913.png?v=1762436038,2025-offers
240.0,EGP,TETRA GLOW,Home > عروض 2025 > أفريكانا ليف مغربيه > Back to عروض 2025 > بلسم الشعر سيروبايب 200 جرام,in stock,https://aldawaaegy.com/ar/collections/2025-offers/products/tetra-glow-foam-sensitive-zone-200ml,https://cdn.shopify.com/s/files/1/0566/6779/9603/files/tetra-glow-foam-sensitive-zone-200ml-9815640.jpg?v=1763160581,https://cdn.shopify.com/s/files/1/0566/6779/9603/files/tetra-glow-foam-sensitive-zone-200ml-9815640.jpg?v=1763160581,2025-offers
250.0,EGP,Seropipe,Home > عروض 2025 > رغوة تيترا جلو للمناطق الحساسة 200 مل > Back to عروض 2025 > شان منظف الوجه 250 مل,in stock,https://aldawaaegy.com/ar/collections/2025-offers/products/seropipe-hair-conditioner-200-gm,https://cdn.shopify.com/s/files/1/0566/6779/9603/files/seropipe-hair-conditioner-200-gm-8982199.png?v=1762436686,https://cdn.shopify.com/s/files/1/0566/6779/9603/files/seropipe-hair-conditioner-200-gm-8982199.png?v=1762436686,2025-offers
175.0,EGP,Shaan,Home > عروض 2025 > بلسم الشعر سيروبايب 200 جرام > Back to عروض 2025 > شان كريم تجديد البشرة 120 جم,in stock,https://aldawaaegy.com/ar/collections/2025-offers/products/shaan-facial-cleanser-250-ml,https://cdn.shopify.com/s/files/1/0566/6779/9603/files/shaan-antioxidant-facial-cleanser-250-ml-2342372.png?v=1762437207,https://cdn.shopify.com/s/files/1/0566/6779/9603/files/shaan-antioxidant-facial-cleanser-250-ml-2342372.png?v=1762437207,2025-offers
150.0,EGP,Shaan,Home > عروض 2025 > شان منظف الوجه 250 مل > Back to عروض 2025 > قناع تبييض البشرة من ستارفيل,in stock,https://aldawaaegy.com/ar/collections/2025-offers/products/shaan-rejuvenation-cream-120-gm,https://cdn.shopify.com/s/files/1/0566/6779/9603/files/shaan-rejuvenation-cream-120-gm-3333461.png?v=1762438284,https://cdn.shopify.com/s/files/1/0566/6779/9603/files/shaan-rejuvenation-cream-120-gm-3333461.png?v=1762438284,2025-offers
55.0,EGP,Starville,Home > عروض 2025 > شان كريم تجديد البشرة 120 جم > Back to عروض 2025 > ستارفيل رول تبييض بالتوت الأحمر 60 مل,in stock,https://aldawaaegy.com/ar/collections/2025-offers/products/starville-whitening-mask-sheet,https://cdn.shopify.com/s/files/1/0566/6779/9603/files/starville-whitening-face-mask-1-sheets-3204308.png?v=1762438042,https://cdn.shopify.com/s/files/1/0566/6779/9603/files/starville-whitening-face-mask-1-sheets-3204308.png?v=1762438042,2025-offers
150.0,EGP,Starville,Home > عروض 2025 > قناع تبييض البشرة من ستارفيل > Back to عروض 2025 > منظف ​​الوجه للبشرة المعرضة لحب الشباب من ستارفيل 200 مل,in stock,https://aldawaaegy.com/ar/collections/2025-offers/products/starville-whitening-roll-on-redberry-60-ml,https://cdn.shopify.com/s/files/1/0566/6779/9603/files/starville-whitening-roll-on-redberry-60-ml-5409686.png?v=1762441069,https://cdn.shopify.com/s/files/1/0566/6779/9603/files/starville-whitening-roll-on-redberry-60-ml-5409686.png?v=1762441069,2025-offers
140.0,EGP,Starville,Home > عروض 2025 > ستارفيل رول تبييض بالتوت الأحمر 60 مل > Back to عروض 2025 > صابون استحمام افريكانا بالنيلة الزرقاء 300 مل,in stock,https://aldawaaegy.com/ar/collections/2025-offers/products/starville-acne-prone-skin-facial-cleanser-200-ml,https://cdn.shopify.com/s/files/1/0566/6779/9603/files/starville-acne-prone-skin-facial-cleanser-200-ml-7815018.png?v=1762436959,https://cdn.shopify.com/s/files/1/0566/6779/9603/files/starville-acne-prone-skin-facial-cleanser-200-ml-7815018.png?v=1762436959,2025-offers
196.0,EGP,AFRICANA,Home > عروض 2025 > منظف ​​الوجه للبشرة المعرضة لحب الشباب من ستارفيل 200 مل > Back to عروض 2025 > كلاري ميست Spf50 للحماية من الحرارة 120 مل,in stock,https://aldawaaegy.com/ar/collections/2025-offers/products/africana-bath-soap-blue-nila-300ml,https://cdn.shopify.com/s/files/1/0566/6779/9603/files/africana-bath-soap-blue-nila-300ml-2709678.png?v=1762437782,https://cdn.shopify.com/s/files/1/0566/6779/9603/files/africana-bath-soap-blue-nila-300ml-2709678.png?v=1762437782,2025-offers
320.0,EGP,Clary,Home > عروض 2025 > صابون استحمام افريكانا بالنيلة الزرقاء 300 مل > Back to عروض 2025 > جل منظف للوجه من ستارفيل حب الشباب 400 م,in stock,https://aldawaaegy.com/ar/collections/2025-offers/products/clary-mist-spf50-heat-protection-120ml,https://cdn.shopify.com/s/files/1/0566/6779/9603/products/clary-mist-spf50-heat-protection-120ml-7967538.png?v=1762439454,https://cdn.shopify.com/s/files/1/0566/6779/9603/products/clary-mist-spf50-heat-protection-120ml-7967538.png?v=1762439454,2025-offers
225.0,EGP,Starville,Home > عروض 2025 > كلاري ميست Spf50 للحماية من الحرارة 120 مل > Back to عروض 2025 > أفريكانا ليف إن كوند أرجان وشيا 225 مل,in stock,https://aldawaaegy.com/ar/collections/2025-offers/products/starville-acne-pronr-facial-cleanser-gel-400m,https://cdn.shopify.com/s/files/1/0566/6779/9603/files/starville-acne-prone-facial-cleanser-gel-400m-2526572.png?v=1762440506,https://cdn.shopify.com/s/files/1/0566/6779/9603/files/starville-acne-prone-facial-cleanser-gel-400m-2526572.png?v=1762440506,2025-offers
160.0,EGP,AFRICANA,Home > عروض 2025 > جل منظف للوجه من ستارفيل حب الشباب 400 م > Back to عروض 2025 > قناع ترطيب الشعر من فافلين هولي هايدريشن 300 مل,in stock,https://aldawaaegy.com/ar/collections/2025-offers/products/africana-leave-in-cond-argan-shea-225ml,https://cdn.shopify.com/s/files/1/0566/6779/9603/files/africana-leave-in-cond-arganshea-225ml-6627530.png?v=1762436360,https://cdn.shopify.com/s/files/1/0566/6779/9603/files/africana-leave-in-cond-arganshea-225ml-6627530.png?v=1762436360,2025-offers
440.0,EGP,Favelin,Home > عروض 2025 > أفريكانا ليف إن كوند أرجان وشيا 225 مل > Back to عروض 2025 > بخاخ مسرع نمو الشعر سيروبايب 200 مل,in stock,https://aldawaaegy.com/ar/collections/2025-offers/products/favelin-holy-hydration-hydrating-hair-mask-300ml,https://cdn.shopify.com/s/files/1/0566/6779/9603/files/favelin-holy-hydration-hydrating-hair-mask-300ml-3235123.png?v=1762436443,https://cdn.shopify.com/s/files/1/0566/6779/9603/files/favelin-holy-hydration-hydrating-hair-mask-300ml-3235123.png?v=1762436443,2025-offers
325.0,EGP,Seropipe,Home > عروض 2025 > قناع ترطيب الشعر من فافلين هولي هايدريشن 300 مل > Back to عروض 2025 > ستارفيل جل لمحيط العين 30 جم,in stock,https://aldawaaegy.com/ar/collections/2025-offers/products/seropipe-hair-growth-accelerator-spray-200-ml,https://cdn.shopify.com/s/files/1/0566/6779/9603/files/seropipe-hair-growth-accelerator-spray-200-ml-9239628.png?v=1762436587,https://cdn.shopify.com/s/files/1/0566/6779/9603/files/seropipe-hair-growth-accelerator-spray-200-ml-9239628.png?v=1762436587,2025-offers
250.0,EGP,Starville,Home > عروض 2025 > بخاخ مسرع نمو الشعر سيروبايب 200 مل > Back to عروض 2025 > جلامي لاب المضاد للتجاعيد 50 جم,in stock,https://aldawaaegy.com/ar/collections/2025-offers/products/starville-eye-contour-gel-30-gm,https://cdn.shopify.com/s/files/1/0566/6779/9603/files/starville-eye-contour-gel-30-gm-4874895.png?v=1762441117,https://cdn.shopify.com/s/files/1/0566/6779/9603/files/starville-eye-contour-gel-30-gm-4874895.png?v=1762441117,2025-offers
450.0,EGP,Glamy,Home > عروض 2025 > ستارفيل جل لمحيط العين 30 جم > Back to عروض 2025 > شامبو سترونجفيل للعناية بالشعر 220 مل NP,in stock,https://aldawaaegy.com/ar/collections/2025-offers/products/glamy-lab-antiwrinkles-gel-50-gm,https://cdn.shopify.com/s/files/1/0566/6779/9603/products/glamy-lab-antiwrinkles-gel-50-gm-8922260.jpg?v=1762441600,https://cdn.shopify.com/s/files/1/0566/6779/9603/products/glamy-lab-antiwrinkles-gel-50-gm-8922260.jpg?v=1762441600,2025-offers
185.0,EGP,Strongville,Home > عروض 2025 > جلامي لاب المضاد للتجاعيد 50 جم > Back to عروض 2025 > ليلك كونتور للعين 15 مل,in stock,https://aldawaaegy.com/ar/collections/2025-offers/products/strongville-hair-care-shampoo-220ml-n-p,https://cdn.shopify.com/s/files/1/0566/6779/9603/products/strongville-hair-care-shampoo-220ml-np-4518680.webp?v=1762440680,https://cdn.shopify.com/s/files/1/0566/6779/9603/products/strongville-hair-care-shampoo-220ml-np-4518680.webp?v=1762440680,2025-offers
329.0,EGP,LEYLAK,Home > عروض 2025 > شامبو سترونجفيل للعناية بالشعر 220 مل NP > Back to عروض 2025 > حليب الجسم تيلوفيل 300 مل,in stock,https://aldawaaegy.com/ar/collections/2025-offers/products/leylak-eye-contour-15ml,https://cdn.shopify.com/s/files/1/0566/6779/9603/files/leylak-eye-contour-15ml-3229340.png?v=1762435662,https://cdn.shopify.com/s/files/1/0566/6779/9603/files/leylak-eye-contour-15ml-3229340.png?v=1762435662,2025-offers
260.0,EGP,Telofill,Home > عروض 2025 > ليلك كونتور للعين 15 مل > Back to عروض 2025 > شامبو تيتيلو ضد تساقط الشعر 200 مل,sold out,https://aldawaaegy.com/ar/collections/2025-offers/products/telofill-body-milk-300ml,https://cdn.shopify.com/s/files/1/0566/6779/9603/files/telofill-body-milk-300ml-6146132.jpg?v=1762436355,https://cdn.shopify.com/s/files/1/0566/6779/9603/files/telofill-body-milk-300ml-6146132.jpg?v=1762436355,2025-offers
230.0,EGP,Tettello,Home > عروض 2025 > حليب الجسم تيلوفيل 300 مل > Back to عروض 2025 > جل تيترا جلو لتنظيف الوجه والرقبة 200 مل,in stock,https://aldawaaegy.com/ar/collections/2025-offers/products/tettello-anti-hair-loss-shampoo-200ml,https://cdn.shopify.com/s/files/1/0566/6779/9603/files/tettello-anti-hair-loss-shampoo-200ml-8865118.png?v=1762436730,https://cdn.shopify.com/s/files/1/0566/6779/9603/files/tettello-anti-hair-loss-shampoo-200ml-8865118.png?v=1762436730,2025-offers
220.0,EGP,TETRA GLOW,Home > عروض 2025 > شامبو تيتيلو ضد تساقط الشعر 200 مل > Back to عروض 2025 > جل شان المهدئ 120 مل,in stock,https://aldawaaegy.com/ar/collections/2025-offers/products/tetra-glow-gel-cleaner-care-face-neck-200ml,https://cdn.shopify.com/s/files/1/0566/6779/9603/files/tetra-glow-gel-cleaner-care-faceneck-200ml-2663001.jpg?v=1763159955,https://cdn.shopify.com/s/files/1/0566/6779/9603/files/tetra-glow-gel-cleaner-care-faceneck-200ml-2663001.jpg?v=1763159955,2025-offers
190.0,EGP,Shaan,Home > عروض 2025 > جل تيترا جلو لتنظيف الوجه والرقبة 200 مل > Back to عروض 2025 > جل شان المهدئ 200 مل,in stock,https://aldawaaegy.com/ar/collections/2025-offers/products/shaan-soothing-gel-120ml,https://cdn.shopify.com/s/files/1/0566/6779/9603/files/shaan-soothing-gel-120ml-9994569.png?v=1762436618,https://cdn.shopify.com/s/files/1/0566/6779/9603/files/shaan-soothing-gel-120ml-9994569.png?v=1762436618,2025-offers
240.0,EGP,Shaan,Home > عروض 2025 > جل شان المهدئ 120 مل > Back to عروض 2025 > بلسم فافلين للشعر الجاف والتالف 500 مل,in stock,https://aldawaaegy.com/ar/collections/2025-offers/products/shaan-soothing-gel-200ml,https://cdn.shopify.com/s/files/1/0566/6779/9603/files/shaan-soothing-gel-200ml-2250123.png?v=1762438768,https://cdn.shopify.com/s/files/1/0566/6779/9603/files/shaan-soothing-gel-200ml-2250123.png?v=1762438768,2025-offers
429.0,EGP,Favelin,Home > عروض 2025 > جل شان المهدئ 200 مل > Back to عروض 2025 > ليلك مستحلب التبييض 50 مل,in stock,https://aldawaaegy.com/ar/collections/2025-offers/products/favelin-hair-dry-damaged-cond-500ml,https://cdn.shopify.com/s/files/1/0566/6779/9603/files/favelin-hair-drydamaged-cond-500ml-3173310.webp?v=1762438282,https://cdn.shopify.com/s/files/1/0566/6779/9603/files/favelin-hair-drydamaged-cond-500ml-3173310.webp?v=1762438282,2025-offers
299.0,EGP,LEYLAK,Home > عروض 2025 > بلسم فافلين للشعر الجاف والتالف 500 مل > Back to عروض 2025 > ماء ميسيلر ستارفيل 100 مل,in stock,https://aldawaaegy.com/ar/collections/2025-offers/products/leylak-whitening-emulsion-50ml,https://cdn.shopify.com/s/files/1/0566/6779/9603/files/leylak-whitening-emulsion-50ml-8697096.png?v=1762435515,https://cdn.shopify.com/s/files/1/0566/6779/9603/files/leylak-whitening-emulsion-50ml-8697096.png?v=1762435515,2025-offers
75.0,EGP,Starville,Home > عروض 2025 > ليلك مستحلب التبييض 50 مل > Back to عروض 2025 > أفريكانا ليف إن كوند أرجان وشيا 500 مل,in stock,https://aldawaaegy.com/ar/collections/2025-offers/products/starville-miceller-water-100ml,https://cdn.shopify.com/s/files/1/0566/6779/9603/files/starville-miceller-water-100ml-3775613.png?v=1762436234,https://cdn.shopify.com/s/files/1/0566/6779/9603/files/starville-miceller-water-100ml-3775613.png?v=1762436234,2025-offers
300.0,EGP,AFRICANA,Home > عروض 2025 > ماء ميسيلر ستارفيل 100 مل > Back to عروض 2025 > شامبو فافيلين لإصلاح الشعر بالأرغان المغربي 300 مل,in stock,https://aldawaaegy.com/ar/collections/2025-offers/products/africana-leave-in-cond-argan-shea-500ml,https://cdn.shopify.com/s/files/1/0566/6779/9603/files/africana-leave-in-cond-arganshea-500ml-7322880.png?v=1762439922,https://cdn.shopify.com/s/files/1/0566/6779/9603/files/africana-leave-in-cond-arganshea-500ml-7322880.png?v=1762439922,2025-offers
299.0,EGP,Favelin,Home > عروض 2025 > أفريكانا ليف إن كوند أرجان وشيا 500 مل > Back to عروض 2025 > مرطب الشفاه الأفريقي الخام بالكرز الحلو,in stock,https://aldawaaegy.com/ar/collections/2025-offers/products/favelin-moroccan-argan-repair-shampoo-300ml,https://cdn.shopify.com/s/files/1/0566/6779/9603/files/favelin-moroccan-argan-repair-shampoo-300ml-8682083.png?v=1762437509,https://cdn.shopify.com/s/files/1/0566/6779/9603/files/favelin-moroccan-argan-repair-shampoo-300ml-8682083.png?v=1762437509,2025-offers
55.0,EGP,Raw African,Home > عروض 2025 > شامبو فافيلين لإصلاح الشعر بالأرغان المغربي 300 مل > Back to عروض 2025 > جل تعزيز الرموش الخام الأفريقي 5 مل,sold out,https://aldawaaegy.com/ar/collections/2025-offers/products/raw-african-lip-balm-sweet-cherry,https://cdn.shopify.com/s/files/1/0566/6779/9603/files/raw-african-lip-balm-sweet-cherry-9917005.png?v=1762436305,https://cdn.shopify.com/s/files/1/0566/6779/9603/files/raw-african-lip-balm-sweet-cherry-9917005.png?v=1762436305,2025-offers
240.0,EGP,Raw African,Home > عروض 2025 > مرطب الشفاه الأفريقي الخام بالكرز الحلو > Back to عروض 2025 > شان سوثيج جل بوست ليزر 120 جم,in stock,https://aldawaaegy.com/ar/collections/2025-offers/products/raw-african-eyelash-booster-gel-5ml,https://cdn.shopify.com/s/files/1/0566/6779/9603/files/raw-african-eyelash-booster-gel-5ml-9676448.jpg?v=1762437672,https://cdn.shopify.com/s/files/1/0566/6779/9603/files/raw-african-eyelash-booster-gel-5ml-9676448.jpg?v=1762437672,2025-offers
200.0,EGP,Shaan,Home > عروض 2025 > جل تعزيز الرموش الخام الأفريقي 5 مل > Back to عروض 2025 > مناديل ستارفيل ميسيلار المائية 25,sold out,https://aldawaaegy.com/ar/collections/2025-offers/products/shaan-soothig-gel-post-laser-120gm,https://cdn.shopify.com/s/files/1/0566/6779/9603/files/shaan-soothig-gel-post-laser-120gm-7727024.jpg?v=1762436618,https://cdn.shopify.com/s/files/1/0566/6779/9603/files/shaan-soothig-gel-post-laser-120gm-7727024.jpg?v=1762436618,2025-offers
75.0,EGP,Starville,Home > عروض 2025 > شان سوثيج جل بوست ليزر 120 جم > Back to عروض 2025 > سيروم الشعر فافلين المضاد للتجعد 50 مل,in stock,https://aldawaaegy.com/ar/collections/2025-offers/products/starville-micellar-water-wipes-25,https://cdn.shopify.com/s/files/1/0566/6779/9603/files/starville-micellar-water-wipes-25-1131203.png?v=1762437805,https://cdn.shopify.com/s/files/1/0566/6779/9603/files/starville-micellar-water-wipes-25-1131203.png?v=1762437805,2025-offers
370.0,EGP,Favelin,Home > عروض 2025 > مناديل ستارفيل ميسيلار المائية 25 > Back to عروض 2025 > زيت شعر سترونج فيل المتطور 200 مل,in stock,https://aldawaaegy.com/ar/collections/2025-offers/products/favelin-hair-serum-anti-frizz-50ml,https://cdn.shopify.com/s/files/1/0566/6779/9603/files/favelin-hair-serum-anti-frizz-50ml-1067730.webp?v=1762439352,https://cdn.shopify.com/s/files/1/0566/6779/9603/files/favelin-hair-serum-anti-frizz-50ml-1067730.webp?v=1762439352,2025-offers
175.0,EGP,Strongville,Home > عروض 2025 > سيروم الشعر فافلين المضاد للتجعد 50 مل > Back to عروض 2025 > سترونج فيل لوشن الشعر للرجال 100 مل,in stock,https://aldawaaegy.com/ar/collections/2025-offers/products/strongville-hair-oil-advanced-200ml,https://cdn.shopify.com/s/files/1/0566/6779/9603/products/strongville-hair-oil-advanced-200ml-5296588.jpg?v=1762441737,https://cdn.shopify.com/s/files/1/0566/6779/9603/products/strongville-hair-oil-advanced-200ml-5296588.jpg?v=1762441737,2025-offers
295.0,EGP,Strongville,Home > عروض 2025 > زيت شعر سترونج فيل المتطور 200 مل > Back to عروض 2025 > كريم سترالين المطري للوجه والجسم 200 مل,in stock,https://aldawaaegy.com/ar/collections/2025-offers/products/strongville-hair-lotion-men-100ml,https://cdn.shopify.com/s/files/1/0566/6779/9603/products/strongville-hair-lotion-men-spray-100ml-9736204.webp?v=1762441493,https://cdn.shopify.com/s/files/1/0566/6779/9603/products/strongville-hair-lotion-men-spray-100ml-9736204.webp?v=1762441493,2025-offers
326.0,EGP,Straline,Home > عروض 2025 > سترونج فيل لوشن الشعر للرجال 100 مل > Back to عروض 2025 > ستارفيل رول تبييض بالنسيم المنعش 60 مل,in stock,https://aldawaaegy.com/ar/collections/2025-offers/products/straline-emollient-cream-face-body-200ml,https://cdn.shopify.com/s/files/1/0566/6779/9603/files/straline-emollient-cream-facebody-200ml-3069358.jpg?v=1762441732,https://cdn.shopify.com/s/files/1/0566/6779/9603/files/straline-emollient-cream-facebody-200ml-3069358.jpg?v=1762441732,2025-offers
130.0,EGP,Starville,Home > عروض 2025 > كريم سترالين المطري للوجه والجسم 200 مل > Back to عروض 2025 > منظف ​​ألجون للتبييض 200 مل,in stock,https://aldawaaegy.com/ar/collections/2025-offers/products/starville-whitening-roll-on-fresh-breeze-60-ml,https://cdn.shopify.com/s/files/1/0566/6779/9603/files/starville-whitening-roll-on-fresh-breeze-60-ml-8793766.png?v=1762440685,https://cdn.shopify.com/s/files/1/0566/6779/9603/files/starville-whitening-roll-on-fresh-breeze-60-ml-8793766.png?v=1762440685,2025-offers
270.0,EGP,Alejon,Home > عروض 2025 > ستارفيل رول تبييض بالنسيم المنعش 60 مل > Back to عروض 2025 > أليخون جل واقي الشمس بمعامل حماية 50 75 مل,in stock,https://aldawaaegy.com/ar/collections/2025-offers/products/alejon-whitening-cleanser-200ml,https://cdn.shopify.com/s/files/1/0566/6779/9603/products/alejon-whitening-cleanser-200ml-4951076.png?v=1762440813,https://cdn.shopify.com/s/files/1/0566/6779/9603/products/alejon-whitening-cleanser-200ml-4951076.png?v=1762440813,2025-offers
350.0,EGP,Alejon,Home > عروض 2025 > منظف ​​ألجون للتبييض 200 مل > Back to عروض 2025 > كريم مرطب للوجه من أليخون 75 مل,sold out,https://aldawaaegy.com/ar/collections/2025-offers/products/alejon-sun-screen-gel-spf50-75ml,https://cdn.shopify.com/s/files/1/0566/6779/9603/products/62698.png?v=1762196738,https://cdn.shopify.com/s/files/1/0566/6779/9603/products/62698.png?v=1762196738,2025-offers
240.0,EGP,Alejon,Home > عروض 2025 > أليخون جل واقي الشمس بمعامل حماية 50 75 مل > Back to عروض 2025 > مزيل العرق ليلك للتبييض 50 مل,sold out,https://aldawaaegy.com/ar/collections/2025-offers/products/alejon-facial-mois-cream-75ml,https://cdn.shopify.com/s/files/1/0566/6779/9603/files/alejon-facial-mois-cream-75ml-2060055.png?v=1762435719,https://cdn.shopify.com/s/files/1/0566/6779/9603/files/alejon-facial-mois-cream-75ml-2060055.png?v=1762435719,2025-offers
276.0,EGP,LEYLAK,Home > عروض 2025 > كريم مرطب للوجه من أليخون 75 مل > Back to عروض 2025 > منظف ​​البشرة الدهنية من أليجون 200 مل,in stock,https://aldawaaegy.com/ar/collections/2025-offers/products/leylak-whitening-deodrant-50ml,https://cdn.shopify.com/s/files/1/0566/6779/9603/files/leylak-whitening-deodrant-50ml-8106772.png?v=1762438424,https://cdn.shopify.com/s/files/1/0566/6779/9603/files/leylak-whitening-deodrant-50ml-8106772.png?v=1762438424,2025-offers
270.0,EGP,Alejon,Home > عروض 2025 > مزيل العرق ليلك للتبييض 50 مل > Back to عروض 2025 > جل شان المهدئ 60 مل,in stock,https://aldawaaegy.com/ar/collections/2025-offers/products/alejon-oily-skin-cleanser-200ml,https://cdn.shopify.com/s/files/1/0566/6779/9603/files/alejon-oily-skin-cleanser-200ml-2663330.png?v=1762435668,https://cdn.shopify.com/s/files/1/0566/6779/9603/files/alejon-oily-skin-cleanser-200ml-2663330.png?v=1762435668,2025-offers
100.0,EGP,Shaan,Home > عروض 2025 > منظف ​​البشرة الدهنية من أليجون 200 مل > Back to عروض 2025 > كريم تيلوفيل سيكا 50 جرام,in stock,https://aldawaaegy.com/ar/collections/2025-offers/products/shaan-soothing-gel-60ml,https://cdn.shopify.com/s/files/1/0566/6779/9603/files/shaan-soothing-gel-60ml-1138201.webp?v=1762436724,https://cdn.shopify.com/s/files/1/0566/6779/9603/files/shaan-soothing-gel-60ml-1138201.webp?v=1762436724,2025-offers
220.0,EGP,Telofill,Home > عروض 2025 > جل شان المهدئ 60 مل > Back to عروض 2025 > كريم تبييض ستارفيل 60 ملجم,in stock,https://aldawaaegy.com/ar/collections/2025-offers/products/telofill-cica-cream-50gm,https://cdn.shopify.com/s/files/1/0566/6779/9603/files/telofill-cica-cream-50gm-4963961.webp?v=1762436036,https://cdn.shopify.com/s/files/1/0566/6779/9603/files/telofill-cica-cream-50gm-4963961.webp?v=1762436036,2025-offers
130.0,EGP,Starville,Home > عروض 2025 > كريم تيلوفيل سيكا 50 جرام > Back to عروض 2025 > عصا شمع الشعر من أفريكانا 50 مل,in stock,https://aldawaaegy.com/ar/collections/2025-offers/products/starville-whitening-cream-60-mg,https://cdn.shopify.com/s/files/1/0566/6779/9603/files/starville-whitening-cream-60-mg-np-6498749.png?v=1762436235,https://cdn.shopify.com/s/files/1/0566/6779/9603/files/starville-whitening-cream-60-mg-np-6498749.png?v=1762436235,2025-offers
225.0,EGP,AFRICANA,Home > عروض 2025 > كريم تبييض ستارفيل 60 ملجم > Back to عروض 2025 > كريم تيلوفيل لليدين 50 جرام,in stock,https://aldawaaegy.com/ar/collections/2025-offers/products/africana-hair-wax-stick-50ml,https://cdn.shopify.com/s/files/1/0566/6779/9603/files/africana-hair-wax-stick-50ml-2000212.png?v=1762436611,https://cdn.shopify.com/s/files/1/0566/6779/9603/files/africana-hair-wax-stick-50ml-2000212.png?v=1762436611,2025-offers
140.0,EGP,Telofill,Home > عروض 2025 > عصا شمع الشعر من أفريكانا 50 مل > Back to عروض 2025 > سيروم الريتينول من جلامي لاب 30 مل,in stock,https://aldawaaegy.com/ar/collections/2025-offers/products/telofill-hand-cream-50gm,https://cdn.shopify.com/s/files/1/0566/6779/9603/files/telofill-hand-cream-50gm-9710227.jpg?v=1762437684,https://cdn.shopify.com/s/files/1/0566/6779/9603/files/telofill-hand-cream-50gm-9710227.jpg?v=1762437684,2025-offers
510.0,EGP,Glamy,Home > عروض 2025 > كريم تيلوفيل لليدين 50 جرام > Back to عروض 2025 > معطر الجسم إيفا سمر تويست 240 مل,in stock,https://aldawaaegy.com/ar/collections/2025-offers/products/glamy-lab-retinol-serum-30-ml,https://cdn.shopify.com/s/files/1/0566/6779/9603/files/glamy-lab-retinol-b3-booster-serum-30ml-2530477.webp?v=1762436693,https://cdn.shopify.com/s/files/1/0566/6779/9603/files/glamy-lab-retinol-b3-booster-serum-30ml-2530477.webp?v=1762436693,2025-offers
200.0,EGP,Eva,Home > عروض 2025 > سيروم الريتينول من جلامي لاب 30 مل > Back to عروض 2025 > زيت أظافر فافلين 5 مل,in stock,https://aldawaaegy.com/ar/collections/2025-offers/products/eva-summer-twist-body-splash-240-ml,https://cdn.shopify.com/s/files/1/0566/6779/9603/files/eva-body-splash-summer-twist-240ml-3999042.webp?v=1762436844,https://cdn.shopify.com/s/files/1/0566/6779/9603/files/eva-body-splash-summer-twist-240ml-3999042.webp?v=1762436844,2025-offers
255.0,EGP,Favelin,Home > عروض 2025 > معطر الجسم إيفا سمر تويست 240 مل > Back to عروض 2025 > بخاخ لوشن الشعر أليخون 150 مل,in stock,https://aldawaaegy.com/ar/collections/2025-offers/products/favelin-nail-oil-5ml,https://cdn.shopify.com/s/files/1/0566/6779/9603/files/favelin-nail-oil-5ml-3936280.webp?v=1762438859,https://cdn.shopify.com/s/files/1/0566/6779/9603/files/favelin-nail-oil-5ml-3936280.webp?v=1762438859,2025-offers
390.0,EGP,Alejon,Home > عروض 2025 > زيت أظافر فافلين 5 مل > Back to عروض 2025 > تيلوفيل شا محدد ومغذي 200 مل,in stock,https://aldawaaegy.com/ar/collections/2025-offers/products/alejon-hair-lotion-spray-150ml,https://cdn.shopify.com/s/files/1/0566/6779/9603/files/alejon-hair-lotion-spray-150ml-3718545.png?v=1762441823,https://cdn.shopify.com/s/files/1/0566/6779/9603/files/alejon-hair-lotion-spray-150ml-3718545.png?v=1762441823,2025-offers
220.0,EGP,Telofill,Home > عروض 2025 > بخاخ لوشن الشعر أليخون 150 مل > Back to عروض 2025 > ستارفيل رول تبييض بالفانيليا الحلوة 60 مل,in stock,https://aldawaaegy.com/ar/collections/2025-offers/products/telofill-sha-defining-nourish-200-ml,https://cdn.shopify.com/s/files/1/0566/6779/9603/products/telofill-sha-definingnourish-200-ml-4682105.jpg?v=1762441027,https://cdn.shopify.com/s/files/1/0566/6779/9603/products/telofill-sha-definingnourish-200-ml-4682105.jpg?v=1762441027,2025-offers
130.01,EGP,Starville,Home > عروض 2025 > تيلوفيل شا محدد ومغذي 200 مل > Back to عروض 2025 > أليخون كريم واقي الشمس بمعامل حماية 50 75 مل,in stock,https://aldawaaegy.com/ar/collections/2025-offers/products/starville-whitening-roll-on-sweet-vanilla-60-ml,https://cdn.shopify.com/s/files/1/0566/6779/9603/files/starville-whitening-roll-on-sweet-vanilla-60-ml-9952849.jpg?v=1762440908,https://cdn.shopify.com/s/files/1/0566/6779/9603/files/starville-whitening-roll-on-sweet-vanilla-60-ml-9952849.jpg?v=1762440908,2025-offers
275.0,EGP,Alejon,Home > عروض 2025 > ستارفيل رول تبييض بالفانيليا الحلوة 60 مل > Back to عروض 2025 > أليخون كولاجين سيروم 50 مل,in stock,https://aldawaaegy.com/ar/collections/2025-offers/products/alejon-sun-screen-cream-spf50-75ml,https://cdn.shopify.com/s/files/1/0566/6779/9603/files/alejon-sun-screen-cream-spf50-75ml-9702712.png?v=1762441301,https://cdn.shopify.com/s/files/1/0566/6779/9603/files/alejon-sun-screen-cream-spf50-75ml-9702712.png?v=1762441301,2025-offers
350.0,EGP,Alejon,Home > عروض 2025 > أليخون كريم واقي الشمس بمعامل حماية 50 75 مل > Back to عروض 2025 > شامبو أليجون المضاد للقشرة 120 مل,in stock,https://aldawaaegy.com/ar/collections/2025-offers/products/alejon-collagen-serum-50ml,https://cdn.shopify.com/s/files/1/0566/6779/9603/products/alejon-collagen-serum-50ml-2749295.png?v=1762441616,https://cdn.shopify.com/s/files/1/0566/6779/9603/products/alejon-collagen-serum-50ml-2749295.png?v=1762441616,2025-offers
200.0,EGP,Alejon,Home > عروض 2025 > أليخون كولاجين سيروم 50 مل > Back to عروض 2025 > جلامي كريم التبييض بعامل حماية من الشمس 30 50 جم,in stock,https://aldawaaegy.com/ar/collections/2025-offers/products/alejon-anti-dandruff-shampoo-120ml,https://cdn.shopify.com/s/files/1/0566/6779/9603/products/alejon-anti-dandruff-shampoo-120ml-7812855.webp?v=1762441305,https://cdn.shopify.com/s/files/1/0566/6779/9603/products/alejon-anti-dandruff-shampoo-120ml-7812855.webp?v=1762441305,2025-offers
460.0,EGP,Glamy,Home > عروض 2025 > شامبو أليجون المضاد للقشرة 120 مل > Back to عروض 2025 > كريم أليخون للعناية باليدين والأظافر 75 جرام,in stock,https://aldawaaegy.com/ar/collections/2025-offers/products/glamy-whitening-spf30-cream-50-gm,https://cdn.shopify.com/s/files/1/0566/6779/9603/products/glamy-lab-whitening-spf30-cream-50-gm-6350408.webp?v=1762441683,https://cdn.shopify.com/s/files/1/0566/6779/9603/products/glamy-lab-whitening-spf30-cream-50-gm-6350408.webp?v=1762441683,2025-offers
160.0,EGP,Alejon,Home > عروض 2025 > جلامي كريم التبييض بعامل حماية من الشمس 30 50 جم > Back to عروض 2025 > سيروم ليلاك هيالو سيكا 30 مل,sold out,https://aldawaaegy.com/ar/collections/2025-offers/products/alejon-hand-nail-cream-75-gm,https://cdn.shopify.com/s/files/1/0566/6779/9603/files/alejon-handnail-cream-75-gm-6610492.png?v=1762436918,https://cdn.shopify.com/s/files/1/0566/6779/9603/files/alejon-handnail-cream-75-gm-6610492.png?v=1762436918,2025-offers
389.0,EGP,LEYLAK,Home > عروض 2025 > كريم أليخون للعناية باليدين والأظافر 75 جرام > Back to عروض 2025 > كريم أليجون بعد الليزر 75 جرام,in stock,https://aldawaaegy.com/ar/collections/2025-offers/products/leylak-hyalu-cica-serum-30ml,https://cdn.shopify.com/s/files/1/0566/6779/9603/files/leylak-hyalu-cica-serum-30ml-7614130.png?v=1762437913,https://cdn.shopify.com/s/files/1/0566/6779/9603/files/leylak-hyalu-cica-serum-30ml-7614130.png?v=1762437913,2025-offers
185.0,EGP,Alejon,Home > عروض 2025 > سيروم ليلاك هيالو سيكا 30 مل > Back to عروض 2025 > جل مرطب للوجه من أليجون 75 مل,in stock,https://aldawaaegy.com/ar/collections/2025-offers/products/alejon-post-laser-cream-75gm,https://cdn.shopify.com/s/files/1/0566/6779/9603/files/alejon-post-laser-cream-75gm-5689762.png?v=1762438061,https://cdn.shopify.com/s/files/1/0566/6779/9603/files/alejon-post-laser-cream-75gm-5689762.png?v=1762438061,2025-offers
240.0,EGP,Alejon,Home > عروض 2025 > كريم أليجون بعد الليزر 75 جرام > Back to عروض 2025 > زيت الجسم ليلك 150 مل,in stock,https://aldawaaegy.com/ar/collections/2025-offers/products/alejon-facial-moisturizer-gel-75-ml,https://cdn.shopify.com/s/files/1/0566/6779/9603/files/alejon-facial-moisturizer-gel-75-ml-9784497.png?v=1762437523,https://cdn.shopify.com/s/files/1/0566/6779/9603/files/alejon-facial-moisturizer-gel-75-ml-9784497.png?v=1762437523,2025-offers
331.0,EGP,LEYLAK,Home > عروض 2025 > جل مرطب للوجه من أليجون 75 مل > Back to عروض 2025 > جل التنظيف ليلاك 200 مل,in stock,https://aldawaaegy.com/ar/collections/2025-offers/products/leylak-body-oil-150ml,https://cdn.shopify.com/s/files/1/0566/6779/9603/files/leylak-body-oil-150ml-4891674.png?v=1762436234,https://cdn.shopify.com/s/files/1/0566/6779/9603/files/leylak-body-oil-150ml-4891674.png?v=1762436234,2025-offers
289.0,EGP,LEYLAK,Home > عروض 2025 > زيت الجسم ليلك 150 مل > Back to عروض 2025 > مرطب شفاه ايفا بالكرز الحلو 4 جرام,in stock,https://aldawaaegy.com/ar/collections/2025-offers/products/leylak-cleansing-gel-200ml,https://cdn.shopify.com/s/files/1/0566/6779/9603/files/leylak-cleansing-gel-200ml-8366939.webp?v=1762435520,https://cdn.shopify.com/s/files/1/0566/6779/9603/files/leylak-cleansing-gel-200ml-8366939.webp?v=1762435520,2025-offers
70.0,EGP,EVA,Home > عروض 2025 > جل التنظيف ليلاك 200 مل > Back to عروض 2025 > منظف ​​ستارفيل وايت 100 مل,in stock,https://aldawaaegy.com/ar/collections/2025-offers/products/eva-lip-balm-sweet-cherry-4gm,https://cdn.shopify.com/s/files/1/0566/6779/9603/files/eva-lip-balm-sweet-cherry-4gm-9123096.webp?v=1762436147,https://cdn.shopify.com/s/files/1/0566/6779/9603/files/eva-lip-balm-sweet-cherry-4gm-9123096.webp?v=1762436147,2025-offers
80.0,EGP,Starville,Home > عروض 2025 > مرطب شفاه ايفا بالكرز الحلو 4 جرام > Back to عروض 2025 > مرطب شفاه ايفا بنكهة الفانيليا وجوز الهند 4 جرام,sold out,https://aldawaaegy.com/ar/collections/2025-offers/products/starville-cleanser-whit-100ml,https://cdn.shopify.com/s/files/1/0566/6779/9603/files/starville-cleanser-whit-100ml-3560172.png?v=1762436007,https://cdn.shopify.com/s/files/1/0566/6779/9603/files/starville-cleanser-whit-100ml-3560172.png?v=1762436007,2025-offers
70.0,EGP,EVA,Home > عروض 2025 > منظف ​​ستارفيل وايت 100 مل > Back to عروض 2025 > رذاذ الجسم تيلوفيل ميدنايت باشن 250 مل,in stock,https://aldawaaegy.com/ar/collections/2025-offers/products/eva-lip-balm-vanilla-coconut-4gm,https://cdn.shopify.com/s/files/1/0566/6779/9603/files/eva-lip-balm-vanilla-coconut-4gm-1085978.webp?v=1762436144,https://cdn.shopify.com/s/files/1/0566/6779/9603/files/eva-lip-balm-vanilla-coconut-4gm-1085978.webp?v=1762436144,2025-offers
280.0,EGP,Telofill,Home > عروض 2025 > مرطب شفاه ايفا بنكهة الفانيليا وجوز الهند 4 جرام > Back to عروض 2025 > مقشر الجسم تيلوفيل بخلاصة التوت البري 250 مل,in stock,https://aldawaaegy.com/ar/collections/2025-offers/products/telofill-body-mist-midnight-passion-250ml,https://cdn.shopify.com/s/files/1/0566/6779/9603/files/telofill-body-mist-midnight-passion-250ml-3602914.jpg?v=1762436479,https://cdn.shopify.com/s/files/1/0566/6779/9603/files/telofill-body-mist-midnight-passion-250ml-3602914.jpg?v=1762436479,2025-offers
300.0,EGP,Telofill,Home > عروض 2025 > رذاذ الجسم تيلوفيل ميدنايت باشن 250 مل > Back to عروض 2025 > زيت فافلين الجاف 50 مل,in stock,https://aldawaaegy.com/ar/collections/2025-offers/products/telofill-body-scrub-very-berry-250ml,https://cdn.shopify.com/s/files/1/0566/6779/9603/files/telofill-body-scrub-very-berry-250ml-4166084.jpg?v=1762438029,https://cdn.shopify.com/s/files/1/0566/6779/9603/files/telofill-body-scrub-very-berry-250ml-4166084.jpg?v=1762438029,2025-offers
499.0,EGP,Favelin,Home > عروض 2025 > مقشر الجسم تيلوفيل بخلاصة التوت البري 250 مل > Back to عروض 2025 > معطر الجسم فافيلين إنتو ذا وايلدز 250 مل,in stock,https://aldawaaegy.com/ar/collections/2025-offers/products/favelin-dry-oil-50ml,https://cdn.shopify.com/s/files/1/0566/6779/9603/files/favelin-dry-oil-50ml-3379151.png?v=1762436699,https://cdn.shopify.com/s/files/1/0566/6779/9603/files/favelin-dry-oil-50ml-3379151.png?v=1762436699,2025-offers
475.0,EGP,Favelin,Home > عروض 2025 > زيت فافلين الجاف 50 مل > Back to عروض 2025 > شامبو مرطب للشعر من فافلين هولي هايدريشن 300 مل,sold out,https://aldawaaegy.com/ar/collections/2025-offers/products/favelin-into-the-wilds-body-splash-250ml,https://cdn.shopify.com/s/files/1/0566/6779/9603/files/favelin-into-the-wilds-body-splash-250ml-4949457.png?v=1762437105,https://cdn.shopify.com/s/files/1/0566/6779/9603/files/favelin-into-the-wilds-body-splash-250ml-4949457.png?v=1762437105,2025-offers
299.0,EGP,Favelin,Home > عروض 2025 > معطر الجسم فافيلين إنتو ذا وايلدز 250 مل > Back to عروض 2025 > مرطب الشفاه الخام الأفريقي بجوز الهند,in stock,https://aldawaaegy.com/ar/collections/2025-offers/products/favelin-holy-hydration-hydrating-shampoo-300ml,https://cdn.shopify.com/s/files/1/0566/6779/9603/files/favelin-holy-hydration-hydrating-shampoo-300ml-3929839.png?v=1762436618,https://cdn.shopify.com/s/files/1/0566/6779/9603/files/favelin-holy-hydration-hydrating-shampoo-300ml-3929839.png?v=1762436618,2025-offers
66.0,EGP,Raw African,Home > عروض 2025 > شامبو مرطب للشعر من فافلين هولي هايدريشن 300 مل > Back to عروض 2025 > أوراق الأفوكادو الأفريقية الخام 250 جرام,sold out,https://aldawaaegy.com/ar/collections/2025-offers/products/raw-african-lip-balm-coconut,https://cdn.shopify.com/s/files/1/0566/6779/9603/files/raw-african-lip-balm-coconut-3034851.png?v=1762439741,https://cdn.shopify.com/s/files/1/0566/6779/9603/files/raw-african-lip-balm-coconut-3034851.png?v=1762439741,2025-offers
292.0,EGP,Raw African,Home > عروض 2025 > مرطب الشفاه الخام الأفريقي بجوز الهند > Back to عروض 2025 > تيتيلو بلس بخاخ كيريستور لتساقط الشعر 150 مل,in stock,https://aldawaaegy.com/ar/collections/2025-offers/products/raw-african-curl-avocado-leave-in-250gm,https://cdn.shopify.com/s/files/1/0566/6779/9603/files/raw-african-curl-avocado-leave-in-250gm-9465344.png?v=1762437033,https://cdn.shopify.com/s/files/1/0566/6779/9603/files/raw-african-curl-avocado-leave-in-250gm-9465344.png?v=1762437033,2025-offers
350.0,EGP,Tettello,Home > عروض 2025 > أوراق الأفوكادو الأفريقية الخام 250 جرام > Back to عروض 2025 > كريم تيترا جلو للعناية الليلية بالوجه والرقبة 30 جرام,in stock,https://aldawaaegy.com/ar/collections/2025-offers/products/tettello-plus-hair-loss-kerestore-spray-150ml,https://cdn.shopify.com/s/files/1/0566/6779/9603/files/tettello-plus-hair-loss-kerestore-spray-150ml-3774302.png?v=1762436450,https://cdn.shopify.com/s/files/1/0566/6779/9603/files/tettello-plus-hair-loss-kerestore-spray-150ml-3774302.png?v=1762436450,2025-offers
335.0,EGP,TETRA GLOW,Home > عروض 2025 > تيتيلو بلس بخاخ كيريستور لتساقط الشعر 150 مل > Back to عروض 2025 > سيروم الرموش إكستريم من سيروبايب (رموش 10 مل),in stock,https://aldawaaegy.com/ar/collections/2025-offers/products/tetra-glow-care-face-neck-30gm,https://cdn.shopify.com/s/files/1/0566/6779/9603/files/tetra-glow-nightcare-faceneck-30gm-6952493.jpg?v=1763160623,https://cdn.shopify.com/s/files/1/0566/6779/9603/files/tetra-glow-nightcare-faceneck-30gm-6952493.jpg?v=1763160623,2025-offers
295.0,EGP,Seropipe,Home > عروض 2025 > كريم تيترا جلو للعناية الليلية بالوجه والرقبة 30 جرام > Back to عروض 2025 > أمبولات الشعر سيروبايب,in stock,https://aldawaaegy.com/ar/collections/2025-offers/products/seropipe-extreme-lashes-serum-eyelash-10-ml,https://cdn.shopify.com/s/files/1/0566/6779/9603/files/seropipe-extreme-lashes-serum-eyelash-10-ml-4438212.png?v=1762436678,https://cdn.shopify.com/s/files/1/0566/6779/9603/files/seropipe-extreme-lashes-serum-eyelash-10-ml-4438212.png?v=1762436678,2025-offers
455.0,EGP,Seropipe,Home > عروض 2025 > سيروم الرموش إكستريم من سيروبايب (رموش 10 مل) > Back to عروض 2025 > شان منظف نسائي 250 مل,in stock,https://aldawaaegy.com/ar/collections/2025-offers/products/seropipe-hair-ampoules,https://cdn.shopify.com/s/files/1/0566/6779/9603/files/seropipe-hair-dropper-10-ml-vials-8328522.png?v=1762437684,https://cdn.shopify.com/s/files/1/0566/6779/9603/files/seropipe-hair-dropper-10-ml-vials-8328522.png?v=1762437684,2025-offers
160.0,EGP,Shaan,Home > عروض 2025 > أمبولات الشعر سيروبايب > Back to عروض 2025 > معطر الجسم إيفا ريد جلامور 240 مل,in stock,https://aldawaaegy.com/ar/collections/2025-offers/products/shaan-feminine-cleanser-250ml,https://cdn.shopify.com/s/files/1/0566/6779/9603/files/shaan-feminine-cleanser-250ml-1785515.png?v=1762437188,https://cdn.shopify.com/s/files/1/0566/6779/9603/files/shaan-feminine-cleanser-250ml-1785515.png?v=1762437188,2025-offers
226.0,EGP,Eva,Home > عروض 2025 > شان منظف نسائي 250 مل > Back to عروض 2025 > معطر الجسم إيفا جولد سبيل 240 مل,in stock,https://aldawaaegy.com/ar/collections/2025-offers/products/eva-red-glamour-body-splash-240-ml,https://cdn.shopify.com/s/files/1/0566/6779/9603/files/eva-body-splash-red-glamour-240ml-3857315.webp?v=1762437546,https://cdn.shopify.com/s/files/1/0566/6779/9603/files/eva-body-splash-red-glamour-240ml-3857315.webp?v=1762437546,2025-offers
200.0,EGP,Eva,Home > عروض 2025 > معطر الجسم إيفا ريد جلامور 240 مل > Back to عروض 2025 > لوشن إيفا ريسيبي بجوز الهند 370 مل,in stock,https://aldawaaegy.com/ar/collections/2025-offers/products/eva-gold-spell-body-splash-240ml,https://cdn.shopify.com/s/files/1/0566/6779/9603/files/eva-body-splash-gold-spell-240ml-9659135.jpg?v=1762437219,https://cdn.shopify.com/s/files/1/0566/6779/9603/files/eva-body-splash-gold-spell-240ml-9659135.jpg?v=1762437219,2025-offers
175.0,EGP,Eva,Home > عروض 2025 > معطر الجسم إيفا جولد سبيل 240 مل > Back to عروض 2025 > مناديل ستارفيل ميسيلار المائية 50,in stock,https://aldawaaegy.com/ar/collections/2025-offers/products/eva-recipe-lotion-coconut-370-ml,https://cdn.shopify.com/s/files/1/0566/6779/9603/files/eva-recipe-lotion-coconut-370ml-8819526.webp?v=1762437311,https://cdn.shopify.com/s/files/1/0566/6779/9603/files/eva-recipe-lotion-coconut-370ml-8819526.webp?v=1762437311,2025-offers
125.0,EGP,Starville,Home > عروض 2025 > لوشن إيفا ريسيبي بجوز الهند 370 مل > Back to عروض 2025 > قناع تفتيح ميلاتكس 50 جم,in stock,https://aldawaaegy.com/ar/collections/2025-offers/products/starville-micellar-water-wipes-50,https://cdn.shopify.com/s/files/1/0566/6779/9603/files/starville-micellar-water-wipes-50-5804795.png?v=1762438467,https://cdn.shopify.com/s/files/1/0566/6779/9603/files/starville-micellar-water-wipes-50-5804795.png?v=1762438467,2025-offers
305.0,EGP,Melatex,Home > عروض 2025 > مناديل ستارفيل ميسيلار المائية 50 > Back to عروض 2025 > زيت معزز أفريقي خام للحواجب 15 مل,in stock,https://aldawaaegy.com/ar/collections/2025-offers/products/melatex-lightening-mask-50gm,https://cdn.shopify.com/s/files/1/0566/6779/9603/files/melatex-lightening-mask-50gm-7152469.jpg?v=1762438250,https://cdn.shopify.com/s/files/1/0566/6779/9603/files/melatex-lightening-mask-50gm-7152469.jpg?v=1762438250,2025-offers
275.0,EGP,Raw afriacan,Home > عروض 2025 > قناع تفتيح ميلاتكس 50 جم > Back to عروض 2025 > رول تبييض ستارفيل وردي فاتح برائحة جوز الهند 60 مل,in stock,https://aldawaaegy.com/ar/collections/2025-offers/products/raw-african-booster-oil-eye-brows-15ml,https://cdn.shopify.com/s/files/1/0566/6779/9603/files/raw-african-booster-oil-eye-brows-15ml-7788947.webp?v=1762438667,https://cdn.shopify.com/s/files/1/0566/6779/9603/files/raw-african-booster-oil-eye-brows-15ml-7788947.webp?v=1762438667,2025-offers
150.0,EGP,Starville,Home > عروض 2025 > زيت معزز أفريقي خام للحواجب 15 مل > Back to عروض 2025 > مرطب الشفاه سترالين 5 مل,in stock,https://aldawaaegy.com/ar/collections/2025-offers/products/starville-whitening-roll-on-light-pink-with-coconut-scent-60-ml,https://cdn.shopify.com/s/files/1/0566/6779/9603/files/starville-whitening-roll-on-light-pink-with-coconut-scent-60-ml-8616904.png?v=1762439467,https://cdn.shopify.com/s/files/1/0566/6779/9603/files/starville-whitening-roll-on-light-pink-with-coconut-scent-60-ml-8616904.png?v=1762439467,2025-offers
126.0,EGP,Straline,Home > عروض 2025 > رول تبييض ستارفيل وردي فاتح برائحة جوز الهند 60 مل > Back to عروض 2025 > منظف ​​سترالين الغني للوجه والجسم 200 مل,in stock,https://aldawaaegy.com/ar/collections/2025-offers/products/straline-lip-balm-5gm,https://cdn.shopify.com/s/files/1/0566/6779/9603/files/straline-lip-balm-5gm-3505211.webp?v=1762439619,https://cdn.shopify.com/s/files/1/0566/6779/9603/files/straline-lip-balm-5gm-3505211.webp?v=1762439619,2025-offers
243.0,EGP,Straline,Home > عروض 2025 > مرطب الشفاه سترالين 5 مل > Back to عروض 2025 > تيلوفيل مقشر الجسم بجوز الهند 250 مل,in stock,https://aldawaaegy.com/ar/collections/2025-offers/products/straline-rich-cleanser-face-body-200ml,https://cdn.shopify.com/s/files/1/0566/6779/9603/files/straline-rich-cleanser-facebody-200ml-5776315.jpg?v=1762439738,https://cdn.shopify.com/s/files/1/0566/6779/9603/files/straline-rich-cleanser-facebody-200ml-5776315.jpg?v=1762439738,2025-offers
210.0,EGP,Telofill,Home > عروض 2025 > منظف ​​سترالين الغني للوجه والجسم 200 مل > Back to عروض 2025 > حليب الجسم سترالين 200 مل,sold out,https://aldawaaegy.com/ar/collections/2025-offers/products/telofill-body-scrub-coconut-250ml,https://cdn.shopify.com/s/files/1/0566/6779/9603/products/telofill-body-scrub-coconut-250ml-4145276.jpg?v=1762441335,https://cdn.shopify.com/s/files/1/0566/6779/9603/products/telofill-body-scrub-coconut-250ml-4145276.jpg?v=1762441335,2025-offers
357.0,EGP,Straline,Home > عروض 2025 > تيلوفيل مقشر الجسم بجوز الهند 250 مل > Back to عروض 2025 > رول معطر للتفتيح من ستارفيل,in stock,https://aldawaaegy.com/ar/collections/2025-offers/products/straline-body-milk-200ml,https://cdn.shopify.com/s/files/1/0566/6779/9603/files/straline-body-milk-200ml-5473104.jpg?v=1762440078,https://cdn.shopify.com/s/files/1/0566/6779/9603/files/straline-body-milk-200ml-5473104.jpg?v=1762440078,2025-offers
140.0,EGP,Starville,Home > عروض 2025 > حليب الجسم سترالين 200 مل > Back to عروض 2025 > ستارفيل جل التبييض نايجيت كير 60,in stock,https://aldawaaegy.com/ar/collections/2025-offers/products/starville-witening-fragrance-roll-on,https://cdn.shopify.com/s/files/1/0566/6779/9603/files/starville-witening-fragrance-rollon-1976784.png?v=1762440752,https://cdn.shopify.com/s/files/1/0566/6779/9603/files/starville-witening-fragrance-rollon-1976784.png?v=1762440752,2025-offers
135.0,EGP,Starville,Home > عروض 2025 > رول معطر للتفتيح من ستارفيل > Back to عروض 2025 > ستارفيل منظف الوجه للبشرة المعرضة لحب الشباب 100 مل,in stock,https://aldawaaegy.com/ar/collections/2025-offers/products/starville-whitening-gel-nighit-care-60,https://cdn.shopify.com/s/files/1/0566/6779/9603/files/starville-whitening-nighit-care-gel-60-gm-4708306.png?v=1762440283,https://cdn.shopify.com/s/files/1/0566/6779/9603/files/starville-whitening-nighit-care-gel-60-gm-4708306.png?v=1762440283,2025-offers
80.0,EGP,Starville,Home > عروض 2025 > ستارفيل جل التبييض نايجيت كير 60 > Back to عروض 2025 > أليخون سيروم للشعر بالأرجان 50 مل,sold out,https://aldawaaegy.com/ar/collections/2025-offers/products/starville-acne-prone-skin-facial-cleanser-100-ml,https://cdn.shopify.com/s/files/1/0566/6779/9603/files/starville-acne-prone-skin-facial-cleanser-100-ml-4911187.png?v=1762440269,https://cdn.shopify.com/s/files/1/0566/6779/9603/files/starville-acne-prone-skin-facial-cleanser-100-ml-4911187.png?v=1762440269,2025-offers
295.0,EGP,Alejon,Home > عروض 2025 > ستارفيل منظف الوجه للبشرة المعرضة لحب الشباب 100 مل > Back to عروض 2025 > أليجون قارورة ضد تساقط الشعر 3مل*15 قارورة,in stock,https://aldawaaegy.com/ar/collections/2025-offers/products/alejon-hair-serum-argan-50-ml,https://cdn.shopify.com/s/files/1/0566/6779/9603/products/alejon-hair-serum-argan-50-ml-9661942.png?v=1762441138,https://cdn.shopify.com/s/files/1/0566/6779/9603/products/alejon-hair-serum-argan-50-ml-9661942.png?v=1762441138,2025-offers
650.0,EGP,Alejon,Home > عروض 2025 > أليخون سيروم للشعر بالأرجان 50 مل > Back to عروض 2025 > ليلك هيالو نياسيناميد سيروم 30 مل,in stock,https://aldawaaegy.com/ar/collections/2025-offers/products/alejon-anti-hair-loss-vials-3ml-15-vials,https://cdn.shopify.com/s/files/1/0566/6779/9603/files/alejon-anti-hair-loss-vials-3ml15-vials-9245893.png?v=1762440917,https://cdn.shopify.com/s/files/1/0566/6779/9603/files/alejon-anti-hair-loss-vials-3ml15-vials-9245893.png?v=1762440917,2025-offers
389.0,EGP,LEYLAK,Home > عروض 2025 > أليجون قارورة ضد تساقط الشعر 3مل*15 قارورة > Back to عروض 2025 > جل الصبار الأفريقي الخام 150 جرام,in stock,https://aldawaaegy.com/ar/collections/2025-offers/products/leylak-hyalu-niacinamide-serum-30ml,https://cdn.shopify.com/s/files/1/0566/6779/9603/files/leylak-hyalu-niacinamide-serum-30ml-6014792.png?v=1762436486,https://cdn.shopify.com/s/files/1/0566/6779/9603/files/leylak-hyalu-niacinamide-serum-30ml-6014792.png?v=1762436486,2025-offers
156.0,EGP,RAW AFRICAN,Home > عروض 2025 > ليلك هيالو نياسيناميد سيروم 30 مل > Back to عروض 2025 > مرطب شفاه ايفا بنكهة البطيخ 4 جرام,sold out,https://aldawaaegy.com/ar/collections/2025-offers/products/raw-african-aloe-vera-gel-150gm,https://cdn.shopify.com/s/files/1/0566/6779/9603/files/raw-african-aloe-vera-gel-150gm-5529346.png?v=1762435523,https://cdn.shopify.com/s/files/1/0566/6779/9603/files/raw-african-aloe-vera-gel-150gm-5529346.png?v=1762435523,2025-offers
70.0,EGP,EVA,Home > عروض 2025 > جل الصبار الأفريقي الخام 150 جرام > Back to عروض 2025 > جرعة تعزيز كلاري 30 مل,in stock,https://aldawaaegy.com/ar/collections/2025-offers/products/eva-lip-balm-watermelon-4gm,https://cdn.shopify.com/s/files/1/0566/6779/9603/files/eva-lip-balm-watermelon-4gm-3922205.webp?v=1762435699,https://cdn.shopify.com/s/files/1/0566/6779/9603/files/eva-lip-balm-watermelon-4gm-3922205.webp?v=1762435699,2025-offers
450.0,EGP,Clary,Home > عروض 2025 > مرطب شفاه ايفا بنكهة البطيخ 4 جرام > Back to عروض 2025 > رذاذ الشعر كلاري 200 مل,in stock,https://aldawaaegy.com/ar/collections/2025-offers/products/clary-booster-shot-30-ml,https://cdn.shopify.com/s/files/1/0566/6779/9603/files/clary-booster-shot-30-ml-2454613.webp?v=1762436029,https://cdn.shopify.com/s/files/1/0566/6779/9603/files/clary-booster-shot-30-ml-2454613.webp?v=1762436029,2025-offers
200.0,EGP,Clary,Home > عروض 2025 > جرعة تعزيز كلاري 30 مل > Back to عروض 2025 > مزيل المكياج شان 200 مل,in stock,https://aldawaaegy.com/ar/collections/2025-offers/products/clary-hair-mist-200ml,https://cdn.shopify.com/s/files/1/0566/6779/9603/files/clary-hair-mist-200ml-6981740.webp?v=1762436009,https://cdn.shopify.com/s/files/1/0566/6779/9603/files/clary-hair-mist-200ml-6981740.webp?v=1762436009,2025-offers
220.0,EGP,Shaan,Home > عروض 2025 > رذاذ الشعر كلاري 200 مل > Back to عروض 2025 > رغوة التنظيف الحميمة من ستارفيل للنساء 150 مل,sold out,https://aldawaaegy.com/ar/collections/2025-offers/products/shaan-make-up-remover-200ml,https://cdn.shopify.com/s/files/1/0566/6779/9603/files/shaan-make-up-remover-200ml-5365456.webp?v=1762435667,https://cdn.shopify.com/s/files/1/0566/6779/9603/files/shaan-make-up-remover-200ml-5365456.webp?v=1762435667,2025-offers
230.0,EGP,Starville,Home > عروض 2025 > مزيل المكياج شان 200 مل > Back to عروض 2025 > ستارفيل رول اون برائحة لؤلؤة الشرق 60 مل,in stock,https://aldawaaegy.com/ar/collections/2025-offers/products/starville-femme-intimate-cleansing-foam-hydrate-150ml,https://cdn.shopify.com/s/files/1/0566/6779/9603/files/starville-femme-intimate-cleansing-foam-hydrate-150ml-5617912.png?v=1762435807,https://cdn.shopify.com/s/files/1/0566/6779/9603/files/starville-femme-intimate-cleansing-foam-hydrate-150ml-5617912.png?v=1762435807,2025-offers
130.01,EGP,Starville,Home > عروض 2025 > رغوة التنظيف الحميمة من ستارفيل للنساء 150 مل > Back to عروض 2025 > سيروم حمض الهيالورونيك من ستارفيل 30 مل,in stock,https://aldawaaegy.com/ar/collections/2025-offers/products/starville-roll-on-orient-pearl-scent-60ml,https://cdn.shopify.com/s/files/1/0566/6779/9603/files/starville-roll-on-orient-pearl-scent-60ml-1672020.png?v=1762435724,https://cdn.shopify.com/s/files/1/0566/6779/9603/files/starville-roll-on-orient-pearl-scent-60ml-1672020.png?v=1762435724,2025-offers
290.0,EGP,Starville,Home > عروض 2025 > ستارفيل رول اون برائحة لؤلؤة الشرق 60 مل > Back to عروض 2025 > شامبو افريكانا بزيت الأرجان 225 مل,in stock,https://aldawaaegy.com/ar/collections/2025-offers/products/starville-hyaluronic-acid-serum-30ml,https://cdn.shopify.com/s/files/1/0566/6779/9603/files/starville-hyaluronic-acid-serum-30ml-9276142.png?v=1762436730,https://cdn.shopify.com/s/files/1/0566/6779/9603/files/starville-hyaluronic-acid-serum-30ml-9276142.png?v=1762436730,2025-offers
129.0,EGP,AFRICANA,Home > عروض 2025 > سيروم حمض الهيالورونيك من ستارفيل 30 مل > Back to عروض 2025 > زيت إكليل الجبل الأفريقي 25 مل,in stock,https://aldawaaegy.com/ar/collections/2025-offers/products/africana-shampoo-argan-oil-225ml,https://cdn.shopify.com/s/files/1/0566/6779/9603/files/africana-shampoo-argan-oil-225ml-9034690.png?v=1762441338,https://cdn.shopify.com/s/files/1/0566/6779/9603/files/africana-shampoo-argan-oil-225ml-9034690.png?v=1762441338,2025-offers
195.0,EGP,AFRICANA,Home > عروض 2025 > شامبو افريكانا بزيت الأرجان 225 مل > Back to عروض 2025 > قناع الشعر بزيت الأرجان من أفريكانا 200 جرام,sold out,https://aldawaaegy.com/ar/collections/2025-offers/products/africana-rosemary-oil-25ml,https://cdn.shopify.com/s/files/1/0566/6779/9603/files/africana-rosemary-oil-25ml-3460359.png?v=1762435925,https://cdn.shopify.com/s/files/1/0566/6779/9603/files/africana-rosemary-oil-25ml-3460359.png?v=1762435925,2025-offers
149.0,EGP,AFRICANA,Home > عروض 2025 > زيت إكليل الجبل الأفريقي 25 مل > Back to عروض 2025 > رذاذ الجسم تيلوفيل باللون الوردي 250 مل,sold out,https://aldawaaegy.com/ar/collections/2025-offers/products/africana-argan-oil-hair-mask-200g-m,https://cdn.shopify.com/s/files/1/0566/6779/9603/files/africana-argan-oil-hair-mask-225gm-2007670.png?v=1762436144,https://cdn.shopify.com/s/files/1/0566/6779/9603/files/africana-argan-oil-hair-mask-225gm-2007670.png?v=1762436144,2025-offers
280.0,EGP,Telofill,Home > عروض 2025 > قناع الشعر بزيت الأرجان من أفريكانا 200 جرام > Back to عروض 2025 > مقشر الجسم تيلوفيل كاندي لاش 250 مل,in stock,https://aldawaaegy.com/ar/collections/2025-offers/products/telofill-body-mist-pink-blush-250ml,https://cdn.shopify.com/s/files/1/0566/6779/9603/files/telofill-body-mist-pink-blush-250ml-8333031.jpg?v=1762436003,https://cdn.shopify.com/s/files/1/0566/6779/9603/files/telofill-body-mist-pink-blush-250ml-8333031.jpg?v=1762436003,2025-offers
300.0,EGP,Telofill,Home > عروض 2025 > رذاذ الجسم تيلوفيل باللون الوردي 250 مل > Back to عروض 2025 > مقشر الجسم تيلوفيل بالحليب والعسل 250 مل,in stock,https://aldawaaegy.com/ar/collections/2025-offers/products/telofill-body-scrub-candy-lush-250ml,https://cdn.shopify.com/s/files/1/0566/6779/9603/files/telofill-body-scrub-candy-lush-250ml-5681485.jpg?v=1762436149,https://cdn.shopify.com/s/files/1/0566/6779/9603/files/telofill-body-scrub-candy-lush-250ml-5681485.jpg?v=1762436149,2025-offers
260.0,EGP,Telofill,Home > عروض 2025 > مقشر الجسم تيلوفيل كاندي لاش 250 مل > Back to عروض 2025 > لوشن الجسم تيلوفيل كاندي لاش 250 مل,in stock,https://aldawaaegy.com/ar/collections/2025-offers/products/telofill-body-scrub-milk-honey-250ml,https://cdn.shopify.com/s/files/1/0566/6779/9603/files/telofill-body-scrub-milkhoney-250ml-8855004.jpg?v=1762435917,https://cdn.shopify.com/s/files/1/0566/6779/9603/files/telofill-body-scrub-milkhoney-250ml-8855004.jpg?v=1762435917,2025-offers
300.0,EGP,Telofill,Home > عروض 2025 > مقشر الجسم تيلوفيل بالحليب والعسل 250 مل > Back to عروض 2025 > لوشن الجسم تيلوفيل بالحليب والعسل 250 مل,in stock,https://aldawaaegy.com/ar/collections/2025-offers/products/telofill-body-lotion-candy-lush-250ml,https://cdn.shopify.com/s/files/1/0566/6779/9603/files/telofill-body-lotion-candy-lush-250ml-5996343.jpg?v=1762436040,https://cdn.shopify.com/s/files/1/0566/6779/9603/files/telofill-body-lotion-candy-lush-250ml-5996343.jpg?v=1762436040,2025-offers
300.0,EGP,Telofill,Home > عروض 2025 > لوشن الجسم تيلوفيل كاندي لاش 250 مل > Back to عروض 2025 > بلسم مرطب للشعر من فافيلين هولي هايدريشن 300 مل,in stock,https://aldawaaegy.com/ar/collections/2025-offers/products/telofill-body-lotion-milk-honey-250ml,https://cdn.shopify.com/s/files/1/0566/6779/9603/files/telofill-body-lotion-milkhoney-250ml-3315128.jpg?v=1762436724,https://cdn.shopify.com/s/files/1/0566/6779/9603/files/telofill-body-lotion-milkhoney-250ml-3315128.jpg?v=1762436724,2025-offers
299.0,EGP,Favelin,Home > عروض 2025 > لوشن الجسم تيلوفيل بالحليب والعسل 250 مل > Back to عروض 2025 > بلسم إصلاح الشعر بالأرغان المغربي من فافيلين 300 مل,in stock,https://aldawaaegy.com/ar/collections/2025-offers/products/favelin-holy-hydration-hydrating-conditioner-300ml,https://cdn.shopify.com/s/files/1/0566/6779/9603/files/favelin-holy-hydration-hydrating-conditioner-300ml-1703609.png?v=1762436150,https://cdn.shopify.com/s/files/1/0566/6779/9603/files/favelin-holy-hydration-hydrating-conditioner-300ml-1703609.png?v=1762436150,2025-offers
290.0,EGP,Favelin,Home > عروض 2025 > بلسم مرطب للشعر من فافيلين هولي هايدريشن 300 مل > Back to عروض 2025 > مزيل عرق الورد الأفريقي الخام 75 جم,in stock,https://aldawaaegy.com/ar/collections/2025-offers/products/favelin-moroccan-argan-repair-conditionr-300ml,https://cdn.shopify.com/s/files/1/0566/6779/9603/files/favelin-moroccan-argan-repair-conditionr-300ml-7862778.png?v=1762436003,https://cdn.shopify.com/s/files/1/0566/6779/9603/files/favelin-moroccan-argan-repair-conditionr-300ml-7862778.png?v=1762436003,2025-offers
153.0,EGP,Raw African,Home > عروض 2025 > بلسم إصلاح الشعر بالأرغان المغربي من فافيلين 300 مل > Back to عروض 2025 > تيتلو هير ليف إن كوند 150 مل,in stock,https://aldawaaegy.com/ar/collections/2025-offers/products/raw-african-deodrant-rose-75gm,https://cdn.shopify.com/s/files/1/0566/6779/9603/files/raw-african-deodrant-rose-75gm-8700490.png?v=1762438218,https://cdn.shopify.com/s/files/1/0566/6779/9603/files/raw-african-deodrant-rose-75gm-8700490.png?v=1762438218,2025-offers
260.0,EGP,Tettello,Home > عروض 2025 > مزيل عرق الورد الأفريقي الخام 75 جم > Back to عروض 2025 > كوند تيتيلو ضد تساقط الشعر 200 مل,in stock,https://aldawaaegy.com/ar/collections/2025-offers/products/tettello-hair-leave-in-cond-150ml,https://cdn.shopify.com/s/files/1/0566/6779/9603/files/tettello-hair-leave-in-cond-150ml-1766057.png?v=1762436616,https://cdn.shopify.com/s/files/1/0566/6779/9603/files/tettello-hair-leave-in-cond-150ml-1766057.png?v=1762436616,2025-offers
250.0,EGP,Tettello,Home > عروض 2025 > تيتلو هير ليف إن كوند 150 مل > Back to عروض 2025 > بلسم سيروبايب الذي لا يحتاج إلى شطف 200 مل,in stock,https://aldawaaegy.com/ar/collections/2025-offers/products/tettello-anti-hair-fall-cond-200ml,https://cdn.shopify.com/s/files/1/0566/6779/9603/files/tettello-anti-hair-fall-cond-200ml-1750406.png?v=1762436354,https://cdn.shopify.com/s/files/1/0566/6779/9603/files/tettello-anti-hair-fall-cond-200ml-1750406.png?v=1762436354,2025-offers
295.0,EGP,Seropipe,Home > عروض 2025 > كوند تيتيلو ضد تساقط الشعر 200 مل > Back to عروض 2025 > منظف ​​ميلاتكس للتفتيح 200 مل,in stock,https://aldawaaegy.com/ar/collections/2025-offers/products/seropipe-leave-in-conditioner-200ml,https://cdn.shopify.com/s/files/1/0566/6779/9603/files/seropipe-leave-in-conditioner-200ml-2694048.png?v=1762436618,https://cdn.shopify.com/s/files/1/0566/6779/9603/files/seropipe-leave-in-conditioner-200ml-2694048.png?v=1762436618,2025-offers
243.0,EGP,Melatex,Home > عروض 2025 > بلسم سيروبايب الذي لا يحتاج إلى شطف 200 مل > Back to عروض 2025 > معطر جسم إيفا كوزي دريم 240 مل,in stock,https://aldawaaegy.com/ar/collections/2025-offers/products/melatex-lightening-cleanser-200ml,https://cdn.shopify.com/s/files/1/0566/6779/9603/files/melatex-lightening-cleanser-200ml-2398230.jpg?v=1762438495,https://cdn.shopify.com/s/files/1/0566/6779/9603/files/melatex-lightening-cleanser-200ml-2398230.jpg?v=1762438495,2025-offers
206.0,EGP,Eva,Home > عروض 2025 > منظف ​​ميلاتكس للتفتيح 200 مل > Back to عروض 2025 > سيروم أليخون لمحيط العين 30 مل,in stock,https://aldawaaegy.com/ar/collections/2025-offers/products/eva-body-splash-cozy-dream-240ml,https://cdn.shopify.com/s/files/1/0566/6779/9603/files/eva-body-splash-cozy-dream-240ml-4579914.webp?v=1762440512,https://cdn.shopify.com/s/files/1/0566/6779/9603/files/eva-body-splash-cozy-dream-240ml-4579914.webp?v=1762440512,2025-offers
300.0,EGP,Alejon,Home > عروض 2025 > معطر جسم إيفا كوزي دريم 240 مل > Back to عروض 2025 > قناع الشعر أليخون 200 مل,in stock,https://aldawaaegy.com/ar/collections/2025-offers/products/alejon-eye-contour-serum-30ml,https://cdn.shopify.com/s/files/1/0566/6779/9603/products/alejon-eye-contour-serum-30ml-1743576.png?v=1762439165,https://cdn.shopify.com/s/files/1/0566/6779/9603/products/alejon-eye-contour-serum-30ml-1743576.png?v=1762439165,2025-offers
275.0,EGP,Alejon,Home > عروض 2025 > سيروم أليخون لمحيط العين 30 مل > Back to عروض 2025 > قناع الشعر تيلوفيل 300 مل,in stock,https://aldawaaegy.com/ar/collections/2025-offers/products/alejon-hair-mask-200-ml,https://cdn.shopify.com/s/files/1/0566/6779/9603/products/alejon-hair-mask-200-ml-5270859.png?v=1762440765,https://cdn.shopify.com/s/files/1/0566/6779/9603/products/alejon-hair-mask-200-ml-5270859.png?v=1762440765,2025-offers
320.0,EGP,Telofill,Home > عروض 2025 > قناع الشعر أليخون 200 مل > Back to عروض 2025 > تونر الوجه أليخون 200 مل,sold out,https://aldawaaegy.com/ar/collections/2025-offers/products/telofill-hair-mask-300ml,https://cdn.shopify.com/s/files/1/0566/6779/9603/products/telofill-hair-mask-300ml-5785210.webp?v=1762439631,https://cdn.shopify.com/s/files/1/0566/6779/9603/products/telofill-hair-mask-300ml-5785210.webp?v=1762439631,2025-offers
215.0,EGP,Alejon,Home > عروض 2025 > قناع الشعر تيلوفيل 300 مل > Back to عروض 2025 > سترونج فيل بخاخ منشط للشعر 220 مل NP,sold out,https://aldawaaegy.com/ar/collections/2025-offers/products/alejon-toner-200ml,https://cdn.shopify.com/s/files/1/0566/6779/9603/products/24426_0ad7d7ea-60e7-4fe8-820e-c1ef88029574.jpg?v=1742729429,https://cdn.shopify.com/s/files/1/0566/6779/9603/products/24426_0ad7d7ea-60e7-4fe8-820e-c1ef88029574.jpg?v=1742729429,2025-offers
185.0,EGP,Strongville,Home > عروض 2025 > تونر الوجه أليخون 200 مل > Back to عروض 2025 > لوشن سيباكلار تونيك 200 مل,in stock,https://aldawaaegy.com/ar/collections/2025-offers/products/strongville-hair-tonic-spray-220ml-n-p,https://cdn.shopify.com/s/files/1/0566/6779/9603/products/strongville-hair-tonic-spray-220ml-np-3876301.webp?v=1762440368,https://cdn.shopify.com/s/files/1/0566/6779/9603/products/strongville-hair-tonic-spray-220ml-np-3876301.webp?v=1762440368,2025-offers
286.0,EGP,Sebaclar,Home > عروض 2025 > سترونج فيل بخاخ منشط للشعر 220 مل NP > Back to عروض 2025 > كلاري ماء كيراتين للشعر 200 مل,in stock,https://aldawaaegy.com/ar/collections/2025-offers/products/sebaclar-tonic-lotion-200ml,https://cdn.shopify.com/s/files/1/0566/6779/9603/files/sebaclar-tonic-lotion-200ml-9934295.jpg?v=1762441293,https://cdn.shopify.com/s/files/1/0566/6779/9603/files/sebaclar-tonic-lotion-200ml-9934295.jpg?v=1762441293,2025-offers
300.0,EGP,Clary,Home > عروض 2025 > لوشن سيباكلار تونيك 200 مل > Back to عروض 2025 > كريم التبييض أليخون 50 مل,in stock,https://aldawaaegy.com/ar/collections/2025-offers/products/clary-hair-water-keratin-200ml,https://cdn.shopify.com/s/files/1/0566/6779/9603/products/clary-hair-water-keratin-200ml-9899584.webp?v=1762441035,https://cdn.shopify.com/s/files/1/0566/6779/9603/products/clary-hair-water-keratin-200ml-9899584.webp?v=1762441035,2025-offers
320.0,EGP,Alejon,Home > عروض 2025 > كلاري ماء كيراتين للشعر 200 مل > Back to عروض 2025 > كريم أليخون لعلاج حب الشباب للبشرة الدهنية 50 مل,in stock,https://aldawaaegy.com/ar/collections/2025-offers/products/alejon-whitening-cr-50-ml,https://cdn.shopify.com/s/files/1/0566/6779/9603/products/alejon-whitening-cr-50-ml-5289018.webp?v=1762441603,https://cdn.shopify.com/s/files/1/0566/6779/9603/products/alejon-whitening-cr-50-ml-5289018.webp?v=1762441603,2025-offers
180.0,EGP,Alejon,Home > عروض 2025 > كريم التبييض أليخون 50 مل > Back to عروض 2025 > غسول الجسم تيلوفيل بجوز الهند 500 مل,in stock,https://aldawaaegy.com/ar/collections/2025-offers/products/alejon-acne-cream-oily-skin-50ml,https://cdn.shopify.com/s/files/1/0566/6779/9603/files/alejon-acne-cream-oily-skin-50ml-4053284.png?v=1762441077,https://cdn.shopify.com/s/files/1/0566/6779/9603/files/alejon-acne-cream-oily-skin-50ml-4053284.png?v=1762441077,2025-offers
190.0,EGP,Telofill,Home > عروض 2025 > كريم أليخون لعلاج حب الشباب للبشرة الدهنية 50 مل > Back to عروض 2025 > لوشن ستار فيل للبشرة المعرضة لحب الشباب 230 مل,sold out,https://aldawaaegy.com/ar/collections/2025-offers/products/telofill-coconut-body-wash-500ml,https://cdn.shopify.com/s/files/1/0566/6779/9603/products/telofill-coconut-body-wash-500ml-7662320.jpg?v=1762441737,https://cdn.shopify.com/s/files/1/0566/6779/9603/products/telofill-coconut-body-wash-500ml-7662320.jpg?v=1762441737,2025-offers
325.0,EGP,Starville,Home > عروض 2025 > غسول الجسم تيلوفيل بجوز الهند 500 مل > Back to عروض 2025 > كريم سيباكلار للتقشير 50 ​​مل,in stock,https://aldawaaegy.com/ar/collections/2025-offers/products/star-ville-acne-prone-skin-lotion-230ml,https://cdn.shopify.com/s/files/1/0566/6779/9603/files/star-ville-acne-prone-skin-lotion-230ml-6103135.png?v=1762435906,https://cdn.shopify.com/s/files/1/0566/6779/9603/files/star-ville-acne-prone-skin-lotion-230ml-6103135.png?v=1762435906,2025-offers
286.0,EGP,Sebaclar,Home > عروض 2025 > لوشن ستار فيل للبشرة المعرضة لحب الشباب 230 مل > Back to عروض 2025 > زيت الشعر بالارجان المغربي من فافلين 35 مل,in stock,https://aldawaaegy.com/ar/collections/2025-offers/products/sebaclar-exfoliating-cream-50ml,https://cdn.shopify.com/s/files/1/0566/6779/9603/files/sebaclar-exfoliating-cream-50ml248-1024710.jpg?v=1762438638,https://cdn.shopify.com/s/files/1/0566/6779/9603/files/sebaclar-exfoliating-cream-50ml248-1024710.jpg?v=1762438638,2025-offers
330.0,EGP,Favelin,Home > عروض 2025 > كريم سيباكلار للتقشير 50 ​​مل > Back to عروض 2025 > زيت الجزر أليجون تان 200 مل,in stock,https://aldawaaegy.com/ar/collections/2025-offers/products/faveline-moroccan-argan-reparing-hair-oil-35ml,https://cdn.shopify.com/s/files/1/0566/6779/9603/files/faveline-moroccan-argan-reparing-hair-oil-35ml-4800174.webp?v=1762435721,https://cdn.shopify.com/s/files/1/0566/6779/9603/files/faveline-moroccan-argan-reparing-hair-oil-35ml-4800174.webp?v=1762435721,2025-offers
280.0,EGP,Alejon,Home > عروض 2025 > زيت الشعر بالارجان المغربي من فافلين 35 مل > Back to عروض 2025 > منظف ​​البشرة الجافة من أليجون 150 مل,sold out,https://aldawaaegy.com/ar/collections/2025-offers/products/alejon-tan-carrot-oil-200ml,https://cdn.shopify.com/s/files/1/0566/6779/9603/files/alejon-tan-carrot-oil-200ml-2567536.png?v=1762435911,https://cdn.shopify.com/s/files/1/0566/6779/9603/files/alejon-tan-carrot-oil-200ml-2567536.png?v=1762435911,2025-offers
190.0,EGP,Alejon,Home > عروض 2025 > زيت الجزر أليجون تان 200 مل > Back to عروض 2025 > أليجون برايمر واقي من الشمس 50 جرام,in stock,https://aldawaaegy.com/ar/collections/2025-offers/products/alejon-dry-skin-cleanser-150ml,https://cdn.shopify.com/s/files/1/0566/6779/9603/files/alejon-dry-skin-cleanser-150ml-6806691.png?v=1762435517,https://cdn.shopify.com/s/files/1/0566/6779/9603/files/alejon-dry-skin-cleanser-150ml-6806691.png?v=1762435517,2025-offers
390.0,EGP,Alejon,Home > عروض 2025 > منظف ​​البشرة الجافة من أليجون 150 مل > Back to عروض 2025 > أليجون بلسم الشعر 200 مل,sold out,https://aldawaaegy.com/ar/collections/2025-offers/products/alejon-sunscreen-primer-50gm,https://cdn.shopify.com/s/files/1/0566/6779/9603/files/alejon-sunscreen-primer-50gm-9937689.png?v=1762437500,https://cdn.shopify.com/s/files/1/0566/6779/9603/files/alejon-sunscreen-primer-50gm-9937689.png?v=1762437500,2025-offers
210.0,EGP,Alejon,Home > عروض 2025 > أليجون برايمر واقي من الشمس 50 جرام > Back to عروض 2025 > أليخون - محدد العيون مع CONC3*1 30 مل,in stock,https://aldawaaegy.com/ar/collections/2025-offers/products/alejon-hair-cond-200ml,https://cdn.shopify.com/s/files/1/0566/6779/9603/files/alejon-hair-cond-200ml-6281776.png?v=1762436613,https://cdn.shopify.com/s/files/1/0566/6779/9603/files/alejon-hair-cond-200ml-6281776.png?v=1762436613,2025-offers
390.0,EGP,Alejon,Home > عروض 2025 > أليجون بلسم الشعر 200 مل > Back to عروض 2025 > سائل ليلك SPF50+ DRY TOUCH 50 مل,in stock,https://aldawaaegy.com/ar/collections/2025-offers/products/alejon-eye-contour-with-conc3-1-30-ml,https://cdn.shopify.com/s/files/1/0566/6779/9603/files/alejon-eye-contour-with-conc31-30-ml-7258176.png?v=1762436724,https://cdn.shopify.com/s/files/1/0566/6779/9603/files/alejon-eye-contour-with-conc31-30-ml-7258176.png?v=1762436724,2025-offers
350.0,EGP,LEYLAK,Home > عروض 2025 > أليخون - محدد العيون مع CONC3*1 30 مل > Back to عروض 2025 > ليلاك سيروم حمض الهيالورونيك وفيتامين سي 30 مل,in stock,https://aldawaaegy.com/ar/collections/2025-offers/products/leylak-fluid-spf50-dry-touch-50ml,https://cdn.shopify.com/s/files/1/0566/6779/9603/files/leylak-fluid-spf50-dry-touch-50ml-6260393.png?v=1762441398,https://cdn.shopify.com/s/files/1/0566/6779/9603/files/leylak-fluid-spf50-dry-touch-50ml-6260393.png?v=1762441398,2025-offers
408.0,EGP,LEYLAK,Home > عروض 2025 > سائل ليلك SPF50+ DRY TOUCH 50 مل > Back to عروض 2025 > ماء ميسيلار أفريقي خام 120 مل,in stock,https://aldawaaegy.com/ar/collections/2025-offers/products/leylak-hyaluronic-acid-vit-c-serum-30-ml,https://cdn.shopify.com/s/files/1/0566/6779/9603/files/leylak-hyaluronic-acid-vitc-serum-30-ml-4905842.png?v=1762435911,https://cdn.shopify.com/s/files/1/0566/6779/9603/files/leylak-hyaluronic-acid-vitc-serum-30-ml-4905842.png?v=1762435911,2025-offers
167.0,EGP,RAW AFRICAN,Home > عروض 2025 > ليلاك سيروم حمض الهيالورونيك وفيتامين سي 30 مل > Back to عروض 2025 > بودرة الأطفال مزيل العرق الخام الأفريقية 75 جرام,in stock,https://aldawaaegy.com/ar/collections/2025-offers/products/raw-african-micellar-water-120ml,https://cdn.shopify.com/s/files/1/0566/6779/9603/files/raw-african-micellar-water-120ml-3419288.png?v=1762436002,https://cdn.shopify.com/s/files/1/0566/6779/9603/files/raw-african-micellar-water-120ml-3419288.png?v=1762436002,2025-offers
172.0,EGP,RAW AFRICAN,Home > عروض 2025 > ماء ميسيلار أفريقي خام 120 مل > Back to عروض 2025 > مرطب شفاه ايفا بالتوت الأحمر 4 جرام,in stock,https://aldawaaegy.com/ar/collections/2025-offers/products/raw-african-deodrant-baby-powder-75gm,https://cdn.shopify.com/s/files/1/0566/6779/9603/files/raw-african-deodrant-baby-powder-75gm-2470635.png?v=1762436930,https://cdn.shopify.com/s/files/1/0566/6779/9603/files/raw-african-deodrant-baby-powder-75gm-2470635.png?v=1762436930,2025-offers
72.0,EGP,EVA,Home > عروض 2025 > بودرة الأطفال مزيل العرق الخام الأفريقية 75 جرام > Back to عروض 2025 > ميلاتكس كريم الحليب لتفتيح الجسم 200 مل,in stock,https://aldawaaegy.com/ar/collections/2025-offers/products/eva-lip-balm-rasp-berry-4gm,https://cdn.shopify.com/s/files/1/0566/6779/9603/files/eva-lip-balm-rasp-berry-4gm-6358432.webp?v=1762435903,https://cdn.shopify.com/s/files/1/0566/6779/9603/files/eva-lip-balm-rasp-berry-4gm-6358432.webp?v=1762435903,2025-offers
317.0,EGP,Melatex,Home > عروض 2025 > مرطب شفاه ايفا بالتوت الأحمر 4 جرام > Back to عروض 2025 > سيروم تيلوفيل بوستر 30 مل,in stock,https://aldawaaegy.com/ar/collections/2025-offers/products/melatex-lightening-body-milk-cream-200ml,https://cdn.shopify.com/s/files/1/0566/6779/9603/files/melatex-lightening-body-milk-cream-200ml-3778840.webp?v=1762435804,https://cdn.shopify.com/s/files/1/0566/6779/9603/files/melatex-lightening-body-milk-cream-200ml-3778840.webp?v=1762435804,2025-offers
450.0,EGP,Telofill,Home > عروض 2025 > ميلاتكس كريم الحليب لتفتيح الجسم 200 مل > Back to عروض 2025 > رغوة التنظيف الحميمة من ستارفيل للنساء 150 مل,in stock,https://aldawaaegy.com/ar/collections/2025-offers/products/telofill-booster-serum-30ml,https://cdn.shopify.com/s/files/1/0566/6779/9603/files/telofill-booster-serum-30ml-4712369.jpg?v=1762436150,https://cdn.shopify.com/s/files/1/0566/6779/9603/files/telofill-booster-serum-30ml-4712369.jpg?v=1762436150,2025-offers
230.0,EGP,Starville,Home > عروض 2025 > سيروم تيلوفيل بوستر 30 مل > Back to عروض 2025 > عصا تبييض ستارفيل باللون الوردي الفاتح 60 جرام,in stock,https://aldawaaegy.com/ar/collections/2025-offers/products/starville-femme-intimate-cleansing-foam-refresh-150ml,https://cdn.shopify.com/s/files/1/0566/6779/9603/files/starville-femme-intimate-cleansing-foam-refresh-150ml-1561374.png?v=1762435698,https://cdn.shopify.com/s/files/1/0566/6779/9603/files/starville-femme-intimate-cleansing-foam-refresh-150ml-1561374.png?v=1762435698,2025-offers
350.0,EGP,Starville,Home > عروض 2025 > رغوة التنظيف الحميمة من ستارفيل للنساء 150 مل > Back to عروض 2025 > عصا تبييض الأسنان ستارفيل برائحة اللافندر والنعمة 60 جم,in stock,https://aldawaaegy.com/ar/collections/2025-offers/products/starville-whitening-stick-light-pink-60gm,,,2025-offers
350.0,EGP,Starville,Home > عروض 2025 > عصا تبييض ستارفيل باللون الوردي الفاتح 60 جرام > Back to عروض 2025 > عصا ستارفيل لتبييض الأسنان بنكهة التوت الأحمر 60 جم,in stock,https://aldawaaegy.com/ar/collections/2025-offers/products/starville-stick-whitening-lavender-grace-60gm,https://cdn.shopify.com/s/files/1/0566/6779/9603/files/starville-stick-whitening-lavender-grace-60gm-9218797.png?v=1762435910,https://cdn.shopify.com/s/files/1/0566/6779/9603/files/starville-stick-whitening-lavender-grace-60gm-9218797.png?v=1762435910,2025-offers
350.0,EGP,Starville,Home > عروض 2025 > عصا تبييض الأسنان ستارفيل برائحة اللافندر والنعمة 60 جم > Back to عروض 2025 > جل مرطب لعلاج حب الشباب من ستارفيل 100 مل,in stock,https://aldawaaegy.com/ar/collections/2025-offers/products/starville-stick-whitening-redberry-60gm,https://cdn.shopify.com/s/files/1/0566/6779/9603/files/starville-stick-whitening-redberry-60gm-8103257.png?v=1762437782,https://cdn.shopify.com/s/files/1/0566/6779/9603/files/starville-stick-whitening-redberry-60gm-8103257.png?v=1762437782,2025-offers
175.0,EGP,Starville,Home > عروض 2025 > عصا ستارفيل لتبييض الأسنان بنكهة التوت الأحمر 60 جم > Back to عروض 2025 > جل مرطب للبشرة المعرضة لحب الشباب من ستارفيل بزيت شجرة الشاي 200 مل,in stock,https://aldawaaegy.com/ar/collections/2025-offers/products/starville-acne-prone-hydrate-gel-100ml,https://cdn.shopify.com/s/files/1/0566/6779/9603/files/starville-acne-prone-hydrate-gel-100ml-1672350.png?v=1762435715,https://cdn.shopify.com/s/files/1/0566/6779/9603/files/starville-acne-prone-hydrate-gel-100ml-1672350.png?v=1762435715,2025-offers
250.0,EGP,Starville,Home > عروض 2025 > جل مرطب لعلاج حب الشباب من ستارفيل 100 مل > Back to عروض 2025 > سيروم فيتامين سي من ستارفيل 30 مل,in stock,https://aldawaaegy.com/ar/collections/2025-offers/products/starville-acne-prone-skin-hydratinng-gel-tea-tree-oil-200-ml,https://cdn.shopify.com/s/files/1/0566/6779/9603/files/starville-acne-prone-skin-hydratinng-gel-tea-tree-oil-200-ml-8803904.png?v=1762435802,https://cdn.shopify.com/s/files/1/0566/6779/9603/files/starville-acne-prone-skin-hydratinng-gel-tea-tree-oil-200-ml-8803904.png?v=1762435802,2025-offers
290.0,EGP,Starville,Home > عروض 2025 > جل مرطب للبشرة المعرضة لحب الشباب من ستارفيل بزيت شجرة الشاي 200 مل > Back to عروض 2025 > كريم ستارفيل للبشرة المعرضة لحب الشباب 60 جرام,in stock,https://aldawaaegy.com/ar/collections/2025-offers/products/starville-vitamin-c-serum-30ml,https://cdn.shopify.com/s/files/1/0566/6779/9603/files/starville-vitamin-c-serum-30ml-1723077.png?v=1762435698,https://cdn.shopify.com/s/files/1/0566/6779/9603/files/starville-vitamin-c-serum-30ml-1723077.png?v=1762435698,2025-offers
85.0,EGP,Starville,Home > عروض 2025 > سيروم فيتامين سي من ستارفيل 30 مل > Back to عروض 2025 > رذاذ الجسم تيلوفيل بيتشي بليس 250 مل,in stock,https://aldawaaegy.com/ar/collections/2025-offers/products/starville-acne-prone-skin-cream-60gm,https://cdn.shopify.com/s/files/1/0566/6779/9603/files/starville-acne-prone-skin-cream-60gm-4868923.png?v=1762436354,https://cdn.shopify.com/s/files/1/0566/6779/9603/files/starville-acne-prone-skin-cream-60gm-4868923.png?v=1762436354,2025-offers
280.0,EGP,Telofill,Home > عروض 2025 > كريم ستارفيل للبشرة المعرضة لحب الشباب 60 جرام > Back to عروض 2025 > معطر الجسم فافلين نايت تشارم 125 مل,in stock,https://aldawaaegy.com/ar/collections/2025-offers/products/telofill-body-mist-beachy-bliss-250ml,https://cdn.shopify.com/s/files/1/0566/6779/9603/files/telofill-body-mist-beachy-bliss-250ml-5109536.jpg?v=1762436011,https://cdn.shopify.com/s/files/1/0566/6779/9603/files/telofill-body-mist-beachy-bliss-250ml-5109536.jpg?v=1762436011,2025-offers
375.0,EGP,Favelin,Home > عروض 2025 > رذاذ الجسم تيلوفيل بيتشي بليس 250 مل > Back to عروض 2025 > معطر الجسم فافيلين سبرينج بيتالز 125 مل,sold out,https://aldawaaegy.com/ar/collections/2025-offers/products/favelin-night-charm-body-splash-125ml,https://cdn.shopify.com/s/files/1/0566/6779/9603/files/favelin-night-charm-body-splash-125ml-2796508.jpg?v=1762436452,https://cdn.shopify.com/s/files/1/0566/6779/9603/files/favelin-night-charm-body-splash-125ml-2796508.jpg?v=1762436452,2025-offers
375.0,EGP,Favelin,Home > عروض 2025 > معطر الجسم فافلين نايت تشارم 125 مل > Back to عروض 2025 > جل الاستحمام المرطب فافيلين إنتو ذا وايلدز 400 مل,sold out,https://aldawaaegy.com/ar/collections/2025-offers/products/favelin-spring-petals-body-splash-125ml,https://cdn.shopify.com/s/files/1/0566/6779/9603/files/favelin-spring-petals-body-splash-125ml-9178625.png?v=1762435921,https://cdn.shopify.com/s/files/1/0566/6779/9603/files/favelin-spring-petals-body-splash-125ml-9178625.png?v=1762435921,2025-offers
330.0,EGP,Favelin,Home > عروض 2025 > معطر الجسم فافيلين سبرينج بيتالز 125 مل > Back to عروض 2025 > لوشن الجسم فافلين إنتو ذا وايلدز 250 مل,in stock,https://aldawaaegy.com/ar/collections/2025-offers/products/favelin-into-the-wilds-moisturizing-shower-gel-400ml,https://cdn.shopify.com/s/files/1/0566/6779/9603/files/favelin-into-the-wilds-moisturizing-shower-gel-400ml-3079940.png?v=1762436001,https://cdn.shopify.com/s/files/1/0566/6779/9603/files/favelin-into-the-wilds-moisturizing-shower-gel-400ml-3079940.png?v=1762436001,2025-offers
430.0,EGP,Favelin,Home > عروض 2025 > جل الاستحمام المرطب فافيلين إنتو ذا وايلدز 400 مل > Back to عروض 2025 > زبدة الجسم فافلين إنتو ذا وايلدز 200 جرام,in stock,https://aldawaaegy.com/ar/collections/2025-offers/products/favelin-into-the-wilds-body-lotion-250ml,https://cdn.shopify.com/s/files/1/0566/6779/9603/files/favelin-into-the-wilds-body-lotion-250ml-2827292.png?v=1762435912,https://cdn.shopify.com/s/files/1/0566/6779/9603/files/favelin-into-the-wilds-body-lotion-250ml-2827292.png?v=1762435912,2025-offers
450.0,EGP,Favelin,Home > عروض 2025 > لوشن الجسم فافلين إنتو ذا وايلدز 250 مل > Back to عروض 2025 > جل الاستحمام المرطب فافلين صن كيسد هوني 400 مل,in stock,https://aldawaaegy.com/ar/collections/2025-offers/products/favelin-into-the-wilds-body-butter-200g,https://cdn.shopify.com/s/files/1/0566/6779/9603/files/favelin-into-the-wilds-body-butter-200g-4282612.png?v=1762437217,https://cdn.shopify.com/s/files/1/0566/6779/9603/files/favelin-into-the-wilds-body-butter-200g-4282612.png?v=1762437217,2025-offers
330.0,EGP,Favelin,Home > عروض 2025 > زبدة الجسم فافلين إنتو ذا وايلدز 200 جرام > Back to عروض 2025 > فافيلين بخاخ للجسم برائحة العسل المنعشة 250 مل,sold out,https://aldawaaegy.com/ar/collections/2025-offers/products/favelin-sun-kissed-honey-moisturizing-shower-gel-400ml,https://cdn.shopify.com/s/files/1/0566/6779/9603/files/favelin-sun-kissed-honey-moisturizing-shower-gel-400ml-2757703.png?v=1762437348,https://cdn.shopify.com/s/files/1/0566/6779/9603/files/favelin-sun-kissed-honey-moisturizing-shower-gel-400ml-2757703.png?v=1762437348,2025-offers
389.0,EGP,Favelin,Home > عروض 2025 > جل الاستحمام المرطب فافلين صن كيسد هوني 400 مل > Back to عروض 2025 > لوشن الجسم فافلين صن كيسد هوني 250 مل,in stock,https://aldawaaegy.com/ar/collections/2025-offers/products/favelin-sun-kissed-honey-body-splash-250ml,https://cdn.shopify.com/s/files/1/0566/6779/9603/files/favelin-sun-kissed-honey-body-splash-250ml-5752631.png?v=1762436243,https://cdn.shopify.com/s/files/1/0566/6779/9603/files/favelin-sun-kissed-honey-body-splash-250ml-5752631.png?v=1762436243,2025-offers
430.0,EGP,Favelin,Home > عروض 2025 > فافيلين بخاخ للجسم برائحة العسل المنعشة 250 مل > Back to عروض 2025 > جل الاستحمام المرطب فافيلين فيوليت تويست 400 مل,in stock,https://aldawaaegy.com/ar/collections/2025-offers/products/favelin-sun-kissed-hony-body-lotion-250ml,https://cdn.shopify.com/s/files/1/0566/6779/9603/files/favelin-sun-kissed-hony-body-lotion-250ml-7217399.png?v=1762435921,https://cdn.shopify.com/s/files/1/0566/6779/9603/files/favelin-sun-kissed-hony-body-lotion-250ml-7217399.png?v=1762435921,2025-offers
330.0,EGP,Favelin,Home > عروض 2025 > لوشن الجسم فافلين صن كيسد هوني 250 مل > Back to عروض 2025 > معطر الجسم فافيلين فيوليت تويست 250 مل,sold out,https://aldawaaegy.com/ar/collections/2025-offers/products/favelin-violet-twist-moisturizing-shower-gel-400ml,https://cdn.shopify.com/s/files/1/0566/6779/9603/files/favelin-violet-twist-moisturizing-shower-gel-400ml-6696299.png?v=1762436034,https://cdn.shopify.com/s/files/1/0566/6779/9603/files/favelin-violet-twist-moisturizing-shower-gel-400ml-6696299.png?v=1762436034,2025-offers
475.0,EGP,Favelin,Home > عروض 2025 > جل الاستحمام المرطب فافيلين فيوليت تويست 400 مل > Back to عروض 2025 > لوشن الجسم فافيلين فيوليت تويست 250 مل,sold out,https://aldawaaegy.com/ar/collections/2025-offers/products/favelin-violet-twist-body-splash-250ml,https://cdn.shopify.com/s/files/1/0566/6779/9603/files/favelin-violet-twist-body-splash-250ml-1837299.png?v=1762436157,https://cdn.shopify.com/s/files/1/0566/6779/9603/files/favelin-violet-twist-body-splash-250ml-1837299.png?v=1762436157,2025-offers
430.0,EGP,Favelin,Home > عروض 2025 > معطر الجسم فافيلين فيوليت تويست 250 مل > Back to عروض 2025 > جل الاستحمام المرطب فافيلين كب كيك جليز 400 مل,in stock,https://aldawaaegy.com/ar/collections/2025-offers/products/favelin-violet-twist-body-lotion-250ml,https://cdn.shopify.com/s/files/1/0566/6779/9603/files/favelin-violet-twist-body-lotion-250ml-9627593.png?v=1762441150,https://cdn.shopify.com/s/files/1/0566/6779/9603/files/favelin-violet-twist-body-lotion-250ml-9627593.png?v=1762441150,2025-offers
330.0,EGP,Favelin,Home > عروض 2025 > لوشن الجسم فافيلين فيوليت تويست 250 مل > Back to عروض 2025 > معطر الجسم فافيلين كب كيك جليز 250 مل,in stock,https://aldawaaegy.com/ar/collections/2025-offers/products/favelin-cupcake-glaze-moisturizing-shower-gel-400ml,https://cdn.shopify.com/s/files/1/0566/6779/9603/files/favelin-cupcake-glaze-moisturizing-shower-gel-400ml-7451211.png?v=1762436155,https://cdn.shopify.com/s/files/1/0566/6779/9603/files/favelin-cupcake-glaze-moisturizing-shower-gel-400ml-7451211.png?v=1762436155,2025-offers
389.0,EGP,Favelin,Home > عروض 2025 > جل الاستحمام المرطب فافيلين كب كيك جليز 400 مل > Back to عروض 2025 > لوشن الجسم فافيلين كب كيك جليز 250 مل,sold out,https://aldawaaegy.com/ar/collections/2025-offers/products/favelin-cupcake-glaze-body-splash-250ml,https://cdn.shopify.com/s/files/1/0566/6779/9603/files/favelin-cupcake-glaze-body-splash-250ml-5247572.png?v=1762438983,https://cdn.shopify.com/s/files/1/0566/6779/9603/files/favelin-cupcake-glaze-body-splash-250ml-5247572.png?v=1762438983,2025-offers
430.0,EGP,Favelin,Home > عروض 2025 > معطر الجسم فافيلين كب كيك جليز 250 مل > Back to عروض 2025 > زبدة الجسم فافلين كب كيك جليز 200 جرام,in stock,https://aldawaaegy.com/ar/collections/2025-offers/products/favelin-cupcake-glaze-body-lotion-250ml,https://cdn.shopify.com/s/files/1/0566/6779/9603/files/favelin-cupcake-glaze-body-lotion-250ml-3341971.png?v=1762436972,https://cdn.shopify.com/s/files/1/0566/6779/9603/files/favelin-cupcake-glaze-body-lotion-250ml-3341971.png?v=1762436972,2025-offers
450.0,EGP,Favelin,Home > عروض 2025 > لوشن الجسم فافيلين كب كيك جليز 250 مل > Back to عروض 2025 > مصل FAVELIN ADVANCED المضاد للتجعد لتنعيم الشعر 75 مل,in stock,https://aldawaaegy.com/ar/collections/2025-offers/products/favelin-cupcake-glaze-body-butter-200g,https://cdn.shopify.com/s/files/1/0566/6779/9603/files/favelin-cupcake-glaze-body-butter-200g-2300569.png?v=1762436678,https://cdn.shopify.com/s/files/1/0566/6779/9603/files/favelin-cupcake-glaze-body-butter-200g-2300569.png?v=1762436678,2025-offers
500.0,EGP,Favelin,Home > عروض 2025 > زبدة الجسم فافلين كب كيك جليز 200 جرام > Back to عروض 2025 > سيروم إصلاح الشعر من فافيلين بزيت الأرجان المغربي 75 مل,in stock,https://aldawaaegy.com/ar/collections/2025-offers/products/favelin-advanced-anti-frizz-smoothing-serum-75ml,https://cdn.shopify.com/s/files/1/0566/6779/9603/files/favelin-advanced-anti-frizz-smoothing-serum-75ml-6670738.png?v=1762436146,https://cdn.shopify.com/s/files/1/0566/6779/9603/files/favelin-advanced-anti-frizz-smoothing-serum-75ml-6670738.png?v=1762436146,2025-offers
600.0,EGP,Favelin,Home > عروض 2025 > مصل FAVELIN ADVANCED المضاد للتجعد لتنعيم الشعر 75 مل > Back to عروض 2025 > شامبو فافلين جروفي لنمو الشعر 300 مل,in stock,https://aldawaaegy.com/ar/collections/2025-offers/products/favelin-moroccan-argan-repair-hair-serum-75ml,https://cdn.shopify.com/s/files/1/0566/6779/9603/files/favelin-moroccan-argan-repair-hair-serum-75ml-1109555.png?v=1762436611,https://cdn.shopify.com/s/files/1/0566/6779/9603/files/favelin-moroccan-argan-repair-hair-serum-75ml-1109555.png?v=1762436611,2025-offers
300.0,EGP,Favelin,Home > عروض 2025 > سيروم إصلاح الشعر من فافيلين بزيت الأرجان المغربي 75 مل > Back to عروض 2025 > سيروم الشعر FAVELIN GROOVY GROWTH HAIR BOOSTER 75 مل,in stock,https://aldawaaegy.com/ar/collections/2025-offers/products/favelin-groovy-growth-hair-booster-shampoo-300ml,https://cdn.shopify.com/s/files/1/0566/6779/9603/files/favelin-groovy-growth-hair-booster-shampoo-300ml-1306494.png?v=1762436484,https://cdn.shopify.com/s/files/1/0566/6779/9603/files/favelin-groovy-growth-hair-booster-shampoo-300ml-1306494.png?v=1762436484,2025-offers
590.0,EGP,Favelin,Home > عروض 2025 > شامبو فافلين جروفي لنمو الشعر 300 مل > Back to عروض 2025 > زيت الشعر FAVELIN GROOVY GROWTH HAIR BOOSTER 35 مل,in stock,https://aldawaaegy.com/ar/collections/2025-offers/products/favelin-groovy-growth-hair-booster-hair-serum-75ml,https://cdn.shopify.com/s/files/1/0566/6779/9603/files/favelin-groovy-growth-hair-booster-hair-serum-50ml-4470029.png?v=1762436042,https://cdn.shopify.com/s/files/1/0566/6779/9603/files/favelin-groovy-growth-hair-booster-hair-serum-50ml-4470029.png?v=1762436042,2025-offers
390.0,EGP,Favelin,Home > عروض 2025 > سيروم الشعر FAVELIN GROOVY GROWTH HAIR BOOSTER 75 مل > Back to عروض 2025 > قناع الشعر FAVELIN GROOVY GROWTH HAIR BOOSTER 300 مل,in stock,https://aldawaaegy.com/ar/collections/2025-offers/products/favelin-groovy-growth-hair-booster-hair-oil-35ml,https://cdn.shopify.com/s/files/1/0566/6779/9603/files/favelin-groovy-growth-hair-booster-hair-oil-35ml-6792556.png?v=1762436145,https://cdn.shopify.com/s/files/1/0566/6779/9603/files/favelin-groovy-growth-hair-booster-hair-oil-35ml-6792556.png?v=1762436145,2025-offers
450.0,EGP,Favelin,Home > عروض 2025 > زيت الشعر FAVELIN GROOVY GROWTH HAIR BOOSTER 35 مل > Back to عروض 2025 > بلسم تعزيز نمو الشعر فافيلين جروفي 300 مل,in stock,https://aldawaaegy.com/ar/collections/2025-offers/products/favelin-groovy-growth-hair-booster-hair-mask-300ml,https://cdn.shopify.com/s/files/1/0566/6779/9603/files/favelin-groovy-growth-hair-booster-hair-mask-300ml-6026235.png?v=1762436683,https://cdn.shopify.com/s/files/1/0566/6779/9603/files/favelin-groovy-growth-hair-booster-hair-mask-300ml-6026235.png?v=1762436683,2025-offers
300.0,EGP,Favelin,Home > عروض 2025 > قناع الشعر FAVELIN GROOVY GROWTH HAIR BOOSTER 300 مل > Back to عروض 2025 > أوراق الشيا الخام الأفريقية 250 جرام,in stock,https://aldawaaegy.com/ar/collections/2025-offers/products/favelin-groovy-growth-hair-booster-conditioner-300ml,https://cdn.shopify.com/s/files/1/0566/6779/9603/files/favelin-groovy-growth-hair-booster-conditioner-300ml-7084478.png?v=1762436006,https://cdn.shopify.com/s/files/1/0566/6779/9603/files/favelin-groovy-growth-hair-booster-conditioner-300ml-7084478.png?v=1762436006,2025-offers
276.0,EGP,Raw African,Home > عروض 2025 > بلسم تعزيز نمو الشعر فافيلين جروفي 300 مل > Back to عروض 2025 > بلسم العين الخام الأفريقي 20 جرام,in stock,https://aldawaaegy.com/ar/collections/2025-offers/products/raw-african-raw-shea-leave-in-250gm,https://cdn.shopify.com/s/files/1/0566/6779/9603/files/raw-african-curl-shea-leave-in-250gm-3178235.png?v=1762436011,https://cdn.shopify.com/s/files/1/0566/6779/9603/files/raw-african-curl-shea-leave-in-250gm-3178235.png?v=1762436011,2025-offers
230.0,EGP,Raw African,Home > عروض 2025 > أوراق الشيا الخام الأفريقية 250 جرام > Back to عروض 2025 > معزز بصيلات الشعر الخام الأفريقي 300 مل,sold out,https://aldawaaegy.com/ar/collections/2025-offers/products/raw-african-eye-balm-20gm,https://cdn.shopify.com/s/files/1/0566/6779/9603/files/raw-african-eye-balm-20-gm-4285233.png?v=1762440380,https://cdn.shopify.com/s/files/1/0566/6779/9603/files/raw-african-eye-balm-20-gm-4285233.png?v=1762440380,2025-offers
287.0,EGP,Raw African,Home > عروض 2025 > بلسم العين الخام الأفريقي 20 جرام > Back to عروض 2025 > مقشر أفريقي خام بالمسك الأبيض 200 مل,sold out,https://aldawaaegy.com/ar/collections/2025-offers/products/raw-african-cond-follicle-booster-300ml,https://cdn.shopify.com/s/files/1/0566/6779/9603/files/raw-african-cond-follicle-booster-300ml-6767053.png?v=1762436038,https://cdn.shopify.com/s/files/1/0566/6779/9603/files/raw-african-cond-follicle-booster-300ml-6767053.png?v=1762436038,2025-offers
160.0,EGP,Raw African,Home > عروض 2025 > معزز بصيلات الشعر الخام الأفريقي 300 مل > Back to عروض 2025 > زيت الأرجان الأفريقي الخام 300 مل,sold out,https://aldawaaegy.com/ar/collections/2025-offers/products/raw-african-scrub-white-musk-200ml,https://cdn.shopify.com/s/files/1/0566/6779/9603/files/raw-african-scrub-white-musk-200ml-8645852.png?v=1762436005,https://cdn.shopify.com/s/files/1/0566/6779/9603/files/raw-african-scrub-white-musk-200ml-8645852.png?v=1762436005,2025-offers
205.0,EGP,Raw African,Home > عروض 2025 > مقشر أفريقي خام بالمسك الأبيض 200 مل > Back to عروض 2025 > زيت الأرجان الأفريقي الخام وزيت الهيالورونيك لتنعيم الشعر 300 جرام,in stock,https://aldawaaegy.com/ar/collections/2025-offers/products/raw-african-cond-argan-oil-300ml,https://cdn.shopify.com/s/files/1/0566/6779/9603/files/raw-african-cond-argan-oil-300ml-8477220.jpg?v=1762438282,https://cdn.shopify.com/s/files/1/0566/6779/9603/files/raw-african-cond-argan-oil-300ml-8477220.jpg?v=1762438282,2025-offers
360.0,EGP,Raw African,Home > عروض 2025 > زيت الأرجان الأفريقي الخام 300 مل > Back to عروض 2025 > مزيل العرق راو افريكان جونيورز 75 مل,sold out,https://aldawaaegy.com/ar/collections/2025-offers/products/raw-african-argan-hyalu-deep-cond-300gm,https://cdn.shopify.com/s/files/1/0566/6779/9603/files/raw-african-arganhyalu-deep-cond-300gm-1748099.png?v=1762436450,https://cdn.shopify.com/s/files/1/0566/6779/9603/files/raw-african-arganhyalu-deep-cond-300gm-1748099.png?v=1762436450,2025-offers
153.0,EGP,Raw African,Home > عروض 2025 > زيت الأرجان الأفريقي الخام وزيت الهيالورونيك لتنعيم الشعر 300 جرام > Back to عروض 2025 > غسول الوجه اليومي الخام الأفريقي 200 مل,in stock,https://aldawaaegy.com/ar/collections/2025-offers/products/raw-african-deo-juniors-75-ml,https://cdn.shopify.com/s/files/1/0566/6779/9603/files/raw-african-deo-juniors-75-ml-6977647.png?v=1762437302,https://cdn.shopify.com/s/files/1/0566/6779/9603/files/raw-african-deo-juniors-75-ml-6977647.png?v=1762437302,2025-offers
187.0,EGP,Raw African,Home > عروض 2025 > مزيل العرق راو افريكان جونيورز 75 مل > Back to عروض 2025 > شامبو راو أفريكان لتقوية بصيلات الشعر 300 مل,in stock,https://aldawaaegy.com/ar/collections/2025-offers/products/raw-african-daily-face-wash-200ml,https://cdn.shopify.com/s/files/1/0566/6779/9603/files/raw-african-daily-face-wash-200ml-2758737.png?v=1762436155,https://cdn.shopify.com/s/files/1/0566/6779/9603/files/raw-african-daily-face-wash-200ml-2758737.png?v=1762436155,2025-offers
273.0,EGP,Raw African,Home > عروض 2025 > غسول الوجه اليومي الخام الأفريقي 200 مل > Back to عروض 2025 > كريم الليل الخام الأفريقي 50 جرام,in stock,https://aldawaaegy.com/ar/collections/2025-offers/products/raw-african-shampoo-follicle-booster-300ml,https://cdn.shopify.com/s/files/1/0566/6779/9603/files/raw-african-shampoo-follicle-booster-300ml-4092463.png?v=1762436446,https://cdn.shopify.com/s/files/1/0566/6779/9603/files/raw-african-shampoo-follicle-booster-300ml-4092463.png?v=1762436446,2025-offers
225.0,EGP,Raw African,Home > عروض 2025 > شامبو راو أفريكان لتقوية بصيلات الشعر 300 مل > Back to عروض 2025 > شامبو زيت الأرجان الأفريقي الخام 500 مل,sold out,https://aldawaaegy.com/ar/collections/2025-offers/products/raw-african-night-cream-50gm,https://cdn.shopify.com/s/files/1/0566/6779/9603/files/raw-african-night-cream-50gm-3768158.png?v=1762437801,https://cdn.shopify.com/s/files/1/0566/6779/9603/files/raw-african-night-cream-50gm-3768158.png?v=1762437801,2025-offers
260.0,EGP,Raw African,Home > عروض 2025 > كريم الليل الخام الأفريقي 50 جرام > Back to عروض 2025 > شامبو زيت الأرجان الأفريقي الخام 300 مل,in stock,https://aldawaaegy.com/ar/collections/2025-offers/products/raw-african-argan-oil-shampo-500ml,https://cdn.shopify.com/s/files/1/0566/6779/9603/files/raw-african-argan-oil-shampo-500ml-4282370.jpg?v=1762436447,https://cdn.shopify.com/s/files/1/0566/6779/9603/files/raw-african-argan-oil-shampo-500ml-4282370.jpg?v=1762436447,2025-offers
230.0,EGP,Raw African,Home > عروض 2025 > شامبو زيت الأرجان الأفريقي الخام 500 مل > Back to عروض 2025 > زيت الأرجان الأفريقي الخام 500 مل,in stock,https://aldawaaegy.com/ar/collections/2025-offers/products/raw-african-argan-oil-shampo-300ml,https://cdn.shopify.com/s/files/1/0566/6779/9603/files/raw-african-argan-oil-shampo-300ml-5685662.jpg?v=1762437211,https://cdn.shopify.com/s/files/1/0566/6779/9603/files/raw-african-argan-oil-shampo-300ml-5685662.jpg?v=1762437211,2025-offers
260.0,EGP,Raw African,Home > عروض 2025 > شامبو زيت الأرجان الأفريقي الخام 300 مل > Back to عروض 2025 > كريم الكعب الخام الأفريقي 50 مل,in stock,https://aldawaaegy.com/ar/collections/2025-offers/products/raw-african-cond-argan-oil-500ml,https://cdn.shopify.com/s/files/1/0566/6779/9603/files/raw-african-cond-argan-oil-500ml-2122321.jpg?v=1762436032,https://cdn.shopify.com/s/files/1/0566/6779/9603/files/raw-african-cond-argan-oil-500ml-2122321.jpg?v=1762436032,2025-offers
95.0,EGP,Raw African,Home > عروض 2025 > زيت الأرجان الأفريقي الخام 500 مل > Back to عروض 2025 > مزيل العرق بالمسك الأفريقي الخام 75 جم,in stock,https://aldawaaegy.com/ar/collections/2025-offers/products/raw-african-heel-cream-50ml,https://cdn.shopify.com/s/files/1/0566/6779/9603/files/raw-african-heel-cream-50ml-6734253.png?v=1762436313,https://cdn.shopify.com/s/files/1/0566/6779/9603/files/raw-african-heel-cream-50ml-6734253.png?v=1762436313,2025-offers
153.0,EGP,Raw African,Home > عروض 2025 > كريم الكعب الخام الأفريقي 50 مل > Back to عروض 2025 > مزيل العرق الخام الأفريقي بالليمون 75 جم,in stock,https://aldawaaegy.com/ar/collections/2025-offers/products/raw-african-deodrant-musk-75gm,https://cdn.shopify.com/s/files/1/0566/6779/9603/files/raw-african-deodrant-musk-75gm-7141869.png?v=1762436005,https://cdn.shopify.com/s/files/1/0566/6779/9603/files/raw-african-deodrant-musk-75gm-7141869.png?v=1762436005,2025-offers
153.0,EGP,Raw African,Home > عروض 2025 > مزيل العرق بالمسك الأفريقي الخام 75 جم > Back to عروض 2025 > تيتلو بلس لنمو الشعر 6*10 مل,in stock,https://aldawaaegy.com/ar/collections/2025-offers/products/raw-african-deodrant-lemon-75gm,https://cdn.shopify.com/s/files/1/0566/6779/9603/files/raw-african-deodrant-lemon-75gm-6098104.png?v=1762436959,https://cdn.shopify.com/s/files/1/0566/6779/9603/files/raw-african-deodrant-lemon-75gm-6098104.png?v=1762436959,2025-offers
510.0,EGP,Tettello,Home > عروض 2025 > مزيل العرق الخام الأفريقي بالليمون 75 جم > Back to عروض 2025 > تيتيلو بخاخ مضاد لتساقط الشعر 150 مل,in stock,https://aldawaaegy.com/ar/collections/2025-offers/products/tettello-plus-hair-growth-via-6-10ml,https://cdn.shopify.com/s/files/1/0566/6779/9603/files/tettello-plus-hair-growth-via-610ml-9557934.png?v=1762438067,https://cdn.shopify.com/s/files/1/0566/6779/9603/files/tettello-plus-hair-growth-via-610ml-9557934.png?v=1762438067,2025-offers
240.0,EGP,Tettello,Home > عروض 2025 > تيتلو بلس لنمو الشعر 6*10 مل > Back to عروض 2025 > كوند تيتيلو ضد تساقط الشعر 400 مل,in stock,https://aldawaaegy.com/ar/collections/2025-offers/products/tettello-anti-hair-loss-spray-150-ml,https://cdn.shopify.com/s/files/1/0566/6779/9603/files/tettello-anti-hair-loss-spray-150-ml-5618889.jpg?v=1762436845,https://cdn.shopify.com/s/files/1/0566/6779/9603/files/tettello-anti-hair-loss-spray-150-ml-5618889.jpg?v=1762436845,2025-offers
425.0,EGP,Tettello,Home > عروض 2025 > تيتيلو بخاخ مضاد لتساقط الشعر 150 مل > Back to عروض 2025 > كريم الوقاية من أشعة الشمس تيترا جلو إكس لايت للوجه والجسم 100 مل,in stock,https://aldawaaegy.com/ar/collections/2025-offers/products/tettello-anti-hair-fall-cond-400ml,https://cdn.shopify.com/s/files/1/0566/6779/9603/files/tettello-anti-hair-fall-cond-400ml-6238397.png?v=1762437026,https://cdn.shopify.com/s/files/1/0566/6779/9603/files/tettello-anti-hair-fall-cond-400ml-6238397.png?v=1762437026,2025-offers
400.0,EGP,TETRA GLOW,Home > عروض 2025 > كوند تيتيلو ضد تساقط الشعر 400 مل > Back to عروض 2025 > لوشن الحماية من أشعة الشمس تيترا جلو SPF50 50 مل,in stock,https://aldawaaegy.com/ar/collections/2025-offers/products/tetra-glow-sunscreen-ex-light-face-body-100ml,https://cdn.shopify.com/s/files/1/0566/6779/9603/files/tetra-glow-sunscreen-exlight-facebody-100ml-7931028.png?v=1762437696,https://cdn.shopify.com/s/files/1/0566/6779/9603/files/tetra-glow-sunscreen-exlight-facebody-100ml-7931028.png?v=1762437696,2025-offers
225.0,EGP,TETRA GLOW,Home > عروض 2025 > كريم الوقاية من أشعة الشمس تيترا جلو إكس لايت للوجه والجسم 100 مل > Back to عروض 2025 > جل الحماية من أشعة الشمس تيترا جلو SPF50 50 مل,in stock,https://aldawaaegy.com/ar/collections/2025-offers/products/tetra-glow-spf50-sun-lotion-50-ml,https://cdn.shopify.com/s/files/1/0566/6779/9603/files/tetra-glow-spf50-sun-lotion-50-ml-7486238.png?v=1762436919,https://cdn.shopify.com/s/files/1/0566/6779/9603/files/tetra-glow-spf50-sun-lotion-50-ml-7486238.png?v=1762436919,2025-offers
435.0,EGP,TETRA GLOW,Home > عروض 2025 > لوشن الحماية من أشعة الشمس تيترا جلو SPF50 50 مل > Back to عروض 2025 > كريم الوقاية من أشعة الشمس تيترا جلو SPF50 50 مل,in stock,https://aldawaaegy.com/ar/collections/2025-offers/products/tetra-glow-spf50-sun-gel-50-ml,https://cdn.shopify.com/s/files/1/0566/6779/9603/files/tetra-glow-spf50-sun-gel-50-ml-3514978.png?v=1762437353,https://cdn.shopify.com/s/files/1/0566/6779/9603/files/tetra-glow-spf50-sun-gel-50-ml-3514978.png?v=1762437353,2025-offers
265.0,EGP,TETRA GLOW,Home > عروض 2025 > جل الحماية من أشعة الشمس تيترا جلو SPF50 50 مل > Back to عروض 2025 > كريم تيترا جلو للعناية النهارية بالوجه والرقبة بعامل حماية من أشعة الشمس +30 50 جم,in stock,https://aldawaaegy.com/ar/collections/2025-offers/products/tetra-glow-spf50-sun-cream-50-ml,https://cdn.shopify.com/s/files/1/0566/6779/9603/files/tetra-glow-spf50-sun-cream-50-ml-5049148.png?v=1762436139,https://cdn.shopify.com/s/files/1/0566/6779/9603/files/tetra-glow-spf50-sun-cream-50-ml-5049148.png?v=1762436139,2025-offers
350.0,EGP,TETRA GLOW,Home > عروض 2025 > كريم الوقاية من أشعة الشمس تيترا جلو SPF50 50 مل > Back to عروض 2025 > معطر الجسم إيفا مورنينج بلوسوم 240 مل,in stock,https://aldawaaegy.com/ar/collections/2025-offers/products/tetra-glow-day-care-face-neck-spf-30-50gm,https://cdn.shopify.com/s/files/1/0566/6779/9603/files/tetra-glow-day-care-faceneck-spf30-50gm-8817095.jpg?v=1763160597,https://cdn.shopify.com/s/files/1/0566/6779/9603/files/tetra-glow-day-care-faceneck-spf30-50gm-8817095.jpg?v=1763160597,2025-offers
208.0,EGP,Eva,Home > عروض 2025 > كريم تيترا جلو للعناية النهارية بالوجه والرقبة بعامل حماية من أشعة الشمس +30 50 جم > Back to عروض 2025 > معطر الجسم إيفا ميستيك أوركيد 240 مل,in stock,https://aldawaaegy.com/ar/collections/2025-offers/products/eva-morning-blossom-body-splash-240-ml,https://cdn.shopify.com/s/files/1/0566/6779/9603/files/eva-morning-blossom-body-splash-240ml-3485186.webp?v=1762436972,https://cdn.shopify.com/s/files/1/0566/6779/9603/files/eva-morning-blossom-body-splash-240ml-3485186.webp?v=1762436972,2025-offers
200.0,EGP,Eva,Home > عروض 2025 > معطر الجسم إيفا مورنينج بلوسوم 240 مل > Back to عروض 2025 > معطر جسم إيفا مسكي ياسمين 240 مل,in stock,https://aldawaaegy.com/ar/collections/2025-offers/products/eva-mystic-orchid-body-splash-240-ml,https://cdn.shopify.com/s/files/1/0566/6779/9603/files/eva-body-splash-mystic-orchid-240-ml-4049541.webp?v=1762437430,https://cdn.shopify.com/s/files/1/0566/6779/9603/files/eva-body-splash-mystic-orchid-240-ml-4049541.webp?v=1762437430,2025-offers
200.0,EGP,Eva,Home > عروض 2025 > معطر الجسم إيفا ميستيك أوركيد 240 مل > Back to عروض 2025 > معطر الجسم إيفا نايت أوت 240 مل,in stock,https://aldawaaegy.com/ar/collections/2025-offers/products/eva-musky-jasmine-body-splash-240-ml,https://cdn.shopify.com/s/files/1/0566/6779/9603/files/eva-body-splash-musky-jasmine-240-ml-5791999.webp?v=1762436852,https://cdn.shopify.com/s/files/1/0566/6779/9603/files/eva-body-splash-musky-jasmine-240-ml-5791999.webp?v=1762436852,2025-offers
206.0,EGP,Eva,Home > عروض 2025 > معطر جسم إيفا مسكي ياسمين 240 مل > Back to عروض 2025 > معطر الجسم إيفا سبرينج ليليز 240 مل,in stock,https://aldawaaegy.com/ar/collections/2025-offers/products/eva-night-out-body-splash-240-ml,https://cdn.shopify.com/s/files/1/0566/6779/9603/files/eva-body-splash-night-out-240ml-4948547.webp?v=1762437818,https://cdn.shopify.com/s/files/1/0566/6779/9603/files/eva-body-splash-night-out-240ml-4948547.webp?v=1762437818,2025-offers
200.0,EGP,Eva,Home > عروض 2025 > معطر الجسم إيفا نايت أوت 240 مل > Back to عروض 2025 > معطر الجسم إيفا لوف تيل 240 مل,in stock,https://aldawaaegy.com/ar/collections/2025-offers/products/eva-spring-lilies-body-splash-240-ml,https://cdn.shopify.com/s/files/1/0566/6779/9603/files/eva-body-splash-spring-lilies-240ml-4977070.webp?v=1762438275,https://cdn.shopify.com/s/files/1/0566/6779/9603/files/eva-body-splash-spring-lilies-240ml-4977070.webp?v=1762438275,2025-offers
200.0,EGP,Eva,Home > عروض 2025 > معطر الجسم إيفا سبرينج ليليز 240 مل > Back to عروض 2025 > لوشن إيفا ريسيب بنكهة التوت 370 مل,in stock,https://aldawaaegy.com/ar/collections/2025-offers/products/eva-love-tale-body-splash-240-ml,https://cdn.shopify.com/s/files/1/0566/6779/9603/files/eva-body-splash-love-tale-240ml-5192937.webp?v=1762438054,https://cdn.shopify.com/s/files/1/0566/6779/9603/files/eva-body-splash-love-tale-240ml-5192937.webp?v=1762438054,2025-offers
175.0,EGP,Eva,Home > عروض 2025 > معطر الجسم إيفا لوف تيل 240 مل > Back to عروض 2025 > لوشن إيفا ريسيب بالخوخ 370 مل,in stock,https://aldawaaegy.com/ar/collections/2025-offers/products/eva-recipe-lotion-berries-370ml,,,2025-offers
175.0,EGP,Eva,Home > عروض 2025 > لوشن إيفا ريسيب بنكهة التوت 370 مل > Back to عروض 2025 > لوشن إيفا ريسيبي مارشميلو 370 مل,in stock,https://aldawaaegy.com/ar/collections/2025-offers/products/eva-recipe-lotion-peach-370ml,,,2025-offers
175.0,EGP,Eva,Home > عروض 2025 > لوشن إيفا ريسيب بالخوخ 370 مل > Back to عروض 2025 > لوشن الجسم تيلوفيل جاسمين بارادايس 250 مل,in stock,https://aldawaaegy.com/ar/collections/2025-offers/products/eva-recipe-lotion-marshmallow-370-ml,https://cdn.shopify.com/s/files/1/0566/6779/9603/files/eva-recipe-lotion-marshmallow-370-ml-1147183.webp?v=1762437553,https://cdn.shopify.com/s/files/1/0566/6779/9603/files/eva-recipe-lotion-marshmallow-370-ml-1147183.webp?v=1762437553,2025-offers
250.0,EGP,Telofill,Home > عروض 2025 > لوشن إيفا ريسيبي مارشميلو 370 مل > Back to عروض 2025 > تونر الوجه أليخون 200 مل,in stock,https://aldawaaegy.com/ar/collections/2025-offers/products/telofill-jasmine-paradise-body-lotion-250ml,https://cdn.shopify.com/s/files/1/0566/6779/9603/files/telofill-body-lotion-jasmine-250ml-8452792.jpg?v=1762436966,https://cdn.shopify.com/s/files/1/0566/6779/9603/files/telofill-body-lotion-jasmine-250ml-8452792.jpg?v=1762436966,2025-offers
180.0,EGP,Alejon,Home > عروض 2025 > لوشن الجسم تيلوفيل جاسمين بارادايس 250 مل > Back to عروض 2025 > رذاذ جلي الكب كيك من فافيلين 125 مل,sold out,https://aldawaaegy.com/ar/collections/2025-offers/products/alejon-facial-toner-200ml,https://cdn.shopify.com/s/files/1/0566/6779/9603/files/alejon-tea-tree-oil-facial-toner-200ml-3020043.jpg?v=1762437813,https://cdn.shopify.com/s/files/1/0566/6779/9603/files/alejon-tea-tree-oil-facial-toner-200ml-3020043.jpg?v=1762437813,2025-offers
375.0,EGP,Favelin,Home > عروض 2025 > تونر الوجه أليخون 200 مل > Back to عروض 2025 > زبدة الجسم فافلين صن كيسد 185 مل,sold out,https://aldawaaegy.com/ar/collections/2025-offers/products/favelin-cup-cake-glaze-splash-125ml,https://cdn.shopify.com/s/files/1/0566/6779/9603/files/favelin-cup-cake-glaze-splash-125ml-2231800.webp?v=1762438855,https://cdn.shopify.com/s/files/1/0566/6779/9603/files/favelin-cup-cake-glaze-splash-125ml-2231800.webp?v=1762438855,2025-offers
450.0,EGP,Favelin,Home > عروض 2025 > رذاذ جلي الكب كيك من فافيلين 125 مل > Back to عروض 2025 > معطر الجسم فافلين إنتو ذا وايلد 125 مل,sold out,https://aldawaaegy.com/ar/collections/2025-offers/products/favelin-sun-kissed-body-butter-185ml,https://cdn.shopify.com/s/files/1/0566/6779/9603/files/favelin-sun-kissed-body-butter-185ml-5965012.webp?v=1762438374,https://cdn.shopify.com/s/files/1/0566/6779/9603/files/favelin-sun-kissed-body-butter-185ml-5965012.webp?v=1762438374,2025-offers
375.0,EGP,Favelin,Home > عروض 2025 > زبدة الجسم فافلين صن كيسد 185 مل > Back to عروض 2025 > جل الاستحمام فافلين إنتو ذا وايلد 200 مل,sold out,https://aldawaaegy.com/ar/collections/2025-offers/products/favelin-body-splash-into-the-wild-125ml,https://cdn.shopify.com/s/files/1/0566/6779/9603/files/favelin-body-splash-into-the-wild-125ml-4310738.webp?v=1762439003,https://cdn.shopify.com/s/files/1/0566/6779/9603/files/favelin-body-splash-into-the-wild-125ml-4310738.webp?v=1762439003,2025-offers
250.0,EGP,Favelin,Home > عروض 2025 > معطر الجسم فافلين إنتو ذا وايلد 125 مل > Back to عروض 2025 > لوشن الجسم فافلين إنتو ذا وايلد 125 مل,sold out,https://aldawaaegy.com/ar/collections/2025-offers/products/favelin-shower-gel-into-the-wild-200ml,https://cdn.shopify.com/s/files/1/0566/6779/9603/files/favelin-shower-gel-into-the-wild-200ml-9212725.webp?v=1762438662,https://cdn.shopify.com/s/files/1/0566/6779/9603/files/favelin-shower-gel-into-the-wild-200ml-9212725.webp?v=1762438662,2025-offers
350.0,EGP,Favelin,Home > عروض 2025 > جل الاستحمام فافلين إنتو ذا وايلد 200 مل > Back to عروض 2025 > لوشن الجسم فافلين بالمسك الأبيض 250 مل,sold out,https://aldawaaegy.com/ar/collections/2025-offers/products/favelin-body-lotion-into-the-wild-125ml,https://cdn.shopify.com/s/files/1/0566/6779/9603/files/favelin-body-lotion-into-the-wild-125ml-1664195.webp?v=1762438649,https://cdn.shopify.com/s/files/1/0566/6779/9603/files/favelin-body-lotion-into-the-wild-125ml-1664195.webp?v=1762438649,2025-offers
320.0,EGP,Favelin,Home > عروض 2025 > لوشن الجسم فافلين إنتو ذا وايلد 125 مل > Back to عروض 2025 > جل الاستحمام فافلين ديزيرت ويسبر 200 مل,sold out,https://aldawaaegy.com/ar/collections/2025-offers/products/favelin-body-lotion-white-musk-250ml,https://cdn.shopify.com/s/files/1/0566/6779/9603/files/favelin-body-lotion-white-musk-250ml-4077571.jpg?v=1762439301,https://cdn.shopify.com/s/files/1/0566/6779/9603/files/favelin-body-lotion-white-musk-250ml-4077571.jpg?v=1762439301,2025-offers
250.0,EGP,Favelin,Home > عروض 2025 > لوشن الجسم فافلين بالمسك الأبيض 250 مل > Back to عروض 2025 > لوشن الجسم فافلين ديزيرت ويسبر 125 مل,sold out,https://aldawaaegy.com/ar/collections/2025-offers/products/favelin-shower-gel-desert-whisper-200ml,https://cdn.shopify.com/s/files/1/0566/6779/9603/files/favelin-shower-gel-desert-whisper-200ml-3172006.webp?v=1762439433,https://cdn.shopify.com/s/files/1/0566/6779/9603/files/favelin-shower-gel-desert-whisper-200ml-3172006.webp?v=1762439433,2025-offers
350.0,EGP,Favelin,Home > عروض 2025 > جل الاستحمام فافلين ديزيرت ويسبر 200 مل > Back to عروض 2025 > لوشن الجسم فافيلين فيوليت تويست 125 مل,in stock,https://aldawaaegy.com/ar/collections/2025-offers/products/favelin-body-lotion-desert-whisper-125ml,https://cdn.shopify.com/s/files/1/0566/6779/9603/files/favelin-body-lotion-desert-whisper-125ml-2148107.webp?v=1762438669,https://cdn.shopify.com/s/files/1/0566/6779/9603/files/favelin-body-lotion-desert-whisper-125ml-2148107.webp?v=1762438669,2025-offers
350.0,EGP,Favelin,Home > عروض 2025 > لوشن الجسم فافلين ديزيرت ويسبر 125 مل > Back to عروض 2025 > زيت تعزيز الحاجب من فافلين 5 مل,in stock,https://aldawaaegy.com/ar/collections/2025-offers/products/favelin-violet-twist-body-lotion-125ml,https://cdn.shopify.com/s/files/1/0566/6779/9603/files/favelin-violet-twist-body-lotion-125ml-6027451.webp?v=1762437907,https://cdn.shopify.com/s/files/1/0566/6779/9603/files/favelin-violet-twist-body-lotion-125ml-6027451.webp?v=1762437907,2025-offers
259.0,EGP,Favelin,Home > عروض 2025 > لوشن الجسم فافيلين فيوليت تويست 125 مل > Back to عروض 2025 > لوشن الجسم فافلين صن كيسد 125 مل,in stock,https://aldawaaegy.com/ar/collections/2025-offers/products/favelin-eyebrow-booster-oil-5ml,https://cdn.shopify.com/s/files/1/0566/6779/9603/files/favelin-eyebrow-booster-oil-5ml-8131921.webp?v=1762437912,https://cdn.shopify.com/s/files/1/0566/6779/9603/files/favelin-eyebrow-booster-oil-5ml-8131921.webp?v=1762437912,2025-offers
350.0,EGP,Favelin,Home > عروض 2025 > زيت تعزيز الحاجب من فافلين 5 مل > Back to عروض 2025 > معطر الجسم فافيلين فيوليت تويست 125 مل,sold out,https://aldawaaegy.com/ar/collections/2025-offers/products/favelin-sun-kissed-body-lotion-125ml,https://cdn.shopify.com/s/files/1/0566/6779/9603/files/favelin-sun-kissed-body-lotion-125ml-9557741.webp?v=1762438429,https://cdn.shopify.com/s/files/1/0566/6779/9603/files/favelin-sun-kissed-body-lotion-125ml-9557741.webp?v=1762438429,2025-offers
375.0,EGP,Favelin,Home > عروض 2025 > لوشن الجسم فافلين صن كيسد 125 مل > Back to عروض 2025 > لوشن الجسم فافلين برائحة النسيم الاستوائي 250 مل,in stock,https://aldawaaegy.com/ar/collections/2025-offers/products/favelin-violet-twist-body-splash-125ml,https://cdn.shopify.com/s/files/1/0566/6779/9603/files/favelin-violet-twist-body-splash-125ml-5487220.webp?v=1762438774,https://cdn.shopify.com/s/files/1/0566/6779/9603/files/favelin-violet-twist-body-splash-125ml-5487220.webp?v=1762438774,2025-offers
320.0,EGP,Favelin,Home > عروض 2025 > معطر الجسم فافيلين فيوليت تويست 125 مل > Back to عروض 2025 > زبدة الجسم فافلين إنتو ذا وايلد 185 مل,sold out,https://aldawaaegy.com/ar/collections/2025-offers/products/favelin-body-lotion-tropical-breeze-250ml,https://cdn.shopify.com/s/files/1/0566/6779/9603/files/favelin-body-lotion-tropical-breeze-250ml-1219051.jpg?v=1762438645,https://cdn.shopify.com/s/files/1/0566/6779/9603/files/favelin-body-lotion-tropical-breeze-250ml-1219051.jpg?v=1762438645,2025-offers
450.0,EGP,Favelin,Home > عروض 2025 > لوشن الجسم فافلين برائحة النسيم الاستوائي 250 مل > Back to عروض 2025 > معطر الجسم فافلين صن كيسد 125 مل,in stock,https://aldawaaegy.com/ar/collections/2025-offers/products/favelin-body-butter-into-the-wild-185ml,https://cdn.shopify.com/s/files/1/0566/6779/9603/files/favelin-body-butter-into-the-wild-185ml-1686558.webp?v=1762438423,https://cdn.shopify.com/s/files/1/0566/6779/9603/files/favelin-body-butter-into-the-wild-185ml-1686558.webp?v=1762438423,2025-offers
375.0,EGP,Favelin,Home > عروض 2025 > زبدة الجسم فافلين إنتو ذا وايلد 185 مل > Back to عروض 2025 > زيت فافلين الجاف (للوجه والشعر والجسم) 50 مل,in stock,https://aldawaaegy.com/ar/collections/2025-offers/products/favelin-sun-kissed-body-splash-125ml,https://cdn.shopify.com/s/files/1/0566/6779/9603/files/favelin-sun-kissed-body-splash-125ml-7501319.webp?v=1762439235,https://cdn.shopify.com/s/files/1/0566/6779/9603/files/favelin-sun-kissed-body-splash-125ml-7501319.webp?v=1762439235,2025-offers
700.0,EGP,Favelin,Home > عروض 2025 > معطر الجسم فافلين صن كيسد 125 مل > Back to عروض 2025 > رول ميلاتكس لتفتيح البشرة عنبر,sold out,https://aldawaaegy.com/ar/collections/2025-offers/products/favelin-dry-oil-face-hair-body50ml,https://cdn.shopify.com/s/files/1/0566/6779/9603/files/favelin-dry-oil-face-hairbody50ml-8713792.webp?v=1762438211,https://cdn.shopify.com/s/files/1/0566/6779/9603/files/favelin-dry-oil-face-hairbody50ml-8713792.webp?v=1762438211,2025-offers
149.0,EGP,Melatex,Home > عروض 2025 > زيت فافلين الجاف (للوجه والشعر والجسم) 50 مل > Back to عروض 2025 > كريم تفتيح ميلاتكس 50 مل,sold out,https://aldawaaegy.com/ar/collections/2025-offers/products/melatex-lightening-roll-amber,https://cdn.shopify.com/s/files/1/0566/6779/9603/files/melatex-lightening-roll-amber-9727020.webp?v=1762438775,https://cdn.shopify.com/s/files/1/0566/6779/9603/files/melatex-lightening-roll-amber-9727020.webp?v=1762438775,2025-offers
307.0,EGP,Melatex,Home > عروض 2025 > رول ميلاتكس لتفتيح البشرة عنبر > Back to عروض 2025 > رول تفتيح ميلاتكس على الورد 40 مل,in stock,https://aldawaaegy.com/ar/collections/2025-offers/products/melatex-lightening-cream-50ml,https://cdn.shopify.com/s/files/1/0566/6779/9603/files/melatex-lightening-cream-50ml-1116309.jpg?v=1762438460,https://cdn.shopify.com/s/files/1/0566/6779/9603/files/melatex-lightening-cream-50ml-1116309.jpg?v=1762438460,2025-offers
169.0,EGP,Melatex,Home > عروض 2025 > كريم تفتيح ميلاتكس 50 مل > Back to عروض 2025 > رول تفتيح ميلاتكس بالفواكه,sold out,https://aldawaaegy.com/ar/collections/2025-offers/products/melatex-lightening-roll-on-rose-40ml,https://cdn.shopify.com/s/files/1/0566/6779/9603/files/melatex-lightening-roll-on-rose-40ml-7652448.jpg?v=1762439000,https://cdn.shopify.com/s/files/1/0566/6779/9603/files/melatex-lightening-roll-on-rose-40ml-7652448.jpg?v=1762439000,2025-offers
169.0,EGP,Melatex,Home > عروض 2025 > رول تفتيح ميلاتكس على الورد 40 مل > Back to عروض 2025 > رول ميلاتكس لتفتيح البشرة بالياسمين,sold out,https://aldawaaegy.com/ar/collections/2025-offers/products/melatex-lightening-roll-on-fruity,https://cdn.shopify.com/s/files/1/0566/6779/9603/files/melatex-lightening-roll-on-fruity-6437185.jpg?v=1762439305,https://cdn.shopify.com/s/files/1/0566/6779/9603/files/melatex-lightening-roll-on-fruity-6437185.jpg?v=1762439305,2025-offers
149.0,EGP,Melatex,Home > عروض 2025 > رول تفتيح ميلاتكس بالفواكه > Back to عروض 2025 > رول ميلاتكس للتفتيح باللافندر 40 مل,sold out,https://aldawaaegy.com/ar/collections/2025-offers/products/melatex-lightening-roll-on-jasmine,https://cdn.shopify.com/s/files/1/0566/6779/9603/files/melatex-lightening-roll-on-jasmine-7403579.webp?v=1762438508,https://cdn.shopify.com/s/files/1/0566/6779/9603/files/melatex-lightening-roll-on-jasmine-7403579.webp?v=1762438508,2025-offers
225.0,EGP,Melatex,Home > عروض 2025 > رول ميلاتكس لتفتيح البشرة بالياسمين > Back to عروض 2025 > مصل ميلاتكس إل فيتامين سي 10% 30 م,sold out,https://aldawaaegy.com/ar/collections/2025-offers/products/melatex-lightening-roll-on-lavender-40ml,https://cdn.shopify.com/s/files/1/0566/6779/9603/files/melatex-lightening-roll-on-lavender-40ml-7509349.jpg?v=1762438375,https://cdn.shopify.com/s/files/1/0566/6779/9603/files/melatex-lightening-roll-on-lavender-40ml-7509349.jpg?v=1762438375,2025-offers
483.0,EGP,Melatex,Home > عروض 2025 > رول ميلاتكس للتفتيح باللافندر 40 مل > Back to عروض 2025 > رول ميلاتكس للتفتيح 40 مل,sold out,https://aldawaaegy.com/ar/collections/2025-offers/products/melatex-l-vitamine-c-10-serum-30m,https://cdn.shopify.com/s/files/1/0566/6779/9603/files/melatex-l-vitamine-c-10-serum-30m-3626941.jpg?v=1762439359,https://cdn.shopify.com/s/files/1/0566/6779/9603/files/melatex-l-vitamine-c-10-serum-30m-3626941.jpg?v=1762439359,2025-offers
225.0,EGP,Melatex,Home > عروض 2025 > مصل ميلاتكس إل فيتامين سي 10% 30 م > Back to عروض 2025 > رول تفتيح ميلاتكس حلوى القطن,in stock,https://aldawaaegy.com/ar/collections/2025-offers/products/melatex-lightening-roll-on-40ml,https://cdn.shopify.com/s/files/1/0566/6779/9603/files/melatex-lightening-roll-on-40ml-9229837.jpg?v=1762439008,https://cdn.shopify.com/s/files/1/0566/6779/9603/files/melatex-lightening-roll-on-40ml-9229837.jpg?v=1762439008,2025-offers
225.0,EGP,Melatex,Home > عروض 2025 > رول ميلاتكس للتفتيح 40 مل > Back to عروض 2025 > رول ميلاتكس لتفتيح العود,in stock,https://aldawaaegy.com/ar/collections/2025-offers/products/melatex-lightening-roll-cotton-candy,https://cdn.shopify.com/s/files/1/0566/6779/9603/files/melatex-lightening-roll-cotton-candy-8369871.jpg?v=1762439738,https://cdn.shopify.com/s/files/1/0566/6779/9603/files/melatex-lightening-roll-cotton-candy-8369871.jpg?v=1762439738,2025-offers
169.0,EGP,Melatex,Home > عروض 2025 > رول تفتيح ميلاتكس حلوى القطن > Back to عروض 2025 > معطر الجسم إيفا إن ذا كلاودز 240 مل,in stock,https://aldawaaegy.com/ar/collections/2025-offers/products/melatex-lightening-roll-oud,https://cdn.shopify.com/s/files/1/0566/6779/9603/files/melatex-lightening-roll-oud-4406123.webp?v=1762438666,https://cdn.shopify.com/s/files/1/0566/6779/9603/files/melatex-lightening-roll-oud-4406123.webp?v=1762438666,2025-offers
220.0,EGP,Eva,Home > عروض 2025 > رول ميلاتكس لتفتيح العود > Back to عروض 2025 > شامبو أليجون المضاد لتساقط الشعر 200 مل,in stock,https://aldawaaegy.com/ar/collections/2025-offers/products/eva-body-splash-in-the-clouds-240ml-25-0,https://cdn.shopify.com/s/files/1/0566/6779/9603/products/eva-body-splash-in-the-clouds-240ml-2949481.jpg?v=1762439299,https://cdn.shopify.com/s/files/1/0566/6779/9603/products/eva-body-splash-in-the-clouds-240ml-2949481.jpg?v=1762439299,2025-offers
250.0,EGP,Alejon,Home > عروض 2025 > معطر الجسم إيفا إن ذا كلاودز 240 مل > Back to عروض 2025 > كريم سترونج فيل المغذي للرجال 120 جرام,in stock,https://aldawaaegy.com/ar/collections/2025-offers/products/alejon-hair-shampoo-200ml,https://cdn.shopify.com/s/files/1/0566/6779/9603/products/alejon-hair-shampoo-200ml-8048378.png?v=1762440204,https://cdn.shopify.com/s/files/1/0566/6779/9603/products/alejon-hair-shampoo-200ml-8048378.png?v=1762440204,2025-offers
195.0,EGP,Strongville,Home > عروض 2025 > شامبو أليجون المضاد لتساقط الشعر 200 مل > Back to عروض 2025 > جل التنظيف سيباكلار 200 مل,in stock,https://aldawaaegy.com/ar/collections/2025-offers/products/strongville-nourishing-cream-men-120gm,https://cdn.shopify.com/s/files/1/0566/6779/9603/products/strongville-nourishing-cream-men-120gm-6964075.jpg?v=1762439015,https://cdn.shopify.com/s/files/1/0566/6779/9603/products/strongville-nourishing-cream-men-120gm-6964075.jpg?v=1762439015,2025-offers
286.0,EGP,Sebaclar,Home > عروض 2025 > كريم سترونج فيل المغذي للرجال 120 جرام > Back to عروض 2025 > غسول الجسم تيلوفيل بالفانيليا 500 مل,in stock,https://aldawaaegy.com/ar/collections/2025-offers/products/sebaclar-cleansing-gel-200ml,https://cdn.shopify.com/s/files/1/0566/6779/9603/files/sebaclar-cleansing-gel-200ml-4873518.webp?v=1762440684,https://cdn.shopify.com/s/files/1/0566/6779/9603/files/sebaclar-cleansing-gel-200ml-4873518.webp?v=1762440684,2025-offers
190.0,EGP,Telofill,Home > عروض 2025 > جل التنظيف سيباكلار 200 مل > Back to عروض 2025 > غسول الجسم تيلوفيل بالياسمين 500 مل,sold out,https://aldawaaegy.com/ar/collections/2025-offers/products/telofill-vanilla-body-wash-500ml,https://cdn.shopify.com/s/files/1/0566/6779/9603/products/telofill-vanilla-body-wash-500ml-9776772.webp?v=1762439745,https://cdn.shopify.com/s/files/1/0566/6779/9603/products/telofill-vanilla-body-wash-500ml-9776772.webp?v=1762439745,2025-offers
190.0,EGP,Telofill,Home > عروض 2025 > غسول الجسم تيلوفيل بالفانيليا 500 مل > Back to عروض 2025 > كريم سترالين لطفح الحفاض 75 مل,sold out,https://aldawaaegy.com/ar/collections/2025-offers/products/telofill-jasmine-body-wash-500ml,https://cdn.shopify.com/s/files/1/0566/6779/9603/products/telofill-jasmine-body-wash-500ml-1868337.jpg?v=1762440275,https://cdn.shopify.com/s/files/1/0566/6779/9603/products/telofill-jasmine-body-wash-500ml-1868337.jpg?v=1762440275,2025-offers
120.0,EGP,Straline,Home > عروض 2025 > غسول الجسم تيلوفيل بالياسمين 500 مل > Back to عروض 2025 > كريم سترونج فيل المغذي 120 جم,sold out,https://aldawaaegy.com/ar/collections/2025-offers/products/straline-nappy-rash-cream-75ml,https://cdn.shopify.com/s/files/1/0566/6779/9603/files/straline-nappy-rash-cream-75ml-5466808.webp?v=1762441610,https://cdn.shopify.com/s/files/1/0566/6779/9603/files/straline-nappy-rash-cream-75ml-5466808.webp?v=1762441610,2025-offers
195.0,EGP,Strongville,Home > عروض 2025 > كريم سترالين لطفح الحفاض 75 مل > Back to عروض 2025 > تيلوفيل مقشر الجسم بالفانيليا 250 مل,sold out,https://aldawaaegy.com/ar/collections/2025-offers/products/strongville-nourishing-cream-120gm,https://cdn.shopify.com/s/files/1/0566/6779/9603/files/strongville-nourishing-cream-120gm-1970111.jpg?v=1762441039,https://cdn.shopify.com/s/files/1/0566/6779/9603/files/strongville-nourishing-cream-120gm-1970111.jpg?v=1762441039,2025-offers
210.0,EGP,Telofill,Home > عروض 2025 > كريم سترونج فيل المغذي 120 جم > Back to عروض 2025 > تيلوفيل مقشر الجسم بالياسمين 250 مل,sold out,https://aldawaaegy.com/ar/collections/2025-offers/products/telofill-body-scrub-vanilla-250ml,https://cdn.shopify.com/s/files/1/0566/6779/9603/products/telofill-body-scrub-vanilla-250ml-8122886.jpg?v=1762441469,https://cdn.shopify.com/s/files/1/0566/6779/9603/products/telofill-body-scrub-vanilla-250ml-8122886.jpg?v=1762441469,2025-offers
210.0,EGP,Telofill,Home > عروض 2025 > تيلوفيل مقشر الجسم بالفانيليا 250 مل > Back to عروض 2025 > لوشن الجسم تيلوفيل بالفانيليا 250 مل,in stock,https://aldawaaegy.com/ar/collections/2025-offers/products/telofill-body-scrub-jasmine-250ml,https://cdn.shopify.com/s/files/1/0566/6779/9603/products/telofill-body-scrub-jasmine-250ml-1852634.webp?v=1762440112,https://cdn.shopify.com/s/files/1/0566/6779/9603/products/telofill-body-scrub-jasmine-250ml-1852634.webp?v=1762440112,2025-offers
195.0,EGP,Telofill,Home > عروض 2025 > تيلوفيل مقشر الجسم بالياسمين 250 مل > Back to عروض 2025 > لوشن الجسم تيلوفيل بجوز الهند 250 مل,sold out,https://aldawaaegy.com/ar/collections/2025-offers/products/telofill-body-lotion-vanilla-250ml,https://cdn.shopify.com/s/files/1/0566/6779/9603/products/telofill-body-lotion-vanilla-250ml-3215121.jpg?v=1762440268,https://cdn.shopify.com/s/files/1/0566/6779/9603/products/telofill-body-lotion-vanilla-250ml-3215121.jpg?v=1762440268,2025-offers
195.0,EGP,Telofill,Home > عروض 2025 > لوشن الجسم تيلوفيل بالفانيليا 250 مل > Back to عروض 2025 > تيلوفيل سيروم مضاد للشيخوخة 30 مل,sold out,https://aldawaaegy.com/ar/collections/2025-offers/products/telofill-body-lotion-coconut-250ml,https://cdn.shopify.com/s/files/1/0566/6779/9603/products/telofill-body-lotion-coconut-250ml-6401491.jpg?v=1762441395,https://cdn.shopify.com/s/files/1/0566/6779/9603/products/telofill-body-lotion-coconut-250ml-6401491.jpg?v=1762441395,2025-offers
400.0,EGP,Telofill,Home > عروض 2025 > لوشن الجسم تيلوفيل بجوز الهند 250 مل > Back to عروض 2025 > سترونج فيل شامبو وكوند (للرجال) 220 مل,sold out,https://aldawaaegy.com/ar/collections/2025-offers/products/telofill-anti-aging-serum-30-ml,https://cdn.shopify.com/s/files/1/0566/6779/9603/products/telofill-anti-aging-serum-30-ml-6778204.jpg?v=1762441140,https://cdn.shopify.com/s/files/1/0566/6779/9603/products/telofill-anti-aging-serum-30-ml-6778204.jpg?v=1762441140,2025-offers
195.0,EGP,Strongville,Home > عروض 2025 > تيلوفيل سيروم مضاد للشيخوخة 30 مل > Back to عروض 2025 > كريم سترالين لليدين 75 مل,in stock,https://aldawaaegy.com/ar/collections/2025-offers/products/strongville-shampo-condmen220ml,https://cdn.shopify.com/s/files/1/0566/6779/9603/products/strongville-shampocondmen220ml-7872527.webp?v=1762440106,https://cdn.shopify.com/s/files/1/0566/6779/9603/products/strongville-shampocondmen220ml-7872527.webp?v=1762440106,2025-offers
264.0,EGP,Straline,Home > عروض 2025 > سترونج فيل شامبو وكوند (للرجال) 220 مل > Back to عروض 2025 > سيباكلار جل فعال 50 مل,in stock,https://aldawaaegy.com/ar/collections/2025-offers/products/straline-hand-cream-75ml,https://cdn.shopify.com/s/files/1/0566/6779/9603/files/straline-hand-cream-75ml-5470258.jpg?v=1762441682,https://cdn.shopify.com/s/files/1/0566/6779/9603/files/straline-hand-cream-75ml-5470258.jpg?v=1762441682,2025-offers
307.0,EGP,Sebaclar,Home > عروض 2025 > كريم سترالين لليدين 75 مل > Back to عروض 2025 > كلاري معطر للجسم (العود) 250 مل,in stock,https://aldawaaegy.com/ar/collections/2025-offers/products/sebaclar-active-gel-50ml,https://cdn.shopify.com/s/files/1/0566/6779/9603/files/sebaclar-active-gel-50ml-9460219.jpg?v=1762441111,https://cdn.shopify.com/s/files/1/0566/6779/9603/files/sebaclar-active-gel-50ml-9460219.jpg?v=1762441111,2025-offers
150.0,EGP,Clary,Home > عروض 2025 > سيباكلار جل فعال 50 مل > Back to عروض 2025 > سيروم فيتامين سي 10% من أليخون 50 مل,sold out,https://aldawaaegy.com/ar/collections/2025-offers/products/clary-body-splash-oud-250-ml,https://cdn.shopify.com/s/files/1/0566/6779/9603/products/clary-body-splash-oud-250-ml-9565820.webp?v=1762441455,https://cdn.shopify.com/s/files/1/0566/6779/9603/products/clary-body-splash-oud-250-ml-9565820.webp?v=1762441455,2025-offers
325.0,EGP,Alejon,Home > عروض 2025 > كلاري معطر للجسم (العود) 250 مل > Back to عروض 2025 > أليخون واقي الشمس SPF 50 بخاخ 200 مل,in stock,https://aldawaaegy.com/ar/collections/2025-offers/products/alejon-vitamin-c-serum-50ml,https://cdn.shopify.com/s/files/1/0566/6779/9603/products/alejon-vitamin-c-serum-50ml-2445421.png?v=1762440987,https://cdn.shopify.com/s/files/1/0566/6779/9603/products/alejon-vitamin-c-serum-50ml-2445421.png?v=1762440987,2025-offers
475.0,EGP,Alejon,Home > عروض 2025 > سيروم فيتامين سي 10% من أليخون 50 مل > Back to عروض 2025,sold out,https://aldawaaegy.com/ar/collections/2025-offers/products/alejon-sun-screen-spf-50-spray-200ml,https://cdn.shopify.com/s/files/1/0566/6779/9603/files/alejon-sun-screen-spf-50-spray-200ml-8914160.jpg?v=1762440827,https://cdn.shopify.com/s/files/1/0566/6779/9603/files/alejon-sun-screen-spf-50-spray-200ml-8914160.jpg?v=1762440827,2025-offers
