product_id,name,price,currency,brand,description,availability,url,thumbnail_image,gallery_images,Category
700.0,EGP,Capixy,Home > العناية بالشعر > Back to العناية بالشعر > قناع الشعر كلاري مع البروكابيل 300 مل,in stock,https://aldawaaegy.com/ar/collections/hair-care/products/capixy-intense-spray-tonique125ml,https://cdn.shopify.com/s/files/1/0566/6779/9603/products/capixy-intense-spray-tonique125ml-7017038.webp?v=1762441065,https://cdn.shopify.com/s/files/1/0566/6779/9603/products/capixy-intense-spray-tonique125ml-7017038.webp?v=1762441065,hair-care
380.0,EGP,Clary,Home > العناية بالشعر > رذاذ تونيك مكثف من كابكسي 125 مل > Back to العناية بالشعر > لوشن ايه سي ام نوفوفان المضاد لتساقط الشعر 100 مل,in stock,https://aldawaaegy.com/ar/collections/hair-care/products/clary-hair-mask-with-procapil-300ml,https://cdn.shopify.com/s/files/1/0566/6779/9603/products/clary-hair-mask-with-procapil-300ml-9890958.webp?v=1763161456,https://cdn.shopify.com/s/files/1/0566/6779/9603/products/clary-hair-mask-with-procapil-300ml-9890958.webp?v=1763161456,hair-care
699.0,EGP,ACM,Home > العناية بالشعر > قناع الشعر كلاري مع البروكابيل 300 مل > Back to العناية بالشعر > قناع فافلين للشعر الجاف والتالف 300 مل,sold out,https://aldawaaegy.com/ar/collections/hair-care/products/acm-novophane-anti-hair-loss-lotion-100ml,https://cdn.shopify.com/s/files/1/0566/6779/9603/products/acm-novophane-anti-hair-loss-lotion-100ml-3694354.jpg?v=1762439581,https://cdn.shopify.com/s/files/1/0566/6779/9603/products/acm-novophane-anti-hair-loss-lotion-100ml-3694354.jpg?v=1762439581,hair-care
440.0,EGP,Favelin,Home > العناية بالشعر > لوشن ايه سي ام نوفوفان المضاد لتساقط الشعر 100 مل > Back to العناية بالشعر > شامبو كابكسي 250 مل,in stock,https://aldawaaegy.com/ar/collections/hair-care/products/favelin-hydrating-repairing-hair-mask-300ml,https://cdn.shopify.com/s/files/1/0566/6779/9603/files/favelin-hair-drydamaged-mask-300ml-9720059.webp?v=1762439123,https://cdn.shopify.com/s/files/1/0566/6779/9603/files/favelin-hair-drydamaged-mask-300ml-9720059.webp?v=1762439123,hair-care
320.0,EGP,Capixy,Home > العناية بالشعر > قناع فافلين للشعر الجاف والتالف 300 مل > Back to العناية بالشعر > أوراق كلاري في كريمة 300 جرام,in stock,https://aldawaaegy.com/ar/collections/hair-care/products/capixy-shampoo-250ml,https://cdn.shopify.com/s/files/1/0566/6779/9603/products/capixy-shampoo-250ml-9643847.jpg?v=1762439636,https://cdn.shopify.com/s/files/1/0566/6779/9603/products/capixy-shampoo-250ml-9643847.jpg?v=1762439636,hair-care
340.0,EGP,Clary,Home > العناية بالشعر > شامبو كابكسي 250 مل > Back to العناية بالشعر > فيشي ديركوس دينسي سوليوشنز بخاخ 100 مل,in stock,https://aldawaaegy.com/ar/collections/hair-care/products/clary-leave-in-cream-300-gm,https://cdn.shopify.com/s/files/1/0566/6779/9603/files/clary-leave-in-cream-300-gm-9224469.webp?v=1762436617,https://cdn.shopify.com/s/files/1/0566/6779/9603/files/clary-leave-in-cream-300-gm-9224469.webp?v=1762436617,hair-care
2380.0,EGP,Vichy,Home > العناية بالشعر > أوراق كلاري في كريمة 300 جرام > Back to العناية بالشعر > قناع الشعر سيروبايب 300 مل,in stock,https://aldawaaegy.com/ar/collections/hair-care/products/vichy-dercos-densi-solutions-spray-100ml,https://cdn.shopify.com/s/files/1/0566/6779/9603/products/vichy-dercos-densi-solutions-spray-100ml-5949578.jpg?v=1762441341,https://cdn.shopify.com/s/files/1/0566/6779/9603/products/vichy-dercos-densi-solutions-spray-100ml-5949578.jpg?v=1762441341,hair-care
320.0,EGP,Seropipe,Home > العناية بالشعر > فيشي ديركوس دينسي سوليوشنز بخاخ 100 مل > Back to العناية بالشعر > شامبو كلاري مع بروكابيل 300 مل,in stock,https://aldawaaegy.com/ar/collections/hair-care/products/seropipe-hair-mask-300ml,https://cdn.shopify.com/s/files/1/0566/6779/9603/files/seropipe-hair-mask-225ml-3974652.png?v=1762436925,https://cdn.shopify.com/s/files/1/0566/6779/9603/files/seropipe-hair-mask-225ml-3974652.png?v=1762436925,hair-care
330.0,EGP,Clary,Home > العناية بالشعر > قناع الشعر سيروبايب 300 مل > Back to العناية بالشعر > كريم كابكسي المضاد لتساقط الشعر 120 مل,in stock,https://aldawaaegy.com/ar/collections/hair-care/products/clary-shampoo-with-procapil-300ml,https://cdn.shopify.com/s/files/1/0566/6779/9603/products/clary-shampoo-with-procapil-300ml-7555002.jpg?v=1762438981,https://cdn.shopify.com/s/files/1/0566/6779/9603/products/clary-shampoo-with-procapil-300ml-7555002.jpg?v=1762438981,hair-care
320.0,EGP,Capixy,Home > العناية بالشعر > شامبو كلاري مع بروكابيل 300 مل > Back to العناية بالشعر > شامبو سيروبايب المغذي المكثف للشعر 300 مل,in stock,https://aldawaaegy.com/ar/collections/hair-care/products/capixy-anti-hair-loss-cream-120ml,https://cdn.shopify.com/s/files/1/0566/6779/9603/files/capixy-anti-hair-loss-cream-120ml-8373343.jpg?v=1762437194,https://cdn.shopify.com/s/files/1/0566/6779/9603/files/capixy-anti-hair-loss-cream-120ml-8373343.jpg?v=1762437194,hair-care
295.0,EGP,Seropipe,Home > العناية بالشعر > كريم كابكسي المضاد لتساقط الشعر 120 مل > Back to العناية بالشعر > قوارير كابكسي المضادة لتساقط الشعر 70 مل,in stock,https://aldawaaegy.com/ar/collections/hair-care/products/seropipe-intense-nutrition-hair-shampoo-300-ml,https://cdn.shopify.com/s/files/1/0566/6779/9603/files/seropipe-intense-nutrition-hair-shampoo-300-ml-8927052.png?v=1762437306,https://cdn.shopify.com/s/files/1/0566/6779/9603/files/seropipe-intense-nutrition-hair-shampoo-300-ml-8927052.png?v=1762437306,hair-care
995.0,EGP,Capixy,Home > العناية بالشعر > شامبو سيروبايب المغذي المكثف للشعر 300 مل > Back to العناية بالشعر > شامبو ديرماكتيف ترايكو أكت المضاد للقشرة 200 مل,in stock,https://aldawaaegy.com/ar/collections/hair-care/products/capixy-anti-hair-loss-vials-70ml,https://cdn.shopify.com/s/files/1/0566/6779/9603/files/capixy-anti-hair-loss-vials-70ml-for-women-7523653.jpg?v=1762439710,https://cdn.shopify.com/s/files/1/0566/6779/9603/files/capixy-anti-hair-loss-vials-70ml-for-women-7523653.jpg?v=1762439710,hair-care
220.0,EGP,Dermactive,Home > العناية بالشعر > قوارير كابكسي المضادة لتساقط الشعر 70 مل > Back to العناية بالشعر > شامبو فافلين للشعر الجاف والتالف 500 مل,in stock,https://aldawaaegy.com/ar/collections/hair-care/products/dermactive-tricho-act-anti-dandruff-shampoo-200-ml,https://cdn.shopify.com/s/files/1/0566/6779/9603/products/dermactive-tricho-act-anti-dandruff-shampoo-200-ml-4842252.jpg?v=1762439939,https://cdn.shopify.com/s/files/1/0566/6779/9603/products/dermactive-tricho-act-anti-dandruff-shampoo-200-ml-4842252.jpg?v=1762439939,hair-care
429.0,EGP,Favelin,Home > العناية بالشعر > شامبو ديرماكتيف ترايكو أكت المضاد للقشرة 200 مل > Back to العناية بالشعر > سيروم الشعر سيروبيبي 100 مل,in stock,https://aldawaaegy.com/ar/collections/hair-care/products/favelin-hair-dry-damaged-shampoo-500ml,https://cdn.shopify.com/s/files/1/0566/6779/9603/files/favelin-hair-drydamaged-shampoo-500ml-4982025.webp?v=1762437912,https://cdn.shopify.com/s/files/1/0566/6779/9603/files/favelin-hair-drydamaged-shampoo-500ml-4982025.webp?v=1762437912,hair-care
345.0,EGP,Seropipe,Home > العناية بالشعر > شامبو فافلين للشعر الجاف والتالف 500 مل > Back to العناية بالشعر > سيروليز سيروم للشعر للتحكم في التجعد 120 مل NP,in stock,https://aldawaaegy.com/ar/collections/hair-care/products/seropipe-hair-serum-100ml,https://cdn.shopify.com/s/files/1/0566/6779/9603/files/seropipe-hair-serum-120ml-5838003.webp?v=1762437316,https://cdn.shopify.com/s/files/1/0566/6779/9603/files/seropipe-hair-serum-120ml-5838003.webp?v=1762437316,hair-care
350.0,EGP,SEROLEZE,Home > العناية بالشعر > سيروم الشعر سيروبيبي 100 مل > Back to العناية بالشعر > بيوبلاس فورتي مركب مصل الأعشاب B19 60 مل,in stock,https://aldawaaegy.com/ar/collections/hair-care/products/seroleze-hair-serum-frizz-control-120ml-n-p,https://cdn.shopify.com/s/files/1/0566/6779/9603/files/seroleze-hair-serum-frizz-control-120ml-np-4869715.jpg?v=1762439120,https://cdn.shopify.com/s/files/1/0566/6779/9603/files/seroleze-hair-serum-frizz-control-120ml-np-4869715.jpg?v=1762439120,hair-care
680.0,EGP,BIOBLAS,Home > العناية بالشعر > سيروليز سيروم للشعر للتحكم في التجعد 120 مل NP > Back to العناية بالشعر > فيشي ديركوس أ.داند. شامبو Hr الزيتي. 200 م,in stock,https://aldawaaegy.com/ar/collections/hair-care/products/bioblas-forte-herbal-serum-complex-b19-60ml,https://cdn.shopify.com/s/files/1/0566/6779/9603/products/bioblas-forte-herbal-serum-complex-b19-60ml-spray-5687165.webp?v=1762441823,https://cdn.shopify.com/s/files/1/0566/6779/9603/products/bioblas-forte-herbal-serum-complex-b19-60ml-spray-5687165.webp?v=1762441823,hair-care
880.0,EGP,Vichy,Home > العناية بالشعر > بيوبلاس فورتي مركب مصل الأعشاب B19 60 مل > Back to العناية بالشعر > كلاري فريش فروة الرأس 300 مل,in stock,https://aldawaaegy.com/ar/collections/hair-care/products/vichy-dercos-a-dand-oily-hr-shamp-200m,https://cdn.shopify.com/s/files/1/0566/6779/9603/files/vichy-dercos-adand-oily-hr-shamp-200m-9273505.jpg?v=1763923299,https://cdn.shopify.com/s/files/1/0566/6779/9603/files/vichy-dercos-adand-oily-hr-shamp-200m-9273505.jpg?v=1763923299,hair-care
390.0,EGP,Clary,Home > العناية بالشعر > فيشي ديركوس أ.داند. شامبو Hr الزيتي. 200 م > Back to العناية بالشعر > بلسم ميس فلافي يترك على الشعر 300 مل,in stock,https://aldawaaegy.com/ar/collections/hair-care/products/clary-fresh-scalp-300-ml,https://cdn.shopify.com/s/files/1/0566/6779/9603/products/clary-fresh-scalp-300-ml-9916196.jpg?v=1762439120,https://cdn.shopify.com/s/files/1/0566/6779/9603/products/clary-fresh-scalp-300-ml-9916196.jpg?v=1762439120,hair-care
312.0,EGP,Miss Fluffy,Home > العناية بالشعر > كلاري فريش فروة الرأس 300 مل > Back to العناية بالشعر > فينشي كريم الأرغان وزبدة الشيا 200 مل,in stock,https://aldawaaegy.com/ar/collections/hair-care/products/miss-fluffy-leave-in-conditioner-300-ml,https://cdn.shopify.com/s/files/1/0566/6779/9603/files/miss-fluffy-leave-in-cond-300ml-2323012.jpg?v=1762438041,https://cdn.shopify.com/s/files/1/0566/6779/9603/files/miss-fluffy-leave-in-cond-300ml-2323012.jpg?v=1762438041,hair-care
200.0,EGP,Vinci,Home > العناية بالشعر > بلسم ميس فلافي يترك على الشعر 300 مل > Back to العناية بالشعر > بلسم كلاري مع بروكابيل 300 مل,in stock,https://aldawaaegy.com/ar/collections/hair-care/products/vinci-cream-argan-shea-butter-200ml,https://cdn.shopify.com/s/files/1/0566/6779/9603/products/vinci-cream-arganshea-butter-200ml-7941098.jpg?v=1762438872,https://cdn.shopify.com/s/files/1/0566/6779/9603/products/vinci-cream-arganshea-butter-200ml-7941098.jpg?v=1762438872,hair-care
345.0,EGP,Clary,Home > العناية بالشعر > فينشي كريم الأرغان وزبدة الشيا 200 مل > Back to العناية بالشعر > شامبو فيشي ديركوس فائق التلطيف للشعر العادي إلى الدهني 200 مل,in stock,https://aldawaaegy.com/ar/collections/hair-care/products/clary-conditioner-with-procapil-300ml,https://cdn.shopify.com/s/files/1/0566/6779/9603/files/clary-conditioner-with-procapil-300ml-7914572.png?v=1762439020,https://cdn.shopify.com/s/files/1/0566/6779/9603/files/clary-conditioner-with-procapil-300ml-7914572.png?v=1762439020,hair-care
483.0,EGP,Vichy,Home > العناية بالشعر > بلسم كلاري مع بروكابيل 300 مل > Back to العناية بالشعر > زيت الشعر من أو آر إس، زيت الأرجان، 100 مل,sold out,https://aldawaaegy.com/ar/collections/hair-care/products/vichy-dercos-shampoo-normal-to-oily-hair-200ml,https://cdn.shopify.com/s/files/1/0566/6779/9603/files/vichy-dercos-shampoo-normal-to-oily-hair-200ml-8487265.jpg?v=1762440111,https://cdn.shopify.com/s/files/1/0566/6779/9603/files/vichy-dercos-shampoo-normal-to-oily-hair-200ml-8487265.jpg?v=1762440111,hair-care
67.0,EGP,ORS,Home > العناية بالشعر > شامبو فيشي ديركوس فائق التلطيف للشعر العادي إلى الدهني 200 مل > Back to العناية بالشعر > بلسم الشعر سيروبايب 200 جرام,in stock,https://aldawaaegy.com/ar/collections/hair-care/products/ors-hair-oil-argan-oil-100ml,https://cdn.shopify.com/s/files/1/0566/6779/9603/files/ors-argan-oil-100ml-3993433.webp?v=1762438218,https://cdn.shopify.com/s/files/1/0566/6779/9603/files/ors-argan-oil-100ml-3993433.webp?v=1762438218,hair-care
250.0,EGP,Seropipe,Home > العناية بالشعر > زيت الشعر من أو آر إس، زيت الأرجان، 100 مل > Back to العناية بالشعر > سيروم بيونيكس أورجانيكا المركز المضاد لتساقط الشعر 12×10 مل,in stock,https://aldawaaegy.com/ar/collections/hair-care/products/seropipe-hair-conditioner-200-gm,https://cdn.shopify.com/s/files/1/0566/6779/9603/files/seropipe-hair-conditioner-200-gm-8982199.png?v=1762436686,https://cdn.shopify.com/s/files/1/0566/6779/9603/files/seropipe-hair-conditioner-200-gm-8982199.png?v=1762436686,hair-care
1039.0,EGP,BIONNEX,Home > العناية بالشعر > بلسم الشعر سيروبايب 200 جرام > Back to العناية بالشعر > كلاري ميست Spf50 للحماية من الحرارة 120 مل,in stock,https://aldawaaegy.com/ar/collections/hair-care/products/bionnex-organica-anti-hair-loss-serum-concentrate-12x10ml,https://cdn.shopify.com/s/files/1/0566/6779/9603/files/bionnex-anti-hair-loss-serum-1210ml-7580877.jpg?v=1762437188,https://cdn.shopify.com/s/files/1/0566/6779/9603/files/bionnex-anti-hair-loss-serum-1210ml-7580877.jpg?v=1762437188,hair-care
320.0,EGP,Clary,Home > العناية بالشعر > سيروم بيونيكس أورجانيكا المركز المضاد لتساقط الشعر 12×10 مل > Back to العناية بالشعر > لوشن ديرماكتيف ترايكو أكت المضاد لتساقط الشعر 120 مل,in stock,https://aldawaaegy.com/ar/collections/hair-care/products/clary-mist-spf50-heat-protection-120ml,https://cdn.shopify.com/s/files/1/0566/6779/9603/products/clary-mist-spf50-heat-protection-120ml-7967538.png?v=1762439454,https://cdn.shopify.com/s/files/1/0566/6779/9603/products/clary-mist-spf50-heat-protection-120ml-7967538.png?v=1762439454,hair-care
299.0,EGP,Dermactive,Home > العناية بالشعر > كلاري ميست Spf50 للحماية من الحرارة 120 مل > Back to العناية بالشعر > فيشي ديركوس دينسي سوليوشنز 200 مل,in stock,https://aldawaaegy.com/ar/collections/hair-care/products/dermactive-tricho-act-anti-hair-loss-lotion-120-ml,https://cdn.shopify.com/s/files/1/0566/6779/9603/products/dermactive-tricho-act-anti-hair-loss-lotion-120-ml-7753779.jpg?v=1762439359,https://cdn.shopify.com/s/files/1/0566/6779/9603/products/dermactive-tricho-act-anti-hair-loss-lotion-120-ml-7753779.jpg?v=1762439359,hair-care
880.0,EGP,Vichy,Home > العناية بالشعر > لوشن ديرماكتيف ترايكو أكت المضاد لتساقط الشعر 120 مل > Back to العناية بالشعر > قناع إصلاح الشعر ديرماكتيف ترايكو-أكت، 150 مل,in stock,https://aldawaaegy.com/ar/collections/hair-care/products/vichy-dercos-densi-solutions-200-ml,https://cdn.shopify.com/s/files/1/0566/6779/9603/files/vichy-dercos-densi-solutions-con-200-ml-7540582.jpg?v=1762441481,https://cdn.shopify.com/s/files/1/0566/6779/9603/files/vichy-dercos-densi-solutions-con-200-ml-7540582.jpg?v=1762441481,hair-care
199.0,EGP,Dermactive,Home > العناية بالشعر > فيشي ديركوس دينسي سوليوشنز 200 مل > Back to العناية بالشعر > رذاذ تونيك كابكسي 250 مل,in stock,https://aldawaaegy.com/ar/collections/hair-care/products/dermactive-tricho-act-hair-repairing-mask-150ml,https://cdn.shopify.com/s/files/1/0566/6779/9603/products/dermactive-tricho-act-hair-repairing-mask-150ml-3227779.webp?v=1762440450,https://cdn.shopify.com/s/files/1/0566/6779/9603/products/dermactive-tricho-act-hair-repairing-mask-150ml-3227779.webp?v=1762440450,hair-care
420.0,EGP,Capixy,Home > العناية بالشعر > قناع إصلاح الشعر ديرماكتيف ترايكو-أكت، 150 مل > Back to العناية بالشعر > بخاخ مسرع نمو الشعر سيروبايب 200 مل,in stock,https://aldawaaegy.com/ar/collections/hair-care/products/capixy-tonic-spray-250ml,https://cdn.shopify.com/s/files/1/0566/6779/9603/files/capixy-tonic-spray-250ml-3976376.jpg?v=1762441478,https://cdn.shopify.com/s/files/1/0566/6779/9603/files/capixy-tonic-spray-250ml-3976376.jpg?v=1762441478,hair-care
325.0,EGP,Seropipe,Home > العناية بالشعر > رذاذ تونيك كابكسي 250 مل > Back to العناية بالشعر > شامبو ريستوركس المضاد للقشرة 500 مل,in stock,https://aldawaaegy.com/ar/collections/hair-care/products/seropipe-hair-growth-accelerator-spray-200-ml,https://cdn.shopify.com/s/files/1/0566/6779/9603/files/seropipe-hair-growth-accelerator-spray-200-ml-9239628.png?v=1762436587,https://cdn.shopify.com/s/files/1/0566/6779/9603/files/seropipe-hair-growth-accelerator-spray-200-ml-9239628.png?v=1762436587,hair-care
449.0,EGP,RESTOREX,Home > العناية بالشعر > بخاخ مسرع نمو الشعر سيروبايب 200 مل > Back to العناية بالشعر > شامبو ريستوركس بالكيراتين والأرجان 500 مل,sold out,https://aldawaaegy.com/ar/collections/hair-care/products/restorex-anti-dandruff-shampoo-500ml,https://cdn.shopify.com/s/files/1/0566/6779/9603/files/restorex-anti-dandruff-shampoo-500ml-9492592.jpg?v=1762437801,https://cdn.shopify.com/s/files/1/0566/6779/9603/files/restorex-anti-dandruff-shampoo-500ml-9492592.jpg?v=1762437801,hair-care
450.0,EGP,RESTOREX,Home > العناية بالشعر > شامبو ريستوركس المضاد للقشرة 500 مل > Back to العناية بالشعر > شامبو سترونجفيل للعناية بالشعر 220 مل NP,sold out,https://aldawaaegy.com/ar/collections/hair-care/products/restorex-keratin-argan-shampoo-500ml,https://cdn.shopify.com/s/files/1/0566/6779/9603/files/restorex-keratinargan-shampoo-500ml-1482925.jpg?v=1762436611,https://cdn.shopify.com/s/files/1/0566/6779/9603/files/restorex-keratinargan-shampoo-500ml-1482925.jpg?v=1762436611,hair-care
185.0,EGP,Strongville,Home > العناية بالشعر > شامبو ريستوركس بالكيراتين والأرجان 500 مل > Back to العناية بالشعر > أمبولات سيفيكس للشعر,in stock,https://aldawaaegy.com/ar/collections/hair-care/products/strongville-hair-care-shampoo-220ml-n-p,https://cdn.shopify.com/s/files/1/0566/6779/9603/products/strongville-hair-care-shampoo-220ml-np-4518680.webp?v=1762440680,https://cdn.shopify.com/s/files/1/0566/6779/9603/products/strongville-hair-care-shampoo-220ml-np-4518680.webp?v=1762440680,hair-care
650.0,EGP,Cefix,Home > العناية بالشعر > شامبو سترونجفيل للعناية بالشعر 220 مل NP > Back to العناية بالشعر > شامبو تيتيلو ضد تساقط الشعر 200 مل,in stock,https://aldawaaegy.com/ar/collections/hair-care/products/cefix-hair-ampoules,https://cdn.shopify.com/s/files/1/0566/6779/9603/products/cefix-hair-ampoules-7160629.jpg?v=1762441071,https://cdn.shopify.com/s/files/1/0566/6779/9603/products/cefix-hair-ampoules-7160629.jpg?v=1762441071,hair-care
230.0,EGP,Tettello,Home > العناية بالشعر > أمبولات سيفيكس للشعر > Back to العناية بالشعر > شامبو بيونيكس أورجانيكا المضاد للقشرة لجميع أنواع الشعر 300 مل,in stock,https://aldawaaegy.com/ar/collections/hair-care/products/tettello-anti-hair-loss-shampoo-200ml,https://cdn.shopify.com/s/files/1/0566/6779/9603/files/tettello-anti-hair-loss-shampoo-200ml-8865118.png?v=1762436730,https://cdn.shopify.com/s/files/1/0566/6779/9603/files/tettello-anti-hair-loss-shampoo-200ml-8865118.png?v=1762436730,hair-care
479.0,EGP,BIONNEX,Home > العناية بالشعر > شامبو تيتيلو ضد تساقط الشعر 200 مل > Back to العناية بالشعر > كارسيل علاج الشعر بالكولاجين 500 مل,in stock,https://aldawaaegy.com/ar/collections/hair-care/products/bionnex-organica-anti-dandruff-shampoo-for-all-hair-types-300ml,https://cdn.shopify.com/s/files/1/0566/6779/9603/files/bionnex-anti-dandruff-shampoo-300ml-1446128.jpg?v=1762439240,https://cdn.shopify.com/s/files/1/0566/6779/9603/files/bionnex-anti-dandruff-shampoo-300ml-1446128.jpg?v=1762439240,hair-care
1000.0,EGP,Karseell,Home > العناية بالشعر > شامبو بيونيكس أورجانيكا المضاد للقشرة لجميع أنواع الشعر 300 مل > Back to العناية بالشعر > بلسم فافلين للشعر الجاف والتالف 500 مل,in stock,https://aldawaaegy.com/ar/collections/hair-care/products/karseell-collagen-hair-treatment-500ml,https://cdn.shopify.com/s/files/1/0566/6779/9603/files/karseell-collagen-500ml-8494662.jpg?v=1762437787,https://cdn.shopify.com/s/files/1/0566/6779/9603/files/karseell-collagen-500ml-8494662.jpg?v=1762437787,hair-care
429.0,EGP,Favelin,Home > العناية بالشعر > كارسيل علاج الشعر بالكولاجين 500 مل > Back to العناية بالشعر > لوشن تريتشو جرو في المضاد للقشرة 200 مل,in stock,https://aldawaaegy.com/ar/collections/hair-care/products/favelin-hair-dry-damaged-cond-500ml,https://cdn.shopify.com/s/files/1/0566/6779/9603/files/favelin-hair-drydamaged-cond-500ml-3173310.webp?v=1762438282,https://cdn.shopify.com/s/files/1/0566/6779/9603/files/favelin-hair-drydamaged-cond-500ml-3173310.webp?v=1762438282,hair-care
240.5,EGP,Vee,Home > العناية بالشعر > بلسم فافلين للشعر الجاف والتالف 500 مل > Back to العناية بالشعر > شامبو فيشي ديركوس دينسي سوليوشن 250 مل,in stock,https://aldawaaegy.com/ar/collections/hair-care/products/tricho-grow-vee-anti-dandruff-lotion-200ml,https://cdn.shopify.com/s/files/1/0566/6779/9603/files/tricho-grow-vee-anti-dandruff-lotion-1135352.png?v=1762439173,https://cdn.shopify.com/s/files/1/0566/6779/9603/files/tricho-grow-vee-anti-dandruff-lotion-1135352.png?v=1762439173,hair-care
880.0,EGP,Vichy,Home > العناية بالشعر > لوشن تريتشو جرو في المضاد للقشرة 200 مل > Back to العناية بالشعر > بيوبلاس شامبو ضد القشرة لتساقط الشعر 200 مل,in stock,https://aldawaaegy.com/ar/collections/hair-care/products/vichy-dercos-densi-solution-shampoo-250ml,https://cdn.shopify.com/s/files/1/0566/6779/9603/products/vichy-dercos-densi-solution-shampoo-250ml-3894190.jpg?v=1762439447,https://cdn.shopify.com/s/files/1/0566/6779/9603/products/vichy-dercos-densi-solution-shampoo-250ml-3894190.jpg?v=1762439447,hair-care
390.0,EGP,BIOBLAS,Home > العناية بالشعر > شامبو فيشي ديركوس دينسي سوليوشن 250 مل > Back to العناية بالشعر > تيتلو روزماري لنمو الشعر 12*10 مل,in stock,https://aldawaaegy.com/ar/collections/hair-care/products/bioblas-shampoo-anti-dandruff-hair-loss-200ml,https://cdn.shopify.com/s/files/1/0566/6779/9603/products/bioblas-shampoo-anti-dandruff-hair-loss-200ml-6330705.jpg?v=1762441465,https://cdn.shopify.com/s/files/1/0566/6779/9603/products/bioblas-shampoo-anti-dandruff-hair-loss-200ml-6330705.jpg?v=1762441465,hair-care
590.0,EGP,Tettello,Home > العناية بالشعر > بيوبلاس شامبو ضد القشرة لتساقط الشعر 200 مل > Back to العناية بالشعر > بلسم وقناع بيوبلاس بالكولاجين والكيراتين 300 مل,in stock,https://aldawaaegy.com/ar/collections/hair-care/products/tettello-rosemary-hair-growth-via-12-10ml,https://cdn.shopify.com/s/files/1/0566/6779/9603/files/tettello-rosemary-hair-growth-via-1210ml-5227700.png?v=1762436924,https://cdn.shopify.com/s/files/1/0566/6779/9603/files/tettello-rosemary-hair-growth-via-1210ml-5227700.png?v=1762436924,hair-care
390.0,EGP,BIOBLAS,Home > العناية بالشعر > تيتلو روزماري لنمو الشعر 12*10 مل > Back to العناية بالشعر > بخاخ الشعر وايت كريستال من ذا باثلاند 80 مل,in stock,https://aldawaaegy.com/ar/collections/hair-care/products/bioblas-collagen-keratin-conditioner-and-mask-300ml,https://cdn.shopify.com/s/files/1/0566/6779/9603/files/bioblas-hair-care-mask-collagenkeratin-300ml-2700486.webp?v=1762437100,https://cdn.shopify.com/s/files/1/0566/6779/9603/files/bioblas-hair-care-mask-collagenkeratin-300ml-2700486.webp?v=1762437100,hair-care
130.0,EGP,The Bathland,Home > العناية بالشعر > بلسم وقناع بيوبلاس بالكولاجين والكيراتين 300 مل > Back to العناية بالشعر > سيروم الشعر فافلين المضاد للتجعد 50 مل,sold out,https://aldawaaegy.com/ar/collections/hair-care/products/the-bathland-white-crystal-hair-mist-80-ml,https://cdn.shopify.com/s/files/1/0566/6779/9603/files/the-bathland-white-crystal-hair-mist-80-ml-3238642.png?v=1762437826,https://cdn.shopify.com/s/files/1/0566/6779/9603/files/the-bathland-white-crystal-hair-mist-80-ml-3238642.png?v=1762437826,hair-care
370.0,EGP,Favelin,Home > العناية بالشعر > بخاخ الشعر وايت كريستال من ذا باثلاند 80 مل > Back to العناية بالشعر > فيشي شا للشعر العادي والدهني 75 مل,in stock,https://aldawaaegy.com/ar/collections/hair-care/products/favelin-hair-serum-anti-frizz-50ml,https://cdn.shopify.com/s/files/1/0566/6779/9603/files/favelin-hair-serum-anti-frizz-50ml-1067730.webp?v=1762439352,https://cdn.shopify.com/s/files/1/0566/6779/9603/files/favelin-hair-serum-anti-frizz-50ml-1067730.webp?v=1762439352,hair-care
299.0,EGP,Vichy,Home > العناية بالشعر > سيروم الشعر فافلين المضاد للتجعد 50 مل > Back to العناية بالشعر > زيت شعر سترونج فيل المتطور 200 مل,sold out,https://aldawaaegy.com/ar/collections/hair-care/products/vichy-sha-normal-oily-hair-75ml,https://cdn.shopify.com/s/files/1/0566/6779/9603/files/vichy-sha-normaloily-hair-75ml-3001610.jpg?v=1762439237,https://cdn.shopify.com/s/files/1/0566/6779/9603/files/vichy-sha-normaloily-hair-75ml-3001610.jpg?v=1762439237,hair-care
175.0,EGP,Strongville,Home > العناية بالشعر > فيشي شا للشعر العادي والدهني 75 مل > Back to العناية بالشعر > سترونج فيل لوشن الشعر للرجال 100 مل,in stock,https://aldawaaegy.com/ar/collections/hair-care/products/strongville-hair-oil-advanced-200ml,https://cdn.shopify.com/s/files/1/0566/6779/9603/products/strongville-hair-oil-advanced-200ml-5296588.jpg?v=1762441737,https://cdn.shopify.com/s/files/1/0566/6779/9603/products/strongville-hair-oil-advanced-200ml-5296588.jpg?v=1762441737,hair-care
295.0,EGP,Strongville,Home > العناية بالشعر > زيت شعر سترونج فيل المتطور 200 مل > Back to العناية بالشعر > سيمازون سيروم للشعر بزيت الأرجان 50 مل,in stock,https://aldawaaegy.com/ar/collections/hair-care/products/strongville-hair-lotion-men-100ml,https://cdn.shopify.com/s/files/1/0566/6779/9603/products/strongville-hair-lotion-men-spray-100ml-9736204.webp?v=1762441493,https://cdn.shopify.com/s/files/1/0566/6779/9603/products/strongville-hair-lotion-men-spray-100ml-9736204.webp?v=1762441493,hair-care
350.0,EGP,Cemazon,Home > العناية بالشعر > سترونج فيل لوشن الشعر للرجال 100 مل > Back to العناية بالشعر > شامبو الشعر البني من ديزار 25 مل,in stock,https://aldawaaegy.com/ar/collections/hair-care/products/cemazon-hair-serum-argan-oil-50ml,https://cdn.shopify.com/s/files/1/0566/6779/9603/products/cemazon-hair-serum-argan-oil-50ml-8725971.webp?v=1762441305,https://cdn.shopify.com/s/files/1/0566/6779/9603/products/cemazon-hair-serum-argan-oil-50ml-8725971.webp?v=1762441305,hair-care
35.0,EGP,Disaar Beauty,Home > العناية بالشعر > سيمازون سيروم للشعر بزيت الأرجان 50 مل > Back to العناية بالشعر > شامبو ريستوركس بالكولاجين والبيوتين 500 مل,sold out,https://aldawaaegy.com/ar/collections/hair-care/products/disaar-brown-hair-shampoo-25ml,https://cdn.shopify.com/s/files/1/0566/6779/9603/files/disaar-brown-hair-shampoo-25ml-1471018.jpg?v=1762436455,https://cdn.shopify.com/s/files/1/0566/6779/9603/files/disaar-brown-hair-shampoo-25ml-1471018.jpg?v=1762436455,hair-care
450.0,EGP,RESTOREX,Home > العناية بالشعر > شامبو الشعر البني من ديزار 25 مل > Back to العناية بالشعر > شامبو لاكمي كي ثيرابي بيو أرجان 300 مل,sold out,https://aldawaaegy.com/ar/collections/hair-care/products/restorex-collagen-biotin-shampoo-500ml,https://cdn.shopify.com/s/files/1/0566/6779/9603/files/restorex-collagenbiotin-shampoo-500ml-2055529.jpg?v=1762437825,https://cdn.shopify.com/s/files/1/0566/6779/9603/files/restorex-collagenbiotin-shampoo-500ml-2055529.jpg?v=1762437825,hair-care
867.0,EGP,Lakme,Home > العناية بالشعر > شامبو ريستوركس بالكولاجين والبيوتين 500 مل > Back to العناية بالشعر > بخاخ فك تشابك الشعر برائحة الفراولة من ذا باثلاند 80 مل,sold out,https://aldawaaegy.com/ar/collections/hair-care/products/lakme-k-therapy-bio-argan-shampoo-300ml,https://cdn.shopify.com/s/files/1/0566/6779/9603/files/lakme-ktherapy-bio-argan-shampoo-300ml-5771430.jpg?v=1762437308,https://cdn.shopify.com/s/files/1/0566/6779/9603/files/lakme-ktherapy-bio-argan-shampoo-300ml-5771430.jpg?v=1762437308,hair-care
130.0,EGP,The Bathland,Home > العناية بالشعر > شامبو لاكمي كي ثيرابي بيو أرجان 300 مل > Back to العناية بالشعر > سيناتور سيروم + شامبو,sold out,https://aldawaaegy.com/ar/collections/hair-care/products/the-bathland-strawberry-detangling-hair-mist-80ml,https://cdn.shopify.com/s/files/1/0566/6779/9603/files/the-bathland-strawberry-hair-mist-80ml-6581423.png?v=1762438640,https://cdn.shopify.com/s/files/1/0566/6779/9603/files/the-bathland-strawberry-hair-mist-80ml-6581423.png?v=1762438640,hair-care
280.0,EGP,Senator,Home > العناية بالشعر > بخاخ فك تشابك الشعر برائحة الفراولة من ذا باثلاند 80 مل > Back to العناية بالشعر > شامبو ميس فلافي للشعر المجعد 300 مل,sold out,https://aldawaaegy.com/ar/collections/hair-care/products/senator-serum-shamp-off,https://cdn.shopify.com/s/files/1/0566/6779/9603/files/senator-serumshamp-off-7029502.jpg?v=1762439850,https://cdn.shopify.com/s/files/1/0566/6779/9603/files/senator-serumshamp-off-7029502.jpg?v=1762439850,hair-care
340.0,EGP,Miss Fluffy,Home > العناية بالشعر > سيناتور سيروم + شامبو > Back to العناية بالشعر > لوريال إلفيف شامبو لو 3 في 1 400 مل,in stock,https://aldawaaegy.com/ar/collections/hair-care/products/miss-fluffy-curly-hair-shampoo-300-ml,https://cdn.shopify.com/s/files/1/0566/6779/9603/files/miss-fluffy-curl-shampoo-300ml-1566107.jpg?v=1762438035,https://cdn.shopify.com/s/files/1/0566/6779/9603/files/miss-fluffy-curl-shampoo-300ml-1566107.jpg?v=1762438035,hair-care
456.0,EGP,Loreal,Home > العناية بالشعر > شامبو ميس فلافي للشعر المجعد 300 مل > Back to العناية بالشعر > لوريال بروديجي 5 بني فاتح,sold out,https://aldawaaegy.com/ar/collections/hair-care/products/loreal-elvive-low-shampoo-3in1-400ml,https://cdn.shopify.com/s/files/1/0566/6779/9603/products/loreal-elvive-low-shampoo-3in1-400ml-3918012.jpg?v=1762438460,https://cdn.shopify.com/s/files/1/0566/6779/9603/products/loreal-elvive-low-shampoo-3in1-400ml-3918012.jpg?v=1762438460,hair-care
459.0,EGP,Loreal,Home > العناية بالشعر > لوريال إلفيف شامبو لو 3 في 1 400 مل > Back to العناية بالشعر > شامبو ديرماكتيف ترايكو أكت المضاد لتساقط الشعر 200 مل,in stock,https://aldawaaegy.com/ar/collections/hair-care/products/loreal-prodigy-5-light-brown,https://cdn.shopify.com/s/files/1/0566/6779/9603/products/loreal-prodigy-5-light-brown-4117751.webp?v=1762438368,https://cdn.shopify.com/s/files/1/0566/6779/9603/products/loreal-prodigy-5-light-brown-4117751.webp?v=1762438368,hair-care
199.0,EGP,Dermactive,Home > العناية بالشعر > لوريال بروديجي 5 بني فاتح > Back to العناية بالشعر > بخاخ لوشن الشعر أليخون 150 مل,in stock,https://aldawaaegy.com/ar/collections/hair-care/products/dermactive-tricho-act-anti-hair-loss-shampoo-200-ml,https://cdn.shopify.com/s/files/1/0566/6779/9603/products/dermactive-tricho-act-anti-hair-loss-shampoo-200-ml-9524398.webp?v=1762439751,https://cdn.shopify.com/s/files/1/0566/6779/9603/products/dermactive-tricho-act-anti-hair-loss-shampoo-200-ml-9524398.webp?v=1762439751,hair-care
390.0,EGP,Alejon,Home > العناية بالشعر > شامبو ديرماكتيف ترايكو أكت المضاد لتساقط الشعر 200 مل > Back to العناية بالشعر > فيشي ديركوس أ.داند. شامبو جاف. 200 م,in stock,https://aldawaaegy.com/ar/collections/hair-care/products/alejon-hair-lotion-spray-150ml,https://cdn.shopify.com/s/files/1/0566/6779/9603/files/alejon-hair-lotion-spray-150ml-3718545.png?v=1762441823,https://cdn.shopify.com/s/files/1/0566/6779/9603/files/alejon-hair-lotion-spray-150ml-3718545.png?v=1762441823,hair-care
800.0,EGP,Vichy,Home > العناية بالشعر > بخاخ لوشن الشعر أليخون 150 مل > Back to العناية بالشعر > تيلوفيل شا محدد ومغذي 200 مل,in stock,https://aldawaaegy.com/ar/collections/hair-care/products/vichy-dercos-a-dand-dry-hr-shamp-200m,https://cdn.shopify.com/s/files/1/0566/6779/9603/files/vichy-dercos-adand-dry-hr-shamp-200m-7128922.webp?v=1762441066,https://cdn.shopify.com/s/files/1/0566/6779/9603/files/vichy-dercos-adand-dry-hr-shamp-200m-7128922.webp?v=1762441066,hair-care
220.0,EGP,Telofill,Home > العناية بالشعر > فيشي ديركوس أ.داند. شامبو جاف. 200 م > Back to العناية بالشعر > شامبو كيراتين الشعر فويلا 200 مل,in stock,https://aldawaaegy.com/ar/collections/hair-care/products/telofill-sha-defining-nourish-200-ml,https://cdn.shopify.com/s/files/1/0566/6779/9603/products/telofill-sha-definingnourish-200-ml-4682105.jpg?v=1762441027,https://cdn.shopify.com/s/files/1/0566/6779/9603/products/telofill-sha-definingnourish-200-ml-4682105.jpg?v=1762441027,hair-care
230.0,EGP,Voila,Home > العناية بالشعر > تيلوفيل شا محدد ومغذي 200 مل > Back to العناية بالشعر > لوشن سيفيكس للشعر,in stock,https://aldawaaegy.com/ar/collections/hair-care/products/voila-hair-keratin-shampoo-200ml,https://cdn.shopify.com/s/files/1/0566/6779/9603/products/voila-hair-soothing-shampoo-200ml-1794729.webp?v=1762441123,https://cdn.shopify.com/s/files/1/0566/6779/9603/products/voila-hair-soothing-shampoo-200ml-1794729.webp?v=1762441123,hair-care
350.0,EGP,Cefix,Home > العناية بالشعر > شامبو كيراتين الشعر فويلا 200 مل > Back to العناية بالشعر > شامبو أليجون المضاد للقشرة 120 مل,in stock,https://aldawaaegy.com/ar/collections/hair-care/products/cefix-hair-lotion,https://cdn.shopify.com/s/files/1/0566/6779/9603/products/cefix-hair-lotion-7225243.png?v=1762440458,https://cdn.shopify.com/s/files/1/0566/6779/9603/products/cefix-hair-lotion-7225243.png?v=1762440458,hair-care
200.0,EGP,Alejon,Home > العناية بالشعر > لوشن سيفيكس للشعر > Back to العناية بالشعر > تويست اند جو لتصفيف الشعر 100 جرام,in stock,https://aldawaaegy.com/ar/collections/hair-care/products/alejon-anti-dandruff-shampoo-120ml,https://cdn.shopify.com/s/files/1/0566/6779/9603/products/alejon-anti-dandruff-shampoo-120ml-7812855.webp?v=1762441305,https://cdn.shopify.com/s/files/1/0566/6779/9603/products/alejon-anti-dandruff-shampoo-120ml-7812855.webp?v=1762441305,hair-care
120.0,EGP,Twist&Go,Home > العناية بالشعر > شامبو أليجون المضاد للقشرة 120 مل > Back to العناية بالشعر > قوارير الشعر القيمة 7*10 مل,sold out,https://aldawaaegy.com/ar/collections/hair-care/products/twist-go-hair-styling-100gm,https://cdn.shopify.com/s/files/1/0566/6779/9603/files/twistgo-hair-styling-100gm-9572641.png?v=1762435918,https://cdn.shopify.com/s/files/1/0566/6779/9603/files/twistgo-hair-styling-100gm-9572641.png?v=1762435918,hair-care
630.0,EGP,VALOURE,Home > العناية بالشعر > تويست اند جو لتصفيف الشعر 100 جرام > Back to العناية بالشعر > زيت شعر السعادة 120 مل,in stock,https://aldawaaegy.com/ar/collections/hair-care/products/valoure-hair-vials-7-10ml,https://cdn.shopify.com/s/files/1/0566/6779/9603/files/valoure-hair-vials-710ml-9398443.webp?v=1762436582,https://cdn.shopify.com/s/files/1/0566/6779/9603/files/valoure-hair-vials-710ml-9398443.webp?v=1762436582,hair-care
325.0,EGP,Happiness,Home > العناية بالشعر > قوارير الشعر القيمة 7*10 مل > Back to العناية بالشعر > تيتيلو بلس بخاخ كيريستور لتساقط الشعر 150 مل,in stock,https://aldawaaegy.com/ar/collections/hair-care/products/happiness-hair-oil-120ml,https://cdn.shopify.com/s/files/1/0566/6779/9603/products/happiness-hair-oil-120ml-4803703.jpg?v=1763160503,https://cdn.shopify.com/s/files/1/0566/6779/9603/products/happiness-hair-oil-120ml-4803703.jpg?v=1763160503,hair-care
350.0,EGP,Tettello,Home > العناية بالشعر > زيت شعر السعادة 120 مل > Back to العناية بالشعر > سيروم الرموش إكستريم من سيروبايب (رموش 10 مل),in stock,https://aldawaaegy.com/ar/collections/hair-care/products/tettello-plus-hair-loss-kerestore-spray-150ml,https://cdn.shopify.com/s/files/1/0566/6779/9603/files/tettello-plus-hair-loss-kerestore-spray-150ml-3774302.png?v=1762436450,https://cdn.shopify.com/s/files/1/0566/6779/9603/files/tettello-plus-hair-loss-kerestore-spray-150ml-3774302.png?v=1762436450,hair-care
295.0,EGP,Seropipe,Home > العناية بالشعر > تيتيلو بلس بخاخ كيريستور لتساقط الشعر 150 مل > Back to العناية بالشعر > أمبولات الشعر سيروبايب,in stock,https://aldawaaegy.com/ar/collections/hair-care/products/seropipe-extreme-lashes-serum-eyelash-10-ml,https://cdn.shopify.com/s/files/1/0566/6779/9603/files/seropipe-extreme-lashes-serum-eyelash-10-ml-4438212.png?v=1762436678,https://cdn.shopify.com/s/files/1/0566/6779/9603/files/seropipe-extreme-lashes-serum-eyelash-10-ml-4438212.png?v=1762436678,hair-care
455.0,EGP,Seropipe,Home > العناية بالشعر > سيروم الرموش إكستريم من سيروبايب (رموش 10 مل) > Back to العناية بالشعر > سيروم جلو أتراكت لتسخين الشعر 120 مل,in stock,https://aldawaaegy.com/ar/collections/hair-care/products/seropipe-hair-ampoules,https://cdn.shopify.com/s/files/1/0566/6779/9603/files/seropipe-hair-dropper-10-ml-vials-8328522.png?v=1762437684,https://cdn.shopify.com/s/files/1/0566/6779/9603/files/seropipe-hair-dropper-10-ml-vials-8328522.png?v=1762437684,hair-care
550.0,EGP,GLOW ATTRACT,Home > العناية بالشعر > أمبولات الشعر سيروبايب > Back to العناية بالشعر > بلسم ريستوركس بالكولاجين والبيوتين 250 مل,in stock,https://aldawaaegy.com/ar/collections/hair-care/products/glow-attract-serum-heat-hair-120ml,https://cdn.shopify.com/s/files/1/0566/6779/9603/files/ogh-glow-attract-serum-heat-hair-120ml-4167178.png?v=1762437213,https://cdn.shopify.com/s/files/1/0566/6779/9603/files/ogh-glow-attract-serum-heat-hair-120ml-4167178.png?v=1762437213,hair-care
450.0,EGP,RESTOREX,Home > العناية بالشعر > سيروم جلو أتراكت لتسخين الشعر 120 مل > Back to العناية بالشعر > نظام نيتوليك لعلاج قمل الرأس 50 مل,in stock,https://aldawaaegy.com/ar/collections/hair-care/products/restorex-collagen-biotin-cond-250ml,https://cdn.shopify.com/s/files/1/0566/6779/9603/files/restorex-collagenbiotin-cond-250ml-7950893.jpg?v=1762439305,https://cdn.shopify.com/s/files/1/0566/6779/9603/files/restorex-collagenbiotin-cond-250ml-7950893.jpg?v=1762439305,hair-care
450.0,EGP,Nitolic,Home > العناية بالشعر > بلسم ريستوركس بالكولاجين والبيوتين 250 مل > Back to العناية بالشعر > شامبو أرجان من بي جي 200 مل,sold out,https://aldawaaegy.com/ar/collections/hair-care/products/nitolic-head-lice-treatment-system-50ml,https://cdn.shopify.com/s/files/1/0566/6779/9603/files/nitolic-head-lice-treatment-system-50ml-7019718.png?v=1762437345,https://cdn.shopify.com/s/files/1/0566/6779/9603/files/nitolic-head-lice-treatment-system-50ml-7019718.png?v=1762437345,hair-care
174.5,EGP,BG,Home > العناية بالشعر > نظام نيتوليك لعلاج قمل الرأس 50 مل > Back to العناية بالشعر > قناع إصلاح الشعر من ذا باثلاند 220 مل,in stock,https://aldawaaegy.com/ar/collections/hair-care/products/bg-argan-shampoo-200ml,https://cdn.shopify.com/s/files/1/0566/6779/9603/files/bg-argan-shampoo-200ml-9014600.jpg?v=1762438042,https://cdn.shopify.com/s/files/1/0566/6779/9603/files/bg-argan-shampoo-200ml-9014600.jpg?v=1762438042,hair-care
280.0,EGP,The Bathland,Home > العناية بالشعر > شامبو أرجان من بي جي 200 مل > Back to العناية بالشعر > سيروم فيولا لتساقط الشعر 5 قوارير 10 مل,in stock,https://aldawaaegy.com/ar/collections/hair-care/products/the-bathland-hair-repair-mask,https://cdn.shopify.com/s/files/1/0566/6779/9603/files/the-bathland-hair-repair-mask-220ml-4764838.png?v=1762437551,https://cdn.shopify.com/s/files/1/0566/6779/9603/files/the-bathland-hair-repair-mask-220ml-4764838.png?v=1762437551,hair-care
1100.0,EGP,Bio Viola,Home > العناية بالشعر > قناع إصلاح الشعر من ذا باثلاند 220 مل > Back to العناية بالشعر > سيروم الشعر فيولا أرجان 120 مل,in stock,https://aldawaaegy.com/ar/collections/hair-care/products/viola-hair-loss-serum-5-vials-10ml,https://cdn.shopify.com/s/files/1/0566/6779/9603/files/bio-viola-hair-loss-serum-5-vials-10ml-2021951.webp?v=1762438875,https://cdn.shopify.com/s/files/1/0566/6779/9603/files/bio-viola-hair-loss-serum-5-vials-10ml-2021951.webp?v=1762438875,hair-care
650.0,EGP,Bio Viola,Home > العناية بالشعر > سيروم فيولا لتساقط الشعر 5 قوارير 10 مل > Back to العناية بالشعر > شامبو بيو سوفت بالأفوكادو 490 مل,in stock,https://aldawaaegy.com/ar/collections/hair-care/products/viola-hair-serum-argan-120ml,https://cdn.shopify.com/s/files/1/0566/6779/9603/files/bio-viola-hair-serum-argan-120ml-9397566.png?v=1764005588,https://cdn.shopify.com/s/files/1/0566/6779/9603/files/bio-viola-hair-serum-argan-120ml-9397566.png?v=1764005588,hair-care
95.0,EGP,Bio Soft,Home > العناية بالشعر > سيروم الشعر فيولا أرجان 120 مل > Back to العناية بالشعر > جل الشعر بيو سوفت ببذور الكتان 500 مل,sold out,https://aldawaaegy.com/ar/collections/hair-care/products/bio-soft-avocado-shampoo-490ml,https://cdn.shopify.com/s/files/1/0566/6779/9603/files/bio-soft-avocado-shampoo-490ml-1476743.webp?v=1762438060,https://cdn.shopify.com/s/files/1/0566/6779/9603/files/bio-soft-avocado-shampoo-490ml-1476743.webp?v=1762438060,hair-care
92.0,EGP,Bio Soft,Home > العناية بالشعر > شامبو بيو سوفت بالأفوكادو 490 مل > Back to العناية بالشعر > سيناتور سيروم+كريم أوف,sold out,https://aldawaaegy.com/ar/collections/hair-care/products/bio-soft-flaxseeds-hair-gel-500ml,https://cdn.shopify.com/s/files/1/0566/6779/9603/files/bio-soft-flaxseeds-hair-gel-500ml-5898100.webp?v=1762437677,https://cdn.shopify.com/s/files/1/0566/6779/9603/files/bio-soft-flaxseeds-hair-gel-500ml-5898100.webp?v=1762437677,hair-care
280.0,EGP,Senator,Home > العناية بالشعر > جل الشعر بيو سوفت ببذور الكتان 500 مل > Back to العناية بالشعر > غطاء وسادة من الساتان بليس,sold out,https://aldawaaegy.com/ar/collections/hair-care/products/senator-serum-cream-off,https://cdn.shopify.com/s/files/1/0566/6779/9603/files/senator-serumcream-off-3355348.jpg?v=1762438998,https://cdn.shopify.com/s/files/1/0566/6779/9603/files/senator-serumcream-off-3355348.jpg?v=1762438998,hair-care
145.0,EGP,BLESS,Home > العناية بالشعر > سيناتور سيروم+كريم أوف > Back to العناية بالشعر > بليس ليف إن بلسم – زبدة الشيا 250 جرام,sold out,https://aldawaaegy.com/ar/collections/hair-care/products/bless-pillowcase,https://cdn.shopify.com/s/files/1/0566/6779/9603/files/bless-pillowcase-3069706.jpg?v=1762437906,https://cdn.shopify.com/s/files/1/0566/6779/9603/files/bless-pillowcase-3069706.jpg?v=1762437906,hair-care
75.0,EGP,BLESS,Home > العناية بالشعر > غطاء وسادة من الساتان بليس > Back to العناية بالشعر > بليس الساتان بونيه,sold out,https://aldawaaegy.com/ar/collections/hair-care/products/bless-leave-in-cond-low-porosity-250-gm,https://cdn.shopify.com/s/files/1/0566/6779/9603/files/bless-leave-in-cond-low-porosity-250-gm-2621792.jpg?v=1762439456,https://cdn.shopify.com/s/files/1/0566/6779/9603/files/bless-leave-in-cond-low-porosity-250-gm-2621792.jpg?v=1762439456,hair-care
144.0,EGP,BLESS,Home > العناية بالشعر > بليس ليف إن بلسم – زبدة الشيا 250 جرام > Back to العناية بالشعر > شامبو ميس فلافي لترطيب الشعر 300 مل,in stock,https://aldawaaegy.com/ar/collections/hair-care/products/blees-satin-bonnet,https://cdn.shopify.com/s/files/1/0566/6779/9603/files/bless-bonyh-stan-1300909.jpg?v=1762439005,https://cdn.shopify.com/s/files/1/0566/6779/9603/files/bless-bonyh-stan-1300909.jpg?v=1762439005,hair-care
312.0,EGP,Miss Fluffy,Home > العناية بالشعر > بليس الساتان بونيه > Back to العناية بالشعر > بلسم ميس فلافي 300 مل,in stock,https://aldawaaegy.com/ar/collections/hair-care/products/miss-fluffy-hair-hydrating-shampoo-300ml,https://cdn.shopify.com/s/files/1/0566/6779/9603/files/miss-fluffy-hydrating-shampoo-300ml-9965483.jpg?v=1762438646,https://cdn.shopify.com/s/files/1/0566/6779/9603/files/miss-fluffy-hydrating-shampoo-300ml-9965483.jpg?v=1762438646,hair-care
312.0,EGP,Miss Fluffy,Home > العناية بالشعر > شامبو ميس فلافي لترطيب الشعر 300 مل > Back to العناية بالشعر > بلانكي بيبي (شامبو + كون + غسول الجسم) 200 مل,in stock,https://aldawaaegy.com/ar/collections/hair-care/products/miss-fluffy-conditioner-300ml,https://cdn.shopify.com/s/files/1/0566/6779/9603/files/miss-fluffy-hydrating-cond-300ml-8664080.jpg?v=1762439849,https://cdn.shopify.com/s/files/1/0566/6779/9603/files/miss-fluffy-hydrating-cond-300ml-8664080.jpg?v=1762439849,hair-care
280.0,EGP,Blankie,Home > العناية بالشعر > بلسم ميس فلافي 300 مل > Back to العناية بالشعر > قوارير أنيفاجين لتقوية وتنشيط الشعر 7*5 مل,in stock,https://aldawaaegy.com/ar/collections/hair-care/products/blankie-babyshampo-con-body-wash200ml,https://cdn.shopify.com/s/files/1/0566/6779/9603/products/blankie-babyshampoconbody-wash200ml-5409301.jpg?v=1762440817,https://cdn.shopify.com/s/files/1/0566/6779/9603/products/blankie-babyshampoconbody-wash200ml-5409301.jpg?v=1762440817,hair-care
1550.0,EGP,Anivagene,Home > العناية بالشعر > بلانكي بيبي (شامبو + كون + غسول الجسم) 200 مل > Back to العناية بالشعر > ديرمينوم أمبولة علاجية 15×5 مل,in stock,https://aldawaaegy.com/ar/collections/hair-care/products/anivagene-vials-fortifying-energizing-for-hair-7-5ml-vials,https://cdn.shopify.com/s/files/1/0566/6779/9603/files/anivagene-hair-ampules-75ml-vials-9819170.webp?v=1762439126,https://cdn.shopify.com/s/files/1/0566/6779/9603/files/anivagene-hair-ampules-75ml-vials-9819170.webp?v=1762439126,hair-care
1100.0,EGP,Dermenum,Home > العناية بالشعر > قوارير أنيفاجين لتقوية وتنشيط الشعر 7*5 مل > Back to العناية بالشعر > فيشي ديركوس أمينكسيل 21 مونودويز للنساء,sold out,https://aldawaaegy.com/ar/collections/hair-care/products/dermenum-ampoule-treatment-15x5-ml,https://cdn.shopify.com/s/files/1/0566/6779/9603/products/dermenum-ampoule-treatment-15x5-ml-1825483.jpg?v=1762439460,https://cdn.shopify.com/s/files/1/0566/6779/9603/products/dermenum-ampoule-treatment-15x5-ml-1825483.jpg?v=1762439460,hair-care
2660.0,EGP,Vichy,Home > العناية بالشعر > ديرمينوم أمبولة علاجية 15×5 مل > Back to العناية بالشعر > فلوكسيا ريفيتاليس. مصل الشعر 50 م,in stock,https://aldawaaegy.com/ar/collections/hair-care/products/vichy-dercos-aminexil-21-monodoese-women,https://cdn.shopify.com/s/files/1/0566/6779/9603/products/vichy-dercos-aminexil-21-monodoese-women-5374712.jpg?v=1762440765,https://cdn.shopify.com/s/files/1/0566/6779/9603/products/vichy-dercos-aminexil-21-monodoese-women-5374712.jpg?v=1762440765,hair-care
1250.0,EGP,Floxia,Home > العناية بالشعر > فيشي ديركوس أمينكسيل 21 مونودويز للنساء > Back to العناية بالشعر > تيلوفيل ليف إن كريم 200 مل,sold out,https://aldawaaegy.com/ar/collections/hair-care/products/floxia-revitalis-hair-serum-50m,https://cdn.shopify.com/s/files/1/0566/6779/9603/products/floxia-revitalis-hair-serum-50m-6657233.png?v=1762439353,https://cdn.shopify.com/s/files/1/0566/6779/9603/products/floxia-revitalis-hair-serum-50m-6657233.png?v=1762439353,hair-care
295.0,EGP,Telofill,Home > العناية بالشعر > فلوكسيا ريفيتاليس. مصل الشعر 50 م > Back to العناية بالشعر > تيتيلو نمو الشعر 6 قوارير,in stock,https://aldawaaegy.com/ar/collections/hair-care/products/telofill-leav-in-cream-200ml,https://cdn.shopify.com/s/files/1/0566/6779/9603/products/telofill-leav-in-con-200ml-3941839.jpg?v=1762441682,https://cdn.shopify.com/s/files/1/0566/6779/9603/products/telofill-leav-in-con-200ml-3941839.jpg?v=1762441682,hair-care
335.0,EGP,Tettello,Home > العناية بالشعر > تيلوفيل ليف إن كريم 200 مل > Back to العناية بالشعر > سيروم ليكسورا إس كيه المضاد لتساقط الشعر 50 مل,sold out,https://aldawaaegy.com/ar/collections/hair-care/products/tettello-hair-growth-6-vials,https://cdn.shopify.com/s/files/1/0566/6779/9603/files/tettello-hair-growth-6-vials-9325712.jpg?v=1762440374,https://cdn.shopify.com/s/files/1/0566/6779/9603/files/tettello-hair-growth-6-vials-9325712.jpg?v=1762440374,hair-care
475.0,EGP,Lixora,Home > العناية بالشعر > تيتيلو نمو الشعر 6 قوارير > Back to العناية بالشعر > شامبو كيان جود هير ضد تساقط الشعر,sold out,https://aldawaaegy.com/ar/collections/hair-care/products/lixora-sk-anti-hair-loss-serum-50ml,https://cdn.shopify.com/s/files/1/0566/6779/9603/products/lixora-sk-anti-hair-loss-serum-50ml-3552209.jpg?v=1762440572,https://cdn.shopify.com/s/files/1/0566/6779/9603/products/lixora-sk-anti-hair-loss-serum-50ml-3552209.jpg?v=1762440572,hair-care
350.0,EGP,Kayan,Home > العناية بالشعر > سيروم ليكسورا إس كيه المضاد لتساقط الشعر 50 مل > Back to العناية بالشعر > بيونيك شاين أون 6.05 شوكولاتة داكنة,sold out,https://aldawaaegy.com/ar/collections/hair-care/products/kayan-good-hair-anti-loss-shampoo,https://cdn.shopify.com/s/files/1/0566/6779/9603/products/kayan-good-hair-anti-loss-shampoo-8046993.webp?v=1762441041,https://cdn.shopify.com/s/files/1/0566/6779/9603/products/kayan-good-hair-anti-loss-shampoo-8046993.webp?v=1762441041,hair-care
370.0,EGP,Bionike,Home > العناية بالشعر > شامبو كيان جود هير ضد تساقط الشعر > Back to العناية بالشعر > أليجون قارورة ضد تساقط الشعر 3مل*15 قارورة,sold out,https://aldawaaegy.com/ar/collections/hair-care/products/bionike-shine-on-6-05-chocolate-dark,https://cdn.shopify.com/s/files/1/0566/6779/9603/products/bionike-shine-on-605-chocolate-dark-3570505.jpg?v=1762441303,https://cdn.shopify.com/s/files/1/0566/6779/9603/products/bionike-shine-on-605-chocolate-dark-3570505.jpg?v=1762441303,hair-care
650.0,EGP,Alejon,Home > العناية بالشعر > بيونيك شاين أون 6.05 شوكولاتة داكنة > Back to العناية بالشعر > رذاذ الشعر كلاري 200 مل,in stock,https://aldawaaegy.com/ar/collections/hair-care/products/alejon-anti-hair-loss-vials-3ml-15-vials,https://cdn.shopify.com/s/files/1/0566/6779/9603/files/alejon-anti-hair-loss-vials-3ml15-vials-9245893.png?v=1762440917,https://cdn.shopify.com/s/files/1/0566/6779/9603/files/alejon-anti-hair-loss-vials-3ml15-vials-9245893.png?v=1762440917,hair-care
200.0,EGP,Clary,Home > العناية بالشعر > أليجون قارورة ضد تساقط الشعر 3مل*15 قارورة > Back to العناية بالشعر > لوشن تويست اند جو المضاد لتساقط الشعر 100 مل,in stock,https://aldawaaegy.com/ar/collections/hair-care/products/clary-hair-mist-200ml,https://cdn.shopify.com/s/files/1/0566/6779/9603/files/clary-hair-mist-200ml-6981740.webp?v=1762436009,https://cdn.shopify.com/s/files/1/0566/6779/9603/files/clary-hair-mist-200ml-6981740.webp?v=1762436009,hair-care
375.0,EGP,Twist&Go,Home > العناية بالشعر > رذاذ الشعر كلاري 200 مل > Back to العناية بالشعر > لوشن مكثف لإطالة الشعر من تويست آند جو، 125 مل,in stock,https://aldawaaegy.com/ar/collections/hair-care/products/twist-go-anti-hair-loss-lotion-100ml,https://cdn.shopify.com/s/files/1/0566/6779/9603/files/twistgo-anti-hair-loss-lotion-100ml-2218286.png?v=1762438218,https://cdn.shopify.com/s/files/1/0566/6779/9603/files/twistgo-anti-hair-loss-lotion-100ml-2218286.png?v=1762438218,hair-care
400.0,EGP,Twist&Go,Home > العناية بالشعر > لوشن تويست اند جو المضاد لتساقط الشعر 100 مل > Back to العناية بالشعر > شامبو تويست اند جو 300 مل,in stock,https://aldawaaegy.com/ar/collections/hair-care/products/twist-go-length-intensive-hair-lotion-125ml,https://cdn.shopify.com/s/files/1/0566/6779/9603/files/twistgo-length-intensive-hair-lotion-125ml-3668198.png?v=1762435808,https://cdn.shopify.com/s/files/1/0566/6779/9603/files/twistgo-length-intensive-hair-lotion-125ml-3668198.png?v=1762435808,hair-care
175.0,EGP,Twist&Go,Home > العناية بالشعر > لوشن مكثف لإطالة الشعر من تويست آند جو، 125 مل > Back to العناية بالشعر > شامبو ديزار للشعر الأسود 25 مل,in stock,https://aldawaaegy.com/ar/collections/hair-care/products/twist-go-shampo-300ml,https://cdn.shopify.com/s/files/1/0566/6779/9603/files/twistgo-shampo-250ml-6556056.png?v=1762436483,https://cdn.shopify.com/s/files/1/0566/6779/9603/files/twistgo-shampo-250ml-6556056.png?v=1762436483,hair-care
35.0,EGP,Disaar Beauty,Home > العناية بالشعر > شامبو تويست اند جو 300 مل > Back to العناية بالشعر > شامبو روتس اند اندز المضاد لتساقط الشعر 250 مل,sold out,https://aldawaaegy.com/ar/collections/hair-care/products/disaar-black-hair-shampoo-25ml,https://cdn.shopify.com/s/files/1/0566/6779/9603/files/disaar-black-hair-shampoo-25ml-6649498.jpg?v=1762436484,https://cdn.shopify.com/s/files/1/0566/6779/9603/files/disaar-black-hair-shampoo-25ml-6649498.jpg?v=1762436484,hair-care
295.0,EGP,ROOTS&ENDS,Home > العناية بالشعر > شامبو ديزار للشعر الأسود 25 مل > Back to العناية بالشعر > بخاخ مصل مضاد لتساقط الشعر من روتس اند اندز 120 مل,in stock,https://aldawaaegy.com/ar/collections/hair-care/products/roots-ends-anti-hair-loss-shampoo-250ml,https://cdn.shopify.com/s/files/1/0566/6779/9603/files/rootsends-anti-hair-loss-shampoo-250ml-8995818.jpg?v=1762436450,https://cdn.shopify.com/s/files/1/0566/6779/9603/files/rootsends-anti-hair-loss-shampoo-250ml-8995818.jpg?v=1762436450,hair-care
680.0,EGP,ROOTS&ENDS,Home > العناية بالشعر > شامبو روتس اند اندز المضاد لتساقط الشعر 250 مل > Back to العناية بالشعر > قناع الجذور والأطراف المضاد لتساقط الشعر 300 مل,in stock,https://aldawaaegy.com/ar/collections/hair-care/products/roots-ends-anti-hair-loss-serum-spray-120ml,https://cdn.shopify.com/s/files/1/0566/6779/9603/files/rootsends-anti-hair-loss-serum-spray-120ml-9651784.jpg?v=1762436161,https://cdn.shopify.com/s/files/1/0566/6779/9603/files/rootsends-anti-hair-loss-serum-spray-120ml-9651784.jpg?v=1762436161,hair-care
325.0,EGP,ROOTS&ENDS,Home > العناية بالشعر > بخاخ مصل مضاد لتساقط الشعر من روتس اند اندز 120 مل > Back to العناية بالشعر > كريم روتس اند اندز المضاد لتساقط الشعر 120 مل,in stock,https://aldawaaegy.com/ar/collections/hair-care/products/roots-ends-anti-hair-loss-mask-300ml,https://cdn.shopify.com/s/files/1/0566/6779/9603/files/rootsends-anti-hair-loss-mask-300ml-8355895.jpg?v=1762436361,https://cdn.shopify.com/s/files/1/0566/6779/9603/files/rootsends-anti-hair-loss-mask-300ml-8355895.jpg?v=1762436361,hair-care
275.0,EGP,ROOTS&ENDS,Home > العناية بالشعر > قناع الجذور والأطراف المضاد لتساقط الشعر 300 مل > Back to العناية بالشعر > تيتلو هير ليف إن كوند 150 مل,in stock,https://aldawaaegy.com/ar/collections/hair-care/products/roots-ends-anti-hair-loss-cream-120ml,https://cdn.shopify.com/s/files/1/0566/6779/9603/files/rootsends-anti-hair-loss-cream-120ml-4347834.jpg?v=1762438368,https://cdn.shopify.com/s/files/1/0566/6779/9603/files/rootsends-anti-hair-loss-cream-120ml-4347834.jpg?v=1762438368,hair-care
260.0,EGP,Tettello,Home > العناية بالشعر > كريم روتس اند اندز المضاد لتساقط الشعر 120 مل > Back to العناية بالشعر > كوند تيتيلو ضد تساقط الشعر 200 مل,in stock,https://aldawaaegy.com/ar/collections/hair-care/products/tettello-hair-leave-in-cond-150ml,https://cdn.shopify.com/s/files/1/0566/6779/9603/files/tettello-hair-leave-in-cond-150ml-1766057.png?v=1762436616,https://cdn.shopify.com/s/files/1/0566/6779/9603/files/tettello-hair-leave-in-cond-150ml-1766057.png?v=1762436616,hair-care
250.0,EGP,Tettello,Home > العناية بالشعر > تيتلو هير ليف إن كوند 150 مل > Back to العناية بالشعر > بلسم سيروبايب الذي لا يحتاج إلى شطف 200 مل,in stock,https://aldawaaegy.com/ar/collections/hair-care/products/tettello-anti-hair-fall-cond-200ml,https://cdn.shopify.com/s/files/1/0566/6779/9603/files/tettello-anti-hair-fall-cond-200ml-1750406.png?v=1762436354,https://cdn.shopify.com/s/files/1/0566/6779/9603/files/tettello-anti-hair-fall-cond-200ml-1750406.png?v=1762436354,hair-care
295.0,EGP,Seropipe,Home > العناية بالشعر > كوند تيتيلو ضد تساقط الشعر 200 مل > Back to العناية بالشعر > سيروم جلو أتراكت للشعر البارد 120 مل,in stock,https://aldawaaegy.com/ar/collections/hair-care/products/seropipe-leave-in-conditioner-200ml,https://cdn.shopify.com/s/files/1/0566/6779/9603/files/seropipe-leave-in-conditioner-200ml-2694048.png?v=1762436618,https://cdn.shopify.com/s/files/1/0566/6779/9603/files/seropipe-leave-in-conditioner-200ml-2694048.png?v=1762436618,hair-care
399.0,EGP,GLOW ATTRACT,Home > العناية بالشعر > بلسم سيروبايب الذي لا يحتاج إلى شطف 200 مل > Back to العناية بالشعر > في هير 60 كبسولة,in stock,https://aldawaaegy.com/ar/collections/hair-care/products/glow-attract-serum-cool-hair-120ml,https://cdn.shopify.com/s/files/1/0566/6779/9603/files/ogh-glow-attract-serum-cool-hair-120ml-3455141.png?v=1762438859,https://cdn.shopify.com/s/files/1/0566/6779/9603/files/ogh-glow-attract-serum-cool-hair-120ml-3455141.png?v=1762438859,hair-care
392.0,EGP,Veexia,Home > العناية بالشعر > سيروم جلو أتراكت للشعر البارد 120 مل > Back to العناية بالشعر > نيتوليك بريفنت 4 قطع,in stock,https://aldawaaegy.com/ar/collections/hair-care/products/vee-hair-60cap,https://cdn.shopify.com/s/files/1/0566/6779/9603/files/vee-hair-60-caps-7415121.jpg?v=1764266767,https://cdn.shopify.com/s/files/1/0566/6779/9603/files/vee-hair-60-caps-7415121.jpg?v=1764266767,hair-care
399.0,EGP,Nitolic,Home > العناية بالشعر > في هير 60 كبسولة > Back to العناية بالشعر > بلسم الشعر فريز أوف من ذا هير أديكت - 250 مل,in stock,https://aldawaaegy.com/ar/collections/hair-care/products/nitolic-prevent-4pcs,https://cdn.shopify.com/s/files/1/0566/6779/9603/files/nitolic-prevent-4pcs-4027464.png?v=1762437824,https://cdn.shopify.com/s/files/1/0566/6779/9603/files/nitolic-prevent-4pcs-4027464.png?v=1762437824,hair-care
278.0,EGP,The HAIR ADDICT,Home > العناية بالشعر > نيتوليك بريفنت 4 قطع > Back to العناية بالشعر > زيت الأرجان من إيفري ستراند مع بلسم المكاديميا 399 مل,in stock,https://aldawaaegy.com/ar/collections/hair-care/products/the-hair-addict-frizz-off-leave-in-conditioner-250ml,https://cdn.shopify.com/s/files/1/0566/6779/9603/files/the-hair-addict-leave-in-conditioner-250ml-4372565.jpg?v=1762437106,https://cdn.shopify.com/s/files/1/0566/6779/9603/files/the-hair-addict-leave-in-conditioner-250ml-4372565.jpg?v=1762437106,hair-care
502.0,EGP,EVERY STRAND,Home > العناية بالشعر > بلسم الشعر فريز أوف من ذا هير أديكت - 250 مل > Back to العناية بالشعر > بلسم BIONNEX Organica المضاد لتساقط الشعر لجميع أنواع الشعر 300 مل,sold out,https://aldawaaegy.com/ar/collections/hair-care/products/every-strand-argan-oil-w-macadamia-cond-399ml,https://cdn.shopify.com/s/files/1/0566/6779/9603/files/every-strand-argan-oil-wmacadamia-cond-399ml-8174440.jpg?v=1762436930,https://cdn.shopify.com/s/files/1/0566/6779/9603/files/every-strand-argan-oil-wmacadamia-cond-399ml-8174440.jpg?v=1762436930,hair-care
479.0,EGP,BIONNEX,Home > العناية بالشعر > زيت الأرجان من إيفري ستراند مع بلسم المكاديميا 399 مل > Back to العناية بالشعر > بخاخ فك تشابك الشعر بجوز الهند من ذا باثلاند LETS GO 80 مل,in stock,https://aldawaaegy.com/ar/collections/hair-care/products/bionnex-organica-anti-hair-loss-conditioner-for-all-hair-types-300ml,https://cdn.shopify.com/s/files/1/0566/6779/9603/files/bionnex-anti-hair-loss-conditioner-all-hair-types-300ml-5641545.jpg?v=1762440451,https://cdn.shopify.com/s/files/1/0566/6779/9603/files/bionnex-anti-hair-loss-conditioner-all-hair-types-300ml-5641545.jpg?v=1762440451,hair-care
130.0,EGP,The Bathland,Home > العناية بالشعر > بلسم BIONNEX Organica المضاد لتساقط الشعر لجميع أنواع الشعر 300 مل > Back to العناية بالشعر > بخاخ الشعر برائحة التوت الأزرق من ذا باثلاند 80 مل,in stock,https://aldawaaegy.com/ar/collections/hair-care/products/the-bathland-lets-go-coconut-detangling-hair-mist-80ml,https://cdn.shopify.com/s/files/1/0566/6779/9603/files/the-bathland-lets-go-coconut-hair-mist-80ml-3521545.png?v=1762438878,https://cdn.shopify.com/s/files/1/0566/6779/9603/files/the-bathland-lets-go-coconut-hair-mist-80ml-3521545.png?v=1762438878,hair-care
130.0,EGP,The Bathland,Home > العناية بالشعر > بخاخ فك تشابك الشعر بجوز الهند من ذا باثلاند LETS GO 80 مل > Back to العناية بالشعر > لوشن فيولا لتساقط الشعر 100 مل,in stock,https://aldawaaegy.com/ar/collections/hair-care/products/the-bathland-very-blueberry-hair-mist-80-ml,https://cdn.shopify.com/s/files/1/0566/6779/9603/products/the-bathland-very-blueberry-hair-mist-80-ml-5002098.jpg?v=1762439923,https://cdn.shopify.com/s/files/1/0566/6779/9603/products/the-bathland-very-blueberry-hair-mist-80-ml-5002098.jpg?v=1762439923,hair-care
850.0,EGP,Bio Viola,Home > العناية بالشعر > بخاخ الشعر برائحة التوت الأزرق من ذا باثلاند 80 مل > Back to العناية بالشعر > شامبو فيولا بزيت الأرجان 250 مل,in stock,https://aldawaaegy.com/ar/collections/hair-care/products/viola-hair-loss-lotion-100ml,https://cdn.shopify.com/s/files/1/0566/6779/9603/files/bio-viola-hair-loss-lotion-120-ml-2520535.png?v=1762438430,https://cdn.shopify.com/s/files/1/0566/6779/9603/files/bio-viola-hair-loss-lotion-120-ml-2520535.png?v=1762438430,hair-care
485.0,EGP,Bio Viola,Home > العناية بالشعر > لوشن فيولا لتساقط الشعر 100 مل > Back to العناية بالشعر > بلسم زيت الأرجان من بي جي 200 مل,in stock,https://aldawaaegy.com/ar/collections/hair-care/products/viola-shampoo-argan-oil-250ml,https://cdn.shopify.com/s/files/1/0566/6779/9603/files/bio-viola-shampoo-argan-oil-250ml-4474250.png?v=1762437828,https://cdn.shopify.com/s/files/1/0566/6779/9603/files/bio-viola-shampoo-argan-oil-250ml-4474250.png?v=1762437828,hair-care
174.5,EGP,BG,Home > العناية بالشعر > شامبو فيولا بزيت الأرجان 250 مل > Back to العناية بالشعر > بلسم بيو سوفت هيالورونيك 490 مل,in stock,https://aldawaaegy.com/ar/collections/hair-care/products/bg-argan-oil-cond-200ml,https://cdn.shopify.com/s/files/1/0566/6779/9603/files/bg-argan-oil-cond-200ml-4360162.jpg?v=1762437698,https://cdn.shopify.com/s/files/1/0566/6779/9603/files/bg-argan-oil-cond-200ml-4360162.jpg?v=1762437698,hair-care
75.0,EGP,Bio Soft,Home > العناية بالشعر > بلسم زيت الأرجان من بي جي 200 مل > Back to العناية بالشعر > مرطب بيو سوفت العميق بحمض الهيالورونيك 500 مل,sold out,https://aldawaaegy.com/ar/collections/hair-care/products/bio-soft-hyaluronic-cond-490-ml,https://cdn.shopify.com/s/files/1/0566/6779/9603/files/bio-soft-hyaluronic-cond-490-ml-5169501.webp?v=1762439168,https://cdn.shopify.com/s/files/1/0566/6779/9603/files/bio-soft-hyaluronic-cond-490-ml-5169501.webp?v=1762439168,hair-care
102.0,EGP,Bio Soft,Home > العناية بالشعر > بلسم بيو سوفت هيالورونيك 490 مل > Back to العناية بالشعر > شامبو بيو سوفت ضد القشرة 490 مل,in stock,https://aldawaaegy.com/ar/collections/hair-care/products/bio-soft-deep-cond-hyaluronic-acid-500ml,https://cdn.shopify.com/s/files/1/0566/6779/9603/files/bio-soft-deep-cond-hyaluronic-acid-500ml-7390393.webp?v=1762439350,https://cdn.shopify.com/s/files/1/0566/6779/9603/files/bio-soft-deep-cond-hyaluronic-acid-500ml-7390393.webp?v=1762439350,hair-care
90.0,EGP,Bio Soft,Home > العناية بالشعر > مرطب بيو سوفت العميق بحمض الهيالورونيك 500 مل > Back to العناية بالشعر > بيو سوفت جوز الهند مرطب عميق 98%,sold out,https://aldawaaegy.com/ar/collections/hair-care/products/bio-soft-anti-dandruff-shampo-490-ml,https://cdn.shopify.com/s/files/1/0566/6779/9603/files/bio-soft-anti-dandruff-shampo-490-ml-9036133.webp?v=1762439749,https://cdn.shopify.com/s/files/1/0566/6779/9603/files/bio-soft-anti-dandruff-shampo-490-ml-9036133.webp?v=1762439749,hair-care
103.0,EGP,Bio Soft,Home > العناية بالشعر > شامبو بيو سوفت ضد القشرة 490 مل > Back to العناية بالشعر > بلسم زيت الأرجان بيو سوفت 490 مل,in stock,https://aldawaaegy.com/ar/collections/hair-care/products/bio-soft-coconut-deep-cond-98,https://cdn.shopify.com/s/files/1/0566/6779/9603/files/bio-soft-coconut-deep-cond-98-5571141.webp?v=1762438869,https://cdn.shopify.com/s/files/1/0566/6779/9603/files/bio-soft-coconut-deep-cond-98-5571141.webp?v=1762438869,hair-care
100.0,EGP,Bio Soft,Home > العناية بالشعر > بيو سوفت جوز الهند مرطب عميق 98% > Back to العناية بالشعر > شامبو و جل استحمام ميني 250 مل,sold out,https://aldawaaegy.com/ar/collections/hair-care/products/bio-soft-argan-oil-cond-490-ml,https://cdn.shopify.com/s/files/1/0566/6779/9603/files/bio-soft-argan-oil-cond-490-ml-4246419.webp?v=1762438507,https://cdn.shopify.com/s/files/1/0566/6779/9603/files/bio-soft-argan-oil-cond-490-ml-4246419.webp?v=1762438507,hair-care
320.0,EGP,MiniMe,Home > العناية بالشعر > بلسم زيت الأرجان بيو سوفت 490 مل > Back to العناية بالشعر > مصل الشعر فينشي 100 مل,in stock,https://aldawaaegy.com/ar/collections/hair-care/products/minime-shampoo-shower-gel-250ml,https://cdn.shopify.com/s/files/1/0566/6779/9603/files/minime-shampoo-shower-gel-250ml-1807080.jpg?v=1762437913,https://cdn.shopify.com/s/files/1/0566/6779/9603/files/minime-shampoo-shower-gel-250ml-1807080.jpg?v=1762437913,hair-care
250.0,EGP,Vinci,Home > العناية بالشعر > شامبو و جل استحمام ميني 250 مل > Back to العناية بالشعر > بليس ليف إن كريم – زبدة الشيا 200 مل,in stock,https://aldawaaegy.com/ar/collections/hair-care/products/vinci-hair-serum-100ml,https://cdn.shopify.com/s/files/1/0566/6779/9603/products/vinci-hair-serum-100ml-2876591.jpg?v=1762439175,https://cdn.shopify.com/s/files/1/0566/6779/9603/products/vinci-hair-serum-100ml-2876591.jpg?v=1762439175,hair-care
80.0,EGP,BLESS,Home > العناية بالشعر > مصل الشعر فينشي 100 مل > Back to العناية بالشعر > بلسم بليس – زيت الأرجان 500 مل,in stock,https://aldawaaegy.com/ar/collections/hair-care/products/bless-leave-in-cream-shea-butter-200ml,https://cdn.shopify.com/s/files/1/0566/6779/9603/files/bless-leave-in-cream-shea-butter-200ml-7961256.jpg?v=1762439007,https://cdn.shopify.com/s/files/1/0566/6779/9603/files/bless-leave-in-cream-shea-butter-200ml-7961256.jpg?v=1762439007,hair-care
144.0,EGP,BLESS,Home > العناية بالشعر > بليس ليف إن كريم – زبدة الشيا 200 مل > Back to العناية بالشعر > بليس ربطات عنق من الساتان,in stock,https://aldawaaegy.com/ar/collections/hair-care/products/bless-cond-argan-oil-500ml,https://cdn.shopify.com/s/files/1/0566/6779/9603/files/bless-cond-argan-oil-500ml-7250265.jpg?v=1762438660,https://cdn.shopify.com/s/files/1/0566/6779/9603/files/bless-cond-argan-oil-500ml-7250265.jpg?v=1762438660,hair-care
48.0,EGP,BLESS,Home > العناية بالشعر > بلسم بليس – زيت الأرجان 500 مل > Back to العناية بالشعر > تريكو-جرو في محلول مكثف 6×10 مل,in stock,https://aldawaaegy.com/ar/collections/hair-care/products/bless-satin-scrunchies,https://cdn.shopify.com/s/files/1/0566/6779/9603/files/bless-tokaaa-7214299.jpg?v=1762438619,https://cdn.shopify.com/s/files/1/0566/6779/9603/files/bless-tokaaa-7214299.jpg?v=1762438619,hair-care
513.5,EGP,Vee,Home > العناية بالشعر > بليس ربطات عنق من الساتان > Back to العناية بالشعر > بلسم الشعر ميس فلافي المجعد 300 مل,in stock,https://aldawaaegy.com/ar/collections/hair-care/products/tricho-grow-vee-intense-solution-6x10-ml,https://cdn.shopify.com/s/files/1/0566/6779/9603/files/tricho-grow-vee-intense-solution-10-ml-6vail-4324951.jpg?v=1762438645,https://cdn.shopify.com/s/files/1/0566/6779/9603/files/tricho-grow-vee-intense-solution-10-ml-6vail-4324951.jpg?v=1762438645,hair-care
340.0,EGP,Miss Fluffy,Home > العناية بالشعر > تريكو-جرو في محلول مكثف 6×10 مل > Back to العناية بالشعر > سترونج فيل بخاخ منشط للشعر 220 مل NP,in stock,https://aldawaaegy.com/ar/collections/hair-care/products/miss-fluffy-curly-hair-conditioner-300ml,https://cdn.shopify.com/s/files/1/0566/6779/9603/files/miss-fluffy-curl-cond-300ml-9241699.jpg?v=1762438624,https://cdn.shopify.com/s/files/1/0566/6779/9603/files/miss-fluffy-curl-cond-300ml-9241699.jpg?v=1762438624,hair-care
185.0,EGP,Strongville,Home > العناية بالشعر > بلسم الشعر ميس فلافي المجعد 300 مل > Back to العناية بالشعر > لوريال إس إتش للشعر الجاف جدًا، 600 مل,in stock,https://aldawaaegy.com/ar/collections/hair-care/products/strongville-hair-tonic-spray-220ml-n-p,https://cdn.shopify.com/s/files/1/0566/6779/9603/products/strongville-hair-tonic-spray-220ml-np-3876301.webp?v=1762440368,https://cdn.shopify.com/s/files/1/0566/6779/9603/products/strongville-hair-tonic-spray-220ml-np-3876301.webp?v=1762440368,hair-care
96.0,EGP,Loreal,Home > العناية بالشعر > سترونج فيل بخاخ منشط للشعر 220 مل NP > Back to العناية بالشعر > زيت لوريال إلفيف الاستثنائي للشعر الجاف 100 مل,sold out,https://aldawaaegy.com/ar/collections/hair-care/products/loreal-sh-very-dry-hair-600ml-off,https://cdn.shopify.com/s/files/1/0566/6779/9603/products/loreal-sh-very-dry-hair-600ml-off-9954466.jpg?v=1762438624,https://cdn.shopify.com/s/files/1/0566/6779/9603/products/loreal-sh-very-dry-hair-600ml-off-9954466.jpg?v=1762438624,hair-care
530.0,EGP,Loreal,Home > العناية بالشعر > لوريال إس إتش للشعر الجاف جدًا، 600 مل > Back to العناية بالشعر > لوريال بروديجي كولور 5.30,sold out,https://aldawaaegy.com/ar/collections/hair-care/products/loreal-elvive-extraordinary-oil-dry-hair-100ml,https://cdn.shopify.com/s/files/1/0566/6779/9603/products/loreal-elvive-extraordinary-oil-dry-hair-100ml-5295402.jpg?v=1762438625,https://cdn.shopify.com/s/files/1/0566/6779/9603/products/loreal-elvive-extraordinary-oil-dry-hair-100ml-5295402.jpg?v=1762438625,hair-care
459.0,EGP,Loreal,Home > العناية بالشعر > زيت لوريال إلفيف الاستثنائي للشعر الجاف 100 مل > Back to العناية بالشعر > لوريال علاج شامل للشعر 400 مل 20%,in stock,https://aldawaaegy.com/ar/collections/hair-care/products/loreal-prodigy-color-5-30,https://cdn.shopify.com/s/files/1/0566/6779/9603/products/loreal-prodigy-color-530-3422059.webp?v=1762438650,https://cdn.shopify.com/s/files/1/0566/6779/9603/products/loreal-prodigy-color-530-3422059.webp?v=1762438650,hair-care
56.0,EGP,Loreal,Home > العناية بالشعر > لوريال بروديجي كولور 5.30 > Back to العناية بالشعر > كريم لوريال إكسلانس كولور 7/7,sold out,https://aldawaaegy.com/ar/collections/hair-care/products/loreal-total-repair-hair-con-400ml-20,https://cdn.shopify.com/s/files/1/0566/6779/9603/products/loreal-total-repair-hair-con-400ml-20-3943751.jpg?v=1762440632,https://cdn.shopify.com/s/files/1/0566/6779/9603/products/loreal-total-repair-hair-con-400ml-20-3943751.jpg?v=1762440632,hair-care
374.0,EGP,Loreal,Home > العناية بالشعر > لوريال علاج شامل للشعر 400 مل 20% > Back to العناية بالشعر > لوريال شامبو برو أطول 300 مل,in stock,https://aldawaaegy.com/ar/collections/hair-care/products/loreal-excellence-colour-creme-7-7,https://cdn.shopify.com/s/files/1/0566/6779/9603/products/loreal-excellence-colour-creme-77-2337065.jpg?v=1762438496,https://cdn.shopify.com/s/files/1/0566/6779/9603/products/loreal-excellence-colour-creme-77-2337065.jpg?v=1762438496,hair-care
960.0,EGP,Loreal,Home > العناية بالشعر > كريم لوريال إكسلانس كولور 7/7 > Back to العناية بالشعر > بي جي زيت الأرجان 400 مل,in stock,https://aldawaaegy.com/ar/collections/hair-care/products/loreal-pro-longer-shampoo-300ml,https://cdn.shopify.com/s/files/1/0566/6779/9603/products/loreal-pro-longer-shampoo-300ml-8640004.webp?v=1762440620,https://cdn.shopify.com/s/files/1/0566/6779/9603/products/loreal-pro-longer-shampoo-300ml-8640004.webp?v=1762440620,hair-care
395.0,EGP,BG,Home > العناية بالشعر > لوريال شامبو برو أطول 300 مل > Back to العناية بالشعر > أنيفاجين نوتري سيروم 125 مل,in stock,https://aldawaaegy.com/ar/collections/hair-care/products/bg-argan-oil-cond-400ml,https://cdn.shopify.com/s/files/1/0566/6779/9603/products/bg-argan-oil-cond-400ml-3589221.webp?v=1762441494,https://cdn.shopify.com/s/files/1/0566/6779/9603/products/bg-argan-oil-cond-400ml-3589221.webp?v=1762441494,hair-care
649.0,EGP,Anivagene,Home > العناية بالشعر > بي جي زيت الأرجان 400 مل > Back to العناية بالشعر > قناع البروتين من سولومارت يعزز نمو الشعر، 300 مل,in stock,https://aldawaaegy.com/ar/collections/hair-care/products/anivagene-nutri-serum-125ml,https://cdn.shopify.com/s/files/1/0566/6779/9603/products/anivagene-nutri-serum-125ml-3485893.webp?v=1762439129,https://cdn.shopify.com/s/files/1/0566/6779/9603/products/anivagene-nutri-serum-125ml-3485893.webp?v=1762439129,hair-care
430.0,EGP,Solumart,Home > العناية بالشعر > أنيفاجين نوتري سيروم 125 مل > Back to العناية بالشعر > دوكراي دينسياج كوند 200 مل,in stock,https://aldawaaegy.com/ar/collections/hair-care/products/solumart-protein-mask-promotes-hair-growth-300ml,https://cdn.shopify.com/s/files/1/0566/6779/9603/products/solumart-protein-mask-promotes-hair-growth-300ml-2748805.webp?v=1762439742,https://cdn.shopify.com/s/files/1/0566/6779/9603/products/solumart-protein-mask-promotes-hair-growth-300ml-2748805.webp?v=1762439742,hair-care
525.0,EGP,Ducray,Home > العناية بالشعر > قناع البروتين من سولومارت يعزز نمو الشعر، 300 مل > Back to العناية بالشعر > دوكراي نوتريسيرات شامبو مغذي 200 مل,sold out,https://aldawaaegy.com/ar/collections/hair-care/products/ducray-densiage-cond-200ml,https://cdn.shopify.com/s/files/1/0566/6779/9603/products/ducray-densiage-cond-200ml-9927955.jpg?v=1762440083,https://cdn.shopify.com/s/files/1/0566/6779/9603/products/ducray-densiage-cond-200ml-9927955.jpg?v=1762440083,hair-care
399.0,EGP,Ducray,Home > العناية بالشعر > دوكراي دينسياج كوند 200 مل > Back to العناية بالشعر > قناع الشعر أليخون 200 مل,sold out,https://aldawaaegy.com/ar/collections/hair-care/products/ducray-nutricerat-nourishing-shampoo-200ml,https://cdn.shopify.com/s/files/1/0566/6779/9603/products/ducray-nutricerat-nourishing-shampoo-200ml-2221172.webp?v=1762440275,https://cdn.shopify.com/s/files/1/0566/6779/9603/products/ducray-nutricerat-nourishing-shampoo-200ml-2221172.webp?v=1762440275,hair-care
275.0,EGP,Alejon,Home > العناية بالشعر > دوكراي نوتريسيرات شامبو مغذي 200 مل > Back to العناية بالشعر > قناع الشعر تيلوفيل 300 مل,in stock,https://aldawaaegy.com/ar/collections/hair-care/products/alejon-hair-mask-200-ml,https://cdn.shopify.com/s/files/1/0566/6779/9603/products/alejon-hair-mask-200-ml-5270859.png?v=1762440765,https://cdn.shopify.com/s/files/1/0566/6779/9603/products/alejon-hair-mask-200-ml-5270859.png?v=1762440765,hair-care
320.0,EGP,Telofill,Home > العناية بالشعر > قناع الشعر أليخون 200 مل > Back to العناية بالشعر > سولومارت ماسك البروتين للشعر الجاف 300 مل,sold out,https://aldawaaegy.com/ar/collections/hair-care/products/telofill-hair-mask-300ml,https://cdn.shopify.com/s/files/1/0566/6779/9603/products/telofill-hair-mask-300ml-5785210.webp?v=1762439631,https://cdn.shopify.com/s/files/1/0566/6779/9603/products/telofill-hair-mask-300ml-5785210.webp?v=1762439631,hair-care
430.0,EGP,Solumart,Home > العناية بالشعر > قناع الشعر تيلوفيل 300 مل > Back to العناية بالشعر > ايه سي ام نوفوفان دي اس شا مضاد للقشرة 125 مل,sold out,https://aldawaaegy.com/ar/collections/hair-care/products/solumart-protein-mask-dry-hair-300ml,https://cdn.shopify.com/s/files/1/0566/6779/9603/products/solumart-protein-mask-dry-hair-300ml-5907122.jpg?v=1762439655,https://cdn.shopify.com/s/files/1/0566/6779/9603/products/solumart-protein-mask-dry-hair-300ml-5907122.jpg?v=1762439655,hair-care
599.0,EGP,ACM,Home > العناية بالشعر > سولومارت ماسك البروتين للشعر الجاف 300 مل > Back to العناية بالشعر > بلسم الشعر فويلا 200 مل,in stock,https://aldawaaegy.com/ar/collections/hair-care/products/acm-novophane-ds-sha-anti-dandruff-125ml,https://cdn.shopify.com/s/files/1/0566/6779/9603/products/acm-novophaneds-sha-anti-dandruff-125ml-7154687.jpg?v=1762439748,https://cdn.shopify.com/s/files/1/0566/6779/9603/products/acm-novophaneds-sha-anti-dandruff-125ml-7154687.jpg?v=1762439748,hair-care
230.0,EGP,Voila,Home > العناية بالشعر > ايه سي ام نوفوفان دي اس شا مضاد للقشرة 125 مل > Back to العناية بالشعر > شامبو دكتور أرجان للشعر الجاف والتالف 300 مل,in stock,https://aldawaaegy.com/ar/collections/hair-care/products/voila-hair-conditioner-200ml,https://cdn.shopify.com/s/files/1/0566/6779/9603/products/voila-hair-conditioner-200ml-6567112.jpg?v=1762439567,https://cdn.shopify.com/s/files/1/0566/6779/9603/products/voila-hair-conditioner-200ml-6567112.jpg?v=1762439567,hair-care
200.0,EGP,Dr Argan,Home > العناية بالشعر > بلسم الشعر فويلا 200 مل > Back to العناية بالشعر > كلاري ماء كيراتين للشعر 200 مل,in stock,https://aldawaaegy.com/ar/collections/hair-care/products/dr-argan-hair-shampoo-dry-dameged-300ml,https://cdn.shopify.com/s/files/1/0566/6779/9603/products/dr-argan-hair-shampoo-dry-dameged-300ml-8686278.webp?v=1762441346,https://cdn.shopify.com/s/files/1/0566/6779/9603/products/dr-argan-hair-shampoo-dry-dameged-300ml-8686278.webp?v=1762441346,hair-care
300.0,EGP,Clary,Home > العناية بالشعر > شامبو دكتور أرجان للشعر الجاف والتالف 300 مل > Back to العناية بالشعر > بيونيكي شاين أون 5.4 بني فاتح,in stock,https://aldawaaegy.com/ar/collections/hair-care/products/clary-hair-water-keratin-200ml,https://cdn.shopify.com/s/files/1/0566/6779/9603/products/clary-hair-water-keratin-200ml-9899584.webp?v=1762441035,https://cdn.shopify.com/s/files/1/0566/6779/9603/products/clary-hair-water-keratin-200ml-9899584.webp?v=1762441035,hair-care
450.0,EGP,Bionike,Home > العناية بالشعر > كلاري ماء كيراتين للشعر 200 مل > Back to العناية بالشعر > بيوبلاس (شامبو زيتون + زيت أرغان) 360 مل,sold out,https://aldawaaegy.com/ar/collections/hair-care/products/bionike-shine-on-5-4-light-brown,https://cdn.shopify.com/s/files/1/0566/6779/9603/products/bionike-shine-on-54-light-brown-2428354.jpg?v=1762440579,https://cdn.shopify.com/s/files/1/0566/6779/9603/products/bionike-shine-on-54-light-brown-2428354.jpg?v=1762440579,hair-care
17.0,EGP,BIOBLAS,Home > العناية بالشعر > بيونيكي شاين أون 5.4 بني فاتح > Back to العناية بالشعر > سيروم الشعر تويست آند جو دراي تاتش 60 مل,sold out,https://aldawaaegy.com/ar/collections/hair-care/products/bioblas-shampoo-olive-argan-oil-360ml,https://cdn.shopify.com/s/files/1/0566/6779/9603/products/bioblass-shampoo-olive-argan-oil360ml-6168189.webp?v=1762441072,https://cdn.shopify.com/s/files/1/0566/6779/9603/products/bioblass-shampoo-olive-argan-oil360ml-6168189.webp?v=1762441072,hair-care
237.5,EGP,Twist&Go,Home > العناية بالشعر > بيوبلاس (شامبو زيتون + زيت أرغان) 360 مل > Back to العناية بالشعر > تويست آند جو، كريمة مخفوقة، 250 غرام,in stock,https://aldawaaegy.com/ar/collections/hair-care/products/twist-go-hair-serum-dry-touch-60ml,https://cdn.shopify.com/s/files/1/0566/6779/9603/files/twistgo-hair-serum-dry-touch-60ml-9467692.png?v=1762435414,https://cdn.shopify.com/s/files/1/0566/6779/9603/files/twistgo-hair-serum-dry-touch-60ml-9467692.png?v=1762435414,hair-care
225.0,EGP,Twist&Go,Home > العناية بالشعر > سيروم الشعر تويست آند جو دراي تاتش 60 مل > Back to العناية بالشعر > زيوت عضوية تويست آند جو 100 مل,in stock,https://aldawaaegy.com/ar/collections/hair-care/products/twist-gowhipped-leave-in-cream250gm,https://cdn.shopify.com/s/files/1/0566/6779/9603/files/twistgowhipped-leave-in-cream250gm-3603872.png?v=1762435215,https://cdn.shopify.com/s/files/1/0566/6779/9603/files/twistgowhipped-leave-in-cream250gm-3603872.png?v=1762435215,hair-care
325.0,EGP,Twist&Go,Home > العناية بالشعر > تويست آند جو، كريمة مخفوقة، 250 غرام > Back to العناية بالشعر > شامبو تيتيلو ضد القشرة 300 مل,in stock,https://aldawaaegy.com/ar/collections/hair-care/products/twist-go-organic-oils-100ml,https://cdn.shopify.com/s/files/1/0566/6779/9603/files/twistgo-organic-oils-100ml-4918903.jpg?v=1762435699,https://cdn.shopify.com/s/files/1/0566/6779/9603/files/twistgo-organic-oils-100ml-4918903.jpg?v=1762435699,hair-care
395.0,EGP,Tettello,Home > العناية بالشعر > زيوت عضوية تويست آند جو 100 مل > Back to العناية بالشعر > ماء الشعر كلاري 200 مل عرض 225 جنيه,sold out,https://aldawaaegy.com/ar/collections/hair-care/products/tettello-anti-dandruff-shampoo-300ml,https://cdn.shopify.com/s/files/1/0566/6779/9603/files/tettello-anti-dandruff-shampoo-300ml-7621797.jpg?v=1763160728,https://cdn.shopify.com/s/files/1/0566/6779/9603/files/tettello-anti-dandruff-shampoo-300ml-7621797.jpg?v=1763160728,hair-care
225.0,EGP,Clary,Home > العناية بالشعر > شامبو تيتيلو ضد القشرة 300 مل > Back to العناية بالشعر > كملاود لاب أدفانس 5 مل*5 أمبولات,sold out,https://aldawaaegy.com/ar/collections/hair-care/products/clary-hair-water-200-ml-offer-225l-e,https://cdn.shopify.com/s/files/1/0566/6779/9603/files/clary-hair-water-200-ml-offer-225le-7778640.webp?v=1762436306,https://cdn.shopify.com/s/files/1/0566/6779/9603/files/clary-hair-water-200-ml-offer-225le-7778640.webp?v=1762436306,hair-care
545.0,EGP,Nutrivam,Home > العناية بالشعر > ماء الشعر كلاري 200 مل عرض 225 جنيه > Back to العناية بالشعر > روتس اند اندز - قارورة مضادة لتساقط الشعر 6*10 مل,sold out,https://aldawaaegy.com/ar/collections/hair-care/products/cumlaude-lab-advance-5ml-5amp,https://cdn.shopify.com/s/files/1/0566/6779/9603/files/cumlaude-lab-advance-5ml5amp-7887439.jpg?v=1762437678,https://cdn.shopify.com/s/files/1/0566/6779/9603/files/cumlaude-lab-advance-5ml5amp-7887439.jpg?v=1762437678,hair-care
975.0,EGP,ROOTS&ENDS,Home > العناية بالشعر > كملاود لاب أدفانس 5 مل*5 أمبولات > Back to العناية بالشعر > سيروم الرموش ROOTS&ENDS 10 مل,in stock,https://aldawaaegy.com/ar/collections/hair-care/products/roots-ends-anti-hair-loss-vial-6-10ml,https://cdn.shopify.com/s/files/1/0566/6779/9603/files/rootsends-anti-hair-loss-vial-610ml-7576415.jpg?v=1762436679,https://cdn.shopify.com/s/files/1/0566/6779/9603/files/rootsends-anti-hair-loss-vial-610ml-7576415.jpg?v=1762436679,hair-care
450.0,EGP,ROOTS&ENDS,Home > العناية بالشعر > روتس اند اندز - قارورة مضادة لتساقط الشعر 6*10 مل > Back to العناية بالشعر > تيتلو بلس لنمو الشعر 6*10 مل,in stock,https://aldawaaegy.com/ar/collections/hair-care/products/roots-ends-lashes-serum-10ml,https://cdn.shopify.com/s/files/1/0566/6779/9603/files/rootsends-lashes-serum-10ml-4707607.jpg?v=1762436244,https://cdn.shopify.com/s/files/1/0566/6779/9603/files/rootsends-lashes-serum-10ml-4707607.jpg?v=1762436244,hair-care
510.0,EGP,Tettello,Home > العناية بالشعر > سيروم الرموش ROOTS&ENDS 10 مل > Back to العناية بالشعر > تيتلو هير ليف إن كوند 300 مل,in stock,https://aldawaaegy.com/ar/collections/hair-care/products/tettello-plus-hair-growth-via-6-10ml,https://cdn.shopify.com/s/files/1/0566/6779/9603/files/tettello-plus-hair-growth-via-610ml-9557934.png?v=1762438067,https://cdn.shopify.com/s/files/1/0566/6779/9603/files/tettello-plus-hair-growth-via-610ml-9557934.png?v=1762438067,hair-care
435.0,EGP,Tettello,Home > العناية بالشعر > تيتلو بلس لنمو الشعر 6*10 مل > Back to العناية بالشعر > تيتيلو بخاخ مضاد لتساقط الشعر 150 مل,in stock,https://aldawaaegy.com/ar/collections/hair-care/products/tettello-hair-leave-in-cond-300ml,https://cdn.shopify.com/s/files/1/0566/6779/9603/files/tettello-hair-leave-in-cond-300ml-6233383.png?v=1762437546,https://cdn.shopify.com/s/files/1/0566/6779/9603/files/tettello-hair-leave-in-cond-300ml-6233383.png?v=1762437546,hair-care
240.0,EGP,Tettello,Home > العناية بالشعر > تيتلو هير ليف إن كوند 300 مل > Back to العناية بالشعر > شامبو تيتيلو ضد تساقط الشعر 400 مل,in stock,https://aldawaaegy.com/ar/collections/hair-care/products/tettello-anti-hair-loss-spray-150-ml,https://cdn.shopify.com/s/files/1/0566/6779/9603/files/tettello-anti-hair-loss-spray-150-ml-5618889.jpg?v=1762436845,https://cdn.shopify.com/s/files/1/0566/6779/9603/files/tettello-anti-hair-loss-spray-150-ml-5618889.jpg?v=1762436845,hair-care
405.0,EGP,Tettello,Home > العناية بالشعر > تيتيلو بخاخ مضاد لتساقط الشعر 150 مل > Back to العناية بالشعر > كوند تيتيلو ضد تساقط الشعر 400 مل,in stock,https://aldawaaegy.com/ar/collections/hair-care/products/tettello-anti-hair-loss-shampoo-400ml,https://cdn.shopify.com/s/files/1/0566/6779/9603/files/tettello-anti-hair-loss-shampoo-400ml-3504026.png?v=1762439638,https://cdn.shopify.com/s/files/1/0566/6779/9603/files/tettello-anti-hair-loss-shampoo-400ml-3504026.png?v=1762439638,hair-care
425.0,EGP,Tettello,Home > العناية بالشعر > شامبو تيتيلو ضد تساقط الشعر 400 مل > Back to العناية بالشعر > سيروم دكتور ميراكلز سبوت 118 مل,in stock,https://aldawaaegy.com/ar/collections/hair-care/products/tettello-anti-hair-fall-cond-400ml,https://cdn.shopify.com/s/files/1/0566/6779/9603/files/tettello-anti-hair-fall-cond-400ml-6238397.png?v=1762437026,https://cdn.shopify.com/s/files/1/0566/6779/9603/files/tettello-anti-hair-fall-cond-400ml-6238397.png?v=1762437026,hair-care
390.0,EGP,DR. MIRACLES,Home > العناية بالشعر > كوند تيتيلو ضد تساقط الشعر 400 مل > Back to العناية بالشعر > زيت العناية اليومية من دكتور ميراكلز 118 مل,sold out,https://aldawaaegy.com/ar/collections/hair-care/products/dr-miracles-spot-serum-118ml,https://cdn.shopify.com/s/files/1/0566/6779/9603/files/dr-miracles-spot-serum-118ml-4424504.jpg?v=1762437215,https://cdn.shopify.com/s/files/1/0566/6779/9603/files/dr-miracles-spot-serum-118ml-4424504.jpg?v=1762437215,hair-care
380.0,EGP,DR. MIRACLES,Home > العناية بالشعر > سيروم دكتور ميراكلز سبوت 118 مل > Back to العناية بالشعر > لانغار مادشن بوستر تونيك 75 مل,sold out,https://aldawaaegy.com/ar/collections/hair-care/products/dr-miracles-daily-gro-oil-118ml,https://cdn.shopify.com/s/files/1/0566/6779/9603/files/dr-miracles-daily-gro-oil-118ml-1151258.jpg?v=1762436678,https://cdn.shopify.com/s/files/1/0566/6779/9603/files/dr-miracles-daily-gro-oil-118ml-1151258.jpg?v=1762436678,hair-care
694.0,EGP,LANGHAAR,Home > العناية بالشعر > زيت العناية اليومية من دكتور ميراكلز 118 مل > Back to العناية بالشعر > لوشن الشعر SORCIERE 160 مل,sold out,https://aldawaaegy.com/ar/collections/hair-care/products/langhaar-madchen-booster-tonic-75ml,https://cdn.shopify.com/s/files/1/0566/6779/9603/files/langhaar-madchen-booster-tonic-75ml-3686842.jpg?v=1762437509,https://cdn.shopify.com/s/files/1/0566/6779/9603/files/langhaar-madchen-booster-tonic-75ml-3686842.jpg?v=1762437509,hair-care
2666.0,EGP,SORCIERE,Home > العناية بالشعر > لانغار مادشن بوستر تونيك 75 مل > Back to العناية بالشعر > مجموعة تصفيف الشعر للسفر من OLAPEX,in stock,https://aldawaaegy.com/ar/collections/hair-care/products/sorciere-hair-lotion-160ml,https://cdn.shopify.com/s/files/1/0566/6779/9603/files/sorciere-hair-lotion-160ml-9637641.png?v=1762436617,https://cdn.shopify.com/s/files/1/0566/6779/9603/files/sorciere-hair-lotion-160ml-9637641.png?v=1762436617,hair-care
4375.0,EGP,OLAPEX,Home > العناية بالشعر > لوشن الشعر SORCIERE 160 مل > Back to العناية بالشعر > في هير 30 كبسولة,sold out,https://aldawaaegy.com/ar/collections/hair-care/products/olapex-traveling-stylist-kit,https://cdn.shopify.com/s/files/1/0566/6779/9603/files/olapex-traveling-stylist-kit-8439290.webp?v=1762437793,https://cdn.shopify.com/s/files/1/0566/6779/9603/files/olapex-traveling-stylist-kit-8439290.webp?v=1762437793,hair-care
294.0,EGP,Veexia,Home > العناية بالشعر > مجموعة تصفيف الشعر للسفر من OLAPEX > Back to العناية بالشعر > بلسم بيوبلاس المضاد لتساقط الشعر بالأرغان 300 مل,in stock,https://aldawaaegy.com/ar/collections/hair-care/products/vee-hair-30cap,https://cdn.shopify.com/s/files/1/0566/6779/9603/files/vee-hair-30-caps-2988152.jpg?v=1764266766,https://cdn.shopify.com/s/files/1/0566/6779/9603/files/vee-hair-30-caps-2988152.jpg?v=1764266766,hair-care
390.0,EGP,BIOBLAS,Home > العناية بالشعر > في هير 30 كبسولة > Back to العناية بالشعر > شامبو بيوبلاس بالكولاجين والكيراتين 300 مل,in stock,https://aldawaaegy.com/ar/collections/hair-care/products/bioblas-anti-hair-loss-with-argan-conditioner-300ml,https://cdn.shopify.com/s/files/1/0566/6779/9603/files/bioblas-argan-oil-cond-300ml-7604035.webp?v=1762436699,https://cdn.shopify.com/s/files/1/0566/6779/9603/files/bioblas-argan-oil-cond-300ml-7604035.webp?v=1762436699,hair-care
370.0,EGP,BIOBLAS,Home > العناية بالشعر > بلسم بيوبلاس المضاد لتساقط الشعر بالأرغان 300 مل > Back to العناية بالشعر > مصل العناية الكاملة لفروة الرأس والشعر 60 مل,sold out,https://aldawaaegy.com/ar/collections/hair-care/products/bioblas-shampoo-collagen-keratin-300ml,https://cdn.shopify.com/s/files/1/0566/6779/9603/files/bioblas-herbal-shampoo-collagenkeratin-300ml-2777306.png?v=1762436570,https://cdn.shopify.com/s/files/1/0566/6779/9603/files/bioblas-herbal-shampoo-collagenkeratin-300ml-2777306.png?v=1762436570,hair-care
100.0,EGP,EVA,Home > العناية بالشعر > شامبو بيوبلاس بالكولاجين والكيراتين 300 مل > Back to العناية بالشعر > رذاذ نيتوليك بريفينت بلس 50 مل,sold out,https://aldawaaegy.com/ar/collections/hair-care/products/complete-care-scalp-and-hair-clearing-serum-60ml,https://cdn.shopify.com/s/files/1/0566/6779/9603/files/complete-care-scalpclearing-serum-60ml-9144532.webp?v=1762438048,https://cdn.shopify.com/s/files/1/0566/6779/9603/files/complete-care-scalpclearing-serum-60ml-9144532.webp?v=1762438048,hair-care
398.0,EGP,Nitolic,Home > العناية بالشعر > مصل العناية الكاملة لفروة الرأس والشعر 60 مل > Back to العناية بالشعر > شامبو بيونيكس أورجانيكا المضاد لتساقط الشعر - مضاد للقشرة 300 مل,in stock,https://aldawaaegy.com/ar/collections/hair-care/products/nitolic-prevent-plus-spray-50-ml,https://cdn.shopify.com/s/files/1/0566/6779/9603/files/nitolic-head-lice-prevent-plus-50-ml-1619773.png?v=1762437106,https://cdn.shopify.com/s/files/1/0566/6779/9603/files/nitolic-head-lice-prevent-plus-50-ml-1619773.png?v=1762437106,hair-care
479.0,EGP,BIONNEX,Home > العناية بالشعر > رذاذ نيتوليك بريفينت بلس 50 مل > Back to العناية بالشعر > شامبو بيونيكس أورجانيكا المضاد لتساقط الشعر للشعر الدهني 300 مل,sold out,https://aldawaaegy.com/ar/collections/hair-care/products/bionnex-organica-anti-hair-loss-shampoo-anti-dandruff-300ml,https://cdn.shopify.com/s/files/1/0566/6779/9603/files/bionnex-anti-hair-loss-sha-dandruff-300ml-2417507.jpg?v=1762437693,https://cdn.shopify.com/s/files/1/0566/6779/9603/files/bionnex-anti-hair-loss-sha-dandruff-300ml-2417507.jpg?v=1762437693,hair-care
479.0,EGP,BIONNEX,Home > العناية بالشعر > شامبو بيونيكس أورجانيكا المضاد لتساقط الشعر - مضاد للقشرة 300 مل > Back to العناية بالشعر > شامبو بيونيكس أورجانيكا المضاد لتساقط الشعر للشعر الجاف والتالف 300 مل,sold out,https://aldawaaegy.com/ar/collections/hair-care/products/bionnex-organica-anti-hair-loss-shampoo-for-oily-hair-300ml,https://cdn.shopify.com/s/files/1/0566/6779/9603/files/bionnex-anti-hair-loss-sha-oily-hair-300ml-6507901.jpg?v=1762437520,https://cdn.shopify.com/s/files/1/0566/6779/9603/files/bionnex-anti-hair-loss-sha-oily-hair-300ml-6507901.jpg?v=1762437520,hair-care
479.0,EGP,BIONNEX,Home > العناية بالشعر > شامبو بيونيكس أورجانيكا المضاد لتساقط الشعر للشعر الدهني 300 مل > Back to العناية بالشعر > مجموعة من 4 بخاخات شعر من ذا باثلاند (80 مل*4),in stock,https://aldawaaegy.com/ar/collections/hair-care/products/bionnex-organica-anti-hair-loss-shampoo-for-dry-and-damaged-hair-300ml,https://cdn.shopify.com/s/files/1/0566/6779/9603/files/bionnex-anti-hair-loss-sha-damaged-300ml-1973187.jpg?v=1762437913,https://cdn.shopify.com/s/files/1/0566/6779/9603/files/bionnex-anti-hair-loss-sha-damaged-300ml-1973187.jpg?v=1762437913,hair-care
540.0,EGP,The Bathland,Home > العناية بالشعر > شامبو بيونيكس أورجانيكا المضاد لتساقط الشعر للشعر الجاف والتالف 300 مل > Back to العناية بالشعر > ذا باثلاند عطر شعر لمسة من الذهب 80 مل,sold out,https://aldawaaegy.com/ar/collections/hair-care/products/the-bathland-hair-mist-bundle-of-4-80ml-4,https://cdn.shopify.com/s/files/1/0566/6779/9603/files/the-bathland-hair-mist-80-ml-4pic-6611053.jpg?v=1762438373,https://cdn.shopify.com/s/files/1/0566/6779/9603/files/the-bathland-hair-mist-80-ml-4pic-6611053.jpg?v=1762438373,hair-care
130.0,EGP,The Bathland,Home > العناية بالشعر > مجموعة من 4 بخاخات شعر من ذا باثلاند (80 مل*4) > Back to العناية بالشعر > بخاخ الشعر ذا باثلاند ورم فانيليا 80 مل,sold out,https://aldawaaegy.com/ar/collections/hair-care/products/the-bathland-a-touch-of-gold-hair-mist-80-ml,https://cdn.shopify.com/s/files/1/0566/6779/9603/files/the-bathland-a-touch-of-gold-hair-mist-80-ml-7576433.png?v=1762438646,https://cdn.shopify.com/s/files/1/0566/6779/9603/files/the-bathland-a-touch-of-gold-hair-mist-80-ml-7576433.png?v=1762438646,hair-care
130.0,EGP,The Bathland,Home > العناية بالشعر > ذا باثلاند عطر شعر لمسة من الذهب 80 مل > Back to العناية بالشعر > قناع فيولا بزيت الأرجان 200 مل,sold out,https://aldawaaegy.com/ar/collections/hair-care/products/the-bathland-warm-vanilla-hair-mist-80-ml,https://cdn.shopify.com/s/files/1/0566/6779/9603/files/the-bathland-warm-vanilla-hair-mist-80-ml-8734662.png?v=1762437691,https://cdn.shopify.com/s/files/1/0566/6779/9603/files/the-bathland-warm-vanilla-hair-mist-80-ml-8734662.png?v=1762437691,hair-care
465.0,EGP,Bio Viola,Home > العناية بالشعر > بخاخ الشعر ذا باثلاند ورم فانيليا 80 مل > Back to العناية بالشعر > بلسم كليو جرو للشعر الجاف والتالف,in stock,https://aldawaaegy.com/ar/collections/hair-care/products/viola-mask-argan-oil-200ml,https://cdn.shopify.com/s/files/1/0566/6779/9603/files/bio-viola-mask-argan-oil-200ml-8156026.webp?v=1762437514,https://cdn.shopify.com/s/files/1/0566/6779/9603/files/bio-viola-mask-argan-oil-200ml-8156026.webp?v=1762437514,hair-care
200.0,EGP,Cleo,Home > العناية بالشعر > قناع فيولا بزيت الأرجان 200 مل > Back to العناية بالشعر > لوشن كليو جرو المضاد لتساقط الشعر 120 مل,sold out,https://aldawaaegy.com/ar/collections/hair-care/products/cleo-grow-conditioner-for-dry-and-damage-hair,https://cdn.shopify.com/s/files/1/0566/6779/9603/files/cleo-grow-conditioner-for-dry-and-damage-hair-7435406.png?v=1762437684,https://cdn.shopify.com/s/files/1/0566/6779/9603/files/cleo-grow-conditioner-for-dry-and-damage-hair-7435406.png?v=1762437684,hair-care
300.0,EGP,Cleo,Home > العناية بالشعر > بلسم كليو جرو للشعر الجاف والتالف > Back to العناية بالشعر > كريم الشعر المنشط كليو جرو 120 مل,sold out,https://aldawaaegy.com/ar/collections/hair-care/products/cleo-grow-anti-hair-loss-lotion-120ml,https://cdn.shopify.com/s/files/1/0566/6779/9603/files/cleo-grow-anti-hair-loss-lotion-120ml-5876061.jpg?v=1762437691,https://cdn.shopify.com/s/files/1/0566/6779/9603/files/cleo-grow-anti-hair-loss-lotion-120ml-5876061.jpg?v=1762437691,hair-care
175.0,EGP,Cleo,Home > العناية بالشعر > لوشن كليو جرو المضاد لتساقط الشعر 120 مل > Back to العناية بالشعر > مرطب ومنشط للشعر من كليو جرو 200 مل,sold out,https://aldawaaegy.com/ar/collections/hair-care/products/cleo-grow-energizing-hair-cream-120ml,https://cdn.shopify.com/s/files/1/0566/6779/9603/files/cleo-grow-energizing-hair-cream-120ml-8819823.png?v=1762437793,https://cdn.shopify.com/s/files/1/0566/6779/9603/files/cleo-grow-energizing-hair-cream-120ml-8819823.png?v=1762437793,hair-care
200.0,EGP,Cleo,Home > العناية بالشعر > كريم الشعر المنشط كليو جرو 120 مل > Back to العناية بالشعر > قناع الشعر بزيت الأرجان وزبدة الشيا من بي جي 150 مل,sold out,https://aldawaaegy.com/ar/collections/hair-care/products/cleo-grow-energizing-hydrating-sh-200ml,https://cdn.shopify.com/s/files/1/0566/6779/9603/files/cleo-grow-energizing-hydrating-sh-200ml-2168555.jpg?v=1762437671,https://cdn.shopify.com/s/files/1/0566/6779/9603/files/cleo-grow-energizing-hydrating-sh-200ml-2168555.jpg?v=1762437671,hair-care
199.0,EGP,BG,Home > العناية بالشعر > مرطب ومنشط للشعر من كليو جرو 200 مل > Back to العناية بالشعر > في كير 30 كبسولة,in stock,https://aldawaaegy.com/ar/collections/hair-care/products/bg-argan-oil-shea-butter-hair-mask-150ml,https://cdn.shopify.com/s/files/1/0566/6779/9603/files/bg-argan-oilshea-butter-hair-mask-150ml-4552952.jpg?v=1762439581,https://cdn.shopify.com/s/files/1/0566/6779/9603/files/bg-argan-oilshea-butter-hair-mask-150ml-4552952.jpg?v=1762439581,hair-care
266.0,EGP,Veexia,Home > العناية بالشعر > قناع الشعر بزيت الأرجان وزبدة الشيا من بي جي 150 مل > Back to العناية بالشعر > في كير 60 كبسولة,in stock,https://aldawaaegy.com/ar/collections/hair-care/products/vee-care-30-cap,https://cdn.shopify.com/s/files/1/0566/6779/9603/files/vee-care-30cap-9118551.jpg?v=1764267128,https://cdn.shopify.com/s/files/1/0566/6779/9603/files/vee-care-30cap-9118551.jpg?v=1764267128,,حقائق عن المكملات الغذائية: الآثار التغذوية;حجم الحصة: 4الحصص في كل حاوية: 7: الكمية;فيتامين سي على شكل حمض الأسكوربيك: 60 ملغ;فيتامين E كأسيتات ألفا توكوفيرول D1: 30 ملغ;البيوتين: 10.000 ميكروجرام;الكولاجين المحلل (النوع البحري I & IIl): 2000 ملغ;حمض الهيالورونيك: 50 ملغ;مزيج دعم إنتاج الكولاجين:مستخلص مسحوق الليمون العضوي(على هيئة ليمونين: NLT 30%): 388 ملغ64 ملغ;مستخلص التوت الأملا العضوي(على هيئة تانينات قابلة للتحلل المائي: NLT 60٪): 64 ملغ;مستخلص مسحوق السيليكا العضوي من الخيزران(على شكل سيليكا عضوية: 70٪): 64 ملغ;مستخلص مسحوق ثمر الورد العضوي(على هيئة بوليفينول: 5 – 25%): 80 ملغ;مستخلص الفطر العضوي(على هيئة عديدات السكاريد: NLT 30%): 56 ملغ;مستخلص الكامو كامو العضوي(مثل فيسكالاجين NLT 15% – مثل كاستالاجين: NLT 7%): 60 ملغ,hair-care
364.0,EGP,Veexia,Home > العناية بالشعر > في كير 30 كبسولة > Back to العناية بالشعر > لوشن الشعر الدقيق 120 مل,in stock,https://aldawaaegy.com/ar/collections/hair-care/products/vee-care-60-cap,https://cdn.shopify.com/s/files/1/0566/6779/9603/files/vee-care-60cap-7600630.jpg?v=1764267128,https://cdn.shopify.com/s/files/1/0566/6779/9603/files/vee-care-60cap-7600630.jpg?v=1764267128,,حقائق عن المكملات الغذائية: الآثار التغذوية;حجم الحصة: 4الحصص في كل حاوية: 7: الكمية;فيتامين سي على شكل حمض الأسكوربيك: 60 ملغ;فيتامين E كأسيتات ألفا توكوفيرول D1: 30 ملغ;البيوتين: 10.000 ميكروجرام;الكولاجين المحلل (النوع البحري I & IIl): 2000 ملغ;حمض الهيالورونيك: 50 ملغ;مزيج دعم إنتاج الكولاجين:مستخلص مسحوق الليمون العضوي(على هيئة ليمونين: NLT 30%): 388 ملغ64 ملغ;مستخلص التوت الأملا العضوي(على هيئة تانينات قابلة للتحلل المائي: NLT 60٪): 64 ملغ;مستخلص مسحوق السيليكا العضوي من الخيزران(على شكل سيليكا عضوية: 70٪): 64 ملغ;مستخلص مسحوق ثمر الورد العضوي(على هيئة بوليفينول: 5 – 25%): 80 ملغ;مستخلص الفطر العضوي(على هيئة عديدات السكاريد: NLT 30%): 56 ملغ;مستخلص الكامو كامو العضوي(مثل فيسكالاجين NLT 15% – مثل كاستالاجين: NLT 7%): 60 ملغ,hair-care
449.0,EGP,NOOR-MED,Home > العناية بالشعر > في كير 60 كبسولة > Back to العناية بالشعر > سيروم الشعر بريسايز بيوتي 50 مل,sold out,https://aldawaaegy.com/ar/collections/hair-care/products/precise-hair-lotion-120ml,https://cdn.shopify.com/s/files/1/0566/6779/9603/files/precise-beauty-hair-lotion-spray-120ml-6025123.jpg?v=1762438245,https://cdn.shopify.com/s/files/1/0566/6779/9603/files/precise-beauty-hair-lotion-spray-120ml-6025123.jpg?v=1762438245,hair-care
349.0,EGP,NOORMED,Home > العناية بالشعر > لوشن الشعر الدقيق 120 مل > Back to العناية بالشعر > جل البابايا للشعر المجعد من ذا هير أديكت، 250 مل,sold out,https://aldawaaegy.com/ar/collections/hair-care/products/precise-beauty-hair-serum-50ml,https://cdn.shopify.com/s/files/1/0566/6779/9603/files/precise-beauty-hair-serum-50ml-5891740.jpg?v=1762438669,https://cdn.shopify.com/s/files/1/0566/6779/9603/files/precise-beauty-hair-serum-50ml-5891740.jpg?v=1762438669,hair-care
240.0,EGP,The HAIR ADDICT,Home > العناية بالشعر > سيروم الشعر بريسايز بيوتي 50 مل > Back to العناية بالشعر > حناء نقية من ذا هير أديكت 250 جرام,sold out,https://aldawaaegy.com/ar/collections/hair-care/products/the-hair-addict-frizz-off-papaya-gel-250ml,https://cdn.shopify.com/s/files/1/0566/6779/9603/files/the-hair-addict-frizz-off-papaya-gel-250ml-3504845.jpg?v=1762438218,https://cdn.shopify.com/s/files/1/0566/6779/9603/files/the-hair-addict-frizz-off-papaya-gel-250ml-3504845.jpg?v=1762438218,hair-care
250.0,EGP,The HAIR ADDICT,Home > العناية بالشعر > جل البابايا للشعر المجعد من ذا هير أديكت، 250 مل > Back to العناية بالشعر > شامبو Bubble Trouble من The HAIR ADDICT بحجم 250 مل,sold out,https://aldawaaegy.com/ar/collections/hair-care/products/the-hair-addict-pure-henna-250gm,https://cdn.shopify.com/s/files/1/0566/6779/9603/files/the-hair-addict-pure-henna-250gm-5504569.jpg?v=1762437808,https://cdn.shopify.com/s/files/1/0566/6779/9603/files/the-hair-addict-pure-henna-250gm-5504569.jpg?v=1762437808,hair-care
170.0,EGP,The HAIR ADDICT,Home > العناية بالشعر > حناء نقية من ذا هير أديكت 250 جرام > Back to العناية بالشعر > بلسم الشعر بابل تروبل من ذا هير أديكت، 500 مل,sold out,https://aldawaaegy.com/ar/collections/hair-care/products/the-hair-addict-bubble-trouble-shampoo-250-ml,https://cdn.shopify.com/s/files/1/0566/6779/9603/files/the-hair-addict-shampoo-kids-250ml-9823037.png?v=1762438617,https://cdn.shopify.com/s/files/1/0566/6779/9603/files/the-hair-addict-shampoo-kids-250ml-9823037.png?v=1762438617,hair-care
390.0,EGP,The HAIR ADDICT,Home > العناية بالشعر > شامبو Bubble Trouble من The HAIR ADDICT بحجم 250 مل > Back to العناية بالشعر > بلسم الشعر المجعد من ذا هير أديكت بحجم 250 مل,in stock,https://aldawaaegy.com/ar/collections/hair-care/products/the-hair-addict-bubble-trouble-leave-in-conditioner-500ml,https://cdn.shopify.com/s/files/1/0566/6779/9603/files/the-hair-addict-leave-in-conditioner-kids-500ml-9839249.jpg?v=1762437782,https://cdn.shopify.com/s/files/1/0566/6779/9603/files/the-hair-addict-leave-in-conditioner-kids-500ml-9839249.jpg?v=1762437782,hair-care
278.0,EGP,The HAIR ADDICT,Home > العناية بالشعر > بلسم الشعر بابل تروبل من ذا هير أديكت، 500 مل > Back to العناية بالشعر > بلسم بيو سوفت المضاد للقشرة 490 مل,in stock,https://aldawaaegy.com/ar/collections/hair-care/products/the-hair-addict-frizz-off-conditioner-250ml,https://cdn.shopify.com/s/files/1/0566/6779/9603/files/the-hair-addict-frizz-off-conditioner-250ml-1198996.jpg?v=1762438374,https://cdn.shopify.com/s/files/1/0566/6779/9603/files/the-hair-addict-frizz-off-conditioner-250ml-1198996.jpg?v=1762438374,hair-care
75.0,EGP,Bio Soft,Home > العناية بالشعر > بلسم الشعر المجعد من ذا هير أديكت بحجم 250 مل > Back to العناية بالشعر > بلسم وشامبو بيو سوفت للأطفال 490 مل,sold out,https://aldawaaegy.com/ar/collections/hair-care/products/bio-soft-anti-dandruff-cond-490-ml,https://cdn.shopify.com/s/files/1/0566/6779/9603/files/bio-soft-anti-dandruff-cond-490-ml-4726836.webp?v=1762438501,https://cdn.shopify.com/s/files/1/0566/6779/9603/files/bio-soft-anti-dandruff-cond-490-ml-4726836.webp?v=1762438501,hair-care
80.0,EGP,Bio Soft,Home > العناية بالشعر > بلسم بيو سوفت المضاد للقشرة 490 مل > Back to العناية بالشعر > كريم بيو سوفت كيرلي 500,sold out,https://aldawaaegy.com/ar/collections/hair-care/products/bio-soft-cond-shampoo-kids-490ml,https://cdn.shopify.com/s/files/1/0566/6779/9603/files/bio-soft-cond-shampoo-kids-490ml-5095288.webp?v=1762438374,https://cdn.shopify.com/s/files/1/0566/6779/9603/files/bio-soft-cond-shampoo-kids-490ml-5095288.webp?v=1762438374,hair-care
92.0,EGP,Bio Soft,Home > العناية بالشعر > بلسم وشامبو بيو سوفت للأطفال 490 مل > Back to العناية بالشعر > بخاخ شعر ميني بيبي 150 مل,sold out,https://aldawaaegy.com/ar/collections/hair-care/products/bio-soft-curly-cream-500,https://cdn.shopify.com/s/files/1/0566/6779/9603/files/bio-soft-curly-cream-500-8842134.png?v=1762438042,https://cdn.shopify.com/s/files/1/0566/6779/9603/files/bio-soft-curly-cream-500-8842134.png?v=1762438042,hair-care
285.0,EGP,MiniMe,Home > العناية بالشعر > كريم بيو سوفت كيرلي 500 > Back to العناية بالشعر > كريم الشعر المجعد ميني بيبي 150 مل,in stock,https://aldawaaegy.com/ar/collections/hair-care/products/minime-baby-hair-spray-150-ml,https://cdn.shopify.com/s/files/1/0566/6779/9603/files/minime-baby-hair-spray-150-ml-1404477.jpg?v=1762437812,https://cdn.shopify.com/s/files/1/0566/6779/9603/files/minime-baby-hair-spray-150-ml-1404477.jpg?v=1762437812,hair-care
295.0,EGP,MiniMe,Home > العناية بالشعر > بخاخ شعر ميني بيبي 150 مل > Back to العناية بالشعر > شامبو هير أكت لتساقط الشعر 250 مل,in stock,https://aldawaaegy.com/ar/collections/hair-care/products/minime-baby-curly-hair-cream-150-ml,https://cdn.shopify.com/s/files/1/0566/6779/9603/files/minime-baby-curly-hair-cream-150-ml-6604993.jpg?v=1762439451,https://cdn.shopify.com/s/files/1/0566/6779/9603/files/minime-baby-curly-hair-cream-150-ml-6604993.jpg?v=1762439451,hair-care
309.0,EGP,Hair Act,Home > العناية بالشعر > كريم الشعر المجعد ميني بيبي 150 مل > Back to العناية بالشعر > شامبو سيناتور بالكيراتين 200 مل,in stock,https://aldawaaegy.com/ar/collections/hair-care/products/hair-act-shampoo-hair-loss-250ml,https://cdn.shopify.com/s/files/1/0566/6779/9603/files/hair-act-shampoo-hair-loss-250ml-7067432.webp?v=1762439563,https://cdn.shopify.com/s/files/1/0566/6779/9603/files/hair-act-shampoo-hair-loss-250ml-7067432.webp?v=1762439563,hair-care
200.0,EGP,Senator,Home > العناية بالشعر > شامبو هير أكت لتساقط الشعر 250 مل > Back to العناية بالشعر > سيناتور زيت الأرجان 200 مل,in stock,https://aldawaaegy.com/ar/collections/hair-care/products/senator-keratin-shampoo-200ml,https://cdn.shopify.com/s/files/1/0566/6779/9603/files/senator-keratin-shampoo-200ml-5794026.webp?v=1762438367,https://cdn.shopify.com/s/files/1/0566/6779/9603/files/senator-keratin-shampoo-200ml-5794026.webp?v=1762438367,hair-care
200.0,EGP,Senator,Home > العناية بالشعر > شامبو سيناتور بالكيراتين 200 مل > Back to العناية بالشعر > شامبو + كريم سيناتور,sold out,https://aldawaaegy.com/ar/collections/hair-care/products/senator-argan-oil-cond-200ml,https://cdn.shopify.com/s/files/1/0566/6779/9603/files/senator-argan-oil-cond-200ml-7896897.png?v=1762438428,https://cdn.shopify.com/s/files/1/0566/6779/9603/files/senator-argan-oil-cond-200ml-7896897.png?v=1762438428,hair-care
250.0,EGP,Senator,Home > العناية بالشعر > سيناتور زيت الأرجان 200 مل > Back to العناية بالشعر > السيناتور كوند+شامب أوف,sold out,https://aldawaaegy.com/ar/collections/hair-care/products/senator-shampoo-cream-off,https://cdn.shopify.com/s/files/1/0566/6779/9603/files/senator-shampoocream-off-4348018.jpg?v=1762438467,https://cdn.shopify.com/s/files/1/0566/6779/9603/files/senator-shampoocream-off-4348018.jpg?v=1762438467,hair-care
200.0,EGP,Senator,Home > العناية بالشعر > شامبو + كريم سيناتور > Back to العناية بالشعر > بارك بونيه + اتركه كهدية,sold out,https://aldawaaegy.com/ar/collections/hair-care/products/senator-cond-shamp-off,,,hair-care
140.0,EGP,BLESS,Home > العناية بالشعر > السيناتور كوند+شامب أوف > Back to العناية بالشعر > بارك الله فيك على كريم – زيت الأرجان 250 مل,sold out,https://aldawaaegy.com/ar/collections/hair-care/products/bless-bonnet-leave-in-gift,,,hair-care
85.0,EGP,BLESS,Home > العناية بالشعر > بارك بونيه + اتركه كهدية > Back to العناية بالشعر > معطر الشعر بليس HBB-104,sold out,https://aldawaaegy.com/ar/collections/hair-care/products/bless-leave-in-cream-argan-oil-250ml-off,https://cdn.shopify.com/s/files/1/0566/6779/9603/files/bless-leave-in-cream-argan-oil-250ml-off-8201947.jpg?v=1762438467,https://cdn.shopify.com/s/files/1/0566/6779/9603/files/bless-leave-in-cream-argan-oil-250ml-off-8201947.jpg?v=1762438467,hair-care
210.0,EGP,BLESS,Home > العناية بالشعر > بارك الله فيك على كريم – زيت الأرجان 250 مل > Back to العناية بالشعر > بليس ليف إن كريم – زبدة الشيا 250 جم,sold out,https://aldawaaegy.com/ar/collections/hair-care/products/bless-hair-diffuser-hbb-104,https://cdn.shopify.com/s/files/1/0566/6779/9603/files/bless-hair-diffuser-hbb-104-2292535.jpg?v=1762438467,https://cdn.shopify.com/s/files/1/0566/6779/9603/files/bless-hair-diffuser-hbb-104-2292535.jpg?v=1762438467,hair-care
90.0,EGP,BLESS,Home > العناية بالشعر > معطر الشعر بليس HBB-104 > Back to العناية بالشعر > كريم بليس ليف – جوز الهند 250 مل,sold out,https://aldawaaegy.com/ar/collections/hair-care/products/bless-cream-shea-butter-250gm,https://cdn.shopify.com/s/files/1/0566/6779/9603/files/bless-cream-shea-butter-250gm-7041400.jpg?v=1762438218,https://cdn.shopify.com/s/files/1/0566/6779/9603/files/bless-cream-shea-butter-250gm-7041400.jpg?v=1762438218,hair-care
86.0,EGP,BLESS,Home > العناية بالشعر > بليس ليف إن كريم – زبدة الشيا 250 جم > Back to العناية بالشعر > شامبو بليس – زيت الأركان 500 مل,sold out,https://aldawaaegy.com/ar/collections/hair-care/products/bless-hair-cream-coconut-oil-250ml,https://cdn.shopify.com/s/files/1/0566/6779/9603/files/bless-hair-cream-coconut-oil-250ml-7329979.jpg?v=1762438642,https://cdn.shopify.com/s/files/1/0566/6779/9603/files/bless-hair-cream-coconut-oil-250ml-7329979.jpg?v=1762438642,hair-care
137.0,EGP,BLESS,Home > العناية بالشعر > كريم بليس ليف – جوز الهند 250 مل > Back to العناية بالشعر > كريم تحديد المنشط بليس 200 مل,sold out,https://aldawaaegy.com/ar/collections/hair-care/products/bless-shampoo-argan-oil-500ml,https://cdn.shopify.com/s/files/1/0566/6779/9603/files/bless-shampoo-argan-oil-500ml-8106379.jpg?v=1762441481,https://cdn.shopify.com/s/files/1/0566/6779/9603/files/bless-shampoo-argan-oil-500ml-8106379.jpg?v=1762441481,hair-care
135.0,EGP,BLESS,Home > العناية بالشعر > شامبو بليس – زيت الأركان 500 مل > Back to العناية بالشعر > كريم يترك في البشرة – زيت الأرجان 250 مل,sold out,https://aldawaaegy.com/ar/collections/hair-care/products/bless-acti-curl-hair-defin-crea-200ml,https://cdn.shopify.com/s/files/1/0566/6779/9603/files/bless-acti-curl-hair-defin-crea-200ml-6031699.jpg?v=1762437906,https://cdn.shopify.com/s/files/1/0566/6779/9603/files/bless-acti-curl-hair-defin-crea-200ml-6031699.jpg?v=1762437906,hair-care
90.0,EGP,BLESS,Home > العناية بالشعر > كريم تحديد المنشط بليس 200 مل > Back to العناية بالشعر > كريم يترك في البشرة – زيت الأرجان 200 مل,in stock,https://aldawaaegy.com/ar/collections/hair-care/products/bless-leave-in-cream-argan-oil-250ml,https://cdn.shopify.com/s/files/1/0566/6779/9603/files/bless-leave-in-cream-argan-oil-250ml-8417009.jpg?v=1762438429,https://cdn.shopify.com/s/files/1/0566/6779/9603/files/bless-leave-in-cream-argan-oil-250ml-8417009.jpg?v=1762438429,hair-care
77.0,EGP,BLESS,Home > العناية بالشعر > كريم يترك في البشرة – زيت الأرجان 250 مل > Back to العناية بالشعر > شامبو بليس – خالي من الكبريتات – للشعر المصبوغ والمعالج 500 مل,in stock,https://aldawaaegy.com/ar/collections/hair-care/products/bless-leave-in-cream-argan-oil-curl-200ml,https://cdn.shopify.com/s/files/1/0566/6779/9603/files/bless-leave-in-cream-argan-oil-curl-200ml-4536414.jpg?v=1762438283,https://cdn.shopify.com/s/files/1/0566/6779/9603/files/bless-leave-in-cream-argan-oil-curl-200ml-4536414.jpg?v=1762438283,hair-care
125.0,EGP,BLESS,Home > العناية بالشعر > كريم يترك في البشرة – زيت الأرجان 200 مل > Back to العناية بالشعر > بلسم منشط بليس 200 مل,sold out,https://aldawaaegy.com/ar/collections/hair-care/products/bless-shampoo-sulfate-free-500ml,https://cdn.shopify.com/s/files/1/0566/6779/9603/files/bless-shampoo-sulfate-free-500ml-9165949.jpg?v=1762438054,https://cdn.shopify.com/s/files/1/0566/6779/9603/files/bless-shampoo-sulfate-free-500ml-9165949.jpg?v=1762438054,hair-care
134.0,EGP,BLESS,Home > العناية بالشعر > شامبو بليس – خالي من الكبريتات – للشعر المصبوغ والمعالج 500 مل > Back to العناية بالشعر > شامبو بليس المنشط 300 مل,sold out,https://aldawaaegy.com/ar/collections/hair-care/products/bless-activator-cond-200ml,https://cdn.shopify.com/s/files/1/0566/6779/9603/files/bless-activator-cond-200ml-8315139.jpg?v=1762438980,https://cdn.shopify.com/s/files/1/0566/6779/9603/files/bless-activator-cond-200ml-8315139.jpg?v=1762438980,hair-care
134.0,EGP,BLESS,Home > العناية بالشعر > بلسم منشط بليس 200 مل > Back to العناية بالشعر > كريم بليس كيرلي ليف – فيتامين هـ 200 مل,in stock,https://aldawaaegy.com/ar/collections/hair-care/products/bless-activator-shampoo-300ml,https://cdn.shopify.com/s/files/1/0566/6779/9603/files/bless-activator-shampoo-300ml-9443020.png?v=1762438644,https://cdn.shopify.com/s/files/1/0566/6779/9603/files/bless-activator-shampoo-300ml-9443020.png?v=1762438644,hair-care
80.0,EGP,BLESS,Home > العناية بالشعر > شامبو بليس المنشط 300 مل > Back to العناية بالشعر > شامبو بليس – زبدة الشيا – خالي من الكبريتات 500 مل,in stock,https://aldawaaegy.com/ar/collections/hair-care/products/bless-curly-leave-in-cream-vit-e-200ml,https://cdn.shopify.com/s/files/1/0566/6779/9603/files/bless-curly-leave-in-cream-vite-200ml-3441997.jpg?v=1762438974,https://cdn.shopify.com/s/files/1/0566/6779/9603/files/bless-curly-leave-in-cream-vite-200ml-3441997.jpg?v=1762438974,hair-care
137.0,EGP,BLESS,Home > العناية بالشعر > كريم بليس كيرلي ليف – فيتامين هـ 200 مل > Back to العناية بالشعر > بليس ليف إن بلسم – زيت الأرجان للأطفال 250 مل,sold out,https://aldawaaegy.com/ar/collections/hair-care/products/bless-shampoo-shea-butter-500ml,https://cdn.shopify.com/s/files/1/0566/6779/9603/files/bless-shampoo-shea-butter-500ml-1151636.jpg?v=1762438054,https://cdn.shopify.com/s/files/1/0566/6779/9603/files/bless-shampoo-shea-butter-500ml-1151636.jpg?v=1762438054,hair-care
120.0,EGP,BLESS,Home > العناية بالشعر > شامبو بليس – زبدة الشيا – خالي من الكبريتات 500 مل > Back to العناية بالشعر > بليس شامبو منشط للشعر المجعد 200 مل,in stock,https://aldawaaegy.com/ar/collections/hair-care/products/bless-leave-in-con-argan-oil-kids-250ml,https://cdn.shopify.com/s/files/1/0566/6779/9603/files/bless-leave-in-con-argan-oil-kids-250ml-3764911.jpg?v=1762440207,https://cdn.shopify.com/s/files/1/0566/6779/9603/files/bless-leave-in-con-argan-oil-kids-250ml-3764911.jpg?v=1762440207,hair-care
125.0,EGP,BLESS,Home > العناية بالشعر > بليس ليف إن بلسم – زيت الأرجان للأطفال 250 مل > Back to العناية بالشعر > بليس ليف إن كريم – زبدة الشيا 450 مل,sold out,https://aldawaaegy.com/ar/collections/hair-care/products/bless-activator-curl-hair-shampoo-200ml,https://cdn.shopify.com/s/files/1/0566/6779/9603/files/bless-activator-curl-hair-shampoo-200ml-7413890.webp?v=1762440829,https://cdn.shopify.com/s/files/1/0566/6779/9603/files/bless-activator-curl-hair-shampoo-200ml-7413890.webp?v=1762440829,hair-care
144.0,EGP,BLESS,Home > العناية بالشعر > بليس شامبو منشط للشعر المجعد 200 مل > Back to العناية بالشعر > كريم يترك في البشرة – زيت الأرجان 450 مل,in stock,https://aldawaaegy.com/ar/collections/hair-care/products/bless-leave-in-cream-450-gm,https://cdn.shopify.com/s/files/1/0566/6779/9603/files/bless-leave-in-shea-butter-cream-450-gm-5829455.jpg?v=1762438029,https://cdn.shopify.com/s/files/1/0566/6779/9603/files/bless-leave-in-shea-butter-cream-450-gm-5829455.jpg?v=1762438029,hair-care
144.0,EGP,BLESS,Home > العناية بالشعر > بليس ليف إن كريم – زبدة الشيا 450 مل > Back to العناية بالشعر > يترك في كريم – زيت الأركان – كيس 35 مل,in stock,https://aldawaaegy.com/ar/collections/hair-care/products/bless-argan-oil-cream-450ml,https://cdn.shopify.com/s/files/1/0566/6779/9603/files/bless-argan-oil-leave-in-cream-450ml-1133845.jpg?v=1762438218,https://cdn.shopify.com/s/files/1/0566/6779/9603/files/bless-argan-oil-leave-in-cream-450ml-1133845.jpg?v=1762438218,hair-care
12.0,EGP,BLESS,Home > العناية بالشعر > كريم يترك في البشرة – زيت الأرجان 450 مل > Back to العناية بالشعر > لوشن مس فلافي للشعر مع RCP 120 مل,in stock,https://aldawaaegy.com/ar/collections/hair-care/products/bless-leave-in-cream-argan-oil-curl-35ml,https://cdn.shopify.com/s/files/1/0566/6779/9603/files/bless-leave-in-cream-argan-oil-curl-35ml-5465431.jpg?v=1762438283,https://cdn.shopify.com/s/files/1/0566/6779/9603/files/bless-leave-in-cream-argan-oil-curl-35ml-5465431.jpg?v=1762438283,hair-care
341.6,EGP,Miss Fluffy,Home > العناية بالشعر > يترك في كريم – زيت الأركان – كيس 35 مل > Back to العناية بالشعر > شامبو ميس فلافي ضد القشرة 300 مل,in stock,https://aldawaaegy.com/ar/collections/hair-care/products/miss-fluffy-hair-lotion-with-rcp-120-ml,https://cdn.shopify.com/s/files/1/0566/6779/9603/files/miss-fluffy-hair-lotion-120ml-2832136.jpg?v=1762439014,https://cdn.shopify.com/s/files/1/0566/6779/9603/files/miss-fluffy-hair-lotion-120ml-2832136.jpg?v=1762439014,hair-care
268.8,EGP,Miss Fluffy,Home > العناية بالشعر > لوشن مس فلافي للشعر مع RCP 120 مل > Back to العناية بالشعر > بيونيكي ديفينس بلوسنت Spf15 40 مل,in stock,https://aldawaaegy.com/ar/collections/hair-care/products/miss-fluffy-anti-dandruff-shampoo-300-ml,https://cdn.shopify.com/s/files/1/0566/6779/9603/files/miss-fluffy-anti-dandruff-shampoo-300ml-3776988.jpg?v=1762440678,https://cdn.shopify.com/s/files/1/0566/6779/9603/files/miss-fluffy-anti-dandruff-shampoo-300ml-3776988.jpg?v=1762440678,hair-care
350.0,EGP,Bionike,Home > العناية بالشعر > شامبو ميس فلافي ضد القشرة 300 مل > Back to العناية بالشعر > زيت الأفوكادو سبيرولينا من بيوتي 125 مل,sold out,https://aldawaaegy.com/ar/collections/hair-care/products/bionike-defence-blucent-spf15-40ml,https://cdn.shopify.com/s/files/1/0566/6779/9603/products/bionike-defence-blucent-spf15-40ml-9788042.jpg?v=1762441733,https://cdn.shopify.com/s/files/1/0566/6779/9603/products/bionike-defence-blucent-spf15-40ml-9788042.jpg?v=1762441733,hair-care
171.0,EGP,Beaulthy,Home > العناية بالشعر > بيونيكي ديفينس بلوسنت Spf15 40 مل > Back to العناية بالشعر > زيت الجوجوبا سبيرولينا من بيوتي 125 مل,sold out,https://aldawaaegy.com/ar/collections/hair-care/products/beaulthy-spirulina-avocado-oil-125ml,https://cdn.shopify.com/s/files/1/0566/6779/9603/products/beaulthy-spirulina-avocado-oil-125ml-7417522.jpg?v=1762441300,https://cdn.shopify.com/s/files/1/0566/6779/9603/products/beaulthy-spirulina-avocado-oil-125ml-7417522.jpg?v=1762441300,hair-care
160.0,EGP,Beaulthy,Home > العناية بالشعر > زيت الأفوكادو سبيرولينا من بيوتي 125 مل > Back to العناية بالشعر > كلاري معطر للجسم (العود) 250 مل,sold out,https://aldawaaegy.com/ar/collections/hair-care/products/beaulthy-spirulina-jojoba-oil-125ml,https://cdn.shopify.com/s/files/1/0566/6779/9603/products/beaulthy-spirulina-jojoba-oil-125ml-4347684.jpg?v=1762440825,https://cdn.shopify.com/s/files/1/0566/6779/9603/products/beaulthy-spirulina-jojoba-oil-125ml-4347684.jpg?v=1762440825,hair-care
150.0,EGP,Clary,Home > العناية بالشعر > زيت الجوجوبا سبيرولينا من بيوتي 125 مل > Back to العناية بالشعر > نانو تريت سيروم الذهب 30 مل,sold out,https://aldawaaegy.com/ar/collections/hair-care/products/clary-body-splash-oud-250-ml,https://cdn.shopify.com/s/files/1/0566/6779/9603/products/clary-body-splash-oud-250-ml-9565820.webp?v=1762441455,https://cdn.shopify.com/s/files/1/0566/6779/9603/products/clary-body-splash-oud-250-ml-9565820.webp?v=1762441455,hair-care
579.0,EGP,Nano Treat,Home > العناية بالشعر > كلاري معطر للجسم (العود) 250 مل > Back to العناية بالشعر > سترونج فيل شامبو وكوند (للرجال) 220 مل,in stock,https://aldawaaegy.com/ar/collections/hair-care/products/nano-treat-gold-serum-30ml,https://cdn.shopify.com/s/files/1/0566/6779/9603/files/nano-treat-gold-serum-30ml-9417285.webp?v=1762441732,https://cdn.shopify.com/s/files/1/0566/6779/9603/files/nano-treat-gold-serum-30ml-9417285.webp?v=1762441732,hair-care
195.0,EGP,Strongville,Home > العناية بالشعر > نانو تريت سيروم الذهب 30 مل > Back to العناية بالشعر > تيلوفيل كوند محدد ومغذي 200 مل,in stock,https://aldawaaegy.com/ar/collections/hair-care/products/strongville-shampo-condmen220ml,https://cdn.shopify.com/s/files/1/0566/6779/9603/products/strongville-shampocondmen220ml-7872527.webp?v=1762440106,https://cdn.shopify.com/s/files/1/0566/6779/9603/products/strongville-shampocondmen220ml-7872527.webp?v=1762440106,hair-care
295.0,EGP,Telofill,Home > العناية بالشعر > سترونج فيل شامبو وكوند (للرجال) 220 مل > Back to العناية بالشعر > بيزلين رول للحماية من الحرارة 50 مل,in stock,https://aldawaaegy.com/ar/collections/hair-care/products/telofill-cond-defining-nourish-200-ml,https://cdn.shopify.com/s/files/1/0566/6779/9603/products/telofill-cond-definingnourish-200-ml-7828274.jpg?v=1762441576,https://cdn.shopify.com/s/files/1/0566/6779/9603/products/telofill-cond-definingnourish-200-ml-7828274.jpg?v=1762441576,hair-care
500.0,EGP,Beesline,Home > العناية بالشعر > تيلوفيل كوند محدد ومغذي 200 مل > Back to العناية بالشعر > سيروم بي-لوسنت المركز من بيونيكي 30 م,sold out,https://aldawaaegy.com/ar/collections/hair-care/products/beesline-heat-protection-roll-50ml,https://cdn.shopify.com/s/files/1/0566/6779/9603/products/beesline-heat-protection-roll-50ml-7375937.jpg?v=1762439945,https://cdn.shopify.com/s/files/1/0566/6779/9603/products/beesline-heat-protection-roll-50ml-7375937.jpg?v=1762439945,hair-care
500.0,EGP,Bionike,Home > العناية بالشعر > بيزلين رول للحماية من الحرارة 50 مل > Back to العناية بالشعر > شامبو فينشي ضد تساقط الشعر 250 مل,sold out,https://aldawaaegy.com/ar/collections/hair-care/products/bionike-b-lucent-concentrate-serum-30m,https://cdn.shopify.com/s/files/1/0566/6779/9603/products/bionike-b-lucent-concentrate-serum-30m-1774658.webp?v=1762439356,https://cdn.shopify.com/s/files/1/0566/6779/9603/products/bionike-b-lucent-concentrate-serum-30m-1774658.webp?v=1762439356,hair-care
350.0,EGP,Vinci,Home > العناية بالشعر > سيروم بي-لوسنت المركز من بيونيكي 30 م > Back to العناية بالشعر > بلسم فينشي بالأرجان وزبدة الشيا 250 مل,in stock,https://aldawaaegy.com/ar/collections/hair-care/products/vinci-anti-hair-loss-shampoo-250ml,https://cdn.shopify.com/s/files/1/0566/6779/9603/products/vinci-anti-hair-loss-shampoo-250ml-6825156.jpg?v=1762439471,https://cdn.shopify.com/s/files/1/0566/6779/9603/products/vinci-anti-hair-loss-shampoo-250ml-6825156.jpg?v=1762439471,hair-care
175.0,EGP,Vinci,Home > العناية بالشعر > شامبو فينشي ضد تساقط الشعر 250 مل > Back to العناية بالشعر > أولابلكس رقم 3 معالج الشعر 100 مل,in stock,https://aldawaaegy.com/ar/collections/hair-care/products/vinci-conditioner-argan-shea-butter-250ml,https://cdn.shopify.com/s/files/1/0566/6779/9603/products/vinci-conditioner-arganshea-butter-250ml-8174329.jpg?v=1762439174,https://cdn.shopify.com/s/files/1/0566/6779/9603/products/vinci-conditioner-arganshea-butter-250ml-8174329.jpg?v=1762439174,hair-care
2199.0,EGP,Olaplex,Home > العناية بالشعر > بلسم فينشي بالأرجان وزبدة الشيا 250 مل > Back to العناية بالشعر > لوريال شام ستريت 72 ساعة 200 مل,in stock,https://aldawaaegy.com/ar/collections/hair-care/products/olaplex-no-3-hair-refector-100ml,https://cdn.shopify.com/s/files/1/0566/6779/9603/products/olaplex-no-3-hair-refector-100ml-7779461.jpg?v=1762438617,https://cdn.shopify.com/s/files/1/0566/6779/9603/products/olaplex-no-3-hair-refector-100ml-7779461.jpg?v=1762438617,hair-care
128.0,EGP,Loreal,Home > العناية بالشعر > أولابلكس رقم 3 معالج الشعر 100 مل > Back to العناية بالشعر > قناع الإصلاح المطلق من لوريال 250 مل,in stock,https://aldawaaegy.com/ar/collections/hair-care/products/loreal-sham-straight-72h-200ml,https://cdn.shopify.com/s/files/1/0566/6779/9603/products/loreal-sham-straight-72h-200ml-2447094.jpg?v=1762440818,https://cdn.shopify.com/s/files/1/0566/6779/9603/products/loreal-sham-straight-72h-200ml-2447094.jpg?v=1762440818,hair-care
1507.0,EGP,Loreal,Home > العناية بالشعر > لوريال شام ستريت 72 ساعة 200 مل > Back to العناية بالشعر > لوريال للرجال بخاخ مقاوم للتوتر 250 مل,in stock,https://aldawaaegy.com/ar/collections/hair-care/products/loreal-absolut-repair-mask-250ml,https://cdn.shopify.com/s/files/1/0566/6779/9603/products/loreal-absolut-repair-mask-250ml-2632125.jpg?v=1762438650,https://cdn.shopify.com/s/files/1/0566/6779/9603/products/loreal-absolut-repair-mask-250ml-2632125.jpg?v=1762438650,hair-care
132.0,EGP,Loreal,Home > العناية بالشعر > قناع الإصلاح المطلق من لوريال 250 مل > Back to العناية بالشعر > كريم لوريال اكسلانس 7,sold out,https://aldawaaegy.com/ar/collections/hair-care/products/loreal-men-spray-stress-resist-250ml,https://cdn.shopify.com/s/files/1/0566/6779/9603/products/loreal-men-spray-stress-resist-250ml-8989761.jpg?v=1762440512,https://cdn.shopify.com/s/files/1/0566/6779/9603/products/loreal-men-spray-stress-resist-250ml-8989761.jpg?v=1762440512,hair-care
374.0,EGP,Loreal,Home > العناية بالشعر > لوريال للرجال بخاخ مقاوم للتوتر 250 مل > Back to العناية بالشعر > بلسم مقوي للشعر من لوريال إلفيف، 400 مل، خصم 20%,in stock,https://aldawaaegy.com/ar/collections/hair-care/products/loreal-excellence-creme-7,https://cdn.shopify.com/s/files/1/0566/6779/9603/products/loreal-excellence-creme-7-3550374.jpg?v=1762439460,https://cdn.shopify.com/s/files/1/0566/6779/9603/products/loreal-excellence-creme-7-3550374.jpg?v=1762439460,hair-care
53.6,EGP,Loreal,Home > العناية بالشعر > كريم لوريال اكسلانس 7 > Back to العناية بالشعر > شامبو لوريال هيالورون للشعر الجاف والمجفف 200 مل,sold out,https://aldawaaegy.com/ar/collections/hair-care/products/loreal-elvive-dream-long-reinforcing-conditioner-400ml-20-off,https://cdn.shopify.com/s/files/1/0566/6779/9603/products/loreal-elvive-dream-long-reinforcing-conditioner-400ml-20off-3564177.jpg?v=1762438623,https://cdn.shopify.com/s/files/1/0566/6779/9603/products/loreal-elvive-dream-long-reinforcing-conditioner-400ml-20off-3564177.jpg?v=1762438623,hair-care
139.0,EGP,Loreal,Home > العناية بالشعر > بلسم مقوي للشعر من لوريال إلفيف، 400 مل، خصم 20% > Back to العناية بالشعر > لوريال التميز (8) خصم 15%.,in stock,https://aldawaaegy.com/ar/collections/hair-care/products/loreal-hyaluron-shampo-dehydrated-dry-hair-200ml,https://cdn.shopify.com/s/files/1/0566/6779/9603/products/loreal-hyaluron-shampo-dehydrated-dry-hair-200ml-5697025.jpg?v=1762440108,https://cdn.shopify.com/s/files/1/0566/6779/9603/products/loreal-hyaluron-shampo-dehydrated-dry-hair-200ml-5697025.jpg?v=1762440108,hair-care
191.25,EGP,Loreal,Home > العناية بالشعر > شامبو لوريال هيالورون للشعر الجاف والمجفف 200 مل > Back to العناية بالشعر > لوريال كيدز سوبر كمثرى 150 مل,sold out,https://aldawaaegy.com/ar/collections/hair-care/products/loreal-excellence-8-off-15,https://cdn.shopify.com/s/files/1/0566/6779/9603/products/loreal-excellence-8-off-15-6038052.jpg?v=1762439916,https://cdn.shopify.com/s/files/1/0566/6779/9603/products/loreal-excellence-8-off-15-6038052.jpg?v=1762439916,hair-care
161.0,EGP,Loreal,Home > العناية بالشعر > لوريال التميز (8) خصم 15%. > Back to العناية بالشعر > زيت لوريال للإصلاح المطلق 90 مل,sold out,https://aldawaaegy.com/ar/collections/hair-care/products/loreal-kids-super-pear-150ml,https://cdn.shopify.com/s/files/1/0566/6779/9603/products/loreal-kids-super-pear-150ml-3655220.jpg?v=1762438857,https://cdn.shopify.com/s/files/1/0566/6779/9603/products/loreal-kids-super-pear-150ml-3655220.jpg?v=1762438857,hair-care
1640.0,EGP,Loreal,Home > العناية بالشعر > لوريال كيدز سوبر كمثرى 150 مل > Back to العناية بالشعر > كريم لوريال اكسلانس 5,in stock,https://aldawaaegy.com/ar/collections/hair-care/products/loreal-absolut-repair-oil-90ml,https://cdn.shopify.com/s/files/1/0566/6779/9603/products/loreal-absolut-repair-oil-90ml-1001918.jpg?v=1762438780,https://cdn.shopify.com/s/files/1/0566/6779/9603/products/loreal-absolut-repair-oil-90ml-1001918.jpg?v=1762438780,hair-care
374.0,EGP,Loreal,Home > العناية بالشعر > زيت لوريال للإصلاح المطلق 90 مل > Back to العناية بالشعر > شامبو لوريال ميتال ديتوكس 300 مل,in stock,https://aldawaaegy.com/ar/collections/hair-care/products/loreal-excellence-creme-5,https://cdn.shopify.com/s/files/1/0566/6779/9603/products/loreal-excellence-creme-5-8942563.jpg?v=1762441595,https://cdn.shopify.com/s/files/1/0566/6779/9603/products/loreal-excellence-creme-5-8942563.jpg?v=1762441595,hair-care
1056.0,EGP,Loreal,Home > العناية بالشعر > كريم لوريال اكسلانس 5 > Back to العناية بالشعر > كريم لوريال اكسلانس 4,sold out,https://aldawaaegy.com/ar/collections/hair-care/products/loreal-metal-detox-shampoo300ml,https://cdn.shopify.com/s/files/1/0566/6779/9603/products/loreal-metal-detox-shampoo300ml-6735125.jpg?v=1762438618,https://cdn.shopify.com/s/files/1/0566/6779/9603/products/loreal-metal-detox-shampoo300ml-6735125.jpg?v=1762438618,hair-care
374.0,EGP,Loreal,Home > العناية بالشعر > شامبو لوريال ميتال ديتوكس 300 مل > Back to العناية بالشعر > قناع لوريال برو الأطول 250 مل,in stock,https://aldawaaegy.com/ar/collections/hair-care/products/loreal-excellence-creme-4,https://cdn.shopify.com/s/files/1/0566/6779/9603/products/loreal-excellence-creme-4-7128913.jpg?v=1762439668,https://cdn.shopify.com/s/files/1/0566/6779/9603/products/loreal-excellence-creme-4-7128913.jpg?v=1762439668,hair-care
1507.0,EGP,Loreal,Home > العناية بالشعر > كريم لوريال اكسلانس 4 > Back to العناية بالشعر > سيروم لوريال سترلايت للتجعد 100 مل,in stock,https://aldawaaegy.com/ar/collections/hair-care/products/loreal-pro-longer-mask-250ml,https://cdn.shopify.com/s/files/1/0566/6779/9603/products/loreal-pro-longer-mask-250ml-1602548.jpg?v=1762439668,https://cdn.shopify.com/s/files/1/0566/6779/9603/products/loreal-pro-longer-mask-250ml-1602548.jpg?v=1762439668,hair-care
529.0,EGP,Loreal,Home > العناية بالشعر > قناع لوريال برو الأطول 250 مل > Back to العناية بالشعر > لوريال ابسولوت قناع ذهبي 250 مل,in stock,https://aldawaaegy.com/ar/collections/hair-care/products/loreal-stralight-frizz-serum-100ml,https://cdn.shopify.com/s/files/1/0566/6779/9603/products/loreal-stralight-frizz-serum-100ml-6809566.jpg?v=1762440518,https://cdn.shopify.com/s/files/1/0566/6779/9603/products/loreal-stralight-frizz-serum-100ml-6809566.jpg?v=1762440518,hair-care
1320.0,EGP,Loreal,Home > العناية بالشعر > سيروم لوريال سترلايت للتجعد 100 مل > Back to العناية بالشعر > لوريال أشقر غامق (6)خصم 15%,in stock,https://aldawaaegy.com/ar/collections/hair-care/products/loreal-absolut-golden-mask-250ml,https://cdn.shopify.com/s/files/1/0566/6779/9603/products/loreal-absolut-golden-mask-250ml-9433252.webp?v=1762439298,https://cdn.shopify.com/s/files/1/0566/6779/9603/products/loreal-absolut-golden-mask-250ml-9433252.webp?v=1762439298,hair-care
191.25,EGP,Loreal,Home > العناية بالشعر > لوريال ابسولوت قناع ذهبي 250 مل > Back to العناية بالشعر > لوريال ليس سيروم غير محدود 125 مل,sold out,https://aldawaaegy.com/ar/collections/hair-care/products/loreal-dark-blonde-6off-15,https://cdn.shopify.com/s/files/1/0566/6779/9603/products/loreal-dark-blonde-6off-15-6423441.jpg?v=1762439570,https://cdn.shopify.com/s/files/1/0566/6779/9603/products/loreal-dark-blonde-6off-15-6423441.jpg?v=1762439570,hair-care
1507.0,EGP,Loreal,Home > العناية بالشعر > لوريال أشقر غامق (6)خصم 15% > Back to العناية بالشعر > كريم لوريال اكسلانس 8,in stock,https://aldawaaegy.com/ar/collections/hair-care/products/loreal-liss-unlimited-serum-125ml,https://cdn.shopify.com/s/files/1/0566/6779/9603/products/loreal-liss-unlimited-serum-125ml-4812256.jpg?v=1762438661,https://cdn.shopify.com/s/files/1/0566/6779/9603/products/loreal-liss-unlimited-serum-125ml-4812256.jpg?v=1762438661,hair-care
394.0,EGP,Loreal,Home > العناية بالشعر > لوريال ليس سيروم غير محدود 125 مل > Back to العناية بالشعر > قناع لوريال الفيف أرجينين ريسست X3 300 مل,in stock,https://aldawaaegy.com/ar/collections/hair-care/products/loreal-excellence-creme-8,https://cdn.shopify.com/s/files/1/0566/6779/9603/products/loreal-excellence-creme-8-3077231.jpg?v=1762438640,https://cdn.shopify.com/s/files/1/0566/6779/9603/products/loreal-excellence-creme-8-3077231.jpg?v=1762438640,hair-care
439.0,EGP,Loreal,Home > العناية بالشعر > كريم لوريال اكسلانس 8 > Back to العناية بالشعر > لوريال دريم لونج كوند 400 مل,in stock,https://aldawaaegy.com/ar/collections/hair-care/products/loreal-elvive-arginine-resist-x3-mask-300-ml,https://cdn.shopify.com/s/files/1/0566/6779/9603/products/loreal-elvive-arginine-resist-x3-mask-300-ml-2673498.webp?v=1762438980,https://cdn.shopify.com/s/files/1/0566/6779/9603/products/loreal-elvive-arginine-resist-x3-mask-300-ml-2673498.webp?v=1762438980,hair-care
218.0,EGP,Loreal,Home > العناية بالشعر > قناع لوريال الفيف أرجينين ريسست X3 300 مل > Back to العناية بالشعر > لوريال هيالورون كوند للشعر الجاف والمجفف 400 مل,in stock,https://aldawaaegy.com/ar/collections/hair-care/products/loreal-dream-long-cond-400ml,https://cdn.shopify.com/s/files/1/0566/6779/9603/products/loreal-dream-long-cond-360ml-2253996.jpg?v=1762439016,https://cdn.shopify.com/s/files/1/0566/6779/9603/products/loreal-dream-long-cond-360ml-2253996.jpg?v=1762439016,hair-care
89.0,EGP,Loreal,Home > العناية بالشعر > لوريال دريم لونج كوند 400 مل > Back to العناية بالشعر > لوريال هيالورون كوند 360 مل,sold out,https://aldawaaegy.com/ar/collections/hair-care/products/loreal-hyaluron-cond-dehydrated-dry-hair-400ml,https://cdn.shopify.com/s/files/1/0566/6779/9603/products/loreal-hyaluron-cond-dehydrated-dry-hair-400ml-4493567.jpg?v=1762439027,https://cdn.shopify.com/s/files/1/0566/6779/9603/products/loreal-hyaluron-cond-dehydrated-dry-hair-400ml-4493567.jpg?v=1762439027,hair-care
239.0,EGP,Loreal,Home > العناية بالشعر > لوريال هيالورون كوند للشعر الجاف والمجفف 400 مل > Back to العناية بالشعر > لوريال مين إكسب كلين باور سبراي 250 مل,in stock,https://aldawaaegy.com/ar/collections/hair-care/products/loreal-hyaluron-cond-360ml,https://cdn.shopify.com/s/files/1/0566/6779/9603/products/loreal-hyaluron-cond-360ml-4745274.jpg?v=1762438503,https://cdn.shopify.com/s/files/1/0566/6779/9603/products/loreal-hyaluron-cond-360ml-4745274.jpg?v=1762438503,hair-care
132.0,EGP,Loreal,Home > العناية بالشعر > لوريال هيالورون كوند 360 مل > Back to العناية بالشعر > كريم أملا بالزيت العادي من لوريال 200 مل,sold out,https://aldawaaegy.com/ar/collections/hair-care/products/loreal-men-exp-clean-power-spray-250ml,https://cdn.shopify.com/s/files/1/0566/6779/9603/products/loreal-men-exp-clean-power-spray-250ml-3013493.webp?v=1762438662,https://cdn.shopify.com/s/files/1/0566/6779/9603/products/loreal-men-exp-clean-power-spray-250ml-3013493.webp?v=1762438662,hair-care
251.0,EGP,Loreal,Home > العناية بالشعر > لوريال مين إكسب كلين باور سبراي 250 مل > Back to العناية بالشعر > لوريال كاستينغ كريم جلوس 200 أسود عميق,in stock,https://aldawaaegy.com/ar/collections/hair-care/products/loreal-extra-ordinary-oil-amla-cream-200ml,https://cdn.shopify.com/s/files/1/0566/6779/9603/products/loreal-extra-ordinary-oil-amla-cream-200ml-6207900.jpg?v=1762438368,https://cdn.shopify.com/s/files/1/0566/6779/9603/products/loreal-extra-ordinary-oil-amla-cream-200ml-6207900.jpg?v=1762438368,hair-care
491.0,EGP,Loreal,Home > العناية بالشعر > كريم أملا بالزيت العادي من لوريال 200 مل > Back to العناية بالشعر > بلسم لوريال هيالورون 200 مل,in stock,https://aldawaaegy.com/ar/collections/hair-care/products/loreal-casting-cream-gloss-200-deep-black,https://cdn.shopify.com/s/files/1/0566/6779/9603/products/loreal-casting-cream-gloss-200-deep-black-4971243.jpg?v=1762438877,https://cdn.shopify.com/s/files/1/0566/6779/9603/products/loreal-casting-cream-gloss-200-deep-black-4971243.jpg?v=1762438877,hair-care
217.0,EGP,Loreal,Home > العناية بالشعر > لوريال كاستينغ كريم جلوس 200 أسود عميق > Back to العناية بالشعر > شامبو لوريال للإصلاح الشامل 600 مل,in stock,https://aldawaaegy.com/ar/collections/hair-care/products/loreal-hyaluron-conditioner-200ml,https://cdn.shopify.com/s/files/1/0566/6779/9603/products/loreal-hyaluron-conditioner-200ml-2482665.jpg?v=1762438774,https://cdn.shopify.com/s/files/1/0566/6779/9603/products/loreal-hyaluron-conditioner-200ml-2482665.jpg?v=1762438774,hair-care
267.0,EGP,Loreal,Home > العناية بالشعر > بلسم لوريال هيالورون 200 مل > Back to العناية بالشعر > لوريال باريس بخاخ إنفينسيبل 250 مل,in stock,https://aldawaaegy.com/ar/collections/hair-care/products/loreal-total-repair-shampoo-600ml,https://cdn.shopify.com/s/files/1/0566/6779/9603/products/loreal-total-repair-shampoo-600ml-7506917.jpg?v=1762439745,https://cdn.shopify.com/s/files/1/0566/6779/9603/products/loreal-total-repair-shampoo-600ml-7506917.jpg?v=1762439745,hair-care
125.0,EGP,Loreal,Home > العناية بالشعر > شامبو لوريال للإصلاح الشامل 600 مل > Back to العناية بالشعر > لوريال دريم لونج كوند كيراتين 360 مل,sold out,https://aldawaaegy.com/ar/collections/hair-care/products/loreal-paris-invincible-spray-250ml,https://cdn.shopify.com/s/files/1/0566/6779/9603/products/loreal-paris-invincible-spray-250ml-1385881.jpg?v=1762439009,https://cdn.shopify.com/s/files/1/0566/6779/9603/products/loreal-paris-invincible-spray-250ml-1385881.jpg?v=1762439009,hair-care
218.0,EGP,Loreal,Home > العناية بالشعر > لوريال باريس بخاخ إنفينسيبل 250 مل > Back to العناية بالشعر > لوريال شامبو زيت الجوجوبا للجفاف الشديد 400 مل,in stock,https://aldawaaegy.com/ar/collections/hair-care/products/loreal-dream-long-cond-keratin-360ml,https://cdn.shopify.com/s/files/1/0566/6779/9603/products/loreal-dream-long-cond-keratin-360ml-7849183.jpg?v=1762439847,https://cdn.shopify.com/s/files/1/0566/6779/9603/products/loreal-dream-long-cond-keratin-360ml-7849183.jpg?v=1762439847,hair-care
155.0,EGP,Loreal,Home > العناية بالشعر > لوريال دريم لونج كوند كيراتين 360 مل > Back to العناية بالشعر > لوريال ضد التساقط أمينيكسيل كوند 360 مل,in stock,https://aldawaaegy.com/ar/collections/hair-care/products/loreal-shampoo-oil-jojoba-very-dry-400ml,https://cdn.shopify.com/s/files/1/0566/6779/9603/products/loreal-shampoo-oil-jojoba-very-dry-400ml-9221353.jpg?v=1762438780,https://cdn.shopify.com/s/files/1/0566/6779/9603/products/loreal-shampoo-oil-jojoba-very-dry-400ml-9221353.jpg?v=1762438780,hair-care
218.0,EGP,Loreal,Home > العناية بالشعر > لوريال شامبو زيت الجوجوبا للجفاف الشديد 400 مل > Back to العناية بالشعر > لوريال باريس شامبو سيلفر 300 مل,in stock,https://aldawaaegy.com/ar/collections/hair-care/products/loreal-fall-resist-aminexil-cond-360ml,https://cdn.shopify.com/s/files/1/0566/6779/9603/products/loreal-fall-resist-aminexil-cond-360ml-8692660.jpg?v=1762438456,https://cdn.shopify.com/s/files/1/0566/6779/9603/products/loreal-fall-resist-aminexil-cond-360ml-8692660.jpg?v=1762438456,hair-care
960.0,EGP,Loreal,Home > العناية بالشعر > لوريال ضد التساقط أمينيكسيل كوند 360 مل > Back to العناية بالشعر > لوريال التميز (7.17) ؟؟؟؟ ؟؟؟؟ ؟؟؟؟؟,in stock,https://aldawaaegy.com/ar/collections/hair-care/products/loreal-pares-silver-shampoo-300ml,https://cdn.shopify.com/s/files/1/0566/6779/9603/products/loreal-pares-silver-shampoo-300ml-4325019.jpg?v=1762438429,https://cdn.shopify.com/s/files/1/0566/6779/9603/products/loreal-pares-silver-shampoo-300ml-4325019.jpg?v=1762438429,hair-care
374.0,EGP,Loreal,Home > العناية بالشعر > لوريال باريس شامبو سيلفر 300 مل > Back to العناية بالشعر > لوريال اكسلانس رقم 4 15%,in stock,https://aldawaaegy.com/ar/collections/hair-care/products/loreal-excellence-7-17,https://cdn.shopify.com/s/files/1/0566/6779/9603/products/loreal-excellence-717-sbgh-ashkr-rmady-4824580.jpg?v=1762438876,https://cdn.shopify.com/s/files/1/0566/6779/9603/products/loreal-excellence-717-sbgh-ashkr-rmady-4824580.jpg?v=1762438876,hair-care
191.25,EGP,Loreal,Home > العناية بالشعر > لوريال التميز (7.17) ؟؟؟؟ ؟؟؟؟ ؟؟؟؟؟ > Back to العناية بالشعر > لوريال إكسيلانس رقم 8.1 لايت آش,sold out,https://aldawaaegy.com/ar/collections/hair-care/products/loreal-excellence-no-4-15,https://cdn.shopify.com/s/files/1/0566/6779/9603/products/loreal-excellence-no4-15-7830641.webp?v=1762438454,https://cdn.shopify.com/s/files/1/0566/6779/9603/products/loreal-excellence-no4-15-7830641.webp?v=1762438454,hair-care
374.0,EGP,Loreal,Home > العناية بالشعر > لوريال اكسلانس رقم 4 15% > Back to العناية بالشعر > كريم لوريال المقاوم للفرشاة بالكامل 200 مل,in stock,https://aldawaaegy.com/ar/collections/hair-care/products/loreal-excellence-no-8-1-light-ash,https://cdn.shopify.com/s/files/1/0566/6779/9603/products/loreal-excellence-no81-light-ash-7543807.jpg?v=1762439723,https://cdn.shopify.com/s/files/1/0566/6779/9603/products/loreal-excellence-no81-light-ash-7543807.jpg?v=1762439723,hair-care
250.0,EGP,Loreal,Home > العناية بالشعر > لوريال إكسيلانس رقم 8.1 لايت آش > Back to العناية بالشعر > كريم لوريال اكسلانس 7.1,in stock,https://aldawaaegy.com/ar/collections/hair-care/products/loreal-full-resist-brush-proof-cream-200ml,https://cdn.shopify.com/s/files/1/0566/6779/9603/products/loreal-full-resist-brush-proof-cream-200ml-3010094.jpg?v=1762441738,https://cdn.shopify.com/s/files/1/0566/6779/9603/products/loreal-full-resist-brush-proof-cream-200ml-3010094.jpg?v=1762441738,hair-care
374.0,EGP,Loreal,Home > العناية بالشعر > كريم لوريال المقاوم للفرشاة بالكامل 200 مل > Back to العناية بالشعر > لوريال بديل الزيت إصلاح الفم 5 300 مل,in stock,https://aldawaaegy.com/ar/collections/hair-care/products/loreal-excellence-creme-7-1,https://cdn.shopify.com/s/files/1/0566/6779/9603/products/loreal-excellence-creme-71-6009226.jpg?v=1762439851,https://cdn.shopify.com/s/files/1/0566/6779/9603/products/loreal-excellence-creme-71-6009226.jpg?v=1762439851,hair-care
193.0,EGP,Loreal,Home > العناية بالشعر > كريم لوريال اكسلانس 7.1 > Back to العناية بالشعر > لوريال كوند ستريت 72 ساعة 200 مل,in stock,https://aldawaaegy.com/ar/collections/hair-care/products/loreal-oil-replacement-otal-repair5-300ml,https://cdn.shopify.com/s/files/1/0566/6779/9603/products/loreal-oil-replacement-otal-repair5-300ml-4579067.jpg?v=1762439433,https://cdn.shopify.com/s/files/1/0566/6779/9603/products/loreal-oil-replacement-otal-repair5-300ml-4579067.jpg?v=1762439433,hair-care
134.0,EGP,Loreal,Home > العناية بالشعر > لوريال بديل الزيت إصلاح الفم 5 300 مل > Back to العناية بالشعر > بديل الزيت لوريال استثنائي 300 مل,in stock,https://aldawaaegy.com/ar/collections/hair-care/products/loreal-cond-straight-72h-200ml,https://cdn.shopify.com/s/files/1/0566/6779/9603/products/loreal-cond-straight-72h-200ml-9849312.jpg?v=1762438623,https://cdn.shopify.com/s/files/1/0566/6779/9603/products/loreal-cond-straight-72h-200ml-9849312.jpg?v=1762438623,hair-care
193.0,EGP,Loreal,Home > العناية بالشعر > لوريال كوند ستريت 72 ساعة 200 مل > Back to العناية بالشعر > لوريال شامبو للشعر الجاف جداً 200 مل,in stock,https://aldawaaegy.com/ar/collections/hair-care/products/loreal-oil-replacement-extraordinary-300ml,https://cdn.shopify.com/s/files/1/0566/6779/9603/products/loreal-oil-replacement-extraordinary-300ml-8004533.jpg?v=1762439716,https://cdn.shopify.com/s/files/1/0566/6779/9603/products/loreal-oil-replacement-extraordinary-300ml-8004533.jpg?v=1762439716,hair-care
128.0,EGP,Loreal,Home > العناية بالشعر > بديل الزيت لوريال استثنائي 300 مل > Back to العناية بالشعر > بديل الزيت لوريال مستقيم 72 ساعة 300 مل,in stock,https://aldawaaegy.com/ar/collections/hair-care/products/loreal-shamp-very-dry-hair-200ml,https://cdn.shopify.com/s/files/1/0566/6779/9603/products/loreal-shamp-very-dry-hair-200ml-4037541.jpg?v=1762438614,https://cdn.shopify.com/s/files/1/0566/6779/9603/products/loreal-shamp-very-dry-hair-200ml-4037541.jpg?v=1762438614,hair-care
193.0,EGP,Loreal,Home > العناية بالشعر > لوريال شامبو للشعر الجاف جداً 200 مل > Back to العناية بالشعر > لوريال إكسيلانس رقم:5 بنسبة 15%,in stock,https://aldawaaegy.com/ar/collections/hair-care/products/loreal-oil-replacement-straight-72h-300ml,https://cdn.shopify.com/s/files/1/0566/6779/9603/products/loreal-oil-replacement-straight-72h-300ml-3972481.jpg?v=1762439709,https://cdn.shopify.com/s/files/1/0566/6779/9603/products/loreal-oil-replacement-straight-72h-300ml-3972481.jpg?v=1762439709,hair-care
191.25,EGP,Loreal,Home > العناية بالشعر > بديل الزيت لوريال مستقيم 72 ساعة 300 مل > Back to العناية بالشعر > لوريال توتال ريبير كوند 360 مل,sold out,https://aldawaaegy.com/ar/collections/hair-care/products/loreal-excellence-no-5-15,https://cdn.shopify.com/s/files/1/0566/6779/9603/products/loreal-excellence-no5-at-15-5859633.jpg?v=1762438975,https://cdn.shopify.com/s/files/1/0566/6779/9603/products/loreal-excellence-no5-at-15-5859633.jpg?v=1762438975,hair-care
218.0,EGP,Loreal,Home > العناية بالشعر > لوريال إكسيلانس رقم:5 بنسبة 15% > Back to العناية بالشعر > لوريال باريس شامبو ابسولوت 300 مل,in stock,https://aldawaaegy.com/ar/collections/hair-care/products/loreal-total-repair-cond-360ml,https://cdn.shopify.com/s/files/1/0566/6779/9603/products/loreal-total-repair-cond-360ml-3622054.jpg?v=1762439300,https://cdn.shopify.com/s/files/1/0566/6779/9603/products/loreal-total-repair-cond-360ml-3622054.jpg?v=1762439300,hair-care
1014.0,EGP,Loreal,Home > العناية بالشعر > لوريال توتال ريبير كوند 360 مل > Back to العناية بالشعر > لوريال دريم لونج ترميم الشعر 600 مل,in stock,https://aldawaaegy.com/ar/collections/hair-care/products/loreal-paris-absolut-shamp-300ml,https://cdn.shopify.com/s/files/1/0566/6779/9603/products/loreal-paris-absolut-shamp-300ml-1682917.jpg?v=1762438769,https://cdn.shopify.com/s/files/1/0566/6779/9603/products/loreal-paris-absolut-shamp-300ml-1682917.jpg?v=1762438769,hair-care
125.0,EGP,Loreal,Home > العناية بالشعر > لوريال دريم لونج ترميم الشعر 600 مل > Back to العناية بالشعر > لوريال شام ستريت 72 ساعة 600 مل,sold out,https://aldawaaegy.com/ar/collections/hair-care/products/loreal-men-expert-carbon-protect-250-ml,https://cdn.shopify.com/s/files/1/0566/6779/9603/products/loreal-men-expert-carbon-protect-250-ml-8576295.jpg?v=1762439749,https://cdn.shopify.com/s/files/1/0566/6779/9603/products/loreal-men-expert-carbon-protect-250-ml-8576295.jpg?v=1762439749,hair-care
267.0,EGP,Loreal,Home > العناية بالشعر > لوريال مين اكسبيرت كاربون حماية 250 مل > Back to العناية بالشعر > بديل الزيت لوريال أرجينين المقاوم. 300 م,in stock,https://aldawaaegy.com/ar/collections/hair-care/products/loreal-sham-straight-72h-600ml,https://cdn.shopify.com/s/files/1/0566/6779/9603/products/loreal-sham-straight-72h-600ml-2604030.jpg?v=1762439015,https://cdn.shopify.com/s/files/1/0566/6779/9603/products/loreal-sham-straight-72h-600ml-2604030.jpg?v=1762439015,hair-care
193.0,EGP,Loreal,Home > العناية بالشعر > لوريال شام ستريت 72 ساعة 600 مل > Back to العناية بالشعر > لوريال بروديجي براون 4.0,in stock,https://aldawaaegy.com/ar/collections/hair-care/products/loreal-arginine-resist-oil-replac-300m,https://cdn.shopify.com/s/files/1/0566/6779/9603/products/loreal-arginine-resist-oil-replac-300m-4666522.jpg?v=1762438503,https://cdn.shopify.com/s/files/1/0566/6779/9603/products/loreal-arginine-resist-oil-replac-300m-4666522.jpg?v=1762438503,hair-care
459.0,EGP,Loreal,Home > العناية بالشعر > بديل الزيت لوريال أرجينين المقاوم. 300 م > Back to العناية بالشعر > شامبو لوريال هيالورون للشعر الجاف والمجفف 400 مل,in stock,https://aldawaaegy.com/ar/collections/hair-care/products/loreal-prodigy-brown-4-0,https://cdn.shopify.com/s/files/1/0566/6779/9603/products/loreal-prodigy-brown-40-2854351.jpg?v=1762439298,https://cdn.shopify.com/s/files/1/0566/6779/9603/products/loreal-prodigy-brown-40-2854351.jpg?v=1762439298,hair-care
223.0,EGP,Loreal,Home > العناية بالشعر > لوريال بروديجي براون 4.0 > Back to العناية بالشعر > لوريال مغذي للشعر العادي إلى الجاف 400 مل,in stock,https://aldawaaegy.com/ar/collections/hair-care/products/loreal-hyaluron-shampoo-dehydrated-dry-hair-400ml,https://cdn.shopify.com/s/files/1/0566/6779/9603/products/loreal-hyaluron-shampoo-dehydrated-dry-hair-400ml-5855669.jpg?v=1762440081,https://cdn.shopify.com/s/files/1/0566/6779/9603/products/loreal-hyaluron-shampoo-dehydrated-dry-hair-400ml-5855669.jpg?v=1762440081,hair-care
79.0,EGP,Loreal,Home > العناية بالشعر > شامبو لوريال هيالورون للشعر الجاف والمجفف 400 مل > Back to العناية بالشعر > لوريال كوند توتال ريبير 5 200 مل,sold out,https://aldawaaegy.com/ar/collections/hair-care/products/loreal-nourishing-con-normal-to-dry-hair-400ml,https://cdn.shopify.com/s/files/1/0566/6779/9603/products/loreal-nourishing-con-normal-to-dry-hair-400ml-4740276.jpg?v=1762439922,https://cdn.shopify.com/s/files/1/0566/6779/9603/products/loreal-nourishing-con-normal-to-dry-hair-400ml-4740276.jpg?v=1762439922,hair-care
134.0,EGP,Loreal,Home > العناية بالشعر > لوريال مغذي للشعر العادي إلى الجاف 400 مل > Back to العناية بالشعر > لوريال إلفيف قناع مغذي بالزيت 300 مل,in stock,https://aldawaaegy.com/ar/collections/hair-care/products/loreal-cond-total-repair-5-200ml,https://cdn.shopify.com/s/files/1/0566/6779/9603/products/loreal-cond-total-repair-5-200ml-4150450.webp?v=1762438495,https://cdn.shopify.com/s/files/1/0566/6779/9603/products/loreal-cond-total-repair-5-200ml-4150450.webp?v=1762438495,hair-care
438.0,EGP,Loreal,Home > العناية بالشعر > لوريال كوند توتال ريبير 5 200 مل > Back to العناية بالشعر > كريم لوريال الفيف دريم لونج بدون قص الشعر 200 مل,in stock,https://aldawaaegy.com/ar/collections/hair-care/products/loreal-elvive-oil-nourishing-mask-300-ml,https://cdn.shopify.com/s/files/1/0566/6779/9603/products/loreal-elvive-oil-nourishing-mask-300-ml-9270997.jpg?v=1762438661,https://cdn.shopify.com/s/files/1/0566/6779/9603/products/loreal-elvive-oil-nourishing-mask-300-ml-9270997.jpg?v=1762438661,hair-care
250.0,EGP,Loreal,Home > العناية بالشعر > لوريال إلفيف قناع مغذي بالزيت 300 مل > Back to العناية بالشعر > لوريال شا دريم لونج 600 مل 15%,in stock,https://aldawaaegy.com/ar/collections/hair-care/products/loreal-elvive-dream-long-no-haircut-cream-200ml,https://cdn.shopify.com/s/files/1/0566/6779/9603/products/loreal-elvive-dream-long-no-haircut-cream-200ml-2723286.jpg?v=1762438672,https://cdn.shopify.com/s/files/1/0566/6779/9603/products/loreal-elvive-dream-long-no-haircut-cream-200ml-2723286.jpg?v=1762438672,hair-care
154.0,EGP,Loreal,Home > العناية بالشعر > كريم لوريال الفيف دريم لونج بدون قص الشعر 200 مل > Back to العناية بالشعر > لوريال ماجيك ريتاتش بني 75 مل,sold out,https://aldawaaegy.com/ar/collections/hair-care/products/loreal-sha-dream-long-600ml-15,https://cdn.shopify.com/s/files/1/0566/6779/9603/products/loreal-sha-dream-long-600ml-15-9394991.jpg?v=1762441677,https://cdn.shopify.com/s/files/1/0566/6779/9603/products/loreal-sha-dream-long-600ml-15-9394991.jpg?v=1762441677,hair-care
580.0,EGP,Loreal,Home > العناية بالشعر > لوريال شا دريم لونج 600 مل 15% > Back to العناية بالشعر > لوريال إلفيف أرجينين ريزيست كون 200 مل,sold out,https://aldawaaegy.com/ar/collections/hair-care/products/loreal-magic-retouch-brown-75-ml,https://cdn.shopify.com/s/files/1/0566/6779/9603/products/loreal-magic-retouch-brown-75-ml-1976998.jpg?v=1762439673,https://cdn.shopify.com/s/files/1/0566/6779/9603/products/loreal-magic-retouch-brown-75-ml-1976998.jpg?v=1762439673,hair-care
212.0,EGP,Loreal,Home > العناية بالشعر > لوريال ماجيك ريتاتش بني 75 مل > Back to العناية بالشعر > لوريال كاستينج كريم جلوس بني 400,in stock,https://aldawaaegy.com/ar/collections/hair-care/products/loreal-elvive-arginine-resist-con-200ml,https://cdn.shopify.com/s/files/1/0566/6779/9603/products/loreal-elvive-arginine-resist-con-200ml-3668613.jpg?v=1762439123,https://cdn.shopify.com/s/files/1/0566/6779/9603/products/loreal-elvive-arginine-resist-con-200ml-3668613.jpg?v=1762439123,hair-care
491.0,EGP,Loreal,Home > العناية بالشعر > لوريال إلفيف أرجينين ريزيست كون 200 مل > Back to العناية بالشعر > بلسم لوريال دريم لونج المقوي 200 مل,in stock,https://aldawaaegy.com/ar/collections/hair-care/products/loreal-casting-creme-gloss-brown400,https://cdn.shopify.com/s/files/1/0566/6779/9603/products/loreal-casting-creme-gloss-brown400-8852463.jpg?v=1762439619,https://cdn.shopify.com/s/files/1/0566/6779/9603/products/loreal-casting-creme-gloss-brown400-8852463.jpg?v=1762439619,hair-care
212.0,EGP,Loreal,Home > العناية بالشعر > لوريال كاستينج كريم جلوس بني 400 > Back to العناية بالشعر > لوريال هيالورون كريم الليل للشعر 200 مل,in stock,https://aldawaaegy.com/ar/collections/hair-care/products/loreal-dream-long-reinforcing-conditioner-200ml,https://cdn.shopify.com/s/files/1/0566/6779/9603/products/loreal-dream-long-reinforcing-conditioner-200ml-9094681.jpg?v=1762440113,https://cdn.shopify.com/s/files/1/0566/6779/9603/products/loreal-dream-long-reinforcing-conditioner-200ml-9094681.jpg?v=1762440113,hair-care
262.0,EGP,Loreal,Home > العناية بالشعر > بلسم لوريال دريم لونج المقوي 200 مل > Back to العناية بالشعر > لوريال كوند للشعر العادي والجاف 360 مل,in stock,https://aldawaaegy.com/ar/collections/hair-care/products/loreal-hyaluron-night-cream-hair-200ml,https://cdn.shopify.com/s/files/1/0566/6779/9603/products/loreal-hyaluron-night-cream-hair-200ml-4177839.jpg?v=1762439743,https://cdn.shopify.com/s/files/1/0566/6779/9603/products/loreal-hyaluron-night-cream-hair-200ml-4177839.jpg?v=1762439743,hair-care
218.0,EGP,Loreal,Home > العناية بالشعر > لوريال هيالورون كريم الليل للشعر 200 مل > Back to العناية بالشعر > كريم لوريال اكسلانس 6.7,in stock,https://aldawaaegy.com/ar/collections/hair-care/products/loreal-cond-normal-dray-hair-360ml,https://cdn.shopify.com/s/files/1/0566/6779/9603/products/loreal-cond-normaldray-hair-360ml-7508404.webp?v=1762440451,https://cdn.shopify.com/s/files/1/0566/6779/9603/products/loreal-cond-normaldray-hair-360ml-7508404.webp?v=1762440451,hair-care
374.0,EGP,Loreal,Home > العناية بالشعر > لوريال كوند للشعر العادي والجاف 360 مل > Back to العناية بالشعر > لوريال دريم لونج رقائقي 200 مل,in stock,https://aldawaaegy.com/ar/collections/hair-care/products/loreal-excellence-creme-6-7,https://cdn.shopify.com/s/files/1/0566/6779/9603/products/loreal-excellence-creme-67-3143710.jpg?v=1762440208,https://cdn.shopify.com/s/files/1/0566/6779/9603/products/loreal-excellence-creme-67-3143710.jpg?v=1762440208,hair-care
210.0,EGP,Loreal,Home > العناية بالشعر > كريم لوريال اكسلانس 6.7 > Back to العناية بالشعر > بلسم زيت لوريال الفيف 6 200 مل,sold out,https://aldawaaegy.com/ar/collections/hair-care/products/loreal-dream-long-lamellar-cond-200ml,https://cdn.shopify.com/s/files/1/0566/6779/9603/products/loreal-dream-long-lamellar-cond-200ml-1984262.jpg?v=1762438505,https://cdn.shopify.com/s/files/1/0566/6779/9603/products/loreal-dream-long-lamellar-cond-200ml-1984262.jpg?v=1762438505,hair-care
134.0,EGP,Loreal,Home > العناية بالشعر > لوريال دريم لونج رقائقي 200 مل > Back to العناية بالشعر > شامبو لوريال كيدز بالمانجو الاستوائية 250 مل,in stock,https://aldawaaegy.com/ar/collections/hair-care/products/loreal-elvive-6-oil-conditioner-200-ml,https://cdn.shopify.com/s/files/1/0566/6779/9603/products/loreal-elvive-nour-nor-to-dry-cond-200-ml-6140322.jpg?v=1762438665,https://cdn.shopify.com/s/files/1/0566/6779/9603/products/loreal-elvive-nour-nor-to-dry-cond-200-ml-6140322.jpg?v=1762438665,hair-care
205.0,EGP,Loreal,Home > العناية بالشعر > بلسم زيت لوريال الفيف 6 200 مل > Back to العناية بالشعر > لوريال الفيف نور كوند. 400 مل خصم 20%,sold out,https://aldawaaegy.com/ar/collections/hair-care/products/loreal-kids-tropical-mango-shampoo-250-ml,https://cdn.shopify.com/s/files/1/0566/6779/9603/products/loreal-kids-tropical-mango-shampoo-250-ml-5776077.jpg?v=1762438508,https://cdn.shopify.com/s/files/1/0566/6779/9603/products/loreal-kids-tropical-mango-shampoo-250-ml-5776077.jpg?v=1762438508,hair-care
43.0,EGP,Loreal,Home > العناية بالشعر > شامبو لوريال كيدز بالمانجو الاستوائية 250 مل > Back to العناية بالشعر > شامبو لوريال ليس انليميتد بروكيراتين 300 مل,in stock,https://aldawaaegy.com/ar/collections/hair-care/products/loreal-elvive-nour-cond-400ml-20-off,https://cdn.shopify.com/s/files/1/0566/6779/9603/products/loreal-elvive-nour-cond-400ml-20-off-2273457.jpg?v=1762439120,https://cdn.shopify.com/s/files/1/0566/6779/9603/products/loreal-elvive-nour-cond-400ml-20-off-2273457.jpg?v=1762439120,hair-care
840.0,EGP,Loreal,Home > العناية بالشعر > لوريال الفيف نور كوند. 400 مل خصم 20% > Back to العناية بالشعر > لوريال بروديجي كولور 8.0,in stock,https://aldawaaegy.com/ar/collections/hair-care/products/loreal-liss-unlimited-prokeratin-shamp-300ml,https://cdn.shopify.com/s/files/1/0566/6779/9603/products/loreal-liss-unlimited-prokeratin-shamp-300ml-7802358.jpg?v=1762438454,https://cdn.shopify.com/s/files/1/0566/6779/9603/products/loreal-liss-unlimited-prokeratin-shamp-300ml-7802358.jpg?v=1762438454,hair-care
419.0,EGP,Loreal,Home > العناية بالشعر > شامبو لوريال ليس انليميتد بروكيراتين 300 مل > Back to العناية بالشعر > لوريال أبسولوت ريبير كوند بالبروتين 200 مل,in stock,https://aldawaaegy.com/ar/collections/hair-care/products/loreal-prodigy-color-8-0,https://cdn.shopify.com/s/files/1/0566/6779/9603/products/loreal-prodigy-color-80-7660651.jpg?v=1762438870,https://cdn.shopify.com/s/files/1/0566/6779/9603/products/loreal-prodigy-color-80-7660651.jpg?v=1762438870,hair-care
1220.0,EGP,Loreal,Home > العناية بالشعر > لوريال بروديجي كولور 8.0 > Back to العناية بالشعر > لوريال كاستينغ كريم غلوس 360,in stock,https://aldawaaegy.com/ar/collections/hair-care/products/loreal-absolut-repair-protin-cond-200ml,https://cdn.shopify.com/s/files/1/0566/6779/9603/products/loreal-absolut-repair-protin-cond-200ml-6256722.jpg?v=1762438424,https://cdn.shopify.com/s/files/1/0566/6779/9603/products/loreal-absolut-repair-protin-cond-200ml-6256722.jpg?v=1762438424,hair-care
502.0,EGP,Loreal,Home > العناية بالشعر > لوريال أبسولوت ريبير كوند بالبروتين 200 مل > Back to العناية بالشعر > لوريال كيرل اكسبريسشن جل منظف 300 مل,sold out,https://aldawaaegy.com/ar/collections/hair-care/products/loreal-casting-creme-gloss-360,https://cdn.shopify.com/s/files/1/0566/6779/9603/products/loreal-casting-creme-gloss-360-4050192.jpg?v=1762441300,https://cdn.shopify.com/s/files/1/0566/6779/9603/products/loreal-casting-creme-gloss-360-4050192.jpg?v=1762441300,hair-care
928.0,EGP,Loreal,Home > العناية بالشعر > لوريال كاستينغ كريم غلوس 360 > Back to العناية بالشعر > لوريال شام ستريت 72 ساعة 400 مل,sold out,https://aldawaaegy.com/ar/collections/hair-care/products/loreal-curl-expression-sha-cleansing-jelly-300ml,https://cdn.shopify.com/s/files/1/0566/6779/9603/products/loreal-curl-expression-sha-cleansing-jelly-300ml-2292820.jpg?v=1762438466,https://cdn.shopify.com/s/files/1/0566/6779/9603/products/loreal-curl-expression-sha-cleansing-jelly-300ml-2292820.jpg?v=1762438466,hair-care
155.0,EGP,Loreal,Home > العناية بالشعر > لوريال كيرل اكسبريسشن جل منظف 300 مل > Back to العناية بالشعر > شامبو لوريال الفيف للإصلاح الشامل 200 مل,in stock,https://aldawaaegy.com/ar/collections/hair-care/products/loreal-sham-straight-72h-400ml,https://cdn.shopify.com/s/files/1/0566/6779/9603/products/loreal-sham-straight-72h-400ml-6575373.jpg?v=1762438670,https://cdn.shopify.com/s/files/1/0566/6779/9603/products/loreal-sham-straight-72h-400ml-6575373.jpg?v=1762438670,hair-care
128.0,EGP,Loreal,Home > العناية بالشعر > لوريال شام ستريت 72 ساعة 400 مل > Back to العناية بالشعر > لوريال كيدز فيري بيري سترو شامبو 250 م,in stock,https://aldawaaegy.com/ar/collections/hair-care/products/loreal-elvive-total-repair-shampoo-200-ml,https://cdn.shopify.com/s/files/1/0566/6779/9603/products/loreal-elvive-total-repair-shampoo-200-ml-5378878.jpg?v=1762438879,https://cdn.shopify.com/s/files/1/0566/6779/9603/products/loreal-elvive-total-repair-shampoo-200-ml-5378878.jpg?v=1762438879,hair-care
247.0,EGP,Loreal,Home > العناية بالشعر > شامبو لوريال الفيف للإصلاح الشامل 200 مل > Back to العناية بالشعر > لوريال إلفيف أرجيني كوند ضد تساقط الشعر 400 مل بنسبة 20%,sold out,https://aldawaaegy.com/ar/collections/hair-care/products/loreal-kids-verry-berry-straw-shamp-250m,https://cdn.shopify.com/s/files/1/0566/6779/9603/products/loreal-kids-verry-berry-strawshamp250m-1550365.jpg?v=1762441035,https://cdn.shopify.com/s/files/1/0566/6779/9603/products/loreal-kids-verry-berry-strawshamp250m-1550365.jpg?v=1762441035,hair-care
55.0,EGP,Loreal,Home > العناية بالشعر > لوريال كيدز فيري بيري سترو شامبو 250 م > Back to العناية بالشعر > شامبو لوريال مغذي عادي للجاف 400 مل,sold out,https://aldawaaegy.com/ar/collections/hair-care/products/loreal-elvive-arginie-resist-anti-hair-fall-cond-400ml-20,https://cdn.shopify.com/s/files/1/0566/6779/9603/products/loreal-elvive-arginie-resist-anti-hair-fall-cond-400ml-at-20-8710616.jpg?v=1762440111,https://cdn.shopify.com/s/files/1/0566/6779/9603/products/loreal-elvive-arginie-resist-anti-hair-fall-cond-400ml-at-20-8710616.jpg?v=1762440111,hair-care
177.0,EGP,Loreal,Home > العناية بالشعر > لوريال إلفيف أرجيني كوند ضد تساقط الشعر 400 مل بنسبة 20% > Back to العناية بالشعر > لوريال شامبو كامل B5 600 مل,in stock,https://aldawaaegy.com/ar/collections/hair-care/products/loreal-shampoo-nourishing-normal-to-dry-400,https://cdn.shopify.com/s/files/1/0566/6779/9603/products/loreal-shampoo-nourishing-normal-to-dry-400-2390900.jpg?v=1762438621,https://cdn.shopify.com/s/files/1/0566/6779/9603/products/loreal-shampoo-nourishing-normal-to-dry-400-2390900.jpg?v=1762438621,hair-care
267.0,EGP,Loreal,Home > العناية بالشعر > شامبو لوريال مغذي عادي للجاف 400 مل > Back to العناية بالشعر > لوريال إكسلانس كول بيرل 8.12,in stock,https://aldawaaegy.com/ar/collections/hair-care/products/loreal-shamp-full-b5-600ml,https://cdn.shopify.com/s/files/1/0566/6779/9603/products/loreal-shamp-full-b5-600ml-9907681.jpg?v=1762438669,https://cdn.shopify.com/s/files/1/0566/6779/9603/products/loreal-shamp-full-b5-600ml-9907681.jpg?v=1762438669,hair-care
394.0,EGP,Loreal,Home > العناية بالشعر > لوريال شامبو كامل B5 600 مل > Back to العناية بالشعر > لوريال بروديجي إتش آر كولور Cr /3.0,in stock,https://aldawaaegy.com/ar/collections/hair-care/products/loreal-excellence-cool-pearl-8-12,https://cdn.shopify.com/s/files/1/0566/6779/9603/products/loreal-excellence-cool-pearl-812-2661908.jpg?v=1762438623,https://cdn.shopify.com/s/files/1/0566/6779/9603/products/loreal-excellence-cool-pearl-812-2661908.jpg?v=1762438623,hair-care
459.0,EGP,Loreal,Home > العناية بالشعر > لوريال إكسلانس كول بيرل 8.12 > Back to العناية بالشعر > شامبو أليجون المضاد لتساقط الشعر 200 مل,in stock,https://aldawaaegy.com/ar/collections/hair-care/products/loreal-prodigy-hr-color-cr-3-0,https://cdn.shopify.com/s/files/1/0566/6779/9603/products/loreal-prodigy-hr-color-cr-30-6449133.jpg?v=1762438508,https://cdn.shopify.com/s/files/1/0566/6779/9603/products/loreal-prodigy-hr-color-cr-30-6449133.jpg?v=1762438508,hair-care
250.0,EGP,Alejon,Home > العناية بالشعر > لوريال بروديجي إتش آر كولور Cr /3.0 > Back to العناية بالشعر > فيلا بورجيني أحادية الجرعة 6*15,in stock,https://aldawaaegy.com/ar/collections/hair-care/products/alejon-hair-shampoo-200ml,https://cdn.shopify.com/s/files/1/0566/6779/9603/products/alejon-hair-shampoo-200ml-8048378.png?v=1762440204,https://cdn.shopify.com/s/files/1/0566/6779/9603/products/alejon-hair-shampoo-200ml-8048378.png?v=1762440204,hair-care
349.0,EGP,Villa,Home > العناية بالشعر > شامبو أليجون المضاد لتساقط الشعر 200 مل > Back to العناية بالشعر > Pharmaceris H-Stimulinum Con+H سينسيتونين شا,sold out,https://aldawaaegy.com/ar/collections/hair-care/products/villa-borghini-mono-dose-6-15,https://cdn.shopify.com/s/files/1/0566/6779/9603/products/villa-borghini-mono-dose-615-3555348.jpg?v=1762440089,https://cdn.shopify.com/s/files/1/0566/6779/9603/products/villa-borghini-mono-dose-615-3555348.jpg?v=1762440089,hair-care
408.0,EGP,Pharmaceris,Home > العناية بالشعر > فيلا بورجيني أحادية الجرعة 6*15 > Back to العناية بالشعر > بي جي شامبو زيت الأرجان وزبدة الشيا 400 مل,sold out,https://aldawaaegy.com/ar/collections/hair-care/products/pharmaceris-h-stimulinum-con-h-sensitonin-sha,https://cdn.shopify.com/s/files/1/0566/6779/9603/products/pharmaceris-h-stimulinum-conh-sensitonin-sha-2701054.jpg?v=1762439582,https://cdn.shopify.com/s/files/1/0566/6779/9603/products/pharmaceris-h-stimulinum-conh-sensitonin-sha-2701054.jpg?v=1762439582,hair-care
349.0,EGP,BG,Home > العناية بالشعر > Pharmaceris H-Stimulinum Con+H سينسيتونين شا > Back to العناية بالشعر > بي جي أرغان سيروم بلس 100 مل,sold out,https://aldawaaegy.com/ar/collections/hair-care/products/bg-argan-oil-shea-butter-shampoo-400ml,https://cdn.shopify.com/s/files/1/0566/6779/9603/products/bg-argan-oilshea-butter-shampoo-400ml-8413312.jpg?v=1762439842,https://cdn.shopify.com/s/files/1/0566/6779/9603/products/bg-argan-oilshea-butter-shampoo-400ml-8413312.jpg?v=1762439842,hair-care
450.0,EGP,BG,Home > العناية بالشعر > بي جي شامبو زيت الأرجان وزبدة الشيا 400 مل > Back to العناية بالشعر > كريم سترونج فيل المغذي للرجال 120 جرام,in stock,https://aldawaaegy.com/ar/collections/hair-care/products/bg-argan-serum-plus-100ml,https://cdn.shopify.com/s/files/1/0566/6779/9603/products/bg-argan-serum-plus-100ml-8402095.jpg?v=1762439235,https://cdn.shopify.com/s/files/1/0566/6779/9603/products/bg-argan-serum-plus-100ml-8402095.jpg?v=1762439235,hair-care
195.0,EGP,Strongville,Home > العناية بالشعر > بي جي أرغان سيروم بلس 100 مل > Back to العناية بالشعر > آبي بلسم للشعر الحريري 250 مل,in stock,https://aldawaaegy.com/ar/collections/hair-care/products/strongville-nourishing-cream-men-120gm,https://cdn.shopify.com/s/files/1/0566/6779/9603/products/strongville-nourishing-cream-men-120gm-6964075.jpg?v=1762439015,https://cdn.shopify.com/s/files/1/0566/6779/9603/products/strongville-nourishing-cream-men-120gm-6964075.jpg?v=1762439015,hair-care
220.0,EGP,Appe,Home > العناية بالشعر > كريم سترونج فيل المغذي للرجال 120 جرام > Back to العناية بالشعر > لوشن بابي ضد تساقط الشعر 125 مل,sold out,https://aldawaaegy.com/ar/collections/hair-care/products/appe-silky-hair-cond-250ml,https://cdn.shopify.com/s/files/1/0566/6779/9603/products/appe-silky-hair-cond-250ml-9205057.jpg?v=1762439305,https://cdn.shopify.com/s/files/1/0566/6779/9603/products/appe-silky-hair-cond-250ml-9205057.jpg?v=1762439305,hair-care
890.0,EGP,Babe,Home > العناية بالشعر > آبي بلسم للشعر الحريري 250 مل > Back to العناية بالشعر > فولتين فارما شامبو مضاد للقشرة 200 مل,sold out,https://aldawaaegy.com/ar/collections/hair-care/products/babe-anti-hair-loss-lotion-125ml,https://cdn.shopify.com/s/files/1/0566/6779/9603/products/babe-anti-hair-loss-lotion-125ml-6176378.jpg?v=1762439020,https://cdn.shopify.com/s/files/1/0566/6779/9603/products/babe-anti-hair-loss-lotion-125ml-6176378.jpg?v=1762439020,hair-care
499.0,EGP,Foltene,Home > العناية بالشعر > لوشن بابي ضد تساقط الشعر 125 مل > Back to العناية بالشعر > أنيفاجين شامبو للشعر مضاد للقشرة 200 مل,in stock,https://aldawaaegy.com/ar/collections/hair-care/products/foltene-pharma-shampoo-antidandruff-200ml,https://cdn.shopify.com/s/files/1/0566/6779/9603/products/foltene-pharma-shampoo-antidandruff-200ml-1907943.jpg?v=1762441072,https://cdn.shopify.com/s/files/1/0566/6779/9603/products/foltene-pharma-shampoo-antidandruff-200ml-1907943.jpg?v=1762441072,hair-care
719.0,EGP,Anivagene,Home > العناية بالشعر > فولتين فارما شامبو مضاد للقشرة 200 مل > Back to العناية بالشعر > قناع أنيفاجين لإصلاح الشعر 125 مل,in stock,https://aldawaaegy.com/ar/collections/hair-care/products/anivagene-anti-dandruff-hair-shampoo-200ml,https://cdn.shopify.com/s/files/1/0566/6779/9603/products/anivagene-anti-dandruff-hair-shampoo-200ml-7291205.jpg?v=1762440368,https://cdn.shopify.com/s/files/1/0566/6779/9603/products/anivagene-anti-dandruff-hair-shampoo-200ml-7291205.jpg?v=1762440368,hair-care
719.0,EGP,Anivagene,Home > العناية بالشعر > أنيفاجين شامبو للشعر مضاد للقشرة 200 مل > Back to العناية بالشعر > أنيفاجين مان بلسم للشعر 125 مل,in stock,https://aldawaaegy.com/ar/collections/hair-care/products/anivagene-mask-hair-repairing-125ml,https://cdn.shopify.com/s/files/1/0566/6779/9603/files/anivagene-hair-mask-125ml-4655237.webp?v=1762439235,https://cdn.shopify.com/s/files/1/0566/6779/9603/files/anivagene-hair-mask-125ml-4655237.webp?v=1762439235,hair-care
379.0,EGP,Anivagene,Home > العناية بالشعر > قناع أنيفاجين لإصلاح الشعر 125 مل > Back to العناية بالشعر > أنيفاجين شامبو للشعر النسائي 200 مل,sold out,https://aldawaaegy.com/ar/collections/hair-care/products/anivagene-man-hair-conditioner-125-ml,https://cdn.shopify.com/s/files/1/0566/6779/9603/products/anivagene-man-hair-conditioner-125-ml-2634125.webp?v=1762439634,https://cdn.shopify.com/s/files/1/0566/6779/9603/products/anivagene-man-hair-conditioner-125-ml-2634125.webp?v=1762439634,hair-care
379.0,EGP,Anivagene,Home > العناية بالشعر > أنيفاجين مان بلسم للشعر 125 مل > Back to العناية بالشعر > أنيفاجين لوشن نسائي مقوي للشعر 125 مل,in stock,https://aldawaaegy.com/ar/collections/hair-care/products/anivagene-woman-hair-shampoo-200ml,https://cdn.shopify.com/s/files/1/0566/6779/9603/products/anivagene-woman-hair-shampoo-200ml-5739609.jpg?v=1762440573,https://cdn.shopify.com/s/files/1/0566/6779/9603/products/anivagene-woman-hair-shampoo-200ml-5739609.jpg?v=1762440573,hair-care
749.0,EGP,Anivagene,Home > العناية بالشعر > أنيفاجين شامبو للشعر النسائي 200 مل > Back to العناية بالشعر > فارماسيرز اتش بلسم 150 مل,in stock,https://aldawaaegy.com/ar/collections/hair-care/products/anivagene-woman-lotion-hair-tonic-125ml,https://cdn.shopify.com/s/files/1/0566/6779/9603/products/anivagene-woman-lotion-hair-tonic-125ml-1222652.jpg?v=1762441345,https://cdn.shopify.com/s/files/1/0566/6779/9603/products/anivagene-woman-lotion-hair-tonic-125ml-1222652.jpg?v=1762441345,hair-care
295.0,EGP,Pharmaceris,Home > العناية بالشعر > أنيفاجين لوشن نسائي مقوي للشعر 125 مل > Back to العناية بالشعر > شامبو بابي المضاد للقشرة الزيتية,sold out,https://aldawaaegy.com/ar/collections/hair-care/products/pharmaceris-h-conditioner-150ml,https://cdn.shopify.com/s/files/1/0566/6779/9603/products/pharmaceris-h-conditioner-150ml-1941611.jpg?v=1762439454,https://cdn.shopify.com/s/files/1/0566/6779/9603/products/pharmaceris-h-conditioner-150ml-1941611.jpg?v=1762439454,hair-care
380.0,EGP,Babe,Home > العناية بالشعر > فارماسيرز اتش بلسم 150 مل > Back to العناية بالشعر > قناع فيلا بورجيني لإعادة الدمج 200 جم,sold out,https://aldawaaegy.com/ar/collections/hair-care/products/babe-anti-oil-dandruff-shampo,https://cdn.shopify.com/s/files/1/0566/6779/9603/products/babe-anti-oil-dandruff-shampoo-250ml-9243203.jpg?v=1762440640,https://cdn.shopify.com/s/files/1/0566/6779/9603/products/babe-anti-oil-dandruff-shampoo-250ml-9243203.jpg?v=1762440640,hair-care
315.0,EGP,Villa,Home > العناية بالشعر > شامبو بابي المضاد للقشرة الزيتية > Back to العناية بالشعر > سوبر كيدز 3 في 1 (شامبو + بلسم + جل استحمام) 500 مل,sold out,https://aldawaaegy.com/ar/collections/hair-care/products/villa-borghini-reintegrating-mask-200-gm,https://cdn.shopify.com/s/files/1/0566/6779/9603/products/villa-borghini-reintegrating-mask-200-gm-4235337.jpg?v=1762439578,https://cdn.shopify.com/s/files/1/0566/6779/9603/products/villa-borghini-reintegrating-mask-200-gm-4235337.jpg?v=1762439578,hair-care
200.0,EGP,SuperKids,Home > العناية بالشعر > قناع فيلا بورجيني لإعادة الدمج 200 جم > Back to العناية بالشعر > ديرمينوم جل العناية بالشعر 150 مل,sold out,https://aldawaaegy.com/ar/collections/hair-care/products/super-kids-3in-1shampoo-cond-bath-gel500ml,https://cdn.shopify.com/s/files/1/0566/6779/9603/products/super-kids-3in-1strawberry-milkshake-fragrance-shampoocondbath-gel500ml-5735297.jpg?v=1762439175,https://cdn.shopify.com/s/files/1/0566/6779/9603/products/super-kids-3in-1strawberry-milkshake-fragrance-shampoocondbath-gel500ml-5735297.jpg?v=1762439175,hair-care
950.0,EGP,Dermenum,Home > العناية بالشعر > سوبر كيدز 3 في 1 (شامبو + بلسم + جل استحمام) 500 مل > Back to العناية بالشعر > سولومارت مصل بروتين الشعر 120 مل,sold out,https://aldawaaegy.com/ar/collections/hair-care/products/dermenum-hair-care-gel-150ml,https://cdn.shopify.com/s/files/1/0566/6779/9603/products/dermenum-hair-care-gel-150ml-1423314.jpg?v=1762439356,https://cdn.shopify.com/s/files/1/0566/6779/9603/products/dermenum-hair-care-gel-150ml-1423314.jpg?v=1762439356,hair-care
620.0,EGP,Solumart,Home > العناية بالشعر > ديرمينوم جل العناية بالشعر 150 مل > Back to العناية بالشعر > مكمل شامبو Ducray Anaphase 200 مل,in stock,https://aldawaaegy.com/ar/collections/hair-care/products/solumart-hair-protein-serum-120ml,https://cdn.shopify.com/s/files/1/0566/6779/9603/products/solumart-hair-protein-serum-120ml-4353968.webp?v=1762439848,https://cdn.shopify.com/s/files/1/0566/6779/9603/products/solumart-hair-protein-serum-120ml-4353968.webp?v=1762439848,hair-care
665.0,EGP,Ducray,Home > العناية بالشعر > سولومارت مصل بروتين الشعر 120 مل > Back to العناية بالشعر > فيشي ديركوس شامبو منشط 200 مل,sold out,https://aldawaaegy.com/ar/collections/hair-care/products/ducray-anaphase-shampooing-complement-200ml,https://cdn.shopify.com/s/files/1/0566/6779/9603/products/ducray-anaphase-shampooing-complement-200ml-3839675.jpg?v=1762439573,https://cdn.shopify.com/s/files/1/0566/6779/9603/products/ducray-anaphase-shampooing-complement-200ml-3839675.jpg?v=1762439573,hair-care
880.0,EGP,Vichy,Home > العناية بالشعر > مكمل شامبو Ducray Anaphase 200 مل > Back to العناية بالشعر > دوكراي كيلوال دي إس شامبو 100 مل,in stock,https://aldawaaegy.com/ar/collections/hair-care/products/vichy-dercos-energising-shampoo-200ml,https://cdn.shopify.com/s/files/1/0566/6779/9603/products/vichy-dercos-energising-shampoo-200ml-9509132.jpg?v=1762439670,https://cdn.shopify.com/s/files/1/0566/6779/9603/products/vichy-dercos-energising-shampoo-200ml-9509132.jpg?v=1762439670,hair-care
819.0,EGP,Ducray,Home > العناية بالشعر > فيشي ديركوس شامبو منشط 200 مل > Back to العناية بالشعر > شامبو نانو لعلاج تساقط الشعر,sold out,https://aldawaaegy.com/ar/collections/hair-care/products/ducray-kelual-ds-shampoo-100ml,https://cdn.shopify.com/s/files/1/0566/6779/9603/products/ducray-kelual-ds-shampoo-100ml-1760487.jpg?v=1762439727,https://cdn.shopify.com/s/files/1/0566/6779/9603/products/ducray-kelual-ds-shampoo-100ml-1760487.jpg?v=1762439727,hair-care
259.0,EGP,Nano Treat,Home > العناية بالشعر > دوكراي كيلوال دي إس شامبو 100 مل > Back to العناية بالشعر > شامبو بيونيكي المضاد للقشرة 200 مل,sold out,https://aldawaaegy.com/ar/collections/hair-care/products/nano-treat-anti-hair-loss-shampoo,https://cdn.shopify.com/s/files/1/0566/6779/9603/products/nano-treat-anti-hair-loss-shampoo-6570199.jpg?v=1762439632,https://cdn.shopify.com/s/files/1/0566/6779/9603/products/nano-treat-anti-hair-loss-shampoo-6570199.jpg?v=1762439632,hair-care
90.0,EGP,Bionike,Home > العناية بالشعر > شامبو نانو لعلاج تساقط الشعر > Back to العناية بالشعر > شامبو فويلا المضاد لتساقط الشعر 200 مل,sold out,https://aldawaaegy.com/ar/collections/hair-care/products/bionike-antidandruff-shampoo-200ml,https://cdn.shopify.com/s/files/1/0566/6779/9603/products/bionike-antidandruff-shampoo-200ml-1885104.jpg?v=1762439454,https://cdn.shopify.com/s/files/1/0566/6779/9603/products/bionike-antidandruff-shampoo-200ml-1885104.jpg?v=1762439454,hair-care
245.0,EGP,Voila,Home > العناية بالشعر > شامبو بيونيكي المضاد للقشرة 200 مل > Back to العناية بالشعر > سيروم للشعر من لكجري بيوتي مضاد للتجعد 50 مل,in stock,https://aldawaaegy.com/ar/collections/hair-care/products/voila-anti-hairloss-shampoo-200ml,https://cdn.shopify.com/s/files/1/0566/6779/9603/products/voila-anti-hair-loss-shampoo-200ml-5341851.png?v=1762439747,https://cdn.shopify.com/s/files/1/0566/6779/9603/products/voila-anti-hair-loss-shampoo-200ml-5341851.png?v=1762439747,hair-care
299.0,EGP,Luxury,Home > العناية بالشعر > شامبو فويلا المضاد لتساقط الشعر 200 مل > Back to العناية بالشعر > مجموعة الشعر المجعد تيلوفل,sold out,https://aldawaaegy.com/ar/collections/hair-care/products/luxury-beauty-hair-serum-anti-frizz-50ml,https://cdn.shopify.com/s/files/1/0566/6779/9603/products/luxury-beauty-hair-serum-anti-frizz-50ml-8940009.jpg?v=1762441610,https://cdn.shopify.com/s/files/1/0566/6779/9603/products/luxury-beauty-hair-serum-anti-frizz-50ml-8940009.jpg?v=1762441610,hair-care
810.0,EGP,Telofill,Home > العناية بالشعر > سيروم للشعر من لكجري بيوتي مضاد للتجعد 50 مل > Back to العناية بالشعر > سيروم الشعر بالارجان من فويلا 50 مل,sold out,https://aldawaaegy.com/ar/collections/hair-care/products/telofill-curly-hair-kit,https://cdn.shopify.com/s/files/1/0566/6779/9603/products/telofill-curly-hair-kit-6427613.webp?v=1762440831,https://cdn.shopify.com/s/files/1/0566/6779/9603/products/telofill-curly-hair-kit-6427613.webp?v=1762440831,hair-care
280.0,EGP,Voila,Home > العناية بالشعر > مجموعة الشعر المجعد تيلوفل > Back to العناية بالشعر > شامبو ألبيسين هايبرد كافيين 250 مل,in stock,https://aldawaaegy.com/ar/collections/hair-care/products/voila-hair-argan-serum-50ml,https://cdn.shopify.com/s/files/1/0566/6779/9603/products/voila-hair-serum-anti-frizz-argan50ml-4965250.png?v=1762440573,https://cdn.shopify.com/s/files/1/0566/6779/9603/products/voila-hair-serum-anti-frizz-argan50ml-4965250.png?v=1762440573,hair-care
405.0,EGP,Alpecin,Home > العناية بالشعر > سيروم الشعر بالارجان من فويلا 50 مل > Back to العناية بالشعر > كريم سترونج فيل المغذي 120 جم,sold out,https://aldawaaegy.com/ar/collections/hair-care/products/alpecin-hybrid-caffein-shamp-250ml,https://cdn.shopify.com/s/files/1/0566/6779/9603/files/alpecin-hybrid-caffeine-shampoo-250ml-6504203.webp?v=1762441724,https://cdn.shopify.com/s/files/1/0566/6779/9603/files/alpecin-hybrid-caffeine-shampoo-250ml-6504203.webp?v=1762441724,hair-care
195.0,EGP,Strongville,Home > العناية بالشعر > شامبو ألبيسين هايبرد كافيين 250 مل > Back to العناية بالشعر > كريم فيلا بورجيني لحماية اللون 200 جم,sold out,https://aldawaaegy.com/ar/collections/hair-care/products/strongville-nourishing-cream-120gm,https://cdn.shopify.com/s/files/1/0566/6779/9603/files/strongville-nourishing-cream-120gm-1970111.jpg?v=1762441039,https://cdn.shopify.com/s/files/1/0566/6779/9603/files/strongville-nourishing-cream-120gm-1970111.jpg?v=1762441039,hair-care
44.0,EGP,Villa,Home > العناية بالشعر > كريم سترونج فيل المغذي 120 جم > Back to العناية بالشعر > فيلا بورجيني سولوزيوني اناجين بلس 150 مل,in stock,https://aldawaaegy.com/ar/collections/hair-care/products/villa-borghini-color-protector-cream-200-gm,https://cdn.shopify.com/s/files/1/0566/6779/9603/products/villa-borghini-color-protector-cream-200-gm-9558266.jpg?v=1762439726,https://cdn.shopify.com/s/files/1/0566/6779/9603/products/villa-borghini-color-protector-cream-200-gm-9558266.jpg?v=1762439726,hair-care
95.0,EGP,Villa,Home > العناية بالشعر > كريم فيلا بورجيني لحماية اللون 200 جم > Back to العناية بالشعر > شامبو تريكوفيل ضد القشرة 200 مل,in stock,https://aldawaaegy.com/ar/collections/hair-care/products/villa-borghini-soluzione-anagen-plus-150ml,https://cdn.shopify.com/s/files/1/0566/6779/9603/products/villa-borghini-soluzione-anagen-plus-150ml-6418890.jpg?v=1762441613,https://cdn.shopify.com/s/files/1/0566/6779/9603/products/villa-borghini-soluzione-anagen-plus-150ml-6418890.jpg?v=1762441613,hair-care
320.0,EGP,Tricovel,Home > العناية بالشعر > فيلا بورجيني سولوزيوني اناجين بلس 150 مل > Back to العناية بالشعر > إكرينال أنب 2 + شامبو للنساء 400 مل,sold out,https://aldawaaegy.com/ar/collections/hair-care/products/tricovel-anti-dand-shampoo-200ml,https://cdn.shopify.com/s/files/1/0566/6779/9603/products/tricovel-anti-dand-shampoo-200ml-3612373.jpg?v=1762440647,https://cdn.shopify.com/s/files/1/0566/6779/9603/products/tricovel-anti-dand-shampoo-200ml-3612373.jpg?v=1762440647,hair-care
650.0,EGP,Ecrinal,Home > العناية بالشعر > شامبو تريكوفيل ضد القشرة 200 مل > Back to العناية بالشعر > بيوبلاس زيت الأرغان العشبي 100 مل,sold out,https://aldawaaegy.com/ar/collections/hair-care/products/ecrinal-anp2-shampo-for-women-400ml,https://cdn.shopify.com/s/files/1/0566/6779/9603/products/ecrinal-anp2-shampo-for-women-400ml-5377747.jpg?v=1762440687,https://cdn.shopify.com/s/files/1/0566/6779/9603/products/ecrinal-anp2-shampo-for-women-400ml-5377747.jpg?v=1762440687,hair-care
440.0,EGP,BIOBLAS,Home > العناية بالشعر > إكرينال أنب 2 + شامبو للنساء 400 مل > Back to العناية بالشعر > زيت دكتور ارجان 75 مل,sold out,https://aldawaaegy.com/ar/collections/hair-care/products/bioblas-herbal-oil-argan-100ml,https://cdn.shopify.com/s/files/1/0566/6779/9603/products/bioblas-herbal-oil-argan-100ml-8469791.webp?v=1762439951,https://cdn.shopify.com/s/files/1/0566/6779/9603/products/bioblas-herbal-oil-argan-100ml-8469791.webp?v=1762439951,hair-care
44.0,EGP,Dr Argan,Home > العناية بالشعر > بيوبلاس زيت الأرغان العشبي 100 مل > Back to العناية بالشعر > بلسم دكتور ارجان 300 مل,in stock,https://aldawaaegy.com/ar/collections/hair-care/products/dr-argan-oil-75ml,https://cdn.shopify.com/s/files/1/0566/6779/9603/products/dr-argan-oil-75ml-2045184.jpg?v=1762439916,https://cdn.shopify.com/s/files/1/0566/6779/9603/products/dr-argan-oil-75ml-2045184.jpg?v=1762439916,hair-care
75.0,EGP,Dr Argan,Home > العناية بالشعر > زيت دكتور ارجان 75 مل > Back to العناية بالشعر > تويست آند جو لوشن بخاخ 250 مل,sold out,https://aldawaaegy.com/ar/collections/hair-care/products/dr-argan-conditioner-300ml,https://cdn.shopify.com/s/files/1/0566/6779/9603/products/dr-argan-conditioner-300ml-5817718.webp?v=1762441299,https://cdn.shopify.com/s/files/1/0566/6779/9603/products/dr-argan-conditioner-300ml-5817718.webp?v=1762441299,hair-care
450.0,EGP,Twist&Go,Home > العناية بالشعر > بلسم دكتور ارجان 300 مل > Back to العناية بالشعر > زيت تولا للشعر 100 مل,in stock,https://aldawaaegy.com/ar/collections/hair-care/products/twist-go-lotion-spray-250ml,https://cdn.shopify.com/s/files/1/0566/6779/9603/files/twistgo-lotion-spray-250ml-7150049.png?v=1762440103,https://cdn.shopify.com/s/files/1/0566/6779/9603/files/twistgo-lotion-spray-250ml-7150049.png?v=1762440103,hair-care
159.0,EGP,Tola,Home > العناية بالشعر > تويست آند جو لوشن بخاخ 250 مل > Back to العناية بالشعر > سيروم الشعر سيناتور,sold out,https://aldawaaegy.com/ar/collections/hair-care/products/tola-oil-rep-hair-100ml,https://cdn.shopify.com/s/files/1/0566/6779/9603/products/tola-oil-rep-hair-100ml-2585204.png?v=1762440381,https://cdn.shopify.com/s/files/1/0566/6779/9603/products/tola-oil-rep-hair-100ml-2585204.png?v=1762440381,hair-care
430.0,EGP,Senator,Home > العناية بالشعر > زيت تولا للشعر 100 مل > Back to العناية بالشعر > شامبو سيفر للشعر الجاف داماد 200 مل,in stock,https://aldawaaegy.com/ar/collections/hair-care/products/senator-hair-serum,https://cdn.shopify.com/s/files/1/0566/6779/9603/products/senator-hair-serum-8626389.webp?v=1762440197,https://cdn.shopify.com/s/files/1/0566/6779/9603/products/senator-hair-serum-8626389.webp?v=1762440197,hair-care
155.0,EGP,Saver,Home > العناية بالشعر > سيروم الشعر سيناتور > Back to العناية بالشعر > نوريفينا شا أوميجا وزيت الأعشاب 220 مل,sold out,https://aldawaaegy.com/ar/collections/hair-care/products/saver-shamp-for-dry-damad-hair-200ml,https://cdn.shopify.com/s/files/1/0566/6779/9603/products/saver-shamp-for-dry-damad-hair-200ml-4991682.webp?v=1762440380,https://cdn.shopify.com/s/files/1/0566/6779/9603/products/saver-shamp-for-dry-damad-hair-200ml-4991682.webp?v=1762440380,hair-care
220.0,EGP,Nurivina,Home > العناية بالشعر > شامبو سيفر للشعر الجاف داماد 200 مل > Back to العناية بالشعر > نورفينا زيت الأرجان 180 مل,in stock,https://aldawaaegy.com/ar/collections/hair-care/products/nurivina-sha-omega-herbal-oil-220ml,https://cdn.shopify.com/s/files/1/0566/6779/9603/products/nurivina-sha-omega-herbal-oil-220ml-4453773.webp?v=1762441039,https://cdn.shopify.com/s/files/1/0566/6779/9603/products/nurivina-sha-omega-herbal-oil-220ml-4453773.webp?v=1762441039,hair-care
240.0,EGP,Nurivina,Home > العناية بالشعر > نوريفينا شا أوميجا وزيت الأعشاب 220 مل > Back to العناية بالشعر > زيت الأرغان نوريفينا 55 مل,sold out,https://aldawaaegy.com/ar/collections/hair-care/products/nurivina-cond-argan-oil180ml,https://cdn.shopify.com/s/files/1/0566/6779/9603/products/nurivina-cond-argan-oil180ml-5368971.webp?v=1762440943,https://cdn.shopify.com/s/files/1/0566/6779/9603/products/nurivina-cond-argan-oil180ml-5368971.webp?v=1762440943,hair-care
290.0,EGP,Nurivina,Home > العناية بالشعر > نورفينا زيت الأرجان 180 مل > Back to العناية بالشعر > نانو علاج تساقط الشعر 6 قوارير,sold out,https://aldawaaegy.com/ar/collections/hair-care/products/nurivina-argan-oil55ml,https://cdn.shopify.com/s/files/1/0566/6779/9603/products/nurivina-argan-oil55ml-6689892.jpg?v=1762440983,https://cdn.shopify.com/s/files/1/0566/6779/9603/products/nurivina-argan-oil55ml-6689892.jpg?v=1762440983,hair-care
549.0,EGP,Nano Treat,Home > العناية بالشعر > زيت الأرغان نوريفينا 55 مل > Back to العناية بالشعر > ميتوبليند شامبو للشعر 200 مل,sold out,https://aldawaaegy.com/ar/collections/hair-care/products/nano-treat-hair-loss-6-vials,https://cdn.shopify.com/s/files/1/0566/6779/9603/products/nano-treat-hair-loss-6-vials-2527266.png?v=1762440584,https://cdn.shopify.com/s/files/1/0566/6779/9603/products/nano-treat-hair-loss-6-vials-2527266.png?v=1762440584,hair-care
169.0,EGP,Metoblend,Home > العناية بالشعر > نانو علاج تساقط الشعر 6 قوارير > Back to العناية بالشعر > ميتوبليند قناع الشعر 250 مل,sold out,https://aldawaaegy.com/ar/collections/hair-care/products/metoblend-hair-shamp-200ml,https://cdn.shopify.com/s/files/1/0566/6779/9603/products/metoblend-hair-shamp-200ml-8270106.jpg?v=1762441677,https://cdn.shopify.com/s/files/1/0566/6779/9603/products/metoblend-hair-shamp-200ml-8270106.jpg?v=1762441677,hair-care
289.0,EGP,Metoblend,Home > العناية بالشعر > ميتوبليند شامبو للشعر 200 مل > Back to العناية بالشعر > لوشن الشعر ميتوبليند 120 مل,sold out,https://aldawaaegy.com/ar/collections/hair-care/products/metoblend-hair-mask-250ml,https://cdn.shopify.com/s/files/1/0566/6779/9603/products/metoblend-hair-mask-250ml-7748255.jpg?v=1762440457,https://cdn.shopify.com/s/files/1/0566/6779/9603/products/metoblend-hair-mask-250ml-7748255.jpg?v=1762440457,hair-care
259.0,EGP,Metoblend,Home > العناية بالشعر > ميتوبليند قناع الشعر 250 مل > Back to العناية بالشعر > بيونيكي شاين أون 5.38 بني شوكولاتة فاتح,sold out,https://aldawaaegy.com/ar/collections/hair-care/products/metoblend-hair-lotion-120ml,https://cdn.shopify.com/s/files/1/0566/6779/9603/products/metoblend-hair-lotion-120ml-8289205.jpg?v=1762441732,https://cdn.shopify.com/s/files/1/0566/6779/9603/products/metoblend-hair-lotion-120ml-8289205.jpg?v=1762441732,hair-care
370.0,EGP,Bionike,Home > العناية بالشعر > لوشن الشعر ميتوبليند 120 مل > Back to العناية بالشعر > بيونيكي شاين أون 5 بني فاتح,sold out,https://aldawaaegy.com/ar/collections/hair-care/products/bionike-shine-on-5-38-chocolate-light-brown,https://cdn.shopify.com/s/files/1/0566/6779/9603/products/bionike-shine-on-538-chocolate-light-brown-6925743.jpg?v=1762441149,https://cdn.shopify.com/s/files/1/0566/6779/9603/products/bionike-shine-on-538-chocolate-light-brown-6925743.jpg?v=1762441149,hair-care
450.0,EGP,Bionike,Home > العناية بالشعر > بيونيكي شاين أون 5.38 بني شوكولاتة فاتح > Back to العناية بالشعر > بيونيك شاين أون 3 بني داكن,sold out,https://aldawaaegy.com/ar/collections/hair-care/products/bionike-shine-on-5-light-brown,https://cdn.shopify.com/s/files/1/0566/6779/9603/products/bionike-shine-on-5-light-brown-5241916.jpg?v=1762441168,https://cdn.shopify.com/s/files/1/0566/6779/9603/products/bionike-shine-on-5-light-brown-5241916.jpg?v=1762441168,hair-care
370.0,EGP,Bionike,Home > العناية بالشعر > بيونيكي شاين أون 5 بني فاتح > Back to العناية بالشعر > شامبو بيونيكي لتنعيم البشرة 400 مل,sold out,https://aldawaaegy.com/ar/collections/hair-care/products/bionike-shine-on-3-dark-brown,https://cdn.shopify.com/s/files/1/0566/6779/9603/products/bionike-shine-on-3-dark-brown-7345136.jpg?v=1762440375,https://cdn.shopify.com/s/files/1/0566/6779/9603/products/bionike-shine-on-3-dark-brown-7345136.jpg?v=1762440375,hair-care
500.0,EGP,Bionike,Home > العناية بالشعر > بيونيك شاين أون 3 بني داكن > Back to العناية بالشعر > بيوبلاس بلسم سائل 100 مل,sold out,https://aldawaaegy.com/ar/collections/hair-care/products/bionike-dermosoothing-shampoo-400ml,https://cdn.shopify.com/s/files/1/0566/6779/9603/products/bionike-dermosoothing-shampoo-400ml-2653184.jpg?v=1762441669,https://cdn.shopify.com/s/files/1/0566/6779/9603/products/bionike-dermosoothing-shampoo-400ml-2653184.jpg?v=1762441669,hair-care
165.0,EGP,BIOBLAS,Home > العناية بالشعر > شامبو بيونيكي لتنعيم البشرة 400 مل > Back to العناية بالشعر > سيروم بيوبلاس فورتي المكثف 100 مل,sold out,https://aldawaaegy.com/ar/collections/hair-care/products/bioblas-liquid-conditioner-100-ml,https://cdn.shopify.com/s/files/1/0566/6779/9603/products/bioblas-liquid-conditioner-100-ml-6897773.webp?v=1762440374,https://cdn.shopify.com/s/files/1/0566/6779/9603/products/bioblas-liquid-conditioner-100-ml-6897773.webp?v=1762440374,hair-care
45.0,EGP,BIOBLAS,Home > العناية بالشعر > بيوبلاس بلسم سائل 100 مل > Back to العناية بالشعر > بلسم الزيوت النباتية بيوبلاس 200 مل,sold out,https://aldawaaegy.com/ar/collections/hair-care/products/bioblas-forte-intensive-serum-100ml,https://cdn.shopify.com/s/files/1/0566/6779/9603/products/bioblas-forte-intensive-serum-100ml-3246397.jpg?v=1762441149,https://cdn.shopify.com/s/files/1/0566/6779/9603/products/bioblas-forte-intensive-serum-100ml-3246397.jpg?v=1762441149,hair-care
350.0,EGP,BIOBLAS,Home > العناية بالشعر > سيروم بيوبلاس فورتي المكثف 100 مل > Back to العناية بالشعر > بيوبلاس ارجان كوند 200,sold out,https://aldawaaegy.com/ar/collections/hair-care/products/bioblas-botanic-oils-cond-200ml,https://cdn.shopify.com/s/files/1/0566/6779/9603/products/bioblas-botanic-oils-cond-200ml-9327409.jpg?v=1762441041,https://cdn.shopify.com/s/files/1/0566/6779/9603/products/bioblas-botanic-oils-cond-200ml-9327409.jpg?v=1762441041,hair-care
340.0,EGP,BIOBLAS,Home > العناية بالشعر > بلسم الزيوت النباتية بيوبلاس 200 مل > Back to العناية بالشعر > بي جي ماسك للشعر بزيت الأرجان وزبدة الشيا 200 مل,sold out,https://aldawaaegy.com/ar/collections/hair-care/products/bioblas-argan-cond-200,https://cdn.shopify.com/s/files/1/0566/6779/9603/products/bioblas-argan-cond-200-9465358.jpg?v=1762440457,https://cdn.shopify.com/s/files/1/0566/6779/9603/products/bioblas-argan-cond-200-9465358.jpg?v=1762440457,hair-care
299.0,EGP,BG,Home > العناية بالشعر > بيوبلاس ارجان كوند 200 > Back to العناية بالشعر > بيوتي كوند افوكادو 250 مل,sold out,https://aldawaaegy.com/ar/collections/hair-care/products/bg-argan-oil-shea-butter-hair-mask-200ml,https://cdn.shopify.com/s/files/1/0566/6779/9603/products/bg-argan-oilshea-butter-hair-mask-200ml-4615824.jpg?v=1762441594,https://cdn.shopify.com/s/files/1/0566/6779/9603/products/bg-argan-oilshea-butter-hair-mask-200ml-4615824.jpg?v=1762441594,hair-care
114.0,EGP,Beaulthy,Home > العناية بالشعر > بي جي ماسك للشعر بزيت الأرجان وزبدة الشيا 200 مل > Back to العناية بالشعر > قناع زيت الأرغان العطري 500 مل,sold out,https://aldawaaegy.com/ar/collections/hair-care/products/beaulthy-cond-avocado-250ml,https://cdn.shopify.com/s/files/1/0566/6779/9603/products/beaulthy-cond-avocado-250ml-2208244.jpg?v=1762440815,https://cdn.shopify.com/s/files/1/0566/6779/9603/products/beaulthy-cond-avocado-250ml-2208244.jpg?v=1762440815,hair-care
1940.0,EGP,Aroma,Home > العناية بالشعر > بيوتي كوند افوكادو 250 مل > Back to العناية بالشعر > أروما زيت الأرغان 100 مل,sold out,https://aldawaaegy.com/ar/collections/hair-care/products/aroma-argan-oil-mask-500ml,https://cdn.shopify.com/s/files/1/0566/6779/9603/products/aroma-argan-oil-mask-500ml-1668355.jpg?v=1762441077,https://cdn.shopify.com/s/files/1/0566/6779/9603/products/aroma-argan-oil-mask-500ml-1668355.jpg?v=1762441077,hair-care
2095.2,EGP,Aroma,Home > العناية بالشعر > قناع زيت الأرغان العطري 500 مل > Back to العناية بالشعر > أنيفاجين شامبو مقوي للرجل 200 مل,in stock,https://aldawaaegy.com/ar/collections/hair-care/products/aroma-argan-oil-100-ml,https://cdn.shopify.com/s/files/1/0566/6779/9603/files/aroma-argan-oil-100-ml-2644900.jpg?v=1762441172,https://cdn.shopify.com/s/files/1/0566/6779/9603/files/aroma-argan-oil-100-ml-2644900.jpg?v=1762441172,hair-care
359.0,EGP,Anivagene,Home > العناية بالشعر > أروما زيت الأرغان 100 مل > Back to العناية بالشعر > أنيفاجين مان لوشن مقوي للشعر 125 مل,in stock,https://aldawaaegy.com/ar/collections/hair-care/products/anivagene-shampoo-fortifying-man-200ml,https://cdn.shopify.com/s/files/1/0566/6779/9603/products/anivagene-shampoo-fortifying-man-200ml-6239411.png?v=1762441378,https://cdn.shopify.com/s/files/1/0566/6779/9603/products/anivagene-shampoo-fortifying-man-200ml-6239411.png?v=1762441378,hair-care
749.0,EGP,Anivagene,Home > العناية بالشعر > أنيفاجين شامبو مقوي للرجل 200 مل > Back to العناية بالشعر > بلسم سائل بيو بلاس باهت 200 مل,in stock,https://aldawaaegy.com/ar/collections/hair-care/products/anivagene-man-lotion-hair-tonic-125-ml,https://cdn.shopify.com/s/files/1/0566/6779/9603/products/anivagene-man-lotion-hair-tonic-125-ml-2626975.jpg?v=1762441352,https://cdn.shopify.com/s/files/1/0566/6779/9603/products/anivagene-man-lotion-hair-tonic-125-ml-2626975.jpg?v=1762441352,hair-care
360.0,EGP,BIOBLAS,Home > العناية بالشعر > أنيفاجين مان لوشن مقوي للشعر 125 مل > Back to العناية بالشعر > شامبو زيت الزيتون النباتي بيو بلاس 360 مل,sold out,https://aldawaaegy.com/ar/collections/hair-care/products/bio-blas-dull-liquid-conditioner-200ml,https://cdn.shopify.com/s/files/1/0566/6779/9603/products/bioblas-dull-liquid-conditioner-200ml-3327462.webp?v=1762441681,https://cdn.shopify.com/s/files/1/0566/6779/9603/products/bioblas-dull-liquid-conditioner-200ml-3327462.webp?v=1762441681,hair-care
350.0,EGP,BIOBLAS,Home > العناية بالشعر > بلسم سائل بيو بلاس باهت 200 مل > Back to العناية بالشعر > شامبو للشعر اليومي للنساء,sold out,https://aldawaaegy.com/ar/collections/hair-care/products/bio-blas-botanic-olive-oil-shamp-360ml,https://cdn.shopify.com/s/files/1/0566/6779/9603/products/bio-blas-botanic-olive-oil-shamp-360ml-8405366.jpg?v=1762441163,https://cdn.shopify.com/s/files/1/0566/6779/9603/products/bio-blas-botanic-olive-oil-shamp-360ml-8405366.jpg?v=1762441163,hair-care
339.0,EGP,Hair Daily,Home > العناية بالشعر > شامبو زيت الزيتون النباتي بيو بلاس 360 مل > Back to العناية بالشعر > بخاخ العناية بالشعر هير أكت 120 مل,sold out,https://aldawaaegy.com/ar/collections/hair-care/products/hair-daily-hair-shampoo-women,https://cdn.shopify.com/s/files/1/0566/6779/9603/products/hair-daily-hair-shampoo-women-7259319.png?v=1762441449,https://cdn.shopify.com/s/files/1/0566/6779/9603/products/hair-daily-hair-shampoo-women-7259319.png?v=1762441449,hair-care
475.0,EGP,Hair Act,Home > العناية بالشعر > شامبو للشعر اليومي للنساء > Back to العناية بالشعر > هير أكت كير 5 أمبولات 10 مل,in stock,https://aldawaaegy.com/ar/collections/hair-care/products/hair-act-care-spray-120ml,https://cdn.shopify.com/s/files/1/0566/6779/9603/products/hair-act-care-spray-120ml-3870792.jpg?v=1762441671,https://cdn.shopify.com/s/files/1/0566/6779/9603/products/hair-act-care-spray-120ml-3870792.jpg?v=1762441671,hair-care
695.0,EGP,Hair Act,Home > العناية بالشعر > بخاخ العناية بالشعر هير أكت 120 مل > Back to العناية بالشعر > شامبو مرطب CLEO Grow,in stock,https://aldawaaegy.com/ar/collections/hair-care/products/hair-act-care-5ampoule-10ml,https://cdn.shopify.com/s/files/1/0566/6779/9603/products/hair-act-care-5ampoule-10ml-8586363.jpg?v=1762441493,https://cdn.shopify.com/s/files/1/0566/6779/9603/products/hair-act-care-5ampoule-10ml-8586363.jpg?v=1762441493,hair-care
200.0,EGP,Cleo,Home > العناية بالشعر > هير أكت كير 5 أمبولات 10 مل > Back to العناية بالشعر > شامبو شعر فيل جود سكالا 250 مل,sold out,https://aldawaaegy.com/ar/collections/hair-care/products/cleo-grow-moisturizing-shampoo,https://cdn.shopify.com/s/files/1/0566/6779/9603/files/cleo-grow-moisturizing-shampoo-8382222.jpg?v=1762440979,https://cdn.shopify.com/s/files/1/0566/6779/9603/files/cleo-grow-moisturizing-shampoo-8382222.jpg?v=1762440979,hair-care
170.0,EGP,Feel Good,Home > العناية بالشعر > شامبو مرطب CLEO Grow > Back to العناية بالشعر > سيروم شعر سكالا فيل جود 120 مل,in stock,https://aldawaaegy.com/ar/collections/hair-care/products/feel-good-scala-hair-shampoo-250ml,https://cdn.shopify.com/s/files/1/0566/6779/9603/products/feel-good-scala-hair-shampoo-250ml-8674617.jpg?v=1762441028,https://cdn.shopify.com/s/files/1/0566/6779/9603/products/feel-good-scala-hair-shampoo-250ml-8674617.jpg?v=1762441028,hair-care
220.0,EGP,Feel Good,Home > العناية بالشعر > شامبو شعر فيل جود سكالا 250 مل > Back to العناية بالشعر,sold out,https://aldawaaegy.com/ar/collections/hair-care/products/feel-good-scala-hair-serum-120ml,https://cdn.shopify.com/s/files/1/0566/6779/9603/products/feel-good-scala-hair-serum-120ml-1061465.webp?v=1762441286,https://cdn.shopify.com/s/files/1/0566/6779/9603/products/feel-good-scala-hair-serum-120ml-1061465.webp?v=1762441286,hair-care
