product_id,name,price,currency,brand,description,availability,url,thumbnail_image,gallery_images,Category
979.0,EGP,La Roche-Posay,Home > العناية بالبشرة > Back to العناية بالبشرة > كريم ديرماكتيف أكت-رابير سيكا 50 مل,in stock,https://aldawaaegy.com/ar/collections/skin-care/products/la-roche-anthelios-sunscreen-50ml,https://cdn.shopify.com/s/files/1/0566/6779/9603/files/laroche-anthelos-gel-cream-uv-mune-400-50ml-8631226.webp?v=1779722827,https://cdn.shopify.com/s/files/1/0566/6779/9603/files/laroche-anthelos-gel-cream-uv-mune-400-50ml-8631226.webp?v=1779722827,skin-care
195.0,EGP,Dermactive,Home > العناية بالبشرة > كريم لاروش بوساي أنثيلوس جل للأشعة فوق البنفسجية 400 50 مل > Back to العناية بالبشرة > جل رغوي للتنظيف أكتي-كلير من ديرماكتيف، 200 مل,in stock,https://aldawaaegy.com/ar/collections/skin-care/products/dermactive-act-rapair-cica-cream-50-ml,https://cdn.shopify.com/s/files/1/0566/6779/9603/files/dermactive-act-rapair-cica-cream-50-ml-6282151.png?v=1762439027,https://cdn.shopify.com/s/files/1/0566/6779/9603/files/dermactive-act-rapair-cica-cream-50-ml-6282151.png?v=1762439027,skin-care
199.0,EGP,Dermactive,Home > العناية بالبشرة > كريم ديرماكتيف أكت-رابير سيكا 50 مل > Back to العناية بالبشرة > سيروم علاج الرموش من كابكسي 10 مل,in stock,https://aldawaaegy.com/ar/collections/skin-care/products/dermactive-acti-clear-cleansing-foaming-gel-200ml,https://cdn.shopify.com/s/files/1/0566/6779/9603/files/dermactive-acti-clear-cleansing-foaming-gel-200ml-5750331.webp?v=1762440072,https://cdn.shopify.com/s/files/1/0566/6779/9603/files/dermactive-acti-clear-cleansing-foaming-gel-200ml-5750331.webp?v=1762440072,skin-care
550.0,EGP,Capixy,Home > العناية بالبشرة > جل رغوي للتنظيف أكتي-كلير من ديرماكتيف، 200 مل > Back to العناية بالبشرة > حليب الجسم شان 300 مل,in stock,https://aldawaaegy.com/ar/collections/skin-care/products/capixy-eye-lash-serum-10ml-2-0,https://cdn.shopify.com/s/files/1/0566/6779/9603/files/capixy-eye-lash-serum-10ml-1140042.jpg?v=1762439441,https://cdn.shopify.com/s/files/1/0566/6779/9603/files/capixy-eye-lash-serum-10ml-1140042.jpg?v=1762439441,skin-care
230.0,EGP,Shaan,Home > العناية بالبشرة > سيروم علاج الرموش من كابكسي 10 مل > Back to العناية بالبشرة > كريم جل ديرماكتيف أكتي-كلير هيدرا ماتيفينج 50 مل,in stock,https://aldawaaegy.com/ar/collections/skin-care/products/shaan-milk-lotion-300ml,https://cdn.shopify.com/s/files/1/0566/6779/9603/files/shaan-body-milk-300ml-4126076.png?v=1763923191,https://cdn.shopify.com/s/files/1/0566/6779/9603/files/shaan-body-milk-300ml-4126076.png?v=1763923191,skin-care
195.0,EGP,Dermactive,Home > العناية بالبشرة > حليب الجسم شان 300 مل > Back to العناية بالبشرة > منظف ​​SPIRE Clearsal المتوازن لدرجة الحموضة 200 مل,in stock,https://aldawaaegy.com/ar/collections/skin-care/products/dermactive-acti-clear-hydra-mattifing-cream-gel-50ml,https://cdn.shopify.com/s/files/1/0566/6779/9603/files/dermactive-acti-clear-hydra-mattifing-cream-gel-50ml-1735509.jpg?v=1762440670,https://cdn.shopify.com/s/files/1/0566/6779/9603/files/dermactive-acti-clear-hydra-mattifing-cream-gel-50ml-1735509.jpg?v=1762440670,skin-care
154.0,EGP,Spire,Home > العناية بالبشرة > كريم جل ديرماكتيف أكتي-كلير هيدرا ماتيفينج 50 مل > Back to العناية بالبشرة > لاروش أنثيليوس UVMune 400 سائل غير مرئي SPF50+ كريم الشمس 50 مل,in stock,https://aldawaaegy.com/ar/collections/skin-care/products/spire-clearsal-ph-balancing-cleanser-200ml,https://cdn.shopify.com/s/files/1/0566/6779/9603/files/spire-clearsal-gentle-cleanser-200ml-8253792.jpg?v=1762437094,https://cdn.shopify.com/s/files/1/0566/6779/9603/files/spire-clearsal-gentle-cleanser-200ml-8253792.jpg?v=1762437094,skin-care
979.0,EGP,La Roche-Posay,Home > العناية بالبشرة > منظف ​​SPIRE Clearsal المتوازن لدرجة الحموضة 200 مل > Back to العناية بالبشرة > سيروم كلاري 100 مل,in stock,https://aldawaaegy.com/ar/collections/skin-care/products/la-roche-posay-anthelos-fluid-uv-mune-400-spf50-50ml,https://cdn.shopify.com/s/files/1/0566/6779/9603/files/laroche-anthelos-fluid-uv-mune-400-spf50-50ml-5471235.jpg?v=1762441737,https://cdn.shopify.com/s/files/1/0566/6779/9603/files/laroche-anthelos-fluid-uv-mune-400-spf50-50ml-5471235.jpg?v=1762441737,skin-care
375.0,EGP,Clary,Home > العناية بالبشرة > لاروش أنثيليوس UVMune 400 سائل غير مرئي SPF50+ كريم الشمس 50 مل > Back to العناية بالبشرة > مستحلب فيشي كابيتال دراي تاتش سوليل بعامل حماية من الشمس 50، 50 مل,in stock,https://aldawaaegy.com/ar/collections/skin-care/products/clary-serum-100ml,https://cdn.shopify.com/s/files/1/0566/6779/9603/products/clary-serum-100ml-7406228.webp?v=1763161435,https://cdn.shopify.com/s/files/1/0566/6779/9603/products/clary-serum-100ml-7406228.webp?v=1763161435,skin-care
1110.0,EGP,Vichy,Home > العناية بالبشرة > سيروم كلاري 100 مل > Back to العناية بالبشرة > ديرما تن ألفا أربوتين 2% سيروم 30 مل,in stock,https://aldawaaegy.com/ar/collections/skin-care/products/vichy-capital-dry-touch-soleil-spf50-emulsion-50ml,https://cdn.shopify.com/s/files/1/0566/6779/9603/products/vichy-capital-dry-touch-soleil-spf50-emulsion-50ml-3117836.jpg?v=1762440506,https://cdn.shopify.com/s/files/1/0566/6779/9603/products/vichy-capital-dry-touch-soleil-spf50-emulsion-50ml-3117836.jpg?v=1762440506,skin-care
300.0,EGP,DERMA TEN,Home > العناية بالبشرة > مستحلب فيشي كابيتال دراي تاتش سوليل بعامل حماية من الشمس 50، 50 مل > Back to العناية بالبشرة > كريم جل لاروش بوساي أنثيليوس ملون 50 مل,sold out,https://aldawaaegy.com/ar/collections/skin-care/products/derma-ten-alpha-arbutin-2-serum-30ml,https://cdn.shopify.com/s/files/1/0566/6779/9603/files/derma-ten-alpha-arbutin-2-serum-30ml-2813578.jpg?v=1762775629,https://cdn.shopify.com/s/files/1/0566/6779/9603/files/derma-ten-alpha-arbutin-2-serum-30ml-2813578.jpg?v=1762775629,skin-care
979.0,EGP,La Roche-Posay,Home > العناية بالبشرة > ديرما تن ألفا أربوتين 2% سيروم 30 مل > Back to العناية بالبشرة > ديرما تن سيروم محيط العين 30 مل,in stock,https://aldawaaegy.com/ar/collections/skin-care/products/la-roche-posay-anthelios-gel-cream-tinted-50ml,https://cdn.shopify.com/s/files/1/0566/6779/9603/products/la-roche-anthelios-gel-cream-tinted-50ml-4825756.webp?v=1762441622,https://cdn.shopify.com/s/files/1/0566/6779/9603/products/la-roche-anthelios-gel-cream-tinted-50ml-4825756.webp?v=1762441622,skin-care
300.0,EGP,DERMA TEN,Home > العناية بالبشرة > كريم جل لاروش بوساي أنثيليوس ملون 50 مل > Back to العناية بالبشرة > سيروم لاروش بوساي هيالو بي 5 30 مل,in stock,https://aldawaaegy.com/ar/collections/skin-care/products/derma-ten-eye-contour-serum-30ml,https://cdn.shopify.com/s/files/1/0566/6779/9603/files/derma-ten-eye-contour-serum-30ml-1237985.jpg?v=1762775759,https://cdn.shopify.com/s/files/1/0566/6779/9603/files/derma-ten-eye-contour-serum-30ml-1237985.jpg?v=1762775759,skin-care
1430.0,EGP,La Roche-Posay,Home > العناية بالبشرة > ديرما تن سيروم محيط العين 30 مل > Back to العناية بالبشرة > لاروش بوزيه Effaclar جل رغوي منقي 200 م,in stock,https://aldawaaegy.com/ar/collections/skin-care/products/la-roche-posay-hyalu-b5-serum-30ml,https://cdn.shopify.com/s/files/1/0566/6779/9603/products/la-roche-hyalu-b5-serum-30ml-9365764.jpg?v=1762440197,https://cdn.shopify.com/s/files/1/0566/6779/9603/products/la-roche-hyalu-b5-serum-30ml-9365764.jpg?v=1762440197,skin-care
730.0,EGP,La Roche-Posay,Home > العناية بالبشرة > سيروم لاروش بوساي هيالو بي 5 30 مل > Back to العناية بالبشرة > مواصفات فيشي ليفتاكتيف كولاجين. 50 م,in stock,https://aldawaaegy.com/ar/collections/skin-care/products/la-roche-posay-effaclar-purifying-foaming-gel-200m,https://cdn.shopify.com/s/files/1/0566/6779/9603/products/la-roche-effaclar-purifying-foaming-gel-200m-4673523.webp?v=1762440680,https://cdn.shopify.com/s/files/1/0566/6779/9603/products/la-roche-effaclar-purifying-foaming-gel-200m-4673523.webp?v=1762440680,skin-care
1700.0,EGP,Vichy,Home > العناية بالبشرة > لاروش بوزيه Effaclar جل رغوي منقي 200 م > Back to العناية بالبشرة > لاروش بوزيه سيكابلاست بوم B5 40 مل,in stock,https://aldawaaegy.com/ar/collections/skin-care/products/vichy-liftactiv-collagen-spec-50m,https://cdn.shopify.com/s/files/1/0566/6779/9603/files/vichy-liftactiv-collagen-spec-50m-6882082.png?v=1762439656,https://cdn.shopify.com/s/files/1/0566/6779/9603/files/vichy-liftactiv-collagen-spec-50m-6882082.png?v=1762439656,skin-care
900.0,EGP,La Roche-Posay,Home > العناية بالبشرة > مواصفات فيشي ليفتاكتيف كولاجين. 50 م > Back to العناية بالبشرة > كولاجرا نياسيناميد منظف البشرة الدهنية 200 مل,in stock,https://aldawaaegy.com/ar/collections/skin-care/products/la-roche-posay-cicaplast-baume-b5-40ml,https://cdn.shopify.com/s/files/1/0566/6779/9603/products/la-roche-cicaplast-baume-b5-40ml-9708476.jpg?v=1762440192,https://cdn.shopify.com/s/files/1/0566/6779/9603/products/la-roche-cicaplast-baume-b5-40ml-9708476.jpg?v=1762440192,skin-care
115.5,EGP,Bio Stream,Home > العناية بالبشرة > لاروش بوزيه سيكابلاست بوم B5 40 مل > Back to العناية بالبشرة > كريم شان لليدين 60 جرام,in stock,https://aldawaaegy.com/ar/collections/skin-care/products/kolagra-niacinamide-oily-skin-cleanser-200ml,https://cdn.shopify.com/s/files/1/0566/6779/9603/files/kolagra-niacinamide-oily-skin-cleanser-200ml-7898144.jpg?v=1762441596,https://cdn.shopify.com/s/files/1/0566/6779/9603/files/kolagra-niacinamide-oily-skin-cleanser-200ml-7898144.jpg?v=1762441596,skin-care
100.0,EGP,Shaan,Home > العناية بالبشرة > كولاجرا نياسيناميد منظف البشرة الدهنية 200 مل > Back to العناية بالبشرة > جل كريم ديرماكتيف أكتي-وايت لمحيط العين 15 مل,in stock,https://aldawaaegy.com/ar/collections/skin-care/products/shaan-hand-cream-60gm,https://cdn.shopify.com/s/files/1/0566/6779/9603/files/shaan-hand-cream-60gm-3728790.png?v=1762436851,https://cdn.shopify.com/s/files/1/0566/6779/9603/files/shaan-hand-cream-60gm-3728790.png?v=1762436851,skin-care
209.0,EGP,Dermactive,Home > العناية بالبشرة > كريم شان لليدين 60 جرام > Back to العناية بالبشرة > جل منظف رغوي من سيرافي للبشرة الدهنية 236 مل,in stock,https://aldawaaegy.com/ar/collections/skin-care/products/dermactive-acti-white-eye-contour-cream-gel-15-ml,https://cdn.shopify.com/s/files/1/0566/6779/9603/products/dermactive-acti-white-eye-contour-cream-gel-15-ml-5160686.webp?v=1762439674,https://cdn.shopify.com/s/files/1/0566/6779/9603/products/dermactive-acti-white-eye-contour-cream-gel-15-ml-5160686.webp?v=1762439674,skin-care
620.0,EGP,Cerave,Home > العناية بالبشرة > جل كريم ديرماكتيف أكتي-وايت لمحيط العين 15 مل > Back to العناية بالبشرة > سيروم فيشي ليفت أكتيف التخصصي B3 30 مل,in stock,https://aldawaaegy.com/ar/collections/skin-care/products/cerave-foming-cleanser-gel-oily-skin-236ml,https://cdn.shopify.com/s/files/1/0566/6779/9603/files/cerave-foming-cleanser-gel-oily-skin-237ml-6758250.png?v=1762440579,https://cdn.shopify.com/s/files/1/0566/6779/9603/files/cerave-foming-cleanser-gel-oily-skin-237ml-6758250.png?v=1762440579,skin-care
1700.0,EGP,Vichy,Home > العناية بالبشرة > جل منظف رغوي من سيرافي للبشرة الدهنية 236 مل > Back to العناية بالبشرة > بيوديرما سينسيبيو جل موسانت 200,in stock,https://aldawaaegy.com/ar/collections/skin-care/products/vichy-lift-activ-specialist-b3-serum-30ml,https://cdn.shopify.com/s/files/1/0566/6779/9603/products/vichy-lift-activ-specialist-b3-serum-30ml-3260708.webp?v=1762440827,https://cdn.shopify.com/s/files/1/0566/6779/9603/products/vichy-lift-activ-specialist-b3-serum-30ml-3260708.webp?v=1762440827,skin-care
825.0,EGP,Bioderma,Home > العناية بالبشرة > سيروم فيشي ليفت أكتيف التخصصي B3 30 مل > Back to العناية بالبشرة > مصل تصحيح ديرماكتيف أكتي-كلير 30 مل,sold out,https://aldawaaegy.com/ar/collections/skin-care/products/bioderma-sensibio-gel-moussant-200,https://cdn.shopify.com/s/files/1/0566/6779/9603/products/bioderma-sensibio-gel-moussant-200-5466209.png?v=1762440271,https://cdn.shopify.com/s/files/1/0566/6779/9603/products/bioderma-sensibio-gel-moussant-200-5466209.png?v=1762440271,skin-care
269.0,EGP,Dermactive,Home > العناية بالبشرة > بيوديرما سينسيبيو جل موسانت 200 > Back to العناية بالبشرة > ديرما تن سيروم سينتيللا اسياتيكا 5% 30 مل,in stock,https://aldawaaegy.com/ar/collections/skin-care/products/dermactive-acti-clear-correcting-serum-30ml,https://cdn.shopify.com/s/files/1/0566/6779/9603/files/dermactive-acti-clear-correcting-serum-30ml-7371125.jpg?v=1762439001,https://cdn.shopify.com/s/files/1/0566/6779/9603/files/dermactive-acti-clear-correcting-serum-30ml-7371125.jpg?v=1762439001,skin-care
300.0,EGP,DERMA TEN,Home > العناية بالبشرة > مصل تصحيح ديرماكتيف أكتي-كلير 30 مل > Back to العناية بالبشرة > لوشن مرطب من سيرافي 236 مل,in stock,https://aldawaaegy.com/ar/collections/skin-care/products/derma-ten-serum-centella-asiatica5-30ml,https://cdn.shopify.com/s/files/1/0566/6779/9603/files/derma-ten-serum-centella-asiatica5-30ml-7873173.webp?v=1762435516,https://cdn.shopify.com/s/files/1/0566/6779/9603/files/derma-ten-serum-centella-asiatica5-30ml-7873173.webp?v=1762435516,skin-care
640.0,EGP,Cerave,Home > العناية بالبشرة > ديرما تن سيروم سينتيللا اسياتيكا 5% 30 مل > Back to العناية بالبشرة > فيشي نورما. فيتوسول. تنقية 200 مل,in stock,https://aldawaaegy.com/ar/collections/skin-care/products/cerave-moisturising-lotion-236ml,https://cdn.shopify.com/s/files/1/0566/6779/9603/products/cerave-moisturising-lotion-236ml-6214318.jpg?v=1762441601,https://cdn.shopify.com/s/files/1/0566/6779/9603/products/cerave-moisturising-lotion-236ml-6214318.jpg?v=1762441601,skin-care
800.0,EGP,Vichy,Home > العناية بالبشرة > لوشن مرطب من سيرافي 236 مل > Back to العناية بالبشرة > كريم بيوديرما بيجمنتبيو للمناطق الحساسة,in stock,https://aldawaaegy.com/ar/collections/skin-care/products/vichy-norma-phytosol-purifying-200ml,https://cdn.shopify.com/s/files/1/0566/6779/9603/files/vichy-norma-phytosol-purifying-200ml-1932415.webp?v=1762439304,https://cdn.shopify.com/s/files/1/0566/6779/9603/files/vichy-norma-phytosol-purifying-200ml-1932415.webp?v=1762439304,skin-care
1045.0,EGP,Bioderma,Home > العناية بالبشرة > فيشي نورما. فيتوسول. تنقية 200 مل > Back to العناية بالبشرة > ديرما تن سيروم حمض الساليسيليك 2% 30 مل,sold out,https://aldawaaegy.com/ar/collections/skin-care/products/bioderma-pigmentbio-sensitive-areas-cream,https://cdn.shopify.com/s/files/1/0566/6779/9603/products/bioderma-pigmentbio-sensitive-areas-cream-6730332.webp?v=1762440578,https://cdn.shopify.com/s/files/1/0566/6779/9603/products/bioderma-pigmentbio-sensitive-areas-cream-6730332.webp?v=1762440578,skin-care
300.0,EGP,DERMA TEN,Home > العناية بالبشرة > كريم بيوديرما بيجمنتبيو للمناطق الحساسة > Back to العناية بالبشرة > شان مرطب الشفاه 5 جم,sold out,https://aldawaaegy.com/ar/collections/skin-care/products/derma-ten-salicylic-acid2-serum-30ml,https://cdn.shopify.com/s/files/1/0566/6779/9603/files/derma-ten-salicylic-acid2-serum-30ml-5215360.jpg?v=1762775729,https://cdn.shopify.com/s/files/1/0566/6779/9603/files/derma-ten-salicylic-acid2-serum-30ml-5215360.jpg?v=1762775729,skin-care
100.0,EGP,Shaan,Home > العناية بالبشرة > ديرما تن سيروم حمض الساليسيليك 2% 30 مل > Back to العناية بالبشرة > لاروش بوساي لتصحيح علامات تقدم السن بعامل حماية من الشمس +50 50 مل,in stock,https://aldawaaegy.com/ar/collections/skin-care/products/shaan-lip-balm-5gm,https://cdn.shopify.com/s/files/1/0566/6779/9603/files/shaan-lip-balm-5gm-3414482.jpg?v=1762436699,https://cdn.shopify.com/s/files/1/0566/6779/9603/files/shaan-lip-balm-5gm-3414482.jpg?v=1762436699,skin-care
1220.0,EGP,La Roche-Posay,Home > العناية بالبشرة > شان مرطب الشفاه 5 جم > Back to العناية بالبشرة > قناع ستارفيل للبشرة المعرضة لحب الشباب,in stock,https://aldawaaegy.com/ar/collections/skin-care/products/la-roche-posay-age-correct-spf-50-50ml,https://cdn.shopify.com/s/files/1/0566/6779/9603/products/la-roche-posay-age-correct-spf50-50ml-6496607.webp?v=1762439922,https://cdn.shopify.com/s/files/1/0566/6779/9603/products/la-roche-posay-age-correct-spf50-50ml-6496607.webp?v=1762439922,skin-care
55.0,EGP,Starville,Home > العناية بالبشرة > لاروش بوساي لتصحيح علامات تقدم السن بعامل حماية من الشمس +50 50 مل > Back to العناية بالبشرة > جل تنظيف الوجه المائي أثناء العطلة 200 مل,in stock,https://aldawaaegy.com/ar/collections/skin-care/products/starville-acne-prone-skin-face-mask,https://cdn.shopify.com/s/files/1/0566/6779/9603/files/starville-acne-prone-skin-face-mask-1-sheets-4487885.png?v=1762437906,https://cdn.shopify.com/s/files/1/0566/6779/9603/files/starville-acne-prone-skin-face-mask-1-sheets-4487885.png?v=1762437906,skin-care
295.0,EGP,Vacation,Home > العناية بالبشرة > قناع ستارفيل للبشرة المعرضة لحب الشباب > Back to العناية بالبشرة > لاروش بوزيه Effaclar H Iso Biome 40 مل,in stock,https://aldawaaegy.com/ar/collections/skin-care/products/vacation-facial-clear-hydrogel-200-ml,https://cdn.shopify.com/s/files/1/0566/6779/9603/files/vacation-facial-clear-hydrogel-200-ml-1323843.png?v=1762439242,https://cdn.shopify.com/s/files/1/0566/6779/9603/files/vacation-facial-clear-hydrogel-200-ml-1323843.png?v=1762439242,skin-care
920.0,EGP,La Roche-Posay,Home > العناية بالبشرة > جل تنظيف الوجه المائي أثناء العطلة 200 مل > Back to العناية بالبشرة > ذا اورديناري نياسيناميد 10% + زنك 1% 30 مل,in stock,https://aldawaaegy.com/ar/collections/skin-care/products/la-roche-posay-effaclar-h-iso-biome-40ml,https://cdn.shopify.com/s/files/1/0566/6779/9603/products/laroche-effaclar-h-iso-biome-40ml-8737802.jpg?v=1762439910,https://cdn.shopify.com/s/files/1/0566/6779/9603/products/laroche-effaclar-h-iso-biome-40ml-8737802.jpg?v=1762439910,skin-care
654.0,EGP,THE ORDINARY,Home > العناية بالبشرة > لاروش بوزيه Effaclar H Iso Biome 40 مل > Back to العناية بالبشرة > سيروم لاروش بوساي بوزيه ريتينول بي 3 30 مل,in stock,https://aldawaaegy.com/ar/collections/skin-care/products/the-ordinary-niacinamide-10-zinc-1-30ml,https://cdn.shopify.com/s/files/1/0566/6779/9603/files/the-ordinary-niacinamide-10zinc-130ml-7212529.webp?v=1762436972,https://cdn.shopify.com/s/files/1/0566/6779/9603/files/the-ordinary-niacinamide-10zinc-130ml-7212529.webp?v=1762436972,skin-care
1590.0,EGP,La Roche-Posay,Home > العناية بالبشرة > ذا اورديناري نياسيناميد 10% + زنك 1% 30 مل > Back to العناية بالبشرة > فيشي كابيتال سوليل يو في إيج ديلي 50+SPF 40 مل,in stock,https://aldawaaegy.com/ar/collections/skin-care/products/la-roche-posay-posay-retinol-b3-serum-30ml,https://cdn.shopify.com/s/files/1/0566/6779/9603/products/laroche-posay-retinol-b3-serum-30ml-4041480.webp?v=1762440368,https://cdn.shopify.com/s/files/1/0566/6779/9603/products/laroche-posay-retinol-b3-serum-30ml-4041480.webp?v=1762440368,skin-care
1220.0,EGP,Vichy,Home > العناية بالبشرة > سيروم لاروش بوساي بوزيه ريتينول بي 3 30 مل > Back to العناية بالبشرة > محلول تفتيح البشرة العادي 7% 240 مل,sold out,https://aldawaaegy.com/ar/collections/skin-care/products/vichy-capital-soleil-uv-age-daily-50-spf-40ml,https://cdn.shopify.com/s/files/1/0566/6779/9603/products/vichy-capital-soleil-uv-age-daily-50spf-40ml-5416178.png?v=1762440755,https://cdn.shopify.com/s/files/1/0566/6779/9603/products/vichy-capital-soleil-uv-age-daily-50spf-40ml-5416178.png?v=1762440755,skin-care
1267.0,EGP,THE ORDINARY,Home > العناية بالبشرة > فيشي كابيتال سوليل يو في إيج ديلي 50+SPF 40 مل > Back to العناية بالبشرة > لاروش بوزيه سيكابلاست بوم B5 بلسم 100 مل,in stock,https://aldawaaegy.com/ar/collections/skin-care/products/the-ordinary-acid7-toning-solution-240ml,https://cdn.shopify.com/s/files/1/0566/6779/9603/files/the-ordinary-glycolic-acid7-240ml-2011680.jpg?v=1762436442,https://cdn.shopify.com/s/files/1/0566/6779/9603/files/the-ordinary-glycolic-acid7-240ml-2011680.jpg?v=1762436442,skin-care
1210.0,EGP,La Roche-Posay,Home > العناية بالبشرة > محلول تفتيح البشرة العادي 7% 240 مل > Back to العناية بالبشرة > تيلوفيل مرطب للوجه 50 مل,in stock,https://aldawaaegy.com/ar/collections/skin-care/products/la-roche-posay-cicaplast-baume-b5-balm-100ml,https://cdn.shopify.com/s/files/1/0566/6779/9603/products/la-roche-cicaplast-baume-b5-balm-100ml-6243116.jpg?v=1762441035,https://cdn.shopify.com/s/files/1/0566/6779/9603/products/la-roche-cicaplast-baume-b5-balm-100ml-6243116.jpg?v=1762441035,skin-care
300.0,EGP,Telofill,Home > العناية بالبشرة > لاروش بوزيه سيكابلاست بوم B5 بلسم 100 مل > Back to العناية بالبشرة > ديرما تن - قوة تنقية المسام - 30 مل,sold out,https://aldawaaegy.com/ar/collections/skin-care/products/telofill-facial-moisturizer-50-ml,https://cdn.shopify.com/s/files/1/0566/6779/9603/products/telofill-facial-moisturizer-50-ml-3260230.webp?v=1762440676,https://cdn.shopify.com/s/files/1/0566/6779/9603/products/telofill-facial-moisturizer-50-ml-3260230.webp?v=1762440676,skin-care
300.0,EGP,DERMA TEN,Home > العناية بالبشرة > تيلوفيل مرطب للوجه 50 مل > Back to العناية بالبشرة > حليب الجسم شان توليب روز 300 مل,in stock,https://aldawaaegy.com/ar/collections/skin-care/products/derma-ten-pore-refining-power-30ml,https://cdn.shopify.com/s/files/1/0566/6779/9603/files/derma-ten-pore-refining-power-30ml-3754046.jpg?v=1762775788,https://cdn.shopify.com/s/files/1/0566/6779/9603/files/derma-ten-pore-refining-power-30ml-3754046.jpg?v=1762775788,skin-care
250.0,EGP,Shaan,Home > العناية بالبشرة > ديرما تن - قوة تنقية المسام - 30 مل > Back to العناية بالبشرة > لاروش بوزيه إنوفيشن إيفاكلار ديو(+) 40 مل,in stock,https://aldawaaegy.com/ar/collections/skin-care/products/shaan-body-milk-tulip-rose-300ml,https://cdn.shopify.com/s/files/1/0566/6779/9603/files/shaan-body-milk-tulip-rose-300ml-8881275.png?v=1762436730,https://cdn.shopify.com/s/files/1/0566/6779/9603/files/shaan-body-milk-tulip-rose-300ml-8881275.png?v=1762436730,skin-care
829.0,EGP,La Roche-Posay,Home > العناية بالبشرة > حليب الجسم شان توليب روز 300 مل > Back to العناية بالبشرة > لاروش بوساي Posay Eff Micro Peeling 200 مل,in stock,https://aldawaaegy.com/ar/collections/skin-care/products/la-roche-posay-innovation-effaclar-duo-40ml,https://cdn.shopify.com/s/files/1/0566/6779/9603/files/la-roche-innovation-effaclar-duo-40ml-tinted-6254484.webp?v=1762441474,https://cdn.shopify.com/s/files/1/0566/6779/9603/files/la-roche-innovation-effaclar-duo-40ml-tinted-6254484.webp?v=1762441474,skin-care
790.0,EGP,La Roche-Posay,Home > العناية بالبشرة > لاروش بوزيه إنوفيشن إيفاكلار ديو(+) 40 مل > Back to العناية بالبشرة > لاروش بوزيه Effaclar H Iso-Biome Cleansing 200 مل,in stock,https://aldawaaegy.com/ar/collections/skin-care/products/la-roche-posay-posay-eff-micro-peeling-200ml,https://cdn.shopify.com/s/files/1/0566/6779/9603/products/la-roche-posay-eff-micro-peeling-200ml-7664942.jpg?v=1762441075,https://cdn.shopify.com/s/files/1/0566/6779/9603/products/la-roche-posay-eff-micro-peeling-200ml-7664942.jpg?v=1762441075,skin-care
830.0,EGP,La Roche-Posay,Home > العناية بالبشرة > لاروش بوساي Posay Eff Micro Peeling 200 مل > Back to العناية بالبشرة > تيلوفيل محيط العين 17 مل,in stock,https://aldawaaegy.com/ar/collections/skin-care/products/la-roche-posay-effaclar-h-iso-biome-cleansing-200ml,https://cdn.shopify.com/s/files/1/0566/6779/9603/products/laroche-effaclar-h-iso-biome-cleansing-200ml-2333790.webp?v=1762439951,https://cdn.shopify.com/s/files/1/0566/6779/9603/products/laroche-effaclar-h-iso-biome-cleansing-200ml-2333790.webp?v=1762439951,skin-care
450.0,EGP,Telofill,Home > العناية بالبشرة > لاروش بوزيه Effaclar H Iso-Biome Cleansing 200 مل > Back to العناية بالبشرة > جل كريم ديرماكتيف أكتي-كلير العالمي 50 مل,in stock,https://aldawaaegy.com/ar/collections/skin-care/products/telofill-eye-contour-17-ml,https://cdn.shopify.com/s/files/1/0566/6779/9603/products/telofill-eye-contour-17-ml-6274117.jpg?v=1762439844,https://cdn.shopify.com/s/files/1/0566/6779/9603/products/telofill-eye-contour-17-ml-6274117.jpg?v=1762439844,skin-care
239.0,EGP,Dermactive,Home > العناية بالبشرة > تيلوفيل محيط العين 17 مل > Back to العناية بالبشرة > حليب الجسم شان بالفانيليا وجوز الهند 300 مل,in stock,https://aldawaaegy.com/ar/collections/skin-care/products/dermactive-acti-clear-global-cream-gel-50ml,https://cdn.shopify.com/s/files/1/0566/6779/9603/files/dermactive-acti-clear-global-cream-gel-50ml-8758697.jpg?v=1762440821,https://cdn.shopify.com/s/files/1/0566/6779/9603/files/dermactive-acti-clear-global-cream-gel-50ml-8758697.jpg?v=1762440821,skin-care
250.0,EGP,Shaan,Home > العناية بالبشرة > جل كريم ديرماكتيف أكتي-كلير العالمي 50 مل > Back to العناية بالبشرة > مرطب ديرماكتيف أكتي ريبير 200 مل,in stock,https://aldawaaegy.com/ar/collections/skin-care/products/shaan-body-milk-vanilla-coconut-300ml,https://cdn.shopify.com/s/files/1/0566/6779/9603/files/shaan-body-milk-vanilla-coconut-300ml-5416564.png?v=1762436967,https://cdn.shopify.com/s/files/1/0566/6779/9603/files/shaan-body-milk-vanilla-coconut-300ml-5416564.png?v=1762436967,skin-care
299.0,EGP,Dermactive,Home > العناية بالبشرة > حليب الجسم شان بالفانيليا وجوز الهند 300 مل > Back to العناية بالبشرة > كريم سيباكلار هيدرا 50 مل,in stock,https://aldawaaegy.com/ar/collections/skin-care/products/dermactive-acti-repair-emollient-200ml,https://cdn.shopify.com/s/files/1/0566/6779/9603/files/dermactive-acti-repair-emollient-200ml-7777658.jpg?v=1762437907,https://cdn.shopify.com/s/files/1/0566/6779/9603/files/dermactive-acti-repair-emollient-200ml-7777658.jpg?v=1762437907,skin-care
286.0,EGP,Sebaclar,Home > العناية بالبشرة > مرطب ديرماكتيف أكتي ريبير 200 مل > Back to العناية بالبشرة > سيروم تصحيح وتفتيح البشرة أكتي-وايت من ديرماكتيف 30 مل,in stock,https://aldawaaegy.com/ar/collections/skin-care/products/sebaclar-hydra-moist-cream-50ml,https://cdn.shopify.com/s/files/1/0566/6779/9603/files/sebaclar-hydra-moist-cream-50ml-5359243.jpg?v=1762441490,https://cdn.shopify.com/s/files/1/0566/6779/9603/files/sebaclar-hydra-moist-cream-50ml-5359243.jpg?v=1762441490,skin-care
269.0,EGP,Dermactive,Home > العناية بالبشرة > كريم سيباكلار هيدرا 50 مل > Back to العناية بالبشرة > كريم مرطب من سيرافي 340 جم,in stock,https://aldawaaegy.com/ar/collections/skin-care/products/dermactive-acti-white-brightening-correctinc-serum-30ml,https://cdn.shopify.com/s/files/1/0566/6779/9603/products/dermactive-acti-white-brightening-correctinc-serum-30ml-7546829.webp?v=1762438974,https://cdn.shopify.com/s/files/1/0566/6779/9603/products/dermactive-acti-white-brightening-correctinc-serum-30ml-7546829.webp?v=1762438974,skin-care
850.0,EGP,Cerave,Home > العناية بالبشرة > سيروم تصحيح وتفتيح البشرة أكتي-وايت من ديرماكتيف 30 مل > Back to العناية بالبشرة > كريم إزالة التصبغ أكتي وايت من ديرماكتيف 50 مل,in stock,https://aldawaaegy.com/ar/collections/skin-care/products/cerave-moisturising-cream-340gm,https://cdn.shopify.com/s/files/1/0566/6779/9603/products/cerave-moisturising-cream-340gm-8254107.jpg?v=1762440114,https://cdn.shopify.com/s/files/1/0566/6779/9603/products/cerave-moisturising-cream-340gm-8254107.jpg?v=1762440114,skin-care
239.0,EGP,Dermactive,Home > العناية بالبشرة > كريم مرطب من سيرافي 340 جم > Back to العناية بالبشرة > سيروم الوجه النياسيناميد للعطلات 30 مل,in stock,https://aldawaaegy.com/ar/collections/skin-care/products/dermactive-acti-white-depigmenting-cream-50ml,https://cdn.shopify.com/s/files/1/0566/6779/9603/products/dermactive-acti-white-depigmenting-cream-50ml-6835291.jpg?v=1762438861,https://cdn.shopify.com/s/files/1/0566/6779/9603/products/dermactive-acti-white-depigmenting-cream-50ml-6835291.jpg?v=1762438861,skin-care
475.0,EGP,Vacation,Home > العناية بالبشرة > كريم إزالة التصبغ أكتي وايت من ديرماكتيف 50 مل > Back to العناية بالبشرة > BIONNEX THE NORDEA حمض الهيالورونيك 2% + الطحالب القطبية + مصل B5 30 مل,in stock,https://aldawaaegy.com/ar/collections/skin-care/products/vacation-niacinamide-face-serum-30ml,https://cdn.shopify.com/s/files/1/0566/6779/9603/files/vacation-niacinamide-face-serum-30ml-2570312.png?v=1762436611,https://cdn.shopify.com/s/files/1/0566/6779/9603/files/vacation-niacinamide-face-serum-30ml-2570312.png?v=1762436611,skin-care
619.0,EGP,BIONNEX,Home > العناية بالبشرة > سيروم الوجه النياسيناميد للعطلات 30 مل > Back to العناية بالبشرة > فيشي مينرال 0.89 50 مل,in stock,https://aldawaaegy.com/ar/collections/skin-care/products/bionnex-the-nordea-hyaluronic-acid-2-arctic-algae-b5-serum-30ml,https://cdn.shopify.com/s/files/1/0566/6779/9603/files/bionnex-nordea-hyaluronic-serum-30ml-4592053.jpg?v=1762437547,https://cdn.shopify.com/s/files/1/0566/6779/9603/files/bionnex-nordea-hyaluronic-serum-30ml-4592053.jpg?v=1762437547,skin-care
1350.0,EGP,Vichy,Home > العناية بالبشرة > BIONNEX THE NORDEA حمض الهيالورونيك 2% + الطحالب القطبية + مصل B5 30 مل > Back to العناية بالبشرة > ديرماكتيف أكتي-وايت حليب الجسم 2 في 1 200 مل,in stock,https://aldawaaegy.com/ar/collections/skin-care/products/vichy-mineral-0-89-50ml,https://cdn.shopify.com/s/files/1/0566/6779/9603/products/vichy-mineral-89-50ml-2857936.jpg?v=1762440641,https://cdn.shopify.com/s/files/1/0566/6779/9603/products/vichy-mineral-89-50ml-2857936.jpg?v=1762440641,skin-care
269.0,EGP,Dermactive,Home > العناية بالبشرة > فيشي مينرال 0.89 50 مل > Back to العناية بالبشرة > ديرما تين مصل هيالورونيك 2% 30 مل,in stock,https://aldawaaegy.com/ar/collections/skin-care/products/dermactive-acti-white-body-milk-2in1200ml,https://cdn.shopify.com/s/files/1/0566/6779/9603/products/dermactive-acti-white-body-milk-2in1200ml-9697611.webp?v=1762439749,https://cdn.shopify.com/s/files/1/0566/6779/9603/products/dermactive-acti-white-body-milk-2in1200ml-9697611.webp?v=1762439749,skin-care
300.0,EGP,DERMA TEN,Home > العناية بالبشرة > ديرماكتيف أكتي-وايت حليب الجسم 2 في 1 200 مل > Back to العناية بالبشرة > سيروم متعدد الببتيدات لتجديد البشرة من ايفلين كوزماتيكس، 30 مل,in stock,https://aldawaaegy.com/ar/collections/skin-care/products/derma-ten-hyaluronic2-serum-30ml,https://cdn.shopify.com/s/files/1/0566/6779/9603/files/derma-ten-hyaluronic2-serum-30ml-9806092.jpg?v=1762775681,https://cdn.shopify.com/s/files/1/0566/6779/9603/files/derma-ten-hyaluronic2-serum-30ml-9806092.jpg?v=1762775681,skin-care
599.0,EGP,Eveline,Home > العناية بالبشرة > ديرما تين مصل هيالورونيك 2% 30 مل > Back to العناية بالبشرة > ايفلين كوزماتيكس بيل شوت 15% حمض الجليكوليك لتنعيم البشرة 30 مل,in stock,https://aldawaaegy.com/ar/collections/skin-care/products/eveline-cosmetics-serum-shot-multi-peptides-rejuvenation-30ml,https://cdn.shopify.com/s/files/1/0566/6779/9603/files/eveline-serum-shot-multi-peptudy-30ml-4602922.jpg?v=1762437830,https://cdn.shopify.com/s/files/1/0566/6779/9603/files/eveline-serum-shot-multi-peptudy-30ml-4602922.jpg?v=1762437830,skin-care
599.0,EGP,Eveline,Home > العناية بالبشرة > سيروم متعدد الببتيدات لتجديد البشرة من ايفلين كوزماتيكس، 30 مل > Back to العناية بالبشرة > إيزيس يونيتون 4 كريم أبيض 15 مل,in stock,https://aldawaaegy.com/ar/collections/skin-care/products/eveline-cosmetics-peel-shot-15-glycolic-acid-smoothing-30ml,https://cdn.shopify.com/s/files/1/0566/6779/9603/files/eveline-peel-shot-15-glycolic-acid-30ml-5493227.jpg?v=1762438212,https://cdn.shopify.com/s/files/1/0566/6779/9603/files/eveline-peel-shot-15-glycolic-acid-30ml-5493227.jpg?v=1762438212,skin-care
815.0,EGP,ISISPHARMA,Home > العناية بالبشرة > ايفلين كوزماتيكس بيل شوت 15% حمض الجليكوليك لتنعيم البشرة 30 مل > Back to العناية بالبشرة > لاروش بوساي أنثيليوس Uvmune400 كريم مرطب 50 مل,sold out,https://aldawaaegy.com/ar/collections/skin-care/products/isis-unitone-4-white-cream-15ml,https://cdn.shopify.com/s/files/1/0566/6779/9603/products/isis-unitone-4-white-cream-15ml-5311564.jpg?v=1762440274,https://cdn.shopify.com/s/files/1/0566/6779/9603/products/isis-unitone-4-white-cream-15ml-5311564.jpg?v=1762440274,skin-care
1039.0,EGP,La Roche-Posay,Home > العناية بالبشرة > إيزيس يونيتون 4 كريم أبيض 15 مل > Back to العناية بالبشرة > كريم لاروش بوزيه ايفاكلار مات 40 مل,in stock,https://aldawaaegy.com/ar/collections/skin-care/products/la-roche-posay-anthelios-uvmune400-hydrating-cream-50ml,https://cdn.shopify.com/s/files/1/0566/6779/9603/products/la-rocheposay-anthelios-uvmune400-hydrating-cream-50ml-8460285.webp?v=1762441606,https://cdn.shopify.com/s/files/1/0566/6779/9603/products/la-rocheposay-anthelios-uvmune400-hydrating-cream-50ml-8460285.webp?v=1762441606,skin-care
920.0,EGP,La Roche-Posay,Home > العناية بالبشرة > لاروش بوساي أنثيليوس Uvmune400 كريم مرطب 50 مل > Back to العناية بالبشرة > بيزلين تونر فوري للوجه 200 مل,in stock,https://aldawaaegy.com/ar/collections/skin-care/products/la-roche-posay-effaclar-mat-cream-40ml,https://cdn.shopify.com/s/files/1/0566/6779/9603/products/la-roche-effaclar-mat-cream-40ml-7669466.jpg?v=1762440940,https://cdn.shopify.com/s/files/1/0566/6779/9603/products/la-roche-effaclar-mat-cream-40ml-7669466.jpg?v=1762440940,skin-care
570.0,EGP,Beesline,Home > العناية بالبشرة > كريم لاروش بوزيه ايفاكلار مات 40 مل > Back to العناية بالبشرة > بيوديرما سيكابيو كريم 40 مل,in stock,https://aldawaaegy.com/ar/collections/skin-care/products/beesline-instant-bright-facial-toner-200ml,https://cdn.shopify.com/s/files/1/0566/6779/9603/products/beesline-instant-bright-facial-toner-200ml-8376811.webp?v=1762440075,https://cdn.shopify.com/s/files/1/0566/6779/9603/products/beesline-instant-bright-facial-toner-200ml-8376811.webp?v=1762440075,skin-care
799.0,EGP,Bioderma,Home > العناية بالبشرة > بيزلين تونر فوري للوجه 200 مل > Back to العناية بالبشرة > بوباي جل تفتيح إضافي للوقاية من الشمس بعامل حماية 50,sold out,https://aldawaaegy.com/ar/collections/skin-care/products/bioderma-cicabio-cream-40ml,https://cdn.shopify.com/s/files/1/0566/6779/9603/products/bioderma-cicabio-cream-40ml-7516587.jpg?v=1762438974,https://cdn.shopify.com/s/files/1/0566/6779/9603/products/bioderma-cicabio-cream-40ml-7516587.jpg?v=1762438974,skin-care
350.0,EGP,Bobai,Home > العناية بالبشرة > بيوديرما سيكابيو كريم 40 مل > Back to العناية بالبشرة > DERMACTIVE ACTI REP MOIS FACE HYDRO GEL 50ML,in stock,https://aldawaaegy.com/ar/collections/skin-care/products/bobai-sunscreen-extra-lightening-gel-spf-50,https://cdn.shopify.com/s/files/1/0566/6779/9603/products/bobai-sunscreen-extra-lightening-gel-spf-50-1297125.webp?v=1762439717,https://cdn.shopify.com/s/files/1/0566/6779/9603/products/bobai-sunscreen-extra-lightening-gel-spf-50-1297125.webp?v=1762439717,skin-care
195.0,EGP,Dermactive,Home > العناية بالبشرة > بوباي جل تفتيح إضافي للوقاية من الشمس بعامل حماية 50 > Back to العناية بالبشرة > أسيليا لايف سيروم تفتيح البشرة الاحترافي الحساس 30 مل,in stock,https://aldawaaegy.com/ar/collections/skin-care/products/dermactive-acti-rep-mois-face-hydro-gel-50ml,https://cdn.shopify.com/s/files/1/0566/6779/9603/files/dermactive-acti-rep-mois-face-hydro-gel-50ml-1232949.jpg?v=1762437032,https://cdn.shopify.com/s/files/1/0566/6779/9603/files/dermactive-acti-rep-mois-face-hydro-gel-50ml-1232949.jpg?v=1762437032,skin-care
350.0,EGP,Aselia,Home > العناية بالبشرة > DERMACTIVE ACTI REP MOIS FACE HYDRO GEL 50ML > Back to العناية بالبشرة > لوشن مرطب من سيرافي 473 مل,sold out,https://aldawaaegy.com/ar/collections/skin-care/products/aselia-life-lightening-serum-professional-sensitive-30-ml,https://cdn.shopify.com/s/files/1/0566/6779/9603/files/aselia-life-lightening-serum-professional-sensitive-30-ml-8231303.webp?v=1762441397,https://cdn.shopify.com/s/files/1/0566/6779/9603/files/aselia-life-lightening-serum-professional-sensitive-30-ml-8231303.webp?v=1762441397,skin-care
1030.0,EGP,Cerave,Home > العناية بالبشرة > أسيليا لايف سيروم تفتيح البشرة الاحترافي الحساس 30 مل > Back to العناية بالبشرة > كريم مرطب من سيرافي 177 مل,in stock,https://aldawaaegy.com/ar/collections/skin-care/products/cerave-moisturising-lotion-473ml,https://cdn.shopify.com/s/files/1/0566/6779/9603/products/cerave-moisturising-lotion-473ml-6747313.jpg?v=1762441730,https://cdn.shopify.com/s/files/1/0566/6779/9603/products/cerave-moisturising-lotion-473ml-6747313.jpg?v=1762441730,skin-care
550.0,EGP,Cerave,Home > العناية بالبشرة > لوشن مرطب من سيرافي 473 مل > Back to العناية بالبشرة > جل رغوي لتفتيح البشرة أكتي-وايت من ديرماكتيف 200 مل,in stock,https://aldawaaegy.com/ar/collections/skin-care/products/cerave-moisturising-cream-177ml,https://cdn.shopify.com/s/files/1/0566/6779/9603/products/cerave-moisturising-cream-177ml-6825588.webp?v=1762439722,https://cdn.shopify.com/s/files/1/0566/6779/9603/products/cerave-moisturising-cream-177ml-6825588.webp?v=1762439722,skin-care
199.0,EGP,Dermactive,Home > العناية بالبشرة > كريم مرطب من سيرافي 177 مل > Back to العناية بالبشرة > ستارفيل غسول تبييض 200 مل,in stock,https://aldawaaegy.com/ar/collections/skin-care/products/dermactive-acti-white-brightening-foaming-gel-200-ml,https://cdn.shopify.com/s/files/1/0566/6779/9603/files/dermactive-acti-white-brightening-foaming-gel-200-ml-3558975.jpg?v=1762439956,https://cdn.shopify.com/s/files/1/0566/6779/9603/files/dermactive-acti-white-brightening-foaming-gel-200-ml-3558975.jpg?v=1762439956,skin-care
180.0,EGP,Starville,Home > العناية بالبشرة > جل رغوي لتفتيح البشرة أكتي-وايت من ديرماكتيف 200 مل > Back to العناية بالبشرة > سيروم الوجه بحمض الهيالورونيك للعطلات 30 مل,in stock,https://aldawaaegy.com/ar/collections/skin-care/products/starville-whitening-cleanser-200-ml,https://cdn.shopify.com/s/files/1/0566/6779/9603/files/starville-whitening-cleanser-200-ml-9308902.webp?v=1762441573,https://cdn.shopify.com/s/files/1/0566/6779/9603/files/starville-whitening-cleanser-200-ml-9308902.webp?v=1762441573,skin-care
550.0,EGP,Vacation,Home > العناية بالبشرة > ستارفيل غسول تبييض 200 مل > Back to العناية بالبشرة > كريم فيشي ليفتاكتيف نايت سوبريم 50 مل,in stock,https://aldawaaegy.com/ar/collections/skin-care/products/vacation-hyaluronic-face-serum-30ml,https://cdn.shopify.com/s/files/1/0566/6779/9603/files/vacation-hyaluronic-face-serum-30ml-3662767.png?v=1762437506,https://cdn.shopify.com/s/files/1/0566/6779/9603/files/vacation-hyaluronic-face-serum-30ml-3662767.png?v=1762437506,skin-care
1400.0,EGP,Vichy,Home > العناية بالبشرة > سيروم الوجه بحمض الهيالورونيك للعطلات 30 مل > Back to العناية بالبشرة > إيزيس بودي تون وايت 100 مل,sold out,https://aldawaaegy.com/ar/collections/skin-care/products/vichy-liftactiv-night-supreme-cream-50ml,https://cdn.shopify.com/s/files/1/0566/6779/9603/products/vichy-liftactiv-night-supreme-cream-50ml-4501459.webp?v=1762439741,https://cdn.shopify.com/s/files/1/0566/6779/9603/products/vichy-liftactiv-night-supreme-cream-50ml-4501459.webp?v=1762439741,skin-care
1515.0,EGP,ISISPHARMA,Home > العناية بالبشرة > كريم فيشي ليفتاكتيف نايت سوبريم 50 مل > Back to العناية بالبشرة > إيزيس يونيتون 4 كريم أبيض 30 مل,sold out,https://aldawaaegy.com/ar/collections/skin-care/products/isis-bodytone-white-100ml,https://cdn.shopify.com/s/files/1/0566/6779/9603/files/isis-bodytone-white-100ml-9421832.jpg?v=1762440457,https://cdn.shopify.com/s/files/1/0566/6779/9603/files/isis-bodytone-white-100ml-9421832.jpg?v=1762440457,skin-care
1015.0,EGP,ISISPHARMA,Home > العناية بالبشرة > إيزيس بودي تون وايت 100 مل > Back to العناية بالبشرة > كريم ديرماكتيف أكتي سولير فائق السوائل بعامل حماية من الشمس 50+ 50 مل,sold out,https://aldawaaegy.com/ar/collections/skin-care/products/isis-unitone-4-white-cream-30ml,https://cdn.shopify.com/s/files/1/0566/6779/9603/files/isis-unitone-4-white-cream-30ml-1262377.jpg?v=1762439123,https://cdn.shopify.com/s/files/1/0566/6779/9603/files/isis-unitone-4-white-cream-30ml-1262377.jpg?v=1762439123,skin-care
279.0,EGP,Dermactive,Home > العناية بالبشرة > إيزيس يونيتون 4 كريم أبيض 30 مل > Back to العناية بالبشرة > يوسيرين كريم سائل للحماية من الشمس 50 مل,in stock,https://aldawaaegy.com/ar/collections/skin-care/products/dermactive-acti-solaire-ultra-fluid-cream-spf-5050ml,https://cdn.shopify.com/s/files/1/0566/6779/9603/products/dermactive-acti-solaire-ultra-fluid-cream-spf-50-50ml-5760272.webp?v=1762439663,https://cdn.shopify.com/s/files/1/0566/6779/9603/products/dermactive-acti-solaire-ultra-fluid-cream-spf-50-50ml-5760272.webp?v=1762439663,skin-care
1039.0,EGP,Eucerin,Home > العناية بالبشرة > كريم ديرماكتيف أكتي سولير فائق السوائل بعامل حماية من الشمس 50+ 50 مل > Back to العناية بالبشرة > ديرما تين مصل الريتينول 1% 30 مل,in stock,https://aldawaaegy.com/ar/collections/skin-care/products/eucerin-pigment-cont-sun-fluid-cream-50ml,https://cdn.shopify.com/s/files/1/0566/6779/9603/products/eucerin-pigment-cont-sun-fluid-cream-50ml-8892852.webp?v=1762438768,https://cdn.shopify.com/s/files/1/0566/6779/9603/products/eucerin-pigment-cont-sun-fluid-cream-50ml-8892852.webp?v=1762438768,skin-care
300.0,EGP,DERMA TEN,Home > العناية بالبشرة > يوسيرين كريم سائل للحماية من الشمس 50 مل > Back to العناية بالبشرة > بيزلين كريم النهار لتفتيح فوري 50 مل,in stock,https://aldawaaegy.com/ar/collections/skin-care/products/derma-ten-retinol1-serum-30ml,https://cdn.shopify.com/s/files/1/0566/6779/9603/files/derma-ten-retinol1-serum-30ml-4231733.jpg?v=1762775705,https://cdn.shopify.com/s/files/1/0566/6779/9603/files/derma-ten-retinol1-serum-30ml-4231733.jpg?v=1762775705,skin-care
999.0,EGP,Beesline,Home > العناية بالبشرة > ديرما تين مصل الريتينول 1% 30 مل > Back to العناية بالبشرة > لاروش بوزيه Effaclar جل رغوي 400 مل,in stock,https://aldawaaegy.com/ar/collections/skin-care/products/beesline-instant-bright-day-cream-50-ml,https://cdn.shopify.com/s/files/1/0566/6779/9603/products/beesline-instant-bright-day-cream-50-ml-2390951.webp?v=1762441305,https://cdn.shopify.com/s/files/1/0566/6779/9603/products/beesline-instant-bright-day-cream-50-ml-2390951.webp?v=1762441305,skin-care
1140.0,EGP,La Roche-Posay,Home > العناية بالبشرة > بيزلين كريم النهار لتفتيح فوري 50 مل > Back to العناية بالبشرة > فيشي نورم. فيتو محلول 400 م,in stock,https://aldawaaegy.com/ar/collections/skin-care/products/la-roche-posay-effaclar-foaming-gel-400-ml,https://cdn.shopify.com/s/files/1/0566/6779/9603/products/la-roche-effaclar-foaming-gel-400-ml-8558436.jpg?v=1762441124,https://cdn.shopify.com/s/files/1/0566/6779/9603/products/la-roche-effaclar-foaming-gel-400-ml-8558436.jpg?v=1762441124,skin-care
1140.0,EGP,Vichy,Home > العناية بالبشرة > لاروش بوزيه Effaclar جل رغوي 400 مل > Back to العناية بالبشرة > فيشي ليفتاكتيف للعيون 15 مل,in stock,https://aldawaaegy.com/ar/collections/skin-care/products/vichy-norm-phyto-solution-400m,https://cdn.shopify.com/s/files/1/0566/6779/9603/products/vichy-normphyto-solution-400m-1089787.jpg?v=1762440081,https://cdn.shopify.com/s/files/1/0566/6779/9603/products/vichy-normphyto-solution-400m-1089787.jpg?v=1762440081,skin-care
1100.0,EGP,Vichy,Home > العناية بالبشرة > فيشي نورم. فيتو محلول 400 م > Back to العناية بالبشرة > Eucerin Even Pigment Perfegtor Dual Serum 30 مل,in stock,https://aldawaaegy.com/ar/collections/skin-care/products/vichy-liftactiv-eyes-15-ml,https://cdn.shopify.com/s/files/1/0566/6779/9603/products/vichy-liftactiv-eyes-15-ml-5501035.jpg?v=1762439349,https://cdn.shopify.com/s/files/1/0566/6779/9603/products/vichy-liftactiv-eyes-15-ml-5501035.jpg?v=1762439349,skin-care
2190.0,EGP,Eucerin,Home > العناية بالبشرة > فيشي ليفتاكتيف للعيون 15 مل > Back to العناية بالبشرة > بيزلين 4 في 1 منظف مبيض 150 مل,in stock,https://aldawaaegy.com/ar/collections/skin-care/products/eucerin-even-pigment-perfegtor-dual-serum-30ml,https://cdn.shopify.com/s/files/1/0566/6779/9603/files/eucerin-even-pigment-perfegtor-dual-serum-30ml-3555789.jpg?v=1762439447,https://cdn.shopify.com/s/files/1/0566/6779/9603/files/eucerin-even-pigment-perfegtor-dual-serum-30ml-3555789.jpg?v=1762439447,skin-care
600.0,EGP,Beesline,Home > العناية بالبشرة > Eucerin Even Pigment Perfegtor Dual Serum 30 مل > Back to العناية بالبشرة > فيشي ليفتاكتيف البشرة 30 مل,in stock,https://aldawaaegy.com/ar/collections/skin-care/products/beesline-4in1-whitening-cleanser-150ml,https://cdn.shopify.com/s/files/1/0566/6779/9603/files/beesline-4in1-whitening-cleanser-150ml-8850514.jpg?v=1762440682,https://cdn.shopify.com/s/files/1/0566/6779/9603/files/beesline-4in1-whitening-cleanser-150ml-8850514.jpg?v=1762440682,skin-care
1700.0,EGP,Vichy,Home > العناية بالبشرة > بيزلين 4 في 1 منظف مبيض 150 مل > Back to العناية بالبشرة > بي جي منظف الوجه بحمض الهيالورونيك 200 مل,in stock,https://aldawaaegy.com/ar/collections/skin-care/products/vichy-liftactive-epidermic-30ml,https://cdn.shopify.com/s/files/1/0566/6779/9603/products/vichy-liftactive-epidermic-30ml-7591308.jpg?v=1762439459,https://cdn.shopify.com/s/files/1/0566/6779/9603/products/vichy-liftactive-epidermic-30ml-7591308.jpg?v=1762439459,skin-care
249.0,EGP,BG,Home > العناية بالبشرة > فيشي ليفتاكتيف البشرة 30 مل > Back to العناية بالبشرة > حمض الهيالورونيك العادي 2%B5 [(17.0)],in stock,https://aldawaaegy.com/ar/collections/skin-care/products/bg-facial-cleanser-hyaluronic-acid-200ml,https://cdn.shopify.com/s/files/1/0566/6779/9603/products/bg-facial-cleanser-hyaluronic-acid-200ml-3630362.jpg?v=1762439444,https://cdn.shopify.com/s/files/1/0566/6779/9603/products/bg-facial-cleanser-hyaluronic-acid-200ml-3630362.jpg?v=1762439444,skin-care
655.0,EGP,Ordinary,Home > العناية بالبشرة > بي جي منظف الوجه بحمض الهيالورونيك 200 مل > Back to العناية بالبشرة > مرطب شفاه شان 5 جرام بنكهة الفراولة,in stock,https://aldawaaegy.com/ar/collections/skin-care/products/ordinary-hyaluronic-acid-2-b5-17-0,https://cdn.shopify.com/s/files/1/0566/6779/9603/files/ordinary-hyaluronic-acid-2b5-3197597.jpg?v=1762440759,https://cdn.shopify.com/s/files/1/0566/6779/9603/files/ordinary-hyaluronic-acid-2b5-3197597.jpg?v=1762440759,skin-care
100.0,EGP,Shaan,Home > العناية بالبشرة > حمض الهيالورونيك العادي 2%B5 [(17.0)] > Back to العناية بالبشرة > شان للعناية بالأظافر 4 مل,in stock,https://aldawaaegy.com/ar/collections/skin-care/products/shaan-lip-balm-5gm-strawberry,https://cdn.shopify.com/s/files/1/0566/6779/9603/files/shaan-lip-balm-5gm-strawberry-6189079.png?v=1762438503,https://cdn.shopify.com/s/files/1/0566/6779/9603/files/shaan-lip-balm-5gm-strawberry-6189079.png?v=1762438503,skin-care
160.0,EGP,Shaan,Home > العناية بالبشرة > مرطب شفاه شان 5 جرام بنكهة الفراولة > Back to العناية بالبشرة > كريم بيزلين لتفتيح العين الفوري 15 مل,in stock,https://aldawaaegy.com/ar/collections/skin-care/products/shaan-nail-care-4-ml,https://cdn.shopify.com/s/files/1/0566/6779/9603/files/shaan-nail-care-4-ml-3847628.png?v=1762437826,https://cdn.shopify.com/s/files/1/0566/6779/9603/files/shaan-nail-care-4-ml-3847628.png?v=1762437826,skin-care
699.0,EGP,Beesline,Home > العناية بالبشرة > شان للعناية بالأظافر 4 مل > Back to العناية بالبشرة > منظف ​​سيرافي للبشرة العادية والجافة 473 مل,in stock,https://aldawaaegy.com/ar/collections/skin-care/products/beesline-instant-bright-eye-cream-15ml,https://cdn.shopify.com/s/files/1/0566/6779/9603/files/beesline-instant-bright-eye-cream-15ml-9962784.jpg?v=1762440808,https://cdn.shopify.com/s/files/1/0566/6779/9603/files/beesline-instant-bright-eye-cream-15ml-9962784.jpg?v=1762440808,skin-care
960.0,EGP,Cerave,Home > العناية بالبشرة > كريم بيزلين لتفتيح العين الفوري 15 مل > Back to العناية بالبشرة > كريم إصلاح العين من سيرافي 14 مل,in stock,https://aldawaaegy.com/ar/collections/skin-care/products/cerave-cleanser-normal-to-dry-skin-473-ml,https://cdn.shopify.com/s/files/1/0566/6779/9603/products/cerave-cleanser-normalto-dry-skin-473-ml-2235156.jpg?v=1762441573,https://cdn.shopify.com/s/files/1/0566/6779/9603/products/cerave-cleanser-normalto-dry-skin-473-ml-2235156.jpg?v=1762441573,skin-care
499.0,EGP,Cerave,Home > العناية بالبشرة > منظف ​​سيرافي للبشرة العادية والجافة 473 مل > Back to العناية بالبشرة > سيروم فيشي ليفتاكتيف فيتامين سي برايت 20 مل,sold out,https://aldawaaegy.com/ar/collections/skin-care/products/cerave-eye-repair-cream-14ml,https://cdn.shopify.com/s/files/1/0566/6779/9603/products/cerave-eye-repair-cream-14ml-9946771.webp?v=1762439123,https://cdn.shopify.com/s/files/1/0566/6779/9603/products/cerave-eye-repair-cream-14ml-9946771.webp?v=1762439123,skin-care
1800.0,EGP,Vichy,Home > العناية بالبشرة > كريم إصلاح العين من سيرافي 14 مل > Back to العناية بالبشرة > مقشر الجسم الطبيعي من ايفا سكين كير 250 جرام,sold out,https://aldawaaegy.com/ar/collections/skin-care/products/vichy-liftactiv-vit-c-serum-brighte-20ml,https://cdn.shopify.com/s/files/1/0566/6779/9603/products/vichy-liftactiv-vit-c-serum-brighte-20ml-6056790.jpg?v=1762440376,https://cdn.shopify.com/s/files/1/0566/6779/9603/products/vichy-liftactiv-vit-c-serum-brighte-20ml-6056790.jpg?v=1762440376,skin-care
111.0,EGP,Eva,Home > العناية بالبشرة > سيروم فيشي ليفتاكتيف فيتامين سي برايت 20 مل > Back to العناية بالبشرة > ديرما تن فيتامين سي 10% سيروم 30 مل,in stock,https://aldawaaegy.com/ar/collections/skin-care/products/eva-skin-care-natural-glow-body-scrub-250-gm,https://cdn.shopify.com/s/files/1/0566/6779/9603/files/eva-natural-glow-body-scrub-250gm-6535639.webp?v=1762439939,https://cdn.shopify.com/s/files/1/0566/6779/9603/files/eva-natural-glow-body-scrub-250gm-6535639.webp?v=1762439939,skin-care
300.0,EGP,DERMA TEN,Home > العناية بالبشرة > مقشر الجسم الطبيعي من ايفا سكين كير 250 جرام > Back to العناية بالبشرة > كريم جل مرطب فويلا 200 مل,in stock,https://aldawaaegy.com/ar/collections/skin-care/products/derma-ten-vit-c-10-serum-30ml,https://cdn.shopify.com/s/files/1/0566/6779/9603/files/derma-ten-vitc-10-serum-30ml-1428843.jpg?v=1762775651,https://cdn.shopify.com/s/files/1/0566/6779/9603/files/derma-ten-vitc-10-serum-30ml-1428843.jpg?v=1762775651,skin-care
190.0,EGP,Voila,Home > العناية بالبشرة > ديرما تن فيتامين سي 10% سيروم 30 مل > Back to العناية بالبشرة > لوشن تسريع نمو الشعر بريميتو سيكريت من سباير 100 مل,sold out,https://aldawaaegy.com/ar/collections/skin-care/products/voila-moisturizing-gel-cream-200ml,https://cdn.shopify.com/s/files/1/0566/6779/9603/files/voila-moisturizing-gel-cream-200ml-1521462.png?v=1762440619,https://cdn.shopify.com/s/files/1/0566/6779/9603/files/voila-moisturizing-gel-cream-200ml-1521462.png?v=1762440619,skin-care
196.0,EGP,Spire,Home > العناية بالبشرة > كريم جل مرطب فويلا 200 مل > Back to العناية بالبشرة > جل التنظيف ديرماكتيف أكتي كلير 250 مل,sold out,https://aldawaaegy.com/ar/collections/skin-care/products/spire-premetto-secret-growth-accelerating-lotion-100ml,https://cdn.shopify.com/s/files/1/0566/6779/9603/files/spire-premetto-lotion-100ml-5663139.jpg?v=1762437028,https://cdn.shopify.com/s/files/1/0566/6779/9603/files/spire-premetto-lotion-100ml-5663139.jpg?v=1762437028,skin-care
225.0,EGP,Dermactive,Home > العناية بالبشرة > لوشن تسريع نمو الشعر بريميتو سيكريت من سباير 100 مل > Back to العناية بالبشرة > مصل التقشير BIONNEX THE NORDEA AHA 10% + BHA 2% + Lingonberry 30 مل,sold out,https://aldawaaegy.com/ar/collections/skin-care/products/dermactive-acti-clear-cleansing-gel-250ml,https://cdn.shopify.com/s/files/1/0566/6779/9603/files/dermactive-acti-clear-cleansing-gel-250ml-2162136.webp?v=1762437196,https://cdn.shopify.com/s/files/1/0566/6779/9603/files/dermactive-acti-clear-cleansing-gel-250ml-2162136.webp?v=1762437196,skin-care
569.0,EGP,BIONNEX,Home > العناية بالبشرة > جل التنظيف ديرماكتيف أكتي كلير 250 مل > Back to العناية بالبشرة > بيزلين منظف فوري 5 في 1 150 مل,in stock,https://aldawaaegy.com/ar/collections/skin-care/products/bionnex-the-nordea-aha-10-bha-2-lingonberry-exfoliant-serum-30ml,https://cdn.shopify.com/s/files/1/0566/6779/9603/files/bionnex-nordea-aha10bha2-serum-30ml-6706221.jpg?v=1762438643,https://cdn.shopify.com/s/files/1/0566/6779/9603/files/bionnex-nordea-aha10bha2-serum-30ml-6706221.jpg?v=1762438643,skin-care
650.0,EGP,Beesline,Home > العناية بالبشرة > مصل التقشير BIONNEX THE NORDEA AHA 10% + BHA 2% + Lingonberry 30 مل > Back to العناية بالبشرة > لاروش بوزيه Effaclar سيروم ألترا كونك 30 مل,in stock,https://aldawaaegy.com/ar/collections/skin-care/products/beesline-instant-bright-5in1-cleanser-150ml,https://cdn.shopify.com/s/files/1/0566/6779/9603/files/beesline-instant-bright-5in1-cleanser-150ml-3411893.jpg?v=1762441021,https://cdn.shopify.com/s/files/1/0566/6779/9603/files/beesline-instant-bright-5in1-cleanser-150ml-3411893.jpg?v=1762441021,skin-care
1590.0,EGP,La Roche-Posay,Home > العناية بالبشرة > بيزلين منظف فوري 5 في 1 150 مل > Back to العناية بالبشرة > جلامي هيدرا كريم مكثف 50 جم,in stock,https://aldawaaegy.com/ar/collections/skin-care/products/la-roche-posay-effaclar-serum-ultrra-conc-30ml,https://cdn.shopify.com/s/files/1/0566/6779/9603/products/la-roche-posay-effaclar-serum-ultrra-conc-30ml-2487838.jpg?v=1762439922,https://cdn.shopify.com/s/files/1/0566/6779/9603/products/la-roche-posay-effaclar-serum-ultrra-conc-30ml-2487838.jpg?v=1762439922,skin-care
290.0,EGP,Glamy,Home > العناية بالبشرة > لاروش بوزيه Effaclar سيروم ألترا كونك 30 مل > Back to العناية بالبشرة > بيوديرما سينسيبيو H2O مزيل مكياج 250 مل,sold out,https://aldawaaegy.com/ar/collections/skin-care/products/glamy-hydra-intense-cream-50gm,https://cdn.shopify.com/s/files/1/0566/6779/9603/products/glamy-lab-hydra-intense-cream-50gm-2299859.jpg?v=1762440085,https://cdn.shopify.com/s/files/1/0566/6779/9603/products/glamy-lab-hydra-intense-cream-50gm-2299859.jpg?v=1762440085,skin-care
699.0,EGP,Bioderma,Home > العناية بالبشرة > جلامي هيدرا كريم مكثف 50 جم > Back to العناية بالبشرة > تيلوفيل منظف لتفتيح الوجه 150 مل,sold out,https://aldawaaegy.com/ar/collections/skin-care/products/bioderma-sensibio-h2o-make-up-remov-250ml,https://cdn.shopify.com/s/files/1/0566/6779/9603/products/bioderma-sensibio-h2o-make-up-remov-250ml-9591188.jpg?v=1762440198,https://cdn.shopify.com/s/files/1/0566/6779/9603/products/bioderma-sensibio-h2o-make-up-remov-250ml-9591188.jpg?v=1762440198,skin-care
310.0,EGP,Telofill,Home > العناية بالبشرة > بيوديرما سينسيبيو H2O مزيل مكياج 250 مل > Back to العناية بالبشرة > يوسيرين ديرمو منقي ومنظف 200 مل,in stock,https://aldawaaegy.com/ar/collections/skin-care/products/telofill-lightening-facial-cleanser-150-ml,https://cdn.shopify.com/s/files/1/0566/6779/9603/products/telofill-lightening-facial-cleanser-150-ml-6136882.jpg?v=1762439709,https://cdn.shopify.com/s/files/1/0566/6779/9603/products/telofill-lightening-facial-cleanser-150-ml-6136882.jpg?v=1762439709,skin-care
635.0,EGP,Eucerin,Home > العناية بالبشرة > تيلوفيل منظف لتفتيح الوجه 150 مل > Back to العناية بالبشرة > إيزيس نيوتون لوشن للجسم 100 مل,in stock,https://aldawaaegy.com/ar/collections/skin-care/products/eucerin-dermo-purifyer-cleansing-200ml,https://cdn.shopify.com/s/files/1/0566/6779/9603/products/eucerin-dermo-purifyer-cleansing-200ml-9433010.png?v=1762439952,https://cdn.shopify.com/s/files/1/0566/6779/9603/products/eucerin-dermo-purifyer-cleansing-200ml-9433010.png?v=1762439952,skin-care
1645.0,EGP,ISISPHARMA,Home > العناية بالبشرة > يوسيرين ديرمو منقي ومنظف 200 مل > Back to العناية بالبشرة > ايه سي ام ديبيوايت كريم متطور 40 مل,in stock,https://aldawaaegy.com/ar/collections/skin-care/products/isis-neotone-body-lotion-100-ml,https://cdn.shopify.com/s/files/1/0566/6779/9603/files/isis-neotone-body-lotion-100-ml-1127676.jpg?v=1762441385,https://cdn.shopify.com/s/files/1/0566/6779/9603/files/isis-neotone-body-lotion-100-ml-1127676.jpg?v=1762441385,skin-care
599.0,EGP,ACM,Home > العناية بالبشرة > إيزيس نيوتون لوشن للجسم 100 مل > Back to العناية بالبشرة > منظف ​​تنعيم سيرافي سا 236 مل,in stock,https://aldawaaegy.com/ar/collections/skin-care/products/acm-depiwhite-advanced-creme-40ml,https://cdn.shopify.com/s/files/1/0566/6779/9603/products/acm-depiwhite-advanced-creme-40ml-2262930.jpg?v=1762441073,https://cdn.shopify.com/s/files/1/0566/6779/9603/products/acm-depiwhite-advanced-creme-40ml-2262930.jpg?v=1762441073,skin-care
700.0,EGP,Cerave,Home > العناية بالبشرة > ايه سي ام ديبيوايت كريم متطور 40 مل > Back to العناية بالبشرة > منظف ​​تنعيم سيرافي سا 473 مل,in stock,https://aldawaaegy.com/ar/collections/skin-care/products/cerave-sa-smoothing-cleanser-236ml,https://cdn.shopify.com/s/files/1/0566/6779/9603/products/cerave-sa-smoothing-cleanser-236ml-4449292.jpg?v=1762439904,https://cdn.shopify.com/s/files/1/0566/6779/9603/products/cerave-sa-smoothing-cleanser-236ml-4449292.jpg?v=1762439904,skin-care
949.0,EGP,Cerave,Home > العناية بالبشرة > منظف ​​تنعيم سيرافي سا 236 مل > Back to العناية بالبشرة > محلول التقشير العادي AHA 30 مل,in stock,https://aldawaaegy.com/ar/collections/skin-care/products/cerave-sa-smoothing-cleanser-473ml,https://cdn.shopify.com/s/files/1/0566/6779/9603/products/cerave-sa-smoothing-cleanser-473ml-7604563.jpg?v=1762440942,https://cdn.shopify.com/s/files/1/0566/6779/9603/products/cerave-sa-smoothing-cleanser-473ml-7604563.jpg?v=1762440942,skin-care
653.0,EGP,THE ORDINARY,Home > العناية بالبشرة > منظف ​​تنعيم سيرافي سا 473 مل > Back to العناية بالبشرة > بلسم الشفاه شان 5 جرام بالكرز,sold out,https://aldawaaegy.com/ar/collections/skin-care/products/the-ordinary-peeling-solution-aha-30ml,https://cdn.shopify.com/s/files/1/0566/6779/9603/files/the-ordinary-peeling-solution-aha-30ml-5381622.webp?v=1762438374,https://cdn.shopify.com/s/files/1/0566/6779/9603/files/the-ordinary-peeling-solution-aha-30ml-5381622.webp?v=1762438374,skin-care
100.0,EGP,Shaan,Home > العناية بالبشرة > محلول التقشير العادي AHA 30 مل > Back to العناية بالبشرة > مصل ميلا بي 3 للبقع الداكنة مع ميلاسيل™ + النياسيناميد 30 مل,in stock,https://aldawaaegy.com/ar/collections/skin-care/products/shaan-lip-balm-5gm-cherry,https://cdn.shopify.com/s/files/1/0566/6779/9603/files/shaan-lip-balm-5gm-cherry-7805983.png?v=1762436967,https://cdn.shopify.com/s/files/1/0566/6779/9603/files/shaan-lip-balm-5gm-cherry-7805983.png?v=1762436967,skin-care
1980.0,EGP,La Roche-Posay,Home > العناية بالبشرة > بلسم الشفاه شان 5 جرام بالكرز > Back to العناية بالبشرة > كريم هيدرينسا المرطب للبشرة الأتوبي الجافة 200 مل,in stock,https://aldawaaegy.com/ar/collections/skin-care/products/mela-b3-dark-spot-serum-with-melasyl%E2%84%A2-niacinamide-30ml,https://cdn.shopify.com/s/files/1/0566/6779/9603/files/la-roche-mela-b3-serum-30-ml-3342299.webp?v=1762437027,https://cdn.shopify.com/s/files/1/0566/6779/9603/files/la-roche-mela-b3-serum-30-ml-3342299.webp?v=1762437027,skin-care
153.0,EGP,Bio Stream,Home > العناية بالبشرة > مصل ميلا بي 3 للبقع الداكنة مع ميلاسيل™ + النياسيناميد 30 مل > Back to العناية بالبشرة > مصل الريتينول 1% من بيونيكس ذا نورديا 30 مل,in stock,https://aldawaaegy.com/ar/collections/skin-care/products/hydrensa-moisturizing-cream-dry-atopic-skin-200ml,https://cdn.shopify.com/s/files/1/0566/6779/9603/files/kolagra-hydrensa-moisturizing-cream-200ml-6860864.jpg?v=1762436700,https://cdn.shopify.com/s/files/1/0566/6779/9603/files/kolagra-hydrensa-moisturizing-cream-200ml-6860864.jpg?v=1762436700,skin-care
689.0,EGP,BIONNEX,Home > العناية بالبشرة > كريم هيدرينسا المرطب للبشرة الأتوبي الجافة 200 مل > Back to العناية بالبشرة > بيوديرما سينسيبيو H2O 500 مل,in stock,https://aldawaaegy.com/ar/collections/skin-care/products/bionnex-the-nordea-retinol-1-serum-30ml,https://cdn.shopify.com/s/files/1/0566/6779/9603/files/bionnex-nordea-retinol-serum-30ml-4353048.jpg?v=1762437507,https://cdn.shopify.com/s/files/1/0566/6779/9603/files/bionnex-nordea-retinol-serum-30ml-4353048.jpg?v=1762437507,skin-care
999.0,EGP,Bioderma,Home > العناية بالبشرة > مصل الريتينول 1% من بيونيكس ذا نورديا 30 مل > Back to العناية بالبشرة > إيزيس جليكو-A كريم تقشير متوسط ​​30 مل,sold out,https://aldawaaegy.com/ar/collections/skin-care/products/bioderma-sensibio-h2o-500-ml,https://cdn.shopify.com/s/files/1/0566/6779/9603/products/bioderma-sensibio-h2o-500-ml-9794595.jpg?v=1762440683,https://cdn.shopify.com/s/files/1/0566/6779/9603/products/bioderma-sensibio-h2o-500-ml-9794595.jpg?v=1762440683,skin-care
899.0,EGP,ISISPHARMA,Home > العناية بالبشرة > بيوديرما سينسيبيو H2O 500 مل > Back to العناية بالبشرة > شان منظف الوجه 250 مل,sold out,https://aldawaaegy.com/ar/collections/skin-care/products/isis-glyco-a-medium-peeling-cream-30ml,https://cdn.shopify.com/s/files/1/0566/6779/9603/files/isis-glyco-a-medium-peeling-cream-30ml-2782603.png?v=1762439927,https://cdn.shopify.com/s/files/1/0566/6779/9603/files/isis-glyco-a-medium-peeling-cream-30ml-2782603.png?v=1762439927,skin-care
175.0,EGP,Shaan,Home > العناية بالبشرة > إيزيس جليكو-A كريم تقشير متوسط ​​30 مل > Back to العناية بالبشرة > شان كريم تجديد البشرة 120 جم,in stock,https://aldawaaegy.com/ar/collections/skin-care/products/shaan-facial-cleanser-250-ml,https://cdn.shopify.com/s/files/1/0566/6779/9603/files/shaan-antioxidant-facial-cleanser-250-ml-2342372.png?v=1762437207,https://cdn.shopify.com/s/files/1/0566/6779/9603/files/shaan-antioxidant-facial-cleanser-250-ml-2342372.png?v=1762437207,skin-care
150.0,EGP,Shaan,Home > العناية بالبشرة > شان منظف الوجه 250 مل > Back to العناية بالبشرة > جل التنظيف المهدئ ديرماكتيف ريبير 200 مل,in stock,https://aldawaaegy.com/ar/collections/skin-care/products/shaan-rejuvenation-cream-120-gm,https://cdn.shopify.com/s/files/1/0566/6779/9603/files/shaan-rejuvenation-cream-120-gm-3333461.png?v=1762438284,https://cdn.shopify.com/s/files/1/0566/6779/9603/files/shaan-rejuvenation-cream-120-gm-3333461.png?v=1762438284,skin-care
199.0,EGP,Dermactive,Home > العناية بالبشرة > شان كريم تجديد البشرة 120 جم > Back to العناية بالبشرة > قناع تبييض البشرة من ستارفيل,in stock,https://aldawaaegy.com/ar/collections/skin-care/products/dermactive-repair-soothing-cleansing-gel-200ml,https://cdn.shopify.com/s/files/1/0566/6779/9603/files/dermactive-repair-soothing-cleansing-gel-200ml-2505316.webp?v=1762437782,https://cdn.shopify.com/s/files/1/0566/6779/9603/files/dermactive-repair-soothing-cleansing-gel-200ml-2505316.webp?v=1762437782,skin-care
55.0,EGP,Starville,Home > العناية بالبشرة > جل التنظيف المهدئ ديرماكتيف ريبير 200 مل > Back to العناية بالبشرة > بيزلين فوري برايت ميسيلار 400 مل + خصم 100 مل,in stock,https://aldawaaegy.com/ar/collections/skin-care/products/starville-whitening-mask-sheet,https://cdn.shopify.com/s/files/1/0566/6779/9603/files/starville-whitening-face-mask-1-sheets-3204308.png?v=1762438042,https://cdn.shopify.com/s/files/1/0566/6779/9603/files/starville-whitening-face-mask-1-sheets-3204308.png?v=1762438042,skin-care
699.0,EGP,Beesline,Home > العناية بالبشرة > قناع تبييض البشرة من ستارفيل > Back to العناية بالبشرة > كريم جل واقي من الشمس من كولاجرا بعامل حماية من الشمس 50+. 50 مل 1 + 1 مجانًا,in stock,https://aldawaaegy.com/ar/collections/skin-care/products/beesline-instant-bright-micellar-400ml-100ml-off,https://cdn.shopify.com/s/files/1/0566/6779/9603/files/beesline-instant-bright-micellar-400ml100ml-off-1499723.jpg?v=1762439468,https://cdn.shopify.com/s/files/1/0566/6779/9603/files/beesline-instant-bright-micellar-400ml100ml-off-1499723.jpg?v=1762439468,skin-care
309.0,EGP,Bio Stream,Home > العناية بالبشرة > بيزلين فوري برايت ميسيلار 400 مل + خصم 100 مل > Back to العناية بالبشرة > أسيليا لايف كريم مرطب مضاد للخشونة 50 مل,in stock,https://aldawaaegy.com/ar/collections/skin-care/products/kolagra-sunscreen-gel-cream-spf501-150ml,https://cdn.shopify.com/s/files/1/0566/6779/9603/files/kolagra-sunscreen-gel-cream-spf501150ml-6514028.webp?v=1762439022,https://cdn.shopify.com/s/files/1/0566/6779/9603/files/kolagra-sunscreen-gel-cream-spf501150ml-6514028.webp?v=1762439022,skin-care
200.0,EGP,Aselia,Home > العناية بالبشرة > كريم جل واقي من الشمس من كولاجرا بعامل حماية من الشمس 50+. 50 مل 1 + 1 مجانًا > Back to العناية بالبشرة > تونر لاروش بوزيه Effaclar قابض 200 مل,in stock,https://aldawaaegy.com/ar/collections/skin-care/products/aselia-life-moisturizing-cream-anti-roughness-50ml,https://cdn.shopify.com/s/files/1/0566/6779/9603/files/aselia-life-moisturizing-cream-anti-roughness-50ml-5455363.webp?v=1762441619,https://cdn.shopify.com/s/files/1/0566/6779/9603/files/aselia-life-moisturizing-cream-anti-roughness-50ml-5455363.webp?v=1762441619,skin-care
800.0,EGP,La Roche-Posay,Home > العناية بالبشرة > أسيليا لايف كريم مرطب مضاد للخشونة 50 مل > Back to العناية بالبشرة > لاروش بوساي أنثيليوس ميست بخاخ بعامل حماية من الشمس 50، 75 مل,in stock,https://aldawaaegy.com/ar/collections/skin-care/products/la-roche-posay-effaclar-astringent-toner-200ml,https://cdn.shopify.com/s/files/1/0566/6779/9603/products/laroche-effaclar-astringent-toner-200ml-2560316.jpg?v=1762440369,https://cdn.shopify.com/s/files/1/0566/6779/9603/products/laroche-effaclar-astringent-toner-200ml-2560316.jpg?v=1762440369,skin-care
749.0,EGP,La Roche-Posay,Home > العناية بالبشرة > تونر لاروش بوزيه Effaclar قابض 200 مل > Back to العناية بالبشرة > بيوديرما سيبيوم جل موسانت 200 مل,in stock,https://aldawaaegy.com/ar/collections/skin-care/products/la-roche-posay-anthelios-mist-spray-spf50-75ml,https://cdn.shopify.com/s/files/1/0566/6779/9603/products/la-roche-anthelios-mist-spray-spf50-75ml-8223629.webp?v=1762439847,https://cdn.shopify.com/s/files/1/0566/6779/9603/products/la-roche-anthelios-mist-spray-spf50-75ml-8223629.webp?v=1762439847,skin-care
725.0,EGP,Bioderma,Home > العناية بالبشرة > لاروش بوساي أنثيليوس ميست بخاخ بعامل حماية من الشمس 50، 75 مل > Back to العناية بالبشرة > منظف ​​سيرافي نورامل للتجفيف 237 مل,in stock,https://aldawaaegy.com/ar/collections/skin-care/products/bioderma-sebium-gel-moussant-200ml,https://cdn.shopify.com/s/files/1/0566/6779/9603/products/bioderma-sebium-gel-moussant-200ml-9741551.jpg?v=1762440281,https://cdn.shopify.com/s/files/1/0566/6779/9603/products/bioderma-sebium-gel-moussant-200ml-9741551.jpg?v=1762440281,skin-care
620.0,EGP,Cerave,Home > العناية بالبشرة > بيوديرما سيبيوم جل موسانت 200 مل > Back to العناية بالبشرة > ايه سي ام ديبي وايت حليب الجسم 200 مل,in stock,https://aldawaaegy.com/ar/collections/skin-care/products/cerave-cleanser-noraml-to-dry-237ml,https://cdn.shopify.com/s/files/1/0566/6779/9603/products/cerave-cleanser-noraml-to-dry-237ml-8867665.jpg?v=1762439307,https://cdn.shopify.com/s/files/1/0566/6779/9603/products/cerave-cleanser-noraml-to-dry-237ml-8867665.jpg?v=1762439307,skin-care
599.0,EGP,ACM,Home > العناية بالبشرة > منظف ​​سيرافي نورامل للتجفيف 237 مل > Back to العناية بالبشرة > جل التنظيف الحراري المنعش من فيتشي، 200 مل,in stock,https://aldawaaegy.com/ar/collections/skin-care/products/acm-depiwhite-body-milk-200ml,https://cdn.shopify.com/s/files/1/0566/6779/9603/products/acm-depiwhite-body-milk-200ml-4478994.jpg?v=1762439669,https://cdn.shopify.com/s/files/1/0566/6779/9603/products/acm-depiwhite-body-milk-200ml-4478994.jpg?v=1762439669,skin-care
669.0,EGP,Vichy,Home > العناية بالبشرة > ايه سي ام ديبي وايت حليب الجسم 200 مل > Back to العناية بالبشرة > ايزيس نيوتون للعيون 15 مل,sold out,https://aldawaaegy.com/ar/collections/skin-care/products/vichy-purete-thermal-fresh-cleansing-gel-200ml,https://cdn.shopify.com/s/files/1/0566/6779/9603/products/vichy-purete-thermal-fresh-cleansing-gel-200ml-4000839.jpg?v=1762439298,https://cdn.shopify.com/s/files/1/0566/6779/9603/products/vichy-purete-thermal-fresh-cleansing-gel-200ml-4000839.jpg?v=1762439298,skin-care
799.0,EGP,ISISPHARMA,Home > العناية بالبشرة > جل التنظيف الحراري المنعش من فيتشي، 200 مل > Back to العناية بالبشرة > بيزلين سيروم التوهج الفوري 30 مل,in stock,https://aldawaaegy.com/ar/collections/skin-care/products/isis-neotone-eyes-15ml,https://cdn.shopify.com/s/files/1/0566/6779/9603/files/isis-neotone-eyes-15ml-1483332.jpg?v=1762440102,https://cdn.shopify.com/s/files/1/0566/6779/9603/files/isis-neotone-eyes-15ml-1483332.jpg?v=1762440102,skin-care
999.0,EGP,Beesline,Home > العناية بالبشرة > ايزيس نيوتون للعيون 15 مل > Back to العناية بالبشرة > يورياج هيسياك بات سوس سوين محلي 15 مل,in stock,https://aldawaaegy.com/ar/collections/skin-care/products/beesline-instant-bright-glow-serum-30ml,https://cdn.shopify.com/s/files/1/0566/6779/9603/products/beesline-instant-bright-glow-serum-30ml-8537767.webp?v=1762439585,https://cdn.shopify.com/s/files/1/0566/6779/9603/products/beesline-instant-bright-glow-serum-30ml-8537767.webp?v=1762439585,skin-care
789.0,EGP,Uriage,Home > العناية بالبشرة > بيزلين سيروم التوهج الفوري 30 مل > Back to العناية بالبشرة > منظف ​​الوجه للبشرة المعرضة لحب الشباب من ستارفيل 200 مل,in stock,https://aldawaaegy.com/ar/collections/skin-care/products/uriage-hyseac-pate-sos-soin-local-15ml,https://cdn.shopify.com/s/files/1/0566/6779/9603/products/uriage-hyseac-pate-sos-soin-local-15ml-9172417.png?v=1762438982,https://cdn.shopify.com/s/files/1/0566/6779/9603/products/uriage-hyseac-pate-sos-soin-local-15ml-9172417.png?v=1762438982,skin-care
140.0,EGP,Starville,Home > العناية بالبشرة > يورياج هيسياك بات سوس سوين محلي 15 مل > Back to العناية بالبشرة > حمض الساليسيليك العادي 2% 30 مل,in stock,https://aldawaaegy.com/ar/collections/skin-care/products/starville-acne-prone-skin-facial-cleanser-200-ml,https://cdn.shopify.com/s/files/1/0566/6779/9603/files/starville-acne-prone-skin-facial-cleanser-200-ml-7815018.png?v=1762436959,https://cdn.shopify.com/s/files/1/0566/6779/9603/files/starville-acne-prone-skin-facial-cleanser-200-ml-7815018.png?v=1762436959,skin-care
653.0,EGP,THE ORDINARY,Home > العناية بالبشرة > منظف ​​الوجه للبشرة المعرضة لحب الشباب من ستارفيل 200 مل > Back to العناية بالبشرة > كريم ليكسورا إس كيه لمحيط العين 15 مل,in stock,https://aldawaaegy.com/ar/collections/skin-care/products/the-ordinary-salicylic-asid-2-30ml,https://cdn.shopify.com/s/files/1/0566/6779/9603/files/the-ordinary-salicylic-asid-2-30ml-1370940.jpg?v=1762437699,https://cdn.shopify.com/s/files/1/0566/6779/9603/files/the-ordinary-salicylic-asid-2-30ml-1370940.jpg?v=1762437699,skin-care
350.0,EGP,Lixora,Home > العناية بالبشرة > حمض الساليسيليك العادي 2% 30 مل > Back to العناية بالبشرة > جل منظف للوجه من ستارفيل حب الشباب 400 م,sold out,https://aldawaaegy.com/ar/collections/skin-care/products/lixora-sk-eye-contour-cream-15ml,https://cdn.shopify.com/s/files/1/0566/6779/9603/products/lixora-sk-eye-contour-cream-15ml-3685132.jpg?v=1762440585,https://cdn.shopify.com/s/files/1/0566/6779/9603/products/lixora-sk-eye-contour-cream-15ml-3685132.jpg?v=1762440585,skin-care
225.0,EGP,Starville,Home > العناية بالبشرة > كريم ليكسورا إس كيه لمحيط العين 15 مل > Back to العناية بالبشرة > لاروش بوساي ليبيكار Ap+M بوم الجديد 200 مل,in stock,https://aldawaaegy.com/ar/collections/skin-care/products/starville-acne-pronr-facial-cleanser-gel-400m,https://cdn.shopify.com/s/files/1/0566/6779/9603/files/starville-acne-prone-facial-cleanser-gel-400m-2526572.png?v=1762440506,https://cdn.shopify.com/s/files/1/0566/6779/9603/files/starville-acne-prone-facial-cleanser-gel-400m-2526572.png?v=1762440506,skin-care
999.0,EGP,La Roche-Posay,Home > العناية بالبشرة > جل منظف للوجه من ستارفيل حب الشباب 400 م > Back to العناية بالبشرة > كريم بيزلين لتفتيح المناطق الحساسة 50 مل,in stock,https://aldawaaegy.com/ar/collections/skin-care/products/la-roche-posay-lipikar-ap-m-baume-new-200ml,https://cdn.shopify.com/s/files/1/0566/6779/9603/products/la-roche-lipikar-apm-baume-new-200ml-6231651.jpg?v=1762439910,https://cdn.shopify.com/s/files/1/0566/6779/9603/products/la-roche-lipikar-apm-baume-new-200ml-6231651.jpg?v=1762439910,skin-care
699.0,EGP,Beesline,Home > العناية بالبشرة > لاروش بوساي ليبيكار Ap+M بوم الجديد 200 مل > Back to العناية بالبشرة > ميديتوبيك هيافيل نظام ملء التجاعيد 50 مل,in stock,https://aldawaaegy.com/ar/collections/skin-care/products/beesline-whitening-sensitive-zone-cream-50ml,https://cdn.shopify.com/s/files/1/0566/6779/9603/products/beesline-whitening-sensitive-zone-cream-50ml-3394924.jpg?v=1762439464,https://cdn.shopify.com/s/files/1/0566/6779/9603/products/beesline-whitening-sensitive-zone-cream-50ml-3394924.jpg?v=1762439464,skin-care
1288.0,EGP,Meditopic,Home > العناية بالبشرة > كريم بيزلين لتفتيح المناطق الحساسة 50 مل > Back to العناية بالبشرة > جل منظف من سيرافي للبشرة الدهنية 473 مل,sold out,https://aldawaaegy.com/ar/collections/skin-care/products/meditopic-hyafill-wrinkle-filling-system-50ml,https://cdn.shopify.com/s/files/1/0566/6779/9603/products/meditopic-hyafill-wrinkle-filling-system-50ml-4107770.jpg?v=1762441145,https://cdn.shopify.com/s/files/1/0566/6779/9603/products/meditopic-hyafill-wrinkle-filling-system-50ml-4107770.jpg?v=1762441145,skin-care
960.0,EGP,Cerave,Home > العناية بالبشرة > ميديتوبيك هيافيل نظام ملء التجاعيد 50 مل > Back to العناية بالبشرة > فيشي نورماديرم فيتوسوليوشن 50 مل,in stock,https://aldawaaegy.com/ar/collections/skin-care/products/cerave-cleanser-gel-oily-skin-473ml,https://cdn.shopify.com/s/files/1/0566/6779/9603/products/cerave-cleanser-gel-oily-skin-473ml-8475746.jpg?v=1762440579,https://cdn.shopify.com/s/files/1/0566/6779/9603/products/cerave-cleanser-gel-oily-skin-473ml-8475746.jpg?v=1762440579,skin-care
1000.0,EGP,Vichy,Home > العناية بالبشرة > جل منظف من سيرافي للبشرة الدهنية 473 مل > Back to العناية بالبشرة > كريم بيوديرما سينسيبيو الدفاعي 40 مل,in stock,https://aldawaaegy.com/ar/collections/skin-care/products/vichy-normaderm-phytosolution-50ml,https://cdn.shopify.com/s/files/1/0566/6779/9603/products/vichy-normaderm-phytosolution-50ml-8000025.webp?v=1762439619,https://cdn.shopify.com/s/files/1/0566/6779/9603/products/vichy-normaderm-phytosolution-50ml-8000025.webp?v=1762439619,skin-care
815.0,EGP,Bioderma,Home > العناية بالبشرة > فيشي نورماديرم فيتوسوليوشن 50 مل > Back to العناية بالبشرة > رغوة دهنية من توبي جينت 150 مل,sold out,https://aldawaaegy.com/ar/collections/skin-care/products/bioderma-sensibio-defensive-cream-40ml,https://cdn.shopify.com/s/files/1/0566/6779/9603/products/bioderma-sensibio-defensive-cream-40ml-2534859.jpg?v=1762439945,https://cdn.shopify.com/s/files/1/0566/6779/9603/products/bioderma-sensibio-defensive-cream-40ml-2534859.jpg?v=1762439945,skin-care
245.0,EGP,Macro,Home > العناية بالبشرة > كريم بيوديرما سينسيبيو الدفاعي 40 مل > Back to العناية بالبشرة > بلسم موازنة درجة الحموضة SPIRE Hydrolav 200 مل,sold out,https://aldawaaegy.com/ar/collections/skin-care/products/topi-gent-sebum-foam-150ml,https://cdn.shopify.com/s/files/1/0566/6779/9603/files/topi-gent-sebum-150ml-np-3560394.webp?v=1762437509,https://cdn.shopify.com/s/files/1/0566/6779/9603/files/topi-gent-sebum-150ml-np-3560394.webp?v=1762437509,skin-care
175.0,EGP,Spire,Home > العناية بالبشرة > رغوة دهنية من توبي جينت 150 مل > Back to العناية بالبشرة > كريم الشعر الناعم بيوسيتا 100 جرام,in stock,https://aldawaaegy.com/ar/collections/skin-care/products/spire-hydrolav-ph-balancing-conditioner-200-ml,https://cdn.shopify.com/s/files/1/0566/6779/9603/files/spire-hydrolav-hair-conditioner-200-ml-5729016.jpg?v=1762437546,https://cdn.shopify.com/s/files/1/0566/6779/9603/files/spire-hydrolav-hair-conditioner-200-ml-5729016.jpg?v=1762437546,skin-care
179.0,EGP,PIOSETA,Home > العناية بالبشرة > بلسم موازنة درجة الحموضة SPIRE Hydrolav 200 مل > Back to العناية بالبشرة > مصل إصلاح التبييض الليلي BIONNEX WHITEXPERT 30 مل,in stock,https://aldawaaegy.com/ar/collections/skin-care/products/pioseta-soft-hair-cream-100-gm,https://cdn.shopify.com/s/files/1/0566/6779/9603/files/pioseta-soft-hair-cream-100-gm-5662867.png?v=1762437672,https://cdn.shopify.com/s/files/1/0566/6779/9603/files/pioseta-soft-hair-cream-100-gm-5662867.png?v=1762437672,skin-care
569.0,EGP,BIONNEX,Home > العناية بالبشرة > كريم الشعر الناعم بيوسيتا 100 جرام > Back to العناية بالبشرة > بيونيكس ذا نورديا فيتامين سي 15% + حمض الفيروليك 0.5% + سيروم الأرقطيون 30 مل,in stock,https://aldawaaegy.com/ar/collections/skin-care/products/bionnex-whitexpert-whitening-night-repair-serum-30ml,https://cdn.shopify.com/s/files/1/0566/6779/9603/files/bionnex-whitexpert-night-repair-serum-30ml-2994326.jpg?v=1762437678,https://cdn.shopify.com/s/files/1/0566/6779/9603/files/bionnex-whitexpert-night-repair-serum-30ml-2994326.jpg?v=1762437678,skin-care
619.0,EGP,BIONNEX,Home > العناية بالبشرة > مصل إصلاح التبييض الليلي BIONNEX WHITEXPERT 30 مل > Back to العناية بالبشرة > جل واقي من الشمس أليخون بعامل حماية من الشمس 50، 75 مل، 1+1 مجانًا,in stock,https://aldawaaegy.com/ar/collections/skin-care/products/bionnex-the-nordea-vitamin-c-15-ferulic-acid-0-5-burdock-serum-30ml,https://cdn.shopify.com/s/files/1/0566/6779/9603/files/bionnex-nordea-vitc-serum-30ml-6085193.jpg?v=1762437200,https://cdn.shopify.com/s/files/1/0566/6779/9603/files/bionnex-nordea-vitc-serum-30ml-6085193.jpg?v=1762437200,skin-care
450.0,EGP,Alejon,Home > العناية بالبشرة > بيونيكس ذا نورديا فيتامين سي 15% + حمض الفيروليك 0.5% + سيروم الأرقطيون 30 مل > Back to العناية بالبشرة > إيزيس نيوتون للبشرة الحساسة 30 مل,in stock,https://aldawaaegy.com/ar/collections/skin-care/products/alejon-sun-screen-gel-spf50-75ml-1-1-free,https://cdn.shopify.com/s/files/1/0566/6779/9603/files/alejon-sun-screen-gel-spf50-75ml-11-off-3339362.png?v=1762437352,https://cdn.shopify.com/s/files/1/0566/6779/9603/files/alejon-sun-screen-gel-spf50-75ml-11-off-3339362.png?v=1762437352,skin-care
1025.0,EGP,ISISPHARMA,Home > العناية بالبشرة > جل واقي من الشمس أليخون بعامل حماية من الشمس 50، 75 مل، 1+1 مجانًا > Back to العناية بالبشرة > كريم مرطب MEDITOPIC AQUA SHUTTLE MOIS بحجم 75 مل,in stock,https://aldawaaegy.com/ar/collections/skin-care/products/isis-neotone-sensitive-30ml,https://cdn.shopify.com/s/files/1/0566/6779/9603/files/isis-neotone-sensitive-30ml-6473090.jpg?v=1762438250,https://cdn.shopify.com/s/files/1/0566/6779/9603/files/isis-neotone-sensitive-30ml-6473090.jpg?v=1762438250,skin-care
688.0,EGP,Meditopic,Home > العناية بالبشرة > إيزيس نيوتون للبشرة الحساسة 30 مل > Back to العناية بالبشرة > كريم ريفيليت المهدئ للغاية للبشرة الحساسة 50 مل,sold out,https://aldawaaegy.com/ar/collections/skin-care/products/meditopic-aqua-shuttle-mois-cream-75ml,https://cdn.shopify.com/s/files/1/0566/6779/9603/files/meditopic-aqua-shuttle-mois-cream-75ml-3049688.jpg?v=1762438368,https://cdn.shopify.com/s/files/1/0566/6779/9603/files/meditopic-aqua-shuttle-mois-cream-75ml-3049688.jpg?v=1762438368,skin-care
529.0,EGP,Reflet,Home > العناية بالبشرة > كريم مرطب MEDITOPIC AQUA SHUTTLE MOIS بحجم 75 مل > Back to العناية بالبشرة > منظف ​​السيطرة على العيوب من سيرافي 236 مل,in stock,https://aldawaaegy.com/ar/collections/skin-care/products/reflet-ultra-soothing-cream-sensitive-skin-50ml,https://cdn.shopify.com/s/files/1/0566/6779/9603/files/max-reflet-ultra-soothing-cream-sensitive-50ml-4037966.webp?v=1762438035,https://cdn.shopify.com/s/files/1/0566/6779/9603/files/max-reflet-ultra-soothing-cream-sensitive-50ml-4037966.webp?v=1762438035,skin-care
700.0,EGP,Cerave,Home > العناية بالبشرة > كريم ريفيليت المهدئ للغاية للبشرة الحساسة 50 مل > Back to العناية بالبشرة > لاروش سيكابلاست ليفر 7.5 مل,in stock,https://aldawaaegy.com/ar/collections/skin-care/products/cerave-blemish-control-cleanser-236ml,https://cdn.shopify.com/s/files/1/0566/6779/9603/files/cerave-blemish-control-cleanser-236ml-8469904.webp?v=1762438374,https://cdn.shopify.com/s/files/1/0566/6779/9603/files/cerave-blemish-control-cleanser-236ml-8469904.webp?v=1762438374,skin-care
460.0,EGP,La Roche-Posay,Home > العناية بالبشرة > منظف ​​السيطرة على العيوب من سيرافي 236 مل > Back to العناية بالبشرة > كريم الحماية من الشمس ACTI-SOLAIRE SPF 50+ من ديرما اكتيف، 50 مل,in stock,https://aldawaaegy.com/ar/collections/skin-care/products/la-roche-cicaplast-levres-7-5ml,https://cdn.shopify.com/s/files/1/0566/6779/9603/files/la-roche-cicaplast-levres-75ml-8758619.webp?v=1762441300,https://cdn.shopify.com/s/files/1/0566/6779/9603/files/la-roche-cicaplast-levres-75ml-8758619.webp?v=1762441300,skin-care
279.0,EGP,Dermactive,Home > العناية بالبشرة > لاروش سيكابلاست ليفر 7.5 مل > Back to العناية بالبشرة > كريم بي ريدي المضاد للتعرق 50 جم,in stock,https://aldawaaegy.com/ar/collections/skin-care/products/dermactive-acti-solaire-ultra-fluid-cream-tinted-spf-50-50ml,https://cdn.shopify.com/s/files/1/0566/6779/9603/files/dermactive-acti-solaire-ultra-fluid-cream-tinted-spf-50-50ml-7768596.webp?v=1762439169,https://cdn.shopify.com/s/files/1/0566/6779/9603/files/dermactive-acti-solaire-ultra-fluid-cream-tinted-spf-50-50ml-7768596.webp?v=1762439169,skin-care
100.0,EGP,Be Ready,Home > العناية بالبشرة > كريم الحماية من الشمس ACTI-SOLAIRE SPF 50+ من ديرما اكتيف، 50 مل > Back to العناية بالبشرة > كولاجرا نياسيناميد فيتامين ب3 30 مل,in stock,https://aldawaaegy.com/ar/collections/skin-care/products/be-ready-antiperspirant-cream-50-gm,https://cdn.shopify.com/s/files/1/0566/6779/9603/products/be-ready-antiperspirant-cream-50-gm-5121473.jpg?v=1762441142,https://cdn.shopify.com/s/files/1/0566/6779/9603/products/be-ready-antiperspirant-cream-50-gm-5121473.jpg?v=1762441142,skin-care
234.5,EGP,Bio Stream,Home > العناية بالبشرة > كريم بي ريدي المضاد للتعرق 50 جم > Back to العناية بالبشرة > بيوديرما سيبيوم H2O 250 مل,in stock,https://aldawaaegy.com/ar/collections/skin-care/products/kolagra-niacinamide-serum-30ml,https://cdn.shopify.com/s/files/1/0566/6779/9603/files/kolagra-niacinamide-serum-30ml-1895962.jpg?v=1762440506,https://cdn.shopify.com/s/files/1/0566/6779/9603/files/kolagra-niacinamide-serum-30ml-1895962.jpg?v=1762440506,skin-care
649.0,EGP,Bioderma,Home > العناية بالبشرة > كولاجرا نياسيناميد فيتامين ب3 30 مل > Back to العناية بالبشرة > يوسيرين ديرمو منقي مساعد 50 مل,in stock,https://aldawaaegy.com/ar/collections/skin-care/products/bioderma-sebium-h2o-250-ml,https://cdn.shopify.com/s/files/1/0566/6779/9603/products/bioderma-sebium-h2o-250-ml-9183789.jpg?v=1762440752,https://cdn.shopify.com/s/files/1/0566/6779/9603/products/bioderma-sebium-h2o-250-ml-9183789.jpg?v=1762440752,skin-care
941.0,EGP,Eucerin,Home > العناية بالبشرة > بيوديرما سيبيوم H2O 250 مل > Back to العناية بالبشرة > يورياج زيموس أحمر الشفاه 4 جم,in stock,https://aldawaaegy.com/ar/collections/skin-care/products/eucerin-dermo-purifyer-adjunctive-50ml,https://cdn.shopify.com/s/files/1/0566/6779/9603/products/eucerin-dermo-purifyer-adjunctive-50ml-9991264.jpg?v=1762440511,https://cdn.shopify.com/s/files/1/0566/6779/9603/products/eucerin-dermo-purifyer-adjunctive-50ml-9991264.jpg?v=1762440511,skin-care
469.0,EGP,Uriage,Home > العناية بالبشرة > يوسيرين ديرمو منقي مساعد 50 مل > Back to العناية بالبشرة > لاروش بوزيه أنثيليوس لوشن للأطفال بعامل حماية من الشمس 50 50 مل,sold out,https://aldawaaegy.com/ar/collections/skin-care/products/uriage-xemose-lip-stick-4gm,https://cdn.shopify.com/s/files/1/0566/6779/9603/products/uriage-xemose-lip-stick-4gm-9834163.webp?v=1762440113,https://cdn.shopify.com/s/files/1/0566/6779/9603/products/uriage-xemose-lip-stick-4gm-9834163.webp?v=1762440113,skin-care
1099.0,EGP,La Roche-Posay,Home > العناية بالبشرة > يورياج زيموس أحمر الشفاه 4 جم > Back to العناية بالبشرة > جلامي لاب المضاد للتجاعيد 50 جم,sold out,https://aldawaaegy.com/ar/collections/skin-care/products/la-roche-posay-anthelios-lotion-baby-spf50-50ml,https://cdn.shopify.com/s/files/1/0566/6779/9603/products/laroche-anthelios-lotion-baby-spf50-50ml-4625825.jpg?v=1762440928,https://cdn.shopify.com/s/files/1/0566/6779/9603/products/laroche-anthelios-lotion-baby-spf50-50ml-4625825.jpg?v=1762440928,skin-care
450.0,EGP,Glamy,Home > العناية بالبشرة > لاروش بوزيه أنثيليوس لوشن للأطفال بعامل حماية من الشمس 50 50 مل > Back to العناية بالبشرة > لاروش بوزيه ديرمو لوشن للأطفال بعامل حماية من الشمس 50 75 مل,in stock,https://aldawaaegy.com/ar/collections/skin-care/products/glamy-lab-antiwrinkles-gel-50-gm,https://cdn.shopify.com/s/files/1/0566/6779/9603/products/glamy-lab-antiwrinkles-gel-50-gm-8922260.jpg?v=1762441600,https://cdn.shopify.com/s/files/1/0566/6779/9603/products/glamy-lab-antiwrinkles-gel-50-gm-8922260.jpg?v=1762441600,skin-care
649.0,EGP,La Roche-Posay,Home > العناية بالبشرة > جلامي لاب المضاد للتجاعيد 50 جم > Back to العناية بالبشرة > جل ديبيوايت لمحيط العين من إيه سي إم، 15 مل,sold out,https://aldawaaegy.com/ar/collections/skin-care/products/la-roche-posay-dermo-lotion-kids-spf50-75ml,https://cdn.shopify.com/s/files/1/0566/6779/9603/products/la-roche-dermo-lotion-kids-spf50-75ml-6409673.webp?v=1762441675,https://cdn.shopify.com/s/files/1/0566/6779/9603/products/la-roche-dermo-lotion-kids-spf50-75ml-6409673.webp?v=1762441675,skin-care
379.0,EGP,ACM,Home > العناية بالبشرة > لاروش بوزيه ديرمو لوشن للأطفال بعامل حماية من الشمس 50 75 مل > Back to العناية بالبشرة > ايه سي ام ديوليز محيط العين 15 مل,in stock,https://aldawaaegy.com/ar/collections/skin-care/products/acm-depiwhite-eye-contour-gel-15ml,https://cdn.shopify.com/s/files/1/0566/6779/9603/products/acm-depiwhite-eye-contour-gel-15ml-3378021.webp?v=1762439349,https://cdn.shopify.com/s/files/1/0566/6779/9603/products/acm-depiwhite-eye-contour-gel-15ml-3378021.webp?v=1762439349,skin-care
399.0,EGP,ACM,Home > العناية بالبشرة > جل ديبيوايت لمحيط العين من إيه سي إم، 15 مل > Back to العناية بالبشرة > ستارفيل جل لمحيط العين 30 جم,sold out,https://aldawaaegy.com/ar/collections/skin-care/products/acm-duolys-eye-contour-15ml,https://cdn.shopify.com/s/files/1/0566/6779/9603/products/acm-duolys-eye-contour-15ml-9631895.webp?v=1762439425,https://cdn.shopify.com/s/files/1/0566/6779/9603/products/acm-duolys-eye-contour-15ml-9631895.webp?v=1762439425,skin-care
250.0,EGP,Starville,Home > العناية بالبشرة > ايه سي ام ديوليز محيط العين 15 مل > Back to العناية بالبشرة > بي جي تونر للبشرة الدهنية والمعرضة لحب الشباب 200 مل,in stock,https://aldawaaegy.com/ar/collections/skin-care/products/starville-eye-contour-gel-30-gm,https://cdn.shopify.com/s/files/1/0566/6779/9603/files/starville-eye-contour-gel-30-gm-4874895.png?v=1762441117,https://cdn.shopify.com/s/files/1/0566/6779/9603/files/starville-eye-contour-gel-30-gm-4874895.png?v=1762441117,skin-care
229.0,EGP,BG,Home > العناية بالبشرة > ستارفيل جل لمحيط العين 30 جم > Back to العناية بالبشرة > يورياج ديبيديرم رغوة منظفة 100 مل,in stock,https://aldawaaegy.com/ar/collections/skin-care/products/bg-skin-toner-for-oily-acne-prone-skin200ml,https://cdn.shopify.com/s/files/1/0566/6779/9603/products/bg-skin-toner-for-oily-acne-prone-skin-200ml-7916611.png?v=1762439121,https://cdn.shopify.com/s/files/1/0566/6779/9603/products/bg-skin-toner-for-oily-acne-prone-skin-200ml-7916611.png?v=1762439121,skin-care
499.0,EGP,Uriage,Home > العناية بالبشرة > بي جي تونر للبشرة الدهنية والمعرضة لحب الشباب 200 مل > Back to العناية بالبشرة > كريم تنعيم سيرافي سا 177 مل,sold out,https://aldawaaegy.com/ar/collections/skin-care/products/uriage-depiderm-cleansing-foam-100ml,https://cdn.shopify.com/s/files/1/0566/6779/9603/products/uriage-depiderm-cleansing-foam-100ml-5369642.jpg?v=1762440963,https://cdn.shopify.com/s/files/1/0566/6779/9603/products/uriage-depiderm-cleansing-foam-100ml-5369642.jpg?v=1762440963,skin-care
800.0,EGP,Cerave,Home > العناية بالبشرة > يورياج ديبيديرم رغوة منظفة 100 مل > Back to العناية بالبشرة > ايفلين كلين شوت بيلينج إنزيمي مقشر 75 مل,in stock,https://aldawaaegy.com/ar/collections/skin-care/products/cerave-sa-smoothing-cream-177ml,https://cdn.shopify.com/s/files/1/0566/6779/9603/products/cerave-sa-smoothing-cream-177ml-5943585.jpg?v=1762439020,https://cdn.shopify.com/s/files/1/0566/6779/9603/products/cerave-sa-smoothing-cream-177ml-5943585.jpg?v=1762439020,skin-care
350.0,EGP,Eveline,Home > العناية بالبشرة > كريم تنعيم سيرافي سا 177 مل > Back to العناية بالبشرة > حليب الجسم تيلوفيل 300 مل,in stock,https://aldawaaegy.com/ar/collections/skin-care/products/eveline-clean-shot-peeling-enzymatic-75ml,https://cdn.shopify.com/s/files/1/0566/6779/9603/files/eveline-clean-shot-peeling-enzymatic-75ml-9908608.jpg?v=1762436307,https://cdn.shopify.com/s/files/1/0566/6779/9603/files/eveline-clean-shot-peeling-enzymatic-75ml-9908608.jpg?v=1762436307,skin-care
260.0,EGP,Telofill,Home > العناية بالبشرة > ايفلين كلين شوت بيلينج إنزيمي مقشر 75 مل > Back to العناية بالبشرة > جل شان المهدئ 120 مل,sold out,https://aldawaaegy.com/ar/collections/skin-care/products/telofill-body-milk-300ml,https://cdn.shopify.com/s/files/1/0566/6779/9603/files/telofill-body-milk-300ml-6146132.jpg?v=1762436355,https://cdn.shopify.com/s/files/1/0566/6779/9603/files/telofill-body-milk-300ml-6146132.jpg?v=1762436355,skin-care
190.0,EGP,Shaan,Home > العناية بالبشرة > حليب الجسم تيلوفيل 300 مل > Back to العناية بالبشرة > جل شان المهدئ 200 مل,in stock,https://aldawaaegy.com/ar/collections/skin-care/products/shaan-soothing-gel-120ml,https://cdn.shopify.com/s/files/1/0566/6779/9603/files/shaan-soothing-gel-120ml-9994569.png?v=1762436618,https://cdn.shopify.com/s/files/1/0566/6779/9603/files/shaan-soothing-gel-120ml-9994569.png?v=1762436618,skin-care
240.0,EGP,Shaan,Home > العناية بالبشرة > جل شان المهدئ 120 مل > Back to العناية بالبشرة > رغوة توبي جينت ديليكت 150 مل,in stock,https://aldawaaegy.com/ar/collections/skin-care/products/shaan-soothing-gel-200ml,https://cdn.shopify.com/s/files/1/0566/6779/9603/files/shaan-soothing-gel-200ml-2250123.png?v=1762438768,https://cdn.shopify.com/s/files/1/0566/6779/9603/files/shaan-soothing-gel-200ml-2250123.png?v=1762438768,skin-care
260.0,EGP,Macro,Home > العناية بالبشرة > جل شان المهدئ 200 مل > Back to العناية بالبشرة > لا روش ريديرميك ريتينول للعيون 15 مل,in stock,https://aldawaaegy.com/ar/collections/skin-care/products/topi-gent-delicate-foam-150ml,https://cdn.shopify.com/s/files/1/0566/6779/9603/files/topi-gent-delicate-foam-150ml-1491382.webp?v=1762437351,https://cdn.shopify.com/s/files/1/0566/6779/9603/files/topi-gent-delicate-foam-150ml-1491382.webp?v=1762437351,skin-care
970.0,EGP,La Roche-Posay,Home > العناية بالبشرة > رغوة توبي جينت ديليكت 150 مل > Back to العناية بالبشرة > كريم تبييض البشرة وايت إكسبرت من بيونيكس للمناطق الحساسة 50 مل,in stock,https://aldawaaegy.com/ar/collections/skin-care/products/la-roche-redermic-retinol-eyes-15ml,https://cdn.shopify.com/s/files/1/0566/6779/9603/files/la-roche-redermic-retinol-eye-15ml-5213589.webp?v=1762441590,https://cdn.shopify.com/s/files/1/0566/6779/9603/files/la-roche-redermic-retinol-eye-15ml-5213589.webp?v=1762441590,skin-care
619.0,EGP,BIONNEX,Home > العناية بالبشرة > لا روش ريديرميك ريتينول للعيون 15 مل > Back to العناية بالبشرة > شامبو بيونيكس أورجانيكا المضاد للقشرة لجميع أنواع الشعر 300 مل,in stock,https://aldawaaegy.com/ar/collections/skin-care/products/bionnex-whitexpert-whitening-cream-for-sensitive-area-50ml,https://cdn.shopify.com/s/files/1/0566/6779/9603/files/bionnex-whit-sensitive-area-cream-50ml-9523441.jpg?v=1762437309,https://cdn.shopify.com/s/files/1/0566/6779/9603/files/bionnex-whit-sensitive-area-cream-50ml-9523441.jpg?v=1762437309,skin-care
479.0,EGP,BIONNEX,Home > العناية بالبشرة > كريم تبييض البشرة وايت إكسبرت من بيونيكس للمناطق الحساسة 50 مل > Back to العناية بالبشرة > جل هيلانو-لاين المهدئ,in stock,https://aldawaaegy.com/ar/collections/skin-care/products/bionnex-organica-anti-dandruff-shampoo-for-all-hair-types-300ml,https://cdn.shopify.com/s/files/1/0566/6779/9603/files/bionnex-anti-dandruff-shampoo-300ml-1446128.jpg?v=1762439240,https://cdn.shopify.com/s/files/1/0566/6779/9603/files/bionnex-anti-dandruff-shampoo-300ml-1446128.jpg?v=1762439240,skin-care
225.0,EGP,Helano-Line,Home > العناية بالبشرة > شامبو بيونيكس أورجانيكا المضاد للقشرة لجميع أنواع الشعر 300 مل > Back to العناية بالبشرة > ميديتوبيك ساليتوبيك جل منقي 75 مل,in stock,https://aldawaaegy.com/ar/collections/skin-care/products/helano-line-soothing-gel,https://cdn.shopify.com/s/files/1/0566/6779/9603/products/helano-line-soothing-gel-3010492.jpg?v=1762440506,https://cdn.shopify.com/s/files/1/0566/6779/9603/products/helano-line-soothing-gel-3010492.jpg?v=1762440506,skin-care
588.0,EGP,Meditopic,Home > العناية بالبشرة > جل هيلانو-لاين المهدئ > Back to العناية بالبشرة > لاروش بوزيه توليريان جل موسانت 150 مل,in stock,https://aldawaaegy.com/ar/collections/skin-care/products/meditopic-salitopic-purifying-gel-75ml,https://cdn.shopify.com/s/files/1/0566/6779/9603/products/meditopic-salitopic-purifying-gel-75ml-1860762.jpg?v=1762440203,https://cdn.shopify.com/s/files/1/0566/6779/9603/products/meditopic-salitopic-purifying-gel-75ml-1860762.jpg?v=1762440203,skin-care
579.0,EGP,La Roche-Posay,Home > العناية بالبشرة > ميديتوبيك ساليتوبيك جل منقي 75 مل > Back to العناية بالبشرة > لاروش بوساي أنثيلوس سائل ملون للأشعة فوق البنفسجية 400 عامل حماية من الشمس 50 50 مل,sold out,https://aldawaaegy.com/ar/collections/skin-care/products/la-roche-posay-toleriane-gel-moussant-150ml,https://cdn.shopify.com/s/files/1/0566/6779/9603/products/la-roche-toleriane-gel-moussant-150ml-8639579.jpg?v=1762440063,https://cdn.shopify.com/s/files/1/0566/6779/9603/products/la-roche-toleriane-gel-moussant-150ml-8639579.jpg?v=1762440063,skin-care
979.0,EGP,La Roche-Posay,Home > العناية بالبشرة > لاروش بوزيه توليريان جل موسانت 150 مل > Back to العناية بالبشرة > فيشي إيديال سوليل ملون بعامل حماية من الشمس 50 3 في 1 50 مل,in stock,https://aldawaaegy.com/ar/collections/skin-care/products/la-roche-posay-anthelos-tinted-fluid-uv-mune-400-spf50-50ml,https://cdn.shopify.com/s/files/1/0566/6779/9603/products/laroche-anthelos-tinted-fluid-uv-mune-400-spf50-50ml-9671220.jpg?v=1762439746,https://cdn.shopify.com/s/files/1/0566/6779/9603/products/laroche-anthelos-tinted-fluid-uv-mune-400-spf50-50ml-9671220.jpg?v=1762439746,skin-care
1100.0,EGP,Vichy,Home > العناية بالبشرة > لاروش بوساي أنثيلوس سائل ملون للأشعة فوق البنفسجية 400 عامل حماية من الشمس 50 50 مل > Back to العناية بالبشرة > جل التنظيف يورياج هيسياك 150 مل,in stock,https://aldawaaegy.com/ar/collections/skin-care/products/vichy-ideal-soleil-tinted-spf50-3in1-50ml,https://cdn.shopify.com/s/files/1/0566/6779/9603/products/vichy-ideal-soleil-tinted-spf50-3in1-50ml-4919360.jpg?v=1762441137,https://cdn.shopify.com/s/files/1/0566/6779/9603/products/vichy-ideal-soleil-tinted-spf50-3in1-50ml-4919360.jpg?v=1762441137,skin-care
799.0,EGP,Uriage,Home > العناية بالبشرة > فيشي إيديال سوليل ملون بعامل حماية من الشمس 50 3 في 1 50 مل > Back to العناية بالبشرة > سائل فيتشي إيديال سوليل بي بي بعامل حماية من الشمس 50، 50 مل,in stock,https://aldawaaegy.com/ar/collections/skin-care/products/uriage-hyseac-cleansing-gel-150ml,https://cdn.shopify.com/s/files/1/0566/6779/9603/products/uriage-hyseac-cleansing-gel-150ml-2564635.jpg?v=1762440579,https://cdn.shopify.com/s/files/1/0566/6779/9603/products/uriage-hyseac-cleansing-gel-150ml-2564635.jpg?v=1762440579,skin-care
999.0,EGP,Vichy,Home > العناية بالبشرة > جل التنظيف يورياج هيسياك 150 مل > Back to العناية بالبشرة > كريم مرطب من سيرافي 454 جم,in stock,https://aldawaaegy.com/ar/collections/skin-care/products/vichy-ideal-soleil-bb-spf50-fluid-50ml,https://cdn.shopify.com/s/files/1/0566/6779/9603/products/vichy-ideal-soleil-bb-spf50-fluid-50ml-2956367.jpg?v=1762440573,https://cdn.shopify.com/s/files/1/0566/6779/9603/products/vichy-ideal-soleil-bb-spf50-fluid-50ml-2956367.jpg?v=1762440573,skin-care
1050.0,EGP,Cerave,Home > العناية بالبشرة > سائل فيتشي إيديال سوليل بي بي بعامل حماية من الشمس 50، 50 مل > Back to العناية بالبشرة > بيوديرما بيو اويل 25 مل,in stock,https://aldawaaegy.com/ar/collections/skin-care/products/cerave-moisturising-cream-454gm,https://cdn.shopify.com/s/files/1/0566/6779/9603/products/cerave-moisturising-cream-454gm-6035769.jpg?v=1762440923,https://cdn.shopify.com/s/files/1/0566/6779/9603/products/cerave-moisturising-cream-454gm-6035769.jpg?v=1762440923,skin-care
215.0,EGP,Bioderma,Home > العناية بالبشرة > كريم مرطب من سيرافي 454 جم > Back to العناية بالبشرة > كريم الوجه ايه سي ام سيبيونكس تريو 40 مل,sold out,https://aldawaaegy.com/ar/collections/skin-care/products/bioderma-bio-oil-25ml,https://cdn.shopify.com/s/files/1/0566/6779/9603/products/bioderma-bio-oil-25ml-3009015.jpg?v=1762441173,https://cdn.shopify.com/s/files/1/0566/6779/9603/products/bioderma-bio-oil-25ml-3009015.jpg?v=1762441173,skin-care
409.0,EGP,ACM,Home > العناية بالبشرة > بيوديرما بيو اويل 25 مل > Back to العناية بالبشرة > فيشي نورماديرم 3 في 1 ميسيلار 200 مل,in stock,https://aldawaaegy.com/ar/collections/skin-care/products/acm-sebionex-trio-face-cream-40ml,https://cdn.shopify.com/s/files/1/0566/6779/9603/products/acm-sebionex-trio-face-cream-40ml-2967157.jpg?v=1762440819,https://cdn.shopify.com/s/files/1/0566/6779/9603/products/acm-sebionex-trio-face-cream-40ml-2967157.jpg?v=1762440819,skin-care
700.0,EGP,Vichy,Home > العناية بالبشرة > كريم الوجه ايه سي ام سيبيونكس تريو 40 مل > Back to العناية بالبشرة > كريم الليل يوسيرين هيالورون 50 مل,sold out,https://aldawaaegy.com/ar/collections/skin-care/products/vichy-normaderm-3in1micellar-200ml,https://cdn.shopify.com/s/files/1/0566/6779/9603/products/vichy-normaderm-3in1micellar-200ml-8845303.webp?v=1762438997,https://cdn.shopify.com/s/files/1/0566/6779/9603/products/vichy-normaderm-3in1micellar-200ml-8845303.webp?v=1762438997,skin-care
1459.0,EGP,Eucerin,Home > العناية بالبشرة > فيشي نورماديرم 3 في 1 ميسيلار 200 مل > Back to العناية بالبشرة > يوسيرين جل الشمس للتحكم في الزيت 50 مل,in stock,https://aldawaaegy.com/ar/collections/skin-care/products/eucerin-hyaluron-night-cream-50ml,https://cdn.shopify.com/s/files/1/0566/6779/9603/products/eucerin-hyaluron-night-cream-50ml-2984171.jpg?v=1762439004,https://cdn.shopify.com/s/files/1/0566/6779/9603/products/eucerin-hyaluron-night-cream-50ml-2984171.jpg?v=1762439004,skin-care
1039.0,EGP,Eucerin,Home > العناية بالبشرة > كريم الليل يوسيرين هيالورون 50 مل > Back to العناية بالبشرة > ماء ميسيلر ستارفيل 100 مل,in stock,https://aldawaaegy.com/ar/collections/skin-care/products/eucerin-oil-control-sun-gel-dry-touch-50ml,https://cdn.shopify.com/s/files/1/0566/6779/9603/products/eucerin-oil-control-sun-gel-dry-touch-50ml-1630097.jpg?v=1762438980,https://cdn.shopify.com/s/files/1/0566/6779/9603/products/eucerin-oil-control-sun-gel-dry-touch-50ml-1630097.jpg?v=1762438980,skin-care
75.0,EGP,Starville,Home > العناية بالبشرة > يوسيرين جل الشمس للتحكم في الزيت 50 مل > Back to العناية بالبشرة > سيروم الوجه ريتينول فاكيشن 30 مل,in stock,https://aldawaaegy.com/ar/collections/skin-care/products/starville-miceller-water-100ml,https://cdn.shopify.com/s/files/1/0566/6779/9603/files/starville-miceller-water-100ml-3775613.png?v=1762436234,https://cdn.shopify.com/s/files/1/0566/6779/9603/files/starville-miceller-water-100ml-3775613.png?v=1762436234,skin-care
550.0,EGP,Vacation,Home > العناية بالبشرة > ماء ميسيلر ستارفيل 100 مل > Back to العناية بالبشرة > شان سوثيج جل بوست ليزر 120 جم,in stock,https://aldawaaegy.com/ar/collections/skin-care/products/vacation-retinol-face-serum-30ml,https://cdn.shopify.com/s/files/1/0566/6779/9603/files/vacation-retinol-face-serum-30ml-9364616.png?v=1762437194,https://cdn.shopify.com/s/files/1/0566/6779/9603/files/vacation-retinol-face-serum-30ml-9364616.png?v=1762437194,skin-care
200.0,EGP,Shaan,Home > العناية بالبشرة > سيروم الوجه ريتينول فاكيشن 30 مل > Back to العناية بالبشرة > منظف ​​جل الوجه ميلا بي 3 مع ميلاسيل™ + النياسيناميد 200 مل,sold out,https://aldawaaegy.com/ar/collections/skin-care/products/shaan-soothig-gel-post-laser-120gm,https://cdn.shopify.com/s/files/1/0566/6779/9603/files/shaan-soothig-gel-post-laser-120gm-7727024.jpg?v=1762436618,https://cdn.shopify.com/s/files/1/0566/6779/9603/files/shaan-soothig-gel-post-laser-120gm-7727024.jpg?v=1762436618,skin-care
930.0,EGP,La Roche-Posay,Home > العناية بالبشرة > شان سوثيج جل بوست ليزر 120 جم > Back to العناية بالبشرة > OMEGA RX OMEGA 3 60 قطعة + خصم 30 قطعة,in stock,https://aldawaaegy.com/ar/collections/skin-care/products/mela-b3-facial-gel-cleanser-with-melasyl%E2%84%A2-niacinamide-200ml,https://cdn.shopify.com/s/files/1/0566/6779/9603/files/la-roche-mela-b3-gel-micro-cleanser-200ml-4007887.jpg?v=1762436852,https://cdn.shopify.com/s/files/1/0566/6779/9603/files/la-roche-mela-b3-gel-micro-cleanser-200ml-4007887.jpg?v=1762436852,skin-care
240.0,EGP,Infinity,Home > العناية بالبشرة > منظف ​​جل الوجه ميلا بي 3 مع ميلاسيل™ + النياسيناميد 200 مل > Back to العناية بالبشرة > ديرماكتيف رول بتأثير ثلاثي 60 مل,in stock,https://aldawaaegy.com/ar/collections/skin-care/products/omega-rx-omega-3-60-pieces-30-pieces-off,https://cdn.shopify.com/s/files/1/0566/6779/9603/files/omega-rx-60-pieces30-pieces-offer-9609720.webp?v=1764266765,https://cdn.shopify.com/s/files/1/0566/6779/9603/files/omega-rx-60-pieces30-pieces-offer-9609720.webp?v=1764266765,skin-care
169.0,EGP,Dermactive,Home > العناية بالبشرة > OMEGA RX OMEGA 3 60 قطعة + خصم 30 قطعة > Back to العناية بالبشرة > سيروم شوت 15% فيتامين سي + سي جي كومبلكس من ايفلين كوزماتيكس، 30 مل,in stock,https://aldawaaegy.com/ar/collections/skin-care/products/dermactive-roll-triple-effect-60ml,https://cdn.shopify.com/s/files/1/0566/6779/9603/files/dermactive-roll-triple-effect-60ml-9352978.png?v=1762437545,https://cdn.shopify.com/s/files/1/0566/6779/9603/files/dermactive-roll-triple-effect-60ml-9352978.png?v=1762437545,skin-care
599.0,EGP,Eveline,Home > العناية بالبشرة > ديرماكتيف رول بتأثير ثلاثي 60 مل > Back to العناية بالبشرة > سيروم ايفلين كوزماتيكس 0.2% ريتينول للتجاعيد 30 مل,in stock,https://aldawaaegy.com/ar/collections/skin-care/products/eveline-cosmetics-serum-shot-15-vitamin-c-cg-complex-illumination-30ml,https://cdn.shopify.com/s/files/1/0566/6779/9603/files/eveline-serum-shot-15-vitamin-c-30ml-8488822.jpg?v=1762438211,https://cdn.shopify.com/s/files/1/0566/6779/9603/files/eveline-serum-shot-15-vitamin-c-30ml-8488822.jpg?v=1762438211,skin-care
599.0,EGP,Eveline,Home > العناية بالبشرة > سيروم شوت 15% فيتامين سي + سي جي كومبلكس من ايفلين كوزماتيكس، 30 مل > Back to العناية بالبشرة > كريم ديرما اكتيف أكتي-جلو الليلي 50 مل,in stock,https://aldawaaegy.com/ar/collections/skin-care/products/eveline-cosmetics-serum-shot-0-2-retinol-wrinkles-30ml,https://cdn.shopify.com/s/files/1/0566/6779/9603/files/eveline-serum-shot-02-retinol-30ml-8562445.jpg?v=1762438460,https://cdn.shopify.com/s/files/1/0566/6779/9603/files/eveline-serum-shot-02-retinol-30ml-8562445.jpg?v=1762438460,skin-care
339.0,EGP,Dermactive,Home > العناية بالبشرة > سيروم ايفلين كوزماتيكس 0.2% ريتينول للتجاعيد 30 مل > Back to العناية بالبشرة > كريم محيط العين BIONNEX WHITEXPERT 15 مل,in stock,https://aldawaaegy.com/ar/collections/skin-care/products/dermactive-acti-glow-night-cream-50ml,https://cdn.shopify.com/s/files/1/0566/6779/9603/files/dermactive-glow-night-cream-50ml-5985222.png?v=1762437034,https://cdn.shopify.com/s/files/1/0566/6779/9603/files/dermactive-glow-night-cream-50ml-5985222.png?v=1762437034,skin-care
425.0,EGP,BIONNEX,Home > العناية بالبشرة > كريم ديرما اكتيف أكتي-جلو الليلي 50 مل > Back to العناية بالبشرة > أحمر شفاه جيج بير 4 في 1 #02 برتقالي,in stock,https://aldawaaegy.com/ar/collections/skin-care/products/bionnex-whitexpert-eye-contour-cream-15ml,https://cdn.shopify.com/s/files/1/0566/6779/9603/files/bionnex-eye-contour-15ml-4329828.jpg?v=1762441493,https://cdn.shopify.com/s/files/1/0566/6779/9603/files/bionnex-eye-contour-15ml-4329828.jpg?v=1762441493,skin-care
340.0,EGP,Gege Bear,Home > العناية بالبشرة > كريم محيط العين BIONNEX WHITEXPERT 15 مل > Back to العناية بالبشرة > مزيل العرق المفتح للبشرة برائحة اللؤلؤ والورد 50 مل,in stock,https://aldawaaegy.com/ar/collections/skin-care/products/gege-bear-4-in-1-lipstick-02-orange,https://cdn.shopify.com/s/files/1/0566/6779/9603/files/korean-lip-stick-41-orange-7365267.jpg?v=1762437812,https://cdn.shopify.com/s/files/1/0566/6779/9603/files/korean-lip-stick-41-orange-7365267.jpg?v=1762437812,skin-care
275.0,EGP,Vacation,Home > العناية بالبشرة > أحمر شفاه جيج بير 4 في 1 #02 برتقالي > Back to العناية بالبشرة > لوشن واقي من الشمس للعطلات 120 مل عرض 1+ 1 مجانًا,sold out,https://aldawaaegy.com/ar/collections/skin-care/products/vacation-pearl-rose-whitening-deodorant-50-ml,https://cdn.shopify.com/s/files/1/0566/6779/9603/files/vacation-whitening-deodorant-pearlrose-50ml-5419767.png?v=1762437437,https://cdn.shopify.com/s/files/1/0566/6779/9603/files/vacation-whitening-deodorant-pearlrose-50ml-5419767.png?v=1762437437,skin-care
295.0,EGP,Vacation,Home > العناية بالبشرة > مزيل العرق المفتح للبشرة برائحة اللؤلؤ والورد 50 مل > Back to العناية بالبشرة > مناديل ستارفيل ميسيلار المائية 25,sold out,https://aldawaaegy.com/ar/collections/skin-care/products/vacation-sunscreen-lotion-120ml-offer-1-1-free,https://cdn.shopify.com/s/files/1/0566/6779/9603/files/vacation-lotion-sun-screen-11-off-6683836.png?v=1762437345,https://cdn.shopify.com/s/files/1/0566/6779/9603/files/vacation-lotion-sun-screen-11-off-6683836.png?v=1762437345,skin-care
75.0,EGP,Starville,Home > العناية بالبشرة > لوشن واقي من الشمس للعطلات 120 مل عرض 1+ 1 مجانًا > Back to العناية بالبشرة > BG فانيليا مكثفة رول 50 مل,in stock,https://aldawaaegy.com/ar/collections/skin-care/products/starville-micellar-water-wipes-25,https://cdn.shopify.com/s/files/1/0566/6779/9603/files/starville-micellar-water-wipes-25-1131203.png?v=1762437805,https://cdn.shopify.com/s/files/1/0566/6779/9603/files/starville-micellar-water-wipes-25-1131203.png?v=1762437805,skin-care
174.5,EGP,BG,Home > العناية بالبشرة > مناديل ستارفيل ميسيلار المائية 25 > Back to العناية بالبشرة > بيزلين رول الدر روز 1+1 خصم,in stock,https://aldawaaegy.com/ar/collections/skin-care/products/bg-vanilla-intense-roll-50ml,https://cdn.shopify.com/s/files/1/0566/6779/9603/files/bg-vanilla-intense-roll-50ml-4780490.jpg?v=1762438768,https://cdn.shopify.com/s/files/1/0566/6779/9603/files/bg-vanilla-intense-roll-50ml-4780490.jpg?v=1762438768,skin-care
550.0,EGP,Beesline,Home > العناية بالبشرة > BG فانيليا مكثفة رول 50 مل > Back to العناية بالبشرة > سيروم مس فلافي الليلي لتجديد البشرة 30 مل,sold out,https://aldawaaegy.com/ar/collections/skin-care/products/beesline-roll-elder-rose-1-1off,https://cdn.shopify.com/s/files/1/0566/6779/9603/files/beesline-roll-elder-rose-11off-6243201.jpg?v=1762438061,https://cdn.shopify.com/s/files/1/0566/6779/9603/files/beesline-roll-elder-rose-11off-6243201.jpg?v=1762438061,skin-care
387.2,EGP,Miss Fluffy,Home > العناية بالبشرة > بيزلين رول الدر روز 1+1 خصم > Back to العناية بالبشرة > كريم تبييض البشرة أثناء العطلة 60 مل,in stock,https://aldawaaegy.com/ar/collections/skin-care/products/miss-fluffy-resurfacing-night-serum-30-ml,https://cdn.shopify.com/s/files/1/0566/6779/9603/files/miss-fluffy-night-serum-30ml-7565721.jpg?v=1762439168,https://cdn.shopify.com/s/files/1/0566/6779/9603/files/miss-fluffy-night-serum-30ml-7565721.jpg?v=1762439168,skin-care
245.0,EGP,Vacation,Home > العناية بالبشرة > سيروم مس فلافي الليلي لتجديد البشرة 30 مل > Back to العناية بالبشرة > رغوة تنظيف الوجه لتبييض البشرة أثناء العطلات 200 مل,sold out,https://aldawaaegy.com/ar/collections/skin-care/products/vacation-whitening-cream-60ml,https://cdn.shopify.com/s/files/1/0566/6779/9603/files/vacation-whitening-cream-60ml-4231515.jpg?v=1762438368,https://cdn.shopify.com/s/files/1/0566/6779/9603/files/vacation-whitening-cream-60ml-4231515.jpg?v=1762438368,skin-care
345.0,EGP,Vacation,Home > العناية بالبشرة > كريم تبييض البشرة أثناء العطلة 60 مل > Back to العناية بالبشرة > فيديلي-كير جل حب الشباب,in stock,https://aldawaaegy.com/ar/collections/skin-care/products/vacation-whitening-facial-cleansing-foam-200ml,https://cdn.shopify.com/s/files/1/0566/6779/9603/files/vacation-cleansing-foam-200ml-3929792.jpg?v=1762440516,https://cdn.shopify.com/s/files/1/0566/6779/9603/files/vacation-cleansing-foam-200ml-3929792.jpg?v=1762440516,skin-care
145.0,EGP,Vidaily-Care,Home > العناية بالبشرة > رغوة تنظيف الوجه لتبييض البشرة أثناء العطلات 200 مل > Back to العناية بالبشرة > أليخون جل واقي الشمس بمعامل حماية 50 75 مل,sold out,https://aldawaaegy.com/ar/collections/skin-care/products/vidaily-care-acne-gel,https://cdn.shopify.com/s/files/1/0566/6779/9603/products/vidaily-care-acne-gel-9547002.webp?v=1762441344,https://cdn.shopify.com/s/files/1/0566/6779/9603/products/vidaily-care-acne-gel-9547002.webp?v=1762441344,skin-care
350.0,EGP,Alejon,Home > العناية بالبشرة > فيديلي-كير جل حب الشباب > Back to العناية بالبشرة > منظف ​​ألجون للتبييض 200 مل,sold out,https://aldawaaegy.com/ar/collections/skin-care/products/alejon-sun-screen-gel-spf50-75ml,https://cdn.shopify.com/s/files/1/0566/6779/9603/products/62698.png?v=1762196738,https://cdn.shopify.com/s/files/1/0566/6779/9603/products/62698.png?v=1762196738,skin-care
270.0,EGP,Alejon,Home > العناية بالبشرة > أليخون جل واقي الشمس بمعامل حماية 50 75 مل > Back to العناية بالبشرة > واقي الشمس السائل للوجه للدفاع عن البشرة بعامل حماية من الشمس SPF50+,in stock,https://aldawaaegy.com/ar/collections/skin-care/products/alejon-whitening-cleanser-200ml,https://cdn.shopify.com/s/files/1/0566/6779/9603/products/alejon-whitening-cleanser-200ml-4951076.png?v=1762440813,https://cdn.shopify.com/s/files/1/0566/6779/9603/products/alejon-whitening-cleanser-200ml-4951076.png?v=1762440813,skin-care
600.0,EGP,Beesline,Home > العناية بالبشرة > منظف ​​ألجون للتبييض 200 مل > Back to العناية بالبشرة > بيزلين Age Defense واقي من الشمس ملون فاتح بمعامل حماية 50,sold out,https://aldawaaegy.com/ar/collections/skin-care/products/beesline-age-defense-sun-screen,https://cdn.shopify.com/s/files/1/0566/6779/9603/files/beesline-age-defense-sun-screen-9128693.jpg?v=1762441824,https://cdn.shopify.com/s/files/1/0566/6779/9603/files/beesline-age-defense-sun-screen-9128693.jpg?v=1762441824,skin-care
600.0,EGP,Beesline,Home > العناية بالبشرة > واقي الشمس السائل للوجه للدفاع عن البشرة بعامل حماية من الشمس SPF50+ > Back to العناية بالبشرة > جل أوركيديا هيدرا بوست 150 مل,sold out,https://aldawaaegy.com/ar/collections/skin-care/products/beesline-age-defense-sun-screen-tinted-light-spf50,https://cdn.shopify.com/s/files/1/0566/6779/9603/files/beesline-age-defense-sun-screen-tinted-light-spf50-8237131.jpg?v=1762440827,https://cdn.shopify.com/s/files/1/0566/6779/9603/files/beesline-age-defense-sun-screen-tinted-light-spf50-8237131.jpg?v=1762440827,skin-care
250.0,EGP,Orchidia,Home > العناية بالبشرة > بيزلين Age Defense واقي من الشمس ملون فاتح بمعامل حماية 50 > Back to العناية بالبشرة > كريم سترالين المطري للوجه والجسم 200 مل,sold out,https://aldawaaegy.com/ar/collections/skin-care/products/orchidia-hydra-boost-gel-150ml,https://cdn.shopify.com/s/files/1/0566/6779/9603/products/orchidia-hydra-boost-gel-150ml-4015504.webp?v=1762441379,https://cdn.shopify.com/s/files/1/0566/6779/9603/products/orchidia-hydra-boost-gel-150ml-4015504.webp?v=1762441379,skin-care
326.0,EGP,Straline,Home > العناية بالبشرة > جل أوركيديا هيدرا بوست 150 مل > Back to العناية بالبشرة > بيوديرما بيجمنتبيو كريم رغوي 200 مل,in stock,https://aldawaaegy.com/ar/collections/skin-care/products/straline-emollient-cream-face-body-200ml,https://cdn.shopify.com/s/files/1/0566/6779/9603/files/straline-emollient-cream-facebody-200ml-3069358.jpg?v=1762441732,https://cdn.shopify.com/s/files/1/0566/6779/9603/files/straline-emollient-cream-facebody-200ml-3069358.jpg?v=1762441732,skin-care
999.0,EGP,Bioderma,Home > العناية بالبشرة > كريم سترالين المطري للوجه والجسم 200 مل > Back to العناية بالبشرة > لاروش بوزيه بيجمنتكلار للعين 15 مل,sold out,https://aldawaaegy.com/ar/collections/skin-care/products/bioderma-pigmentbio-foaming-cream-200ml,https://cdn.shopify.com/s/files/1/0566/6779/9603/products/bioderma-pigmentbio-foaming-cream-200ml-7428465.jpg?v=1762440197,https://cdn.shopify.com/s/files/1/0566/6779/9603/products/bioderma-pigmentbio-foaming-cream-200ml-7428465.jpg?v=1762440197,skin-care
1020.0,EGP,La Roche-Posay,Home > العناية بالبشرة > بيوديرما بيجمنتبيو كريم رغوي 200 مل > Back to العناية بالبشرة > مرطب إيزيس تين ديرم هيدرا، 40 مل,in stock,https://aldawaaegy.com/ar/collections/skin-care/products/la-roche-posay-pigmentclar-eye-15-ml,https://cdn.shopify.com/s/files/1/0566/6779/9603/products/la-roche-pigmentclar-eye-15-ml-8416037.jpg?v=1762440510,https://cdn.shopify.com/s/files/1/0566/6779/9603/products/la-roche-pigmentclar-eye-15-ml-8416037.jpg?v=1762440510,skin-care
715.0,EGP,ISISPHARMA,Home > العناية بالبشرة > لاروش بوزيه بيجمنتكلار للعين 15 مل > Back to العناية بالبشرة > كريم فيشي نورماديرم للبشرة المعرضة لحب الشباب 30 مل,in stock,https://aldawaaegy.com/ar/collections/skin-care/products/isis-teen-derm-hydra-moisturizer-40ml,https://cdn.shopify.com/s/files/1/0566/6779/9603/files/isis-teen-derm-hydra-moisturizer-40ml-3568362.jpg?v=1762440090,https://cdn.shopify.com/s/files/1/0566/6779/9603/files/isis-teen-derm-hydra-moisturizer-40ml-3568362.jpg?v=1762440090,skin-care
699.0,EGP,Vichy,Home > العناية بالبشرة > مرطب إيزيس تين ديرم هيدرا، 40 مل > Back to العناية بالبشرة > بيوديرما سيبيوم هيدرا مرطب 40 مل,sold out,https://aldawaaegy.com/ar/collections/skin-care/products/vichy-normaderm-acne-prone-skin-cream-30ml,https://cdn.shopify.com/s/files/1/0566/6779/9603/files/vichy-normaderm-acne-prone-skin-cream-30ml-3926343.jpg?v=1762439163,https://cdn.shopify.com/s/files/1/0566/6779/9603/files/vichy-normaderm-acne-prone-skin-cream-30ml-3926343.jpg?v=1762439163,skin-care
1059.0,EGP,Bioderma,Home > العناية بالبشرة > كريم فيشي نورماديرم للبشرة المعرضة لحب الشباب 30 مل > Back to العناية بالبشرة > بي جي كريم مرطب للبشرة 50 مل,sold out,https://aldawaaegy.com/ar/collections/skin-care/products/bioderma-sebium-hydra-moisturising-40-ml,https://cdn.shopify.com/s/files/1/0566/6779/9603/products/bioderma-sebium-hydra-moisturising-40-ml-6438091.jpg?v=1762441456,https://cdn.shopify.com/s/files/1/0566/6779/9603/products/bioderma-sebium-hydra-moisturising-40-ml-6438091.jpg?v=1762441456,skin-care
329.0,EGP,BG,Home > العناية بالبشرة > بيوديرما سيبيوم هيدرا مرطب 40 مل > Back to العناية بالبشرة > بي جي سيروم مضاد للتجاعيد 30 مل,in stock,https://aldawaaegy.com/ar/collections/skin-care/products/bg-skin-emollient-cream-50ml,https://cdn.shopify.com/s/files/1/0566/6779/9603/products/bg-skin-emollient-cream-50ml-3714010.jpg?v=1762440114,https://cdn.shopify.com/s/files/1/0566/6779/9603/products/bg-skin-emollient-cream-50ml-3714010.jpg?v=1762440114,skin-care
689.0,EGP,BG,Home > العناية بالبشرة > بي جي كريم مرطب للبشرة 50 مل > Back to العناية بالبشرة > يوسيرين ديرمو منقي تونر 200 مل,in stock,https://aldawaaegy.com/ar/collections/skin-care/products/bg-skin-serum-anti-wrinkle-30ml,https://cdn.shopify.com/s/files/1/0566/6779/9603/products/bg-skin-serum-anti-wrinkle-30ml-8816653.jpg?v=1762439008,https://cdn.shopify.com/s/files/1/0566/6779/9603/products/bg-skin-serum-anti-wrinkle-30ml-8816653.jpg?v=1762439008,skin-care
635.0,EGP,Eucerin,Home > العناية بالبشرة > بي جي سيروم مضاد للتجاعيد 30 مل > Back to العناية بالبشرة > يوسيرين هيالورون مويست بوستر 30 مل,in stock,https://aldawaaegy.com/ar/collections/skin-care/products/eucerin-dermo-purifyer-toner-200ml,https://cdn.shopify.com/s/files/1/0566/6779/9603/products/eucerin-dermo-purifyer-toner-200ml-7303135.jpg?v=1762438974,https://cdn.shopify.com/s/files/1/0566/6779/9603/products/eucerin-dermo-purifyer-toner-200ml-7303135.jpg?v=1762438974,skin-care
1459.0,EGP,Eucerin,Home > العناية بالبشرة > يوسيرين ديرمو منقي تونر 200 مل > Back to العناية بالبشرة > يوسيرين هيالورون حشو العين SPF 15 15 مل,in stock,https://aldawaaegy.com/ar/collections/skin-care/products/eucerin-hyaluron-moist-booster-30ml,https://cdn.shopify.com/s/files/1/0566/6779/9603/products/eucerin-hyaluron-moist-booster-30ml-5472874.jpg?v=1762440191,https://cdn.shopify.com/s/files/1/0566/6779/9603/products/eucerin-hyaluron-moist-booster-30ml-5472874.jpg?v=1762440191,skin-care
1255.0,EGP,Eucerin,Home > العناية بالبشرة > يوسيرين هيالورون مويست بوستر 30 مل > Back to العناية بالبشرة > بيزلين غسول مبيض للمنطقة الحميمة 200 مل,in stock,https://aldawaaegy.com/ar/collections/skin-care/products/eucerin-hyaluron-eye-spf-15-filler-15ml,https://cdn.shopify.com/s/files/1/0566/6779/9603/products/eucerin-hyaluron-eye-spf-15-filler-15ml-8448480.jpg?v=1762439419,https://cdn.shopify.com/s/files/1/0566/6779/9603/products/eucerin-hyaluron-eye-spf-15-filler-15ml-8448480.jpg?v=1762439419,skin-care
449.0,EGP,Beesline,Home > العناية بالبشرة > يوسيرين هيالورون حشو العين SPF 15 15 مل > Back to العناية بالبشرة > يورياج ديبيديرم للعناية بمحيط العين 15 مل,in stock,https://aldawaaegy.com/ar/collections/skin-care/products/beesline-whitening-intimate-wash-200ml,https://cdn.shopify.com/s/files/1/0566/6779/9603/products/beesline-whitening-intimate-wash-200ml-9225013.jpg?v=1762439352,https://cdn.shopify.com/s/files/1/0566/6779/9603/products/beesline-whitening-intimate-wash-200ml-9225013.jpg?v=1762439352,skin-care
719.0,EGP,Uriage,Home > العناية بالبشرة > بيزلين غسول مبيض للمنطقة الحميمة 200 مل > Back to العناية بالبشرة > شامبو إيفا للشعر التالف 350 مل,in stock,https://aldawaaegy.com/ar/collections/skin-care/products/uriage-depiderm-eye-conyour-care-15ml,https://cdn.shopify.com/s/files/1/0566/6779/9603/products/uriage-depiderm-eye-contour-care-15ml-3830819.jpg?v=1762438873,https://cdn.shopify.com/s/files/1/0566/6779/9603/products/uriage-depiderm-eye-contour-care-15ml-3830819.jpg?v=1762438873,skin-care
120.0,EGP,EVA,Home > العناية بالبشرة > يورياج ديبيديرم للعناية بمحيط العين 15 مل > Back to العناية بالبشرة > جل شان المهدئ 60 مل,in stock,https://aldawaaegy.com/ar/collections/skin-care/products/eva-recipe-shampo-for-damaged-hair-350ml,https://cdn.shopify.com/s/files/1/0566/6779/9603/files/eva-recipe-shampo-for-damaged-hair-350ml-6445031.webp?v=1762438042,https://cdn.shopify.com/s/files/1/0566/6779/9603/files/eva-recipe-shampo-for-damaged-hair-350ml-6445031.webp?v=1762438042,skin-care
100.0,EGP,Shaan,Home > العناية بالبشرة > شامبو إيفا للشعر التالف 350 مل > Back to العناية بالبشرة > كريم تبييض ستارفيل 60 ملجم,in stock,https://aldawaaegy.com/ar/collections/skin-care/products/shaan-soothing-gel-60ml,https://cdn.shopify.com/s/files/1/0566/6779/9603/files/shaan-soothing-gel-60ml-1138201.webp?v=1762436724,https://cdn.shopify.com/s/files/1/0566/6779/9603/files/shaan-soothing-gel-60ml-1138201.webp?v=1762436724,skin-care
130.0,EGP,Starville,Home > العناية بالبشرة > جل شان المهدئ 60 مل > Back to العناية بالبشرة > كريم تيلوفيل لليدين 50 جرام,in stock,https://aldawaaegy.com/ar/collections/skin-care/products/starville-whitening-cream-60-mg,https://cdn.shopify.com/s/files/1/0566/6779/9603/files/starville-whitening-cream-60-mg-np-6498749.png?v=1762436235,https://cdn.shopify.com/s/files/1/0566/6779/9603/files/starville-whitening-cream-60-mg-np-6498749.png?v=1762436235,skin-care
140.0,EGP,Telofill,Home > العناية بالبشرة > كريم تبييض ستارفيل 60 ملجم > Back to العناية بالبشرة > واقي شمس ملون للعطلات بخمسة مرشحات 50 مل,in stock,https://aldawaaegy.com/ar/collections/skin-care/products/telofill-hand-cream-50gm,https://cdn.shopify.com/s/files/1/0566/6779/9603/files/telofill-hand-cream-50gm-9710227.jpg?v=1762437684,https://cdn.shopify.com/s/files/1/0566/6779/9603/files/telofill-hand-cream-50gm-9710227.jpg?v=1762437684,skin-care
450.0,EGP,Vacation,Home > العناية بالبشرة > كريم تيلوفيل لليدين 50 جرام > Back to العناية بالبشرة > محلول الكافيين العادي 5% 30 مل,in stock,https://aldawaaegy.com/ar/collections/skin-care/products/vacation-tinted-sun-5filters-50ml,https://cdn.shopify.com/s/files/1/0566/6779/9603/files/vacation-tinted-sun-5filters-50ml-9506587.png?v=1762437027,https://cdn.shopify.com/s/files/1/0566/6779/9603/files/vacation-tinted-sun-5filters-50ml-9506587.png?v=1762437027,skin-care
653.0,EGP,THE ORDINARY,Home > العناية بالبشرة > واقي شمس ملون للعطلات بخمسة مرشحات 50 مل > Back to العناية بالبشرة > ذا اورديناري ريتينول 1% 30 مل,in stock,https://aldawaaegy.com/ar/collections/skin-care/products/the-ordinary-caffeine-solution-5-30ml,https://cdn.shopify.com/s/files/1/0566/6779/9603/files/the-ordinary-caffeine-solution-5-30ml-7072852.jpg?v=1762437200,https://cdn.shopify.com/s/files/1/0566/6779/9603/files/the-ordinary-caffeine-solution-5-30ml-7072852.jpg?v=1762437200,skin-care
654.0,EGP,THE ORDINARY,Home > العناية بالبشرة > محلول الكافيين العادي 5% 30 مل > Back to العناية بالبشرة > بلسم الشفاه شان 5 جرام بالورد,in stock,https://aldawaaegy.com/ar/collections/skin-care/products/the-ordinary-retinol1-30ml,https://cdn.shopify.com/s/files/1/0566/6779/9603/files/the-ordinary-retinol1-30ml-1797771.jpg?v=1762437194,https://cdn.shopify.com/s/files/1/0566/6779/9603/files/the-ordinary-retinol1-30ml-1797771.jpg?v=1762437194,skin-care
90.0,EGP,Shaan,Home > العناية بالبشرة > ذا اورديناري ريتينول 1% 30 مل > Back to العناية بالبشرة > قناع الشعر فويلا بالكولاجين وحمض الهيالورونيك 500 مل,sold out,https://aldawaaegy.com/ar/collections/skin-care/products/shaan-lip-balm-5gm-rose,https://cdn.shopify.com/s/files/1/0566/6779/9603/files/shaan-lip-balm-5gm-rose-1293619.png?v=1762438871,https://cdn.shopify.com/s/files/1/0566/6779/9603/files/shaan-lip-balm-5gm-rose-1293619.png?v=1762438871,skin-care
270.0,EGP,Voila,Home > العناية بالبشرة > بلسم الشفاه شان 5 جرام بالورد > Back to العناية بالبشرة > سيروم سكينسايد نياسيناميد 10% + زنك 1% 25 مل,in stock,https://aldawaaegy.com/ar/collections/skin-care/products/voila-hair-mask-collagen-hyaluronic-500ml,https://cdn.shopify.com/s/files/1/0566/6779/9603/files/voila-hair-mask-collagenhyaluronic-500ml-4838356.jpg?v=1762437094,https://cdn.shopify.com/s/files/1/0566/6779/9603/files/voila-hair-mask-collagenhyaluronic-500ml-4838356.jpg?v=1762437094,skin-care
440.0,EGP,SKINSIDE,Home > العناية بالبشرة > قناع الشعر فويلا بالكولاجين وحمض الهيالورونيك 500 مل > Back to العناية بالبشرة > مرهم سبير زيراسينت المرطب المتوازن PH 50 مل,in stock,https://aldawaaegy.com/ar/collections/skin-care/products/skinside-niacinamide-10-zinc-1-serum-25ml,https://cdn.shopify.com/s/files/1/0566/6779/9603/files/skinside-blemish-free-serum-niacinamide-25ml-1106701.jpg?v=1762438029,https://cdn.shopify.com/s/files/1/0566/6779/9603/files/skinside-blemish-free-serum-niacinamide-25ml-1106701.jpg?v=1762438029,skin-care
87.5,EGP,Spire,Home > العناية بالبشرة > سيروم سكينسايد نياسيناميد 10% + زنك 1% 25 مل > Back to العناية بالبشرة > سيروم SPIRE Vidral PH الموازن للبشرة 100 مل,in stock,https://aldawaaegy.com/ar/collections/skin-care/products/spire-xeracent-ph-balancing-moisturizing-ointment-50ml,https://cdn.shopify.com/s/files/1/0566/6779/9603/files/spire-xeracent-emollient-ointment-50ml-9274438.jpg?v=1762438495,https://cdn.shopify.com/s/files/1/0566/6779/9603/files/spire-xeracent-emollient-ointment-50ml-9274438.jpg?v=1762438495,skin-care
259.0,EGP,Spire,Home > العناية بالبشرة > مرهم سبير زيراسينت المرطب المتوازن PH 50 مل > Back to العناية بالبشرة > كريم ترطيب البشرة المتوازن فالوريكس من سباير 75 مل,sold out,https://aldawaaegy.com/ar/collections/skin-care/products/spire-vidral-ph-balancing-serum-100ml,https://cdn.shopify.com/s/files/1/0566/6779/9603/files/spire-vidral-hair-repair-serum-100ml-np-7795170.jpg?v=1762437915,https://cdn.shopify.com/s/files/1/0566/6779/9603/files/spire-vidral-hair-repair-serum-100ml-np-7795170.jpg?v=1762437915,skin-care
84.0,EGP,Spire,Home > العناية بالبشرة > سيروم SPIRE Vidral PH الموازن للبشرة 100 مل > Back to العناية بالبشرة > شامبو سباير هيدرولاف المتوازن PH 200 مل,sold out,https://aldawaaegy.com/ar/collections/skin-care/products/spire-valorex-ph-balancing-moisturizing-cream-75ml,https://cdn.shopify.com/s/files/1/0566/6779/9603/files/spire-valorex-moisturizing-cream-75ml-2130338.jpg?v=1762438774,https://cdn.shopify.com/s/files/1/0566/6779/9603/files/spire-valorex-moisturizing-cream-75ml-2130338.jpg?v=1762438774,skin-care
147.0,EGP,Spire,Home > العناية بالبشرة > كريم ترطيب البشرة المتوازن فالوريكس من سباير 75 مل > Back to العناية بالبشرة > كريم القدمين كولاجرا لعلاج جفاف وتشقق الكعبين 10% يوريا 1 + 1 مجانا,in stock,https://aldawaaegy.com/ar/collections/skin-care/products/spire-hydrolav-ph-balancing-shampoo-200ml,https://cdn.shopify.com/s/files/1/0566/6779/9603/files/spire-hydrolav-shampoo-200ml-9134079.jpg?v=1762438054,https://cdn.shopify.com/s/files/1/0566/6779/9603/files/spire-hydrolav-shampoo-200ml-9134079.jpg?v=1762438054,skin-care
164.0,EGP,Bio Stream,Home > العناية بالبشرة > شامبو سباير هيدرولاف المتوازن PH 200 مل > Back to العناية بالبشرة > ديرماكتيف رول منعش 60 مل,in stock,https://aldawaaegy.com/ar/collections/skin-care/products/kolagra-foot-cream-for-dry-cracked-heels-10-urea-1-1-free,https://cdn.shopify.com/s/files/1/0566/6779/9603/files/kolagra-foot-cream-with-urea-10-11-1475609.jpg?v=1762439350,https://cdn.shopify.com/s/files/1/0566/6779/9603/files/kolagra-foot-cream-with-urea-10-11-1475609.jpg?v=1762439350,skin-care
169.0,EGP,Dermactive,Home > العناية بالبشرة > كريم القدمين كولاجرا لعلاج جفاف وتشقق الكعبين 10% يوريا 1 + 1 مجانا > Back to العناية بالبشرة > سيروم شوت 5% كافيين لعلاج الانتفاخات من إيفلين كوزماتيكس 30 مل,in stock,https://aldawaaegy.com/ar/collections/skin-care/products/dermactive-roll-refreshing-60ml,https://cdn.shopify.com/s/files/1/0566/6779/9603/files/dermactive-roll-refreshing-60ml-8800407.png?v=1762437206,https://cdn.shopify.com/s/files/1/0566/6779/9603/files/dermactive-roll-refreshing-60ml-8800407.png?v=1762437206,skin-care
599.0,EGP,Eveline,Home > العناية بالبشرة > ديرماكتيف رول منعش 60 مل > Back to العناية بالبشرة > سيروم ترطيب البشرة بحمض الهيالورونيك بنسبة 2% من إيفلين كوزماتيكس، 30 مل,in stock,https://aldawaaegy.com/ar/collections/skin-care/products/eveline-cosmetics-serum-shot-5-caffeine-complex-puffiness-30ml,https://cdn.shopify.com/s/files/1/0566/6779/9603/files/eveline-serum-shot-5-caffeine-30ml-9934010.jpg?v=1762437187,https://cdn.shopify.com/s/files/1/0566/6779/9603/files/eveline-serum-shot-5-caffeine-30ml-9934010.jpg?v=1762437187,skin-care
599.0,EGP,Eveline,Home > العناية بالبشرة > سيروم شوت 5% كافيين لعلاج الانتفاخات من إيفلين كوزماتيكس 30 مل > Back to العناية بالبشرة > كريم محيط العين أكتي-جلو من ديرماكتيف 15 مل,in stock,https://aldawaaegy.com/ar/collections/skin-care/products/eveline-cosmetics-serum-shot-2-hyaluronic-acid-moisturization-30ml,https://cdn.shopify.com/s/files/1/0566/6779/9603/files/eveline-serum-shot-2-hyaluronic-acid-30ml-6035282.jpg?v=1762438416,https://cdn.shopify.com/s/files/1/0566/6779/9603/files/eveline-serum-shot-2-hyaluronic-acid-30ml-6035282.jpg?v=1762438416,skin-care
279.0,EGP,Dermactive,Home > العناية بالبشرة > سيروم ترطيب البشرة بحمض الهيالورونيك بنسبة 2% من إيفلين كوزماتيكس، 30 مل > Back to العناية بالبشرة > جل التنظيف والرغوة من بيونيكس للبشرة الدهنية والمعرضة لحب الشباب 200 مل,in stock,https://aldawaaegy.com/ar/collections/skin-care/products/dermactive-acti-glow-eye-contour-cream-15ml,https://cdn.shopify.com/s/files/1/0566/6779/9603/files/dermactive-glow-eye-contour-cream-15ml-1296447.png?v=1762438669,https://cdn.shopify.com/s/files/1/0566/6779/9603/files/dermactive-glow-eye-contour-cream-15ml-1296447.png?v=1762438669,skin-care
415.0,EGP,BIONNEX,Home > العناية بالبشرة > كريم محيط العين أكتي-جلو من ديرماكتيف 15 مل > Back to العناية بالبشرة > سائل واقي من الشمس بريفنتيفا دراي تاتش من بيونيكس بعامل حماية من الشمس 50+ 50 مل,in stock,https://aldawaaegy.com/ar/collections/skin-care/products/bionnex-cleansing-and-foaming-gel-for-oily-and-acne-prone-skin-200ml,https://cdn.shopify.com/s/files/1/0566/6779/9603/files/bionnex-rensaderm-cleansing-foaming-gel-200ml-7300565.jpg?v=1762437218,https://cdn.shopify.com/s/files/1/0566/6779/9603/files/bionnex-rensaderm-cleansing-foaming-gel-200ml-7300565.jpg?v=1762437218,skin-care
619.0,EGP,BIONNEX,Home > العناية بالبشرة > جل التنظيف والرغوة من بيونيكس للبشرة الدهنية والمعرضة لحب الشباب 200 مل > Back to العناية بالبشرة > ماسكارا كورية بنية اللون 02,in stock,https://aldawaaegy.com/ar/collections/skin-care/products/bionnex-preventiva-dry-touch-sunscreen-fluid-spf50-50ml,https://cdn.shopify.com/s/files/1/0566/6779/9603/files/bionnex-dry-touch-sun-fluid-spf50-50ml-6863139.jpg?v=1762437504,https://cdn.shopify.com/s/files/1/0566/6779/9603/files/bionnex-dry-touch-sun-fluid-spf50-50ml-6863139.jpg?v=1762437504,skin-care
450.0,EGP,Korean Products,Home > العناية بالبشرة > سائل واقي من الشمس بريفنتيفا دراي تاتش من بيونيكس بعامل حماية من الشمس 50+ 50 مل > Back to العناية بالبشرة > أحمر الخدود جولستار 03,in stock,https://aldawaaegy.com/ar/collections/skin-care/products/korean-brown-mascara-02,https://cdn.shopify.com/s/files/1/0566/6779/9603/files/korean-brown-mascara-02-7232413.jpg?v=1762437318,https://cdn.shopify.com/s/files/1/0566/6779/9603/files/korean-brown-mascara-02-7232413.jpg?v=1762437318,skin-care
375.0,EGP,Julystar,Home > العناية بالبشرة > ماسكارا كورية بنية اللون 02 > Back to العناية بالبشرة > أحمر الخدود جولستار 02,in stock,https://aldawaaegy.com/ar/collections/skin-care/products/julystar-blusher-stick-03,https://cdn.shopify.com/s/files/1/0566/6779/9603/files/korean-blasher-july-star-no-03-4225360.jpg?v=1762438869,https://cdn.shopify.com/s/files/1/0566/6779/9603/files/korean-blasher-july-star-no-03-4225360.jpg?v=1762438869,skin-care
375.0,EGP,Julystar,Home > العناية بالبشرة > أحمر الخدود جولستار 03 > Back to العناية بالبشرة > بلسم الشفاه المرطب من WNP'L باللون الوردي 7 جم,in stock,https://aldawaaegy.com/ar/collections/skin-care/products/julystar-blusher-stick-02,https://cdn.shopify.com/s/files/1/0566/6779/9603/files/korean-blasher-july-star-no-02-6892583.jpg?v=1762437317,https://cdn.shopify.com/s/files/1/0566/6779/9603/files/korean-blasher-july-star-no-02-6892583.jpg?v=1762437317,skin-care
84.0,EGP,WNP'L,Home > العناية بالبشرة > أحمر الخدود جولستار 02 > Back to العناية بالبشرة > بلسم الشفاه المرطب من WNP'L ساكورا 7 جم,in stock,https://aldawaaegy.com/ar/collections/skin-care/products/wnpl-hydrating-lip-balm-rose-7gm,https://cdn.shopify.com/s/files/1/0566/6779/9603/files/korean-lip-blam-rose-7-gm-2489610.jpg?v=1762438035,https://cdn.shopify.com/s/files/1/0566/6779/9603/files/korean-lip-blam-rose-7-gm-2489610.jpg?v=1762438035,skin-care
84.0,EGP,WNP'L,Home > العناية بالبشرة > بلسم الشفاه المرطب من WNP'L باللون الوردي 7 جم > Back to العناية بالبشرة > مزيل العرق المفتح للعرق برائحة العود العربي 50 مل,in stock,https://aldawaaegy.com/ar/collections/skin-care/products/wnpl-hydrating-lip-balm-sakura-7gm,https://cdn.shopify.com/s/files/1/0566/6779/9603/files/korean-lip-blam-sakura-7-gm-3801985.jpg?v=1762441342,https://cdn.shopify.com/s/files/1/0566/6779/9603/files/korean-lip-blam-sakura-7-gm-3801985.jpg?v=1762441342,skin-care
275.0,EGP,Vacation,Home > العناية بالبشرة > بلسم الشفاه المرطب من WNP'L ساكورا 7 جم > Back to العناية بالبشرة > BG ARWRA INTENSE ROLL 50ML,in stock,https://aldawaaegy.com/ar/collections/skin-care/products/vacation-arabian-oud-whitening-deodorant-50-ml,https://cdn.shopify.com/s/files/1/0566/6779/9603/files/vacation-whitening-deodorant-arabian-oud-50ml-7365859.png?v=1762437200,https://cdn.shopify.com/s/files/1/0566/6779/9603/files/vacation-whitening-deodorant-arabian-oud-50ml-7365859.png?v=1762437200,skin-care
122.5,EGP,BG,Home > العناية بالبشرة > مزيل العرق المفتح للعرق برائحة العود العربي 50 مل > Back to العناية بالبشرة > جل الحماية من أشعة الشمس ميلا تايم SPF 50 VELVET TOUCH,in stock,https://aldawaaegy.com/ar/collections/skin-care/products/bg-arowa-intense-roll-50ml,https://cdn.shopify.com/s/files/1/0566/6779/9603/files/bg-arwra-intense-roll-50ml-7708016.jpg?v=1762437782,https://cdn.shopify.com/s/files/1/0566/6779/9603/files/bg-arwra-intense-roll-50ml-7708016.jpg?v=1762437782,skin-care
425.0,EGP,Melatime,Home > العناية بالبشرة > BG ARWRA INTENSE ROLL 50ML > Back to العناية بالبشرة > بيزلين رول سوبر دراي وردة الجوري 1+1,in stock,https://aldawaaegy.com/ar/collections/skin-care/products/melatime-sun-gel-spf-50-velvet-touch,https://cdn.shopify.com/s/files/1/0566/6779/9603/files/melatime-sun-gel-spf-50-velvet-touch-50gm-6881804.png?v=1762440096,https://cdn.shopify.com/s/files/1/0566/6779/9603/files/melatime-sun-gel-spf-50-velvet-touch-50gm-6881804.png?v=1762440096,skin-care
550.0,EGP,Beesline,Home > العناية بالبشرة > جل الحماية من أشعة الشمس ميلا تايم SPF 50 VELVET TOUCH > Back to العناية بالبشرة > سيرافي جل التحكم بالعيوب 40 مل,sold out,https://aldawaaegy.com/ar/collections/skin-care/products/beesline-roll-super-dry-jouri-rose-1-1,https://cdn.shopify.com/s/files/1/0566/6779/9603/files/beesline-roll-super-dry-jouri-rose-11-8218857.webp?v=1762440204,https://cdn.shopify.com/s/files/1/0566/6779/9603/files/beesline-roll-super-dry-jouri-rose-11-8218857.webp?v=1762440204,skin-care
520.0,EGP,Cerave,Home > العناية بالبشرة > بيزلين رول سوبر دراي وردة الجوري 1+1 > Back to العناية بالبشرة > إنفينيتي كير جل واقي من الشمس مضاد للمعان 1+1,in stock,https://aldawaaegy.com/ar/collections/skin-care/products/cerave-blemish-control-gel-40-ml,https://cdn.shopify.com/s/files/1/0566/6779/9603/files/cerave-blemish-control-gel-40-ml-1367042.webp?v=1762438879,https://cdn.shopify.com/s/files/1/0566/6779/9603/files/cerave-blemish-control-gel-40-ml-1367042.webp?v=1762438879,skin-care
295.0,EGP,Infinity,Home > العناية بالبشرة > سيرافي جل التحكم بالعيوب 40 مل > Back to العناية بالبشرة > جلامي كريم التبييض بعامل حماية من الشمس 30 50 جم,in stock,https://aldawaaegy.com/ar/collections/skin-care/products/infinity-care-sunscreen-gel-anti-shine-1-1-off,https://cdn.shopify.com/s/files/1/0566/6779/9603/files/infinity-care-sunscreen-gel-anti-shine-11-off-6377281.webp?v=1762438047,https://cdn.shopify.com/s/files/1/0566/6779/9603/files/infinity-care-sunscreen-gel-anti-shine-11-off-6377281.webp?v=1762438047,skin-care
460.0,EGP,Glamy,Home > العناية بالبشرة > إنفينيتي كير جل واقي من الشمس مضاد للمعان 1+1 > Back to العناية بالبشرة > أليخون كولاجين سيروم 50 مل,in stock,https://aldawaaegy.com/ar/collections/skin-care/products/glamy-whitening-spf30-cream-50-gm,https://cdn.shopify.com/s/files/1/0566/6779/9603/products/glamy-lab-whitening-spf30-cream-50-gm-6350408.webp?v=1762441683,https://cdn.shopify.com/s/files/1/0566/6779/9603/products/glamy-lab-whitening-spf30-cream-50-gm-6350408.webp?v=1762441683,skin-care
350.0,EGP,Alejon,Home > العناية بالبشرة > جلامي كريم التبييض بعامل حماية من الشمس 30 50 جم > Back to العناية بالبشرة > أليخون كريم واقي الشمس بمعامل حماية 50 75 مل,in stock,https://aldawaaegy.com/ar/collections/skin-care/products/alejon-collagen-serum-50ml,https://cdn.shopify.com/s/files/1/0566/6779/9603/products/alejon-collagen-serum-50ml-2749295.png?v=1762441616,https://cdn.shopify.com/s/files/1/0566/6779/9603/products/alejon-collagen-serum-50ml-2749295.png?v=1762441616,skin-care
275.0,EGP,Alejon,Home > العناية بالبشرة > أليخون كولاجين سيروم 50 مل > Back to العناية بالبشرة > بيزلين سيروم تفتيح البشرة لوميسكين 30 مل,in stock,https://aldawaaegy.com/ar/collections/skin-care/products/alejon-sun-screen-cream-spf50-75ml,https://cdn.shopify.com/s/files/1/0566/6779/9603/files/alejon-sun-screen-cream-spf50-75ml-9702712.png?v=1762441301,https://cdn.shopify.com/s/files/1/0566/6779/9603/files/alejon-sun-screen-cream-spf50-75ml-9702712.png?v=1762441301,skin-care
395.0,EGP,Beesline,Home > العناية بالبشرة > أليخون كريم واقي الشمس بمعامل حماية 50 75 مل > Back to العناية بالبشرة > Dermatique Sensitive Micellar 4In1 200 مل مل,in stock,https://aldawaaegy.com/ar/collections/skin-care/products/beesline-skin-whitening-serum-lumiskin-30ml,https://cdn.shopify.com/s/files/1/0566/6779/9603/products/beesline-skin-whitening-serum-lumiskin-30ml-7296792.jpg?v=1762441167,https://cdn.shopify.com/s/files/1/0566/6779/9603/products/beesline-skin-whitening-serum-lumiskin-30ml-7296792.jpg?v=1762441167,skin-care
260.0,EGP,Dermatique,Home > العناية بالبشرة > بيزلين سيروم تفتيح البشرة لوميسكين 30 مل > Back to العناية بالبشرة > كريم الحماية من الشمس فوتوا كونت من يوسيرين 50 مل,sold out,https://aldawaaegy.com/ar/collections/skin-care/products/dermatique-sensitive-micellar-4in1-200ml-ml,https://cdn.shopify.com/s/files/1/0566/6779/9603/products/dermatique-sensitive-micellar-4in1-200ml-ml-4131660.webp?v=1762441347,https://cdn.shopify.com/s/files/1/0566/6779/9603/products/dermatique-sensitive-micellar-4in1-200ml-ml-4131660.webp?v=1762441347,skin-care
1039.0,EGP,Eucerin,Home > العناية بالبشرة > Dermatique Sensitive Micellar 4In1 200 مل مل > Back to العناية بالبشرة > كريم ميديتوبيك كيه ون لتنقية محيط العين 30 مل,in stock,https://aldawaaegy.com/ar/collections/skin-care/products/eucerin-photoa-cont-sun-fluid-cream-50ml,https://cdn.shopify.com/s/files/1/0566/6779/9603/products/eucerin-photoa-cont-sun-fluid-cream-50ml-6453689.jpg?v=1762440369,https://cdn.shopify.com/s/files/1/0566/6779/9603/products/eucerin-photoa-cont-sun-fluid-cream-50ml-6453689.jpg?v=1762440369,skin-care
1288.0,EGP,Meditopic,Home > العناية بالبشرة > كريم الحماية من الشمس فوتوا كونت من يوسيرين 50 مل > Back to العناية بالبشرة > سولومارت مصل بروتين الشعر 60 مل,sold out,https://aldawaaegy.com/ar/collections/skin-care/products/meditopic-k-one-clarifing-cream-eye-contour-30ml,https://cdn.shopify.com/s/files/1/0566/6779/9603/products/meditopic-k-one-clarifing-cream-eye-contour-30ml-4917572.jpg?v=1762440585,https://cdn.shopify.com/s/files/1/0566/6779/9603/products/meditopic-k-one-clarifing-cream-eye-contour-30ml-4917572.jpg?v=1762440585,skin-care
320.0,EGP,Solumart,Home > العناية بالبشرة > كريم ميديتوبيك كيه ون لتنقية محيط العين 30 مل > Back to العناية بالبشرة > ستارفيل حب الشباب 100 جم صابونة,in stock,https://aldawaaegy.com/ar/collections/skin-care/products/solumart-hair-protein-serum-60ml,https://cdn.shopify.com/s/files/1/0566/6779/9603/products/solumart-hair-protein-serum-60ml-4638355.jpg?v=1762441071,https://cdn.shopify.com/s/files/1/0566/6779/9603/products/solumart-hair-protein-serum-60ml-4638355.jpg?v=1762441071,skin-care
65.0,EGP,Starville,Home > العناية بالبشرة > سولومارت مصل بروتين الشعر 60 مل > Back to العناية بالبشرة > لاروش بوساي ليبيكار سيندت Ap+ 200 مل,in stock,https://aldawaaegy.com/ar/collections/skin-care/products/starville-acne-100-gm-soap,https://cdn.shopify.com/s/files/1/0566/6779/9603/products/starville-acne-100-gm-soap-1826743.jpg?v=1762441678,https://cdn.shopify.com/s/files/1/0566/6779/9603/products/starville-acne-100-gm-soap-1826743.jpg?v=1762441678,skin-care
920.0,EGP,La Roche-Posay,Home > العناية بالبشرة > ستارفيل حب الشباب 100 جم صابونة > Back to العناية بالبشرة > يوسيرين ديرمو بيوريفايير سيروم ثلاثي 40 مل,in stock,https://aldawaaegy.com/ar/collections/skin-care/products/la-roche-posay-lipikar-syndet-ap-200-ml,https://cdn.shopify.com/s/files/1/0566/6779/9603/products/laroche-lipikar-syndet-ap-200-ml-1084171.jpg?v=1762441028,https://cdn.shopify.com/s/files/1/0566/6779/9603/products/laroche-lipikar-syndet-ap-200-ml-1084171.jpg?v=1762441028,skin-care
841.0,EGP,Eucerin,Home > العناية بالبشرة > لاروش بوساي ليبيكار سيندت Ap+ 200 مل > Back to العناية بالبشرة > بيوديرما سيبيوم للبشرة الحساسة 30 مل,in stock,https://aldawaaegy.com/ar/collections/skin-care/products/eucerin-dermo-purifyer-triple-serum-40ml,https://cdn.shopify.com/s/files/1/0566/6779/9603/products/eucerin-dermo-purifyer-triple-serum-40ml-2996333.webp?v=1762440271,https://cdn.shopify.com/s/files/1/0566/6779/9603/products/eucerin-dermo-purifyer-triple-serum-40ml-2996333.webp?v=1762440271,skin-care
925.0,EGP,Bioderma,Home > العناية بالبشرة > يوسيرين ديرمو بيوريفايير سيروم ثلاثي 40 مل > Back to العناية بالبشرة > زيت بيوديرما الحيوي 125 مل,sold out,https://aldawaaegy.com/ar/collections/skin-care/products/bioderma-sebium-sensitive-30ml,https://cdn.shopify.com/s/files/1/0566/6779/9603/products/bioderma-sebium-sensitive-30ml-5701064.jpg?v=1762439673,https://cdn.shopify.com/s/files/1/0566/6779/9603/products/bioderma-sebium-sensitive-30ml-5701064.jpg?v=1762439673,skin-care
649.0,EGP,Bioderma,Home > العناية بالبشرة > بيوديرما سيبيوم للبشرة الحساسة 30 مل > Back to العناية بالبشرة > بيزلين للعناية بالشفاه خالي من النكهة 4G,sold out,https://aldawaaegy.com/ar/collections/skin-care/products/bioderma-bio-oil-125ml,https://cdn.shopify.com/s/files/1/0566/6779/9603/products/bioderma-bio-oil-125ml-3578181.jpg?v=1762439655,https://cdn.shopify.com/s/files/1/0566/6779/9603/products/bioderma-bio-oil-125ml-3578181.jpg?v=1762439655,skin-care
175.0,EGP,Beesline,Home > العناية بالبشرة > زيت بيوديرما الحيوي 125 مل > Back to العناية بالبشرة > Meditopic Restolase Exf. بلسم للجسم 250 مل,in stock,https://aldawaaegy.com/ar/collections/skin-care/products/beesline-lip-care-flavour-free-4g,https://cdn.shopify.com/s/files/1/0566/6779/9603/products/beesline-lip-care-flavour-free-4g-6647522.jpg?v=1762441025,https://cdn.shopify.com/s/files/1/0566/6779/9603/products/beesline-lip-care-flavour-free-4g-6647522.jpg?v=1762441025,skin-care
588.0,EGP,Meditopic,Home > العناية بالبشرة > بيزلين للعناية بالشفاه خالي من النكهة 4G > Back to العناية بالبشرة > كريم لليدين من سيرافي 50 مل,in stock,https://aldawaaegy.com/ar/collections/skin-care/products/meditopic-restolase-exf-body-balm-250ml,https://cdn.shopify.com/s/files/1/0566/6779/9603/products/meditopic-restolase-exf-body-balm-200ml-8963309.jpg?v=1762439172,https://cdn.shopify.com/s/files/1/0566/6779/9603/products/meditopic-restolase-exf-body-balm-200ml-8963309.jpg?v=1762439172,skin-care
350.0,EGP,Cerave,Home > العناية بالبشرة > Meditopic Restolase Exf. بلسم للجسم 250 مل > Back to العناية بالبشرة > فيشي مينرال 89 عيون 15 مل,in stock,https://aldawaaegy.com/ar/collections/skin-care/products/cerave-hand-cream-50ml,https://cdn.shopify.com/s/files/1/0566/6779/9603/products/cerave-hand-cream-52ml-5480381.webp?v=1762439842,https://cdn.shopify.com/s/files/1/0566/6779/9603/products/cerave-hand-cream-52ml-5480381.webp?v=1762439842,skin-care
1100.0,EGP,Vichy,Home > العناية بالبشرة > كريم لليدين من سيرافي 50 مل > Back to العناية بالبشرة > جل التنظيف ديرماتيك فيتامين سي، 150 مل,in stock,https://aldawaaegy.com/ar/collections/skin-care/products/vichy-mineral-89-eyes-15ml,https://cdn.shopify.com/s/files/1/0566/6779/9603/products/vichy-mineral-89-eyes-15ml-3237671.jpg?v=1762439584,https://cdn.shopify.com/s/files/1/0566/6779/9603/products/vichy-mineral-89-eyes-15ml-3237671.jpg?v=1762439584,skin-care
280.0,EGP,Dermatique,Home > العناية بالبشرة > فيشي مينرال 89 عيون 15 مل > Back to العناية بالبشرة > يوسيرين هيالورون فيتامين سي سيروم 8 مل,in stock,https://aldawaaegy.com/ar/collections/skin-care/products/dermatique-vit-c-cleansing-gel150ml,https://cdn.shopify.com/s/files/1/0566/6779/9603/products/dermatique-vitc-cleansing-gel150ml-6548117.jpg?v=1762439453,https://cdn.shopify.com/s/files/1/0566/6779/9603/products/dermatique-vitc-cleansing-gel150ml-6548117.jpg?v=1762439453,skin-care
975.0,EGP,Eucerin,Home > العناية بالبشرة > جل التنظيف ديرماتيك فيتامين سي، 150 مل > Back to العناية بالبشرة > بيوديرما اتوديرم بلسم مكثف 200 مل,sold out,https://aldawaaegy.com/ar/collections/skin-care/products/eucerin-hyaluron-vit-c-serum-8ml,https://cdn.shopify.com/s/files/1/0566/6779/9603/products/eucerin-hyaluron-vitc-serum-8ml-2897921.webp?v=1762440512,https://cdn.shopify.com/s/files/1/0566/6779/9603/products/eucerin-hyaluron-vitc-serum-8ml-2897921.webp?v=1762440512,skin-care
1275.0,EGP,Bioderma,Home > العناية بالبشرة > يوسيرين هيالورون فيتامين سي سيروم 8 مل > Back to العناية بالبشرة > يوسيرين كريم نهاري بعامل حماية من الشمس 30 50 مل,sold out,https://aldawaaegy.com/ar/collections/skin-care/products/bioderma-atoderm-intensive-balm-200ml,https://cdn.shopify.com/s/files/1/0566/6779/9603/products/bioderma-atoderm-intensive-balm-200ml-3935274.jpg?v=1762438857,https://cdn.shopify.com/s/files/1/0566/6779/9603/products/bioderma-atoderm-intensive-balm-200ml-3935274.jpg?v=1762438857,skin-care
1739.0,EGP,Eucerin,Home > العناية بالبشرة > بيوديرما اتوديرم بلسم مكثف 200 مل > Back to العناية بالبشرة > كريم فينشي لتشقق القدمين 100 مل,sold out,https://aldawaaegy.com/ar/collections/skin-care/products/eucerin-even-day-cream-spf30-50ml,https://cdn.shopify.com/s/files/1/0566/6779/9603/products/eucerin-even-day-cream-spf30-50ml-1937741.jpg?v=1762439844,https://cdn.shopify.com/s/files/1/0566/6779/9603/products/eucerin-even-day-cream-spf30-50ml-1937741.jpg?v=1762439844,skin-care
175.0,EGP,Vinci,Home > العناية بالبشرة > يوسيرين كريم نهاري بعامل حماية من الشمس 30 50 مل > Back to العناية بالبشرة > سيروم تبييض فينشي 30 مل,in stock,https://aldawaaegy.com/ar/collections/skin-care/products/vinci-foot-crack-cream-100ml,https://cdn.shopify.com/s/files/1/0566/6779/9603/products/vinci-foot-crack-cream-100ml-3424490.jpg?v=1762438977,https://cdn.shopify.com/s/files/1/0566/6779/9603/products/vinci-foot-crack-cream-100ml-3424490.jpg?v=1762438977,skin-care
250.0,EGP,Vinci,Home > العناية بالبشرة > كريم فينشي لتشقق القدمين 100 مل > Back to العناية بالبشرة > شامبو إيفا للشعر الضعيف 350 مل,in stock,https://aldawaaegy.com/ar/collections/skin-care/products/vinci-whitening-serum-30ml,https://cdn.shopify.com/s/files/1/0566/6779/9603/products/vinci-whitening-serum-30ml-5553350.jpg?v=1762439448,https://cdn.shopify.com/s/files/1/0566/6779/9603/products/vinci-whitening-serum-30ml-5553350.jpg?v=1762439448,skin-care
120.0,EGP,EVA,Home > العناية بالبشرة > سيروم تبييض فينشي 30 مل > Back to العناية بالبشرة > سيروم زيت الورد من دكتور راشيل 40 ملجم,in stock,https://aldawaaegy.com/ar/collections/skin-care/products/eva-recipe-shampoo-for-weak-hair-350ml,https://cdn.shopify.com/s/files/1/0566/6779/9603/files/eva-recipe-shampoo-for-weak-hair-350ml-3708168.webp?v=1762438222,https://cdn.shopify.com/s/files/1/0566/6779/9603/files/eva-recipe-shampoo-for-weak-hair-350ml-3708168.webp?v=1762438222,skin-care
118.0,EGP,Dr.Rashel,Home > العناية بالبشرة > شامبو إيفا للشعر الضعيف 350 مل > Back to العناية بالبشرة > منظف ​​ستارفيل وايت 100 مل,sold out,https://aldawaaegy.com/ar/collections/skin-care/products/dr-rashel-rose-oil-serum-40mg,https://cdn.shopify.com/s/files/1/0566/6779/9603/files/drrashel-rose-oil-serum-40mg-4985149.png?v=1762436484,https://cdn.shopify.com/s/files/1/0566/6779/9603/files/drrashel-rose-oil-serum-40mg-4985149.png?v=1762436484,skin-care
80.0,EGP,Starville,Home > العناية بالبشرة > سيروم زيت الورد من دكتور راشيل 40 ملجم > Back to العناية بالبشرة > زيت معزز أفريقي خام للحواجب 15 مل,sold out,https://aldawaaegy.com/ar/collections/skin-care/products/starville-cleanser-whit-100ml,https://cdn.shopify.com/s/files/1/0566/6779/9603/files/starville-cleanser-whit-100ml-3560172.png?v=1762436007,https://cdn.shopify.com/s/files/1/0566/6779/9603/files/starville-cleanser-whit-100ml-3560172.png?v=1762436007,skin-care
275.0,EGP,Raw afriacan,Home > العناية بالبشرة > منظف ​​ستارفيل وايت 100 مل > Back to العناية بالبشرة > رذاذ الجسم تيلوفيل ميدنايت باشن 250 مل,in stock,https://aldawaaegy.com/ar/collections/skin-care/products/raw-african-booster-oil-eye-brows-15ml,https://cdn.shopify.com/s/files/1/0566/6779/9603/files/raw-african-booster-oil-eye-brows-15ml-7788947.webp?v=1762438667,https://cdn.shopify.com/s/files/1/0566/6779/9603/files/raw-african-booster-oil-eye-brows-15ml-7788947.webp?v=1762438667,skin-care
280.0,EGP,Telofill,Home > العناية بالبشرة > زيت معزز أفريقي خام للحواجب 15 مل > Back to العناية بالبشرة > مقشر الجسم تيلوفيل بخلاصة التوت البري 250 مل,in stock,https://aldawaaegy.com/ar/collections/skin-care/products/telofill-body-mist-midnight-passion-250ml,https://cdn.shopify.com/s/files/1/0566/6779/9603/files/telofill-body-mist-midnight-passion-250ml-3602914.jpg?v=1762436479,https://cdn.shopify.com/s/files/1/0566/6779/9603/files/telofill-body-mist-midnight-passion-250ml-3602914.jpg?v=1762436479,skin-care
300.0,EGP,Telofill,Home > العناية بالبشرة > رذاذ الجسم تيلوفيل ميدنايت باشن 250 مل > Back to العناية بالبشرة > سيروم الوجه بفيتامين سي من فاكيشن 30 مل,in stock,https://aldawaaegy.com/ar/collections/skin-care/products/telofill-body-scrub-very-berry-250ml,https://cdn.shopify.com/s/files/1/0566/6779/9603/files/telofill-body-scrub-very-berry-250ml-4166084.jpg?v=1762438029,https://cdn.shopify.com/s/files/1/0566/6779/9603/files/telofill-body-scrub-very-berry-250ml-4166084.jpg?v=1762438029,skin-care
475.0,EGP,Vacation,Home > العناية بالبشرة > مقشر الجسم تيلوفيل بخلاصة التوت البري 250 مل > Back to العناية بالبشرة > الريتينول العادي 0.2% في السكوالين 30 مل,in stock,https://aldawaaegy.com/ar/collections/skin-care/products/vacation-vit-c-face-serum-30ml,https://cdn.shopify.com/s/files/1/0566/6779/9603/files/vacation-vitc-face-serum-30ml-8487495.png?v=1762437678,https://cdn.shopify.com/s/files/1/0566/6779/9603/files/vacation-vitc-face-serum-30ml-8487495.png?v=1762437678,skin-care
533.0,EGP,THE ORDINARY,Home > العناية بالبشرة > سيروم الوجه بفيتامين سي من فاكيشن 30 مل > Back to العناية بالبشرة > سيروم كوسركس 100 مل,in stock,https://aldawaaegy.com/ar/collections/skin-care/products/the-ordinary-retinol-0-2-in-squalane-30ml,https://cdn.shopify.com/s/files/1/0566/6779/9603/files/the-ordinary-retinol-02-in-squalane-30ml-8611194.jpg?v=1762438663,https://cdn.shopify.com/s/files/1/0566/6779/9603/files/the-ordinary-retinol-02-in-squalane-30ml-8611194.jpg?v=1762438663,skin-care
1660.0,EGP,COSRX,Home > العناية بالبشرة > الريتينول العادي 0.2% في السكوالين 30 مل > Back to العناية بالبشرة > شان منظف نسائي 250 مل,in stock,https://aldawaaegy.com/ar/collections/skin-care/products/cosrx-serum-100ml,https://cdn.shopify.com/s/files/1/0566/6779/9603/files/cosrx-serum-100ml-7942329.jpg?v=1762438504,https://cdn.shopify.com/s/files/1/0566/6779/9603/files/cosrx-serum-100ml-7942329.jpg?v=1762438504,skin-care
160.0,EGP,Shaan,Home > العناية بالبشرة > سيروم كوسركس 100 مل > Back to العناية بالبشرة > في وايت 30 كبسولة,in stock,https://aldawaaegy.com/ar/collections/skin-care/products/shaan-feminine-cleanser-250ml,https://cdn.shopify.com/s/files/1/0566/6779/9603/files/shaan-feminine-cleanser-250ml-1785515.png?v=1762437188,https://cdn.shopify.com/s/files/1/0566/6779/9603/files/shaan-feminine-cleanser-250ml-1785515.png?v=1762437188,skin-care
406.0,EGP,Veexia,Home > العناية بالبشرة > شان منظف نسائي 250 مل > Back to العناية بالبشرة > مرطب يومي بحمض الهيالورونيك من سكينسايد 50 مل,in stock,https://aldawaaegy.com/ar/collections/skin-care/products/vee-white-30-caps,https://cdn.shopify.com/s/files/1/0566/6779/9603/files/vee-white-30-caps-1863275.png?v=1764266766,https://cdn.shopify.com/s/files/1/0566/6779/9603/files/vee-white-30-caps-1863275.png?v=1764266766,skin-care
330.0,EGP,SKINSIDE,Home > العناية بالبشرة > في وايت 30 كبسولة > Back to العناية بالبشرة > مجموعة ماء ميسيلار 1+1,sold out,https://aldawaaegy.com/ar/collections/skin-care/products/skinside-hyaluronic-acid-daily-moisturizer-50ml,https://cdn.shopify.com/s/files/1/0566/6779/9603/files/skinside-hydra-daily-mois-hyaluronic-acid-50ml-5383438.jpg?v=1762438767,https://cdn.shopify.com/s/files/1/0566/6779/9603/files/skinside-hydra-daily-mois-hyaluronic-acid-50ml-5383438.jpg?v=1762438767,skin-care
250.0,EGP,Telofill,Home > العناية بالبشرة > مرطب يومي بحمض الهيالورونيك من سكينسايد 50 مل > Back to العناية بالبشرة > مقشر الوجه سي ليت 75 مل,in stock,https://aldawaaegy.com/ar/collections/skin-care/products/the-micellar-water-1-1-bundle,https://cdn.shopify.com/s/files/1/0566/6779/9603/files/telofill-micellar-water-250ml-11-off-7022884.jpg?v=1762437307,https://cdn.shopify.com/s/files/1/0566/6779/9603/files/telofill-micellar-water-250ml-11-off-7022884.jpg?v=1762437307,skin-care
170.0,EGP,SEE LIT,Home > العناية بالبشرة > مجموعة ماء ميسيلار 1+1 > Back to العناية بالبشرة > غسول الجسم كولانوج 200 مل,in stock,https://aldawaaegy.com/ar/collections/skin-care/products/see-lit-face-scrub-75-ml,https://cdn.shopify.com/s/files/1/0566/6779/9603/files/see-lit-face-scrub-75-ml-9140651.webp?v=1762437811,https://cdn.shopify.com/s/files/1/0566/6779/9603/files/see-lit-face-scrub-75-ml-9140651.webp?v=1762437811,skin-care
200.0,EGP,KOLANOG,Home > العناية بالبشرة > مقشر الوجه سي ليت 75 مل > Back to العناية بالبشرة > سيروم سي ليت لترطيب البشرة بحمض الهيالورونيك وفيتامين ب 30 مل,sold out,https://aldawaaegy.com/ar/collections/skin-care/products/kolanog-body-wash-200ml,https://cdn.shopify.com/s/files/1/0566/6779/9603/files/kolanog-body-wash-200ml-5088045.webp?v=1762438768,https://cdn.shopify.com/s/files/1/0566/6779/9603/files/kolanog-body-wash-200ml-5088045.webp?v=1762438768,skin-care
479.0,EGP,SEE LIT,Home > العناية بالبشرة > غسول الجسم كولانوج 200 مل > Back to العناية بالبشرة > بلسم الشفاه سي ليت 5 جرام,in stock,https://aldawaaegy.com/ar/collections/skin-care/products/see-lit-hyaluronic-vitb-plumping-serum-30ml,https://cdn.shopify.com/s/files/1/0566/6779/9603/files/see-lit-skin-serum-hyaluronic-30ml-5378732.webp?v=1762439000,https://cdn.shopify.com/s/files/1/0566/6779/9603/files/see-lit-skin-serum-hyaluronic-30ml-5378732.webp?v=1762439000,skin-care
160.0,EGP,SEE LIT,Home > العناية بالبشرة > سيروم سي ليت لترطيب البشرة بحمض الهيالورونيك وفيتامين ب 30 مل > Back to العناية بالبشرة > كريم التبييض BIONNEX WHITEXPERT بعامل حماية من الشمس 30+ للوجه والرقبة 30 مل,sold out,https://aldawaaegy.com/ar/collections/skin-care/products/see-lit-lip-balm-5gm-1,https://cdn.shopify.com/s/files/1/0566/6779/9603/files/see-lit-lip-balm-15gm-3817310.png?v=1762436845,https://cdn.shopify.com/s/files/1/0566/6779/9603/files/see-lit-lip-balm-15gm-3817310.png?v=1762436845,skin-care
619.0,EGP,BIONNEX,Home > العناية بالبشرة > بلسم الشفاه سي ليت 5 جرام > Back to العناية بالبشرة > بخاخ واقي من الشمس بعامل حماية 50+ من بيونيكس بريفنتيفا 200 مل,in stock,https://aldawaaegy.com/ar/collections/skin-care/products/bionnex-whitexpert-whitening-cream-spf-30-face-neck-30ml,https://cdn.shopify.com/s/files/1/0566/6779/9603/files/bionnex-whit-exp-cream-faceneck-30ml-5912588.jpg?v=1762441118,https://cdn.shopify.com/s/files/1/0566/6779/9603/files/bionnex-whit-exp-cream-faceneck-30ml-5912588.jpg?v=1762441118,skin-care
649.0,EGP,BIONNEX,Home > العناية بالبشرة > كريم التبييض BIONNEX WHITEXPERT بعامل حماية من الشمس 30+ للوجه والرقبة 30 مل > Back to العناية بالبشرة > أحمر شفاه جيج بير 4 في 1 #01 وردي,in stock,https://aldawaaegy.com/ar/collections/skin-care/products/bionnex-preventiva-sunscreen-spray-spf50-200ml,https://cdn.shopify.com/s/files/1/0566/6779/9603/files/bionnex-sunscreen-spray-spf50-200ml-9619511.jpg?v=1762437104,https://cdn.shopify.com/s/files/1/0566/6779/9603/files/bionnex-sunscreen-spray-spf50-200ml-9619511.jpg?v=1762437104,skin-care
340.0,EGP,Gege Bear,Home > العناية بالبشرة > بخاخ واقي من الشمس بعامل حماية 50+ من بيونيكس بريفنتيفا 200 مل > Back to العناية بالبشرة > مجموعة فرش كورية باللون الوردي,in stock,https://aldawaaegy.com/ar/collections/skin-care/products/gege-bear-4-in-1-lipstick-01-pink,https://cdn.shopify.com/s/files/1/0566/6779/9603/files/korean-lip-stick-41-pink-6171596.jpg?v=1762437345,https://cdn.shopify.com/s/files/1/0566/6779/9603/files/korean-lip-stick-41-pink-6171596.jpg?v=1762437345,skin-care
340.0,EGP,Korean Products,Home > العناية بالبشرة > أحمر شفاه جيج بير 4 في 1 #01 وردي > Back to العناية بالبشرة > مجموعة بورش الكورية البنية,in stock,https://aldawaaegy.com/ar/collections/skin-care/products/korean-pink-brush-set,https://cdn.shopify.com/s/files/1/0566/6779/9603/files/korean-pink-brush-set-7677981.jpg?v=1762438644,https://cdn.shopify.com/s/files/1/0566/6779/9603/files/korean-pink-brush-set-7677981.jpg?v=1762438644,skin-care
425.0,EGP,Korean Products,Home > العناية بالبشرة > مجموعة فرش كورية باللون الوردي > Back to العناية بالبشرة > إيزيس روبوريل إكسبيرت كريم ملون بعامل حماية من الشمس 50+ 40 مل,in stock,https://aldawaaegy.com/ar/collections/skin-care/products/korean-brown-bursh-set,https://cdn.shopify.com/s/files/1/0566/6779/9603/files/korean-brown-bursh-set-7005023.jpg?v=1762437697,https://cdn.shopify.com/s/files/1/0566/6779/9603/files/korean-brown-bursh-set-7005023.jpg?v=1762437697,skin-care
999.0,EGP,ISISPHARMA,Home > العناية بالبشرة > مجموعة بورش الكورية البنية > Back to العناية بالبشرة > مناديل ستارفيل ميسيلار المائية 50,sold out,https://aldawaaegy.com/ar/collections/skin-care/products/isis-ruboril-expert-spf50-tinted-cream-40ml,https://cdn.shopify.com/s/files/1/0566/6779/9603/files/isis-ruboril-expert-tinted-cream-spf50-40ml-3286407.jpg?v=1762437502,https://cdn.shopify.com/s/files/1/0566/6779/9603/files/isis-ruboril-expert-tinted-cream-spf50-40ml-3286407.jpg?v=1762437502,skin-care
125.0,EGP,Starville,Home > العناية بالبشرة > إيزيس روبوريل إكسبيرت كريم ملون بعامل حماية من الشمس 50+ 40 مل > Back to العناية بالبشرة > كريم سودوكريم المطهر والشفاء 250 جرام,in stock,https://aldawaaegy.com/ar/collections/skin-care/products/starville-micellar-water-wipes-50,https://cdn.shopify.com/s/files/1/0566/6779/9603/files/starville-micellar-water-wipes-50-5804795.png?v=1762438467,https://cdn.shopify.com/s/files/1/0566/6779/9603/files/starville-micellar-water-wipes-50-5804795.png?v=1762438467,skin-care
850.0,EGP,Sudocrem,Home > العناية بالبشرة > مناديل ستارفيل ميسيلار المائية 50 > Back to العناية بالبشرة > كريم سودوكريم المطهر الشافي 60 جرام,sold out,https://aldawaaegy.com/ar/collections/skin-care/products/sudocrem-antiseptic-healing-cream-250g,https://cdn.shopify.com/s/files/1/0566/6779/9603/files/sudo-cream-healing-250-g-7145048.jpg?v=1762438276,https://cdn.shopify.com/s/files/1/0566/6779/9603/files/sudo-cream-healing-250-g-7145048.jpg?v=1762438276,skin-care
438.0,EGP,Sudocrem,Home > العناية بالبشرة > كريم سودوكريم المطهر والشفاء 250 جرام > Back to العناية بالبشرة > جل رغوي لتبييض الأسنان من ريفيليت 150 مل,in stock,https://aldawaaegy.com/ar/collections/skin-care/products/sudocrem-antiseptic-healing-cream-60g,https://cdn.shopify.com/s/files/1/0566/6779/9603/files/sudo-cream-healing-60-g-4187929.jpg?v=1762437824,https://cdn.shopify.com/s/files/1/0566/6779/9603/files/sudo-cream-healing-60-g-4187929.jpg?v=1762437824,skin-care
479.0,EGP,Reflet,Home > العناية بالبشرة > كريم سودوكريم المطهر الشافي 60 جرام > Back to العناية بالبشرة > جل التنظيف المضاد للشيخوخة كليو يوث,in stock,https://aldawaaegy.com/ar/collections/skin-care/products/reflet-whitening-foaming-gel-150ml,https://cdn.shopify.com/s/files/1/0566/6779/9603/files/max-reflet-whit-foaming-gel-150-ml-7856205.webp?v=1762437521,https://cdn.shopify.com/s/files/1/0566/6779/9603/files/max-reflet-whit-foaming-gel-150-ml-7856205.webp?v=1762437521,skin-care
200.0,EGP,Cleo,Home > العناية بالبشرة > جل رغوي لتبييض الأسنان من ريفيليت 150 مل > Back to العناية بالبشرة > جل التنظيف المنقي كليو كلير 200,sold out,https://aldawaaegy.com/ar/collections/skin-care/products/cleo-youth-anti-aging-cleansing-gel,https://cdn.shopify.com/s/files/1/0566/6779/9603/files/cleo-youth-anti-aging-cleansing-gel-3022919.png?v=1762437825,https://cdn.shopify.com/s/files/1/0566/6779/9603/files/cleo-youth-anti-aging-cleansing-gel-3022919.png?v=1762437825,skin-care
175.0,EGP,Cleo,Home > العناية بالبشرة > جل التنظيف المضاد للشيخوخة كليو يوث > Back to العناية بالبشرة > سائل الحماية من أشعة الشمس CLEO SPF50 المرطب 50 مل,sold out,https://aldawaaegy.com/ar/collections/skin-care/products/cleo-clear-purifying-cleansing-gel-200,https://cdn.shopify.com/s/files/1/0566/6779/9603/files/cleo-clear-purifying-cleansing-gel-200-1949979.jpg?v=1762439241,https://cdn.shopify.com/s/files/1/0566/6779/9603/files/cleo-clear-purifying-cleansing-gel-200-1949979.jpg?v=1762439241,skin-care
200.0,EGP,Cleo,Home > العناية بالبشرة > جل التنظيف المنقي كليو كلير 200 > Back to العناية بالبشرة > كريم Cica B5 الدقيق 50 جرام,sold out,https://aldawaaegy.com/ar/collections/skin-care/products/cleo-sun-spf50-mattifying-sun-fluid-50ml,https://cdn.shopify.com/s/files/1/0566/6779/9603/files/cleo-sun-spf50-mattifying-sun-fluid-50ml-1018822.jpg?v=1762438462,https://cdn.shopify.com/s/files/1/0566/6779/9603/files/cleo-sun-spf50-mattifying-sun-fluid-50ml-1018822.jpg?v=1762438462,skin-care
249.0,EGP,NOOR-MED,Home > العناية بالبشرة > سائل الحماية من أشعة الشمس CLEO SPF50 المرطب 50 مل > Back to العناية بالبشرة > جل الحماية من أشعة الشمس ميلا تايم SPF 50 المضاد للمعان 120 جم,sold out,https://aldawaaegy.com/ar/collections/skin-care/products/precise-cica-b5-cream,https://cdn.shopify.com/s/files/1/0566/6779/9603/files/precise-beauty-cica-b5-cream-50gm-1918711.jpg?v=1762438029,https://cdn.shopify.com/s/files/1/0566/6779/9603/files/precise-beauty-cica-b5-cream-50gm-1918711.jpg?v=1762438029,skin-care
275.0,EGP,Melatime,Home > العناية بالبشرة > كريم Cica B5 الدقيق 50 جرام > Back to العناية بالبشرة > بيزلين رول بودرة ناعمة 1+1,in stock,https://aldawaaegy.com/ar/collections/skin-care/products/melatime-sun-gel-spf-50-anti-shine-120gm,https://cdn.shopify.com/s/files/1/0566/6779/9603/files/melatime-sun-gel-spf-50-anti-shine-120gm-5350350.webp?v=1763192979,https://cdn.shopify.com/s/files/1/0566/6779/9603/files/melatime-sun-gel-spf-50-anti-shine-120gm-5350350.webp?v=1763192979,skin-care
500.0,EGP,Beesline,Home > العناية بالبشرة > جل الحماية من أشعة الشمس ميلا تايم SPF 50 المضاد للمعان 120 جم > Back to العناية بالبشرة > بيزلين كريم تبييض فوري بفيتامين سي 50 مل 1+1 خصم,sold out,https://aldawaaegy.com/ar/collections/skin-care/products/beesline-roll-super-dry-powder-soft-1-1,https://cdn.shopify.com/s/files/1/0566/6779/9603/files/beesline-roll-super-dry-powder-soft-11-4786050.jpg?v=1762438508,https://cdn.shopify.com/s/files/1/0566/6779/9603/files/beesline-roll-super-dry-powder-soft-11-4786050.jpg?v=1762438508,skin-care
500.0,EGP,Beesline,Home > العناية بالبشرة > بيزلين رول بودرة ناعمة 1+1 > Back to العناية بالبشرة > بيزلين عود عربي رول 1+1 خصم,sold out,https://aldawaaegy.com/ar/collections/skin-care/products/beesline-whitening-instant-white-vit-c-roll-50ml-1-1off,https://cdn.shopify.com/s/files/1/0566/6779/9603/files/beesline-whitening-instant-white-vit-c-roll-50ml-11off-4519547.png?v=1762438768,https://cdn.shopify.com/s/files/1/0566/6779/9603/files/beesline-whitening-instant-white-vit-c-roll-50ml-11off-4519547.png?v=1762438768,skin-care
550.0,EGP,Beesline,Home > العناية بالبشرة > بيزلين كريم تبييض فوري بفيتامين سي 50 مل 1+1 خصم > Back to العناية بالبشرة > بيزلين رول حلوى قطنية 1+1 (علبة ترويجية),sold out,https://aldawaaegy.com/ar/collections/skin-care/products/beesline-arabian-oud-roll-1-1off,https://cdn.shopify.com/s/files/1/0566/6779/9603/files/beesline-arabian-oud-roll-11off-8720073.jpg?v=1762437906,https://cdn.shopify.com/s/files/1/0566/6779/9603/files/beesline-arabian-oud-roll-11off-8720073.jpg?v=1762437906,skin-care
550.0,EGP,Beesline,Home > العناية بالبشرة > بيزلين عود عربي رول 1+1 خصم > Back to العناية بالبشرة > جل العناية الليلية لتبييض البشرة 60 مل,sold out,https://aldawaaegy.com/ar/collections/skin-care/products/beesline-roll-cotton-candy-1-1-promo-pack,https://cdn.shopify.com/s/files/1/0566/6779/9603/files/beesline-roll-cotton-candy-11-off-2854049.webp?v=1762438276,https://cdn.shopify.com/s/files/1/0566/6779/9603/files/beesline-roll-cotton-candy-11-off-2854049.webp?v=1762438276,skin-care
275.0,EGP,Vacation,Home > العناية بالبشرة > بيزلين رول حلوى قطنية 1+1 (علبة ترويجية) > Back to العناية بالبشرة > كريم البشرة المعرضة لحب الشباب أثناء العطلات 60 مل,in stock,https://aldawaaegy.com/ar/collections/skin-care/products/vacation-whitening-night-care-gel-60ml,https://cdn.shopify.com/s/files/1/0566/6779/9603/files/vacation-whitening-night-care-gel-6430016.jpg?v=1762438277,https://cdn.shopify.com/s/files/1/0566/6779/9603/files/vacation-whitening-night-care-gel-6430016.jpg?v=1762438277,skin-care
295.0,EGP,Vacation,Home > العناية بالبشرة > جل العناية الليلية لتبييض البشرة 60 مل > Back to العناية بالبشرة > Dermaactive ACTI-SOLAIRE SPF 50+ LAIT SPRAY 125 مل,in stock,https://aldawaaegy.com/ar/collections/skin-care/products/vacation-acne-prone-skin-cream-60ml,https://cdn.shopify.com/s/files/1/0566/6779/9603/files/vacation-acne-prone-cream-60ml-5543351.jpg?v=1762438649,https://cdn.shopify.com/s/files/1/0566/6779/9603/files/vacation-acne-prone-cream-60ml-5543351.jpg?v=1762438649,skin-care
359.0,EGP,Dermactive,Home > العناية بالبشرة > كريم البشرة المعرضة لحب الشباب أثناء العطلات 60 مل > Back to العناية بالبشرة > بيو أويل للعناية بالبشرة 200 مل,in stock,https://aldawaaegy.com/ar/collections/skin-care/products/dermactive-solaire-spf50-lait-spray-125ml,https://cdn.shopify.com/s/files/1/0566/6779/9603/files/dermactive-solaire-spf50-lait-spray-125ml-1042066.webp?v=1762438465,https://cdn.shopify.com/s/files/1/0566/6779/9603/files/dermactive-solaire-spf50-lait-spray-125ml-1042066.webp?v=1762438465,skin-care
899.0,EGP,Bio Oil,Home > العناية بالبشرة > Dermaactive ACTI-SOLAIRE SPF 50+ LAIT SPRAY 125 مل > Back to العناية بالبشرة > مرطب كليو كلير مات الترا لايت 50 مل,sold out,https://aldawaaegy.com/ar/collections/skin-care/products/bio-oil-skin-care-200ml,https://cdn.shopify.com/s/files/1/0566/6779/9603/products/bio-oil-skin-care-200ml-3774179.jpg?v=1762441498,https://cdn.shopify.com/s/files/1/0566/6779/9603/products/bio-oil-skin-care-200ml-3774179.jpg?v=1762441498,skin-care
190.0,EGP,Cleo,Home > العناية بالبشرة > بيو أويل للعناية بالبشرة 200 مل > Back to العناية بالبشرة > سيروم فيتامين سي 0.1 من أورانج ديلي 28 مل,sold out,https://aldawaaegy.com/ar/collections/skin-care/products/cleo-clear-matte-ultra-light-moisturizer-50ml,https://cdn.shopify.com/s/files/1/0566/6779/9603/files/cleo-clear-matte-ultra-light-moisturizer-50ml-1455459.jpg?v=1762441077,https://cdn.shopify.com/s/files/1/0566/6779/9603/files/cleo-clear-matte-ultra-light-moisturizer-50ml-1455459.jpg?v=1762441077,skin-care
599.0,EGP,Orange,Home > العناية بالبشرة > مرطب كليو كلير مات الترا لايت 50 مل > Back to العناية بالبشرة > ايه سي ام ديبي وايت اس بمعامل حماية 50+ 50 مل,sold out,https://aldawaaegy.com/ar/collections/skin-care/products/orange-daily-vitamin-c-0-1-serum-28ml,https://cdn.shopify.com/s/files/1/0566/6779/9603/products/orangedaily-vitamin-c-10-serum-28ml-6222318.webp?v=1762441336,https://cdn.shopify.com/s/files/1/0566/6779/9603/products/orangedaily-vitamin-c-10-serum-28ml-6222318.webp?v=1762441336,skin-care
419.0,EGP,ACM,Home > العناية بالبشرة > سيروم فيتامين سي 0.1 من أورانج ديلي 28 مل > Back to العناية بالبشرة > أليخون سيروم للشعر بالأرجان 50 مل,sold out,https://aldawaaegy.com/ar/collections/skin-care/products/acm-depiwhite-s-spf50-50ml,https://cdn.shopify.com/s/files/1/0566/6779/9603/products/acm-depiwhites-spf50-50ml-3664316.jpg?v=1762440928,https://cdn.shopify.com/s/files/1/0566/6779/9603/products/acm-depiwhites-spf50-50ml-3664316.jpg?v=1762440928,skin-care
295.0,EGP,Alejon,Home > العناية بالبشرة > ايه سي ام ديبي وايت اس بمعامل حماية 50+ 50 مل > Back to العناية بالبشرة > بيزلين العناية بالشفاه جوري روز,in stock,https://aldawaaegy.com/ar/collections/skin-care/products/alejon-hair-serum-argan-50-ml,https://cdn.shopify.com/s/files/1/0566/6779/9603/products/alejon-hair-serum-argan-50-ml-9661942.png?v=1762441138,https://cdn.shopify.com/s/files/1/0566/6779/9603/products/alejon-hair-serum-argan-50-ml-9661942.png?v=1762441138,skin-care
175.0,EGP,Beesline,Home > العناية بالبشرة > أليخون سيروم للشعر بالأرجان 50 مل > Back to العناية بالبشرة > كريم النهار المغذي بيزلين 50 مل,in stock,https://aldawaaegy.com/ar/collections/skin-care/products/beesline-lip-care-jouri-rose,https://cdn.shopify.com/s/files/1/0566/6779/9603/products/beesline-lip-care-jouri-rose-6017696.jpg?v=1762441066,https://cdn.shopify.com/s/files/1/0566/6779/9603/products/beesline-lip-care-jouri-rose-6017696.jpg?v=1762441066,skin-care
295.0,EGP,Beesline,Home > العناية بالبشرة > بيزلين العناية بالشفاه جوري روز > Back to العناية بالبشرة > غسول بيزلين لتبييض الوجه 250 مل,sold out,https://aldawaaegy.com/ar/collections/skin-care/products/beesline-nourishing-day-cream-50ml,https://cdn.shopify.com/s/files/1/0566/6779/9603/products/beesline-nourishing-day-cream-50ml-4252165.jpg?v=1762440926,https://cdn.shopify.com/s/files/1/0566/6779/9603/products/beesline-nourishing-day-cream-50ml-4252165.jpg?v=1762440926,skin-care
395.0,EGP,Beesline,Home > العناية بالبشرة > كريم النهار المغذي بيزلين 50 مل > Back to العناية بالبشرة > كريم بيزلين الليلي لتفتيح البشرة وشدها 50 مل,in stock,https://aldawaaegy.com/ar/collections/skin-care/products/beesline-whitening-facial-wash-250ml,https://cdn.shopify.com/s/files/1/0566/6779/9603/products/beesline-whitening-facial-wash-250ml-5333333.jpg?v=1762441169,https://cdn.shopify.com/s/files/1/0566/6779/9603/products/beesline-whitening-facial-wash-250ml-5333333.jpg?v=1762441169,skin-care
395.0,EGP,Beesline,Home > العناية بالبشرة > غسول بيزلين لتبييض الوجه 250 مل > Back to العناية بالبشرة > بي جي أرغان سيروم 100 مل,sold out,https://aldawaaegy.com/ar/collections/skin-care/products/beesline-whitening-lifting-night-cream-50-ml,https://cdn.shopify.com/s/files/1/0566/6779/9603/products/beesline-whitening-lifting-night-cream-50-ml-3887022.jpg?v=1762441732,https://cdn.shopify.com/s/files/1/0566/6779/9603/products/beesline-whitening-lifting-night-cream-50-ml-3887022.jpg?v=1762441732,skin-care
399.0,EGP,BG,Home > العناية بالبشرة > كريم بيزلين الليلي لتفتيح البشرة وشدها 50 مل > Back to العناية بالبشرة > بوتوك فيتا سي سيروم للبشرة 40 مل,in stock,https://aldawaaegy.com/ar/collections/skin-care/products/bg-argan-serum-100ml,https://cdn.shopify.com/s/files/1/0566/6779/9603/products/bg-argan-serum-100ml-9774168.jpg?v=1762440674,https://cdn.shopify.com/s/files/1/0566/6779/9603/products/bg-argan-serum-100ml-9774168.jpg?v=1762440674,skin-care
380.0,EGP,Botok,Home > العناية بالبشرة > بي جي أرغان سيروم 100 مل > Back to العناية بالبشرة > كريم تفتيح سيمازون بلاتينيوم 20 جم,sold out,https://aldawaaegy.com/ar/collections/skin-care/products/botok-vita-c-skin-serum-40-ml,https://cdn.shopify.com/s/files/1/0566/6779/9603/products/botok-vita-c-skin-serum-40-ml-6856065.webp?v=1762441579,https://cdn.shopify.com/s/files/1/0566/6779/9603/products/botok-vita-c-skin-serum-40-ml-6856065.webp?v=1762441579,skin-care
330.0,EGP,Cemazon,Home > العناية بالبشرة > بوتوك فيتا سي سيروم للبشرة 40 مل > Back to العناية بالبشرة > سيروم فيتامين سي 0.1 من كليو جلو 50 مل,in stock,https://aldawaaegy.com/ar/collections/skin-care/products/cemazon-platinum-lightening-cream-20gm,https://cdn.shopify.com/s/files/1/0566/6779/9603/products/cemazon-platinum-lightening-cream-20gm-3125466.webp?v=1762440646,https://cdn.shopify.com/s/files/1/0566/6779/9603/products/cemazon-platinum-lightening-cream-20gm-3125466.webp?v=1762440646,skin-care
250.0,EGP,Cleo,Home > العناية بالبشرة > كريم تفتيح سيمازون بلاتينيوم 20 جم > Back to العناية بالبشرة > كريم جل حمض الهيالورونيك من كليو بعامل حماية من الشمس 50، 50 مل,sold out,https://aldawaaegy.com/ar/collections/skin-care/products/cleo-glow-vitamin-c-0-1-serum-50ml,https://cdn.shopify.com/s/files/1/0566/6779/9603/files/cleo-glow-vitamin-c-10-serum-50ml-6957142.png?v=1762440676,https://cdn.shopify.com/s/files/1/0566/6779/9603/files/cleo-glow-vitamin-c-10-serum-50ml-6957142.png?v=1762440676,skin-care
360.0,EGP,Cleo,Home > العناية بالبشرة > سيروم فيتامين سي 0.1 من كليو جلو 50 مل > Back to العناية بالبشرة > جل التنظيف ديرماتيك ريفاين 150 مل,sold out,https://aldawaaegy.com/ar/collections/skin-care/products/cleo-hyaluronic-acid-gel-cream-spf50-50ml,https://cdn.shopify.com/s/files/1/0566/6779/9603/files/cleo-hyaluronic-acid-gel-cream-spf50-50ml-5729658.jpg?v=1762441073,https://cdn.shopify.com/s/files/1/0566/6779/9603/files/cleo-hyaluronic-acid-gel-cream-spf50-50ml-5729658.jpg?v=1762441073,skin-care
340.0,EGP,Dermatique,Home > العناية بالبشرة > كريم جل حمض الهيالورونيك من كليو بعامل حماية من الشمس 50، 50 مل > Back to العناية بالبشرة > كريم التحكم فلوكسيا ريجينيا 40 مل,in stock,https://aldawaaegy.com/ar/collections/skin-care/products/dermatique-refine-cleansing-gel150ml,https://cdn.shopify.com/s/files/1/0566/6779/9603/products/dermatique-refine-cleansing-gel150ml-3776750.webp?v=1762441669,https://cdn.shopify.com/s/files/1/0566/6779/9603/products/dermatique-refine-cleansing-gel150ml-3776750.webp?v=1762441669,skin-care
1399.0,EGP,Floxia,Home > العناية بالبشرة > جل التنظيف ديرماتيك ريفاين 150 مل > Back to العناية بالبشرة > كريم تفتيح ميلابروف 50 جم,in stock,https://aldawaaegy.com/ar/collections/skin-care/products/floxia-regenia-control-cream-40ml,https://cdn.shopify.com/s/files/1/0566/6779/9603/products/floxia-regenia-control-cream-40ml-1847123.png?v=1762440269,https://cdn.shopify.com/s/files/1/0566/6779/9603/products/floxia-regenia-control-cream-40ml-1847123.png?v=1762440269,skin-care
219.0,EGP,Melaprof,Home > العناية بالبشرة > كريم التحكم فلوكسيا ريجينيا 40 مل > Back to العناية بالبشرة > كريم نوريفينا سكين وايت سوفت 50 جم,sold out,https://aldawaaegy.com/ar/collections/skin-care/products/melaprof-lightening-cream-50gm,https://cdn.shopify.com/s/files/1/0566/6779/9603/products/melaprof-lightening-cream-50gm-1618579.jpg?v=1762441469,https://cdn.shopify.com/s/files/1/0566/6779/9603/products/melaprof-lightening-cream-50gm-1618579.jpg?v=1762441469,skin-care
210.0,EGP,Nurivina,Home > العناية بالبشرة > كريم تفتيح ميلابروف 50 جم > Back to العناية بالبشرة > ستارفيل منظف الوجه للبشرة المعرضة لحب الشباب 100 مل,in stock,https://aldawaaegy.com/ar/collections/skin-care/products/nurivina-skin-whit-sof-cream-50gm,https://cdn.shopify.com/s/files/1/0566/6779/9603/products/nurivina-skin-whit-sof-cream-50gm-6487275.webp?v=1762441033,https://cdn.shopify.com/s/files/1/0566/6779/9603/products/nurivina-skin-whit-sof-cream-50gm-6487275.webp?v=1762441033,skin-care
80.0,EGP,Starville,Home > العناية بالبشرة > كريم نوريفينا سكين وايت سوفت 50 جم > Back to العناية بالبشرة > ستارفيل جل التبييض نايجيت كير 60,sold out,https://aldawaaegy.com/ar/collections/skin-care/products/starville-acne-prone-skin-facial-cleanser-100-ml,https://cdn.shopify.com/s/files/1/0566/6779/9603/files/starville-acne-prone-skin-facial-cleanser-100-ml-4911187.png?v=1762440269,https://cdn.shopify.com/s/files/1/0566/6779/9603/files/starville-acne-prone-skin-facial-cleanser-100-ml-4911187.png?v=1762440269,skin-care
135.0,EGP,Starville,Home > العناية بالبشرة > ستارفيل منظف الوجه للبشرة المعرضة لحب الشباب 100 مل > Back to العناية بالبشرة > حليب الجسم سترالين 200 مل,in stock,https://aldawaaegy.com/ar/collections/skin-care/products/starville-whitening-gel-nighit-care-60,https://cdn.shopify.com/s/files/1/0566/6779/9603/files/starville-whitening-nighit-care-gel-60-gm-4708306.png?v=1762440283,https://cdn.shopify.com/s/files/1/0566/6779/9603/files/starville-whitening-nighit-care-gel-60-gm-4708306.png?v=1762440283,skin-care
357.0,EGP,Straline,Home > العناية بالبشرة > ستارفيل جل التبييض نايجيت كير 60 > Back to العناية بالبشرة > تيلوفيل مقشر الجسم بجوز الهند 250 مل,in stock,https://aldawaaegy.com/ar/collections/skin-care/products/straline-body-milk-200ml,https://cdn.shopify.com/s/files/1/0566/6779/9603/files/straline-body-milk-200ml-5473104.jpg?v=1762440078,https://cdn.shopify.com/s/files/1/0566/6779/9603/files/straline-body-milk-200ml-5473104.jpg?v=1762440078,skin-care
210.0,EGP,Telofill,Home > العناية بالبشرة > حليب الجسم سترالين 200 مل > Back to العناية بالبشرة > كريم جل تيلوفيل الواقي من الشمس 60 جم,sold out,https://aldawaaegy.com/ar/collections/skin-care/products/telofill-body-scrub-coconut-250ml,https://cdn.shopify.com/s/files/1/0566/6779/9603/products/telofill-body-scrub-coconut-250ml-4145276.jpg?v=1762441335,https://cdn.shopify.com/s/files/1/0566/6779/9603/products/telofill-body-scrub-coconut-250ml-4145276.jpg?v=1762441335,skin-care
250.0,EGP,Telofill,Home > العناية بالبشرة > تيلوفيل مقشر الجسم بجوز الهند 250 مل > Back to العناية بالبشرة > يورياج باريديرم سيكا بلسم الشفاه 15 مل,sold out,https://aldawaaegy.com/ar/collections/skin-care/products/telofill-sunscreen-gel-cream-60gm,https://cdn.shopify.com/s/files/1/0566/6779/9603/products/telofill-sunscreen-gel-cream-60gm-1661709.jpg?v=1762440273,https://cdn.shopify.com/s/files/1/0566/6779/9603/products/telofill-sunscreen-gel-cream-60gm-1661709.jpg?v=1762440273,skin-care
509.0,EGP,Uriage,Home > العناية بالبشرة > كريم جل تيلوفيل الواقي من الشمس 60 جم > Back to العناية بالبشرة > يورياج زيموس سيندت منظف لطيف 200 مل,sold out,https://aldawaaegy.com/ar/collections/skin-care/products/uriage-bariederm-cica-lips-balm-15ml,https://cdn.shopify.com/s/files/1/0566/6779/9603/products/uriage-bariederm-cica-lips-balm-15ml-3949469.png?v=1762441592,https://cdn.shopify.com/s/files/1/0566/6779/9603/products/uriage-bariederm-cica-lips-balm-15ml-3949469.png?v=1762441592,skin-care
799.0,EGP,Uriage,Home > العناية بالبشرة > يورياج باريديرم سيكا بلسم الشفاه 15 مل > Back to العناية بالبشرة > فيشي أو ثيرمال مينيراليسانت بخاخ 150 مل,sold out,https://aldawaaegy.com/ar/collections/skin-care/products/uriage-xemose-gentle-cleansing-syndet-200ml,https://cdn.shopify.com/s/files/1/0566/6779/9603/products/uriage-xemose-gentle-cleansing-syndet-200ml-5227479.png?v=1762441391,https://cdn.shopify.com/s/files/1/0566/6779/9603/products/uriage-xemose-gentle-cleansing-syndet-200ml-5227479.png?v=1762441391,skin-care
590.0,EGP,Vichy,Home > العناية بالبشرة > يورياج زيموس سيندت منظف لطيف 200 مل > Back to العناية بالبشرة > فيشي ليفتاكتيف سوبريم سيروم 10 30 مل,in stock,https://aldawaaegy.com/ar/collections/skin-care/products/vichy-eau-thermale-mineralisante-spray-150ml,https://cdn.shopify.com/s/files/1/0566/6779/9603/products/vichy-eau-thermale-mineralisante-spray-150ml-6565902.jpg?v=1762440114,https://cdn.shopify.com/s/files/1/0566/6779/9603/products/vichy-eau-thermale-mineralisante-spray-150ml-6565902.jpg?v=1762440114,skin-care
1049.0,EGP,Vichy,Home > العناية بالبشرة > فيشي أو ثيرمال مينيراليسانت بخاخ 150 مل > Back to العناية بالبشرة > فلوسلك كريم ملون للعناية بالشمس بعامل حماية من الشمس +50 50 مل,sold out,https://aldawaaegy.com/ar/collections/skin-care/products/vichy-liftactiv-supreme-serum-10-30ml,https://cdn.shopify.com/s/files/1/0566/6779/9603/products/vichy-liftactiv-supreme-serum-10-30ml-2575476.jpg?v=1762441398,https://cdn.shopify.com/s/files/1/0566/6779/9603/products/vichy-liftactiv-supreme-serum-10-30ml-2575476.jpg?v=1762441398,skin-care
430.0,EGP,Floslek,Home > العناية بالبشرة > فيشي ليفتاكتيف سوبريم سيروم 10 30 مل > Back to العناية بالبشرة > بيوديرما سينسيبيو فورت كريم 40 مل,sold out,https://aldawaaegy.com/ar/collections/skin-care/products/floslek-sun-care-tinted-cream-spf-50-50ml,https://cdn.shopify.com/s/files/1/0566/6779/9603/products/floslek-sun-care-tinted-cream-spf50-50ml-1942793.jpg?v=1762441732,https://cdn.shopify.com/s/files/1/0566/6779/9603/products/floslek-sun-care-tinted-cream-spf50-50ml-1942793.jpg?v=1762441732,skin-care
1199.0,EGP,Bioderma,Home > العناية بالبشرة > فلوسلك كريم ملون للعناية بالشمس بعامل حماية من الشمس +50 50 مل > Back to العناية بالبشرة > بيل كلينيك إيجنت تونيك 18 200 مل,sold out,https://aldawaaegy.com/ar/collections/skin-care/products/bioderma-sensibio-forte-cream-40ml,https://cdn.shopify.com/s/files/1/0566/6779/9603/products/bioderma-sensibio-forte-cream-40ml-5839330.png?v=1762440381,https://cdn.shopify.com/s/files/1/0566/6779/9603/products/bioderma-sensibio-forte-cream-40ml-5839330.png?v=1762440381,skin-care
245.0,EGP,Bel Clinic,Home > العناية بالبشرة > بيوديرما سينسيبيو فورت كريم 40 مل > Back to العناية بالبشرة > لاروش بوساي أنثيلوس بخاخ الحماية الفائقة 200 مل,sold out,https://aldawaaegy.com/ar/collections/skin-care/products/bel-clinic-agent-tonic-18-200ml,https://cdn.shopify.com/s/files/1/0566/6779/9603/products/bel-clinic-agent-tonic-18-200ml-1964637.jpg?v=1762441071,https://cdn.shopify.com/s/files/1/0566/6779/9603/products/bel-clinic-agent-tonic-18-200ml-1964637.jpg?v=1762441071,skin-care
1199.0,EGP,La Roche-Posay,Home > العناية بالبشرة > بيل كلينيك إيجنت تونيك 18 200 مل > Back to العناية بالبشرة > نانو تريت سيروم نياسيناميد 30 مل,sold out,https://aldawaaegy.com/ar/collections/skin-care/products/la-roche-posay-anthelos-ultra-protection-spray-200-ml,https://cdn.shopify.com/s/files/1/0566/6779/9603/products/laroche-anthelos-ultra-protection-spray-200-ml-3841123.webp?v=1762439916,https://cdn.shopify.com/s/files/1/0566/6779/9603/products/laroche-anthelos-ultra-protection-spray-200-ml-3841123.webp?v=1762439916,skin-care
549.0,EGP,Nano Treat,Home > العناية بالبشرة > لاروش بوساي أنثيلوس بخاخ الحماية الفائقة 200 مل > Back to العناية بالبشرة > بيوديرما سيبيوم جل موسانت جل رغوي 500 مل,in stock,https://aldawaaegy.com/ar/collections/skin-care/products/nano-treat-niacinamide-serum-30ml,https://cdn.shopify.com/s/files/1/0566/6779/9603/products/nano-treat-niacinamide-serum-30ml-3530646.jpg?v=1762441738,https://cdn.shopify.com/s/files/1/0566/6779/9603/products/nano-treat-niacinamide-serum-30ml-3530646.jpg?v=1762441738,skin-care
1099.0,EGP,Bioderma,Home > العناية بالبشرة > نانو تريت سيروم نياسيناميد 30 مل > Back to العناية بالبشرة > كريم التجديد الليلي بيوديرما بيجمنتبيو,sold out,https://aldawaaegy.com/ar/collections/skin-care/products/bioderma-sebium-gel-moussant-foaming-gel-500ml,https://cdn.shopify.com/s/files/1/0566/6779/9603/products/bioderma-sebium-gel-moussant-foaming-gel-500ml-2130977.jpg?v=1762439957,https://cdn.shopify.com/s/files/1/0566/6779/9603/products/bioderma-sebium-gel-moussant-foaming-gel-500ml-2130977.jpg?v=1762439957,skin-care
1795.0,EGP,Bioderma,Home > العناية بالبشرة > بيوديرما سيبيوم جل موسانت جل رغوي 500 مل > Back to العناية بالبشرة > بيوديرما أتوديرم جل موسانت 200 مل,sold out,https://aldawaaegy.com/ar/collections/skin-care/products/bioderma-pigmentbio-night-renewer-cream,https://cdn.shopify.com/s/files/1/0566/6779/9603/products/bioderma-pigmentbio-night-renewer-cream-7221591.jpg?v=1762441112,https://cdn.shopify.com/s/files/1/0566/6779/9603/products/bioderma-pigmentbio-night-renewer-cream-7221591.jpg?v=1762441112,skin-care
739.0,EGP,Bioderma,Home > العناية بالبشرة > كريم التجديد الليلي بيوديرما بيجمنتبيو > Back to العناية بالبشرة > جل التنظيف بيونيكي أكتين 200 مل,sold out,https://aldawaaegy.com/ar/collections/skin-care/products/bioderma-atoderm-gel-moussant-200ml,https://cdn.shopify.com/s/files/1/0566/6779/9603/products/bioderma-atoderm-gel-moussant-200ml-9800085.webp?v=1762441586,https://cdn.shopify.com/s/files/1/0566/6779/9603/products/bioderma-atoderm-gel-moussant-200ml-9800085.webp?v=1762441586,skin-care
550.0,EGP,Bionike,Home > العناية بالبشرة > بيوديرما أتوديرم جل موسانت 200 مل > Back to العناية بالبشرة > فارماسيريس مضاد للعين الداكنة Cr.Spf15 15M,sold out,https://aldawaaegy.com/ar/collections/skin-care/products/bionike-acteen-purifying-cleansing-gel-200ml,https://cdn.shopify.com/s/files/1/0566/6779/9603/products/bionike-acteen-purifying-cleansing-gel-200ml-5355168.jpg?v=1762439952,https://cdn.shopify.com/s/files/1/0566/6779/9603/products/bionike-acteen-purifying-cleansing-gel-200ml-5355168.jpg?v=1762439952,skin-care
250.0,EGP,Pharmaceris,Home > العناية بالبشرة > جل التنظيف بيونيكي أكتين 200 مل > Back to العناية بالبشرة > مركز بيوديرما بيجمنتبيو سي 15 مل,sold out,https://aldawaaegy.com/ar/collections/skin-care/products/pharmaceris-anti-dark-eye-cr-spf15-15m,https://cdn.shopify.com/s/files/1/0566/6779/9603/products/pharmaceris-anti-dark-eye-crspf15-15m-2247865.jpg?v=1762440458,https://cdn.shopify.com/s/files/1/0566/6779/9603/products/pharmaceris-anti-dark-eye-crspf15-15m-2247865.jpg?v=1762440458,skin-care
1950.0,EGP,Bioderma,Home > العناية بالبشرة > فارماسيريس مضاد للعين الداكنة Cr.Spf15 15M > Back to العناية بالبشرة > كريم يورياج باريسون SPF 50 50 مل,sold out,https://aldawaaegy.com/ar/collections/skin-care/products/bioderma-pigmentbio-c-concentrate-15ml,https://cdn.shopify.com/s/files/1/0566/6779/9603/products/bioderma-pigmentbio-c-concentrate-15ml-7137492.jpg?v=1762441610,https://cdn.shopify.com/s/files/1/0566/6779/9603/products/bioderma-pigmentbio-c-concentrate-15ml-7137492.jpg?v=1762441610,skin-care
1025.0,EGP,Uriage,Home > العناية بالبشرة > مركز بيوديرما بيجمنتبيو سي 15 مل > Back to العناية بالبشرة > منظف ​​سترالين الغني للوجه والجسم 200 مل,sold out,https://aldawaaegy.com/ar/collections/skin-care/products/uriage-bariesun-spf-50-cream-50-ml,https://cdn.shopify.com/s/files/1/0566/6779/9603/products/uriage-bariesun-spf-50-cream-50-ml-5657376.webp?v=1762440083,https://cdn.shopify.com/s/files/1/0566/6779/9603/products/uriage-bariesun-spf-50-cream-50-ml-5657376.webp?v=1762440083,skin-care
243.0,EGP,Straline,Home > العناية بالبشرة > كريم يورياج باريسون SPF 50 50 مل > Back to العناية بالبشرة > مرطب الشفاه سترالين 5 مل,in stock,https://aldawaaegy.com/ar/collections/skin-care/products/straline-rich-cleanser-face-body-200ml,https://cdn.shopify.com/s/files/1/0566/6779/9603/files/straline-rich-cleanser-facebody-200ml-5776315.jpg?v=1762439738,https://cdn.shopify.com/s/files/1/0566/6779/9603/files/straline-rich-cleanser-facebody-200ml-5776315.jpg?v=1762439738,skin-care
126.0,EGP,Straline,Home > العناية بالبشرة > منظف ​​سترالين الغني للوجه والجسم 200 مل > Back to العناية بالبشرة > سيروم فويلا لمحيط العين 30 مل,in stock,https://aldawaaegy.com/ar/collections/skin-care/products/straline-lip-balm-5gm,https://cdn.shopify.com/s/files/1/0566/6779/9603/files/straline-lip-balm-5gm-3505211.webp?v=1762439619,https://cdn.shopify.com/s/files/1/0566/6779/9603/files/straline-lip-balm-5gm-3505211.webp?v=1762439619,skin-care
245.0,EGP,Voila,Home > العناية بالبشرة > مرطب الشفاه سترالين 5 مل > Back to العناية بالبشرة > ايزيس فيتيسكين 50 مل,in stock,https://aldawaaegy.com/ar/collections/skin-care/products/voila-eye-contour-serum-30ml,https://cdn.shopify.com/s/files/1/0566/6779/9603/products/voila-eye-contour-serum-30ml-3671913.webp?v=1762440572,https://cdn.shopify.com/s/files/1/0566/6779/9603/products/voila-eye-contour-serum-30ml-3671913.webp?v=1762440572,skin-care
2090.0,EGP,ISISPHARMA,Home > العناية بالبشرة > سيروم فويلا لمحيط العين 30 مل > Back to العناية بالبشرة > تيلوفيل سيروم التفتيح 30 مل,sold out,https://aldawaaegy.com/ar/collections/skin-care/products/isis-vitiskin-50ml,https://cdn.shopify.com/s/files/1/0566/6779/9603/files/isis-vitiskin-50ml-4179988.png?v=1762439618,https://cdn.shopify.com/s/files/1/0566/6779/9603/files/isis-vitiskin-50ml-4179988.png?v=1762439618,skin-care
450.0,EGP,Telofill,Home > العناية بالبشرة > ايزيس فيتيسكين 50 مل > Back to العناية بالبشرة > أفين كلينانس جل 200 مل,in stock,https://aldawaaegy.com/ar/collections/skin-care/products/telofill-lightening-serum-30-ml,https://cdn.shopify.com/s/files/1/0566/6779/9603/products/telofill-lightening-serum-30-ml-8581179.jpg?v=1762440069,https://cdn.shopify.com/s/files/1/0566/6779/9603/products/telofill-lightening-serum-30-ml-8581179.jpg?v=1762440069,skin-care
739.0,EGP,Avene,Home > العناية بالبشرة > تيلوفيل سيروم التفتيح 30 مل > Back to العناية بالبشرة > جل التنظيف ايه سي ام سيبيونكس 200 مل,in stock,https://aldawaaegy.com/ar/collections/skin-care/products/avene-cleanance-gel-200-ml,https://cdn.shopify.com/s/files/1/0566/6779/9603/products/avene-cleanance-gel-200-ml-9288953.jpg?v=1762441617,https://cdn.shopify.com/s/files/1/0566/6779/9603/products/avene-cleanance-gel-200-ml-9288953.jpg?v=1762441617,skin-care
459.0,EGP,ACM,Home > العناية بالبشرة > أفين كلينانس جل 200 مل > Back to العناية بالبشرة > بيوديرما سيبيوم منقي المسام 30 مل,in stock,https://aldawaaegy.com/ar/collections/skin-care/products/acm-sebionex-cleansing-gel-200ml,https://cdn.shopify.com/s/files/1/0566/6779/9603/products/acm-sebionex-cleansing-gel-200ml-7600582.jpg?v=1762439462,https://cdn.shopify.com/s/files/1/0566/6779/9603/products/acm-sebionex-cleansing-gel-200ml-7600582.jpg?v=1762439462,skin-care
1045.0,EGP,Bioderma,Home > العناية بالبشرة > جل التنظيف ايه سي ام سيبيونكس 200 مل > Back to العناية بالبشرة > ميديتوبيك منظف للبشرة الدهنية 200 مل,sold out,https://aldawaaegy.com/ar/collections/skin-care/products/bioderma-sebium-pore-refiner-30ml,https://cdn.shopify.com/s/files/1/0566/6779/9603/products/bioderma-sebium-pore-refiner-30ml-1964206.jpg?v=1762439660,https://cdn.shopify.com/s/files/1/0566/6779/9603/products/bioderma-sebium-pore-refiner-30ml-1964206.jpg?v=1762439660,skin-care
668.0,EGP,Meditopic,Home > العناية بالبشرة > بيوديرما سيبيوم منقي المسام 30 مل > Back to العناية بالبشرة > فارماسيريس سيروم التبييض 30 مل,sold out,https://aldawaaegy.com/ar/collections/skin-care/products/meditopic-cleanser-oily-skin-200ml,https://cdn.shopify.com/s/files/1/0566/6779/9603/products/meditopic-cleanser-oily-skin-200ml-9560764.jpg?v=1762439709,https://cdn.shopify.com/s/files/1/0566/6779/9603/products/meditopic-cleanser-oily-skin-200ml-9560764.jpg?v=1762439709,skin-care
395.0,EGP,Pharmaceris,Home > العناية بالبشرة > ميديتوبيك منظف للبشرة الدهنية 200 مل > Back to العناية بالبشرة > مرطب الجسم إيزيس سيكاليا AHA 200 مل,sold out,https://aldawaaegy.com/ar/collections/skin-care/products/pharmaceris-whitening-serum-30ml,https://cdn.shopify.com/s/files/1/0566/6779/9603/products/pharmaceris-whitening-serum-30ml-8499079.jpg?v=1762440579,https://cdn.shopify.com/s/files/1/0566/6779/9603/products/pharmaceris-whitening-serum-30ml-8499079.jpg?v=1762440579,skin-care
1219.0,EGP,ISISPHARMA,Home > العناية بالبشرة > فارماسيريس سيروم التبييض 30 مل > Back to العناية بالبشرة > مقشر يومي منشط من بيزلين,in stock,https://aldawaaegy.com/ar/collections/skin-care/products/isis-secalia-aha-body-emollient-200ml,https://cdn.shopify.com/s/files/1/0566/6779/9603/files/isis-secalia-aha-body-emollient-200ml-5117624.jpg?v=1762440187,https://cdn.shopify.com/s/files/1/0566/6779/9603/files/isis-secalia-aha-body-emollient-200ml-5117624.jpg?v=1762440187,skin-care
35.0,EGP,Beesline,Home > العناية بالبشرة > مرطب الجسم إيزيس سيكاليا AHA 200 مل > Back to العناية بالبشرة > فيشي ليفتاكتيف سوبريم للبشرة العادية إلى المختلطة 50 مل,sold out,https://aldawaaegy.com/ar/collections/skin-care/products/beesline-energizing-daily-scrup,https://cdn.shopify.com/s/files/1/0566/6779/9603/products/beesline-energizing-daily-scrup-5431768.jpg?v=1762439666,https://cdn.shopify.com/s/files/1/0566/6779/9603/products/beesline-energizing-daily-scrup-5431768.jpg?v=1762439666,skin-care
900.0,EGP,Vichy,Home > العناية بالبشرة > مقشر يومي منشط من بيزلين > Back to العناية بالبشرة > يورياج باريسون Spf50+ بخاخ رذاذ جاف 200 مل,sold out,https://aldawaaegy.com/ar/collections/skin-care/products/vichy-liftactiv-supreme-normal-to-mixed-skin-50ml,https://cdn.shopify.com/s/files/1/0566/6779/9603/products/vichy-liftactiv-supreme-normal-to-mixed-skin-50ml-2940862.webp?v=1762441300,https://cdn.shopify.com/s/files/1/0566/6779/9603/products/vichy-liftactiv-supreme-normal-to-mixed-skin-50ml-2940862.webp?v=1762441300,skin-care
999.0,EGP,Uriage,Home > العناية بالبشرة > فيشي ليفتاكتيف سوبريم للبشرة العادية إلى المختلطة 50 مل > Back to العناية بالبشرة > فارماسيرز كريم العين أوبتي سينسيلوم 15 مل,sold out,https://aldawaaegy.com/ar/collections/skin-care/products/uriage-bariesun-spf50-dry-mist-spray-200ml,https://cdn.shopify.com/s/files/1/0566/6779/9603/products/uriage-bariesun-spf50-dry-mist-spray-200ml-5457918.webp?v=1762438976,https://cdn.shopify.com/s/files/1/0566/6779/9603/products/uriage-bariesun-spf50-dry-mist-spray-200ml-5457918.webp?v=1762438976,skin-care
259.0,EGP,Pharmaceris,Home > العناية بالبشرة > يورياج باريسون Spf50+ بخاخ رذاذ جاف 200 مل > Back to العناية بالبشرة > فارماسيريس ديرميديك كابي سيروم علاجي 150 مل,sold out,https://aldawaaegy.com/ar/collections/skin-care/products/pharmaceris-a-opti-sensilium-eye-cream-15ml,https://cdn.shopify.com/s/files/1/0566/6779/9603/products/pharmaceris-a-opti-sensilium-eye-cream-15ml-3137138.jpg?v=1762438997,https://cdn.shopify.com/s/files/1/0566/6779/9603/products/pharmaceris-a-opti-sensilium-eye-cream-15ml-3137138.jpg?v=1762438997,skin-care
621.0,EGP,Pharmaceris,Home > العناية بالبشرة > فارماسيرز كريم العين أوبتي سينسيلوم 15 مل > Back to العناية بالبشرة > بيوديرما اتوديرم الترا ن كريم 200 مل,sold out,https://aldawaaegy.com/ar/collections/skin-care/products/pharmaceris-dermedic-capi-treat-serum-150ml,https://cdn.shopify.com/s/files/1/0566/6779/9603/products/pharmaceris-dermedic-capi-treat-serum-150ml-7938051.jpg?v=1762439175,https://cdn.shopify.com/s/files/1/0566/6779/9603/products/pharmaceris-dermedic-capi-treat-serum-150ml-7938051.jpg?v=1762439175,skin-care
950.0,EGP,Bioderma,Home > العناية بالبشرة > فارماسيريس ديرميديك كابي سيروم علاجي 150 مل > Back to العناية بالبشرة > يوسيرين هيدرو بروتيكت سائل خفيف للغاية 50 مل,sold out,https://aldawaaegy.com/ar/collections/skin-care/products/bioderma-atoderm-ultra-n-cream-200ml,https://cdn.shopify.com/s/files/1/0566/6779/9603/products/bioderma-atoderm-ultra-n-cream-200ml-7658527.jpg?v=1762439127,https://cdn.shopify.com/s/files/1/0566/6779/9603/products/bioderma-atoderm-ultra-n-cream-200ml-7658527.jpg?v=1762439127,skin-care
999.0,EGP,Eucerin,Home > العناية بالبشرة > بيوديرما اتوديرم الترا ن كريم 200 مل > Back to العناية بالبشرة > أسيليا لايف لوشن واقي من الشمس 120 جم,in stock,https://aldawaaegy.com/ar/collections/skin-care/products/eucerin-hydro-protect-ultra-light-fluid-50ml,https://cdn.shopify.com/s/files/1/0566/6779/9603/products/eucerin-hydro-protect-ultra-light-fluid-50ml-8511084.jpg?v=1762439727,https://cdn.shopify.com/s/files/1/0566/6779/9603/products/eucerin-hydro-protect-ultra-light-fluid-50ml-8511084.jpg?v=1762439727,skin-care
450.0,EGP,Aselia,Home > العناية بالبشرة > يوسيرين هيدرو بروتيكت سائل خفيف للغاية 50 مل > Back to العناية بالبشرة > إنفينيتي ريتينول سيروم B3 30 جم,sold out,https://aldawaaegy.com/ar/collections/skin-care/products/aselia-life-sunscreen-lotion-120gm,https://cdn.shopify.com/s/files/1/0566/6779/9603/files/aselia-life-sunscreen-lotion-120gm-5572400.png?v=1762441592,https://cdn.shopify.com/s/files/1/0566/6779/9603/files/aselia-life-sunscreen-lotion-120gm-5572400.png?v=1762441592,skin-care
450.0,EGP,Infinity,Home > العناية بالبشرة > أسيليا لايف لوشن واقي من الشمس 120 جم > Back to العناية بالبشرة > بيوديرما بيو اويل 60 مل,in stock,https://aldawaaegy.com/ar/collections/skin-care/products/infinity-retinol-serum-b3-30gm,https://cdn.shopify.com/s/files/1/0566/6779/9603/products/infinity-retinol-serum-b3-30gm-1658350.webp?v=1762439450,https://cdn.shopify.com/s/files/1/0566/6779/9603/products/infinity-retinol-serum-b3-30gm-1658350.webp?v=1762439450,skin-care
425.0,EGP,Bioderma,Home > العناية بالبشرة > إنفينيتي ريتينول سيروم B3 30 جم > Back to العناية بالبشرة > كريم النهار يوسيرين هيالورون بعامل حماية من الشمس 15 50 مل,sold out,https://aldawaaegy.com/ar/collections/skin-care/products/bioderma-bio-oil-60ml,https://cdn.shopify.com/s/files/1/0566/6779/9603/products/bioderma-bio-oil-60ml-7069845.jpg?v=1762439230,https://cdn.shopify.com/s/files/1/0566/6779/9603/products/bioderma-bio-oil-60ml-7069845.jpg?v=1762439230,skin-care
1449.0,EGP,Eucerin,Home > العناية بالبشرة > بيوديرما بيو اويل 60 مل > Back to العناية بالبشرة > يورياج إيج بروتكت حول العين 15 مل,in stock,https://aldawaaegy.com/ar/collections/skin-care/products/eucerin-hyaluron-day-spf-15-cream-50ml,https://cdn.shopify.com/s/files/1/0566/6779/9603/products/eucerin-hyaluron-day-spf-15-cream-50ml-7202634.webp?v=1762441335,https://cdn.shopify.com/s/files/1/0566/6779/9603/products/eucerin-hyaluron-day-spf-15-cream-50ml-7202634.webp?v=1762441335,skin-care
71.0,EGP,Uriage,Home > العناية بالبشرة > كريم النهار يوسيرين هيالورون بعامل حماية من الشمس 15 50 مل > Back to العناية بالبشرة > يورياج مشط ماء ميسيلار للبشرة الدهنية 250 مل,in stock,https://aldawaaegy.com/ar/collections/skin-care/products/uriage-age-protect-eye-contour-15ml,https://cdn.shopify.com/s/files/1/0566/6779/9603/products/uriage-age-protect-eye-contour-15ml-4296322.jpg?v=1762439021,https://cdn.shopify.com/s/files/1/0566/6779/9603/products/uriage-age-protect-eye-contour-15ml-4296322.jpg?v=1762439021,skin-care
599.0,EGP,Uriage,Home > العناية بالبشرة > يورياج إيج بروتكت حول العين 15 مل > Back to العناية بالبشرة > يورياج ديبيديرم مضاد للبقع البنية بمعامل حماية 50 30 مل,sold out,https://aldawaaegy.com/ar/collections/skin-care/products/uriage-micellar-water-comb-to-oily-skin-250ml,https://cdn.shopify.com/s/files/1/0566/6779/9603/products/uriage-micellar-water-comb-to-oily-skin-250ml-6272723.png?v=1762439659,https://cdn.shopify.com/s/files/1/0566/6779/9603/products/uriage-micellar-water-comb-to-oily-skin-250ml-6272723.png?v=1762439659,skin-care
1950.0,EGP,Uriage,Home > العناية بالبشرة > يورياج مشط ماء ميسيلار للبشرة الدهنية 250 مل > Back to العناية بالبشرة > لوشن الجسم فينشي 120 مل,in stock,https://aldawaaegy.com/ar/collections/skin-care/products/uriage-depiderm-anti-brown-spots-spf50-30ml,https://cdn.shopify.com/s/files/1/0566/6779/9603/products/uriage-depiderm-anti-brown-spots-spf50-30ml-7412322.jpg?v=1762440585,https://cdn.shopify.com/s/files/1/0566/6779/9603/products/uriage-depiderm-anti-brown-spots-spf50-30ml-7412322.jpg?v=1762440585,skin-care
90.0,EGP,Vinci,Home > العناية بالبشرة > يورياج ديبيديرم مضاد للبقع البنية بمعامل حماية 50 30 مل > Back to العناية بالبشرة > كريم ديرماكتيف أكتي ريبير لتنعيم البشرة 200 مل,in stock,https://aldawaaegy.com/ar/collections/skin-care/products/vinci-body-lotion-120ml,https://cdn.shopify.com/s/files/1/0566/6779/9603/products/vinci-body-lotion-120ml-6610085.jpg?v=1762438768,https://cdn.shopify.com/s/files/1/0566/6779/9603/products/vinci-body-lotion-120ml-6610085.jpg?v=1762438768,skin-care
299.0,EGP,Dermactive,Home > العناية بالبشرة > لوشن الجسم فينشي 120 مل > Back to العناية بالبشرة > سيروم ايفلين شوت 6 سيراميدات وفيتامين ب12 30 مل,in stock,https://aldawaaegy.com/ar/collections/skin-care/products/dermactive-acti-repair-smoothing-cream-200ml,https://cdn.shopify.com/s/files/1/0566/6779/9603/files/dermactive-acti-repair-smoothing-cream-200ml-4631340.jpg?v=1762435562,https://cdn.shopify.com/s/files/1/0566/6779/9603/files/dermactive-acti-repair-smoothing-cream-200ml-4631340.jpg?v=1762435562,skin-care
599.0,EGP,Eveline,Home > العناية بالبشرة > كريم ديرماكتيف أكتي ريبير لتنعيم البشرة 200 مل > Back to العناية بالبشرة > كريم ايفلين المرطب للغاية ٥٠ مل,in stock,https://aldawaaegy.com/ar/collections/skin-care/products/eveline-serum-shot-6ceramides-vit-b12-30ml,https://cdn.shopify.com/s/files/1/0566/6779/9603/files/eveline-serum-shot-6ceramides-vitb12-30ml-7029226.jpg?v=1762435420,https://cdn.shopify.com/s/files/1/0566/6779/9603/files/eveline-serum-shot-6ceramides-vitb12-30ml-7029226.jpg?v=1762435420,skin-care
499.0,EGP,Eveline,Home > العناية بالبشرة > سيروم ايفلين شوت 6 سيراميدات وفيتامين ب12 30 مل > Back to العناية بالبشرة > تونر إيفلين كلين شوت هيدرولات 150 مل,in stock,https://aldawaaegy.com/ar/collections/skin-care/products/eveline-cream-shot-ultra-moisturizing-50ml,https://cdn.shopify.com/s/files/1/0566/6779/9603/files/eveline-cream-shot-ultra-moisturizing-50ml-3594252.jpg?v=1762435414,https://cdn.shopify.com/s/files/1/0566/6779/9603/files/eveline-cream-shot-ultra-moisturizing-50ml-3594252.jpg?v=1762435414,skin-care
299.0,EGP,Eveline,Home > العناية بالبشرة > كريم ايفلين المرطب للغاية ٥٠ مل > Back to العناية بالبشرة > زيت الجوجوبا الأفريقي الخام 75 جرام,in stock,https://aldawaaegy.com/ar/collections/skin-care/products/eveline-clean-shot-toner-hydrolat-150ml,https://cdn.shopify.com/s/files/1/0566/6779/9603/files/eveline-clean-shot-toner-hydrolat-150ml-2242990.jpg?v=1762435696,https://cdn.shopify.com/s/files/1/0566/6779/9603/files/eveline-clean-shot-toner-hydrolat-150ml-2242990.jpg?v=1762435696,skin-care
115.0,EGP,Raw African,Home > العناية بالبشرة > تونر إيفلين كلين شوت هيدرولات 150 مل > Back to العناية بالبشرة > سيروم حمض الهيالورونيك من دكتور راشيل 100 مل,sold out,https://aldawaaegy.com/ar/collections/skin-care/products/raw-african-jojoba-oil-75gm,https://cdn.shopify.com/s/files/1/0566/6779/9603/files/raw-african-jojoba-oil-75gm-8415081.png?v=1762436485,https://cdn.shopify.com/s/files/1/0566/6779/9603/files/raw-african-jojoba-oil-75gm-8415081.png?v=1762436485,skin-care
266.0,EGP,Dr.Rashel,Home > العناية بالبشرة > زيت الجوجوبا الأفريقي الخام 75 جرام > Back to العناية بالبشرة > رغوة التنظيف الحميمة من ستارفيل للنساء 150 مل,sold out,https://aldawaaegy.com/ar/collections/skin-care/products/dr-rashel-hyaluronic-acid-serum100ml,https://cdn.shopify.com/s/files/1/0566/6779/9603/files/drrashel-hyaluronic-acid-serum100ml-3987658.png?v=1762436151,https://cdn.shopify.com/s/files/1/0566/6779/9603/files/drrashel-hyaluronic-acid-serum100ml-3987658.png?v=1762436151,skin-care
230.0,EGP,Starville,Home > العناية بالبشرة > سيروم حمض الهيالورونيك من دكتور راشيل 100 مل > Back to العناية بالبشرة > ستارفيل رول اون برائحة لؤلؤة الشرق 60 مل,in stock,https://aldawaaegy.com/ar/collections/skin-care/products/starville-femme-intimate-cleansing-foam-hydrate-150ml,https://cdn.shopify.com/s/files/1/0566/6779/9603/files/starville-femme-intimate-cleansing-foam-hydrate-150ml-5617912.png?v=1762435807,https://cdn.shopify.com/s/files/1/0566/6779/9603/files/starville-femme-intimate-cleansing-foam-hydrate-150ml-5617912.png?v=1762435807,skin-care
130.01,EGP,Starville,Home > العناية بالبشرة > رغوة التنظيف الحميمة من ستارفيل للنساء 150 مل > Back to العناية بالبشرة > سيروم حمض الهيالورونيك من ستارفيل 30 مل,in stock,https://aldawaaegy.com/ar/collections/skin-care/products/starville-roll-on-orient-pearl-scent-60ml,https://cdn.shopify.com/s/files/1/0566/6779/9603/files/starville-roll-on-orient-pearl-scent-60ml-1672020.png?v=1762435724,https://cdn.shopify.com/s/files/1/0566/6779/9603/files/starville-roll-on-orient-pearl-scent-60ml-1672020.png?v=1762435724,skin-care
290.0,EGP,Starville,Home > العناية بالبشرة > ستارفيل رول اون برائحة لؤلؤة الشرق 60 مل > Back to العناية بالبشرة > رذاذ الجسم تيلوفيل باللون الوردي 250 مل,in stock,https://aldawaaegy.com/ar/collections/skin-care/products/starville-hyaluronic-acid-serum-30ml,https://cdn.shopify.com/s/files/1/0566/6779/9603/files/starville-hyaluronic-acid-serum-30ml-9276142.png?v=1762436730,https://cdn.shopify.com/s/files/1/0566/6779/9603/files/starville-hyaluronic-acid-serum-30ml-9276142.png?v=1762436730,skin-care
280.0,EGP,Telofill,Home > العناية بالبشرة > سيروم حمض الهيالورونيك من ستارفيل 30 مل > Back to العناية بالبشرة > مقشر الجسم تيلوفيل كاندي لاش 250 مل,in stock,https://aldawaaegy.com/ar/collections/skin-care/products/telofill-body-mist-pink-blush-250ml,https://cdn.shopify.com/s/files/1/0566/6779/9603/files/telofill-body-mist-pink-blush-250ml-8333031.jpg?v=1762436003,https://cdn.shopify.com/s/files/1/0566/6779/9603/files/telofill-body-mist-pink-blush-250ml-8333031.jpg?v=1762436003,skin-care
300.0,EGP,Telofill,Home > العناية بالبشرة > رذاذ الجسم تيلوفيل باللون الوردي 250 مل > Back to العناية بالبشرة > مقشر الجسم تيلوفيل بالحليب والعسل 250 مل,in stock,https://aldawaaegy.com/ar/collections/skin-care/products/telofill-body-scrub-candy-lush-250ml,https://cdn.shopify.com/s/files/1/0566/6779/9603/files/telofill-body-scrub-candy-lush-250ml-5681485.jpg?v=1762436149,https://cdn.shopify.com/s/files/1/0566/6779/9603/files/telofill-body-scrub-candy-lush-250ml-5681485.jpg?v=1762436149,skin-care
260.0,EGP,Telofill,Home > العناية بالبشرة > مقشر الجسم تيلوفيل كاندي لاش 250 مل > Back to العناية بالبشرة > لوشن الجسم تيلوفيل كاندي لاش 250 مل,in stock,https://aldawaaegy.com/ar/collections/skin-care/products/telofill-body-scrub-milk-honey-250ml,https://cdn.shopify.com/s/files/1/0566/6779/9603/files/telofill-body-scrub-milkhoney-250ml-8855004.jpg?v=1762435917,https://cdn.shopify.com/s/files/1/0566/6779/9603/files/telofill-body-scrub-milkhoney-250ml-8855004.jpg?v=1762435917,skin-care
300.0,EGP,Telofill,Home > العناية بالبشرة > مقشر الجسم تيلوفيل بالحليب والعسل 250 مل > Back to العناية بالبشرة > لوشن الجسم تيلوفيل بالحليب والعسل 250 مل,in stock,https://aldawaaegy.com/ar/collections/skin-care/products/telofill-body-lotion-candy-lush-250ml,https://cdn.shopify.com/s/files/1/0566/6779/9603/files/telofill-body-lotion-candy-lush-250ml-5996343.jpg?v=1762436040,https://cdn.shopify.com/s/files/1/0566/6779/9603/files/telofill-body-lotion-candy-lush-250ml-5996343.jpg?v=1762436040,skin-care
300.0,EGP,Telofill,Home > العناية بالبشرة > لوشن الجسم تيلوفيل كاندي لاش 250 مل > Back to العناية بالبشرة > لوشن الجسم تيلوفيل برائحة التوت 250 مل,in stock,https://aldawaaegy.com/ar/collections/skin-care/products/telofill-body-lotion-milk-honey-250ml,https://cdn.shopify.com/s/files/1/0566/6779/9603/files/telofill-body-lotion-milkhoney-250ml-3315128.jpg?v=1762436724,https://cdn.shopify.com/s/files/1/0566/6779/9603/files/telofill-body-lotion-milkhoney-250ml-3315128.jpg?v=1762436724,skin-care
300.0,EGP,Telofill,Home > العناية بالبشرة > لوشن الجسم تيلوفيل بالحليب والعسل 250 مل > Back to العناية بالبشرة > ذا اورديناري ريسفيراترول 3% وحمض 3% 30 مل,in stock,https://aldawaaegy.com/ar/collections/skin-care/products/telofill-body-lotion-very-berry-250ml,https://cdn.shopify.com/s/files/1/0566/6779/9603/files/telofill-body-lotion-very-berry-250ml-7446361.jpg?v=1762436478,https://cdn.shopify.com/s/files/1/0566/6779/9603/files/telofill-body-lotion-very-berry-250ml-7446361.jpg?v=1762436478,skin-care
600.0,EGP,THE ORDINARY,Home > العناية بالبشرة > لوشن الجسم تيلوفيل برائحة التوت 250 مل > Back to العناية بالبشرة > كونسيلر فويلا SPF30+ فاتح,sold out,https://aldawaaegy.com/ar/collections/skin-care/products/the-ordinary-resveratrol3-acid3-30ml,https://cdn.shopify.com/s/files/1/0566/6779/9603/files/the-ordinary-resveratrol3acid3-30ml-9273880.jpg?v=1762438061,https://cdn.shopify.com/s/files/1/0566/6779/9603/files/the-ordinary-resveratrol3acid3-30ml-9273880.jpg?v=1762438061,skin-care
190.0,EGP,Voila,Home > العناية بالبشرة > ذا اورديناري ريسفيراترول 3% وحمض 3% 30 مل > Back to العناية بالبشرة > في أورثو 30 كبسولة,in stock,https://aldawaaegy.com/ar/collections/skin-care/products/voila-concealer-spf30-light,https://cdn.shopify.com/s/files/1/0566/6779/9603/files/voila-concealer-spf30-light-5313200.png?v=1762436700,https://cdn.shopify.com/s/files/1/0566/6779/9603/files/voila-concealer-spf30-light-5313200.png?v=1762436700,skin-care
224.0,EGP,Veexia,Home > العناية بالبشرة > كونسيلر فويلا SPF30+ فاتح > Back to العناية بالبشرة > سيروم SKINSIDE بحمض الهيالورونيك وفيتامين B5 25 مل,in stock,https://aldawaaegy.com/ar/collections/skin-care/products/vee-ortho-30-cap,https://cdn.shopify.com/s/files/1/0566/6779/9603/files/vee-ortho-30-cap-7539513.jpg?v=1764266767,https://cdn.shopify.com/s/files/1/0566/6779/9603/files/vee-ortho-30-cap-7539513.jpg?v=1764266767,skin-care
440.0,EGP,SKINSIDE,Home > العناية بالبشرة > في أورثو 30 كبسولة > Back to العناية بالبشرة > بيونكس رينسادرم لإصلاح البشرة والتحكم في الدهون 30 مل,in stock,https://aldawaaegy.com/ar/collections/skin-care/products/skinside-hyaluronic-acid-vit-b5-serum-25ml,https://cdn.shopify.com/s/files/1/0566/6779/9603/files/skinside-replump-booster-serum-hyaluronic-acid-25ml-9069026.jpg?v=1762436611,https://cdn.shopify.com/s/files/1/0566/6779/9603/files/skinside-replump-booster-serum-hyaluronic-acid-25ml-9069026.jpg?v=1762436611,skin-care
455.0,EGP,BIONNEX,Home > العناية بالبشرة > سيروم SKINSIDE بحمض الهيالورونيك وفيتامين B5 25 مل > Back to العناية بالبشرة > انظر إلى حلوى رول أون المضاءة 1+1 خصم,in stock,https://aldawaaegy.com/ar/collections/skin-care/products/bionnex-rensaderm-repairing-sebum-control-30ml,https://cdn.shopify.com/s/files/1/0566/6779/9603/files/bionnex-rensaderm-repairingsebum-control-30ml-4690266.jpg?v=1762438974,https://cdn.shopify.com/s/files/1/0566/6779/9603/files/bionnex-rensaderm-repairingsebum-control-30ml-4690266.jpg?v=1762438974,skin-care
220.0,EGP,SEE LIT,"Home > العناية بالبشرة > بيونكس رينسادرم لإصلاح البشرة والتحكم في الدهون 30 مل > Back to العناية بالبشرة > جل التنظيف هيدرينسا
 200مل",sold out,https://aldawaaegy.com/ar/collections/skin-care/products/see-lit-roll-on-candy-1-1-off,https://cdn.shopify.com/s/files/1/0566/6779/9603/files/see-lit-roll-on-candy-11-off-5545197.jpg?v=1762438644,https://cdn.shopify.com/s/files/1/0566/6779/9603/files/see-lit-roll-on-candy-11-off-5545197.jpg?v=1762438644,skin-care
116.25,EGP,Bio Stream,Home > العناية بالبشرة > انظر إلى حلوى رول أون المضاءة 1+1 خصم > Back to العناية بالبشرة > سيروم الريتينول من كولاجرا 30 مل,in stock,https://aldawaaegy.com/ar/collections/skin-care/products/hydrensa-cleansing-gel-200ml,https://cdn.shopify.com/s/files/1/0566/6779/9603/files/kolagra-hydrensa-cleansing-gel-200ml-9465440.jpg?v=1762437430,https://cdn.shopify.com/s/files/1/0566/6779/9603/files/kolagra-hydrensa-cleansing-gel-200ml-9465440.jpg?v=1762437430,skin-care
234.5,EGP,Bio Stream,"Home > العناية بالبشرة > جل التنظيف هيدرينسا
 200مل > Back to العناية بالبشرة > مجموعة كولاجرا صن السرية الترويجية (رول أون بيري 3*1 + كريم جل واقي من الشمس)",in stock,https://aldawaaegy.com/ar/collections/skin-care/products/kolagra-retinol-serum-30ml,https://cdn.shopify.com/s/files/1/0566/6779/9603/files/kolagra-retinol-serum-a30ml-4940597.jpg?v=1762437032,https://cdn.shopify.com/s/files/1/0566/6779/9603/files/kolagra-retinol-serum-a30ml-4940597.jpg?v=1762437032,skin-care
289.0,EGP,Bio Stream,Home > العناية بالبشرة > سيروم الريتينول من كولاجرا 30 مل > Back to العناية بالبشرة > عرض كولاجرا لغسول تبييض البكيني 200 مل 1 + 1 مجانًا,in stock,https://aldawaaegy.com/ar/collections/skin-care/products/kolagra-sun-secret-promo-pack-roll-on-berry-3-1-sunscreen-gel-cream,https://cdn.shopify.com/s/files/1/0566/6779/9603/files/kolagra-sun-screen-gelroll-berry-promopack-7554555.jpg?v=1762436972,https://cdn.shopify.com/s/files/1/0566/6779/9603/files/kolagra-sun-screen-gelroll-berry-promopack-7554555.jpg?v=1762436972,skin-care
219.0,EGP,Bio Stream,Home > العناية بالبشرة > مجموعة كولاجرا صن السرية الترويجية (رول أون بيري 3*1 + كريم جل واقي من الشمس) > Back to العناية بالبشرة > لوشن ديرماكتيف سولير بعامل حماية من أشعة الشمس SPF50 للأطفال 125 مل,in stock,https://aldawaaegy.com/ar/collections/skin-care/products/kolagra-offer-bikini-whitening-wash-200ml-1-1-free,https://cdn.shopify.com/s/files/1/0566/6779/9603/files/kolagra-bikini-whitening-wash-200ml-11-offer-3524367.jpg?v=1762436959,https://cdn.shopify.com/s/files/1/0566/6779/9603/files/kolagra-bikini-whitening-wash-200ml-11-offer-3524367.jpg?v=1762436959,skin-care
369.0,EGP,Dermactive,Home > العناية بالبشرة > عرض كولاجرا لغسول تبييض البكيني 200 مل 1 + 1 مجانًا > Back to العناية بالبشرة > كريم ديرماكتيف أكتي سولير الملون بعامل حماية من أشعة الشمس 50 50 مل,in stock,https://aldawaaegy.com/ar/collections/skin-care/products/dermactive-solaire-lotion-spf50-kids-spray-125ml,https://cdn.shopify.com/s/files/1/0566/6779/9603/files/dermactive-solaire-lotion-spf50-kids-spray-125ml-3806030.jpg?v=1762437515,https://cdn.shopify.com/s/files/1/0566/6779/9603/files/dermactive-solaire-lotion-spf50-kids-spray-125ml-3806030.jpg?v=1762437515,skin-care
279.0,EGP,Dermactive,Home > العناية بالبشرة > لوشن ديرماكتيف سولير بعامل حماية من أشعة الشمس SPF50 للأطفال 125 مل > Back to العناية بالبشرة > سيروم شوت 3X لاستعادة الكولاجين من إيفلين كوزماتيكس، 30 مل,in stock,https://aldawaaegy.com/ar/collections/skin-care/products/dermactive-acti-solaire-melting-tinted-cream-spf-50-50ml,https://cdn.shopify.com/s/files/1/0566/6779/9603/files/dermactive-acti-solaire-melting-tinted-cream-spf-50-50ml-7572370.jpg?v=1762436850,https://cdn.shopify.com/s/files/1/0566/6779/9603/files/dermactive-acti-solaire-melting-tinted-cream-spf-50-50ml-7572370.jpg?v=1762436850,skin-care
599.0,EGP,Eveline,Home > العناية بالبشرة > كريم ديرماكتيف أكتي سولير الملون بعامل حماية من أشعة الشمس 50 50 مل > Back to العناية بالبشرة > كولانوج ألترا – منظف الوجه 200 مل,in stock,https://aldawaaegy.com/ar/collections/skin-care/products/eveline-cosmetics-serum-shot-3x-collagen-restoration-30ml,https://cdn.shopify.com/s/files/1/0566/6779/9603/files/eveline-serum-shot-3x-kolagen-30ml-7142705.jpg?v=1762436845,https://cdn.shopify.com/s/files/1/0566/6779/9603/files/eveline-serum-shot-3x-kolagen-30ml-7142705.jpg?v=1762436845,skin-care
225.0,EGP,KOLANOG,Home > العناية بالبشرة > سيروم شوت 3X لاستعادة الكولاجين من إيفلين كوزماتيكس، 30 مل > Back to العناية بالبشرة > كريم فيتابلي لعلاج حب الشباب 40 جرام,sold out,https://aldawaaegy.com/ar/collections/skin-care/products/kolanog-ultra-facial-cleanser-200ml,https://cdn.shopify.com/s/files/1/0566/6779/9603/files/kolanog-facial-wash-sensitive-200ml-4926412.webp?v=1762440459,https://cdn.shopify.com/s/files/1/0566/6779/9603/files/kolanog-facial-wash-sensitive-200ml-4926412.webp?v=1762440459,skin-care
150.0,EGP,VETAPLY,Home > العناية بالبشرة > كولانوج ألترا – منظف الوجه 200 مل > Back to العناية بالبشرة > سيروم سي ليت إنتنس 30 مل,in stock,https://aldawaaegy.com/ar/collections/skin-care/products/vetaply-acne-cream-40gm,https://cdn.shopify.com/s/files/1/0566/6779/9603/files/vetaply-acne-skin-care-cream-40gm-9026552.png?v=1762437100,https://cdn.shopify.com/s/files/1/0566/6779/9603/files/vetaply-acne-skin-care-cream-40gm-9026552.png?v=1762437100,skin-care
349.0,EGP,SEE LIT,Home > العناية بالبشرة > كريم فيتابلي لعلاج حب الشباب 40 جرام > Back to العناية بالبشرة > رغوة ميسيلار أكتي-جلو من ديرماكتيف 150 مل,in stock,https://aldawaaegy.com/ar/collections/skin-care/products/see-lit-intense-serum-30ml,https://cdn.shopify.com/s/files/1/0566/6779/9603/files/see-lit-intense-serum-30ml-8084776.webp?v=1762437808,https://cdn.shopify.com/s/files/1/0566/6779/9603/files/see-lit-intense-serum-30ml-8084776.webp?v=1762437808,skin-care
209.0,EGP,Dermactive,Home > العناية بالبشرة > سيروم سي ليت إنتنس 30 مل > Back to العناية بالبشرة > مصل تعزيز إشراقة البشرة ACTI-GLOW من Dermactive بحجم 30 مل,in stock,https://aldawaaegy.com/ar/collections/skin-care/products/dermactive-acti-glow-micellar-foam-150ml,https://cdn.shopify.com/s/files/1/0566/6779/9603/files/dermactive-glow-micellar-foam-150ml-5504199.png?v=1762438250,https://cdn.shopify.com/s/files/1/0566/6779/9603/files/dermactive-glow-micellar-foam-150ml-5504199.png?v=1762438250,skin-care
299.0,EGP,Dermactive,Home > العناية بالبشرة > رغوة ميسيلار أكتي-جلو من ديرماكتيف 150 مل > Back to العناية بالبشرة > كريم النهار ديرماكتيف أكتي-جلو بعامل حماية من أشعة الشمس 30+ 50 مل,in stock,https://aldawaaegy.com/ar/collections/skin-care/products/dermactive-acti-glow-radiance-booster-serum-30ml,https://cdn.shopify.com/s/files/1/0566/6779/9603/files/dermactive-glow-radiance-booster-serum-30ml-9223076.png?v=1762437509,https://cdn.shopify.com/s/files/1/0566/6779/9603/files/dermactive-glow-radiance-booster-serum-30ml-9223076.png?v=1762437509,skin-care
349.0,EGP,Dermactive,Home > العناية بالبشرة > مصل تعزيز إشراقة البشرة ACTI-GLOW من Dermactive بحجم 30 مل > Back to العناية بالبشرة > ظلال العيون ديكالو 9 ألوان وردية,in stock,https://aldawaaegy.com/ar/collections/skin-care/products/dermactive-acti-glow-day-cream-spf30-50ml,https://cdn.shopify.com/s/files/1/0566/6779/9603/files/dermactive-glow-day-cream-spf30-50ml-7772814.png?v=1762437515,https://cdn.shopify.com/s/files/1/0566/6779/9603/files/dermactive-glow-day-cream-spf30-50ml-7772814.png?v=1762437515,skin-care
375.0,EGP,Dikalu,Home > العناية بالبشرة > كريم النهار ديرماكتيف أكتي-جلو بعامل حماية من أشعة الشمس 30+ 50 مل > Back to العناية بالبشرة > ظلال العيون ديكالو 9 ألوان بني,in stock,https://aldawaaegy.com/ar/collections/skin-care/products/dikalu-eyeshadow-9-color-pink,https://cdn.shopify.com/s/files/1/0566/6779/9603/files/dikalu-eyeshadow-9-color-pink-9830909.jpg?v=1762437503,https://cdn.shopify.com/s/files/1/0566/6779/9603/files/dikalu-eyeshadow-9-color-pink-9830909.jpg?v=1762437503,skin-care
340.0,EGP,Dikalu,Home > العناية بالبشرة > ظلال العيون ديكالو 9 ألوان وردية > Back to العناية بالبشرة > هايلايتر MYHO لتفتيح البشرة,in stock,https://aldawaaegy.com/ar/collections/skin-care/products/dikalu-eyeshadow-9-color-brown,https://cdn.shopify.com/s/files/1/0566/6779/9603/files/dikalu-eyeshadow-9-color-brown-6483062.jpg?v=1762437814,https://cdn.shopify.com/s/files/1/0566/6779/9603/files/dikalu-eyeshadow-9-color-brown-6483062.jpg?v=1762437814,skin-care
300.0,EGP,MYHO,Home > العناية بالبشرة > ظلال العيون ديكالو 9 ألوان بني > Back to العناية بالبشرة > مجموعة أقلام تحديد الشفاه من بوداير، 12 قطعة,in stock,https://aldawaaegy.com/ar/collections/skin-care/products/myho-brightening-white-highlighter,https://cdn.shopify.com/s/files/1/0566/6779/9603/files/korean-whit-highligter-6868100.jpg?v=1762439958,https://cdn.shopify.com/s/files/1/0566/6779/9603/files/korean-whit-highligter-6868100.jpg?v=1762439958,skin-care
700.0,EGP,Pudaier,Home > العناية بالبشرة > هايلايتر MYHO لتفتيح البشرة > Back to العناية بالبشرة > كريم ديزار فيتامين سي وحمض الهيالورونيك لتوهج البشرة وترطيبها 50 مل,in stock,https://aldawaaegy.com/ar/collections/skin-care/products/pudaier-lip-liner-set-12pcs,https://cdn.shopify.com/s/files/1/0566/6779/9603/files/korean-lip-liner-set-12-pic-6369840.webp?v=1762441111,https://cdn.shopify.com/s/files/1/0566/6779/9603/files/korean-lip-liner-set-12-pic-6369840.webp?v=1762441111,skin-care
190.0,EGP,Disaar Beauty,Home > العناية بالبشرة > مجموعة أقلام تحديد الشفاه من بوداير، 12 قطعة > Back to العناية بالبشرة > كريم أساس ديسار فيتامين سي المبيض المقاوم للماء 50 جرام,in stock,https://aldawaaegy.com/ar/collections/skin-care/products/disaar-vitamin-c-hyal-acid-glow-mois-cream-50ml,https://cdn.shopify.com/s/files/1/0566/6779/9603/files/disaar-vitc-hyalacid-glowmois-cream-50ml-9658098.jpg?v=1762437348,https://cdn.shopify.com/s/files/1/0566/6779/9603/files/disaar-vitc-hyalacid-glowmois-cream-50ml-9658098.jpg?v=1762437348,skin-care
160.0,EGP,Disaar Beauty,Home > العناية بالبشرة > كريم ديزار فيتامين سي وحمض الهيالورونيك لتوهج البشرة وترطيبها 50 مل > Back to العناية بالبشرة > مزيل العرق الأصلي غير المعطر والمبيض 50 مل,in stock,https://aldawaaegy.com/ar/collections/skin-care/products/disaar-vitamin-c-waterproof-whitening-foundation-50g,https://cdn.shopify.com/s/files/1/0566/6779/9603/files/disaar-vit-c-waterproof-foudation-7540326.jpg?v=1762438507,https://cdn.shopify.com/s/files/1/0566/6779/9603/files/disaar-vit-c-waterproof-foudation-7540326.jpg?v=1762438507,skin-care
275.0,EGP,Vacation,Home > العناية بالبشرة > كريم أساس ديسار فيتامين سي المبيض المقاوم للماء 50 جرام > Back to العناية بالبشرة > جل مهدئ من بلو كير 50 ​​جرام,in stock,https://aldawaaegy.com/ar/collections/skin-care/products/vacation-original-unscented-whitening-deodorant-50-ml,https://cdn.shopify.com/s/files/1/0566/6779/9603/files/vacation-whitening-deodorant-original-50ml-3517922.png?v=1762437502,https://cdn.shopify.com/s/files/1/0566/6779/9603/files/vacation-whitening-deodorant-original-50ml-3517922.png?v=1762437502,skin-care
175.0,EGP,Blue Care,Home > العناية بالبشرة > مزيل العرق الأصلي غير المعطر والمبيض 50 مل > Back to العناية بالبشرة > BG VANILLA INTENSE 1+1 ROLL 50ML,in stock,https://aldawaaegy.com/ar/collections/skin-care/products/blue-care-soothing-gel-50gm,https://cdn.shopify.com/s/files/1/0566/6779/9603/files/blue-care-soothing-gel-50gm-4669560.jpg?v=1762437207,https://cdn.shopify.com/s/files/1/0566/6779/9603/files/blue-care-soothing-gel-50gm-4669560.jpg?v=1762437207,skin-care
299.0,EGP,BG,Home > العناية بالبشرة > جل مهدئ من بلو كير 50 ​​جرام > Back to العناية بالبشرة > BG AROURA INTENSE 1+1 ROLL 50ML,in stock,https://aldawaaegy.com/ar/collections/skin-care/products/bg-vanilla-intense-1-1-roll-50ml,https://cdn.shopify.com/s/files/1/0566/6779/9603/files/bg-vanilla-intense-11-roll-50ml-6961581.jpg?v=1762438660,https://cdn.shopify.com/s/files/1/0566/6779/9603/files/bg-vanilla-intense-11-roll-50ml-6961581.jpg?v=1762438660,skin-care
299.0,EGP,BG,Home > العناية بالبشرة > BG VANILLA INTENSE 1+1 ROLL 50ML > Back to العناية بالبشرة > كريم تبييض ريفلت 30 مل,sold out,https://aldawaaegy.com/ar/collections/skin-care/products/bg-aroura-intense-1-1-roll-50ml,https://cdn.shopify.com/s/files/1/0566/6779/9603/files/bg-aroura-intense-11-roll-50ml-6878923.jpg?v=1762437913,https://cdn.shopify.com/s/files/1/0566/6779/9603/files/bg-aroura-intense-11-roll-50ml-6878923.jpg?v=1762437913,skin-care
599.0,EGP,Reflet,Home > العناية بالبشرة > BG AROURA INTENSE 1+1 ROLL 50ML > Back to العناية بالبشرة > BG HYPER INTENSE رول 50 مل,in stock,https://aldawaaegy.com/ar/collections/skin-care/products/reflet-whitening-cream-30ml,https://cdn.shopify.com/s/files/1/0566/6779/9603/files/max-reflet-whit-cream-30ml-4490299.webp?v=1762439301,https://cdn.shopify.com/s/files/1/0566/6779/9603/files/max-reflet-whit-cream-30ml-4490299.webp?v=1762439301,skin-care
174.5,EGP,BG,Home > العناية بالبشرة > كريم تبييض ريفلت 30 مل > Back to العناية بالبشرة > منظف ​​الوجه FLOURISH 200 مل,in stock,https://aldawaaegy.com/ar/collections/skin-care/products/bg-hyper-intense-roll-50ml,https://cdn.shopify.com/s/files/1/0566/6779/9603/files/bg-hyper-intense-roll-50ml-2253186.jpg?v=1762437912,https://cdn.shopify.com/s/files/1/0566/6779/9603/files/bg-hyper-intense-roll-50ml-2253186.jpg?v=1762437912,skin-care
265.0,EGP,Flourish,Home > العناية بالبشرة > BG HYPER INTENSE رول 50 مل > Back to العناية بالبشرة > كريم التبييض من جديد,in stock,https://aldawaaegy.com/ar/collections/skin-care/products/flourish-facial-cleanser-200ml,https://cdn.shopify.com/s/files/1/0566/6779/9603/files/flourish-facial-cleanser-200ml-2041598.png?v=1762438645,https://cdn.shopify.com/s/files/1/0566/6779/9603/files/flourish-facial-cleanser-200ml-2041598.png?v=1762438645,skin-care
320.0,EGP,Rebirth,Home > العناية بالبشرة > منظف ​​الوجه FLOURISH 200 مل > Back to العناية بالبشرة > كريم فيل جود فور لايت لايت 50 مل,in stock,https://aldawaaegy.com/ar/collections/skin-care/products/rebirth-whitening-cream,https://cdn.shopify.com/s/files/1/0566/6779/9603/products/rebirth-whitening-cream-1401408.jpg?v=1762440988,https://cdn.shopify.com/s/files/1/0566/6779/9603/products/rebirth-whitening-cream-1401408.jpg?v=1762440988,skin-care
200.0,EGP,Feel Good,Home > العناية بالبشرة > كريم التبييض من جديد > Back to العناية بالبشرة > لاروش بوساي أنثيليوس بخاخ بمعامل حماية 50+ 200 مل,in stock,https://aldawaaegy.com/ar/collections/skin-care/products/feel-good-four-lite-light-cream-50ml,https://cdn.shopify.com/s/files/1/0566/6779/9603/products/feel-good-four-lite-light-cream-50ml-1966654.jpg?v=1762441136,https://cdn.shopify.com/s/files/1/0566/6779/9603/products/feel-good-four-lite-light-cream-50ml-1966654.jpg?v=1762441136,skin-care
1250.0,EGP,La Roche-Posay,Home > العناية بالبشرة > كريم فيل جود فور لايت لايت 50 مل > Back to العناية بالبشرة > كريم أليخون لعلاج حب الشباب للبشرة الدهنية 50 مل,in stock,https://aldawaaegy.com/ar/collections/skin-care/products/la-roche-posay-anthelios-spray-spf50-200ml,https://cdn.shopify.com/s/files/1/0566/6779/9603/products/la-roche-anthelios-spray-spf50-200ml-4760161.jpg?v=1762441306,https://cdn.shopify.com/s/files/1/0566/6779/9603/products/la-roche-anthelios-spray-spf50-200ml-4760161.jpg?v=1762441306,skin-care
180.0,EGP,Alejon,Home > العناية بالبشرة > لاروش بوساي أنثيليوس بخاخ بمعامل حماية 50+ 200 مل > Back to العناية بالبشرة > كريم التبييض أليخون 50 مل,in stock,https://aldawaaegy.com/ar/collections/skin-care/products/alejon-acne-cream-oily-skin-50ml,https://cdn.shopify.com/s/files/1/0566/6779/9603/files/alejon-acne-cream-oily-skin-50ml-4053284.png?v=1762441077,https://cdn.shopify.com/s/files/1/0566/6779/9603/files/alejon-acne-cream-oily-skin-50ml-4053284.png?v=1762441077,skin-care
320.0,EGP,Alejon,Home > العناية بالبشرة > كريم أليخون لعلاج حب الشباب للبشرة الدهنية 50 مل > Back to العناية بالبشرة > أسيليا لايف جل منظف للبشرة الجافة والحساسة 200 جم,in stock,https://aldawaaegy.com/ar/collections/skin-care/products/alejon-whitening-cr-50-ml,https://cdn.shopify.com/s/files/1/0566/6779/9603/products/alejon-whitening-cr-50-ml-5289018.webp?v=1762441603,https://cdn.shopify.com/s/files/1/0566/6779/9603/products/alejon-whitening-cr-50-ml-5289018.webp?v=1762441603,skin-care
250.0,EGP,Aselia,Home > العناية بالبشرة > كريم التبييض أليخون 50 مل > Back to العناية بالبشرة > كريم بوديوم لتقليل تمدد الجلد 200 مل,in stock,https://aldawaaegy.com/ar/collections/skin-care/products/aselia-life-cleansing-gel-dry-sensitive-skin-200gm,https://cdn.shopify.com/s/files/1/0566/6779/9603/files/aselia-life-cleansing-gel-drysensitive-skin-200gm-5551650.webp?v=1762440814,https://cdn.shopify.com/s/files/1/0566/6779/9603/files/aselia-life-cleansing-gel-drysensitive-skin-200gm-5551650.webp?v=1762440814,skin-care
326.0,EGP,Bodium,Home > العناية بالبشرة > أسيليا لايف جل منظف للبشرة الجافة والحساسة 200 جم > Back to العناية بالبشرة > ديرمانوفا صابون البابايا 100 جم,in stock,https://aldawaaegy.com/ar/collections/skin-care/products/bodium-stretch-reducing-cream-200ml,https://cdn.shopify.com/s/files/1/0566/6779/9603/files/bodium-stretch-reducing-cream-200ml-9849682.jpg?v=1762440457,https://cdn.shopify.com/s/files/1/0566/6779/9603/files/bodium-stretch-reducing-cream-200ml-9849682.jpg?v=1762440457,skin-care
130.0,EGP,Dermanova,Home > العناية بالبشرة > كريم بوديوم لتقليل تمدد الجلد 200 مل > Back to العناية بالبشرة > كريم التبييض ليكسورا إس كيه 50 مل,sold out,https://aldawaaegy.com/ar/collections/skin-care/products/dermanova-soap-papaya-100gm,https://cdn.shopify.com/s/files/1/0566/6779/9603/products/dermanova-soap-papaya-100gm-2449614.webp?v=1762441108,https://cdn.shopify.com/s/files/1/0566/6779/9603/products/dermanova-soap-papaya-100gm-2449614.webp?v=1762441108,skin-care
300.0,EGP,Lixora,Home > العناية بالبشرة > ديرمانوفا صابون البابايا 100 جم > Back to العناية بالبشرة > ميديتوبيك أكنيمد جل 75 مل,sold out,https://aldawaaegy.com/ar/collections/skin-care/products/lixora-sk-whitening-cream-50ml,https://cdn.shopify.com/s/files/1/0566/6779/9603/products/lixora-sk-whitening-cream-50ml-1385020.webp?v=1762440678,https://cdn.shopify.com/s/files/1/0566/6779/9603/products/lixora-sk-whitening-cream-50ml-1385020.webp?v=1762440678,skin-care
788.0,EGP,Meditopic,Home > العناية بالبشرة > كريم التبييض ليكسورا إس كيه 50 مل > Back to العناية بالبشرة > لوشن سيباكلار تونيك 200 مل,sold out,https://aldawaaegy.com/ar/collections/skin-care/products/meditopic-acnimed-gel-75ml,https://cdn.shopify.com/s/files/1/0566/6779/9603/products/meditopic-acnimed-gel-75ml-5184459.jpg?v=1762441591,https://cdn.shopify.com/s/files/1/0566/6779/9603/products/meditopic-acnimed-gel-75ml-5184459.jpg?v=1762441591,skin-care
286.0,EGP,Sebaclar,Home > العناية بالبشرة > ميديتوبيك أكنيمد جل 75 مل > Back to العناية بالبشرة > بيزلين قناع الطين للوجه 60 مل,in stock,https://aldawaaegy.com/ar/collections/skin-care/products/sebaclar-tonic-lotion-200ml,https://cdn.shopify.com/s/files/1/0566/6779/9603/files/sebaclar-tonic-lotion-200ml-9934295.jpg?v=1762441293,https://cdn.shopify.com/s/files/1/0566/6779/9603/files/sebaclar-tonic-lotion-200ml-9934295.jpg?v=1762441293,skin-care
126.0,EGP,Beesline,Home > العناية بالبشرة > لوشن سيباكلار تونيك 200 مل > Back to العناية بالبشرة > سيروم نانو تريت بالريتينول وفيتامين هـ 30 مل,in stock,https://aldawaaegy.com/ar/collections/skin-care/products/beesline-facial-mud-mask-60-ml,https://cdn.shopify.com/s/files/1/0566/6779/9603/products/beesline-facial-mud-mask-60-ml-7131006.jpg?v=1762441828,https://cdn.shopify.com/s/files/1/0566/6779/9603/products/beesline-facial-mud-mask-60-ml-7131006.jpg?v=1762441828,skin-care
539.0,EGP,Nano Treat,Home > العناية بالبشرة > بيزلين قناع الطين للوجه 60 مل > Back to العناية بالبشرة > كريم يورياج زيموس المضاد للتهيج 200 مل,in stock,https://aldawaaegy.com/ar/collections/skin-care/products/nano-treat-retinol-vit-e-serum-30ml,https://cdn.shopify.com/s/files/1/0566/6779/9603/products/nano-treat-retinolvit-e-serum-30ml-7672447.webp?v=1762439938,https://cdn.shopify.com/s/files/1/0566/6779/9603/products/nano-treat-retinolvit-e-serum-30ml-7672447.webp?v=1762439938,skin-care
1289.0,EGP,Uriage,Home > العناية بالبشرة > سيروم نانو تريت بالريتينول وفيتامين هـ 30 مل > Back to العناية بالبشرة > أفين جنتل تونر 200 مل,in stock,https://aldawaaegy.com/ar/collections/skin-care/products/uriage-xemose-anti-irritation-cream-200ml,https://cdn.shopify.com/s/files/1/0566/6779/9603/products/uriage-xemose-anti-irritation-cream-200ml-2840064.jpg?v=1762440978,https://cdn.shopify.com/s/files/1/0566/6779/9603/products/uriage-xemose-anti-irritation-cream-200ml-2840064.jpg?v=1762440978,skin-care
355.0,EGP,Avene,Home > العناية بالبشرة > كريم يورياج زيموس المضاد للتهيج 200 مل > Back to العناية بالبشرة > كريم الأظافر نوفوفان من إيه سي إم، 15 مل,sold out,https://aldawaaegy.com/ar/collections/skin-care/products/avene-gentle-toner-200-ml,https://cdn.shopify.com/s/files/1/0566/6779/9603/products/avene-gentle-toner-200-ml-4303802.jpg?v=1762441342,https://cdn.shopify.com/s/files/1/0566/6779/9603/products/avene-gentle-toner-200-ml-4303802.jpg?v=1762441342,skin-care
309.0,EGP,ACM,Home > العناية بالبشرة > أفين جنتل تونر 200 مل > Back to العناية بالبشرة > تونر الوجه أليخون 200 مل,in stock,https://aldawaaegy.com/ar/collections/skin-care/products/acm-novophane-nail-cream-15ml,https://cdn.shopify.com/s/files/1/0566/6779/9603/products/acm-novophane-nail-cream-15ml-2532522.jpg?v=1762441064,https://cdn.shopify.com/s/files/1/0566/6779/9603/products/acm-novophane-nail-cream-15ml-2532522.jpg?v=1762441064,skin-care
215.0,EGP,Alejon,Home > العناية بالبشرة > كريم الأظافر نوفوفان من إيه سي إم، 15 مل > Back to العناية بالبشرة > ايزيس نيوتون جل 150 مل,sold out,https://aldawaaegy.com/ar/collections/skin-care/products/alejon-toner-200ml,https://cdn.shopify.com/s/files/1/0566/6779/9603/products/24426_0ad7d7ea-60e7-4fe8-820e-c1ef88029574.jpg?v=1742729429,https://cdn.shopify.com/s/files/1/0566/6779/9603/products/24426_0ad7d7ea-60e7-4fe8-820e-c1ef88029574.jpg?v=1742729429,skin-care
699.0,EGP,ISISPHARMA,Home > العناية بالبشرة > تونر الوجه أليخون 200 مل > Back to العناية بالبشرة > إيزيس تين ديرم جل للبشرة الحساسة، 250 مل,in stock,https://aldawaaegy.com/ar/collections/skin-care/products/isis-neotone-gel-150-ml,https://cdn.shopify.com/s/files/1/0566/6779/9603/files/isis-neotone-gel-150-ml-7563526.jpg?v=1762440812,https://cdn.shopify.com/s/files/1/0566/6779/9603/files/isis-neotone-gel-150-ml-7563526.jpg?v=1762440812,skin-care
675.0,EGP,ISISPHARMA,Home > العناية بالبشرة > ايزيس نيوتون جل 150 مل > Back to العناية بالبشرة > ISIS UVEBLOCK SPF50+ Dry Touch Tinted 40 مل,sold out,https://aldawaaegy.com/ar/collections/skin-care/products/isis-teen-derm-gel-sensitive-250ml,https://cdn.shopify.com/s/files/1/0566/6779/9603/files/isis-teen-derm-gel-sensitive-250ml-8318552.jpg?v=1762440463,https://cdn.shopify.com/s/files/1/0566/6779/9603/files/isis-teen-derm-gel-sensitive-250ml-8318552.jpg?v=1762440463,skin-care
999.0,EGP,ISISPHARMA,Home > العناية بالبشرة > إيزيس تين ديرم جل للبشرة الحساسة، 250 مل > Back to العناية بالبشرة > ايه سي ام سيبيونكس جل SPF50 40 مل,sold out,https://aldawaaegy.com/ar/collections/skin-care/products/isis-uveblock-50-dry-touch-light-40ml,https://cdn.shopify.com/s/files/1/0566/6779/9603/files/isis-uveblock-50-dry-touch-light-40ml-5765931.jpg?v=1762439723,https://cdn.shopify.com/s/files/1/0566/6779/9603/files/isis-uveblock-50-dry-touch-light-40ml-5765931.jpg?v=1762439723,skin-care
519.0,EGP,ACM,Home > العناية بالبشرة > ISIS UVEBLOCK SPF50+ Dry Touch Tinted 40 مل > Back to العناية بالبشرة > إيزيس أوريليا هيدرات متقدمة. بي بالم 40 م,in stock,https://aldawaaegy.com/ar/collections/skin-care/products/acm-sebionex-gel-spf50-40ml,https://cdn.shopify.com/s/files/1/0566/6779/9603/products/acm-sebionex-gel-spf50-40ml-1629052.webp?v=1762440107,https://cdn.shopify.com/s/files/1/0566/6779/9603/products/acm-sebionex-gel-spf50-40ml-1629052.webp?v=1762440107,skin-care
649.0,EGP,ISISPHARMA,Home > العناية بالبشرة > ايه سي ام سيبيونكس جل SPF50 40 مل > Back to العناية بالبشرة > سيروم أليخون لمحيط العين 30 مل,sold out,https://aldawaaegy.com/ar/collections/skin-care/products/isis-urelia-advanced-hydrat-b-balm-40m,https://cdn.shopify.com/s/files/1/0566/6779/9603/files/isis-urelia-advanced-hydrat-bbalm-40m-8849667.jpg?v=1762439922,https://cdn.shopify.com/s/files/1/0566/6779/9603/files/isis-urelia-advanced-hydrat-bbalm-40m-8849667.jpg?v=1762439922,skin-care
300.0,EGP,Alejon,Home > العناية بالبشرة > إيزيس أوريليا هيدرات متقدمة. بي بالم 40 م > Back to العناية بالبشرة > ميديتوبيك سي كريم موضعي 50 مل,in stock,https://aldawaaegy.com/ar/collections/skin-care/products/alejon-eye-contour-serum-30ml,https://cdn.shopify.com/s/files/1/0566/6779/9603/products/alejon-eye-contour-serum-30ml-1743576.png?v=1762439165,https://cdn.shopify.com/s/files/1/0566/6779/9603/products/alejon-eye-contour-serum-30ml-1743576.png?v=1762439165,skin-care
988.0,EGP,Meditopic,Home > العناية بالبشرة > سيروم أليخون لمحيط العين 30 مل > Back to العناية بالبشرة > فلوسلك كريم الأبيض والجمال 50 مل,sold out,https://aldawaaegy.com/ar/collections/skin-care/products/meditopic-c-topic-cream-50ml,https://cdn.shopify.com/s/files/1/0566/6779/9603/products/meditopic-c-topic-cream-50ml-8535107.jpg?v=1762440277,https://cdn.shopify.com/s/files/1/0566/6779/9603/products/meditopic-c-topic-cream-50ml-8535107.jpg?v=1762440277,skin-care
410.0,EGP,Floslek,Home > العناية بالبشرة > ميديتوبيك سي كريم موضعي 50 مل > Back to العناية بالبشرة > بيزلين العناية بالشفاه الكرز اللامع 4G,sold out,https://aldawaaegy.com/ar/collections/skin-care/products/floslek-white-and-beauty-cream-50ml,https://cdn.shopify.com/s/files/1/0566/6779/9603/products/floslek-white-and-beauty-cream-50ml-3797321.webp?v=1762440281,https://cdn.shopify.com/s/files/1/0566/6779/9603/products/floslek-white-and-beauty-cream-50ml-3797321.webp?v=1762440281,skin-care
150.0,EGP,Beesline,Home > العناية بالبشرة > فلوسلك كريم الأبيض والجمال 50 مل > Back to العناية بالبشرة > بخاخ واقي من الشمس للعطلات 200 مل,in stock,https://aldawaaegy.com/ar/collections/skin-care/products/beesline-lip-care-shimmery-cherry-4g,https://cdn.shopify.com/s/files/1/0566/6779/9603/products/beesline-lip-care-shimmery-cherry-4g-9975748.jpg?v=1762439625,https://cdn.shopify.com/s/files/1/0566/6779/9603/products/beesline-lip-care-shimmery-cherry-4g-9975748.jpg?v=1762439625,skin-care
550.0,EGP,Vacation,Home > العناية بالبشرة > بيزلين العناية بالشفاه الكرز اللامع 4G > Back to العناية بالبشرة > لوشن بخاخ واقي من الشمس بمعامل حماية 50 من آبي، 150 مل,in stock,https://aldawaaegy.com/ar/collections/skin-care/products/vacation-sun-screen-lotion-spray200ml,https://cdn.shopify.com/s/files/1/0566/6779/9603/files/vacation-sun-screen-hyaluronic-lotion-spray200ml-2128848.png?v=1762439120,https://cdn.shopify.com/s/files/1/0566/6779/9603/files/vacation-sun-screen-hyaluronic-lotion-spray200ml-2128848.png?v=1762439120,skin-care
320.0,EGP,Appe,Home > العناية بالبشرة > بخاخ واقي من الشمس للعطلات 200 مل > Back to العناية بالبشرة > لوشن فويلا صن بلوك للوجه والجسم 150 مل,sold out,https://aldawaaegy.com/ar/collections/skin-care/products/appe-spray-lotion-sunscreen-spf50-150ml,https://cdn.shopify.com/s/files/1/0566/6779/9603/products/appe-spray-lotion-sunscreen-spf50-150ml-2246501.jpg?v=1762440686,https://cdn.shopify.com/s/files/1/0566/6779/9603/products/appe-spray-lotion-sunscreen-spf50-150ml-2246501.jpg?v=1762440686,skin-care
260.0,EGP,Voila,Home > العناية بالبشرة > لوشن بخاخ واقي من الشمس بمعامل حماية 50 من آبي، 150 مل > Back to العناية بالبشرة > بي جي ميسيلار 4*1 حمض الهيالورونيك 200 مل,in stock,https://aldawaaegy.com/ar/collections/skin-care/products/voila-sun-block-face-body-lotion-150ml,https://cdn.shopify.com/s/files/1/0566/6779/9603/products/voila-sun-block-facebody-lotion-150ml-5473487.png?v=1762439348,https://cdn.shopify.com/s/files/1/0566/6779/9603/products/voila-sun-block-facebody-lotion-150ml-5473487.png?v=1762439348,skin-care
114.5,EGP,BG,Home > العناية بالبشرة > لوشن فويلا صن بلوك للوجه والجسم 150 مل > Back to العناية بالبشرة > بوباي جل واقي من الشمس بمعامل حماية من الشمس 50، هيدرو كير، 60 مل,in stock,https://aldawaaegy.com/ar/collections/skin-care/products/bg-micellar-4-1-hyaluronic-acid-200ml,https://cdn.shopify.com/s/files/1/0566/6779/9603/products/bg-micellar-41-hyaluronic-acid-200ml-4871778.jpg?v=1762438980,https://cdn.shopify.com/s/files/1/0566/6779/9603/products/bg-micellar-41-hyaluronic-acid-200ml-4871778.jpg?v=1762438980,skin-care
295.0,EGP,Bobai,Home > العناية بالبشرة > بي جي ميسيلار 4*1 حمض الهيالورونيك 200 مل > Back to العناية بالبشرة > يورياج هيسياك Spf50+ فلويد 50 مل,in stock,https://aldawaaegy.com/ar/collections/skin-care/products/bobai-sun-screen-spf-50-hydro-care-gel60ml,https://cdn.shopify.com/s/files/1/0566/6779/9603/products/bobai-sun-screen-spf-50-hydro-care-gel-60ml-6989166.jpg?v=1762439129,https://cdn.shopify.com/s/files/1/0566/6779/9603/products/bobai-sun-screen-spf-50-hydro-care-gel-60ml-6989166.jpg?v=1762439129,skin-care
1175.0,EGP,Uriage,Home > العناية بالبشرة > بوباي جل واقي من الشمس بمعامل حماية من الشمس 50، هيدرو كير، 60 مل > Back to العناية بالبشرة > بوباي جل ما بعد الشمس 200 جم,in stock,https://aldawaaegy.com/ar/collections/skin-care/products/uriage-hyseac-spf50-fluide-50ml,https://cdn.shopify.com/s/files/1/0566/6779/9603/products/uriage-hyseac-spf50-fluide-50ml-7651935.webp?v=1762439425,https://cdn.shopify.com/s/files/1/0566/6779/9603/products/uriage-hyseac-spf50-fluide-50ml-7651935.webp?v=1762439425,skin-care
250.0,EGP,Bobai,Home > العناية بالبشرة > يورياج هيسياك Spf50+ فلويد 50 مل > Back to العناية بالبشرة > كريم الوجه يورياج زيموس 40 مل,in stock,https://aldawaaegy.com/ar/collections/skin-care/products/bobai-after-sun-gel-200-gm,https://cdn.shopify.com/s/files/1/0566/6779/9603/products/bobai-after-sun-gel-200-gm-6788048.webp?v=1762439354,https://cdn.shopify.com/s/files/1/0566/6779/9603/products/bobai-after-sun-gel-200-gm-6788048.webp?v=1762439354,skin-care
785.0,EGP,Uriage,Home > العناية بالبشرة > بوباي جل ما بعد الشمس 200 جم > Back to العناية بالبشرة > يوسيرين كريم الليل 50 مل,sold out,https://aldawaaegy.com/ar/collections/skin-care/products/uriage-xemose-face-cream-40ml,https://cdn.shopify.com/s/files/1/0566/6779/9603/products/uriage-xemose-face-cream-40ml-7861494.jpg?v=1762438974,https://cdn.shopify.com/s/files/1/0566/6779/9603/products/uriage-xemose-face-cream-40ml-7861494.jpg?v=1762438974,skin-care
1739.0,EGP,Eucerin,Home > العناية بالبشرة > كريم الوجه يورياج زيموس 40 مل > Back to العناية بالبشرة > غسول الوجه فينشي 200 مل,in stock,https://aldawaaegy.com/ar/collections/skin-care/products/eucerin-even-night-cream-50ml,https://cdn.shopify.com/s/files/1/0566/6779/9603/products/eucerin-even-night-cream-50ml-3301617.jpg?v=1762439239,https://cdn.shopify.com/s/files/1/0566/6779/9603/products/eucerin-even-night-cream-50ml-3301617.jpg?v=1762439239,skin-care
175.0,EGP,Vinci,Home > العناية بالبشرة > يوسيرين كريم الليل 50 مل > Back to العناية بالبشرة > مصل الشعر فينشي 100 مل,in stock,https://aldawaaegy.com/ar/collections/skin-care/products/vinci-facial-wash-200ml,https://cdn.shopify.com/s/files/1/0566/6779/9603/products/vinci-facial-wash-200ml-5006309.jpg?v=1762440806,https://cdn.shopify.com/s/files/1/0566/6779/9603/products/vinci-facial-wash-200ml-5006309.jpg?v=1762440806,skin-care
250.0,EGP,Vinci,Home > العناية بالبشرة > غسول الوجه فينشي 200 مل > Back to العناية بالبشرة > لوريال ريفيتاليفت كريم الليل 50 مل,in stock,https://aldawaaegy.com/ar/collections/skin-care/products/vinci-hair-serum-100ml,https://cdn.shopify.com/s/files/1/0566/6779/9603/products/vinci-hair-serum-100ml-2876591.jpg?v=1762439175,https://cdn.shopify.com/s/files/1/0566/6779/9603/products/vinci-hair-serum-100ml-2876591.jpg?v=1762439175,skin-care
305.0,EGP,Loreal,Home > العناية بالبشرة > مصل الشعر فينشي 100 مل > Back to العناية بالبشرة > مقشر وقناع الشوفان المنعم اللطيف من سانت آيفز 170 جرام,sold out,https://aldawaaegy.com/ar/collections/skin-care/products/loreal-revitalift-night-cream-50-ml,https://cdn.shopify.com/s/files/1/0566/6779/9603/files/loreal-revitalift-night-cream-50-ml-3950681.jpg?v=1762438669,https://cdn.shopify.com/s/files/1/0566/6779/9603/files/loreal-revitalift-night-cream-50-ml-3950681.jpg?v=1762438669,skin-care
249.0,EGP,ST.IVES,Home > العناية بالبشرة > لوريال ريفيتاليفت كريم الليل 50 مل > Back to العناية بالبشرة > كريم إيفلين المجدد للبشرة 50 مل,sold out,https://aldawaaegy.com/ar/collections/skin-care/products/46280,https://cdn.shopify.com/s/files/1/0566/6779/9603/files/stives-gentle-smoothing-oatmeal-scrub-mask-170g-9236245.jpg?v=1762438768,https://cdn.shopify.com/s/files/1/0566/6779/9603/files/stives-gentle-smoothing-oatmeal-scrub-mask-170g-9236245.jpg?v=1762438768,skin-care
499.0,EGP,Eveline,Home > العناية بالبشرة > مقشر وقناع الشوفان المنعم اللطيف من سانت آيفز 170 جرام > Back to العناية بالبشرة > سيروم كولاجين بلسم للجسم من إيفلين 200 مل,sold out,https://aldawaaegy.com/ar/collections/skin-care/products/eveline-cream-shot-regeneration-50ml,https://cdn.shopify.com/s/files/1/0566/6779/9603/files/eveline-cream-shot-regeneration-50ml-9175977.jpg?v=1762435699,https://cdn.shopify.com/s/files/1/0566/6779/9603/files/eveline-cream-shot-regeneration-50ml-9175977.jpg?v=1762435699,skin-care
425.0,EGP,Eveline,Home > العناية بالبشرة > كريم إيفلين المجدد للبشرة 50 مل > Back to العناية بالبشرة > سيروم ايفلين بودي شوت بلسم حمض الهيالورونيك 200 مل,in stock,https://aldawaaegy.com/ar/collections/skin-care/products/eveline-body-shot-balsam-serum-collagen-200ml,https://cdn.shopify.com/s/files/1/0566/6779/9603/files/eveline-body-shot-balsam-serum-collagen-200ml-3214832.jpg?v=1762437814,https://cdn.shopify.com/s/files/1/0566/6779/9603/files/eveline-body-shot-balsam-serum-collagen-200ml-3214832.jpg?v=1762437814,skin-care
425.0,EGP,Eveline,Home > العناية بالبشرة > سيروم كولاجين بلسم للجسم من إيفلين 200 مل > Back to العناية بالبشرة > إيفلين كلين شوت رغوة تنظيف الوجه الناعمة 150 مل,in stock,https://aldawaaegy.com/ar/collections/skin-care/products/eveline-body-shot-balsam-serum-hyalu-acid-200ml,https://cdn.shopify.com/s/files/1/0566/6779/9603/files/eveline-body-shot-balsam-serum-hyalu-acid-200ml-8830818.jpg?v=1762436448,https://cdn.shopify.com/s/files/1/0566/6779/9603/files/eveline-body-shot-balsam-serum-hyalu-acid-200ml-8830818.jpg?v=1762436448,skin-care
420.0,EGP,Eveline,Home > العناية بالبشرة > سيروم ايفلين بودي شوت بلسم حمض الهيالورونيك 200 مل > Back to العناية بالبشرة > ستارفيل وايت رول مخفف الشعر 60 مل,in stock,https://aldawaaegy.com/ar/collections/skin-care/products/eveline-clean-shot-cleansing-foam-soft-face-150ml,https://cdn.shopify.com/s/files/1/0566/6779/9603/files/eveline-clean-shot-cleansing-foam-soft-face-150ml-3681646.jpg?v=1762435661,https://cdn.shopify.com/s/files/1/0566/6779/9603/files/eveline-clean-shot-cleansing-foam-soft-face-150ml-3681646.jpg?v=1762435661,skin-care
180.0,EGP,Starville,Home > العناية بالبشرة > إيفلين كلين شوت رغوة تنظيف الوجه الناعمة 150 مل > Back to العناية بالبشرة > رول تفتيح ميلاتكس 2 اصلي - 2 عنبر,in stock,https://aldawaaegy.com/ar/collections/skin-care/products/starville-whit-hair-reducer-roll-60ml,https://cdn.shopify.com/s/files/1/0566/6779/9603/products/starville-whit-hair-reducer-roll-60ml-6839431.webp?v=1762441286,https://cdn.shopify.com/s/files/1/0566/6779/9603/products/starville-whit-hair-reducer-roll-60ml-6839431.webp?v=1762441286,skin-care
268.0,EGP,Melatex,Home > العناية بالبشرة > ستارفيل وايت رول مخفف الشعر 60 مل > Back to العناية بالبشرة > كريم الشعر سترونج فيل إكسترا 120 جم NP,sold out,https://aldawaaegy.com/ar/collections/skin-care/products/melatex-lightening-roll-2-original-2-amber,https://cdn.shopify.com/s/files/1/0566/6779/9603/products/melatex-lightening-roll-2-original-2-amber-8662001.webp?v=1762440644,https://cdn.shopify.com/s/files/1/0566/6779/9603/products/melatex-lightening-roll-2-original-2-amber-8662001.webp?v=1762440644,skin-care
185.0,EGP,Strongville,Home > العناية بالبشرة > رول تفتيح ميلاتكس 2 اصلي - 2 عنبر > Back to العناية بالبشرة > مزيل العرق المضاد للتعرق تيلوفيل 80مي,sold out,https://aldawaaegy.com/ar/collections/skin-care/products/strongville-extra-hair-cream-120gm-n-p,https://cdn.shopify.com/s/files/1/0566/6779/9603/products/strongville-extra-hair-cream-120gm-np-4553008.webp?v=1762441115,https://cdn.shopify.com/s/files/1/0566/6779/9603/products/strongville-extra-hair-cream-120gm-np-4553008.webp?v=1762441115,skin-care
180.0,EGP,Telofill,Home > العناية بالبشرة > كريم الشعر سترونج فيل إكسترا 120 جم NP > Back to العناية بالبشرة > ميلاتكس رول اون اوريجنال + رول اون لافندر,sold out,https://aldawaaegy.com/ar/collections/skin-care/products/telofill-antiperspirant-deodorant-80mi,https://cdn.shopify.com/s/files/1/0566/6779/9603/products/telofill-antiperspirant-serum-deodorant-60mi-1804930.jpg?v=1762440993,https://cdn.shopify.com/s/files/1/0566/6779/9603/products/telofill-antiperspirant-serum-deodorant-60mi-1804930.jpg?v=1762440993,skin-care
169.0,EGP,Melatex,Home > العناية بالبشرة > مزيل العرق المضاد للتعرق تيلوفيل 80مي > Back to العناية بالبشرة > كريم سيباكلار للتقشير 50 ​​مل,sold out,https://aldawaaegy.com/ar/collections/skin-care/products/melatex-roll-on-original-roll-on-lavender,https://cdn.shopify.com/s/files/1/0566/6779/9603/files/melatex-roll-on-original-roll-on-lavender-9398672.jpg?v=1762438774,https://cdn.shopify.com/s/files/1/0566/6779/9603/files/melatex-roll-on-original-roll-on-lavender-9398672.jpg?v=1762438774,skin-care
286.0,EGP,Sebaclar,Home > العناية بالبشرة > ميلاتكس رول اون اوريجنال + رول اون لافندر > Back to العناية بالبشرة > وصفة إيفا للشعر الباهت 350 مل,in stock,https://aldawaaegy.com/ar/collections/skin-care/products/sebaclar-exfoliating-cream-50ml,https://cdn.shopify.com/s/files/1/0566/6779/9603/files/sebaclar-exfoliating-cream-50ml248-1024710.jpg?v=1762438638,https://cdn.shopify.com/s/files/1/0566/6779/9603/files/sebaclar-exfoliating-cream-50ml248-1024710.jpg?v=1762438638,skin-care
125.0,EGP,EVA,Home > العناية بالبشرة > كريم سيباكلار للتقشير 50 ​​مل > Back to العناية بالبشرة > وصفة إيفا بلسم للشعر التالف 350 مل,in stock,https://aldawaaegy.com/ar/collections/skin-care/products/eva-recipe-cond-for-dull-hair-350ml,https://cdn.shopify.com/s/files/1/0566/6779/9603/files/eva-recipe-cond-for-dull-hair-350ml-8295125.webp?v=1762438047,https://cdn.shopify.com/s/files/1/0566/6779/9603/files/eva-recipe-cond-for-dull-hair-350ml-8295125.webp?v=1762438047,skin-care
125.0,EGP,EVA,Home > العناية بالبشرة > وصفة إيفا للشعر الباهت 350 مل > Back to العناية بالبشرة > بلسم إيفا للشعر الضعيف 350 مل,in stock,https://aldawaaegy.com/ar/collections/skin-care/products/eva-recipe-conditioner-for-damaged-hair-350ml,https://cdn.shopify.com/s/files/1/0566/6779/9603/files/eva-recipe-conditioner-for-damaged-hair-350ml-2180267.webp?v=1762438857,https://cdn.shopify.com/s/files/1/0566/6779/9603/files/eva-recipe-conditioner-for-damaged-hair-350ml-2180267.webp?v=1762438857,skin-care
125.0,EGP,EVA,Home > العناية بالبشرة > وصفة إيفا بلسم للشعر التالف 350 مل > Back to العناية بالبشرة > وصفة إيفا للشعر الجاف 350 مل,in stock,https://aldawaaegy.com/ar/collections/skin-care/products/eva-recipe-conditioner-for-weak-hair-350ml,https://cdn.shopify.com/s/files/1/0566/6779/9603/files/eva-recipe-conditioner-for-weak-hair-350ml-7600835.webp?v=1762438029,https://cdn.shopify.com/s/files/1/0566/6779/9603/files/eva-recipe-conditioner-for-weak-hair-350ml-7600835.webp?v=1762438029,skin-care
125.0,EGP,EVA,Home > العناية بالبشرة > بلسم إيفا للشعر الضعيف 350 مل > Back to العناية بالبشرة > شامبو وصفة إيفا للشعر الباهت 350 مل,in stock,https://aldawaaegy.com/ar/collections/skin-care/products/eva-recipe-cond-for-dry-hair-350ml,https://cdn.shopify.com/s/files/1/0566/6779/9603/files/eva-recipe-cond-for-dry-hair-350ml-6479863.webp?v=1762438852,https://cdn.shopify.com/s/files/1/0566/6779/9603/files/eva-recipe-cond-for-dry-hair-350ml-6479863.webp?v=1762438852,skin-care
120.0,EGP,EVA,Home > العناية بالبشرة > وصفة إيفا للشعر الجاف 350 مل > Back to العناية بالبشرة > شامبو وصفة إيفا للشعر الجاف 350 مل,in stock,https://aldawaaegy.com/ar/collections/skin-care/products/eva-recipe-shampo-for-dull-hair-350ml,https://cdn.shopify.com/s/files/1/0566/6779/9603/files/eva-recipe-shampo-for-dull-hair-350ml-4052080.webp?v=1762437908,https://cdn.shopify.com/s/files/1/0566/6779/9603/files/eva-recipe-shampo-for-dull-hair-350ml-4052080.webp?v=1762437908,skin-care
120.0,EGP,EVA,Home > العناية بالبشرة > شامبو وصفة إيفا للشعر الباهت 350 مل > Back to العناية بالبشرة > شمعة FAVELIN المزينة بطبقة من صوص الكب كيك,in stock,https://aldawaaegy.com/ar/collections/skin-care/products/eva-recipe-shampo-for-dry-hair-350ml,https://cdn.shopify.com/s/files/1/0566/6779/9603/files/eva-recipe-shampo-for-dry-hair-350ml-6909896.webp?v=1762437906,https://cdn.shopify.com/s/files/1/0566/6779/9603/files/eva-recipe-shampo-for-dry-hair-350ml-6909896.webp?v=1762437906,skin-care
550.0,EGP,Favelin,Home > العناية بالبشرة > شامبو وصفة إيفا للشعر الجاف 350 مل > Back to العناية بالبشرة > شمعة فافيلين إنتو ذا وايلد ذات الروائح البرية,sold out,https://aldawaaegy.com/ar/collections/skin-care/products/favelin-cup-cake-glaze-candle,https://cdn.shopify.com/s/files/1/0566/6779/9603/files/favelin-cup-cake-glaze-candle-5022917.webp?v=1762438041,https://cdn.shopify.com/s/files/1/0566/6779/9603/files/favelin-cup-cake-glaze-candle-5022917.webp?v=1762438041,skin-care
550.0,EGP,Favelin,Home > العناية بالبشرة > شمعة FAVELIN المزينة بطبقة من صوص الكب كيك > Back to العناية بالبشرة > كريم الاستحمام إيفا سكين كير سينسز سمر تويست 250 مل,sold out,https://aldawaaegy.com/ar/collections/skin-care/products/favelin-into-the-wild-scenetd-candle,https://cdn.shopify.com/s/files/1/0566/6779/9603/files/favelin-into-the-wild-scenetd-candle-8708992.webp?v=1762441737,https://cdn.shopify.com/s/files/1/0566/6779/9603/files/favelin-into-the-wild-scenetd-candle-8708992.webp?v=1762441737,skin-care
100.0,EGP,Eva,Home > العناية بالبشرة > شمعة فافيلين إنتو ذا وايلد ذات الروائح البرية > Back to العناية بالبشرة > مقشر اليدين إيفا سكين كير سينسز سمر تويست 50 مل,sold out,https://aldawaaegy.com/ar/collections/skin-care/products/eva-skin-care-senses-shower-cream-summer-twist-250-ml,https://cdn.shopify.com/s/files/1/0566/6779/9603/files/eva-summer-twist-shower-cream-250-ml-5142059.webp?v=1762436684,https://cdn.shopify.com/s/files/1/0566/6779/9603/files/eva-summer-twist-shower-cream-250-ml-5142059.webp?v=1762436684,skin-care
70.0,EGP,Eva,Home > العناية بالبشرة > كريم الاستحمام إيفا سكين كير سينسز سمر تويست 250 مل > Back to العناية بالبشرة > لوشن واقي من الشمس أرجينتو بعامل حماية من الشمس SPF50، 60 مل، 1 + خصم 50%,in stock,https://aldawaaegy.com/ar/collections/skin-care/products/eva-skin-care-senses-hand-scrub-summer-twist-50-ml,https://cdn.shopify.com/s/files/1/0566/6779/9603/files/eva-summer-twist-hand-scrub-50ml-3503784.webp?v=1762438768,https://cdn.shopify.com/s/files/1/0566/6779/9603/files/eva-summer-twist-hand-scrub-50ml-3503784.webp?v=1762438768,skin-care
295.0,EGP,Argento,Home > العناية بالبشرة > مقشر اليدين إيفا سكين كير سينسز سمر تويست 50 مل > Back to العناية بالبشرة > لوشن واقي من الشمس أرجينتو بروفيت بعامل حماية من الشمس 50، 100 مل، 1+1 خصم,sold out,https://aldawaaegy.com/ar/collections/skin-care/products/argento-sun-screen-lotion-spf50-60ml-1-50-off,https://cdn.shopify.com/s/files/1/0566/6779/9603/files/argento-sun-screen-lotion-spf50-60ml-11-off-8229445.png?v=1762435696,https://cdn.shopify.com/s/files/1/0566/6779/9603/files/argento-sun-screen-lotion-spf50-60ml-11-off-8229445.png?v=1762435696,skin-care
380.0,EGP,Argento,Home > العناية بالبشرة > لوشن واقي من الشمس أرجينتو بعامل حماية من الشمس SPF50، 60 مل، 1 + خصم 50% > Back to العناية بالبشرة > لوشن واقي من الشمس أرجينتو بروفيت بعامل حماية من الشمس 50 سعة 100 مل,sold out,https://aldawaaegy.com/ar/collections/skin-care/products/argento-profit-sunscreen-lotion-spf-50-100ml1-1-off,https://cdn.shopify.com/s/files/1/0566/6779/9603/files/argento-profit-sunscreen-lotion-spf-50-100ml11-off-7365306.jpg?v=1762435724,https://cdn.shopify.com/s/files/1/0566/6779/9603/files/argento-profit-sunscreen-lotion-spf-50-100ml11-off-7365306.jpg?v=1762435724,skin-care
275.0,EGP,Argento,Home > العناية بالبشرة > لوشن واقي من الشمس أرجينتو بروفيت بعامل حماية من الشمس 50، 100 مل، 1+1 خصم > Back to العناية بالبشرة > أرجينتو لمحيط العين 30 جرام 1 + خصم 50%,in stock,https://aldawaaegy.com/ar/collections/skin-care/products/argento-profit-sunscreen-lotion-spf-50-100ml,https://cdn.shopify.com/s/files/1/0566/6779/9603/files/argento-profit-sunscreen-lotion-spf-50-100ml-8854327.jpg?v=1762437551,https://cdn.shopify.com/s/files/1/0566/6779/9603/files/argento-profit-sunscreen-lotion-spf-50-100ml-8854327.jpg?v=1762437551,skin-care
295.0,EGP,Argento,Home > العناية بالبشرة > لوشن واقي من الشمس أرجينتو بروفيت بعامل حماية من الشمس 50 سعة 100 مل > Back to العناية بالبشرة > كريم الليل أرجينتو 60 جرام 1 + 50% خصم,sold out,https://aldawaaegy.com/ar/collections/skin-care/products/argento-eye-contour-30gm-1-50-off,https://cdn.shopify.com/s/files/1/0566/6779/9603/files/argento-eye-contour-30gm-off-11-1631376.png?v=1762437433,https://cdn.shopify.com/s/files/1/0566/6779/9603/files/argento-eye-contour-30gm-off-11-1631376.png?v=1762437433,skin-care
295.0,EGP,Argento,Home > العناية بالبشرة > أرجينتو لمحيط العين 30 جرام 1 + خصم 50% > Back to العناية بالبشرة > كريم الليل أرجينتو 60 جرام,sold out,https://aldawaaegy.com/ar/collections/skin-care/products/argento-night-cream-60gm-1-50-off,https://cdn.shopify.com/s/files/1/0566/6779/9603/files/argento-night-cream-60gm-off-11-9717359.png?v=1762436959,https://cdn.shopify.com/s/files/1/0566/6779/9603/files/argento-night-cream-60gm-off-11-9717359.png?v=1762436959,skin-care
195.0,EGP,Argento,Home > العناية بالبشرة > كريم الليل أرجينتو 60 جرام 1 + 50% خصم > Back to العناية بالبشرة > كريم أرجينتو للعين 15 ملجم,in stock,https://aldawaaegy.com/ar/collections/skin-care/products/argento-night-cream-60-gm,https://cdn.shopify.com/s/files/1/0566/6779/9603/files/argento-night-cream-60-gm-4782068.jpg?v=1762436160,https://cdn.shopify.com/s/files/1/0566/6779/9603/files/argento-night-cream-60-gm-4782068.jpg?v=1762436160,skin-care
105.0,EGP,Argento,Home > العناية بالبشرة > كريم الليل أرجينتو 60 جرام > Back to العناية بالبشرة > كريم الليل أرجينتو 30 جرام,sold out,https://aldawaaegy.com/ar/collections/skin-care/products/argento-eye-15-mg-cream,https://cdn.shopify.com/s/files/1/0566/6779/9603/files/argento-eye-15-mg-cream-6252530.png?v=1762437039,https://cdn.shopify.com/s/files/1/0566/6779/9603/files/argento-eye-15-mg-cream-6252530.png?v=1762437039,skin-care
105.0,EGP,Argento,Home > العناية بالبشرة > كريم أرجينتو للعين 15 ملجم > Back to العناية بالبشرة > منظف ​​الوجه أرجينتو كلير 200 مل 1 + خصم 50%,in stock,https://aldawaaegy.com/ar/collections/skin-care/products/argento-night-cream-30-gm,https://cdn.shopify.com/s/files/1/0566/6779/9603/files/argento-night-cream-30-gm-6733316.jpg?v=1762436156,https://cdn.shopify.com/s/files/1/0566/6779/9603/files/argento-night-cream-30-gm-6733316.jpg?v=1762436156,skin-care
349.0,EGP,Argento,Home > العناية بالبشرة > كريم الليل أرجينتو 30 جرام > Back to العناية بالبشرة > قناع شد البشرة بالكولاجين من دكتور راشيل 25 جرام - 1 قطعة,in stock,https://aldawaaegy.com/ar/collections/skin-care/products/argento-clear-facial-cleanser-200ml-1-50-off,https://cdn.shopify.com/s/files/1/0566/6779/9603/files/argento-clear-facial-cleanser-200ml-off11-8048217.png?v=1762435914,https://cdn.shopify.com/s/files/1/0566/6779/9603/files/argento-clear-facial-cleanser-200ml-off11-8048217.png?v=1762435914,skin-care
45.0,EGP,Dr.Rashel,Home > العناية بالبشرة > منظف ​​الوجه أرجينتو كلير 200 مل 1 + خصم 50% > Back to العناية بالبشرة > موس التنظيف الهيالورونيك من دكتور راشيل 125 مل,sold out,https://aldawaaegy.com/ar/collections/skin-care/products/dr-rashel-collagen-firming-mask-25gm-1pcs,https://cdn.shopify.com/s/files/1/0566/6779/9603/files/drrashel-collagen-firming-mask-25gm-8989412.png?v=1762435698,https://cdn.shopify.com/s/files/1/0566/6779/9603/files/drrashel-collagen-firming-mask-25gm-8989412.png?v=1762435698,skin-care
240.0,EGP,Dr.Rashel,Home > العناية بالبشرة > قناع شد البشرة بالكولاجين من دكتور راشيل 25 جرام - 1 قطعة > Back to العناية بالبشرة > كريم جل العيون من دكتور راشيل 30 جرام,sold out,https://aldawaaegy.com/ar/collections/skin-care/products/dr-rashel-hyaluronic-cleansing-mousse-125ml,https://cdn.shopify.com/s/files/1/0566/6779/9603/files/drrashel-hyaluronic-cleansing-mousse-125ml-4204306.webp?v=1762435810,https://cdn.shopify.com/s/files/1/0566/6779/9603/files/drrashel-hyaluronic-cleansing-mousse-125ml-4204306.webp?v=1762435810,skin-care
145.0,EGP,Dr.Rashel,Home > العناية بالبشرة > موس التنظيف الهيالورونيك من دكتور راشيل 125 مل > Back to العناية بالبشرة > قناع فيتامين سي من دكتور راشيل 25 جرام 1 قطعة,sold out,https://aldawaaegy.com/ar/collections/skin-care/products/dr-rashel-eye-gel-cream-30gm,https://cdn.shopify.com/s/files/1/0566/6779/9603/files/drrashel-eye-gel-cream-30gm-9507879.png?v=1762438275,https://cdn.shopify.com/s/files/1/0566/6779/9603/files/drrashel-eye-gel-cream-30gm-9507879.png?v=1762438275,skin-care
66.0,EGP,Dr.Rashel,Home > العناية بالبشرة > كريم جل العيون من دكتور راشيل 30 جرام > Back to العناية بالبشرة > سيروم العيون الذهبي من دكتور راشيل 30 مل,sold out,https://aldawaaegy.com/ar/collections/skin-care/products/dr-rashel-vitamin-c-mask-25gm-1pcs,https://cdn.shopify.com/s/files/1/0566/6779/9603/files/drrashel-vitaminc-mask-25gm-8387716.png?v=1762437345,https://cdn.shopify.com/s/files/1/0566/6779/9603/files/drrashel-vitaminc-mask-25gm-8387716.png?v=1762437345,skin-care
125.0,EGP,Dr.Rashel,Home > العناية بالبشرة > قناع فيتامين سي من دكتور راشيل 25 جرام 1 قطعة > Back to العناية بالبشرة > قناع الصبار من دكتور راشيل 25 جرام 1 قطعة,sold out,https://aldawaaegy.com/ar/collections/skin-care/products/dr-rashel-gold-eye-serum-30ml,https://cdn.shopify.com/s/files/1/0566/6779/9603/files/drrashel-gold-eye-serum-30ml-9560083.png?v=1762436850,https://cdn.shopify.com/s/files/1/0566/6779/9603/files/drrashel-gold-eye-serum-30ml-9560083.png?v=1762436850,skin-care
66.0,EGP,Dr.Rashel,Home > العناية بالبشرة > سيروم العيون الذهبي من دكتور راشيل 30 مل > Back to العناية بالبشرة > منظف ​​الوجه بفيتامين سي من دكتور راشيل,sold out,https://aldawaaegy.com/ar/collections/skin-care/products/dr-rashel-aloe-vera-mask-25gm-1pcs,https://cdn.shopify.com/s/files/1/0566/6779/9603/files/drrashel-aloe-vera-mask-25gm-5036409.png?v=1762436618,https://cdn.shopify.com/s/files/1/0566/6779/9603/files/drrashel-aloe-vera-mask-25gm-5036409.png?v=1762436618,skin-care
175.0,EGP,Dr.Rashel,Home > العناية بالبشرة > قناع الصبار من دكتور راشيل 25 جرام 1 قطعة > Back to العناية بالبشرة > دكتور راشيل سيروم برايمر بالكولاجين 100 مل,sold out,https://aldawaaegy.com/ar/collections/skin-care/products/dr-rashel-vitamin-c-facial-cleanser,https://cdn.shopify.com/s/files/1/0566/6779/9603/files/drrashel-vitamin-c-facial-cleanser-80gm-9820936.png?v=1762437094,https://cdn.shopify.com/s/files/1/0566/6779/9603/files/drrashel-vitamin-c-facial-cleanser-80gm-9820936.png?v=1762437094,skin-care
266.0,EGP,Dr.Rashel,Home > العناية بالبشرة > منظف ​​الوجه بفيتامين سي من دكتور راشيل > Back to العناية بالبشرة > برايمر الصبار من دكتور راشيل 100 مل,sold out,https://aldawaaegy.com/ar/collections/skin-care/products/dr-rashel-collagen-primer-serum-100ml,https://cdn.shopify.com/s/files/1/0566/6779/9603/files/drrashel-collagen-primer-serum-100ml-4869708.png?v=1762435703,https://cdn.shopify.com/s/files/1/0566/6779/9603/files/drrashel-collagen-primer-serum-100ml-4869708.png?v=1762435703,skin-care
266.0,EGP,Dr.Rashel,Home > العناية بالبشرة > دكتور راشيل سيروم برايمر بالكولاجين 100 مل > Back to العناية بالبشرة > مصل الكولاجين الذهبي من ايفا,sold out,https://aldawaaegy.com/ar/collections/skin-care/products/dr-rashel-aloe-vera-primer-100ml,https://cdn.shopify.com/s/files/1/0566/6779/9603/files/drrashel-aloe-vera-primer-100ml-1524060.png?v=1762441072,https://cdn.shopify.com/s/files/1/0566/6779/9603/files/drrashel-aloe-vera-primer-100ml-1524060.png?v=1762441072,skin-care
290.0,EGP,Eva,Home > العناية بالبشرة > برايمر الصبار من دكتور راشيل 100 مل > Back to العناية بالبشرة > لوشن ستار فيل للبشرة المعرضة لحب الشباب 230 مل,sold out,https://aldawaaegy.com/ar/collections/skin-care/products/eva-gold-collagen-serum,https://cdn.shopify.com/s/files/1/0566/6779/9603/files/eva-gold-collagen-serum-30ml-6050050.jpg?v=1762436845,https://cdn.shopify.com/s/files/1/0566/6779/9603/files/eva-gold-collagen-serum-30ml-6050050.jpg?v=1762436845,skin-care
325.0,EGP,Starville,Home > العناية بالبشرة > مصل الكولاجين الذهبي من ايفا > Back to العناية بالبشرة > رغوة التنظيف الحميمة من ستارفيل للنساء 150 مل,in stock,https://aldawaaegy.com/ar/collections/skin-care/products/star-ville-acne-prone-skin-lotion-230ml,https://cdn.shopify.com/s/files/1/0566/6779/9603/files/star-ville-acne-prone-skin-lotion-230ml-6103135.png?v=1762435906,https://cdn.shopify.com/s/files/1/0566/6779/9603/files/star-ville-acne-prone-skin-lotion-230ml-6103135.png?v=1762435906,skin-care
230.0,EGP,Starville,Home > العناية بالبشرة > لوشن ستار فيل للبشرة المعرضة لحب الشباب 230 مل > Back to العناية بالبشرة > عصا تبييض ستارفيل باللون الوردي الفاتح 60 جرام,in stock,https://aldawaaegy.com/ar/collections/skin-care/products/starville-femme-intimate-cleansing-foam-refresh-150ml,https://cdn.shopify.com/s/files/1/0566/6779/9603/files/starville-femme-intimate-cleansing-foam-refresh-150ml-1561374.png?v=1762435698,https://cdn.shopify.com/s/files/1/0566/6779/9603/files/starville-femme-intimate-cleansing-foam-refresh-150ml-1561374.png?v=1762435698,skin-care
350.0,EGP,Starville,Home > العناية بالبشرة > رغوة التنظيف الحميمة من ستارفيل للنساء 150 مل > Back to العناية بالبشرة > عصا تبييض الأسنان ستارفيل برائحة اللافندر والنعمة 60 جم,in stock,https://aldawaaegy.com/ar/collections/skin-care/products/starville-whitening-stick-light-pink-60gm,,,skin-care
350.0,EGP,Starville,Home > العناية بالبشرة > عصا تبييض ستارفيل باللون الوردي الفاتح 60 جرام > Back to العناية بالبشرة > عصا ستارفيل لتبييض الأسنان بنكهة التوت الأحمر 60 جم,in stock,https://aldawaaegy.com/ar/collections/skin-care/products/starville-stick-whitening-lavender-grace-60gm,https://cdn.shopify.com/s/files/1/0566/6779/9603/files/starville-stick-whitening-lavender-grace-60gm-9218797.png?v=1762435910,https://cdn.shopify.com/s/files/1/0566/6779/9603/files/starville-stick-whitening-lavender-grace-60gm-9218797.png?v=1762435910,skin-care
350.0,EGP,Starville,Home > العناية بالبشرة > عصا تبييض الأسنان ستارفيل برائحة اللافندر والنعمة 60 جم > Back to العناية بالبشرة > جل مرطب لعلاج حب الشباب من ستارفيل 100 مل,in stock,https://aldawaaegy.com/ar/collections/skin-care/products/starville-stick-whitening-redberry-60gm,https://cdn.shopify.com/s/files/1/0566/6779/9603/files/starville-stick-whitening-redberry-60gm-8103257.png?v=1762437782,https://cdn.shopify.com/s/files/1/0566/6779/9603/files/starville-stick-whitening-redberry-60gm-8103257.png?v=1762437782,skin-care
175.0,EGP,Starville,Home > العناية بالبشرة > عصا ستارفيل لتبييض الأسنان بنكهة التوت الأحمر 60 جم > Back to العناية بالبشرة > جل مرطب للبشرة المعرضة لحب الشباب من ستارفيل بزيت شجرة الشاي 200 مل,in stock,https://aldawaaegy.com/ar/collections/skin-care/products/starville-acne-prone-hydrate-gel-100ml,https://cdn.shopify.com/s/files/1/0566/6779/9603/files/starville-acne-prone-hydrate-gel-100ml-1672350.png?v=1762435715,https://cdn.shopify.com/s/files/1/0566/6779/9603/files/starville-acne-prone-hydrate-gel-100ml-1672350.png?v=1762435715,skin-care
250.0,EGP,Starville,Home > العناية بالبشرة > جل مرطب لعلاج حب الشباب من ستارفيل 100 مل > Back to العناية بالبشرة > سعر مصل فيتامين سي من ستارفيل 30 مل (187.5 جنيه مصري),in stock,https://aldawaaegy.com/ar/collections/skin-care/products/starville-acne-prone-skin-hydratinng-gel-tea-tree-oil-200-ml,https://cdn.shopify.com/s/files/1/0566/6779/9603/files/starville-acne-prone-skin-hydratinng-gel-tea-tree-oil-200-ml-8803904.png?v=1762435802,https://cdn.shopify.com/s/files/1/0566/6779/9603/files/starville-acne-prone-skin-hydratinng-gel-tea-tree-oil-200-ml-8803904.png?v=1762435802,skin-care
187.5,EGP,Starville,Home > العناية بالبشرة > جل مرطب للبشرة المعرضة لحب الشباب من ستارفيل بزيت شجرة الشاي 200 مل > Back to العناية بالبشرة > جل منظف لحب الشباب من ستارفيل 200م (1+1*50%) عرض 187 جنيه,sold out,https://aldawaaegy.com/ar/collections/skin-care/products/starville-vitamin-c-serum-30ml-price-cut-off-187-5-l-e,https://cdn.shopify.com/s/files/1/0566/6779/9603/files/starville-vitamin-c-serum-30ml-price-cut-off-1875-le-6363660.png?v=1762436237,https://cdn.shopify.com/s/files/1/0566/6779/9603/files/starville-vitamin-c-serum-30ml-price-cut-off-1875-le-6363660.png?v=1762436237,skin-care
187.0,EGP,Starville,Home > العناية بالبشرة > سعر مصل فيتامين سي من ستارفيل 30 مل (187.5 جنيه مصري) > Back to العناية بالبشرة > كريم تبييض البشرة من ستارفيل 60 جرام عرض 1+50%,in stock,https://aldawaaegy.com/ar/collections/skin-care/products/starville-acne-prone-cleanser-gel-200m-1-1-50-offer-187-l-e,,,skin-care
195.0,EGP,Starville,Home > العناية بالبشرة > جل منظف لحب الشباب من ستارفيل 200م (1+1*50%) عرض 187 جنيه > Back to العناية بالبشرة > سيروم فيتامين سي من ستارفيل 30 مل,in stock,https://aldawaaegy.com/ar/collections/skin-care/products/starville-skin-whitenging-cream-60-gm-offer-1-50,,,skin-care
290.0,EGP,Starville,Home > العناية بالبشرة > كريم تبييض البشرة من ستارفيل 60 جرام عرض 1+50% > Back to العناية بالبشرة > سيروم فيتامين سي من ستارفيل 30 مل خصم,in stock,https://aldawaaegy.com/ar/collections/skin-care/products/starville-vitamin-c-serum-30ml,https://cdn.shopify.com/s/files/1/0566/6779/9603/files/starville-vitamin-c-serum-30ml-1723077.png?v=1762435698,https://cdn.shopify.com/s/files/1/0566/6779/9603/files/starville-vitamin-c-serum-30ml-1723077.png?v=1762435698,skin-care
220.0,EGP,Starville,Home > العناية بالبشرة > سيروم فيتامين سي من ستارفيل 30 مل > Back to العناية بالبشرة > ستارفيل أورينتال رول أون 60 مل,sold out,https://aldawaaegy.com/ar/collections/skin-care/products/starville-vitamin-c-serum-30ml-off,https://cdn.shopify.com/s/files/1/0566/6779/9603/files/starville-vitamin-c-serum-30ml-off-170-le-5904606.png?v=1762435693,https://cdn.shopify.com/s/files/1/0566/6779/9603/files/starville-vitamin-c-serum-30ml-off-170-le-5904606.png?v=1762435693,skin-care
130.0,EGP,Starville,Home > العناية بالبشرة > سيروم فيتامين سي من ستارفيل 30 مل خصم > Back to العناية بالبشرة > صابون ستارفيل لعلاج حب الشباب,sold out,https://aldawaaegy.com/ar/collections/skin-care/products/starvill-oriental-roll-on-60ml,https://cdn.shopify.com/s/files/1/0566/6779/9603/files/starvill-oriental-roll-on-60ml-7368125.png?v=1762436700,https://cdn.shopify.com/s/files/1/0566/6779/9603/files/starvill-oriental-roll-on-60ml-7368125.png?v=1762436700,skin-care
50.0,EGP,Starville,Home > العناية بالبشرة > ستارفيل أورينتال رول أون 60 مل > Back to العناية بالبشرة > ستارفيل رول أورينت بيرل 1+50% خصم,sold out,https://aldawaaegy.com/ar/collections/skin-care/products/starville-acne-prone-soap,https://cdn.shopify.com/s/files/1/0566/6779/9603/files/starville-acne-prone-soap-9871593.png?v=1762435924,https://cdn.shopify.com/s/files/1/0566/6779/9603/files/starville-acne-prone-soap-9871593.png?v=1762435924,skin-care
195.0,EGP,Starville,Home > العناية بالبشرة > صابون ستارفيل لعلاج حب الشباب > Back to العناية بالبشرة > كريم ستارفيل للبشرة المعرضة لحب الشباب 60 جرام,in stock,https://aldawaaegy.com/ar/collections/skin-care/products/starville-roll-orient-pearl-1-50-offer,,,skin-care
85.0,EGP,Starville,Home > العناية بالبشرة > ستارفيل رول أورينت بيرل 1+50% خصم > Back to العناية بالبشرة > بيوبالانس سوبر سيروم ريتينول 20 مل,in stock,https://aldawaaegy.com/ar/collections/skin-care/products/starville-acne-prone-skin-cream-60gm,https://cdn.shopify.com/s/files/1/0566/6779/9603/files/starville-acne-prone-skin-cream-60gm-4868923.png?v=1762436354,https://cdn.shopify.com/s/files/1/0566/6779/9603/files/starville-acne-prone-skin-cream-60gm-4868923.png?v=1762436354,skin-care
590.0,EGP,BIOBALANCE,Home > العناية بالبشرة > كريم ستارفيل للبشرة المعرضة لحب الشباب 60 جرام > Back to العناية بالبشرة > رذاذ الجسم تيلوفيل بيتال بارادايس 250 مل,in stock,https://aldawaaegy.com/ar/collections/skin-care/products/biobalance-super-serum-retinol-20ml,https://cdn.shopify.com/s/files/1/0566/6779/9603/files/biobalance-super-serum-retinol-20ml-8484319.webp?v=1762435921,https://cdn.shopify.com/s/files/1/0566/6779/9603/files/biobalance-super-serum-retinol-20ml-8484319.webp?v=1762435921,skin-care
280.0,EGP,Telofill,Home > العناية بالبشرة > بيوبالانس سوبر سيروم ريتينول 20 مل > Back to العناية بالبشرة > رذاذ الجسم تيلوفيل جولدن افير 250 مل,sold out,https://aldawaaegy.com/ar/collections/skin-care/products/telofill-body-mist-petal-paradise-250ml,https://cdn.shopify.com/s/files/1/0566/6779/9603/files/telofill-body-mist-petal-paradise-250ml-5029911.jpg?v=1762436242,https://cdn.shopify.com/s/files/1/0566/6779/9603/files/telofill-body-mist-petal-paradise-250ml-5029911.jpg?v=1762436242,skin-care
280.0,EGP,Telofill,Home > العناية بالبشرة > رذاذ الجسم تيلوفيل بيتال بارادايس 250 مل > Back to العناية بالبشرة > رذاذ الجسم تيلوفيل بيتشي بليس 250 مل,sold out,https://aldawaaegy.com/ar/collections/skin-care/products/telofill-body-mist-golden-affair-250ml,https://cdn.shopify.com/s/files/1/0566/6779/9603/files/telofill-body-mist-golden-affair-250ml-8387136.jpg?v=1762439654,https://cdn.shopify.com/s/files/1/0566/6779/9603/files/telofill-body-mist-golden-affair-250ml-8387136.jpg?v=1762439654,skin-care
280.0,EGP,Telofill,Home > العناية بالبشرة > رذاذ الجسم تيلوفيل جولدن افير 250 مل > Back to العناية بالبشرة > صابون حمام زيت مغربي بالياسمين 850 جرام,in stock,https://aldawaaegy.com/ar/collections/skin-care/products/telofill-body-mist-beachy-bliss-250ml,https://cdn.shopify.com/s/files/1/0566/6779/9603/files/telofill-body-mist-beachy-bliss-250ml-5109536.jpg?v=1762436011,https://cdn.shopify.com/s/files/1/0566/6779/9603/files/telofill-body-mist-beachy-bliss-250ml-5109536.jpg?v=1762436011,skin-care
352.0,EGP,MOROCCAN,Home > العناية بالبشرة > رذاذ الجسم تيلوفيل بيتشي بليس 250 مل > Back to العناية بالبشرة > زيت الشعر بانجاراس 125 مل,sold out,https://aldawaaegy.com/ar/collections/skin-care/products/moroccan-oil-bath-soap-jasmine-850gm,https://cdn.shopify.com/s/files/1/0566/6779/9603/files/moroccan-oil-bath-soap-jasmine-850gm-2572682.jpg?v=1762438211,https://cdn.shopify.com/s/files/1/0566/6779/9603/files/moroccan-oil-bath-soap-jasmine-850gm-2572682.jpg?v=1762438211,skin-care
347.0,EGP,BANJARAS,Home > العناية بالبشرة > صابون حمام زيت مغربي بالياسمين 850 جرام > Back to العناية بالبشرة > شامبو باتيست الجاف الأصلي 200 مل,in stock,https://aldawaaegy.com/ar/collections/skin-care/products/banjaras-hair-oil-125ml,https://cdn.shopify.com/s/files/1/0566/6779/9603/files/banjaras-hair-oil-125ml-5420979.jpg?v=1762436576,https://cdn.shopify.com/s/files/1/0566/6779/9603/files/banjaras-hair-oil-125ml-5420979.jpg?v=1762436576,skin-care
532.0,EGP,BATISTE,Home > العناية بالبشرة > زيت الشعر بانجاراس 125 مل > Back to العناية بالبشرة > شامبو باتيست الجاف للشعر الجاف 200 مل,sold out,https://aldawaaegy.com/ar/collections/skin-care/products/batiste-dry-shampoo-oreintal200ml,https://cdn.shopify.com/s/files/1/0566/6779/9603/files/batiste-dry-shampoo-oreintal200ml-2271113.jpg?v=1762438368,https://cdn.shopify.com/s/files/1/0566/6779/9603/files/batiste-dry-shampoo-oreintal200ml-2271113.jpg?v=1762438368,skin-care
532.0,EGP,BATISTE,Home > العناية بالبشرة > شامبو باتيست الجاف الأصلي 200 مل > Back to العناية بالبشرة > باتيست دراي ش تروبيكال 200 مل,sold out,https://aldawaaegy.com/ar/collections/skin-care/products/batiste-dry-shampoo-bare-200ml,https://cdn.shopify.com/s/files/1/0566/6779/9603/files/batiste-dry-shampoo-bare-200ml-1412050.jpg?v=1762439667,https://cdn.shopify.com/s/files/1/0566/6779/9603/files/batiste-dry-shampoo-bare-200ml-1412050.jpg?v=1762439667,skin-care
580.0,EGP,BATISTE,Home > العناية بالبشرة > شامبو باتيست الجاف للشعر الجاف 200 مل > Back to العناية بالبشرة > باتيست دراي ش الأصلي 200 مل,sold out,https://aldawaaegy.com/ar/collections/skin-care/products/batiste-dry-sh-tropical-200ml,https://cdn.shopify.com/s/files/1/0566/6779/9603/files/batiste-dry-sh-tropical-200ml-5485554.jpg?v=1762436355,https://cdn.shopify.com/s/files/1/0566/6779/9603/files/batiste-dry-sh-tropical-200ml-5485554.jpg?v=1762436355,skin-care
532.0,EGP,BATISTE,Home > العناية بالبشرة > باتيست دراي ش تروبيكال 200 مل > Back to العناية بالبشرة > باتيست دراي ش الكرز 200 مل,sold out,https://aldawaaegy.com/ar/collections/skin-care/products/batiste-dry-sh-original-200ml,https://cdn.shopify.com/s/files/1/0566/6779/9603/files/batiste-dry-sh-original-200ml-8706277.jpg?v=1762438055,https://cdn.shopify.com/s/files/1/0566/6779/9603/files/batiste-dry-sh-original-200ml-8706277.jpg?v=1762438055,skin-care
532.0,EGP,BATISTE,Home > العناية بالبشرة > باتيست دراي ش الأصلي 200 مل > Back to العناية بالبشرة > منظف ​​السكوالين العادي 50 مل,sold out,https://aldawaaegy.com/ar/collections/skin-care/products/batiste-dry-sh-cherry-200ml,https://cdn.shopify.com/s/files/1/0566/6779/9603/files/batiste-dry-sh-cherry-200ml-1707429.jpg?v=1762436699,https://cdn.shopify.com/s/files/1/0566/6779/9603/files/batiste-dry-sh-cherry-200ml-1707429.jpg?v=1762436699,skin-care
1053.0,EGP,THE ORDINARY,Home > العناية بالبشرة > باتيست دراي ش الكرز 200 مل > Back to العناية بالبشرة > مشتق من النبات العادي 30 مل,sold out,https://aldawaaegy.com/ar/collections/skin-care/products/the-ordinary-squalane-cleanser-50ml,https://cdn.shopify.com/s/files/1/0566/6779/9603/files/the-ordinary-squalane-cleanser-50ml-9627259.jpg?v=1762436686,https://cdn.shopify.com/s/files/1/0566/6779/9603/files/the-ordinary-squalane-cleanser-50ml-9627259.jpg?v=1762436686,skin-care
400.0,EGP,THE ORDINARY,Home > العناية بالبشرة > منظف ​​السكوالين العادي 50 مل > Back to العناية بالبشرة > حمض الماندليك العادي 10% HA 30 مل,sold out,https://aldawaaegy.com/ar/collections/skin-care/products/the-ordinary-plant-derived-30ml,https://cdn.shopify.com/s/files/1/0566/6779/9603/files/the-ordinary-plant-derived-30ml-5171395.jpg?v=1762438244,https://cdn.shopify.com/s/files/1/0566/6779/9603/files/the-ordinary-plant-derived-30ml-5171395.jpg?v=1762438244,skin-care
534.0,EGP,THE ORDINARY,Home > العناية بالبشرة > مشتق من النبات العادي 30 مل > Back to العناية بالبشرة > سيروم كثافة الشعر العادي 60 مل,sold out,https://aldawaaegy.com/ar/collections/skin-care/products/the-ordinary-mandelic-acid-10-ha-30ml,https://cdn.shopify.com/s/files/1/0566/6779/9603/files/the-ordinary-mandelic-acid-10-ha-30ml-7799186.jpg?v=1762436730,https://cdn.shopify.com/s/files/1/0566/6779/9603/files/the-ordinary-mandelic-acid-10-ha-30ml-7799186.jpg?v=1762436730,skin-care
900.0,EGP,THE ORDINARY,Home > العناية بالبشرة > حمض الماندليك العادي 10% HA 30 مل > Back to العناية بالبشرة > ذا اورديناري جراناكتيف ريتينويد 30 مل,in stock,https://aldawaaegy.com/ar/collections/skin-care/products/the-ordinary-hair-density-serum-60-ml,https://cdn.shopify.com/s/files/1/0566/6779/9603/files/the-ordinary-hair-density-serum-60-ml-4702455.jpg?v=1762436575,https://cdn.shopify.com/s/files/1/0566/6779/9603/files/the-ordinary-hair-density-serum-60-ml-4702455.jpg?v=1762436575,skin-care
655.0,EGP,THE ORDINARY,Home > العناية بالبشرة > سيروم كثافة الشعر العادي 60 مل > Back to العناية بالبشرة > سيروم بوفيه العادي 30 مل,sold out,https://aldawaaegy.com/ar/collections/skin-care/products/the-ordinary-granactive-retinoid-30ml,https://cdn.shopify.com/s/files/1/0566/6779/9603/files/the-ordinary-granactive-retinoid-30ml-5052332.jpg?v=1762438865,https://cdn.shopify.com/s/files/1/0566/6779/9603/files/the-ordinary-granactive-retinoid-30ml-5052332.jpg?v=1762438865,skin-care
654.0,EGP,THE ORDINARY,Home > العناية بالبشرة > ذا اورديناري جراناكتيف ريتينويد 30 مل > Back to العناية بالبشرة > الأحماض الأمينية العادية B5 30 مل,in stock,https://aldawaaegy.com/ar/collections/skin-care/products/the-ordinary-buffet-serum-30ml,https://cdn.shopify.com/s/files/1/0566/6779/9603/files/the-ordinary-buffet-serum-30ml-1680051.jpg?v=1762436730,https://cdn.shopify.com/s/files/1/0566/6779/9603/files/the-ordinary-buffet-serum-30ml-1680051.jpg?v=1762436730,skin-care
534.0,EGP,THE ORDINARY,Home > العناية بالبشرة > سيروم بوفيه العادي 30 مل > Back to العناية بالبشرة > مسحوق حمض الأسكوربيك بنسبة 100% من ذا أورديناري، 20 مل,sold out,https://aldawaaegy.com/ar/collections/skin-care/products/the-ordinary-amino-acids-b5-30ml,https://cdn.shopify.com/s/files/1/0566/6779/9603/files/the-ordinary-amino-acids-b5-30ml-1606162.jpg?v=1762436924,https://cdn.shopify.com/s/files/1/0566/6779/9603/files/the-ordinary-amino-acids-b5-30ml-1606162.jpg?v=1762436924,skin-care
720.0,EGP,THE ORDINARY,Home > العناية بالبشرة > الأحماض الأمينية العادية B5 30 مل > Back to العناية بالبشرة > زيت الجسم فازلين الكاكاو 200 مل,sold out,https://aldawaaegy.com/ar/collections/skin-care/products/the-ordinary-100-l-ascorbic-acid-powder-20ml,https://cdn.shopify.com/s/files/1/0566/6779/9603/files/the-ordinary-100-l-ascorbic-acid-powder-20ml-9592246.jpg?v=1762437194,https://cdn.shopify.com/s/files/1/0566/6779/9603/files/the-ordinary-100-l-ascorbic-acid-powder-20ml-9592246.jpg?v=1762437194,skin-care
527.0,EGP,Vaseline,Home > العناية بالبشرة > مسحوق حمض الأسكوربيك بنسبة 100% من ذا أورديناري، 20 مل > Back to العناية بالبشرة > شان كريم للبشرة 120 جم,sold out,https://aldawaaegy.com/ar/collections/skin-care/products/vaseline-body-oil-cocoa-200ml,https://cdn.shopify.com/s/files/1/0566/6779/9603/files/vaseline-body-oil-cocoa-200ml-1231888.jpg?v=1762436852,https://cdn.shopify.com/s/files/1/0566/6779/9603/files/vaseline-body-oil-cocoa-200ml-1231888.jpg?v=1762436852,skin-care
150.0,EGP,Shaan,Home > العناية بالبشرة > زيت الجسم فازلين الكاكاو 200 مل > Back to العناية بالبشرة > جل الحماية من أشعة الشمس SPF 50 من ELLYU SUN YU,sold out,https://aldawaaegy.com/ar/collections/skin-care/products/shaan-skin-cream-120gm,https://cdn.shopify.com/s/files/1/0566/6779/9603/files/shaan-skin-cream-120gm-9634208.png?v=1762436918,https://cdn.shopify.com/s/files/1/0566/6779/9603/files/shaan-skin-cream-120gm-9634208.png?v=1762436918,skin-care
330.0,EGP,SUN YU,Home > العناية بالبشرة > شان كريم للبشرة 120 جم > Back to العناية بالبشرة > لوشن فويلا المضاد لتساقط الشعر 125 مل,in stock,https://aldawaaegy.com/ar/collections/skin-care/products/ellyu-sun-yu-dry-touch-spf-gel-50,https://cdn.shopify.com/s/files/1/0566/6779/9603/files/ellyu-sun-yu-dry-touch-spf-gel-50-6246199.jpg?v=1762437702,https://cdn.shopify.com/s/files/1/0566/6779/9603/files/ellyu-sun-yu-dry-touch-spf-gel-50-6246199.jpg?v=1762437702,skin-care
260.0,EGP,Voila,Home > العناية بالبشرة > جل الحماية من أشعة الشمس SPF 50 من ELLYU SUN YU > Back to العناية بالبشرة > كونسيلر فويلا SPF30+ متوسط,in stock,https://aldawaaegy.com/ar/collections/skin-care/products/voila-anti-hair-loss-lotion-125ml,https://cdn.shopify.com/s/files/1/0566/6779/9603/files/voila-anti-hair-loss-lotion-125ml-1154899.png?v=1762438281,https://cdn.shopify.com/s/files/1/0566/6779/9603/files/voila-anti-hair-loss-lotion-125ml-1154899.png?v=1762438281,skin-care
190.0,EGP,Voila,Home > العناية بالبشرة > لوشن فويلا المضاد لتساقط الشعر 125 مل > Back to العناية بالبشرة > فويلا إنفيزيبل تاتش 3*1 رول 50 مل,in stock,https://aldawaaegy.com/ar/collections/skin-care/products/voila-concealer-spf30-medium,https://cdn.shopify.com/s/files/1/0566/6779/9603/files/voila-concealer-spf30-medium-8432993.jpg?v=1762436959,https://cdn.shopify.com/s/files/1/0566/6779/9603/files/voila-concealer-spf30-medium-8432993.jpg?v=1762436959,skin-care
155.0,EGP,Voila,Home > العناية بالبشرة > كونسيلر فويلا SPF30+ متوسط > Back to العناية بالبشرة > بخاخ واقي الشمس بلو لوتس بعامل حماية من الشمس SPF50 سعة 120 مل,in stock,https://aldawaaegy.com/ar/collections/skin-care/products/voila-invisible-touch-3-1roll-50ml,https://cdn.shopify.com/s/files/1/0566/6779/9603/files/voila-invisible-touch-31roll-50ml-8466739.png?v=1762436724,https://cdn.shopify.com/s/files/1/0566/6779/9603/files/voila-invisible-touch-31roll-50ml-8466739.png?v=1762436724,skin-care
350.0,EGP,Blue Lotus,Home > العناية بالبشرة > فويلا إنفيزيبل تاتش 3*1 رول 50 مل > Back to العناية بالبشرة > في كومبليكس 30 كبسولة,in stock,https://aldawaaegy.com/ar/collections/skin-care/products/blue-lotus-sun-screen-spf50-spray120ml,https://cdn.shopify.com/s/files/1/0566/6779/9603/files/blue-lotus-sun-screen-spf50-spray120ml-9232435.png?v=1762436851,https://cdn.shopify.com/s/files/1/0566/6779/9603/files/blue-lotus-sun-screen-spf50-spray120ml-9232435.png?v=1762436851,skin-care
147.0,EGP,Veexia,Home > العناية بالبشرة > بخاخ واقي الشمس بلو لوتس بعامل حماية من الشمس SPF50 سعة 120 مل > Back to العناية بالبشرة > في فيتامين د3 30 كبسولة,in stock,https://aldawaaegy.com/ar/collections/skin-care/products/vee-complex-30-cap,https://cdn.shopify.com/s/files/1/0566/6779/9603/files/vee-b-complex-30-cap-2934737.jpg?v=1764266766,https://cdn.shopify.com/s/files/1/0566/6779/9603/files/vee-b-complex-30-cap-2934737.jpg?v=1764266766,skin-care
147.0,EGP,Veexia,Home > العناية بالبشرة > في كومبليكس 30 كبسولة > Back to العناية بالبشرة > كبسولات في اوميجا 30,in stock,https://aldawaaegy.com/ar/collections/skin-care/products/vee-vitamin-d3-30-cap,https://cdn.shopify.com/s/files/1/0566/6779/9603/files/vee-vitamin-d3-30-cap-8097019.jpg?v=1764266768,https://cdn.shopify.com/s/files/1/0566/6779/9603/files/vee-vitamin-d3-30-cap-8097019.jpg?v=1764266768,skin-care
210.0,EGP,Veexia,Home > العناية بالبشرة > في فيتامين د3 30 كبسولة > Back to العناية بالبشرة > فيرو 30 كبسولة,in stock,https://aldawaaegy.com/ar/collections/skin-care/products/vee-omega-30-cap,https://cdn.shopify.com/s/files/1/0566/6779/9603/files/vee-omega-30-cap-7098806.jpg?v=1764266765,https://cdn.shopify.com/s/files/1/0566/6779/9603/files/vee-omega-30-cap-7098806.jpg?v=1764266765,skin-care
147.0,EGP,Veexia,Home > العناية بالبشرة > كبسولات في اوميجا 30 > Back to العناية بالبشرة > في سكين 30 كبسولة,in stock,https://aldawaaegy.com/ar/collections/skin-care/products/vee-ferro-30-cap,https://cdn.shopify.com/s/files/1/0566/6779/9603/files/vee-ferro-30-cap-2290081.jpg?v=1764266767,https://cdn.shopify.com/s/files/1/0566/6779/9603/files/vee-ferro-30-cap-2290081.jpg?v=1764266767,skin-care
238.0,EGP,Veexia,Home > العناية بالبشرة > فيرو 30 كبسولة > Back to العناية بالبشرة > مرطب ميلا بي 3 اليومي للأشعة فوق البنفسجية بعامل حماية من أشعة الشمس 30 مع ميلاسيل™ + النياسيناميد 30 مل,in stock,https://aldawaaegy.com/ar/collections/skin-care/products/vee-skin-30-caps,https://cdn.shopify.com/s/files/1/0566/6779/9603/files/vee-skin-30-caps-4559910.jpg?v=1764266767,https://cdn.shopify.com/s/files/1/0566/6779/9603/files/vee-skin-30-caps-4559910.jpg?v=1764266767,skin-care
1480.0,EGP,La Roche-Posay,Home > العناية بالبشرة > في سكين 30 كبسولة > Back to العناية بالبشرة > منظف ​​في ألور للبشرة الحساسة 200 مل,in stock,https://aldawaaegy.com/ar/collections/skin-care/products/mela-b3-uv-daily-moisturizer-spf-30-with-melasyl%E2%84%A2-niacinamide-30ml,https://cdn.shopify.com/s/files/1/0566/6779/9603/files/la-roche-mela-b3-spf30-cream-40-ml-1007519.webp?v=1762441684,https://cdn.shopify.com/s/files/1/0566/6779/9603/files/la-roche-mela-b3-spf30-cream-40-ml-1007519.webp?v=1762441684,skin-care
221.0,EGP,Veexia,Home > العناية بالبشرة > مرطب ميلا بي 3 اليومي للأشعة فوق البنفسجية بعامل حماية من أشعة الشمس 30 مع ميلاسيل™ + النياسيناميد 30 مل > Back to العناية بالبشرة > جل الحماية من الشمس SKINSIDE DRY TOUCH Niacinamide SPF50+ 50 مل,in stock,https://aldawaaegy.com/ar/collections/skin-care/products/vee-allure-cleanser-for-sensitive-skin-200ml,https://cdn.shopify.com/s/files/1/0566/6779/9603/files/vee-allure-cleanser-sensitive-skin-200ml-7826399.jpg?v=1762439431,https://cdn.shopify.com/s/files/1/0566/6779/9603/files/vee-allure-cleanser-sensitive-skin-200ml-7826399.jpg?v=1762439431,skin-care
410.0,EGP,SKINSIDE,Home > العناية بالبشرة > منظف ​​في ألور للبشرة الحساسة 200 مل > Back to العناية بالبشرة > منظف ​​تفتيح البشرة 3 في 1 بفيتامين سي من سكين سايد، 150 مل,in stock,https://aldawaaegy.com/ar/collections/skin-care/products/skinside-dry-touch-niacinamide-sun-gel-spf50-50ml,https://cdn.shopify.com/s/files/1/0566/6779/9603/files/skinside-dry-touch-sun-spf50-gel-cream-50ml-6360858.jpg?v=1762437318,https://cdn.shopify.com/s/files/1/0566/6779/9603/files/skinside-dry-touch-sun-spf50-gel-cream-50ml-6360858.jpg?v=1762437318,skin-care
345.0,EGP,SKINSIDE,Home > العناية بالبشرة > جل الحماية من الشمس SKINSIDE DRY TOUCH Niacinamide SPF50+ 50 مل > Back to العناية بالبشرة > مجموعة SPIRE لإصلاح الشعر,in stock,https://aldawaaegy.com/ar/collections/skin-care/products/skinside-3-in-1-vit-c-lightening-cleanser-150ml,https://cdn.shopify.com/s/files/1/0566/6779/9603/files/skinside-reboost-31-light-cleanser-150ml-6129387.jpg?v=1762437351,https://cdn.shopify.com/s/files/1/0566/6779/9603/files/skinside-reboost-31-light-cleanser-150ml-6129387.jpg?v=1762437351,skin-care
440.0,EGP,Spire,Home > العناية بالبشرة > منظف ​​تفتيح البشرة 3 في 1 بفيتامين سي من سكين سايد، 150 مل > Back to العناية بالبشرة > غسول الجسم سباير روزافيجن المتوازن لدرجة الحموضة 250 مل,sold out,https://aldawaaegy.com/ar/collections/skin-care/products/spire-the-hair-repair-trio,https://cdn.shopify.com/s/files/1/0566/6779/9603/files/spire-hair-repair-kit-1665817.jpg?v=1762436676,https://cdn.shopify.com/s/files/1/0566/6779/9603/files/spire-hair-repair-kit-1665817.jpg?v=1762436676,skin-care
115.5,EGP,Spire,Home > العناية بالبشرة > مجموعة SPIRE لإصلاح الشعر > Back to العناية بالبشرة > سيروم تيلوفيل لترطيب البشرة 30 مل,sold out,https://aldawaaegy.com/ar/collections/skin-care/products/spire-rosavision-ph-balancing-body-wash-250ml,https://cdn.shopify.com/s/files/1/0566/6779/9603/files/spire-shower-gel-250ml-6803613.jpg?v=1762437436,https://cdn.shopify.com/s/files/1/0566/6779/9603/files/spire-shower-gel-250ml-6803613.jpg?v=1762437436,skin-care
400.0,EGP,Telofill,Home > العناية بالبشرة > غسول الجسم سباير روزافيجن المتوازن لدرجة الحموضة 250 مل > Back to العناية بالبشرة > مزيل العرق تيلوفيل أنتي بريز رول 1+1 60 مل,in stock,https://aldawaaegy.com/ar/collections/skin-care/products/telofill-plumping-serum-30-ml,https://cdn.shopify.com/s/files/1/0566/6779/9603/files/telofill-plumping-serum-30-ml-8346254.jpg?v=1762436918,https://cdn.shopify.com/s/files/1/0566/6779/9603/files/telofill-plumping-serum-30-ml-8346254.jpg?v=1762436918,skin-care
210.0,EGP,Telofill,Home > العناية بالبشرة > سيروم تيلوفيل لترطيب البشرة 30 مل > Back to العناية بالبشرة > كريم جل واقي من الشمس تيلوفيل 60 جرام 1+1 من,sold out,https://aldawaaegy.com/ar/collections/skin-care/products/telofill-anti-pres-deodorant-roll-1-1-60ml,https://cdn.shopify.com/s/files/1/0566/6779/9603/files/telofill-anti-pres-deodorant-roll-11-60ml-4930706.jpg?v=1762441663,https://cdn.shopify.com/s/files/1/0566/6779/9603/files/telofill-anti-pres-deodorant-roll-11-60ml-4930706.jpg?v=1762441663,skin-care
350.0,EGP,Telofill,Home > العناية بالبشرة > مزيل العرق تيلوفيل أنتي بريز رول 1+1 60 مل > Back to العناية بالبشرة > كريم الوقاية من الشمس للأطفال من تيلوفيل بعامل حماية من الشمس 50+، 80 مل,in stock,https://aldawaaegy.com/ar/collections/skin-care/products/telofill-sunscreen-gel-cream-60gm-1-1-of,https://cdn.shopify.com/s/files/1/0566/6779/9603/files/telofill-sunscreen-gel-cream-60gm-11-of-3852047.jpg?v=1762436852,https://cdn.shopify.com/s/files/1/0566/6779/9603/files/telofill-sunscreen-gel-cream-60gm-11-of-3852047.jpg?v=1762436852,skin-care
165.0,EGP,Telofill,Home > العناية بالبشرة > كريم جل واقي من الشمس تيلوفيل 60 جرام 1+1 من > Back to العناية بالبشرة > لوشن الجسم تيلوفيل جاسمين بارادايس 250 مل,sold out,https://aldawaaegy.com/ar/collections/skin-care/products/telofill-sunscreen-kids-roll-on-spf-50-80ml,https://cdn.shopify.com/s/files/1/0566/6779/9603/files/telofill-sun-screen-lotion-kids-roll-80ml-5561060.jpg?v=1762437431,https://cdn.shopify.com/s/files/1/0566/6779/9603/files/telofill-sun-screen-lotion-kids-roll-80ml-5561060.jpg?v=1762437431,skin-care
250.0,EGP,Telofill,Home > العناية بالبشرة > كريم الوقاية من الشمس للأطفال من تيلوفيل بعامل حماية من الشمس 50+، 80 مل > Back to العناية بالبشرة > سي ليت سائل مضاد للبقع البنية 60 مل,in stock,https://aldawaaegy.com/ar/collections/skin-care/products/telofill-jasmine-paradise-body-lotion-250ml,https://cdn.shopify.com/s/files/1/0566/6779/9603/files/telofill-body-lotion-jasmine-250ml-8452792.jpg?v=1762436966,https://cdn.shopify.com/s/files/1/0566/6779/9603/files/telofill-body-lotion-jasmine-250ml-8452792.jpg?v=1762436966,skin-care
349.0,EGP,SEE LIT,Home > العناية بالبشرة > لوشن الجسم تيلوفيل جاسمين بارادايس 250 مل > Back to العناية بالبشرة > انظر إلى رول أون كول 1+1 خصم,in stock,https://aldawaaegy.com/ar/collections/skin-care/products/see-lit-anti-brown-spot-fluid-60-ml,https://cdn.shopify.com/s/files/1/0566/6779/9603/files/see-lit-anti-brown-spot-fluid-60-ml-6476392.webp?v=1762438660,https://cdn.shopify.com/s/files/1/0566/6779/9603/files/see-lit-anti-brown-spot-fluid-60-ml-6476392.webp?v=1762438660,skin-care
250.0,EGP,SEE LIT,Home > العناية بالبشرة > سي ليت سائل مضاد للبقع البنية 60 مل > Back to العناية بالبشرة > سي ليت لوشن واقي من الشمس 50 مل,sold out,https://aldawaaegy.com/ar/collections/skin-care/products/see-lit-roll-on-cool-1-1-off,https://cdn.shopify.com/s/files/1/0566/6779/9603/files/see-lit-roll-on-cool-11-off-8541155.jpg?v=1762437683,https://cdn.shopify.com/s/files/1/0566/6779/9603/files/see-lit-roll-on-cool-11-off-8541155.jpg?v=1762437683,skin-care
400.0,EGP,SEE LIT,Home > العناية بالبشرة > انظر إلى رول أون كول 1+1 خصم > Back to العناية بالبشرة > انظر إلى رول أون الطازج بخصم 1+1,sold out,https://aldawaaegy.com/ar/collections/skin-care/products/see-lit-sun-screen-lotion-50-ml,https://cdn.shopify.com/s/files/1/0566/6779/9603/files/see-lit-sun-screen-lotion-50-ml-9810396.webp?v=1762437039,https://cdn.shopify.com/s/files/1/0566/6779/9603/files/see-lit-sun-screen-lotion-50-ml-9810396.webp?v=1762437039,skin-care
220.0,EGP,SEE LIT,Home > العناية بالبشرة > سي ليت لوشن واقي من الشمس 50 مل > Back to العناية بالبشرة > انظر إلى رول أون عود 1+1 خصم,sold out,https://aldawaaegy.com/ar/collections/skin-care/products/see-lit-roll-on-fresh-1-1-off,https://cdn.shopify.com/s/files/1/0566/6779/9603/files/see-lit-roll-on-fresh-11-off-1027884.jpg?v=1762438251,https://cdn.shopify.com/s/files/1/0566/6779/9603/files/see-lit-roll-on-fresh-11-off-1027884.jpg?v=1762438251,skin-care
200.0,EGP,SEE LIT,Home > العناية بالبشرة > انظر إلى رول أون الطازج بخصم 1+1 > Back to العناية بالبشرة > سي ليت سيروم للأظافر 10 مل,in stock,https://aldawaaegy.com/ar/collections/skin-care/products/see-lit-roll-on-oud-1-1-off,https://cdn.shopify.com/s/files/1/0566/6779/9603/files/see-lit-roll-on-oud-11-off-6104252.jpg?v=1762438275,https://cdn.shopify.com/s/files/1/0566/6779/9603/files/see-lit-roll-on-oud-11-off-6104252.jpg?v=1762438275,skin-care
249.0,EGP,SEE LIT,Home > العناية بالبشرة > انظر إلى رول أون عود 1+1 خصم > Back to العناية بالبشرة > سي ليت لوشن حليب الجسم 150 مل,in stock,https://aldawaaegy.com/ar/collections/skin-care/products/see-lit-nail-serum-10ml,https://cdn.shopify.com/s/files/1/0566/6779/9603/files/see-lit-nail-serum-10ml-3645614.webp?v=1762437671,https://cdn.shopify.com/s/files/1/0566/6779/9603/files/see-lit-nail-serum-10ml-3645614.webp?v=1762437671,skin-care
200.0,EGP,SEE LIT,Home > العناية بالبشرة > سي ليت سيروم للأظافر 10 مل > Back to العناية بالبشرة > سيروم داكي ريتينول للبشرة 30 مل,in stock,https://aldawaaegy.com/ar/collections/skin-care/products/see-lit-body-milk-lotion-150-ml,https://cdn.shopify.com/s/files/1/0566/6779/9603/files/see-lit-body-milk-lotion-150-ml-4271900.webp?v=1762437099,https://cdn.shopify.com/s/files/1/0566/6779/9603/files/see-lit-body-milk-lotion-150-ml-4271900.webp?v=1762437099,skin-care
349.0,EGP,DAKY,Home > العناية بالبشرة > سي ليت لوشن حليب الجسم 150 مل > Back to العناية بالبشرة > منظف ​​رغوي من كولانوج 150 مل,in stock,https://aldawaaegy.com/ar/collections/skin-care/products/daky-retinol-skin-serum-30-ml,https://cdn.shopify.com/s/files/1/0566/6779/9603/files/daky-retinol-skin-serum-30-ml-6021381.webp?v=1762436965,https://cdn.shopify.com/s/files/1/0566/6779/9603/files/daky-retinol-skin-serum-30-ml-6021381.webp?v=1762436965,skin-care
299.0,EGP,KOLANOG,Home > العناية بالبشرة > سيروم داكي ريتينول للبشرة 30 مل > Back to العناية بالبشرة > عرض مصل حمض الهيالورونيك + واقي الشمس من كولاجرا 50 مل,sold out,https://aldawaaegy.com/ar/collections/skin-care/products/kolanog-foaming-cleanser-150ml,https://cdn.shopify.com/s/files/1/0566/6779/9603/files/kolanog-foaming-cleanser-150-ml-3546347.webp?v=1762437033,https://cdn.shopify.com/s/files/1/0566/6779/9603/files/kolanog-foaming-cleanser-150-ml-3546347.webp?v=1762437033,skin-care
385.0,EGP,Bio Stream,Home > العناية بالبشرة > منظف ​​رغوي من كولانوج 150 مل > Back to العناية بالبشرة > جل كريم واقي من الشمس من كولاجرا بعامل حماية 50+ + رول أون للأطفال 60 مل,sold out,https://aldawaaegy.com/ar/collections/skin-care/products/kolagra-hyaluronic-serum-sun-screen-50ml-offer,https://cdn.shopify.com/s/files/1/0566/6779/9603/files/kolagra-sunscreenhyaluronic-off-5649778.jpg?v=1762436730,https://cdn.shopify.com/s/files/1/0566/6779/9603/files/kolagra-sunscreenhyaluronic-off-5649778.jpg?v=1762436730,skin-care
279.0,EGP,Bio Stream,Home > العناية بالبشرة > عرض مصل حمض الهيالورونيك + واقي الشمس من كولاجرا 50 مل > Back to العناية بالبشرة > كريم أساس كولاجرا بعامل حماية من الشمس 30+ فاتح 30 مل,in stock,https://aldawaaegy.com/ar/collections/skin-care/products/kolagra-sun-screen-spf50-gel-cream-roll-on-kids-60ml,https://cdn.shopify.com/s/files/1/0566/6779/9603/files/bio-kolagra-sun-screen-50-roll-on-kids-60ml-2pieces-4579270.png?v=1762436856,https://cdn.shopify.com/s/files/1/0566/6779/9603/files/bio-kolagra-sun-screen-50-roll-on-kids-60ml-2pieces-4579270.png?v=1762436856,skin-care
280.0,EGP,Bio Stream,Home > العناية بالبشرة > جل كريم واقي من الشمس من كولاجرا بعامل حماية 50+ + رول أون للأطفال 60 مل > Back to العناية بالبشرة > عرض كولاجرا سيروم الذهب 24K+ كريم جل العين الذهبي 20 مل,in stock,https://aldawaaegy.com/ar/collections/skin-care/products/kolagra-makeup-foundation-spf30-light-30ml,https://cdn.shopify.com/s/files/1/0566/6779/9603/files/kolagra-found-spf30-light-30ml-5935887.jpg?v=1762436693,https://cdn.shopify.com/s/files/1/0566/6779/9603/files/kolagra-found-spf30-light-30ml-5935887.jpg?v=1762436693,skin-care
555.0,EGP,Bio Stream,Home > العناية بالبشرة > كريم أساس كولاجرا بعامل حماية من الشمس 30+ فاتح 30 مل > Back to العناية بالبشرة > كونسيلر كولاجرا ميك اب بيرفكتنج لايت,sold out,https://aldawaaegy.com/ar/collections/skin-care/products/kolagra-offer-gold-serum-24k-eye-gold-gel-cream-20-ml,https://cdn.shopify.com/s/files/1/0566/6779/9603/files/kolagra-gold-serumeye-contour-gel-2046293.jpg?v=1762437430,https://cdn.shopify.com/s/files/1/0566/6779/9603/files/kolagra-gold-serumeye-contour-gel-2046293.jpg?v=1762437430,skin-care
223.3,EGP,Bio Stream,Home > العناية بالبشرة > عرض كولاجرا سيروم الذهب 24K+ كريم جل العين الذهبي 20 مل > Back to العناية بالبشرة > تقدم كولاجرا تونر تفتيح الوجه 200 مل 1 + 1 خصم 50%,sold out,https://aldawaaegy.com/ar/collections/skin-care/products/kolagra-makeup-perfecting-concealer-light,https://cdn.shopify.com/s/files/1/0566/6779/9603/files/kolagra-concealer-light-9707699.jpg?v=1762436930,https://cdn.shopify.com/s/files/1/0566/6779/9603/files/kolagra-concealer-light-9707699.jpg?v=1762436930,skin-care
275.0,EGP,Bio Stream,Home > العناية بالبشرة > كونسيلر كولاجرا ميك اب بيرفكتنج لايت > Back to العناية بالبشرة > كونسيلر كولاجرا ميك اب بيرفكتنج متوسط,in stock,https://aldawaaegy.com/ar/collections/skin-care/products/kolagra-offer-brightening-face-toner-200ml-1-1-50-off,https://cdn.shopify.com/s/files/1/0566/6779/9603/files/kolagra-face-toner-200ml-11-off-5989843.jpg?v=1762437819,https://cdn.shopify.com/s/files/1/0566/6779/9603/files/kolagra-face-toner-200ml-11-off-5989843.jpg?v=1762437819,skin-care
223.3,EGP,Bio Stream,Home > العناية بالبشرة > تقدم كولاجرا تونر تفتيح الوجه 200 مل 1 + 1 خصم 50% > Back to العناية بالبشرة > مرطب الشفاه هيدرينسا للشفاه الجافة والمتشققة 5 جرام,in stock,https://aldawaaegy.com/ar/collections/skin-care/products/kolagra-makeup-perfecting-concealer-medium,https://cdn.shopify.com/s/files/1/0566/6779/9603/files/kolagra-concealer-medium-6535005.jpg?v=1762438036,https://cdn.shopify.com/s/files/1/0566/6779/9603/files/kolagra-concealer-medium-6535005.jpg?v=1762438036,skin-care
71.25,EGP,Bio Stream,Home > العناية بالبشرة > كونسيلر كولاجرا ميك اب بيرفكتنج متوسط > Back to العناية بالبشرة > كريم أساس كولاجرا بعامل حماية من أشعة الشمس 30+ متوسط ​​30 مل,in stock,https://aldawaaegy.com/ar/collections/skin-care/products/hydrensa-moisturizing-lip-balm-dry-and-cracked-lips-5gm,https://cdn.shopify.com/s/files/1/0566/6779/9603/files/kolagra-hydrensa-lip-balm-5gm-4075195.jpg?v=1762438218,https://cdn.shopify.com/s/files/1/0566/6779/9603/files/kolagra-hydrensa-lip-balm-5gm-4075195.jpg?v=1762438218,skin-care
280.0,EGP,Bio Stream,Home > العناية بالبشرة > مرطب الشفاه هيدرينسا للشفاه الجافة والمتشققة 5 جرام > Back to العناية بالبشرة > كولجارا تقدم سيروم فيتامين سي 1 + 1 خصم 50%,in stock,https://aldawaaegy.com/ar/collections/skin-care/products/kolagra-makeup-foundation-spf30-medium-30ml,https://cdn.shopify.com/s/files/1/0566/6779/9603/files/kolagra-foundation-spf30-medium-30ml-8144326.jpg?v=1762437551,https://cdn.shopify.com/s/files/1/0566/6779/9603/files/kolagra-foundation-spf30-medium-30ml-8144326.jpg?v=1762437551,skin-care
435.0,EGP,Bio Stream,Home > العناية بالبشرة > كريم أساس كولاجرا بعامل حماية من أشعة الشمس 30+ متوسط ​​30 مل > Back to العناية بالبشرة > كولاجرا تقدم كونسيلر طبي لمحيط العين 1 + 1 خصم 50%,in stock,https://aldawaaegy.com/ar/collections/skin-care/products/kolgara-offer-vitamin-c-serum-1-1-50-off,https://cdn.shopify.com/s/files/1/0566/6779/9603/files/kolagra-vit-c-serum-30ml-11-off-3797168.jpg?v=1762437552,https://cdn.shopify.com/s/files/1/0566/6779/9603/files/kolagra-vit-c-serum-30ml-11-off-3797168.jpg?v=1762437552,skin-care
299.0,EGP,Bio Stream,Home > العناية بالبشرة > كولجارا تقدم سيروم فيتامين سي 1 + 1 خصم 50% > Back to العناية بالبشرة > كولجارا تقدم سيروم فيتامين سي 30 مل + كريم جل واقي من الشمس,sold out,https://aldawaaegy.com/ar/collections/skin-care/products/kolagra-offer-eye-contour-medical-concealer-1-1-50-off,https://cdn.shopify.com/s/files/1/0566/6779/9603/files/kolagra-eye-contour-advance-offer-11-8091089.jpg?v=1762438036,https://cdn.shopify.com/s/files/1/0566/6779/9603/files/kolagra-eye-contour-advance-offer-11-8091089.jpg?v=1762438036,skin-care
334.0,EGP,Bio Stream,Home > العناية بالبشرة > كولاجرا تقدم كونسيلر طبي لمحيط العين 1 + 1 خصم 50% > Back to العناية بالبشرة > خافي العيوب كولاجرا ميك أب بيرفكتنج لايت 1 + 1 مجانا,in stock,https://aldawaaegy.com/ar/collections/skin-care/products/kolgara-offer-vitamin-c-serum-30-ml-sunscreen-gel-cream,https://cdn.shopify.com/s/files/1/0566/6779/9603/files/kolagra-vitc-serumsun-screen-gel-off-6186729.jpg?v=1762437220,https://cdn.shopify.com/s/files/1/0566/6779/9603/files/kolagra-vitc-serumsun-screen-gel-off-6186729.jpg?v=1762437220,skin-care
319.0,EGP,Bio Stream,Home > العناية بالبشرة > كولجارا تقدم سيروم فيتامين سي 30 مل + كريم جل واقي من الشمس > Back to العناية بالبشرة > خافي العيوب كولاجرا ميك أب بيرفكتنج متوسط ​​1 + 1 مجانًا,in stock,https://aldawaaegy.com/ar/collections/skin-care/products/kolagra-makeup-perfecting-concealer-light-1-1-free,https://cdn.shopify.com/s/files/1/0566/6779/9603/files/kolagra-concealer-light-offer-11-3273696.jpg?v=1762437505,https://cdn.shopify.com/s/files/1/0566/6779/9603/files/kolagra-concealer-light-offer-11-3273696.jpg?v=1762437505,skin-care
319.0,EGP,Bio Stream,Home > العناية بالبشرة > خافي العيوب كولاجرا ميك أب بيرفكتنج لايت 1 + 1 مجانا > Back to العناية بالبشرة > رول تبييض كولاجرا عبوة ترويجية 2*1 1+1 عود 60 مل,in stock,https://aldawaaegy.com/ar/collections/skin-care/products/kolagra-makeup-perfecting-concealer-medium-1-1-free,https://cdn.shopify.com/s/files/1/0566/6779/9603/files/kolagra-concealer-medium-offer-11-2942679.jpg?v=1762436679,https://cdn.shopify.com/s/files/1/0566/6779/9603/files/kolagra-concealer-medium-offer-11-2942679.jpg?v=1762436679,skin-care
242.0,EGP,Bio Stream,Home > العناية بالبشرة > خافي العيوب كولاجرا ميك أب بيرفكتنج متوسط ​​1 + 1 مجانًا > Back to العناية بالبشرة > عبوة ترويجية من رول أون لتبييض الأسنان من كولاجرا 2*1 1+1 خالية من العطور 60 مل,in stock,https://aldawaaegy.com/ar/collections/skin-care/products/kolagra-whitening-roll-on-2-1-promo-pack-1-1-oud-60ml,https://cdn.shopify.com/s/files/1/0566/6779/9603/files/kolagra-roll-oud-60ml-11-8591018.jpg?v=1762437678,https://cdn.shopify.com/s/files/1/0566/6779/9603/files/kolagra-roll-oud-60ml-11-8591018.jpg?v=1762437678,skin-care
242.0,EGP,Bio Stream,Home > العناية بالبشرة > رول تبييض كولاجرا عبوة ترويجية 2*1 1+1 عود 60 مل > Back to العناية بالبشرة > عبوة ترويجية من رول أون لتبييض الأسنان من كولاجرا، 2*1، 1+1، 60 مل، من زهرة البلسان,in stock,https://aldawaaegy.com/ar/collections/skin-care/products/kolagra-whitening-roll-on-2-1-promo-pack-1-1-fragrance-free-60ml,https://cdn.shopify.com/s/files/1/0566/6779/9603/files/kolagra-roll-fragrance-free-60ml-11-9671806.jpg?v=1762436965,https://cdn.shopify.com/s/files/1/0566/6779/9603/files/kolagra-roll-fragrance-free-60ml-11-9671806.jpg?v=1762436965,skin-care
242.0,EGP,Bio Stream,Home > العناية بالبشرة > عبوة ترويجية من رول أون لتبييض الأسنان من كولاجرا 2*1 1+1 خالية من العطور 60 مل > Back to العناية بالبشرة > عبوة ترويجية من رول أون لتبييض الأسنان من كولاجرا، 2*1، 1+1، حلوى قطنية، 60 مل,in stock,https://aldawaaegy.com/ar/collections/skin-care/products/kolagra-whitening-roll-on-2-1-promo-pack-1-1-elder-rose-60ml,https://cdn.shopify.com/s/files/1/0566/6779/9603/files/kolagra-roll-elder-rose-60ml-11-8342106.jpg?v=1762436972,https://cdn.shopify.com/s/files/1/0566/6779/9603/files/kolagra-roll-elder-rose-60ml-11-8342106.jpg?v=1762436972,skin-care
242.0,EGP,Bio Stream,Home > العناية بالبشرة > عبوة ترويجية من رول أون لتبييض الأسنان من كولاجرا، 2*1، 1+1، 60 مل، من زهرة البلسان > Back to العناية بالبشرة > كريم تبييض البشرة من كولاجرا يحتوي على ألفا أربوتين (1+50%),in stock,https://aldawaaegy.com/ar/collections/skin-care/products/kolagra-whitening-roll-on-2-1-promo-pack-1-1-cotton-candy-60ml,https://cdn.shopify.com/s/files/1/0566/6779/9603/files/kolagra-roll-cotton-candy-60ml-11-8813672.jpg?v=1762437546,https://cdn.shopify.com/s/files/1/0566/6779/9603/files/kolagra-roll-cotton-candy-60ml-11-8813672.jpg?v=1762437546,skin-care
299.0,EGP,Bio Stream,Home > العناية بالبشرة > عبوة ترويجية من رول أون لتبييض الأسنان من كولاجرا، 2*1، 1+1، حلوى قطنية، 60 مل > Back to العناية بالبشرة > عرض غسول الوجه كولاجرا + تونر التفتيح,in stock,https://aldawaaegy.com/ar/collections/skin-care/products/kolagra-offer-whitening-cream-with-alpha-arbutin-1-50,https://cdn.shopify.com/s/files/1/0566/6779/9603/files/kolagra-whitening-cream11offer-3408299.jpg?v=1762437352,https://cdn.shopify.com/s/files/1/0566/6779/9603/files/kolagra-whitening-cream11offer-3408299.jpg?v=1762437352,skin-care
310.0,EGP,Bio Stream,Home > العناية بالبشرة > كريم تبييض البشرة من كولاجرا يحتوي على ألفا أربوتين (1+50%) > Back to العناية بالبشرة > مجموعة العناية الحساسة من كولاجرا (روتين البكيني ورول أون),in stock,https://aldawaaegy.com/ar/collections/skin-care/products/kolagra-facial-wash-brightening-toner-offer,https://cdn.shopify.com/s/files/1/0566/6779/9603/files/kolagra-facialcleansertoneroffer-5559340.jpg?v=1762437703,https://cdn.shopify.com/s/files/1/0566/6779/9603/files/kolagra-facialcleansertoneroffer-5559340.jpg?v=1762437703,skin-care
339.0,EGP,Bio Stream,Home > العناية بالبشرة > عرض غسول الوجه كولاجرا + تونر التفتيح > Back to العناية بالبشرة > عرض غسول الوجه + كريم التبييض من شركة كولاجرا,in stock,https://aldawaaegy.com/ar/collections/skin-care/products/kolagra-sensitive-care-bundle-bikini-routine-roll-on,https://cdn.shopify.com/s/files/1/0566/6779/9603/files/kolagra-bikinicreamwashrolloffer-4683947.jpg?v=1762440631,https://cdn.shopify.com/s/files/1/0566/6779/9603/files/kolagra-bikinicreamwashrolloffer-4683947.jpg?v=1762440631,skin-care
299.0,EGP,Bio Stream,Home > العناية بالبشرة > مجموعة العناية الحساسة من كولاجرا (روتين البكيني ورول أون) > Back to العناية بالبشرة > عبوة ترويجية من كولاجرا رول أون بيري 3 في 1 1 + 1 مجانًا,sold out,https://aldawaaegy.com/ar/collections/skin-care/products/kolagra-offer-facial-wash-whitening-cream,https://cdn.shopify.com/s/files/1/0566/6779/9603/files/kolagra-facialcream-cleanseroffer-1088692.jpg?v=1762437214,https://cdn.shopify.com/s/files/1/0566/6779/9603/files/kolagra-facialcream-cleanseroffer-1088692.jpg?v=1762437214,skin-care
259.0,EGP,Bio Stream,Home > العناية بالبشرة > عرض غسول الوجه + كريم التبييض من شركة كولاجرا > Back to العناية بالبشرة > عرض غسول الوجه كولاجرا 1 + 1 مجانًا,in stock,https://aldawaaegy.com/ar/collections/skin-care/products/kolagra-roll-on-berry-3-in1-promo-pack-1-1-free,https://cdn.shopify.com/s/files/1/0566/6779/9603/files/kolagra-inside-roll-whitening-3in1-60ml-11-2138106.jpg?v=1762437787,https://cdn.shopify.com/s/files/1/0566/6779/9603/files/kolagra-inside-roll-whitening-3in1-60ml-11-2138106.jpg?v=1762437787,skin-care
239.0,EGP,Bio Stream,Home > العناية بالبشرة > عبوة ترويجية من كولاجرا رول أون بيري 3 في 1 1 + 1 مجانًا > Back to العناية بالبشرة > كولاجرا تقدم مصل فيتامين سي + غسول للوجه,in stock,https://aldawaaegy.com/ar/collections/skin-care/products/kolagra-facial-wash-offer-1-1-free,https://cdn.shopify.com/s/files/1/0566/6779/9603/files/kolagra-vit-c-facial-cleanser-offer-11-9222223.jpg?v=1762437213,https://cdn.shopify.com/s/files/1/0566/6779/9603/files/kolagra-vit-c-facial-cleanser-offer-11-9222223.jpg?v=1762437213,skin-care
334.0,EGP,Bio Stream,Home > العناية بالبشرة > عرض غسول الوجه كولاجرا 1 + 1 مجانًا > Back to العناية بالبشرة > سيروم كولاجرا للبشرة بجزيئات الذهب 30 مل,in stock,https://aldawaaegy.com/ar/collections/skin-care/products/kolagra-offer-vitamin-c-serum-facial-wash,https://cdn.shopify.com/s/files/1/0566/6779/9603/files/kolagra-vit-c-serumcleanser-offer-3691214.jpg?v=1762436972,https://cdn.shopify.com/s/files/1/0566/6779/9603/files/kolagra-vit-c-serumcleanser-offer-3691214.jpg?v=1762436972,skin-care
349.3,EGP,Bio Stream,Home > العناية بالبشرة > كولاجرا تقدم مصل فيتامين سي + غسول للوجه > Back to العناية بالبشرة > تقدم شركة كولاجرا كريم تبييض البكيني 50 مل 1 + 1 مجانًا,in stock,https://aldawaaegy.com/ar/collections/skin-care/products/kolagra-skin-serum-with-gold-particles-30ml,https://cdn.shopify.com/s/files/1/0566/6779/9603/files/kolagra-gold-serum-5838408.jpg?v=1762437352,https://cdn.shopify.com/s/files/1/0566/6779/9603/files/kolagra-gold-serum-5838408.jpg?v=1762437352,skin-care
234.0,EGP,Bio Stream,Home > العناية بالبشرة > سيروم كولاجرا للبشرة بجزيئات الذهب 30 مل > Back to العناية بالبشرة > كولجارا تقدم مصل فيتامين سي 30 مل + محيط العين 30 مل,in stock,https://aldawaaegy.com/ar/collections/skin-care/products/kolagra-offer-bikini-whitening-cream-50ml-1-1-free,https://cdn.shopify.com/s/files/1/0566/6779/9603/files/kolagra-bikini-whitening-cream-50ml11-offer-3143653.jpg?v=1762437218,https://cdn.shopify.com/s/files/1/0566/6779/9603/files/kolagra-bikini-whitening-cream-50ml11-offer-3143653.jpg?v=1762437218,skin-care
319.0,EGP,Bio Stream,Home > العناية بالبشرة > تقدم شركة كولاجرا كريم تبييض البكيني 50 مل 1 + 1 مجانًا > Back to العناية بالبشرة > تقدم كولاجرا روتين البكيني (غسول البكيني + كريم البكيني),sold out,https://aldawaaegy.com/ar/collections/skin-care/products/kolgara-offer-vitamin-c-serum-30-ml-eye-contour-30ml,https://cdn.shopify.com/s/files/1/0566/6779/9603/files/kolagra-serum-eye-contour-free-8360825.jpg?v=1762437818,https://cdn.shopify.com/s/files/1/0566/6779/9603/files/kolagra-serum-eye-contour-free-8360825.jpg?v=1762437818,skin-care
259.0,EGP,Bio Stream,Home > العناية بالبشرة > كولجارا تقدم مصل فيتامين سي 30 مل + محيط العين 30 مل > Back to العناية بالبشرة > عرض كولاجرا على مصل حمض الهيالورونيك 1 + 1 مجانًا,in stock,https://aldawaaegy.com/ar/collections/skin-care/products/kolagra-offer-bikini-routine-bikini-wash-bikini-cream,https://cdn.shopify.com/s/files/1/0566/6779/9603/files/kolagra-bikini-whitening-cream-washoffer-6594008.jpg?v=1762437499,https://cdn.shopify.com/s/files/1/0566/6779/9603/files/kolagra-bikini-whitening-cream-washoffer-6594008.jpg?v=1762437499,skin-care
365.0,EGP,Bio Stream,Home > العناية بالبشرة > تقدم كولاجرا روتين البكيني (غسول البكيني + كريم البكيني) > Back to العناية بالبشرة > ديرماكتيف رول مكثف 60 مل,in stock,https://aldawaaegy.com/ar/collections/skin-care/products/kolagra-offer-hyaluronic-acid-serum-1-1-free,https://cdn.shopify.com/s/files/1/0566/6779/9603/files/kolagra-hyaluronic-serum-ha-11-6528656.jpg?v=1762437522,https://cdn.shopify.com/s/files/1/0566/6779/9603/files/kolagra-hyaluronic-serum-ha-11-6528656.jpg?v=1762437522,skin-care
169.0,EGP,Dermactive,Home > العناية بالبشرة > عرض كولاجرا على مصل حمض الهيالورونيك 1 + 1 مجانًا > Back to العناية بالبشرة > كريم ديرماكتيف أكتي سولير المرطب بعامل حماية من أشعة الشمس 50 50 مل,sold out,https://aldawaaegy.com/ar/collections/skin-care/products/dermactive-roll-intense-60ml,https://cdn.shopify.com/s/files/1/0566/6779/9603/files/dermactive-roll-intense-60ml-3457611.webp?v=1762438873,https://cdn.shopify.com/s/files/1/0566/6779/9603/files/dermactive-roll-intense-60ml-3457611.webp?v=1762438873,skin-care
279.0,EGP,Dermactive,Home > العناية بالبشرة > ديرماكتيف رول مكثف 60 مل > Back to العناية بالبشرة > كريم ترطيب البشرة بعامل حماية من الشمس 50 من ايفلين كوزمتكس، 30 مل,in stock,https://aldawaaegy.com/ar/collections/skin-care/products/dermactive-acti-solaire-melting-cream-spf-50-50ml,https://cdn.shopify.com/s/files/1/0566/6779/9603/files/dermactive-acti-solaire-melting-cream-spf-50-50ml-3307226.jpg?v=1762437035,https://cdn.shopify.com/s/files/1/0566/6779/9603/files/dermactive-acti-solaire-melting-cream-spf-50-50ml-3307226.jpg?v=1762437035,skin-care
399.0,EGP,Eveline,Home > العناية بالبشرة > كريم ديرماكتيف أكتي سولير المرطب بعامل حماية من أشعة الشمس 50 50 مل > Back to العناية بالبشرة > منظف الوجه كولانوج للبشرة الجافة 200 مل,in stock,https://aldawaaegy.com/ar/collections/skin-care/products/eveline-cosmetics-moisturizing-spf-cream-spf-50,https://cdn.shopify.com/s/files/1/0566/6779/9603/files/eveline-moisturizing-spf50-cream-30ml-2216141.jpg?v=1762439127,https://cdn.shopify.com/s/files/1/0566/6779/9603/files/eveline-moisturizing-spf50-cream-30ml-2216141.jpg?v=1762439127,skin-care
200.0,EGP,KOLANOG,Home > العناية بالبشرة > كريم ترطيب البشرة بعامل حماية من الشمس 50 من ايفلين كوزمتكس، 30 مل > Back to العناية بالبشرة > منظف ​​الوجه كولانوج للبشرة الدهنية والمختلطة 200 مل,sold out,https://aldawaaegy.com/ar/collections/skin-care/products/kolanog-facial-cleanser-for-dry-skin-200ml,https://cdn.shopify.com/s/files/1/0566/6779/9603/files/kolanog-facial-wash-dry-skin-200ml-8394807.webp?v=1762437204,https://cdn.shopify.com/s/files/1/0566/6779/9603/files/kolanog-facial-wash-dry-skin-200ml-8394807.webp?v=1762437204,skin-care
175.0,EGP,KOLANOG,Home > العناية بالبشرة > منظف الوجه كولانوج للبشرة الجافة 200 مل > Back to العناية بالبشرة > سيروم الشعر فيلاكورد,in stock,https://aldawaaegy.com/ar/collections/skin-care/products/kolanog-facial-cleanser-for-oily-combination-skin-200ml,https://cdn.shopify.com/s/files/1/0566/6779/9603/files/kolanog-facial-wash-200ml-6665411.png?v=1762437503,https://cdn.shopify.com/s/files/1/0566/6779/9603/files/kolanog-facial-wash-200ml-6665411.png?v=1762437503,skin-care
180.0,EGP,VILLAKORD,Home > العناية بالبشرة > منظف ​​الوجه كولانوج للبشرة الدهنية والمختلطة 200 مل > Back to العناية بالبشرة > زيت ترطيب الشعر من فيلاكورد,sold out,https://aldawaaegy.com/ar/collections/skin-care/products/villakord-hair-serum,https://cdn.shopify.com/s/files/1/0566/6779/9603/files/villakord-hair-serum-3969200.png?v=1762437782,https://cdn.shopify.com/s/files/1/0566/6779/9603/files/villakord-hair-serum-3969200.png?v=1762437782,skin-care
65.0,EGP,VILLAKORD,Home > العناية بالبشرة > سيروم الشعر فيلاكورد > Back to العناية بالبشرة > سيروم الوجه سي ليت ريتينول 30 مل,in stock,https://aldawaaegy.com/ar/collections/skin-care/products/villakord-hair-moitsurizing-oil,https://cdn.shopify.com/s/files/1/0566/6779/9603/files/villakord-hair-oil-6478859.png?v=1762437498,https://cdn.shopify.com/s/files/1/0566/6779/9603/files/villakord-hair-oil-6478859.png?v=1762437498,skin-care
479.0,EGP,SEE LIT,Home > العناية بالبشرة > زيت ترطيب الشعر من فيلاكورد > Back to العناية بالبشرة > منظف ​​الوجه سي ليت إكسفوليتور 200 مل,sold out,https://aldawaaegy.com/ar/collections/skin-care/products/see-lit-retinol-face-serum-30ml,https://cdn.shopify.com/s/files/1/0566/6779/9603/files/see-lit-retinol-b3-face-serum-30ml-6024120.webp?v=1762437033,https://cdn.shopify.com/s/files/1/0566/6779/9603/files/see-lit-retinol-b3-face-serum-30ml-6024120.webp?v=1762437033,skin-care
200.0,EGP,SEE LIT,Home > العناية بالبشرة > سيروم الوجه سي ليت ريتينول 30 مل > Back to العناية بالبشرة > سي ليت إليكسير أرجيرلاين كيو 10 سيروم مكافحة الشيخوخة 30 مل,in stock,https://aldawaaegy.com/ar/collections/skin-care/products/see-lit-exfollator-facial-cleanser-200ml,https://cdn.shopify.com/s/files/1/0566/6779/9603/files/see-lit-exfollator-facial-cleanser-150ml-2849894.webp?v=1762438423,https://cdn.shopify.com/s/files/1/0566/6779/9603/files/see-lit-exfollator-facial-cleanser-150ml-2849894.webp?v=1762438423,skin-care
399.0,EGP,SEE LIT,Home > العناية بالبشرة > منظف ​​الوجه سي ليت إكسفوليتور 200 مل > Back to العناية بالبشرة > سيروم فيتامين سي من سي ليت 30 مل,in stock,https://aldawaaegy.com/ar/collections/skin-care/products/see-lit-elixir-argireline-q10-age-serum-30ml,https://cdn.shopify.com/s/files/1/0566/6779/9603/files/see-lit-elixir-argireline-q10-age-serum-30ml-5585540.webp?v=1762437436,https://cdn.shopify.com/s/files/1/0566/6779/9603/files/see-lit-elixir-argireline-q10-age-serum-30ml-5585540.webp?v=1762437436,skin-care
349.0,EGP,SEE LIT,Home > العناية بالبشرة > سي ليت إليكسير أرجيرلاين كيو 10 سيروم مكافحة الشيخوخة 30 مل > Back to العناية بالبشرة > سيروم سي ليت بروفيشنال 30 مل,in stock,https://aldawaaegy.com/ar/collections/skin-care/products/see-lit-vitamin-c-serum-30ml,https://cdn.shopify.com/s/files/1/0566/6779/9603/files/see-lit-skin-serum-vit-c-30ml-9752513.webp?v=1762437345,https://cdn.shopify.com/s/files/1/0566/6779/9603/files/see-lit-skin-serum-vit-c-30ml-9752513.webp?v=1762437345,skin-care
479.0,EGP,SEE LIT,Home > العناية بالبشرة > سيروم فيتامين سي من سي ليت 30 مل > Back to العناية بالبشرة > سي ليت – مصل إخفاء عيوب العين 30 مل,in stock,https://aldawaaegy.com/ar/collections/skin-care/products/see-lit-professional-serum-30ml,https://cdn.shopify.com/s/files/1/0566/6779/9603/files/see-lit-professional-serum-30ml-8183576.webp?v=1762437218,https://cdn.shopify.com/s/files/1/0566/6779/9603/files/see-lit-professional-serum-30ml-8183576.webp?v=1762437218,skin-care
299.0,EGP,SEE LIT,Home > العناية بالبشرة > سيروم سي ليت بروفيشنال 30 مل > Back to العناية بالبشرة > سيروم سي ليت المتقدم 30 مل,in stock,https://aldawaaegy.com/ar/collections/skin-care/products/see-lit-eye-contour-concealer-serum-30ml,https://cdn.shopify.com/s/files/1/0566/6779/9603/files/see-lit-eye-contour-serum-30ml-3042280.webp?v=1762437200,https://cdn.shopify.com/s/files/1/0566/6779/9603/files/see-lit-eye-contour-serum-30ml-3042280.webp?v=1762437200,skin-care
479.0,EGP,SEE LIT,Home > العناية بالبشرة > سي ليت – مصل إخفاء عيوب العين 30 مل > Back to العناية بالبشرة > كريم مرطب جرانيا 60 جرام,in stock,https://aldawaaegy.com/ar/collections/skin-care/products/see-lit-advanced-serum-30ml,https://cdn.shopify.com/s/files/1/0566/6779/9603/files/see-lit-advanced-serum-30ml-2128437.webp?v=1762437100,https://cdn.shopify.com/s/files/1/0566/6779/9603/files/see-lit-advanced-serum-30ml-2128437.webp?v=1762437100,skin-care
125.0,EGP,GRANYA,Home > العناية بالبشرة > سيروم سي ليت المتقدم 30 مل > Back to العناية بالبشرة > داكي حساس داكن 50 جرام,sold out,https://aldawaaegy.com/ar/collections/skin-care/products/granya-emollient-cream-60gm,https://cdn.shopify.com/s/files/1/0566/6779/9603/files/granya-emollient-cream-60gm-3441145.png?v=1762437552,https://cdn.shopify.com/s/files/1/0566/6779/9603/files/granya-emollient-cream-60gm-3441145.png?v=1762437552,skin-care
300.0,EGP,DAKY,Home > العناية بالبشرة > كريم مرطب جرانيا 60 جرام > Back to العناية بالبشرة > كريم داكي الليلي لتبييض البشرة 50 جرام,in stock,https://aldawaaegy.com/ar/collections/skin-care/products/daky-sensitive-dark-50gm,https://cdn.shopify.com/s/files/1/0566/6779/9603/files/daky-whitening-cream-sensitive-50gm-8939490.png?v=1762439572,https://cdn.shopify.com/s/files/1/0566/6779/9603/files/daky-whitening-cream-sensitive-50gm-8939490.png?v=1762439572,skin-care
350.0,EGP,DAKY,Home > العناية بالبشرة > داكي حساس داكن 50 جرام > Back to العناية بالبشرة > كريم التبييض داكي 60 جرام,sold out,https://aldawaaegy.com/ar/collections/skin-care/products/daky-night-whitening-cream-50gm,https://cdn.shopify.com/s/files/1/0566/6779/9603/files/daky-whitening-cream-night-50gm-6813679.png?v=1762440989,https://cdn.shopify.com/s/files/1/0566/6779/9603/files/daky-whitening-cream-night-50gm-6813679.png?v=1762440989,skin-care
300.0,EGP,DAKY,Home > العناية بالبشرة > كريم داكي الليلي لتبييض البشرة 50 جرام > Back to العناية بالبشرة > داكي سيروم فيتامين سي 20% 30 مل,in stock,https://aldawaaegy.com/ar/collections/skin-care/products/daky-whitening-cream-60gm,https://cdn.shopify.com/s/files/1/0566/6779/9603/files/daky-whitening-cream-60gm-np-7589324.png?v=1762437207,https://cdn.shopify.com/s/files/1/0566/6779/9603/files/daky-whitening-cream-60gm-np-7589324.png?v=1762437207,skin-care
349.0,EGP,DAKY,Home > العناية بالبشرة > كريم التبييض داكي 60 جرام > Back to العناية بالبشرة > بخاخ واقي من الشمس للأطفال من بيونيكس بعامل حماية من الشمس 50+ 200 مل,in stock,https://aldawaaegy.com/ar/collections/skin-care/products/daky-vitamin-c-serum-20-30ml,https://cdn.shopify.com/s/files/1/0566/6779/9603/files/daky-vitamin-c-serum-20-30ml-7218722.webp?v=1762437430,https://cdn.shopify.com/s/files/1/0566/6779/9603/files/daky-vitamin-c-serum-20-30ml-7218722.webp?v=1762437430,skin-care
599.0,EGP,BIONNEX,Home > العناية بالبشرة > داكي سيروم فيتامين سي 20% 30 مل > Back to العناية بالبشرة > كريم الوقاية من الشمس الملون BIONNEX PREVENTIVA SPF50+ 50 مل,sold out,https://aldawaaegy.com/ar/collections/skin-care/products/bionnex-sunscreen-spray-kids-spf50-200ml,https://cdn.shopify.com/s/files/1/0566/6779/9603/files/bionnex-sunscreen-spray-spf50-kids-200ml-2134413.webp?v=1762437033,https://cdn.shopify.com/s/files/1/0566/6779/9603/files/bionnex-sunscreen-spray-spf50-kids-200ml-2134413.webp?v=1762437033,skin-care
499.0,EGP,BIONNEX,Home > العناية بالبشرة > بخاخ واقي من الشمس للأطفال من بيونيكس بعامل حماية من الشمس 50+ 200 مل > Back to العناية بالبشرة > كريم الوقاية من الشمس بيورنكس بريفنتيفا بعامل حماية 50+ 50 مل,in stock,https://aldawaaegy.com/ar/collections/skin-care/products/bionnex-preventiva-tinted-sunscreen-cream-spf50-50ml,https://cdn.shopify.com/s/files/1/0566/6779/9603/files/bionnex-sunscreen-cream-tinted-spf50-50ml-3693235.jpg?v=1762441164,https://cdn.shopify.com/s/files/1/0566/6779/9603/files/bionnex-sunscreen-cream-tinted-spf50-50ml-3693235.jpg?v=1762441164,skin-care
499.0,EGP,BIONNEX,Home > العناية بالبشرة > كريم الوقاية من الشمس الملون BIONNEX PREVENTIVA SPF50+ 50 مل > Back to العناية بالبشرة > بيونيكس ذا نورديا سيروم الكافيين 5% + أنجليكا 30 مل,in stock,https://aldawaaegy.com/ar/collections/skin-care/products/bionnex-preventiva-sunscreen-cream-spf50-50ml,https://cdn.shopify.com/s/files/1/0566/6779/9603/files/bionnex-sunscreen-cream-spf50-50ml-9342995.jpg?v=1762441029,https://cdn.shopify.com/s/files/1/0566/6779/9603/files/bionnex-sunscreen-cream-spf50-50ml-9342995.jpg?v=1762441029,skin-care
569.0,EGP,BIONNEX,Home > العناية بالبشرة > كريم الوقاية من الشمس بيورنكس بريفنتيفا بعامل حماية 50+ 50 مل > Back to العناية بالبشرة > شامبو بيونيكس أورجانيكا المضاد لتساقط الشعر - مضاد للقشرة 300 مل,in stock,https://aldawaaegy.com/ar/collections/skin-care/products/bionnex-the-nordea-caffeine-5-angelica-serum-30ml,https://cdn.shopify.com/s/files/1/0566/6779/9603/files/bionnex-nordea-caffeine5-serum-30ml-2467272.jpg?v=1762438054,https://cdn.shopify.com/s/files/1/0566/6779/9603/files/bionnex-nordea-caffeine5-serum-30ml-2467272.jpg?v=1762438054,skin-care
479.0,EGP,BIONNEX,Home > العناية بالبشرة > بيونيكس ذا نورديا سيروم الكافيين 5% + أنجليكا 30 مل > Back to العناية بالبشرة > شامبو بيونيكس أورجانيكا المضاد لتساقط الشعر للشعر الدهني 300 مل,sold out,https://aldawaaegy.com/ar/collections/skin-care/products/bionnex-organica-anti-hair-loss-shampoo-anti-dandruff-300ml,https://cdn.shopify.com/s/files/1/0566/6779/9603/files/bionnex-anti-hair-loss-sha-dandruff-300ml-2417507.jpg?v=1762437693,https://cdn.shopify.com/s/files/1/0566/6779/9603/files/bionnex-anti-hair-loss-sha-dandruff-300ml-2417507.jpg?v=1762437693,skin-care
479.0,EGP,BIONNEX,Home > العناية بالبشرة > شامبو بيونيكس أورجانيكا المضاد لتساقط الشعر - مضاد للقشرة 300 مل > Back to العناية بالبشرة > شامبو بيونيكس أورجانيكا المضاد لتساقط الشعر للشعر الجاف والتالف 300 مل,sold out,https://aldawaaegy.com/ar/collections/skin-care/products/bionnex-organica-anti-hair-loss-shampoo-for-oily-hair-300ml,https://cdn.shopify.com/s/files/1/0566/6779/9603/files/bionnex-anti-hair-loss-sha-oily-hair-300ml-6507901.jpg?v=1762437520,https://cdn.shopify.com/s/files/1/0566/6779/9603/files/bionnex-anti-hair-loss-sha-oily-hair-300ml-6507901.jpg?v=1762437520,skin-care
479.0,EGP,BIONNEX,Home > العناية بالبشرة > شامبو بيونيكس أورجانيكا المضاد لتساقط الشعر للشعر الدهني 300 مل > Back to العناية بالبشرة > مقشر الشفاه بالبطيخ من أماتوني 30 جم,in stock,https://aldawaaegy.com/ar/collections/skin-care/products/bionnex-organica-anti-hair-loss-shampoo-for-dry-and-damaged-hair-300ml,https://cdn.shopify.com/s/files/1/0566/6779/9603/files/bionnex-anti-hair-loss-sha-damaged-300ml-1973187.jpg?v=1762437913,https://cdn.shopify.com/s/files/1/0566/6779/9603/files/bionnex-anti-hair-loss-sha-damaged-300ml-1973187.jpg?v=1762437913,skin-care
300.0,EGP,Amatoni,Home > العناية بالبشرة > شامبو بيونيكس أورجانيكا المضاد لتساقط الشعر للشعر الجاف والتالف 300 مل > Back to العناية بالبشرة > مجموعة كورية من البفس الوردي مكونة من صورتين,in stock,https://aldawaaegy.com/ar/collections/skin-care/products/amatoni-watermelon-lip-scrub-30g,https://cdn.shopify.com/s/files/1/0566/6779/9603/files/korean-lip-scrub-watermelon-30gm-8513434.jpg?v=1762438061,https://cdn.shopify.com/s/files/1/0566/6779/9603/files/korean-lip-scrub-watermelon-30gm-8513434.jpg?v=1762438061,skin-care
280.0,EGP,Korean Products,Home > العناية بالبشرة > مقشر الشفاه بالبطيخ من أماتوني 30 جم > Back to العناية بالبشرة > جل الحواجب الشفاف من QIBEST,in stock,https://aldawaaegy.com/ar/collections/skin-care/products/korean-puffs-pink-set-2-pic,https://cdn.shopify.com/s/files/1/0566/6779/9603/files/korean-puffs-pink-set-2-pic-5645808.jpg?v=1762439445,https://cdn.shopify.com/s/files/1/0566/6779/9603/files/korean-puffs-pink-set-2-pic-5645808.jpg?v=1762439445,skin-care
300.0,EGP,QIBEST,Home > العناية بالبشرة > مجموعة كورية من البفس الوردي مكونة من صورتين > Back to العناية بالبشرة > بلسم الشفاه المرطب الأصلي من WNP'L، 7 جم,in stock,https://aldawaaegy.com/ar/collections/skin-care/products/qibest-eyebrow-gel-transparent,https://cdn.shopify.com/s/files/1/0566/6779/9603/files/korean-eye-brow-gel-5156775.webp?v=1762437547,https://cdn.shopify.com/s/files/1/0566/6779/9603/files/korean-eye-brow-gel-5156775.webp?v=1762437547,skin-care
84.0,EGP,WNP'L,Home > العناية بالبشرة > جل الحواجب الشفاف من QIBEST > Back to العناية بالبشرة > بلسم الشفاه المرطب بالعسل من WNP'L، 7 جم,in stock,https://aldawaaegy.com/ar/collections/skin-care/products/wnpl-hydrating-lip-balm-original-7gm,https://cdn.shopify.com/s/files/1/0566/6779/9603/files/korean-lip-blam-original-7-gm-5949076.jpg?v=1762437819,https://cdn.shopify.com/s/files/1/0566/6779/9603/files/korean-lip-blam-original-7-gm-5949076.jpg?v=1762437819,skin-care
84.0,EGP,WNP'L,Home > العناية بالبشرة > بلسم الشفاه المرطب الأصلي من WNP'L، 7 جم > Back to العناية بالبشرة > بلسم الشفاه المرطب WNP'L بالعسل والخوخ 7 جرام,in stock,https://aldawaaegy.com/ar/collections/skin-care/products/wnpl-hydrating-lip-balm-honey-7gm,https://cdn.shopify.com/s/files/1/0566/6779/9603/files/korean-lip-blam-honey-7-gm-3552393.jpg?v=1762437515,https://cdn.shopify.com/s/files/1/0566/6779/9603/files/korean-lip-blam-honey-7-gm-3552393.jpg?v=1762437515,skin-care
84.0,EGP,WNP'L,Home > العناية بالبشرة > بلسم الشفاه المرطب بالعسل من WNP'L، 7 جم > Back to العناية بالبشرة > بلسم الشفاه المرطب بالأفوكادو من WNP'L، 7 جم,in stock,https://aldawaaegy.com/ar/collections/skin-care/products/korean-lip-balm-peach-7gm,https://cdn.shopify.com/s/files/1/0566/6779/9603/files/korean-lip-blam-peach-7-gm-8148850.jpg?v=1762437817,https://cdn.shopify.com/s/files/1/0566/6779/9603/files/korean-lip-blam-peach-7-gm-8148850.jpg?v=1762437817,skin-care
84.0,EGP,WNP'L,Home > العناية بالبشرة > بلسم الشفاه المرطب WNP'L بالعسل والخوخ 7 جرام > Back to العناية بالبشرة > مجموعة كحل العيون بلو فوكس 12 قطعة,in stock,https://aldawaaegy.com/ar/collections/skin-care/products/korean-lip-balm-avocado-7-gm,https://cdn.shopify.com/s/files/1/0566/6779/9603/files/korean-lip-blam-avocado-7-gm-9374367.jpg?v=1762437313,https://cdn.shopify.com/s/files/1/0566/6779/9603/files/korean-lip-blam-avocado-7-gm-9374367.jpg?v=1762437313,skin-care
880.0,EGP,BlueFox,Home > العناية بالبشرة > بلسم الشفاه المرطب بالأفوكادو من WNP'L، 7 جم > Back to العناية بالبشرة > ماسكارا سواكي السوداء 01,in stock,https://aldawaaegy.com/ar/collections/skin-care/products/bluefox-eyeliner-set-12pcs,https://cdn.shopify.com/s/files/1/0566/6779/9603/files/korean-eye-linr-colors-set-12-pic-3323668.webp?v=1762438460,https://cdn.shopify.com/s/files/1/0566/6779/9603/files/korean-eye-linr-colors-set-12-pic-3323668.webp?v=1762438460,skin-care
380.0,EGP,Suake,Home > العناية بالبشرة > مجموعة كحل العيون بلو فوكس 12 قطعة > Back to العناية بالبشرة > مافالا ستوب 10 مل,in stock,https://aldawaaegy.com/ar/collections/skin-care/products/suake-black-mascara-01,https://cdn.shopify.com/s/files/1/0566/6779/9603/files/korean-black-mascara-01-5359912.webp?v=1762437671,https://cdn.shopify.com/s/files/1/0566/6779/9603/files/korean-black-mascara-01-5359912.webp?v=1762437671,skin-care
613.0,EGP,Mavala,Home > العناية بالبشرة > ماسكارا سواكي السوداء 01 > Back to العناية بالبشرة > حليب تبييض الجسم أليخون 200 مل 1+1 خصم 50%,sold out,https://aldawaaegy.com/ar/collections/skin-care/products/mavala-stop-10ml,https://cdn.shopify.com/s/files/1/0566/6779/9603/files/mavala-stop-nail-alert-10ml-6874698.webp?v=1762438859,https://cdn.shopify.com/s/files/1/0566/6779/9603/files/mavala-stop-nail-alert-10ml-6874698.webp?v=1762438859,skin-care
375.0,EGP,Alejon,Home > العناية بالبشرة > مافالا ستوب 10 مل > Back to العناية بالبشرة > كريم اليوريا أليخون 10% – 200 مل + منظف البشرة الجافة 150 مل,sold out,https://aldawaaegy.com/ar/collections/skin-care/products/alejon-whitening-body-milk-200ml-1-1-50-off,https://cdn.shopify.com/s/files/1/0566/6779/9603/files/alejon-body-milk-200ml-11-3098487.png?v=1762441580,https://cdn.shopify.com/s/files/1/0566/6779/9603/files/alejon-body-milk-200ml-11-3098487.png?v=1762441580,skin-care
348.0,EGP,Alejon,Home > العناية بالبشرة > حليب تبييض الجسم أليخون 200 مل 1+1 خصم 50% > Back to العناية بالبشرة > تونر الوجه أليخون 200 مل + صابون زيتي 100 جرام,sold out,https://aldawaaegy.com/ar/collections/skin-care/products/alejon-urea-cream-10-200ml-dry-skin-cleanser-150ml,https://cdn.shopify.com/s/files/1/0566/6779/9603/files/alejon-urea-cream-200mldry-skin-cleanser-150ml-1431589.png?v=1762438217,https://cdn.shopify.com/s/files/1/0566/6779/9603/files/alejon-urea-cream-200mldry-skin-cleanser-150ml-1431589.png?v=1762438217,skin-care
228.0,EGP,Alejon,Home > العناية بالبشرة > كريم اليوريا أليخون 10% – 200 مل + منظف البشرة الجافة 150 مل > Back to العناية بالبشرة > سيروم الكولاجين من أليخون + سيروم محيط العين 30 مل,sold out,https://aldawaaegy.com/ar/collections/skin-care/products/alejon-facial-toner-200ml-oily-soap-100gm,https://cdn.shopify.com/s/files/1/0566/6779/9603/files/alejon-toner-200mlsoap-100gm-3381860.png?v=1762437501,https://cdn.shopify.com/s/files/1/0566/6779/9603/files/alejon-toner-200mlsoap-100gm-3381860.png?v=1762437501,skin-care
488.0,EGP,Alejon,Home > العناية بالبشرة > تونر الوجه أليخون 200 مل + صابون زيتي 100 جرام > Back to العناية بالبشرة > سيروم الكولاجين من أليخون + سيروم فيتامين سي 10% 50 مل,sold out,https://aldawaaegy.com/ar/collections/skin-care/products/alejon-collagen-serum-eye-contour-serum-30ml,https://cdn.shopify.com/s/files/1/0566/6779/9603/files/alejon-colla-serum-eye-serum-30ml-9878695.png?v=1762438618,https://cdn.shopify.com/s/files/1/0566/6779/9603/files/alejon-colla-serum-eye-serum-30ml-9878695.png?v=1762438618,skin-care
513.0,EGP,Alejon,Home > العناية بالبشرة > سيروم الكولاجين من أليخون + سيروم محيط العين 30 مل > Back to العناية بالبشرة > بخاخ لوشن الشعر من أليخون 150 مل + مصل الشعر 200 مل,sold out,https://aldawaaegy.com/ar/collections/skin-care/products/alejon-collagen-serum-vitamin-c-10-serum-50ml,https://cdn.shopify.com/s/files/1/0566/6779/9603/files/alejon-colla-serum-vit-c-serum-50ml-8086862.png?v=1762437520,https://cdn.shopify.com/s/files/1/0566/6779/9603/files/alejon-colla-serum-vit-c-serum-50ml-8086862.png?v=1762437520,skin-care
400.0,EGP,Alejon,Home > العناية بالبشرة > سيروم الكولاجين من أليخون + سيروم فيتامين سي 10% 50 مل > Back to العناية بالبشرة > مزيل العرق أليخون رول أون – ميدنايت+شامبيون للرجال,sold out,https://aldawaaegy.com/ar/collections/skin-care/products/alejon-hair-lotion-spray-150ml-hair-serum-200ml,https://cdn.shopify.com/s/files/1/0566/6779/9603/files/alejon-hair-lotion150mlhair-serum-200ml-6573893.png?v=1762437194,https://cdn.shopify.com/s/files/1/0566/6779/9603/files/alejon-hair-lotion150mlhair-serum-200ml-6573893.png?v=1762437194,skin-care
300.0,EGP,Alejon,Home > العناية بالبشرة > بخاخ لوشن الشعر من أليخون 150 مل + مصل الشعر 200 مل > Back to العناية بالبشرة > مزيل العرق أليخون رول أون – خالي من العطور + شامبيون للرجال,sold out,https://aldawaaegy.com/ar/collections/skin-care/products/alejon-deodorant-roll-on-midnight-champion-for-men,https://cdn.shopify.com/s/files/1/0566/6779/9603/files/alejon-rollmidnightchampion-5105182.png?v=1762437815,https://cdn.shopify.com/s/files/1/0566/6779/9603/files/alejon-rollmidnightchampion-5105182.png?v=1762437815,skin-care
300.0,EGP,Alejon,Home > العناية بالبشرة > مزيل العرق أليخون رول أون – ميدنايت+شامبيون للرجال > Back to العناية بالبشرة > مزيل العرق أليخون رول أون – خالي من العطور + منتصف الليل,sold out,https://aldawaaegy.com/ar/collections/skin-care/products/alejon-deodorant-roll-on-fragrance-free-champion-for-men,https://cdn.shopify.com/s/files/1/0566/6779/9603/files/alejon-rollfragrance-freechampion-6210866.png?v=1762441168,https://cdn.shopify.com/s/files/1/0566/6779/9603/files/alejon-rollfragrance-freechampion-6210866.png?v=1762441168,skin-care
300.0,EGP,Alejon,Home > العناية بالبشرة > مزيل العرق أليخون رول أون – خالي من العطور + شامبيون للرجال > Back to العناية بالبشرة > مزيل العرق أليخون رول أون – أورينتال+شامبيون للرجال,sold out,https://aldawaaegy.com/ar/collections/skin-care/products/alejon-deodorant-roll-on-fragrance-free-midnight,https://cdn.shopify.com/s/files/1/0566/6779/9603/files/alejon-rollfragrance-freemidnight-2339522.png?v=1762439426,https://cdn.shopify.com/s/files/1/0566/6779/9603/files/alejon-rollfragrance-freemidnight-2339522.png?v=1762439426,skin-care
300.0,EGP,Alejon,Home > العناية بالبشرة > مزيل العرق أليخون رول أون – خالي من العطور + منتصف الليل > Back to العناية بالبشرة > مزيل العرق أليخون رول أون – شرقي وخالي من العطور,sold out,https://aldawaaegy.com/ar/collections/skin-care/products/alejon-deodorant-roll-on-oriental-champion-for-men,https://cdn.shopify.com/s/files/1/0566/6779/9603/files/alejon-rollorientalchampion-2370268.png?v=1762437504,https://cdn.shopify.com/s/files/1/0566/6779/9603/files/alejon-rollorientalchampion-2370268.png?v=1762437504,skin-care
300.0,EGP,Alejon,Home > العناية بالبشرة > مزيل العرق أليخون رول أون – أورينتال+شامبيون للرجال > Back to العناية بالبشرة > سبراي واقي من الشمس من أليخون بعامل حماية 50+جل بعد التعرض لأشعة الشمس 200 مل,in stock,https://aldawaaegy.com/ar/collections/skin-care/products/alejon-deodorant-roll-on-oriental-fragrance-free,https://cdn.shopify.com/s/files/1/0566/6779/9603/files/alejon-rollorientalfragrance-4930182.png?v=1762441683,https://cdn.shopify.com/s/files/1/0566/6779/9603/files/alejon-rollorientalfragrance-4930182.png?v=1762441683,skin-care
475.0,EGP,Alejon,Home > العناية بالبشرة > مزيل العرق أليخون رول أون – شرقي وخالي من العطور > Back to العناية بالبشرة > تونر الوجه أليخون 200 مل,sold out,https://aldawaaegy.com/ar/collections/skin-care/products/alejon-sun-screen-spf-50-spray-after-sun-gel-200-ml,https://cdn.shopify.com/s/files/1/0566/6779/9603/files/alejon-sun-screen-sprayafter-sun-200ml-8363220.png?v=1762437520,https://cdn.shopify.com/s/files/1/0566/6779/9603/files/alejon-sun-screen-sprayafter-sun-200ml-8363220.png?v=1762437520,skin-care
180.0,EGP,Alejon,Home > العناية بالبشرة > سبراي واقي من الشمس من أليخون بعامل حماية 50+جل بعد التعرض لأشعة الشمس 200 مل > Back to العناية بالبشرة > بخاخ واقي الشمس أليخون بعامل حماية 50، 200 مل، 1+1، خصم 50%,sold out,https://aldawaaegy.com/ar/collections/skin-care/products/alejon-facial-toner-200ml,https://cdn.shopify.com/s/files/1/0566/6779/9603/files/alejon-tea-tree-oil-facial-toner-200ml-3020043.jpg?v=1762437813,https://cdn.shopify.com/s/files/1/0566/6779/9603/files/alejon-tea-tree-oil-facial-toner-200ml-3020043.jpg?v=1762437813,skin-care
650.0,EGP,Alejon,Home > العناية بالبشرة > تونر الوجه أليخون 200 مل > Back to العناية بالبشرة > جل واقي من الشمس أليخون بعامل حماية 50، 75 مل، 1+1، خصم 50%,sold out,https://aldawaaegy.com/ar/collections/skin-care/products/alejon-sun-screen-spf-50-spray-200ml-1-1-50-off,https://cdn.shopify.com/s/files/1/0566/6779/9603/files/alejon-sun-screen-spf-50-spray-200ml-11-off-8242782.jpg?v=1762437507,https://cdn.shopify.com/s/files/1/0566/6779/9603/files/alejon-sun-screen-spf-50-spray-200ml-11-off-8242782.jpg?v=1762437507,skin-care
350.0,EGP,Alejon,Home > العناية بالبشرة > بخاخ واقي الشمس أليخون بعامل حماية 50، 200 مل، 1+1، خصم 50% > Back to العناية بالبشرة > كريم ديسار فيتامين سي للدفاع 50 جرام,in stock,https://aldawaaegy.com/ar/collections/skin-care/products/alejon-sun-screen-gel-spf50-75ml-1-1-50-off,https://cdn.shopify.com/s/files/1/0566/6779/9603/files/alejon-sun-screen-gel-spf50-75ml-11-off-2745250.png?v=1762438029,https://cdn.shopify.com/s/files/1/0566/6779/9603/files/alejon-sun-screen-gel-spf50-75ml-11-off-2745250.png?v=1762438029,skin-care
207.0,EGP,Disaar Beauty,Home > العناية بالبشرة > جل واقي من الشمس أليخون بعامل حماية 50، 75 مل، 1+1، خصم 50% > Back to العناية بالبشرة > كريم ديسار فيتامين سي للعين 25 مل,in stock,https://aldawaaegy.com/ar/collections/skin-care/products/disaar-vitamin-c-defense-cream-50gm,,,skin-care
140.0,EGP,Disaar Beauty,Home > العناية بالبشرة > كريم ديسار فيتامين سي للدفاع 50 جرام > Back to العناية بالبشرة > غسول الوجه ديسار فيتامين سي 100 مل,sold out,https://aldawaaegy.com/ar/collections/skin-care/products/disaar-vitamin-c-eye-cream-25ml,https://cdn.shopify.com/s/files/1/0566/6779/9603/files/disaar-eye-cream-25ml-3955080.jpg?v=1762439241,https://cdn.shopify.com/s/files/1/0566/6779/9603/files/disaar-eye-cream-25ml-3955080.jpg?v=1762439241,skin-care
166.0,EGP,Disaar Beauty,Home > العناية بالبشرة > كريم ديسار فيتامين سي للعين 25 مل > Back to العناية بالبشرة > زيت ديسار لتبييض الوجه بفيتامين سي 75 مل,sold out,https://aldawaaegy.com/ar/collections/skin-care/products/disaar-vitamin-c-facial-wash-100ml,https://cdn.shopify.com/s/files/1/0566/6779/9603/files/disaar-vitamin-facial-wash-100ml-8942709.jpg?v=1762437701,https://cdn.shopify.com/s/files/1/0566/6779/9603/files/disaar-vitamin-facial-wash-100ml-8942709.jpg?v=1762437701,skin-care
140.0,EGP,Disaar Beauty,Home > العناية بالبشرة > غسول الوجه ديسار فيتامين سي 100 مل > Back to العناية بالبشرة > كريم ديسار فيتامين سي 50 جرام,in stock,https://aldawaaegy.com/ar/collections/skin-care/products/disaar-vitamin-c-whitning-face-oil-75ml,https://cdn.shopify.com/s/files/1/0566/6779/9603/files/disaar-whitning-face-oil-75ml-2221425.jpg?v=1762437515,https://cdn.shopify.com/s/files/1/0566/6779/9603/files/disaar-whitning-face-oil-75ml-2221425.jpg?v=1762437515,skin-care
207.0,EGP,Disaar Beauty,Home > العناية بالبشرة > زيت ديسار لتبييض الوجه بفيتامين سي 75 مل > Back to العناية بالبشرة > سيروم فيتامين سي من ديسار 30 مل,sold out,https://aldawaaegy.com/ar/collections/skin-care/products/disaar-vitamin-c-cream-50-gm,https://cdn.shopify.com/s/files/1/0566/6779/9603/files/disaar-vit-c-cream-50-gm-5887908.jpg?v=1762437518,https://cdn.shopify.com/s/files/1/0566/6779/9603/files/disaar-vit-c-cream-50-gm-5887908.jpg?v=1762437518,skin-care
155.0,EGP,Disaar Beauty,Home > العناية بالبشرة > كريم ديسار فيتامين سي 50 جرام > Back to العناية بالبشرة > كريم الوقاية من الشمس للعطلات 60 مل عرض 1+ 1 مجانًا,sold out,https://aldawaaegy.com/ar/collections/skin-care/products/disaar-vitamin-c-serum-30ml,https://cdn.shopify.com/s/files/1/0566/6779/9603/files/disaar-vit-c-serum-30ml-8893968.jpg?v=1762437697,https://cdn.shopify.com/s/files/1/0566/6779/9603/files/disaar-vit-c-serum-30ml-8893968.jpg?v=1762437697,skin-care
240.0,EGP,Vacation,Home > العناية بالبشرة > سيروم فيتامين سي من ديسار 30 مل > Back to العناية بالبشرة > جل واقي الشمس Pure Touch Hydro Gel 60 مل عرض 2+1 مجانًا,sold out,https://aldawaaegy.com/ar/collections/skin-care/products/vacation-sunscreen-cream-60ml-offer-1-1-free,https://cdn.shopify.com/s/files/1/0566/6779/9603/files/vacation-sunscreen-cream-60-11-off-1243298.jpg?v=1762437188,https://cdn.shopify.com/s/files/1/0566/6779/9603/files/vacation-sunscreen-cream-60-11-off-1243298.jpg?v=1762437188,skin-care
590.0,EGP,Vacation,Home > العناية بالبشرة > كريم الوقاية من الشمس للعطلات 60 مل عرض 1+ 1 مجانًا > Back to العناية بالبشرة > لوشن واقي من الشمس بلو كير بعامل حماية من الشمس 50+ 100 جم,in stock,https://aldawaaegy.com/ar/collections/skin-care/products/vacation-sunscreen-pure-touch-hydro-gel-60-ml-offer-2-1-free,https://cdn.shopify.com/s/files/1/0566/6779/9603/files/vacation-pure-touch-sun-gel-21-off-2636341.png?v=1762438279,https://cdn.shopify.com/s/files/1/0566/6779/9603/files/vacation-pure-touch-sun-gel-21-off-2636341.png?v=1762438279,skin-care
220.0,EGP,Blue Care,Home > العناية بالبشرة > جل واقي الشمس Pure Touch Hydro Gel 60 مل عرض 2+1 مجانًا > Back to العناية بالبشرة > سيروم الشعر بلو كير 50 ​​مل,in stock,https://aldawaaegy.com/ar/collections/skin-care/products/blue-care-sun-screen-lotion-spf-50-100gm,https://cdn.shopify.com/s/files/1/0566/6779/9603/files/blue-care-sun-screen-lotion-spf50-100ml-4036529.jpg?v=1762441166,https://cdn.shopify.com/s/files/1/0566/6779/9603/files/blue-care-sun-screen-lotion-spf50-100ml-4036529.jpg?v=1762441166,skin-care
155.0,EGP,Blue Care,Home > العناية بالبشرة > لوشن واقي من الشمس بلو كير بعامل حماية من الشمس 50+ 100 جم > Back to العناية بالبشرة > كريم الشعر بلو كير 150 جرام,sold out,https://aldawaaegy.com/ar/collections/skin-care/products/blue-care-hair-serum-50ml,https://cdn.shopify.com/s/files/1/0566/6779/9603/files/bc-blue-care-hair-serum-75ml-7871522.png?v=1762437807,https://cdn.shopify.com/s/files/1/0566/6779/9603/files/bc-blue-care-hair-serum-75ml-7871522.png?v=1762437807,skin-care
175.0,EGP,Blue Care,Home > العناية بالبشرة > سيروم الشعر بلو كير 50 ​​مل > Back to العناية بالبشرة > كريم العناية بالبشرة بلو كير 50 ​​جرام,sold out,https://aldawaaegy.com/ar/collections/skin-care/products/blue-care-hair-cream-150gm,https://cdn.shopify.com/s/files/1/0566/6779/9603/files/bc-blue-care-hair-cream-caffeinecaviar-150-1555387.png?v=1762437681,https://cdn.shopify.com/s/files/1/0566/6779/9603/files/bc-blue-care-hair-cream-caffeinecaviar-150-1555387.png?v=1762437681,skin-care
220.0,EGP,Blue Care,Home > العناية بالبشرة > كريم الشعر بلو كير 150 جرام > Back to العناية بالبشرة > شامبو بلو كير الخالي من الكبريتات 300 مل,in stock,https://aldawaaegy.com/ar/collections/skin-care/products/blue-care-skin-cream-50gm,https://cdn.shopify.com/s/files/1/0566/6779/9603/files/bc-blue-care-skin-cream-night-50ml-8596516.jpg?v=1762438036,https://cdn.shopify.com/s/files/1/0566/6779/9603/files/bc-blue-care-skin-cream-night-50ml-8596516.jpg?v=1762438036,skin-care
185.0,EGP,Blue Care,Home > العناية بالبشرة > كريم العناية بالبشرة بلو كير 50 ​​جرام > Back to العناية بالبشرة > منظف ​​الوجه بلو كير 100 مل,sold out,https://aldawaaegy.com/ar/collections/skin-care/products/blue-care-free-sulphate-shampoo-300ml,https://cdn.shopify.com/s/files/1/0566/6779/9603/files/bc-blue-care-sha-free-sulfate-300ml-1489748.png?v=1762437913,https://cdn.shopify.com/s/files/1/0566/6779/9603/files/bc-blue-care-sha-free-sulfate-300ml-1489748.png?v=1762437913,skin-care
125.0,EGP,Blue Care,Home > العناية بالبشرة > شامبو بلو كير الخالي من الكبريتات 300 مل > Back to العناية بالبشرة > عرض سيروم البشرة بلو كير 30 مل,sold out,https://aldawaaegy.com/ar/collections/skin-care/products/blue-care-facial-cleanser-100ml,https://cdn.shopify.com/s/files/1/0566/6779/9603/files/bc-blue-care-cleanser-face-wash-100ml-5216886.jpg?v=1762437436,https://cdn.shopify.com/s/files/1/0566/6779/9603/files/bc-blue-care-cleanser-face-wash-100ml-5216886.jpg?v=1762437436,skin-care
270.0,EGP,Blue Care,Home > العناية بالبشرة > منظف ​​الوجه بلو كير 100 مل > Back to العناية بالبشرة > BG هايبر انتنس 1+1 رول 50 مل,sold out,https://aldawaaegy.com/ar/collections/skin-care/products/blue-care-skin-serum-30ml-offer,https://cdn.shopify.com/s/files/1/0566/6779/9603/files/bc-blue-care-serum-anti-wrinkles-30ml-1352199.png?v=1762440457,https://cdn.shopify.com/s/files/1/0566/6779/9603/files/bc-blue-care-serum-anti-wrinkles-30ml-1352199.png?v=1762440457,skin-care
299.0,EGP,BG,Home > العناية بالبشرة > عرض سيروم البشرة بلو كير 30 مل > Back to العناية بالبشرة > BG COOL INTENSE 1+1 رول 50 مل,sold out,https://aldawaaegy.com/ar/collections/skin-care/products/bg-hyper-intense-1-1-roll-50ml,https://cdn.shopify.com/s/files/1/0566/6779/9603/files/bg-hyper-intense-11-roll-50ml-3069649.jpg?v=1762437352,https://cdn.shopify.com/s/files/1/0566/6779/9603/files/bg-hyper-intense-11-roll-50ml-3069649.jpg?v=1762437352,skin-care
299.0,EGP,BG,Home > العناية بالبشرة > BG هايبر انتنس 1+1 رول 50 مل > Back to العناية بالبشرة > BG SEXY INTENSE +AROURA INTENSE ROLL 50ML,sold out,https://aldawaaegy.com/ar/collections/skin-care/products/bg-cool-intense-1-1-roll-50ml,https://cdn.shopify.com/s/files/1/0566/6779/9603/files/bg-cool-intense-11-roll-50ml-4053897.jpg?v=1762438368,https://cdn.shopify.com/s/files/1/0566/6779/9603/files/bg-cool-intense-11-roll-50ml-4053897.jpg?v=1762438368,skin-care
299.0,EGP,BG,Home > العناية بالبشرة > BG COOL INTENSE 1+1 رول 50 مل > Back to العناية بالبشرة > كريم سودوكريم المطهر الشافي 125 جرام,in stock,https://aldawaaegy.com/ar/collections/skin-care/products/bg-sexy-intense-aroura-intense-roll-50ml,,,skin-care
492.0,EGP,Sudocrem,Home > العناية بالبشرة > BG SEXY INTENSE +AROURA INTENSE ROLL 50ML > Back to العناية بالبشرة > جل التنظيف كليو جلو بفيتامين سي,in stock,https://aldawaaegy.com/ar/collections/skin-care/products/sudocrem-antiseptic-healing-cream-125g,https://cdn.shopify.com/s/files/1/0566/6779/9603/files/sudo-cream-healing-125-g-2407185.jpg?v=1762438253,https://cdn.shopify.com/s/files/1/0566/6779/9603/files/sudo-cream-healing-125-g-2407185.jpg?v=1762438253,skin-care
200.0,EGP,Cleo,Home > العناية بالبشرة > كريم سودوكريم المطهر الشافي 125 جرام > Back to العناية بالبشرة > كريم ليلي مضاد للشيخوخة من كليو يوث,sold out,https://aldawaaegy.com/ar/collections/skin-care/products/cleo-glow-vit-c-cleansing-gel,https://cdn.shopify.com/s/files/1/0566/6779/9603/files/cleo-glow-vit-c-cleansing-gel-5895568.jpg?v=1762437909,https://cdn.shopify.com/s/files/1/0566/6779/9603/files/cleo-glow-vit-c-cleansing-gel-5895568.jpg?v=1762437909,skin-care
350.0,EGP,Cleo,Home > العناية بالبشرة > جل التنظيف كليو جلو بفيتامين سي > Back to العناية بالبشرة > كريم كليو يوث النهاري المضاد للشيخوخة,sold out,https://aldawaaegy.com/ar/collections/skin-care/products/cleo-youth-anti-aging-night-cream,https://cdn.shopify.com/s/files/1/0566/6779/9603/files/cleo-youth-anti-aging-night-cream-5341001.png?v=1762438250,https://cdn.shopify.com/s/files/1/0566/6779/9603/files/cleo-youth-anti-aging-night-cream-5341001.png?v=1762438250,skin-care
300.0,EGP,Cleo,Home > العناية بالبشرة > كريم ليلي مضاد للشيخوخة من كليو يوث > Back to العناية بالبشرة > كريم تفتيح منطقة العين من كليو جلو,sold out,https://aldawaaegy.com/ar/collections/skin-care/products/cleo-youth-anti-aging-day-cream,https://cdn.shopify.com/s/files/1/0566/6779/9603/files/cleo-youth-anti-aging-day-cream-4913354.png?v=1762438666,https://cdn.shopify.com/s/files/1/0566/6779/9603/files/cleo-youth-anti-aging-day-cream-4913354.png?v=1762438666,skin-care
250.0,EGP,Cleo,Home > العناية بالبشرة > كريم كليو يوث النهاري المضاد للشيخوخة > Back to العناية بالبشرة > سيروم تفتيح البشرة المكثف من كليو جلو 50 مل,sold out,https://aldawaaegy.com/ar/collections/skin-care/products/cleo-glow-lightening-eye-countour-cream,https://cdn.shopify.com/s/files/1/0566/6779/9603/files/cleo-glow-lightening-eye-countour-cream-8553503.png?v=1762437671,https://cdn.shopify.com/s/files/1/0566/6779/9603/files/cleo-glow-lightening-eye-countour-cream-8553503.png?v=1762437671,skin-care
200.0,EGP,Cleo,Home > العناية بالبشرة > كريم تفتيح منطقة العين من كليو جلو > Back to العناية بالبشرة > سائل تفتيح البشرة كليو جلو بعامل حماية من أشعة الشمس SPF40 . 50 مل,sold out,https://aldawaaegy.com/ar/collections/skin-care/products/cleo-glow-lightening-intensive-serum-50ml,https://cdn.shopify.com/s/files/1/0566/6779/9603/files/cleo-glow-lightening-intensive-serum-50ml-3139120.webp?v=1762438284,https://cdn.shopify.com/s/files/1/0566/6779/9603/files/cleo-glow-lightening-intensive-serum-50ml-3139120.webp?v=1762438284,skin-care
225.0,EGP,Cleo,Home > العناية بالبشرة > سيروم تفتيح البشرة المكثف من كليو جلو 50 مل > Back to العناية بالبشرة > BG ميسيلار 4*1 حمض الهيالورونيك 100 مل,sold out,https://aldawaaegy.com/ar/collections/skin-care/products/cleo-glow-lightening-fluid-spf40-50ml,https://cdn.shopify.com/s/files/1/0566/6779/9603/files/cleo-glow-lightening-fluid-spf40-50ml-8795107.png?v=1762438976,https://cdn.shopify.com/s/files/1/0566/6779/9603/files/cleo-glow-lightening-fluid-spf40-50ml-8795107.png?v=1762438976,skin-care
84.5,EGP,BG,Home > العناية بالبشرة > سائل تفتيح البشرة كليو جلو بعامل حماية من أشعة الشمس SPF40 . 50 مل > Back to العناية بالبشرة > لوشن BG CICA SILK بعد الليزر 120 مل,in stock,https://aldawaaegy.com/ar/collections/skin-care/products/bg-micellar-4-1-hyaluronic-acid-100ml,https://cdn.shopify.com/s/files/1/0566/6779/9603/files/bg-micellar-41-hyaluronic-acid-100ml-3326412.webp?v=1762438055,https://cdn.shopify.com/s/files/1/0566/6779/9603/files/bg-micellar-41-hyaluronic-acid-100ml-3326412.webp?v=1762438055,skin-care
239.0,EGP,BG,Home > العناية بالبشرة > BG ميسيلار 4*1 حمض الهيالورونيك 100 مل > Back to العناية بالبشرة > BG SEXY INTENSE رول 50 مل,in stock,https://aldawaaegy.com/ar/collections/skin-care/products/bg-cica-silk-lotion-after-laser-120ml,https://cdn.shopify.com/s/files/1/0566/6779/9603/files/bg-cica-silk-lotion-after-laser-120ml-4197098.jpg?v=1762439001,https://cdn.shopify.com/s/files/1/0566/6779/9603/files/bg-cica-silk-lotion-after-laser-120ml-4197098.jpg?v=1762439001,skin-care
174.5,EGP,BG,Home > العناية بالبشرة > لوشن BG CICA SILK بعد الليزر 120 مل > Back to العناية بالبشرة > BG COOL INTENSE رول 50 مل,in stock,https://aldawaaegy.com/ar/collections/skin-care/products/bg-sexy-intense-roll-50ml,https://cdn.shopify.com/s/files/1/0566/6779/9603/files/bg-sexy-intense-roll-50ml-4624905.jpg?v=1762439852,https://cdn.shopify.com/s/files/1/0566/6779/9603/files/bg-sexy-intense-roll-50ml-4624905.jpg?v=1762439852,skin-care
174.5,EGP,BG,Home > العناية بالبشرة > BG SEXY INTENSE رول 50 مل > Back to العناية بالبشرة > لوشن التبييض فلوريش 120 مل,in stock,https://aldawaaegy.com/ar/collections/skin-care/products/bg-cool-intense-roll-50ml,https://cdn.shopify.com/s/files/1/0566/6779/9603/files/bg-cool-intense-roll-50ml-3139771.jpg?v=1762439238,https://cdn.shopify.com/s/files/1/0566/6779/9603/files/bg-cool-intense-roll-50ml-3139771.jpg?v=1762439238,skin-care
285.0,EGP,Flourish,Home > العناية بالبشرة > BG COOL INTENSE رول 50 مل > Back to العناية بالبشرة > في كير 30 كبسولة,in stock,https://aldawaaegy.com/ar/collections/skin-care/products/flourish-whitening-lotion-120ml,https://cdn.shopify.com/s/files/1/0566/6779/9603/files/flourish-skin-whitening-lotion-120ml-3746051.png?v=1762438029,https://cdn.shopify.com/s/files/1/0566/6779/9603/files/flourish-skin-whitening-lotion-120ml-3746051.png?v=1762438029,skin-care
266.0,EGP,Veexia,Home > العناية بالبشرة > لوشن التبييض فلوريش 120 مل > Back to العناية بالبشرة > في كير 60 كبسولة,in stock,https://aldawaaegy.com/ar/collections/skin-care/products/vee-care-30-cap,https://cdn.shopify.com/s/files/1/0566/6779/9603/files/vee-care-30cap-9118551.jpg?v=1764267128,https://cdn.shopify.com/s/files/1/0566/6779/9603/files/vee-care-30cap-9118551.jpg?v=1764267128,,حقائق عن المكملات الغذائية: الآثار التغذوية;حجم الحصة: 4الحصص في كل حاوية: 7: الكمية;فيتامين سي على شكل حمض الأسكوربيك: 60 ملغ;فيتامين E كأسيتات ألفا توكوفيرول D1: 30 ملغ;البيوتين: 10.000 ميكروجرام;الكولاجين المحلل (النوع البحري I & IIl): 2000 ملغ;حمض الهيالورونيك: 50 ملغ;مزيج دعم إنتاج الكولاجين:مستخلص مسحوق الليمون العضوي(على هيئة ليمونين: NLT 30%): 388 ملغ64 ملغ;مستخلص التوت الأملا العضوي(على هيئة تانينات قابلة للتحلل المائي: NLT 60٪): 64 ملغ;مستخلص مسحوق السيليكا العضوي من الخيزران(على شكل سيليكا عضوية: 70٪): 64 ملغ;مستخلص مسحوق ثمر الورد العضوي(على هيئة بوليفينول: 5 – 25%): 80 ملغ;مستخلص الفطر العضوي(على هيئة عديدات السكاريد: NLT 30%): 56 ملغ;مستخلص الكامو كامو العضوي(مثل فيسكالاجين NLT 15% – مثل كاستالاجين: NLT 7%): 60 ملغ,skin-care
364.0,EGP,Veexia,Home > العناية بالبشرة > في كير 30 كبسولة > Back to العناية بالبشرة > مصل البشرة الدقيق 30 مل,in stock,https://aldawaaegy.com/ar/collections/skin-care/products/vee-care-60-cap,https://cdn.shopify.com/s/files/1/0566/6779/9603/files/vee-care-60cap-7600630.jpg?v=1764267128,https://cdn.shopify.com/s/files/1/0566/6779/9603/files/vee-care-60cap-7600630.jpg?v=1764267128,,حقائق عن المكملات الغذائية: الآثار التغذوية;حجم الحصة: 4الحصص في كل حاوية: 7: الكمية;فيتامين سي على شكل حمض الأسكوربيك: 60 ملغ;فيتامين E كأسيتات ألفا توكوفيرول D1: 30 ملغ;البيوتين: 10.000 ميكروجرام;الكولاجين المحلل (النوع البحري I & IIl): 2000 ملغ;حمض الهيالورونيك: 50 ملغ;مزيج دعم إنتاج الكولاجين:مستخلص مسحوق الليمون العضوي(على هيئة ليمونين: NLT 30%): 388 ملغ64 ملغ;مستخلص التوت الأملا العضوي(على هيئة تانينات قابلة للتحلل المائي: NLT 60٪): 64 ملغ;مستخلص مسحوق السيليكا العضوي من الخيزران(على شكل سيليكا عضوية: 70٪): 64 ملغ;مستخلص مسحوق ثمر الورد العضوي(على هيئة بوليفينول: 5 – 25%): 80 ملغ;مستخلص الفطر العضوي(على هيئة عديدات السكاريد: NLT 30%): 56 ملغ;مستخلص الكامو كامو العضوي(مثل فيسكالاجين NLT 15% – مثل كاستالاجين: NLT 7%): 60 ملغ,skin-care
349.0,EGP,NOOR-MED,Home > العناية بالبشرة > في كير 60 كبسولة > Back to العناية بالبشرة > رذاذ جلي الكب كيك من فافيلين 125 مل,sold out,https://aldawaaegy.com/ar/collections/skin-care/products/precise-skin-serum-30ml,https://cdn.shopify.com/s/files/1/0566/6779/9603/files/precise-beauty-skin-lightening-serum-30ml-6402011.jpg?v=1762438639,https://cdn.shopify.com/s/files/1/0566/6779/9603/files/precise-beauty-skin-lightening-serum-30ml-6402011.jpg?v=1762438639,skin-care
375.0,EGP,Favelin,Home > العناية بالبشرة > مصل البشرة الدقيق 30 مل > Back to العناية بالبشرة > زبدة الجسم فافلين صن كيسد 185 مل,sold out,https://aldawaaegy.com/ar/collections/skin-care/products/favelin-cup-cake-glaze-splash-125ml,https://cdn.shopify.com/s/files/1/0566/6779/9603/files/favelin-cup-cake-glaze-splash-125ml-2231800.webp?v=1762438855,https://cdn.shopify.com/s/files/1/0566/6779/9603/files/favelin-cup-cake-glaze-splash-125ml-2231800.webp?v=1762438855,skin-care
450.0,EGP,Favelin,Home > العناية بالبشرة > رذاذ جلي الكب كيك من فافيلين 125 مل > Back to العناية بالبشرة > زبدة الجسم فافيلين فيوليت تويست 185 مل,sold out,https://aldawaaegy.com/ar/collections/skin-care/products/favelin-sun-kissed-body-butter-185ml,https://cdn.shopify.com/s/files/1/0566/6779/9603/files/favelin-sun-kissed-body-butter-185ml-5965012.webp?v=1762438374,https://cdn.shopify.com/s/files/1/0566/6779/9603/files/favelin-sun-kissed-body-butter-185ml-5965012.webp?v=1762438374,skin-care
450.0,EGP,Favelin,Home > العناية بالبشرة > زبدة الجسم فافلين صن كيسد 185 مل > Back to العناية بالبشرة > لوشن الجسم فافيلين كب كيك جليز 125 مل,sold out,https://aldawaaegy.com/ar/collections/skin-care/products/favelin-violet-twist-body-butter-185ml,https://cdn.shopify.com/s/files/1/0566/6779/9603/files/favelin-violet-twist-body-butter-185ml-4145702.webp?v=1762439237,https://cdn.shopify.com/s/files/1/0566/6779/9603/files/favelin-violet-twist-body-butter-185ml-4145702.webp?v=1762439237,skin-care
350.0,EGP,Favelin,Home > العناية بالبشرة > زبدة الجسم فافيلين فيوليت تويست 185 مل > Back to العناية بالبشرة > معطر الجسم فافلين إنتو ذا وايلد 125 مل,sold out,https://aldawaaegy.com/ar/collections/skin-care/products/favelin-cup-cake-glaze-body-lotion-125ml,https://cdn.shopify.com/s/files/1/0566/6779/9603/files/favelin-cup-cake-glaze-body-lotion-125ml-8763580.webp?v=1762439468,https://cdn.shopify.com/s/files/1/0566/6779/9603/files/favelin-cup-cake-glaze-body-lotion-125ml-8763580.webp?v=1762439468,skin-care
375.0,EGP,Favelin,Home > العناية بالبشرة > لوشن الجسم فافيلين كب كيك جليز 125 مل > Back to العناية بالبشرة > معطر جسم فافلين برائحة المسك الأبيض 250 مل,sold out,https://aldawaaegy.com/ar/collections/skin-care/products/favelin-body-splash-into-the-wild-125ml,https://cdn.shopify.com/s/files/1/0566/6779/9603/files/favelin-body-splash-into-the-wild-125ml-4310738.webp?v=1762439003,https://cdn.shopify.com/s/files/1/0566/6779/9603/files/favelin-body-splash-into-the-wild-125ml-4310738.webp?v=1762439003,skin-care
399.0,EGP,Favelin,Home > العناية بالبشرة > معطر الجسم فافلين إنتو ذا وايلد 125 مل > Back to العناية بالبشرة > معطر الجسم فافلين ديزيرت ويسبر 125 مل,sold out,https://aldawaaegy.com/ar/collections/skin-care/products/favelin-body-splash-white-musk-250ml,https://cdn.shopify.com/s/files/1/0566/6779/9603/files/favelin-body-splash-white-musk-250ml-9308878.jpg?v=1762438617,https://cdn.shopify.com/s/files/1/0566/6779/9603/files/favelin-body-splash-white-musk-250ml-9308878.jpg?v=1762438617,skin-care
375.0,EGP,Favelin,Home > العناية بالبشرة > معطر جسم فافلين برائحة المسك الأبيض 250 مل > Back to العناية بالبشرة > لوشن الجسم فافلين إنتو ذا وايلد 125 مل,sold out,https://aldawaaegy.com/ar/collections/skin-care/products/favelin-body-splash-desert-whisper-125ml,https://cdn.shopify.com/s/files/1/0566/6779/9603/files/favelin-body-splash-desert-whisper-125ml-1080924.webp?v=1762438029,https://cdn.shopify.com/s/files/1/0566/6779/9603/files/favelin-body-splash-desert-whisper-125ml-1080924.webp?v=1762438029,skin-care
350.0,EGP,Favelin,Home > العناية بالبشرة > معطر الجسم فافلين ديزيرت ويسبر 125 مل > Back to العناية بالبشرة > لوشن الجسم فافلين بالسكر الوردي 250 مل,sold out,https://aldawaaegy.com/ar/collections/skin-care/products/favelin-body-lotion-into-the-wild-125ml,https://cdn.shopify.com/s/files/1/0566/6779/9603/files/favelin-body-lotion-into-the-wild-125ml-1664195.webp?v=1762438649,https://cdn.shopify.com/s/files/1/0566/6779/9603/files/favelin-body-lotion-into-the-wild-125ml-1664195.webp?v=1762438649,skin-care
320.0,EGP,Favelin,Home > العناية بالبشرة > لوشن الجسم فافلين إنتو ذا وايلد 125 مل > Back to العناية بالبشرة > لوشن الجسم فافلين بالمسك الأبيض 250 مل,sold out,https://aldawaaegy.com/ar/collections/skin-care/products/favelin-body-lotion-pink-sugar-250ml,https://cdn.shopify.com/s/files/1/0566/6779/9603/files/favelin-body-lotion-pink-sugar-250ml-9316056.jpg?v=1762438368,https://cdn.shopify.com/s/files/1/0566/6779/9603/files/favelin-body-lotion-pink-sugar-250ml-9316056.jpg?v=1762438368,skin-care
320.0,EGP,Favelin,Home > العناية بالبشرة > لوشن الجسم فافلين بالسكر الوردي 250 مل > Back to العناية بالبشرة > لوشن الجسم فافلين ديزيرت ويسبر 125 مل,sold out,https://aldawaaegy.com/ar/collections/skin-care/products/favelin-body-lotion-white-musk-250ml,https://cdn.shopify.com/s/files/1/0566/6779/9603/files/favelin-body-lotion-white-musk-250ml-4077571.jpg?v=1762439301,https://cdn.shopify.com/s/files/1/0566/6779/9603/files/favelin-body-lotion-white-musk-250ml-4077571.jpg?v=1762439301,skin-care
350.0,EGP,Favelin,Home > العناية بالبشرة > لوشن الجسم فافلين بالمسك الأبيض 250 مل > Back to العناية بالبشرة > لوشن الجسم فافيلين فيوليت تويست 125 مل,in stock,https://aldawaaegy.com/ar/collections/skin-care/products/favelin-body-lotion-desert-whisper-125ml,https://cdn.shopify.com/s/files/1/0566/6779/9603/files/favelin-body-lotion-desert-whisper-125ml-2148107.webp?v=1762438669,https://cdn.shopify.com/s/files/1/0566/6779/9603/files/favelin-body-lotion-desert-whisper-125ml-2148107.webp?v=1762438669,skin-care
350.0,EGP,Favelin,Home > العناية بالبشرة > لوشن الجسم فافلين ديزيرت ويسبر 125 مل > Back to العناية بالبشرة > لوشن الجسم فافلين صن كيسد 125 مل,in stock,https://aldawaaegy.com/ar/collections/skin-care/products/favelin-violet-twist-body-lotion-125ml,https://cdn.shopify.com/s/files/1/0566/6779/9603/files/favelin-violet-twist-body-lotion-125ml-6027451.webp?v=1762437907,https://cdn.shopify.com/s/files/1/0566/6779/9603/files/favelin-violet-twist-body-lotion-125ml-6027451.webp?v=1762437907,skin-care
350.0,EGP,Favelin,Home > العناية بالبشرة > لوشن الجسم فافيلين فيوليت تويست 125 مل > Back to العناية بالبشرة > معطر الجسم فافيلين فيوليت تويست 125 مل,sold out,https://aldawaaegy.com/ar/collections/skin-care/products/favelin-sun-kissed-body-lotion-125ml,https://cdn.shopify.com/s/files/1/0566/6779/9603/files/favelin-sun-kissed-body-lotion-125ml-9557741.webp?v=1762438429,https://cdn.shopify.com/s/files/1/0566/6779/9603/files/favelin-sun-kissed-body-lotion-125ml-9557741.webp?v=1762438429,skin-care
375.0,EGP,Favelin,Home > العناية بالبشرة > لوشن الجسم فافلين صن كيسد 125 مل > Back to العناية بالبشرة > لوشن الجسم فافلين برائحة النسيم الاستوائي 250 مل,in stock,https://aldawaaegy.com/ar/collections/skin-care/products/favelin-violet-twist-body-splash-125ml,https://cdn.shopify.com/s/files/1/0566/6779/9603/files/favelin-violet-twist-body-splash-125ml-5487220.webp?v=1762438774,https://cdn.shopify.com/s/files/1/0566/6779/9603/files/favelin-violet-twist-body-splash-125ml-5487220.webp?v=1762438774,skin-care
320.0,EGP,Favelin,Home > العناية بالبشرة > معطر الجسم فافيلين فيوليت تويست 125 مل > Back to العناية بالبشرة > زبدة الجسم فافلين إنتو ذا وايلد 185 مل,sold out,https://aldawaaegy.com/ar/collections/skin-care/products/favelin-body-lotion-tropical-breeze-250ml,https://cdn.shopify.com/s/files/1/0566/6779/9603/files/favelin-body-lotion-tropical-breeze-250ml-1219051.jpg?v=1762438645,https://cdn.shopify.com/s/files/1/0566/6779/9603/files/favelin-body-lotion-tropical-breeze-250ml-1219051.jpg?v=1762438645,skin-care
450.0,EGP,Favelin,Home > العناية بالبشرة > لوشن الجسم فافلين برائحة النسيم الاستوائي 250 مل > Back to العناية بالبشرة > معطر الجسم فافلين صن كيسد 125 مل,in stock,https://aldawaaegy.com/ar/collections/skin-care/products/favelin-body-butter-into-the-wild-185ml,https://cdn.shopify.com/s/files/1/0566/6779/9603/files/favelin-body-butter-into-the-wild-185ml-1686558.webp?v=1762438423,https://cdn.shopify.com/s/files/1/0566/6779/9603/files/favelin-body-butter-into-the-wild-185ml-1686558.webp?v=1762438423,skin-care
375.0,EGP,Favelin,Home > العناية بالبشرة > زبدة الجسم فافلين إنتو ذا وايلد 185 مل > Back to العناية بالبشرة > زيت فافلين الجاف (للوجه والشعر والجسم) 50 مل,in stock,https://aldawaaegy.com/ar/collections/skin-care/products/favelin-sun-kissed-body-splash-125ml,https://cdn.shopify.com/s/files/1/0566/6779/9603/files/favelin-sun-kissed-body-splash-125ml-7501319.webp?v=1762439235,https://cdn.shopify.com/s/files/1/0566/6779/9603/files/favelin-sun-kissed-body-splash-125ml-7501319.webp?v=1762439235,skin-care
700.0,EGP,Favelin,Home > العناية بالبشرة > معطر الجسم فافلين صن كيسد 125 مل > Back to العناية بالبشرة > ديرماكوتيكس بورا لوشن 40 مل,sold out,https://aldawaaegy.com/ar/collections/skin-care/products/favelin-dry-oil-face-hair-body50ml,https://cdn.shopify.com/s/files/1/0566/6779/9603/files/favelin-dry-oil-face-hairbody50ml-8713792.webp?v=1762438211,https://cdn.shopify.com/s/files/1/0566/6779/9603/files/favelin-dry-oil-face-hairbody50ml-8713792.webp?v=1762438211,skin-care
135.0,EGP,Dermacutix,Home > العناية بالبشرة > زيت فافلين الجاف (للوجه والشعر والجسم) 50 مل > Back to العناية بالبشرة > ديرماكوتيكس أتولكس 100 جم,in stock,https://aldawaaegy.com/ar/collections/skin-care/products/dermacutix-pura-lotion-40ml,https://cdn.shopify.com/s/files/1/0566/6779/9603/files/dermacutix-pura-lotion-40ml-3930266.jpg?v=1762438035,https://cdn.shopify.com/s/files/1/0566/6779/9603/files/dermacutix-pura-lotion-40ml-3930266.jpg?v=1762438035,skin-care
190.0,EGP,Dermacutix,Home > العناية بالبشرة > ديرماكوتيكس بورا لوشن 40 مل > Back to العناية بالبشرة > بيوثرم تشيري رول 50 مل,in stock,https://aldawaaegy.com/ar/collections/skin-care/products/dermacutix-atolex-100gm,https://cdn.shopify.com/s/files/1/0566/6779/9603/files/dermacutix-atolex-100gm-2907503.png?v=1762439910,https://cdn.shopify.com/s/files/1/0566/6779/9603/files/dermacutix-atolex-100gm-2907503.png?v=1762439910,skin-care
140.0,EGP,Biotherm,Home > العناية بالبشرة > ديرماكوتيكس أتولكس 100 جم > Back to العناية بالبشرة > بيوثرم فيتامين سي رول اون 60 مل 1+1,sold out,https://aldawaaegy.com/ar/collections/skin-care/products/biotherm-cherry-roll-50ml,https://cdn.shopify.com/s/files/1/0566/6779/9603/files/biotherm-cherry-roll-50ml-4726893.webp?v=1762438285,https://cdn.shopify.com/s/files/1/0566/6779/9603/files/biotherm-cherry-roll-50ml-4726893.webp?v=1762438285,skin-care
185.0,EGP,Biotherm,Home > العناية بالبشرة > بيوثرم تشيري رول 50 مل > Back to العناية بالبشرة > مزيل العرق بيوثرم مسك 60 مل (1+1) إيقاف,sold out,https://aldawaaegy.com/ar/collections/skin-care/products/biotherm-roll-on-musk-60ml-1,https://cdn.shopify.com/s/files/1/0566/6779/9603/files/biotherm-vitc-roll-on-60ml-11-4130876.webp?v=1762439020,https://cdn.shopify.com/s/files/1/0566/6779/9603/files/biotherm-vitc-roll-on-60ml-11-4130876.webp?v=1762439020,skin-care
172.0,EGP,Biotherm,Home > العناية بالبشرة > بيوثرم فيتامين سي رول اون 60 مل 1+1 > Back to العناية بالبشرة > سيناتور ايمولينت كريم كولاجين 200 مل,sold out,https://aldawaaegy.com/ar/collections/skin-care/products/biotherm-vit-c-roll-on-60ml-1-1,https://cdn.shopify.com/s/files/1/0566/6779/9603/files/biotherm-musk-deodrant-roll-on-60ml11-off-3508684.webp?v=1762438253,https://cdn.shopify.com/s/files/1/0566/6779/9603/files/biotherm-musk-deodrant-roll-on-60ml11-off-3508684.webp?v=1762438253,skin-care
250.0,EGP,Senator,Home > العناية بالبشرة > مزيل العرق بيوثرم مسك 60 مل (1+1) إيقاف > Back to العناية بالبشرة > بيزلين رول جزر المحيط الهادئ 1+1 خصم,in stock,https://aldawaaegy.com/ar/collections/skin-care/products/senator-emollent-cream-collagen-200ml,https://cdn.shopify.com/s/files/1/0566/6779/9603/files/senator-emollent-cream-lotion-collagen-200ml-8942244.jpg?v=1762438282,https://cdn.shopify.com/s/files/1/0566/6779/9603/files/senator-emollent-cream-lotion-collagen-200ml-8942244.jpg?v=1762438282,skin-care
500.0,EGP,Beesline,Home > العناية بالبشرة > سيناتور ايمولينت كريم كولاجين 200 مل > Back to العناية بالبشرة > بيزلين رول إنفيزيبل تاتش + بخاخ بدون عطر,sold out,https://aldawaaegy.com/ar/collections/skin-care/products/beesline-roll-pacific-islands-1-1-off-old-price,https://cdn.shopify.com/s/files/1/0566/6779/9603/files/beesline-roll-pacific-islands-11-off-old-price-5503740.webp?v=1762438852,https://cdn.shopify.com/s/files/1/0566/6779/9603/files/beesline-roll-pacific-islands-11-off-old-price-5503740.webp?v=1762438852,skin-care
400.0,EGP,Beesline,Home > العناية بالبشرة > بيزلين رول جزر المحيط الهادئ 1+1 خصم > Back to العناية بالبشرة > بيزلين رول جوري روز+أكتيف فريش أوف,sold out,https://aldawaaegy.com/ar/collections/skin-care/products/beesline-roll-invisibl-touch-fragrance-free-spray-offold-price,https://cdn.shopify.com/s/files/1/0566/6779/9603/files/beesline-roll-invisibl-touch-fragrance-free-spray-offold-price-7783101.jpg?v=1762439631,https://cdn.shopify.com/s/files/1/0566/6779/9603/files/beesline-roll-invisibl-touch-fragrance-free-spray-offold-price-7783101.jpg?v=1762439631,skin-care
500.0,EGP,Beesline,Home > العناية بالبشرة > بيزلين رول إنفيزيبل تاتش + بخاخ بدون عطر > Back to العناية بالبشرة > بيزلين رول بودرة جافة + أوشن فريش أوف,sold out,https://aldawaaegy.com/ar/collections/skin-care/products/beesline-roll-jouri-rose-active-fresh-off,https://cdn.shopify.com/s/files/1/0566/6779/9603/files/beesline-roll-jouri-roseactive-fresh-off-7564445.png?v=1762439851,https://cdn.shopify.com/s/files/1/0566/6779/9603/files/beesline-roll-jouri-roseactive-fresh-off-7564445.png?v=1762439851,skin-care
500.0,EGP,Beesline,Home > العناية بالبشرة > بيزلين رول جوري روز+أكتيف فريش أوف > Back to العناية بالبشرة > بيزلين إنفيزيبل تاتش رول 1+1 أوف,sold out,https://aldawaaegy.com/ar/collections/skin-care/products/beesline-roll-dry-powder-ocean-fresh-off,https://cdn.shopify.com/s/files/1/0566/6779/9603/files/beesline-roll-dry-powderocean-fresh-off-8558437.webp?v=1762438460,https://cdn.shopify.com/s/files/1/0566/6779/9603/files/beesline-roll-dry-powderocean-fresh-off-8558437.webp?v=1762438460,skin-care
550.0,EGP,Beesline,Home > العناية بالبشرة > بيزلين رول بودرة جافة + أوشن فريش أوف > Back to العناية بالبشرة > بيزلين بيوتي بيرل رول 1+1 خصم,sold out,https://aldawaaegy.com/ar/collections/skin-care/products/beesline-invisible-touch-roll-1-1-off,https://cdn.shopify.com/s/files/1/0566/6779/9603/files/beesline-invisible-touch-roll-11-off-9661910.webp?v=1762439638,https://cdn.shopify.com/s/files/1/0566/6779/9603/files/beesline-invisible-touch-roll-11-off-9661910.webp?v=1762439638,skin-care
550.0,EGP,Beesline,Home > العناية بالبشرة > بيزلين إنفيزيبل تاتش رول 1+1 أوف > Back to العناية بالبشرة > روتين بيزلين لتبييض المنطقة الحميمة 2*1,sold out,https://aldawaaegy.com/ar/collections/skin-care/products/beesline-beauty-pearl-roll-1-1off,https://cdn.shopify.com/s/files/1/0566/6779/9603/files/beesline-beauty-pearl-roll-11off-2576635.jpg?v=1762438880,https://cdn.shopify.com/s/files/1/0566/6779/9603/files/beesline-beauty-pearl-roll-11off-2576635.jpg?v=1762438880,skin-care
699.0,EGP,Beesline,Home > العناية بالبشرة > بيزلين بيوتي بيرل رول 1+1 خصم > Back to العناية بالبشرة > بيزلين كول بريز وايت رول أون (1+1) إيقاف,sold out,https://aldawaaegy.com/ar/collections/skin-care/products/beesline-whitening-intimate-routine-2-1,https://cdn.shopify.com/s/files/1/0566/6779/9603/files/beesline-whitening-intimate-routine-21-8193889.png?v=1762438062,https://cdn.shopify.com/s/files/1/0566/6779/9603/files/beesline-whitening-intimate-routine-21-8193889.png?v=1762438062,skin-care
550.0,EGP,Beesline,Home > العناية بالبشرة > روتين بيزلين لتبييض المنطقة الحميمة 2*1 > Back to العناية بالبشرة > بيزلين كريم الوقاية من الشمس الأبيض SPF50+ROLL BEAUTY PEARL PROMO PACK,sold out,https://aldawaaegy.com/ar/collections/skin-care/products/beesline-white-roll-oncool-breeze-1-1off,https://cdn.shopify.com/s/files/1/0566/6779/9603/files/beesline-white-roll-oncool-breeze-11off-6170492.webp?v=1762438875,https://cdn.shopify.com/s/files/1/0566/6779/9603/files/beesline-white-roll-oncool-breeze-11off-6170492.webp?v=1762438875,skin-care
600.0,EGP,Beesline,Home > العناية بالبشرة > بيزلين كول بريز وايت رول أون (1+1) إيقاف > Back to العناية بالبشرة > بيزلين ULTRA SCREEN Sunfilter SPF50 + عبوة ROLL ELDER ROSE الترويجية,sold out,https://aldawaaegy.com/ar/collections/skin-care/products/beesline-white-sunfilter-spf50-roll-beauty-pearl-promo-pack-test,https://cdn.shopify.com/s/files/1/0566/6779/9603/files/beesline-white-sunfilter-spf50roll-beauty-pearl-promo-pack-5644676.jpg?v=1762437913,https://cdn.shopify.com/s/files/1/0566/6779/9603/files/beesline-white-sunfilter-spf50roll-beauty-pearl-promo-pack-5644676.jpg?v=1762437913,skin-care
600.0,EGP,Beesline,Home > العناية بالبشرة > بيزلين كريم الوقاية من الشمس الأبيض SPF50+ROLL BEAUTY PEARL PROMO PACK > Back to العناية بالبشرة > بيزلين ULTRA SCREEN Sunfilter SPF50 + عبوة ترويجية من ROLL PACIFIC ISLAND,sold out,https://aldawaaegy.com/ar/collections/skin-care/products/beesline-ultra-screen-sunfilter-spf50-roll-elder-rose-promo-pack,https://cdn.shopify.com/s/files/1/0566/6779/9603/files/beesline-ultra-screen-sunfilter-spf50-roll-elder-rose-promo-pack-2654056.jpg?v=1762438623,https://cdn.shopify.com/s/files/1/0566/6779/9603/files/beesline-ultra-screen-sunfilter-spf50-roll-elder-rose-promo-pack-2654056.jpg?v=1762438623,skin-care
600.0,EGP,Beesline,Home > العناية بالبشرة > بيزلين ULTRA SCREEN Sunfilter SPF50 + عبوة ROLL ELDER ROSE الترويجية > Back to العناية بالبشرة > بيزلين فلتر واقي من الشمس بعامل حماية من الشمس SPF50 + عبوة ترويجية من حلوى القطن رول,sold out,https://aldawaaegy.com/ar/collections/skin-care/products/beesline-ultra-screen-sunfilter-spf50-roll-pacific-island-promo-pack,https://cdn.shopify.com/s/files/1/0566/6779/9603/files/beesline-ultra-screen-sunfilter-spf50-roll-pacific-island-promo-pack-5558406.webp?v=1762438877,https://cdn.shopify.com/s/files/1/0566/6779/9603/files/beesline-ultra-screen-sunfilter-spf50-roll-pacific-island-promo-pack-5558406.webp?v=1762438877,skin-care
600.0,EGP,Beesline,Home > العناية بالبشرة > بيزلين ULTRA SCREEN Sunfilter SPF50 + عبوة ترويجية من ROLL PACIFIC ISLAND > Back to العناية بالبشرة > بيزلين رول لتأخير الشعر 50 مل 1+1 خصم,sold out,https://aldawaaegy.com/ar/collections/skin-care/products/beesline-ultra-screen-sunfilter-spf50-roll-cotton-candy-promo-pack,https://cdn.shopify.com/s/files/1/0566/6779/9603/files/beesline-ultra-screen-sunfilter-spf50-roll-cotton-candy-promo-pack-8239964.jpg?v=1762440991,https://cdn.shopify.com/s/files/1/0566/6779/9603/files/beesline-ultra-screen-sunfilter-spf50-roll-cotton-candy-promo-pack-8239964.jpg?v=1762440991,skin-care
599.0,EGP,Beesline,Home > العناية بالبشرة > بيزلين فلتر واقي من الشمس بعامل حماية من الشمس SPF50 + عبوة ترويجية من حلوى القطن رول > Back to العناية بالبشرة > عرض كريم بيزلين غير المرئي + زيت تسمير البشرة باللون الذهبي,in stock,https://aldawaaegy.com/ar/collections/skin-care/products/beesline-hair-delaying-roll-50ml1-1-off,https://cdn.shopify.com/s/files/1/0566/6779/9603/files/beesline-hair-delaying-roll-50ml11-off-4519188.webp?v=1762439740,https://cdn.shopify.com/s/files/1/0566/6779/9603/files/beesline-hair-delaying-roll-50ml11-off-4519188.webp?v=1762439740,skin-care
555.0,EGP,Beesline,Home > العناية بالبشرة > بيزلين رول لتأخير الشعر 50 مل 1+1 خصم > Back to العناية بالبشرة > عرض على منظف ومقشر الوجه بيزلين (4*1),sold out,https://aldawaaegy.com/ar/collections/skin-care/products/beesline-cream-invisible-gold-oil-offer,https://cdn.shopify.com/s/files/1/0566/6779/9603/files/beesline-cream-invisiblegold-oil-offer-5997357.jpg?v=1762440451,https://cdn.shopify.com/s/files/1/0566/6779/9603/files/beesline-cream-invisiblegold-oil-offer-5997357.jpg?v=1762440451,skin-care
550.0,EGP,Beesline,Home > العناية بالبشرة > عرض كريم بيزلين غير المرئي + زيت تسمير البشرة باللون الذهبي > Back to العناية بالبشرة > عرض بيزلين واقي الشمس الترا سكرين SPF50 1 + 1,sold out,https://aldawaaegy.com/ar/collections/skin-care/products/beesline4-1-cleanseer-facial-toner-offer,https://cdn.shopify.com/s/files/1/0566/6779/9603/files/beesline41-cleanseerfacial-toner-offer-8805107.jpg?v=1762440507,https://cdn.shopify.com/s/files/1/0566/6779/9603/files/beesline41-cleanseerfacial-toner-offer-8805107.jpg?v=1762440507,skin-care
600.0,EGP,Beesline,Home > العناية بالبشرة > عرض على منظف ومقشر الوجه بيزلين (4*1) > Back to العناية بالبشرة > بيزلين رول سبورت بلس (1+1),sold out,https://aldawaaegy.com/ar/collections/skin-care/products/beesline-ultra-screen-sunfilter-spf50-offer,https://cdn.shopify.com/s/files/1/0566/6779/9603/files/beesline-ultra-screen-sunfilter-spf50-offer-9417555.jpg?v=1762438036,https://cdn.shopify.com/s/files/1/0566/6779/9603/files/beesline-ultra-screen-sunfilter-spf50-offer-9417555.jpg?v=1762438036,skin-care
500.0,EGP,Beesline,Home > العناية بالبشرة > عرض بيزلين واقي الشمس الترا سكرين SPF50 1 + 1 > Back to العناية بالبشرة > مصل فيتامين سي للوجه من دكتور راشيل,sold out,https://aldawaaegy.com/ar/collections/skin-care/products/beesline-roll-sport-pluse-1-1,https://cdn.shopify.com/s/files/1/0566/6779/9603/files/beesline-roll-sport-pluse-11-8549323.jpg?v=1762437913,https://cdn.shopify.com/s/files/1/0566/6779/9603/files/beesline-roll-sport-pluse-11-8549323.jpg?v=1762437913,skin-care
228.0,EGP,Dr.Rashel,Home > العناية بالبشرة > بيزلين رول سبورت بلس (1+1) > Back to العناية بالبشرة > كريم نهاري مس فلافي هيدرو بوست 30 جم,sold out,https://aldawaaegy.com/ar/collections/skin-care/products/dr-rashel-vitamin-c-face-serum,https://cdn.shopify.com/s/files/1/0566/6779/9603/files/drrashel-vit-c-face-serum-1678635.png?v=1762439169,https://cdn.shopify.com/s/files/1/0566/6779/9603/files/drrashel-vit-c-face-serum-1678635.png?v=1762439169,skin-care
360.0,EGP,Miss Fluffy,Home > العناية بالبشرة > مصل فيتامين سي للوجه من دكتور راشيل > Back to العناية بالبشرة > كريم الوقاية من الشمس للعطلات 60 مل,in stock,https://aldawaaegy.com/ar/collections/skin-care/products/miss-fluffy-hydro-boost-day-cream-30-gm,https://cdn.shopify.com/s/files/1/0566/6779/9603/files/miss-fluffy-day-cream-30ml-7370020.jpg?v=1762438042,https://cdn.shopify.com/s/files/1/0566/6779/9603/files/miss-fluffy-day-cream-30ml-7370020.jpg?v=1762438042,skin-care
350.0,EGP,Vacation,Home > العناية بالبشرة > كريم نهاري مس فلافي هيدرو بوست 30 جم > Back to العناية بالبشرة > نانو تريت واقي الشمس SPF50+ 50 مل,in stock,https://aldawaaegy.com/ar/collections/skin-care/products/vacation-sunscreen-cream-60ml,https://cdn.shopify.com/s/files/1/0566/6779/9603/files/vacation-sunscreen-cream-60ml-4490355.jpg?v=1762438454,https://cdn.shopify.com/s/files/1/0566/6779/9603/files/vacation-sunscreen-cream-60ml-4490355.jpg?v=1762438454,skin-care
450.0,EGP,Nano Treat,Home > العناية بالبشرة > كريم الوقاية من الشمس للعطلات 60 مل > Back to العناية بالبشرة > جل واقي من الشمس بيور تاتش هيدرو جل 60 مل,in stock,https://aldawaaegy.com/ar/collections/skin-care/products/nano-treat-sunscreen-spf50-50ml,https://cdn.shopify.com/s/files/1/0566/6779/9603/files/nano-treat-sunscreen-spf50-50ml-9167711.webp?v=1762439234,https://cdn.shopify.com/s/files/1/0566/6779/9603/files/nano-treat-sunscreen-spf50-50ml-9167711.webp?v=1762439234,skin-care
450.0,EGP,Vacation,Home > العناية بالبشرة > نانو تريت واقي الشمس SPF50+ 50 مل > Back to العناية بالبشرة > زيت في سولار تان بعامل حماية من الشمس 10، 200 مل,in stock,https://aldawaaegy.com/ar/collections/skin-care/products/vacation-sunscreen-pure-touch-hydro-gel-60-ml,https://cdn.shopify.com/s/files/1/0566/6779/9603/files/vacation-sunscreen-hydro-gel-60ml-1239809.jpg?v=1762440680,https://cdn.shopify.com/s/files/1/0566/6779/9603/files/vacation-sunscreen-hydro-gel-60ml-1239809.jpg?v=1762440680,skin-care
227.5,EGP,Veexia,Home > العناية بالبشرة > جل واقي من الشمس بيور تاتش هيدرو جل 60 مل > Back to العناية بالبشرة > كريم الشمس من فارم ستاي بالألوفيرا 70 جم,sold out,https://aldawaaegy.com/ar/collections/skin-care/products/vee-solar-tan-oil,https://cdn.shopify.com/s/files/1/0566/6779/9603/files/vee-solar-tan-oil-4895528.jpg?v=1762438054,https://cdn.shopify.com/s/files/1/0566/6779/9603/files/vee-solar-tan-oil-4895528.jpg?v=1762438054,skin-care
419.0,EGP,Farm Stay,Home > العناية بالبشرة > زيت في سولار تان بعامل حماية من الشمس 10، 200 مل > Back to العناية بالبشرة > عرض واقي الشمس VEE SOLAR 50 مل (1+1),sold out,https://aldawaaegy.com/ar/collections/skin-care/products/farm-stay-sun-cream-aloevera-70gm,https://cdn.shopify.com/s/files/1/0566/6779/9603/files/farm-stay-sun-cream-aloevera-70gm-6195593.png?v=1762438775,https://cdn.shopify.com/s/files/1/0566/6779/9603/files/farm-stay-sun-cream-aloevera-70gm-6195593.png?v=1762438775,skin-care
480.0,EGP,Veexia,Home > العناية بالبشرة > كريم الشمس من فارم ستاي بالألوفيرا 70 جم > Back to العناية بالبشرة > لونا واقي الشمس سبورت SPF 50 130 مل,sold out,https://aldawaaegy.com/ar/collections/skin-care/products/vee-solar-sunscreen-lotion-spf-50,https://cdn.shopify.com/s/files/1/0566/6779/9603/files/vee-solar-sun-screen-50-ml-offer-11-5344098.jpg?v=1762439162,https://cdn.shopify.com/s/files/1/0566/6779/9603/files/vee-solar-sun-screen-50-ml-offer-11-5344098.jpg?v=1762439162,skin-care
251.0,EGP,Luna,Home > العناية بالبشرة > عرض واقي الشمس VEE SOLAR 50 مل (1+1) > Back to العناية بالبشرة > إيفا واقي من الشمس للبشرة المعرضة لحب الشباب 40 مل,sold out,https://aldawaaegy.com/ar/collections/skin-care/products/luna-sunscreen-sport-spf-50-130-ml,https://cdn.shopify.com/s/files/1/0566/6779/9603/files/luna-sunscreen-sport-spf-50-130-ml-2144894.png?v=1762438284,https://cdn.shopify.com/s/files/1/0566/6779/9603/files/luna-sunscreen-sport-spf-50-130-ml-2144894.png?v=1762438284,skin-care
170.0,EGP,Eva,Home > العناية بالبشرة > لونا واقي الشمس سبورت SPF 50 130 مل > Back to العناية بالبشرة > منظف ​​فيل جود سيبا النقي 250 مل,in stock,https://aldawaaegy.com/ar/collections/skin-care/products/eva-acne-prone-skin-sunscreen-40ml,https://cdn.shopify.com/s/files/1/0566/6779/9603/files/eva-acne-prone-skin-sunscreen-40ml-7440237.jpg?v=1762438060,https://cdn.shopify.com/s/files/1/0566/6779/9603/files/eva-acne-prone-skin-sunscreen-40ml-7440237.jpg?v=1762438060,skin-care
160.0,EGP,Feel Good,Home > العناية بالبشرة > إيفا واقي من الشمس للبشرة المعرضة لحب الشباب 40 مل > Back to العناية بالبشرة > جل منظف أكتبرون 200 مل,in stock,https://aldawaaegy.com/ar/collections/skin-care/products/feel-good-seba-pure-cleanser-250ml,https://cdn.shopify.com/s/files/1/0566/6779/9603/products/feel-good-seba-pure-cleanser-250ml-5536126.webp?v=1762441390,https://cdn.shopify.com/s/files/1/0566/6779/9603/products/feel-good-seba-pure-cleanser-250ml-5536126.webp?v=1762441390,skin-care
165.0,EGP,Actprone,Home > العناية بالبشرة > منظف ​​فيل جود سيبا النقي 250 مل > Back to العناية بالبشرة > كريم أكتبرون خالي من الزيت 50 جم,sold out,https://aldawaaegy.com/ar/collections/skin-care/products/actprone-cleansing-gel-200ml,https://cdn.shopify.com/s/files/1/0566/6779/9603/products/actprone-cleansing-gel-200ml-2071686.webp?v=1762441160,https://cdn.shopify.com/s/files/1/0566/6779/9603/products/actprone-cleansing-gel-200ml-2071686.webp?v=1762441160,skin-care
165.0,EGP,Actprone,Home > العناية بالبشرة > جل منظف أكتبرون 200 مل > Back to العناية بالبشرة > مزيل مكياج بيزلين,sold out,https://aldawaaegy.com/ar/collections/skin-care/products/actprone-oil-free-cream-50gm,https://cdn.shopify.com/s/files/1/0566/6779/9603/products/actprone-oil-free-cream-50gm-3655448.webp?v=1762441487,https://cdn.shopify.com/s/files/1/0566/6779/9603/products/actprone-oil-free-cream-50gm-3655448.webp?v=1762441487,skin-care
245.0,EGP,Beesline,Home > العناية بالبشرة > كريم أكتبرون خالي من الزيت 50 جم > Back to العناية بالبشرة > غسول الوجه كولاجرا 200 مل,sold out,https://aldawaaegy.com/ar/collections/skin-care/products/beesline-makeup-rimover,https://cdn.shopify.com/s/files/1/0566/6779/9603/products/beesline-makeup-rimover-9009729.webp?v=1762441391,https://cdn.shopify.com/s/files/1/0566/6779/9603/products/beesline-makeup-rimover-9009729.webp?v=1762441391,skin-care
167.3,EGP,Bio Stream,Home > العناية بالبشرة > مزيل مكياج بيزلين > Back to العناية بالبشرة > توبيكريم دا-إيمولينت بلسم 200 مل,sold out,https://aldawaaegy.com/ar/collections/skin-care/products/kolagra-facial-wash-200ml,https://cdn.shopify.com/s/files/1/0566/6779/9603/products/kolagra-facial-wash-200ml-2527599.jpg?v=1762440981,https://cdn.shopify.com/s/files/1/0566/6779/9603/products/kolagra-facial-wash-200ml-2527599.jpg?v=1762440981,skin-care
200.0,EGP,Topicrem,Home > العناية بالبشرة > غسول الوجه كولاجرا 200 مل > Back to العناية بالبشرة > توبيكريم حليب فائق الترطيب للجسم 200 مل,sold out,https://aldawaaegy.com/ar/collections/skin-care/products/topicrem-da-emollient-balsem-200ml,https://cdn.shopify.com/s/files/1/0566/6779/9603/products/topicrem-da-emollient-balsem-200ml-2376577.jpg?v=1762441122,https://cdn.shopify.com/s/files/1/0566/6779/9603/products/topicrem-da-emollient-balsem-200ml-2376577.jpg?v=1762441122,skin-care
482.0,EGP,Topicrem,Home > العناية بالبشرة > توبيكريم دا-إيمولينت بلسم 200 مل > Back to العناية بالبشرة > بيل كلينيك صن اكستريم صن جورا 200 مل,sold out,https://aldawaaegy.com/ar/collections/skin-care/products/topicrem-ultra-moisturizing-body-milk-200-ml,https://cdn.shopify.com/s/files/1/0566/6779/9603/products/topicrem-ultra-moisturizing-body-milk-200-ml-5130390.jpg?v=1762441169,https://cdn.shopify.com/s/files/1/0566/6779/9603/products/topicrem-ultra-moisturizing-body-milk-200-ml-5130390.jpg?v=1762441169,skin-care
315.0,EGP,Bel Clinic,Home > العناية بالبشرة > توبيكريم حليب فائق الترطيب للجسم 200 مل > Back to العناية بالبشرة > كريم فيل جود إيما ماكس 100 مل,sold out,https://aldawaaegy.com/ar/collections/skin-care/products/bel-clinic-sun-extreme-sun-jora-200ml,https://cdn.shopify.com/s/files/1/0566/6779/9603/products/bel-clinic-sun-extreme-sun-jora-200ml-4918945.jpg?v=1762440985,https://cdn.shopify.com/s/files/1/0566/6779/9603/products/bel-clinic-sun-extreme-sun-jora-200ml-4918945.jpg?v=1762440985,skin-care
200.0,EGP,Feel Good,Home > العناية بالبشرة > بيل كلينيك صن اكستريم صن جورا 200 مل > Back to العناية بالبشرة > أورانج ديلي فيتامين سي مركب الريتينول 28 مل,in stock,https://aldawaaegy.com/ar/collections/skin-care/products/feel-good-eama-max-cream-100ml,https://cdn.shopify.com/s/files/1/0566/6779/9603/products/feel-good-ema-max-cream-100ml-6694553.jpg?v=1762441480,https://cdn.shopify.com/s/files/1/0566/6779/9603/products/feel-good-ema-max-cream-100ml-6694553.jpg?v=1762441480,skin-care
449.0,EGP,Orange,Home > العناية بالبشرة > كريم فيل جود إيما ماكس 100 مل > Back to العناية بالبشرة > مركب أورانج ديلي للعيون 15 مل,sold out,https://aldawaaegy.com/ar/collections/skin-care/products/orange-daily-vit-c-retinol-complex-28ml,https://cdn.shopify.com/s/files/1/0566/6779/9603/products/orang-daily-vit-c-retinol-complex-28ml-5266303.jpg?v=1762441730,https://cdn.shopify.com/s/files/1/0566/6779/9603/products/orang-daily-vit-c-retinol-complex-28ml-5266303.jpg?v=1762441730,skin-care
579.0,EGP,Orange,Home > العناية بالبشرة > أورانج ديلي فيتامين سي مركب الريتينول 28 مل > Back to العناية بالبشرة > أورانج ديلي فيتامين سي منظف 177 مل,sold out,https://aldawaaegy.com/ar/collections/skin-care/products/orange-daily-eye-complex15ml,https://cdn.shopify.com/s/files/1/0566/6779/9603/products/orangedaily-eye-complex15ml-7896558.webp?v=1762441449,https://cdn.shopify.com/s/files/1/0566/6779/9603/products/orangedaily-eye-complex15ml-7896558.webp?v=1762441449,skin-care
300.0,EGP,Orange,Home > العناية بالبشرة > مركب أورانج ديلي للعيون 15 مل > Back to العناية بالبشرة > كريم مرطب بفيتامين C من أورانج ديلي 57 جم,sold out,https://aldawaaegy.com/ar/collections/skin-care/products/orange-daily-vitamin-c-cleanser-177ml,https://cdn.shopify.com/s/files/1/0566/6779/9603/products/orangedaily-vitamin-c-cleanser-177ml-4658506.jpg?v=1762440938,https://cdn.shopify.com/s/files/1/0566/6779/9603/products/orangedaily-vitamin-c-cleanser-177ml-4658506.jpg?v=1762440938,skin-care
339.0,EGP,Orange,Home > العناية بالبشرة > أورانج ديلي فيتامين سي منظف 177 مل > Back to العناية بالبشرة > تونر فيتامين سي اليومي بالبرتقال 177 مل,sold out,https://aldawaaegy.com/ar/collections/skin-care/products/orange-daily-vitamin-c-moisturizing-cream-57g,https://cdn.shopify.com/s/files/1/0566/6779/9603/products/orangedaily-vitamin-c-moisturizing-cream-57g-7488729.png?v=1762441400,https://cdn.shopify.com/s/files/1/0566/6779/9603/products/orangedaily-vitamin-c-moisturizing-cream-57g-7488729.png?v=1762441400,skin-care
360.0,EGP,Orange,Home > العناية بالبشرة > كريم مرطب بفيتامين C من أورانج ديلي 57 جم > Back to العناية بالبشرة > أورانج ديلي فيتامين سي لتبييض البشرة 57 جم,sold out,https://aldawaaegy.com/ar/collections/skin-care/products/orange-daily-vitamin-c-toner-177ml,https://cdn.shopify.com/s/files/1/0566/6779/9603/products/orangedaily-vitamin-c-toner-177ml-3870180.jpg?v=1762441391,https://cdn.shopify.com/s/files/1/0566/6779/9603/products/orangedaily-vitamin-c-toner-177ml-3870180.jpg?v=1762441391,skin-care
549.0,EGP,Orange,Home > العناية بالبشرة > تونر فيتامين سي اليومي بالبرتقال 177 مل > Back to العناية بالبشرة > سيبا ميد بلسم لتشققات الكعب 75 مل,sold out,https://aldawaaegy.com/ar/collections/skin-care/products/orange-daily-vitamin-c-whitening-for-your-skin-57g,https://cdn.shopify.com/s/files/1/0566/6779/9603/products/orangedaily-vitamin-c-whitening-for-your-skin-57g-1904137.webp?v=1762441607,https://cdn.shopify.com/s/files/1/0566/6779/9603/products/orangedaily-vitamin-c-whitening-for-your-skin-57g-1904137.webp?v=1762441607,skin-care
252.0,EGP,Seba Med,Home > العناية بالبشرة > أورانج ديلي فيتامين سي لتبييض البشرة 57 جم > Back to العناية بالبشرة > أكنيفيت جل منظف مضاد لحب الشباب 200 مل,sold out,https://aldawaaegy.com/ar/collections/skin-care/products/seba-med-cracked-heel-balm-75ml,https://cdn.shopify.com/s/files/1/0566/6779/9603/products/seba-med-cracked-heel-balm-75ml-8071258.jpg?v=1762441066,https://cdn.shopify.com/s/files/1/0566/6779/9603/products/seba-med-cracked-heel-balm-75ml-8071258.jpg?v=1762441066,skin-care
590.0,EGP,Acnevit,Home > العناية بالبشرة > سيبا ميد بلسم لتشققات الكعب 75 مل > Back to العناية بالبشرة > كريم محيط العين مع خافي العيوب من أليخون 30 مل,sold out,https://aldawaaegy.com/ar/collections/skin-care/products/acnevit-anti-acne-cleansing-gel-200ml,https://cdn.shopify.com/s/files/1/0566/6779/9603/files/acnevit-anti-acne-cleansing-gel-200ml-7512565.png?v=1762441675,https://cdn.shopify.com/s/files/1/0566/6779/9603/files/acnevit-anti-acne-cleansing-gel-200ml-7512565.png?v=1762441675,skin-care
220.0,EGP,Alejon,Home > العناية بالبشرة > أكنيفيت جل منظف مضاد لحب الشباب 200 مل > Back to العناية بالبشرة > أليخون واقي الشمس SPF 50 بخاخ 200 مل,sold out,https://aldawaaegy.com/ar/collections/skin-care/products/alejon-eye-contour-with-concealer-30-ml,https://cdn.shopify.com/s/files/1/0566/6779/9603/files/alejon-eye-contour-with-concealer-30-ml-3051327.jpg?v=1762441306,https://cdn.shopify.com/s/files/1/0566/6779/9603/files/alejon-eye-contour-with-concealer-30-ml-3051327.jpg?v=1762441306,skin-care
475.0,EGP,Alejon,Home > العناية بالبشرة > كريم محيط العين مع خافي العيوب من أليخون 30 مل > Back to العناية بالبشرة > سيروم فيتامين سي 10% من أليخون 50 مل,sold out,https://aldawaaegy.com/ar/collections/skin-care/products/alejon-sun-screen-spf-50-spray-200ml,https://cdn.shopify.com/s/files/1/0566/6779/9603/files/alejon-sun-screen-spf-50-spray-200ml-8914160.jpg?v=1762440827,https://cdn.shopify.com/s/files/1/0566/6779/9603/files/alejon-sun-screen-spf-50-spray-200ml-8914160.jpg?v=1762440827,skin-care
325.0,EGP,Alejon,Home > العناية بالبشرة > أليخون واقي الشمس SPF 50 بخاخ 200 مل > Back to العناية بالبشرة > ألبيسين دوبل إفيكت 200 مل,in stock,https://aldawaaegy.com/ar/collections/skin-care/products/alejon-vitamin-c-serum-50ml,https://cdn.shopify.com/s/files/1/0566/6779/9603/products/alejon-vitamin-c-serum-50ml-2445421.png?v=1762440987,https://cdn.shopify.com/s/files/1/0566/6779/9603/products/alejon-vitamin-c-serum-50ml-2445421.png?v=1762440987,skin-care
55.0,EGP,Alpecin,Home > العناية بالبشرة > سيروم فيتامين سي 10% من أليخون 50 مل > Back to العناية بالبشرة > ألفاساينس ألفا برايت سيروم 8 مل,sold out,https://aldawaaegy.com/ar/collections/skin-care/products/alpecin-doppel-effekt-200-ml,https://cdn.shopify.com/s/files/1/0566/6779/9603/products/miracle-arm-sling-3xl-9219850.jpg?v=1762441390,https://cdn.shopify.com/s/files/1/0566/6779/9603/products/miracle-arm-sling-3xl-9219850.jpg?v=1762441390,skin-care
790.0,EGP,Alphascience,Home > العناية بالبشرة > ألبيسين دوبل إفيكت 200 مل > Back to العناية بالبشرة > كريم الفاساينس السطحي (Cr) 30 مل,sold out,https://aldawaaegy.com/ar/collections/skin-care/products/alphascience-alpha-bright-serum-8ml,https://cdn.shopify.com/s/files/1/0566/6779/9603/products/alphascience-alpha-bright-serum-8ml-9785946.webp?v=1762440811,https://cdn.shopify.com/s/files/1/0566/6779/9603/products/alphascience-alpha-bright-serum-8ml-9785946.webp?v=1762440811,skin-care
1495.0,EGP,Alphascience,Home > العناية بالبشرة > ألفاساينس ألفا برايت سيروم 8 مل > Back to العناية بالبشرة > غسول الوجه أنابيل بالكولاجين 250 مل,sold out,https://aldawaaegy.com/ar/collections/skin-care/products/alphascience-surface-cr-cream-30ml,https://cdn.shopify.com/s/files/1/0566/6779/9603/products/alphascience-surface-cr-cream-30ml-7397740.webp?v=1762441296,https://cdn.shopify.com/s/files/1/0566/6779/9603/products/alphascience-surface-cr-cream-30ml-7397740.webp?v=1762441296,skin-care
188.0,EGP,Annabelle,Home > العناية بالبشرة > كريم الفاساينس السطحي (Cr) 30 مل > Back to العناية بالبشرة > كريم مرطب آبي 60 مل,sold out,https://aldawaaegy.com/ar/collections/skin-care/products/annabelle-facial-wash-with-collagen-250ml,https://cdn.shopify.com/s/files/1/0566/6779/9603/products/annabelle-facial-wash-with-collagen-250ml-7003775.webp?v=1762440821,https://cdn.shopify.com/s/files/1/0566/6779/9603/products/annabelle-facial-wash-with-collagen-250ml-7003775.webp?v=1762440821,skin-care
220.0,EGP,Appe,Home > العناية بالبشرة > غسول الوجه أنابيل بالكولاجين 250 مل > Back to العناية بالبشرة > أرجنتو كلير منظف الوجه 200 مل,sold out,https://aldawaaegy.com/ar/collections/skin-care/products/appe-moisturizing-cream-60ml,https://cdn.shopify.com/s/files/1/0566/6779/9603/products/appe-moisturizing-cream-75ml-4227901.webp?v=1762441038,https://cdn.shopify.com/s/files/1/0566/6779/9603/products/appe-moisturizing-cream-75ml-4227901.webp?v=1762441038,skin-care
195.0,EGP,Argento,Home > العناية بالبشرة > كريم مرطب آبي 60 مل > Back to العناية بالبشرة > كريم أرجينتو للعين 30 جرام,sold out,https://aldawaaegy.com/ar/collections/skin-care/products/argento-clear-facial-cleanser-200-ml,https://cdn.shopify.com/s/files/1/0566/6779/9603/files/argento-clear-facial-cleanser-200-ml-9492441.jpg?v=1762441162,https://cdn.shopify.com/s/files/1/0566/6779/9603/files/argento-clear-facial-cleanser-200-ml-9492441.jpg?v=1762441162,skin-care
195.0,EGP,Argento,Home > العناية بالبشرة > أرجنتو كلير منظف الوجه 200 مل > Back to العناية بالبشرة > أرجنتو لوشن واقي من الشمس بمعامل حماية 50 50 مل,sold out,https://aldawaaegy.com/ar/collections/skin-care/products/argento-eye-30-mg-cream,https://cdn.shopify.com/s/files/1/0566/6779/9603/files/argento-eye-30-mg-cream-5128791.png?v=1762440815,https://cdn.shopify.com/s/files/1/0566/6779/9603/files/argento-eye-30-mg-cream-5128791.png?v=1762440815,skin-care
179.0,EGP,Argento,Home > العناية بالبشرة > كريم أرجينتو للعين 30 جرام > Back to العناية بالبشرة > أروما بودي ديو ضوء النهار 250 مل,in stock,https://aldawaaegy.com/ar/collections/skin-care/products/argento-profit-sunscreen-lotion-spf-50-50ml,https://cdn.shopify.com/s/files/1/0566/6779/9603/products/argento-profit-sunscreen-lotion-spf-50-50ml-2829909.jpg?v=1762441588,https://cdn.shopify.com/s/files/1/0566/6779/9603/products/argento-profit-sunscreen-lotion-spf-50-50ml-2829909.jpg?v=1762441588,skin-care
172.9,EGP,Aroma,Home > العناية بالبشرة > أرجنتو لوشن واقي من الشمس بمعامل حماية 50 50 مل > Back to العناية بالبشرة > جل مرطب من أسيليا لايف,sold out,https://aldawaaegy.com/ar/collections/skin-care/products/aroma-body-daylight-dew-250ml,https://cdn.shopify.com/s/files/1/0566/6779/9603/products/aroma-body-daylight-dew-250ml-1181646.webp?v=1762441385,https://cdn.shopify.com/s/files/1/0566/6779/9603/products/aroma-body-daylight-dew-250ml-1181646.webp?v=1762441385,skin-care
130.0,EGP,Aselia,Home > العناية بالبشرة > أروما بودي ديو ضوء النهار 250 مل > Back to العناية بالبشرة > أسيليا لايف كريم محيط العين 30 جم,sold out,https://aldawaaegy.com/ar/collections/skin-care/products/aselia-life-emollient-gel-30gm,https://cdn.shopify.com/s/files/1/0566/6779/9603/files/aselia-life-emollient-gel-30gm-4602782.webp?v=1762441148,https://cdn.shopify.com/s/files/1/0566/6779/9603/files/aselia-life-emollient-gel-30gm-4602782.webp?v=1762441148,skin-care
230.0,EGP,Aselia,Home > العناية بالبشرة > جل مرطب من أسيليا لايف > Back to العناية بالبشرة > كريم تفتيح البشرة الاحترافي للبشرة الحساسة من أسيليا لايف 30 مل,sold out,https://aldawaaegy.com/ar/collections/skin-care/products/aselia-life-eye-contour-cream-30-gm,https://cdn.shopify.com/s/files/1/0566/6779/9603/products/aselia-life-eye-contour-cream-30-gm-9450815.jpg?v=1762441617,https://cdn.shopify.com/s/files/1/0566/6779/9603/products/aselia-life-eye-contour-cream-30-gm-9450815.jpg?v=1762441617,skin-care
490.0,EGP,Aselia,Home > العناية بالبشرة > أسيليا لايف كريم محيط العين 30 جم > Back to العناية بالبشرة > أسيليا لايف مويست كريم اكسترا 50 جم,sold out,https://aldawaaegy.com/ar/collections/skin-care/products/aselia-life-lightening-cream-professional-sensitive-30-ml,https://cdn.shopify.com/s/files/1/0566/6779/9603/products/aselia-life-lightening-cream-professional-sensitive-30-ml-6823816.jpg?v=1762441299,https://cdn.shopify.com/s/files/1/0566/6779/9603/products/aselia-life-lightening-cream-professional-sensitive-30-ml-6823816.jpg?v=1762441299,skin-care
95.0,EGP,Aselia,Home > العناية بالبشرة > كريم تفتيح البشرة الاحترافي للبشرة الحساسة من أسيليا لايف 30 مل > Back to العناية بالبشرة > أسيليا لايف كريم واقي من الشمس خفيف اللون 120 جم,sold out,https://aldawaaegy.com/ar/collections/skin-care/products/aselia-life-moist-extra-cream-50gm,https://cdn.shopify.com/s/files/1/0566/6779/9603/products/aselia-life-moist-extra-cream-50gm-6280377.webp?v=1762441162,https://cdn.shopify.com/s/files/1/0566/6779/9603/products/aselia-life-moist-extra-cream-50gm-6280377.webp?v=1762441162,skin-care
295.0,EGP,Aselia,Home > العناية بالبشرة > أسيليا لايف مويست كريم اكسترا 50 جم > Back to العناية بالبشرة > أفين كلينانس كوميدوميد 30 مل,sold out,https://aldawaaegy.com/ar/collections/skin-care/products/aselia-life-sunscreen-cream-light-tinted-120gm,https://cdn.shopify.com/s/files/1/0566/6779/9603/files/aselia-life-sunscreen-cream-light-tinted-120gm-1452962.png?v=1762440814,https://cdn.shopify.com/s/files/1/0566/6779/9603/files/aselia-life-sunscreen-cream-light-tinted-120gm-1452962.png?v=1762440814,skin-care
999.0,EGP,Avene,Home > العناية بالبشرة > أسيليا لايف كريم واقي من الشمس خفيف اللون 120 جم > Back to العناية بالبشرة > جل التقشير اللطيف من أفين 75 مل,in stock,https://aldawaaegy.com/ar/collections/skin-care/products/avene-cleanance-comedomed-30ml,https://cdn.shopify.com/s/files/1/0566/6779/9603/products/avene-cleanance-comedomed-30ml-4598637.webp?v=1762441479,https://cdn.shopify.com/s/files/1/0566/6779/9603/products/avene-cleanance-comedomed-30ml-4598637.webp?v=1762441479,skin-care
40.0,EGP,Avene,Home > العناية بالبشرة > أفين كلينانس كوميدوميد 30 مل > Back to العناية بالبشرة > غسول الجسم بيب هيدرا كالم 100 مل,in stock,https://aldawaaegy.com/ar/collections/skin-care/products/avene-gentle-exfoliating-gel-75ml,https://cdn.shopify.com/s/files/1/0566/6779/9603/products/avene-gentle-exfoliating-gel-75ml-6744282.jpg?v=1762441615,https://cdn.shopify.com/s/files/1/0566/6779/9603/products/avene-gentle-exfoliating-gel-75ml-6744282.jpg?v=1762441615,skin-care
110.0,EGP,Babe,Home > العناية بالبشرة > جل التقشير اللطيف من أفين 75 مل > Back to العناية بالبشرة > كريم جل بابي هيدرو 24 ساعة 50 مل,sold out,https://aldawaaegy.com/ar/collections/skin-care/products/babe-hydra-calm-body-wash-100-ml,https://cdn.shopify.com/s/files/1/0566/6779/9603/products/babe-hydra-calm-body-wash-100-ml-8902202.webp?v=1762441592,https://cdn.shopify.com/s/files/1/0566/6779/9603/products/babe-hydra-calm-body-wash-100-ml-8902202.webp?v=1762441592,skin-care
448.0,EGP,Babe,Home > العناية بالبشرة > غسول الجسم بيب هيدرا كالم 100 مل > Back to العناية بالبشرة > كريم بيب هيدرو 24 ساعة خفيف بعامل حماية من الشمس 20 50 مل,sold out,https://aldawaaegy.com/ar/collections/skin-care/products/babe-hydro-24h-cream-gel-50ml,https://cdn.shopify.com/s/files/1/0566/6779/9603/products/babe-hydro-24h-cream-gel-50ml-3825088.webp?v=1762440937,https://cdn.shopify.com/s/files/1/0566/6779/9603/products/babe-hydro-24h-cream-gel-50ml-3825088.webp?v=1762440937,skin-care
448.0,EGP,Babe,Home > العناية بالبشرة > كريم جل بابي هيدرو 24 ساعة 50 مل > Back to العناية بالبشرة > بيبي ميسيلار جل 90 مل + فيتامين سي أمب 2 مل,sold out,https://aldawaaegy.com/ar/collections/skin-care/products/babe-hydro-24h-light-cream-spf-20-50ml,https://cdn.shopify.com/s/files/1/0566/6779/9603/products/babe-hydro-24h-light-cream-spf-20-50ml-2612461.webp?v=1762441077,https://cdn.shopify.com/s/files/1/0566/6779/9603/products/babe-hydro-24h-light-cream-spf-20-50ml-2612461.webp?v=1762441077,skin-care
90.0,EGP,Babe,Home > العناية بالبشرة > كريم بيب هيدرو 24 ساعة خفيف بعامل حماية من الشمس 20 50 مل > Back to العناية بالبشرة > صابون زيت الباب 100 مل,in stock,https://aldawaaegy.com/ar/collections/skin-care/products/babe-micellar-gel-90ml-vitamin-c-amp-2ml,https://cdn.shopify.com/s/files/1/0566/6779/9603/products/babe-micellar-gel-90mlvitamin-c-amp-2ml-8462443.webp?v=1762441123,https://cdn.shopify.com/s/files/1/0566/6779/9603/products/babe-micellar-gel-90mlvitamin-c-amp-2ml-8462443.webp?v=1762441123,skin-care
15.0,EGP,Babe,Home > العناية بالبشرة > بيبي ميسيلار جل 90 مل + فيتامين سي أمب 2 مل > Back to العناية بالبشرة > صابون الفحم النشط من بيوتي 50 مل,sold out,https://aldawaaegy.com/ar/collections/skin-care/products/babe-oil-soap-100-ml,https://cdn.shopify.com/s/files/1/0566/6779/9603/products/babe-oil-soap-100-ml-9249227.webp?v=1762441036,https://cdn.shopify.com/s/files/1/0566/6779/9603/products/babe-oil-soap-100-ml-9249227.webp?v=1762441036,skin-care
50.0,EGP,Beaulthy,Home > العناية بالبشرة > صابون زيت الباب 100 مل > Back to العناية بالبشرة > منظف ​​بيوتي بالصبار 150 مل,sold out,https://aldawaaegy.com/ar/collections/skin-care/products/beaulthy-active-charcoal-soap-50ml,https://cdn.shopify.com/s/files/1/0566/6779/9603/products/beaulthy-active-charcoal-soap-50ml-7530247.jpg?v=1762440761,https://cdn.shopify.com/s/files/1/0566/6779/9603/products/beaulthy-active-charcoal-soap-50ml-7530247.jpg?v=1762440761,skin-care
125.0,EGP,Beaulthy,Home > العناية بالبشرة > صابون الفحم النشط من بيوتي 50 مل > Back to العناية بالبشرة > بيزلين Age Defense واقي من الشمس ملون متوسط ​​بمعامل حماية 50,sold out,https://aldawaaegy.com/ar/collections/skin-care/products/beaulthy-cleanser-aloe-vera-150ml,https://cdn.shopify.com/s/files/1/0566/6779/9603/products/beaulthy-cleanser-aloe-vera-150ml-2902341.jpg?v=1762441676,https://cdn.shopify.com/s/files/1/0566/6779/9603/products/beaulthy-cleanser-aloe-vera-150ml-2902341.jpg?v=1762441676,skin-care
600.0,EGP,Beesline,Home > العناية بالبشرة > منظف ​​بيوتي بالصبار 150 مل > Back to العناية بالبشرة > بيزلين العناية بالشفاه بالعسل والحليب,sold out,https://aldawaaegy.com/ar/collections/skin-care/products/beesline-age-defense-sun-screen-tinted-medium-spf50,https://cdn.shopify.com/s/files/1/0566/6779/9603/files/beesline-age-defense-sun-screen-tinted-medium-spf50-7226208.jpg?v=1762440753,https://cdn.shopify.com/s/files/1/0566/6779/9603/files/beesline-age-defense-sun-screen-tinted-medium-spf50-7226208.jpg?v=1762440753,skin-care
75.0,EGP,Beesline,Home > العناية بالبشرة > بيزلين Age Defense واقي من الشمس ملون متوسط ​​بمعامل حماية 50 > Back to العناية بالبشرة > بيزلين لوشن مرطب للجسم بالعسل #الزيتون,sold out,https://aldawaaegy.com/ar/collections/skin-care/products/beesline-lip-care-hony-milk,https://cdn.shopify.com/s/files/1/0566/6779/9603/products/beesline-lip-care-honymilk-7005380.jpg?v=1762440944,https://cdn.shopify.com/s/files/1/0566/6779/9603/products/beesline-lip-care-honymilk-7005380.jpg?v=1762440944,skin-care
250.0,EGP,Beesline,Home > العناية بالبشرة > بيزلين العناية بالشفاه بالعسل والحليب > Back to العناية بالبشرة > بيزلين كريم حماية من الشمس 50SPF غير مرئي,sold out,https://aldawaaegy.com/ar/collections/skin-care/products/beesline-moisturizing-body-lotion-honey-olive,https://cdn.shopify.com/s/files/1/0566/6779/9603/products/beesline-moisturizing-body-lotion-honey-olive-2492350.jpg?v=1762441306,https://cdn.shopify.com/s/files/1/0566/6779/9603/products/beesline-moisturizing-body-lotion-honey-olive-2492350.jpg?v=1762441306,skin-care
600.0,EGP,Beesline,Home > العناية بالبشرة > بيزلين لوشن مرطب للجسم بالعسل #الزيتون > Back to العناية بالبشرة > بيزلين تسمير البشرة جيلي جولد 150 مل,sold out,https://aldawaaegy.com/ar/collections/skin-care/products/beesline-sun-filter-50spf-invisible-cream,https://cdn.shopify.com/s/files/1/0566/6779/9603/products/beesline-sun-filter-50spf-invisible-cream-6095747.jpg?v=1762441682,https://cdn.shopify.com/s/files/1/0566/6779/9603/products/beesline-sun-filter-50spf-invisible-cream-6095747.jpg?v=1762441682,skin-care
600.0,EGP,Beesline,Home > العناية بالبشرة > بيزلين كريم حماية من الشمس 50SPF غير مرئي > Back to العناية بالبشرة > كريم بيزلين فائق الحماية بعامل حماية من الشمس 50، 60 مل,sold out,https://aldawaaegy.com/ar/collections/skin-care/products/beesline-suntan-jeely-gold-150ml,https://cdn.shopify.com/s/files/1/0566/6779/9603/products/beesline-suntan-jeely-gold-150ml-4255558.jpg?v=1762441352,https://cdn.shopify.com/s/files/1/0566/6779/9603/products/beesline-suntan-jeely-gold-150ml-4255558.jpg?v=1762441352,skin-care
97.0,EGP,Beesline,Home > العناية بالبشرة > بيزلين تسمير البشرة جيلي جولد 150 مل > Back to العناية بالبشرة > بيزلين كريم نهاري للتفتيح بمعامل حماية 30 50 مل,sold out,https://aldawaaegy.com/ar/collections/skin-care/products/beesline-ultrascreen-cream-active-spf-50-60ml,https://cdn.shopify.com/s/files/1/0566/6779/9603/products/beesline-ultrascreen-cream-active-spf-50-60ml-8429584.jpg?v=1762441462,https://cdn.shopify.com/s/files/1/0566/6779/9603/products/beesline-ultrascreen-cream-active-spf-50-60ml-8429584.jpg?v=1762441462,skin-care
18.0,EGP,Beesline,Home > العناية بالبشرة > كريم بيزلين فائق الحماية بعامل حماية من الشمس 50، 60 مل > Back to العناية بالبشرة > بيزلين تبييض. رغوة رفع وشد الوجه 150 مل,sold out,https://aldawaaegy.com/ar/collections/skin-care/products/beesline-whitening-day-cream-spf-30-50-ml,https://cdn.shopify.com/s/files/1/0566/6779/9603/products/beesline-whitening-day-cream-spf-30-50-ml-6267290.jpg?v=1762440759,https://cdn.shopify.com/s/files/1/0566/6779/9603/products/beesline-whitening-day-cream-spf-30-50-ml-6267290.jpg?v=1762440759,skin-care
210.0,EGP,Beesline,Home > العناية بالبشرة > بيزلين كريم نهاري للتفتيح بمعامل حماية 30 50 مل > Back to العناية بالبشرة > تونر بيزلين لتبييض الوجه 200 مل,sold out,https://aldawaaegy.com/ar/collections/skin-care/products/beesline-whiten-lifting-facial-foam-150ml,https://cdn.shopify.com/s/files/1/0566/6779/9603/products/beesline-whiten-lifting-facial-foam-150ml-5065460.jpg?v=1762441294,https://cdn.shopify.com/s/files/1/0566/6779/9603/products/beesline-whiten-lifting-facial-foam-150ml-5065460.jpg?v=1762441294,skin-care
550.0,EGP,Beesline,Home > العناية بالبشرة > بيزلين تبييض. رغوة رفع وشد الوجه 150 مل > Back to العناية بالبشرة > صابونة بيزلين لتبييض المناطق الحساسة,in stock,https://aldawaaegy.com/ar/collections/skin-care/products/beesline-whitening-facial-toner-200ml,https://cdn.shopify.com/s/files/1/0566/6779/9603/products/beesline-whitening-facial-toner-200ml-5833147.jpg?v=1762440760,https://cdn.shopify.com/s/files/1/0566/6779/9603/products/beesline-whitening-facial-toner-200ml-5833147.jpg?v=1762440760,skin-care
34.5,EGP,Beesline,Home > العناية بالبشرة > تونر بيزلين لتبييض الوجه 200 مل > Back to العناية بالبشرة > كريم تبييض الجسم بيوبالانس 60 مل,sold out,https://aldawaaegy.com/ar/collections/skin-care/products/beesline-whitening-sensitve-zone-soap,https://cdn.shopify.com/s/files/1/0566/6779/9603/products/beesline-whitening-sensitve-zone-soap-2936484.jpg?v=1762441143,https://cdn.shopify.com/s/files/1/0566/6779/9603/products/beesline-whitening-sensitve-zone-soap-2936484.jpg?v=1762441143,skin-care
285.0,EGP,BIOBALANCE,Home > العناية بالبشرة > صابونة بيزلين لتبييض المناطق الحساسة > Back to العناية بالبشرة > جل بيوبلاس اكستريم هارد 150 مل,sold out,https://aldawaaegy.com/ar/collections/skin-care/products/biobalance-body-whitening-cream-60ml,https://cdn.shopify.com/s/files/1/0566/6779/9603/products/biobalance-body-whitening-cream-60ml-7355037.webp?v=1762441344,https://cdn.shopify.com/s/files/1/0566/6779/9603/products/biobalance-body-whitening-cream-60ml-7355037.webp?v=1762441344,skin-care
240.0,EGP,BIOBLAS,Home > العناية بالبشرة > كريم تبييض الجسم بيوبالانس 60 مل > Back to العناية بالبشرة > بيوديرما فوتوديرم أكوا تينت بعامل حماية من الشمس 50+ 40 مل,sold out,https://aldawaaegy.com/ar/collections/skin-care/products/bioblas-extreme-hard-gel-150ml,https://cdn.shopify.com/s/files/1/0566/6779/9603/products/bioblas-extreme-hard-gel-150ml-2770363.webp?v=1762441167,https://cdn.shopify.com/s/files/1/0566/6779/9603/products/bioblas-extreme-hard-gel-150ml-2770363.webp?v=1762441167,skin-care
1399.0,EGP,Bioderma,Home > العناية بالبشرة > جل بيوبلاس اكستريم هارد 150 مل > Back to العناية بالبشرة > بيوديرما فوتوديرم ماكس حليب بعامل حماية من الشمس 100، 100 مل,sold out,https://aldawaaegy.com/ar/collections/skin-care/products/bioderma-photoderm-aqua-teinte-spf50-40ml,https://cdn.shopify.com/s/files/1/0566/6779/9603/products/bioderma-photoderm-aqua-teinte-spf50-40ml-5996516.png?v=1762440808,https://cdn.shopify.com/s/files/1/0566/6779/9603/products/bioderma-photoderm-aqua-teinte-spf50-40ml-5996516.png?v=1762440808,skin-care
44.0,EGP,Bioderma,Home > العناية بالبشرة > بيوديرما فوتوديرم أكوا تينت بعامل حماية من الشمس 50+ 40 مل > Back to العناية بالبشرة > ماء منظف بيونيكي أكتين 150 مل,sold out,https://aldawaaegy.com/ar/collections/skin-care/products/bioderma-photoderm-max-milk-spf100-100ml,https://cdn.shopify.com/s/files/1/0566/6779/9603/products/bioderma-photoderm-max-milk-spf100-100ml-9851737.png?v=1762441077,https://cdn.shopify.com/s/files/1/0566/6779/9603/products/bioderma-photoderm-max-milk-spf100-100ml-9851737.png?v=1762441077,skin-care
350.0,EGP,Bionike,Home > العناية بالبشرة > بيوديرما فوتوديرم ماكس حليب بعامل حماية من الشمس 100، 100 مل > Back to العناية بالبشرة > كريم بيونيكي أكتين هيدرامات 40 مل,sold out,https://aldawaaegy.com/ar/collections/skin-care/products/bionike-acteen-cleansing-water-150ml,https://cdn.shopify.com/s/files/1/0566/6779/9603/products/bionike-acteen-cleansing-water-150ml-7003125.jpg?v=1762441398,https://cdn.shopify.com/s/files/1/0566/6779/9603/products/bionike-acteen-cleansing-water-150ml-7003125.jpg?v=1762441398,skin-care
225.0,EGP,Bionike,Home > العناية بالبشرة > ماء منظف بيونيكي أكتين 150 مل > Back to العناية بالبشرة > بيونيكي بي-لوسنت قطرة على فوكس 15 مل,sold out,https://aldawaaegy.com/ar/collections/skin-care/products/bionike-acteen-hydramat-cream-40ml,https://cdn.shopify.com/s/files/1/0566/6779/9603/products/bionike-acteen-hydramat-cream-40ml-5994344.jpg?v=1762440637,https://cdn.shopify.com/s/files/1/0566/6779/9603/products/bionike-acteen-hydramat-cream-40ml-5994344.jpg?v=1762440637,skin-care
192.0,EGP,Bionike,Home > العناية بالبشرة > كريم بيونيكي أكتين هيدرامات 40 مل > Back to العناية بالبشرة > بيونيكي ديفينس بلوسنت Spf50 40 مل,sold out,https://aldawaaegy.com/ar/collections/skin-care/products/bionike-b-lucent-drop-on-foucs-15ml,https://cdn.shopify.com/s/files/1/0566/6779/9603/products/bionike-b-lucent-drop-on-foucs-15ml-7728026.jpg?v=1762440941,https://cdn.shopify.com/s/files/1/0566/6779/9603/products/bionike-b-lucent-drop-on-foucs-15ml-7728026.jpg?v=1762440941,skin-care
450.0,EGP,Bionike,Home > العناية بالبشرة > بيونيكي بي-لوسنت قطرة على فوكس 15 مل > Back to العناية بالبشرة > كريم الوقاية من الشمس بيو سولاري 100 مل,sold out,https://aldawaaegy.com/ar/collections/skin-care/products/bionike-defence-blucent-spf50-40ml,https://cdn.shopify.com/s/files/1/0566/6779/9603/products/bionike-defence-blucent-spf50-40ml-6119473.jpg?v=1762441176,https://cdn.shopify.com/s/files/1/0566/6779/9603/products/bionike-defence-blucent-spf50-40ml-6119473.jpg?v=1762441176,skin-care
350.0,EGP,Bio-Solari,Home > العناية بالبشرة > بيونيكي ديفينس بلوسنت Spf50 40 مل > Back to العناية بالبشرة > كريم ملون بيو سولاري 50+ عامل حماية من الشمس 50 مل,in stock,https://aldawaaegy.com/ar/collections/skin-care/products/bio-solari-sunscreen-cream-100-ml,https://cdn.shopify.com/s/files/1/0566/6779/9603/products/bio-solari-sunscreen-cream-100-ml-3981572.webp?v=1762441306,https://cdn.shopify.com/s/files/1/0566/6779/9603/products/bio-solari-sunscreen-cream-100-ml-3981572.webp?v=1762441306,skin-care
210.0,EGP,Bio-Solari,Home > العناية بالبشرة > كريم الوقاية من الشمس بيو سولاري 100 مل > Back to العناية بالبشرة > بيوثرم رول بالمسك 60 مل,sold out,https://aldawaaegy.com/ar/collections/skin-care/products/bio-solari-tinted-cream-50-spf-50-ml,https://cdn.shopify.com/s/files/1/0566/6779/9603/products/bio-solari-tinted-cream-50-spf-50-ml-6301410.webp?v=1762440578,https://cdn.shopify.com/s/files/1/0566/6779/9603/products/bio-solari-tinted-cream-50-spf-50-ml-6301410.webp?v=1762440578,skin-care
170.0,EGP,Biotherm,Home > العناية بالبشرة > كريم ملون بيو سولاري 50+ عامل حماية من الشمس 50 مل > Back to العناية بالبشرة > بيوثرم وايت رغوة منظفة 200 مل,in stock,https://aldawaaegy.com/ar/collections/skin-care/products/biotherm-roll-on-musk-60ml,https://cdn.shopify.com/s/files/1/0566/6779/9603/products/biotherm-roll-on-musk-60ml-5071663.webp?v=1762441349,https://cdn.shopify.com/s/files/1/0566/6779/9603/products/biotherm-roll-on-musk-60ml-5071663.webp?v=1762441349,skin-care
299.0,EGP,Biotherm,Home > العناية بالبشرة > بيوثرم رول بالمسك 60 مل > Back to العناية بالبشرة > بيوثرم وايت كونتور للعين 30 مل,in stock,https://aldawaaegy.com/ar/collections/skin-care/products/biotherm-whit-cleans-foam-200ml,https://cdn.shopify.com/s/files/1/0566/6779/9603/products/biotherm-whit-cleans-foam-200ml-6505490.webp?v=1762441346,https://cdn.shopify.com/s/files/1/0566/6779/9603/products/biotherm-whit-cleans-foam-200ml-6505490.webp?v=1762441346,skin-care
250.0,EGP,Biotherm,Home > العناية بالبشرة > بيوثرم وايت رغوة منظفة 200 مل > Back to العناية بالبشرة > كريم تبييض بيوثرم فيتامين سي 60 مل,in stock,https://aldawaaegy.com/ar/collections/skin-care/products/biotherm-whit-eye-contour-30ml,https://cdn.shopify.com/s/files/1/0566/6779/9603/products/biotherm-whit-eye-contour-30ml-8509586.webp?v=1762441071,https://cdn.shopify.com/s/files/1/0566/6779/9603/products/biotherm-whit-eye-contour-30ml-8509586.webp?v=1762441071,skin-care
220.0,EGP,Biotherm,Home > العناية بالبشرة > بيوثرم وايت كونتور للعين 30 مل > Back to العناية بالبشرة > بوباي هيدروكير جل ملون بمعامل حماية 50 50 جم,sold out,https://aldawaaegy.com/ar/collections/skin-care/products/biotherm-whitening-cream-vit-c-60ml,https://cdn.shopify.com/s/files/1/0566/6779/9603/products/biotherm-whitening-cream-vit-c-60ml-5421124.webp?v=1762441151,https://cdn.shopify.com/s/files/1/0566/6779/9603/products/biotherm-whitening-cream-vit-c-60ml-5421124.webp?v=1762441151,skin-care
295.0,EGP,Bobai,Home > العناية بالبشرة > كريم تبييض بيوثرم فيتامين سي 60 مل > Back to العناية بالبشرة > بوباي لوشن الشمس SPF45 120 مل,in stock,https://aldawaaegy.com/ar/collections/skin-care/products/bobai-hydrocare-tinted-gel-spf-50-50-gm,https://cdn.shopify.com/s/files/1/0566/6779/9603/products/bobai-hydrocare-tinted-gel-spf-50-50-gm-1182540.jpg?v=1762441671,https://cdn.shopify.com/s/files/1/0566/6779/9603/products/bobai-hydrocare-tinted-gel-spf-50-50-gm-1182540.jpg?v=1762441671,skin-care
150.0,EGP,Bobai,Home > العناية بالبشرة > بوباي هيدروكير جل ملون بمعامل حماية 50 50 جم > Back to العناية بالبشرة > زيت تسمير البشرة من بوباي 200 مل,sold out,https://aldawaaegy.com/ar/collections/skin-care/products/bobai-sun-lotion-spf45-120ml,https://cdn.shopify.com/s/files/1/0566/6779/9603/products/bobai-sun-lotion-spf45-120ml-7445748.webp?v=1762441719,https://cdn.shopify.com/s/files/1/0566/6779/9603/products/bobai-sun-lotion-spf45-120ml-7445748.webp?v=1762441719,skin-care
150.0,EGP,Bobai,Home > العناية بالبشرة > بوباي لوشن الشمس SPF45 120 مل > Back to العناية بالبشرة > كلاري معطر للجسم (ليلي) 250 مل,sold out,https://aldawaaegy.com/ar/collections/skin-care/products/bobai-tanning-oil-200ml,https://cdn.shopify.com/s/files/1/0566/6779/9603/products/bobai-tanning-oil-200ml-3341035.jpg?v=1762440368,https://cdn.shopify.com/s/files/1/0566/6779/9603/products/bobai-tanning-oil-200ml-3341035.jpg?v=1762440368,skin-care
115.0,EGP,Clary,Home > العناية بالبشرة > زيت تسمير البشرة من بوباي 200 مل > Back to العناية بالبشرة > ديرماكوتيكس بيومنت 40 مل,sold out,https://aldawaaegy.com/ar/collections/skin-care/products/clary-body-splash-night-250-ml,https://cdn.shopify.com/s/files/1/0566/6779/9603/products/clary-body-splash-night-250-ml-6189819.webp?v=1762441487,https://cdn.shopify.com/s/files/1/0566/6779/9603/products/clary-body-splash-night-250-ml-6189819.webp?v=1762441487,skin-care
140.0,EGP,Dermacutix,Home > العناية بالبشرة > كلاري معطر للجسم (ليلي) 250 مل > Back to العناية بالبشرة > ديرماكوتيكس للعناية بالأظافر 4 مل,in stock,https://aldawaaegy.com/ar/collections/skin-care/products/dermacutix-bioment-40ml,https://cdn.shopify.com/s/files/1/0566/6779/9603/products/dermacutix-bioment-40ml-8158256.png?v=1762440762,https://cdn.shopify.com/s/files/1/0566/6779/9603/products/dermacutix-bioment-40ml-8158256.png?v=1762440762,skin-care
210.0,EGP,Dermacutix,Home > العناية بالبشرة > ديرماكوتيكس بيومنت 40 مل > Back to العناية بالبشرة > ديرماكوتيكس كريم إصلاح البشرة 40 مل,in stock,https://aldawaaegy.com/ar/collections/skin-care/products/dermacutix-nail-care-4ml,https://cdn.shopify.com/s/files/1/0566/6779/9603/products/dermacutix-nail-care-4ml-4591291.webp?v=1762440459,https://cdn.shopify.com/s/files/1/0566/6779/9603/products/dermacutix-nail-care-4ml-4591291.webp?v=1762440459,skin-care
165.0,EGP,Dermacutix,Home > العناية بالبشرة > ديرماكوتيكس للعناية بالأظافر 4 مل > Back to العناية بالبشرة > ديرمانوفا صابونة الفحم 100 جم,in stock,https://aldawaaegy.com/ar/collections/skin-care/products/dermacutix-skin-repair-cream-40ml,https://cdn.shopify.com/s/files/1/0566/6779/9603/products/dermacutix-skin-repair-cream-40ml-2492189.jpg?v=1762440968,https://cdn.shopify.com/s/files/1/0566/6779/9603/products/dermacutix-skin-repair-cream-40ml-2492189.jpg?v=1762440968,skin-care
120.0,EGP,Dermanova,Home > العناية بالبشرة > ديرماكوتيكس كريم إصلاح البشرة 40 مل > Back to العناية بالبشرة > ديرمانوفا صابون كولاجين 100 جم,sold out,https://aldawaaegy.com/ar/collections/skin-care/products/dermanova-soap-charcoal-100gm,https://cdn.shopify.com/s/files/1/0566/6779/9603/products/dermanova-soap-charcoal-100gm-8709134.webp?v=1762441485,https://cdn.shopify.com/s/files/1/0566/6779/9603/products/dermanova-soap-charcoal-100gm-8709134.webp?v=1762441485,skin-care
130.0,EGP,Dermanova,Home > العناية بالبشرة > ديرمانوفا صابونة الفحم 100 جم > Back to العناية بالبشرة > ديرمانوفا صابون زبدة الشيا 100 جم,sold out,https://aldawaaegy.com/ar/collections/skin-care/products/dermanova-soap-collagen-100gm,https://cdn.shopify.com/s/files/1/0566/6779/9603/products/dermanova-soap-collagen-100gm-2270039.webp?v=1762440643,https://cdn.shopify.com/s/files/1/0566/6779/9603/products/dermanova-soap-collagen-100gm-2270039.webp?v=1762440643,skin-care
80.0,EGP,Dermanova,Home > العناية بالبشرة > ديرمانوفا صابون كولاجين 100 جم > Back to العناية بالبشرة > ديرماتيك ريفاين للتحكم في اللمعان 40 مل,sold out,https://aldawaaegy.com/ar/collections/skin-care/products/dermanova-soap-shea-butter-100gm,https://cdn.shopify.com/s/files/1/0566/6779/9603/products/dermanova-soap-shea-butter-100gm-5812741.webp?v=1762440995,https://cdn.shopify.com/s/files/1/0566/6779/9603/products/dermanova-soap-shea-butter-100gm-5812741.webp?v=1762440995,skin-care
300.0,EGP,Dermatique,Home > العناية بالبشرة > ديرمانوفا صابون زبدة الشيا 100 جم > Back to العناية بالبشرة > ديرميديك هيدراين ماء ميسيلار 100 مل,in stock,https://aldawaaegy.com/ar/collections/skin-care/products/dermatique-refine-shine-control-40ml,https://cdn.shopify.com/s/files/1/0566/6779/9603/products/dermatique-refine-shine-control-40ml-1892152.webp?v=1762441303,https://cdn.shopify.com/s/files/1/0566/6779/9603/products/dermatique-refine-shine-control-40ml-1892152.webp?v=1762441303,skin-care
156.0,EGP,Dermedic,Home > العناية بالبشرة > ديرماتيك ريفاين للتحكم في اللمعان 40 مل > Back to العناية بالبشرة > ديرميديك هيدراين ماء ميسيلار 200 مل,sold out,https://aldawaaegy.com/ar/collections/skin-care/products/dermedic-hydrain-micellar-water-100ml,https://cdn.shopify.com/s/files/1/0566/6779/9603/products/dermedic-hydrain-micellar-water-100ml-6590815.jpg?v=1762440681,https://cdn.shopify.com/s/files/1/0566/6779/9603/products/dermedic-hydrain-micellar-water-100ml-6590815.jpg?v=1762440681,skin-care
276.0,EGP,Dermedic,Home > العناية بالبشرة > ديرميديك هيدراين ماء ميسيلار 100 مل > Back to العناية بالبشرة > كريم هيدراين مويس من ديرميديك 50 مل,sold out,https://aldawaaegy.com/ar/collections/skin-care/products/dermedic-hydrain-micellar-water-200ml,https://cdn.shopify.com/s/files/1/0566/6779/9603/products/dermedic-hydrain-micellar-water-200ml-8528341.jpg?v=1762440642,https://cdn.shopify.com/s/files/1/0566/6779/9603/products/dermedic-hydrain-micellar-water-200ml-8528341.jpg?v=1762440642,skin-care
950.0,EGP,Dermedic,Home > العناية بالبشرة > ديرميديك هيدراين ماء ميسيلار 200 مل > Back to العناية بالبشرة > زيت ديرميديك لتنظيف الوجه الحساس 200 مل,sold out,https://aldawaaegy.com/ar/collections/skin-care/products/dermedic-hydrain-mois-cream-50ml,https://cdn.shopify.com/s/files/1/0566/6779/9603/products/dermedic-hydrain-mois-cream-50ml-7128308.jpg?v=1762440457,https://cdn.shopify.com/s/files/1/0566/6779/9603/products/dermedic-hydrain-mois-cream-50ml-7128308.jpg?v=1762440457,skin-care
341.0,EGP,Dermedic,Home > العناية بالبشرة > كريم هيدراين مويس من ديرميديك 50 مل > Back to العناية بالبشرة > كريم النهار ديرميديك أويلاج 50 مل,sold out,https://aldawaaegy.com/ar/collections/skin-care/products/dermedic-oil-age-face-cleansing-sensitive-200ml,https://cdn.shopify.com/s/files/1/0566/6779/9603/products/dermedic-oil-age-face-cleansing-sensitive-200ml-4514402.png?v=1762441174,https://cdn.shopify.com/s/files/1/0566/6779/9603/products/dermedic-oil-age-face-cleansing-sensitive-200ml-4514402.png?v=1762441174,skin-care
595.0,EGP,Dermedic,Home > العناية بالبشرة > زيت ديرميديك لتنظيف الوجه الحساس 200 مل > Back to العناية بالبشرة > كريم ليلي أويلاج من ديرميديك 50 مل,sold out,https://aldawaaegy.com/ar/collections/skin-care/products/dermedic-oilage-day-cream-50ml,https://cdn.shopify.com/s/files/1/0566/6779/9603/products/dermedic-oilage-day-cream-50ml-2536007.jpg?v=1762441572,https://cdn.shopify.com/s/files/1/0566/6779/9603/products/dermedic-oilage-day-cream-50ml-2536007.jpg?v=1762441572,skin-care
704.0,EGP,Dermedic,Home > العناية بالبشرة > كريم النهار ديرميديك أويلاج 50 مل > Back to العناية بالبشرة > كريم ديرمينوم سيبولين المطفأ اللمعة 50 مل,sold out,https://aldawaaegy.com/ar/collections/skin-care/products/dermedic-oilage-night-cream-50ml,https://cdn.shopify.com/s/files/1/0566/6779/9603/products/dermedic-oilage-night-cream-50ml-2906072.jpg?v=1762441475,https://cdn.shopify.com/s/files/1/0566/6779/9603/products/dermedic-oilage-night-cream-50ml-2906072.jpg?v=1762441475,skin-care
330.0,EGP,Dermenum,Home > العناية بالبشرة > كريم ليلي أويلاج من ديرميديك 50 مل > Back to العناية بالبشرة > لوشن ديرمينوم سيبولين لتنعيم البشرة 200 مل,sold out,https://aldawaaegy.com/ar/collections/skin-care/products/dermenum-seboline-mattifying-cream-50ml,https://cdn.shopify.com/s/files/1/0566/6779/9603/products/dermenum-seboline-mattifying-cream-50ml-4011464.jpg?v=1762440375,https://cdn.shopify.com/s/files/1/0566/6779/9603/products/dermenum-seboline-mattifying-cream-50ml-4011464.jpg?v=1762440375,skin-care
300.0,EGP,Dermenum,Home > العناية بالبشرة > كريم ديرمينوم سيبولين المطفأ اللمعة 50 مل > Back to العناية بالبشرة > عمامة منشفة ديفول,sold out,https://aldawaaegy.com/ar/collections/skin-care/products/dermenum-seboline-toning-lotion-200ml,https://cdn.shopify.com/s/files/1/0566/6779/9603/products/dermenum-seboline-toning-lotion-200ml-2251547.jpg?v=1762440278,https://cdn.shopify.com/s/files/1/0566/6779/9603/products/dermenum-seboline-toning-lotion-200ml-2251547.jpg?v=1762440278,skin-care
175.0,EGP,Divol,Home > العناية بالبشرة > لوشن ديرمينوم سيبولين لتنعيم البشرة 200 مل > Back to العناية بالبشرة > قناع حمض الهيالورونيك من دكتور راشيل 25 جرام، 1 قطعة,in stock,https://aldawaaegy.com/ar/collections/skin-care/products/divol-towel-turban,https://cdn.shopify.com/s/files/1/0566/6779/9603/products/divol-towel-turban-4633170.jpg?v=1762440374,https://cdn.shopify.com/s/files/1/0566/6779/9603/products/divol-towel-turban-4633170.jpg?v=1762440374,skin-care
66.0,EGP,Dr.Rashel,Home > العناية بالبشرة > عمامة منشفة ديفول > Back to العناية بالبشرة > كريم جل بزيت الورد من دكتور راشيل 30 جم,sold out,https://aldawaaegy.com/ar/collections/skin-care/products/dr-rashel-hyaluronic-acid-mask-25gm,https://cdn.shopify.com/s/files/1/0566/6779/9603/files/drrashel-hyaluronic-acid-mask-25gm-4221615.png?v=1762441033,https://cdn.shopify.com/s/files/1/0566/6779/9603/files/drrashel-hyaluronic-acid-mask-25gm-4221615.png?v=1762441033,skin-care
193.0,EGP,Dr.Rashel,Home > العناية بالبشرة > قناع حمض الهيالورونيك من دكتور راشيل 25 جرام، 1 قطعة > Back to العناية بالبشرة > كريم دكتور راشيل الليلي للوجه بفيتامين سي 50 جرام,sold out,https://aldawaaegy.com/ar/collections/skin-care/products/dr-rashel-rose-oil-gel-cream-30gm,https://cdn.shopify.com/s/files/1/0566/6779/9603/files/drrashel-rose-oil-gel-cream-30gm-2224483.png?v=1762440190,https://cdn.shopify.com/s/files/1/0566/6779/9603/files/drrashel-rose-oil-gel-cream-30gm-2224483.png?v=1762440190,skin-care
155.0,EGP,Dr.Rashel,Home > العناية بالبشرة > كريم جل بزيت الورد من دكتور راشيل 30 جم > Back to العناية بالبشرة > كريم دراكون بودي وايت + مقشر + فرشاة,sold out,https://aldawaaegy.com/ar/collections/skin-care/products/dr-rashel-vitamin-c-face-night-cream-50gm,https://cdn.shopify.com/s/files/1/0566/6779/9603/files/drrashel-vitamin-c-face-night-cream-50gm-2275442.png?v=1762440512,https://cdn.shopify.com/s/files/1/0566/6779/9603/files/drrashel-vitamin-c-face-night-cream-50gm-2275442.png?v=1762440512,skin-care
250.0,EGP,Drakon,Home > العناية بالبشرة > كريم دكتور راشيل الليلي للوجه بفيتامين سي 50 جرام > Back to العناية بالبشرة > دوكراي كيراكنيل موسانت جل رغوي 200 مل,sold out,https://aldawaaegy.com/ar/collections/skin-care/products/drakon-body-whit-cream-scrub-brush,https://cdn.shopify.com/s/files/1/0566/6779/9603/products/drakon-body-whit-creamscrubbrush-8681921.png?v=1762441594,https://cdn.shopify.com/s/files/1/0566/6779/9603/products/drakon-body-whit-creamscrubbrush-8681921.png?v=1762441594,skin-care
550.0,EGP,Ducray,Home > العناية بالبشرة > كريم دراكون بودي وايت + مقشر + فرشاة > Back to العناية بالبشرة > كريم البشرة المعرضة لحب الشباب المزدهر، 60 جم,sold out,https://aldawaaegy.com/ar/collections/skin-care/products/ducray-keracnyl-moussant-foaming-gel-200ml,https://cdn.shopify.com/s/files/1/0566/6779/9603/products/ducray-keracnyl-moussant-foaming-gel-200ml-8024349.jpg?v=1762440512,https://cdn.shopify.com/s/files/1/0566/6779/9603/products/ducray-keracnyl-moussant-foaming-gel-200ml-8024349.jpg?v=1762440512,skin-care
130.0,EGP,Flourish,Home > العناية بالبشرة > دوكراي كيراكنيل موسانت جل رغوي 200 مل > Back to العناية بالبشرة > مصل جيوفانيتاج,in stock,https://aldawaaegy.com/ar/collections/skin-care/products/flourish-acne-prone-skine-cream60gm,https://cdn.shopify.com/s/files/1/0566/6779/9603/products/flourish-acne-prone-skine-cream60gm-2451470.webp?v=1762440271,https://cdn.shopify.com/s/files/1/0566/6779/9603/products/flourish-acne-prone-skine-cream60gm-2451470.webp?v=1762440271,skin-care
450.0,EGP,Giovanitag,Home > العناية بالبشرة > كريم البشرة المعرضة لحب الشباب المزدهر، 60 جم > Back to العناية بالبشرة > إيزيس تين ديرم أكوا 200 مل,in stock,https://aldawaaegy.com/ar/collections/skin-care/products/giovanitag-serum,https://cdn.shopify.com/s/files/1/0566/6779/9603/products/giovanitag-serum-1158484.webp?v=1762441455,https://cdn.shopify.com/s/files/1/0566/6779/9603/products/giovanitag-serum-1158484.webp?v=1762441455,skin-care
60.0,EGP,ISISPHARMA,Home > العناية بالبشرة > مصل جيوفانيتاج > Back to العناية بالبشرة > إيزيس UVEBLOCK SPF50+ سائل ملون خفيف 40 مل,sold out,https://aldawaaegy.com/ar/collections/skin-care/products/isis-teen-derm-aqua-200ml,,,skin-care
949.0,EGP,ISISPHARMA,Home > العناية بالبشرة > إيزيس تين ديرم أكوا 200 مل > Back to العناية بالبشرة > إيزيس UVEBLOCK SPF50+ سائل غير مرئي 40 مل,in stock,https://aldawaaegy.com/ar/collections/skin-care/products/isis-uveblock-spf-5-fluid-tint-very-high-40ml,https://cdn.shopify.com/s/files/1/0566/6779/9603/files/isis-uveblock-spf-50-fluid-medium-tint-40ml-7465713.jpg?v=1762441169,https://cdn.shopify.com/s/files/1/0566/6779/9603/files/isis-uveblock-spf-50-fluid-medium-tint-40ml-7465713.jpg?v=1762441169,skin-care
949.0,EGP,ISISPHARMA,Home > العناية بالبشرة > إيزيس UVEBLOCK SPF50+ سائل ملون خفيف 40 مل > Back to العناية بالبشرة > جل محيط العين من كولاجرا بجزيئات الذهب عيار 24 قيراطًا 20 مل,in stock,https://aldawaaegy.com/ar/collections/skin-care/products/isis-uveblock-spf-50-fluid-40ml,https://cdn.shopify.com/s/files/1/0566/6779/9603/files/isis-uveblock-spf-50fluid-40ml-7337655.jpg?v=1762440269,https://cdn.shopify.com/s/files/1/0566/6779/9603/files/isis-uveblock-spf-50fluid-40ml-7337655.jpg?v=1762440269,skin-care
255.5,EGP,Bio Stream,Home > العناية بالبشرة > إيزيس UVEBLOCK SPF50+ سائل غير مرئي 40 مل > Back to العناية بالبشرة > جل تنظيف الجمال الفاخر 200 مل,in stock,https://aldawaaegy.com/ar/collections/skin-care/products/kolagra-eye-contour-gel-with-gold-20ml,https://cdn.shopify.com/s/files/1/0566/6779/9603/products/kolagra-eye-contour-gel-with-gold-20ml-4749234.webp?v=1762441143,https://cdn.shopify.com/s/files/1/0566/6779/9603/products/kolagra-eye-contour-gel-with-gold-20ml-4749234.webp?v=1762441143,skin-care
270.0,EGP,Luxury,Home > العناية بالبشرة > جل محيط العين من كولاجرا بجزيئات الذهب عيار 24 قيراطًا 20 مل > Back to العناية بالبشرة > سيروم فيتامين سي من لكجري بيوتي 50 مل,sold out,https://aldawaaegy.com/ar/collections/skin-care/products/luxury-beauty-cleansing-gel-200ml,https://cdn.shopify.com/s/files/1/0566/6779/9603/products/luxury-beauty-cleansing-gel-200ml-3989580.jpg?v=1762440513,https://cdn.shopify.com/s/files/1/0566/6779/9603/products/luxury-beauty-cleansing-gel-200ml-3989580.jpg?v=1762440513,skin-care
300.0,EGP,Luxury,Home > العناية بالبشرة > جل تنظيف الجمال الفاخر 200 مل > Back to العناية بالبشرة > منظف ​​ميديتوبيك للبشرة الجافة 200 مل,in stock,https://aldawaaegy.com/ar/collections/skin-care/products/luxury-beauty-vitamin-c-serum-50ml,https://cdn.shopify.com/s/files/1/0566/6779/9603/products/luxury-beauty-vitamin-c-serum-50ml-7963828.png?v=1762441118,https://cdn.shopify.com/s/files/1/0566/6779/9603/products/luxury-beauty-vitamin-c-serum-50ml-7963828.png?v=1762441118,skin-care
668.0,EGP,Meditopic,Home > العناية بالبشرة > سيروم فيتامين سي من لكجري بيوتي 50 مل > Back to العناية بالبشرة > جل تنقية نونوميل من ميديتوبيك، 75 مل,sold out,https://aldawaaegy.com/ar/collections/skin-care/products/meditopic-cleanser-for-dry-skin-200ml,https://cdn.shopify.com/s/files/1/0566/6779/9603/products/meditopic-cleanser-for-dry-skin-200ml-2981336.jpg?v=1762440632,https://cdn.shopify.com/s/files/1/0566/6779/9603/products/meditopic-cleanser-for-dry-skin-200ml-2981336.jpg?v=1762440632,skin-care
868.0,EGP,Meditopic,Home > العناية بالبشرة > منظف ​​ميديتوبيك للبشرة الجافة 200 مل > Back to العناية بالبشرة > كريم ميلابروف الواقي من الشمس 50 جم,sold out,https://aldawaaegy.com/ar/collections/skin-care/products/meditopic-nonomel-clarifing-gel-75ml,https://cdn.shopify.com/s/files/1/0566/6779/9603/products/meditopic-nonomel-clarifing-gel-75ml-7420353.jpg?v=1762441173,https://cdn.shopify.com/s/files/1/0566/6779/9603/products/meditopic-nonomel-clarifing-gel-75ml-7420353.jpg?v=1762441173,skin-care
198.0,EGP,Melaprof,Home > العناية بالبشرة > جل تنقية نونوميل من ميديتوبيك، 75 مل > Back to العناية بالبشرة > كريم أساس نانو تريت لايت 30 مل,sold out,https://aldawaaegy.com/ar/collections/skin-care/products/melaprof-sunscreen-cream-50gm,https://cdn.shopify.com/s/files/1/0566/6779/9603/products/melaprof-sunscreen-cream-50gm-6902989.jpg?v=1762441488,https://cdn.shopify.com/s/files/1/0566/6779/9603/products/melaprof-sunscreen-cream-50gm-6902989.jpg?v=1762441488,skin-care
499.0,EGP,Nano Treat,Home > العناية بالبشرة > كريم ميلابروف الواقي من الشمس 50 جم > Back to العناية بالبشرة > كريم أساس نانو تريت متوسط ​​30 مل,in stock,https://aldawaaegy.com/ar/collections/skin-care/products/nano-treat-foundation-light-30ml,https://cdn.shopify.com/s/files/1/0566/6779/9603/products/nano-treat-foundation-light-30ml-1133381.png?v=1762441022,https://cdn.shopify.com/s/files/1/0566/6779/9603/products/nano-treat-foundation-light-30ml-1133381.png?v=1762441022,skin-care
499.0,EGP,Nano Treat,Home > العناية بالبشرة > كريم أساس نانو تريت لايت 30 مل > Back to العناية بالبشرة > نوكس كريم برود جل مرطب للعين 15 مل,in stock,https://aldawaaegy.com/ar/collections/skin-care/products/nano-treat-foundation-medium-30ml,https://cdn.shopify.com/s/files/1/0566/6779/9603/products/nano-treat-foundation-medium-30ml-8955300.png?v=1762440625,https://cdn.shopify.com/s/files/1/0566/6779/9603/products/nano-treat-foundation-medium-30ml-8955300.png?v=1762440625,skin-care
635.0,EGP,Nuxe,Home > العناية بالبشرة > كريم أساس نانو تريت متوسط ​​30 مل > Back to العناية بالبشرة > غسول الوجه أوركيديا هيدرا بوست 150 مل,sold out,https://aldawaaegy.com/ar/collections/skin-care/products/nuxe-creme-prod-eye-balm-gel-15ml,https://cdn.shopify.com/s/files/1/0566/6779/9603/products/nuxe-creme-prod-eye-balm-gel-15ml-2146969.webp?v=1762440505,https://cdn.shopify.com/s/files/1/0566/6779/9603/products/nuxe-creme-prod-eye-balm-gel-15ml-2146969.webp?v=1762440505,skin-care
170.0,EGP,Orchidia,Home > العناية بالبشرة > نوكس كريم برود جل مرطب للعين 15 مل > Back to العناية بالبشرة > سيباكلار جل فعال 50 مل,sold out,https://aldawaaegy.com/ar/collections/skin-care/products/orchidia-hydra-boost-face-wash-150ml,https://cdn.shopify.com/s/files/1/0566/6779/9603/products/orchidia-hydra-boost-face-wash-150ml-5550215.webp?v=1762440451,https://cdn.shopify.com/s/files/1/0566/6779/9603/products/orchidia-hydra-boost-face-wash-150ml-5550215.webp?v=1762440451,skin-care
307.0,EGP,Sebaclar,Home > العناية بالبشرة > غسول الوجه أوركيديا هيدرا بوست 150 مل > Back to العناية بالبشرة > سيناتور مخمرية كيس 50 مل,in stock,https://aldawaaegy.com/ar/collections/skin-care/products/sebaclar-active-gel-50ml,https://cdn.shopify.com/s/files/1/0566/6779/9603/files/sebaclar-active-gel-50ml-9460219.jpg?v=1762441111,https://cdn.shopify.com/s/files/1/0566/6779/9603/files/sebaclar-active-gel-50ml-9460219.jpg?v=1762441111,skin-care
40.0,EGP,Senator,Home > العناية بالبشرة > سيباكلار جل فعال 50 مل > Back to العناية بالبشرة > سيناتور جل عرض البطيخ 380 مل,sold out,https://aldawaaegy.com/ar/collections/skin-care/products/senator-makhmaria-kiss-50ml,https://cdn.shopify.com/s/files/1/0566/6779/9603/products/senator-makhmaria-kiss-50ml-2478341.jpg?v=1762441379,https://cdn.shopify.com/s/files/1/0566/6779/9603/products/senator-makhmaria-kiss-50ml-2478341.jpg?v=1762441379,skin-care
90.0,EGP,Senator,Home > العناية بالبشرة > سيناتور مخمرية كيس 50 مل > Back to العناية بالبشرة > سكين سكين سيروم مكثف 30 مل,sold out,https://aldawaaegy.com/ar/collections/skin-care/products/senator-watermelon-show-gel-380ml,https://cdn.shopify.com/s/files/1/0566/6779/9603/products/senator-watermelon-show-gel-380ml-1312646.jpg?v=1762441466,https://cdn.shopify.com/s/files/1/0566/6779/9603/products/senator-watermelon-show-gel-380ml-1312646.jpg?v=1762441466,skin-care
230.0,EGP,Skene,Home > العناية بالبشرة > سيناتور جل عرض البطيخ 380 مل > Back to العناية بالبشرة > ستارفيل منظف حب الشباب 200 مل + بوباي جل 60 جم,sold out,https://aldawaaegy.com/ar/collections/skin-care/products/skene-intense-serum-30ml,https://cdn.shopify.com/s/files/1/0566/6779/9603/products/skene-intense-serum-30ml-5714614.webp?v=1762441606,https://cdn.shopify.com/s/files/1/0566/6779/9603/products/skene-intense-serum-30ml-5714614.webp?v=1762441606,skin-care
273.0,EGP,Starville,Home > العناية بالبشرة > سكين سكين سيروم مكثف 30 مل > Back to العناية بالبشرة > كريم ستارفيل للبشرة المعرضة لحب الشباب 60 جرام,sold out,https://aldawaaegy.com/ar/collections/skin-care/products/starville-acne-cleanser-200ml-bobai-gel-60-gm,,,skin-care
85.0,EGP,Starville,Home > العناية بالبشرة > ستارفيل منظف حب الشباب 200 مل + بوباي جل 60 جم > Back to العناية بالبشرة > ستارفيل منظف الوجه 200 مل + كريم 60 جم,sold out,https://aldawaaegy.com/ar/collections/skin-care/products/starville-acne-prone-skin-cream-60gm-n-p,https://cdn.shopify.com/s/files/1/0566/6779/9603/files/starville-acne-prone-skin-cream-60gm-np-1860804.png?v=1762441023,https://cdn.shopify.com/s/files/1/0566/6779/9603/files/starville-acne-prone-skin-cream-60gm-np-1860804.png?v=1762441023,skin-care
175.0,EGP,Starville,Home > العناية بالبشرة > كريم ستارفيل للبشرة المعرضة لحب الشباب 60 جرام > Back to العناية بالبشرة > كريم سترالين لليدين 75 مل,sold out,https://aldawaaegy.com/ar/collections/skin-care/products/starville-facial-cleanser-200ml-cream-60-gm,https://cdn.shopify.com/s/files/1/0566/6779/9603/products/starville-facial-cleanser-200ml-cream-60-gm-1155404.jpg?v=1762440512,https://cdn.shopify.com/s/files/1/0566/6779/9603/products/starville-facial-cleanser-200ml-cream-60-gm-1155404.jpg?v=1762440512,skin-care
264.0,EGP,Straline,Home > العناية بالبشرة > ستارفيل منظف الوجه 200 مل + كريم 60 جم > Back to العناية بالبشرة > تيلوفيل سيروم مضاد للشيخوخة 30 مل,in stock,https://aldawaaegy.com/ar/collections/skin-care/products/straline-hand-cream-75ml,https://cdn.shopify.com/s/files/1/0566/6779/9603/files/straline-hand-cream-75ml-5470258.jpg?v=1762441682,https://cdn.shopify.com/s/files/1/0566/6779/9603/files/straline-hand-cream-75ml-5470258.jpg?v=1762441682,skin-care
400.0,EGP,Telofill,Home > العناية بالبشرة > كريم سترالين لليدين 75 مل > Back to العناية بالبشرة > مجموعة تيلوفيل للجسم بالياسمين,sold out,https://aldawaaegy.com/ar/collections/skin-care/products/telofill-anti-aging-serum-30-ml,https://cdn.shopify.com/s/files/1/0566/6779/9603/products/telofill-anti-aging-serum-30-ml-6778204.jpg?v=1762441140,https://cdn.shopify.com/s/files/1/0566/6779/9603/products/telofill-anti-aging-serum-30-ml-6778204.jpg?v=1762441140,skin-care
510.0,EGP,Telofill,Home > العناية بالبشرة > تيلوفيل سيروم مضاد للشيخوخة 30 مل > Back to العناية بالبشرة > لوشن الجسم تيلوفيل بجوز الهند 250 مل,sold out,https://aldawaaegy.com/ar/collections/skin-care/products/telofill-body-jasmine-kit,https://cdn.shopify.com/s/files/1/0566/6779/9603/products/telofill-body-jasmine-kit-4868349.jpg?v=1762441580,https://cdn.shopify.com/s/files/1/0566/6779/9603/products/telofill-body-jasmine-kit-4868349.jpg?v=1762441580,skin-care
195.0,EGP,Telofill,Home > العناية بالبشرة > مجموعة تيلوفيل للجسم بالياسمين > Back to العناية بالبشرة > لوشن الجسم تيلوفيل بالفانيليا 250 مل,sold out,https://aldawaaegy.com/ar/collections/skin-care/products/telofill-body-lotion-coconut-250ml,https://cdn.shopify.com/s/files/1/0566/6779/9603/products/telofill-body-lotion-coconut-250ml-6401491.jpg?v=1762441395,https://cdn.shopify.com/s/files/1/0566/6779/9603/products/telofill-body-lotion-coconut-250ml-6401491.jpg?v=1762441395,skin-care
195.0,EGP,Telofill,Home > العناية بالبشرة > لوشن الجسم تيلوفيل بجوز الهند 250 مل > Back to العناية بالبشرة > تيلوفيل مقشر الجسم بالياسمين 250 مل,sold out,https://aldawaaegy.com/ar/collections/skin-care/products/telofill-body-lotion-vanilla-250ml,https://cdn.shopify.com/s/files/1/0566/6779/9603/products/telofill-body-lotion-vanilla-250ml-3215121.jpg?v=1762440268,https://cdn.shopify.com/s/files/1/0566/6779/9603/products/telofill-body-lotion-vanilla-250ml-3215121.jpg?v=1762440268,skin-care
210.0,EGP,Telofill,Home > العناية بالبشرة > لوشن الجسم تيلوفيل بالفانيليا 250 مل > Back to العناية بالبشرة > تيلوفيل مقشر الجسم بالفانيليا 250 مل,in stock,https://aldawaaegy.com/ar/collections/skin-care/products/telofill-body-scrub-jasmine-250ml,https://cdn.shopify.com/s/files/1/0566/6779/9603/products/telofill-body-scrub-jasmine-250ml-1852634.webp?v=1762440112,https://cdn.shopify.com/s/files/1/0566/6779/9603/products/telofill-body-scrub-jasmine-250ml-1852634.webp?v=1762440112,skin-care
210.0,EGP,Telofill,Home > العناية بالبشرة > تيلوفيل مقشر الجسم بالياسمين 250 مل > Back to العناية بالبشرة > غسول الجسم تيلوفيل بجوز الهند 500 مل,sold out,https://aldawaaegy.com/ar/collections/skin-care/products/telofill-body-scrub-vanilla-250ml,https://cdn.shopify.com/s/files/1/0566/6779/9603/products/telofill-body-scrub-vanilla-250ml-8122886.jpg?v=1762441469,https://cdn.shopify.com/s/files/1/0566/6779/9603/products/telofill-body-scrub-vanilla-250ml-8122886.jpg?v=1762441469,skin-care
190.0,EGP,Telofill,Home > العناية بالبشرة > تيلوفيل مقشر الجسم بالفانيليا 250 مل > Back to العناية بالبشرة > توبيكريم جل منظف منقي، 200 مل,sold out,https://aldawaaegy.com/ar/collections/skin-care/products/telofill-coconut-body-wash-500ml,https://cdn.shopify.com/s/files/1/0566/6779/9603/products/telofill-coconut-body-wash-500ml-7662320.jpg?v=1762441737,https://cdn.shopify.com/s/files/1/0566/6779/9603/products/telofill-coconut-body-wash-500ml-7662320.jpg?v=1762441737,skin-care
220.0,EGP,Topicrem,Home > العناية بالبشرة > غسول الجسم تيلوفيل بجوز الهند 500 مل > Back to العناية بالبشرة > توبيكريم ميسيل للتنظيف اللطيف، 200 مل,in stock,https://aldawaaegy.com/ar/collections/skin-care/products/topicrem-ac-purifying-cleans-gel-200ml,https://cdn.shopify.com/s/files/1/0566/6779/9603/products/topicrem-acpurifying-cleans-gel-200ml-6795374.jpg?v=1762440098,https://cdn.shopify.com/s/files/1/0566/6779/9603/products/topicrem-acpurifying-cleans-gel-200ml-6795374.jpg?v=1762440098,skin-care
240.0,EGP,Topicrem,Home > العناية بالبشرة > توبيكريم جل منظف منقي، 200 مل > Back to العناية بالبشرة > توبيكريم هيدرا كريم ملون ميدي 40 مل,sold out,https://aldawaaegy.com/ar/collections/skin-care/products/topicrem-gentle-cleansing-micell-200ml,https://cdn.shopify.com/s/files/1/0566/6779/9603/products/topicrem-gentle-cleansing-micell-200ml-7497304.jpg?v=1762440282,https://cdn.shopify.com/s/files/1/0566/6779/9603/products/topicrem-gentle-cleansing-micell-200ml-7497304.jpg?v=1762440282,skin-care
335.0,EGP,Topicrem,Home > العناية بالبشرة > توبيكريم ميسيل للتنظيف اللطيف، 200 مل > Back to العناية بالبشرة > كريم الوجه توبيكريم ريتش فائق الترطيب 40 مل,sold out,https://aldawaaegy.com/ar/collections/skin-care/products/topicrem-hydra-tinted-cream-medi-40ml,https://cdn.shopify.com/s/files/1/0566/6779/9603/products/topicrem-hydra-tinted-cream-medi-40ml-1534369.jpg?v=1762440638,https://cdn.shopify.com/s/files/1/0566/6779/9603/products/topicrem-hydra-tinted-cream-medi-40ml-1534369.jpg?v=1762440638,skin-care
262.0,EGP,Topicrem,Home > العناية بالبشرة > توبيكريم هيدرا كريم ملون ميدي 40 مل > Back to العناية بالبشرة > توبيكريم حليب فائق الترطيب للجسم 500 مل,sold out,https://aldawaaegy.com/ar/collections/skin-care/products/topicrem-rich-ultra-moisturizing-face-cream-40-ml,https://cdn.shopify.com/s/files/1/0566/6779/9603/products/topicrem-rich-ultra-moisturizing-face-cream-40-ml-6553595.jpg?v=1762441400,https://cdn.shopify.com/s/files/1/0566/6779/9603/products/topicrem-rich-ultra-moisturizing-face-cream-40-ml-6553595.jpg?v=1762441400,skin-care
450.0,EGP,Topicrem,Home > العناية بالبشرة > كريم الوجه توبيكريم ريتش فائق الترطيب 40 مل > Back to العناية بالبشرة > يورياج باريسون بخاخ حماية 50 200 مل,sold out,https://aldawaaegy.com/ar/collections/skin-care/products/topicrem-ultra-moisturizing-body-milk-500-ml,https://cdn.shopify.com/s/files/1/0566/6779/9603/products/topicrem-ultra-moisturizing-body-milk-500-ml-4570615.jpg?v=1762440204,https://cdn.shopify.com/s/files/1/0566/6779/9603/products/topicrem-ultra-moisturizing-body-milk-500-ml-4570615.jpg?v=1762440204,skin-care
1279.0,EGP,Uriage,Home > العناية بالبشرة > توبيكريم حليب فائق الترطيب للجسم 500 مل > Back to العناية بالبشرة > يورياج باريسون مات سائل SPF 50 50 مل,sold out,https://aldawaaegy.com/ar/collections/skin-care/products/uriage-bariesun-50-spf-spray-200-ml,https://cdn.shopify.com/s/files/1/0566/6779/9603/products/uriage-bariesun-50-spf-spray-200-ml-8655088.webp?v=1762440572,https://cdn.shopify.com/s/files/1/0566/6779/9603/products/uriage-bariesun-50-spf-spray-200-ml-8655088.webp?v=1762440572,skin-care
999.0,EGP,Uriage,Home > العناية بالبشرة > يورياج باريسون بخاخ حماية 50 200 مل > Back to العناية بالبشرة > كريم التبييض يوريماك 60 م,sold out,https://aldawaaegy.com/ar/collections/skin-care/products/uriage-bariesun-mat-spf-50-fluid-50ml,https://cdn.shopify.com/s/files/1/0566/6779/9603/products/uriage-bariesun-mat-spf-50-fluid-50ml-9932573.jpg?v=1762441592,https://cdn.shopify.com/s/files/1/0566/6779/9603/products/uriage-bariesun-mat-spf-50-fluid-50ml-9932573.jpg?v=1762441592,skin-care
160.0,EGP,Urimak,Home > العناية بالبشرة > يورياج باريسون مات سائل SPF 50 50 مل > Back to العناية بالبشرة > كريم يوفيبرو دراي تاتش الخالي من الزيت 50 مل,sold out,https://aldawaaegy.com/ar/collections/skin-care/products/urimak-whitening-cream-60m,https://cdn.shopify.com/s/files/1/0566/6779/9603/products/urimak-whitening-cream-60m-1393020.webp?v=1762441173,https://cdn.shopify.com/s/files/1/0566/6779/9603/products/urimak-whitening-cream-60m-1393020.webp?v=1762441173,skin-care
313.0,EGP,Uvepro,Home > العناية بالبشرة > كريم التبييض يوريماك 60 م > Back to العناية بالبشرة > كريم Uvepro خفيف الملمس بعامل حماية من الشمس +50,in stock,https://aldawaaegy.com/ar/collections/skin-care/products/uvepro-dry-touch-oil-free-cream-50ml,https://cdn.shopify.com/s/files/1/0566/6779/9603/products/uvepro-dry-touch-oil-free-cream-50ml-6234245.jpg?v=1762440518,https://cdn.shopify.com/s/files/1/0566/6779/9603/products/uvepro-dry-touch-oil-free-cream-50ml-6234245.jpg?v=1762440518,skin-care
236.0,EGP,Uvepro,Home > العناية بالبشرة > كريم يوفيبرو دراي تاتش الخالي من الزيت 50 مل > Back to العناية بالبشرة > فيشي ليفتاكتيف سوبريم دراي إلى فيدراي 50 مل,sold out,https://aldawaaegy.com/ar/collections/skin-care/products/uvepro-light-texture-spf-50-cream,https://cdn.shopify.com/s/files/1/0566/6779/9603/products/uvepro-light-texture-spf50-cream-7179472.jpg?v=1762441469,https://cdn.shopify.com/s/files/1/0566/6779/9603/products/uvepro-light-texture-spf50-cream-7179472.jpg?v=1762441469,skin-care
509.0,EGP,Vichy,Home > العناية بالبشرة > كريم Uvepro خفيف الملمس بعامل حماية من الشمس +50 > Back to العناية بالبشرة > سيروم فيتامين سي للوجه من فويلا 30 مل,sold out,https://aldawaaegy.com/ar/collections/skin-care/products/vichy-liftactiv-supreme-dry-to-v-dry-50ml,https://cdn.shopify.com/s/files/1/0566/6779/9603/products/vichy-liftactiv-supreme-dry-to-vdry-50ml-5581155.jpg?v=1762440963,https://cdn.shopify.com/s/files/1/0566/6779/9603/products/vichy-liftactiv-supreme-dry-to-vdry-50ml-5581155.jpg?v=1762440963,skin-care
245.0,EGP,Voila,Home > العناية بالبشرة > فيشي ليفتاكتيف سوبريم دراي إلى فيدراي 50 مل > Back to العناية بالبشرة > بلسم بيو بالانس بزيت الأرغان للكعب والقدم المتشققة 60 مل,in stock,https://aldawaaegy.com/ar/collections/skin-care/products/voila-vitamin-c-facial-serum-30ml,https://cdn.shopify.com/s/files/1/0566/6779/9603/products/voila-vitamin-c-facial-serum-30ml-6630609.webp?v=1762440928,https://cdn.shopify.com/s/files/1/0566/6779/9603/products/voila-vitamin-c-facial-serum-30ml-6630609.webp?v=1762440928,skin-care
2000.0,EGP,BIOBALANCE,Home > العناية بالبشرة > سيروم فيتامين سي للوجه من فويلا 30 مل > Back to العناية بالبشرة > سيبا ميد كريم الشمس بعامل حماية من الشمس 50+ عطر 75 مل,sold out,https://aldawaaegy.com/ar/collections/skin-care/products/bio-balance-argan-oil-cracked-heel-foot-balm-60ml,https://cdn.shopify.com/s/files/1/0566/6779/9603/products/bio-balance-argan-oil-cracked-heelfoot-balm-60ml-8253234.webp?v=1762440198,https://cdn.shopify.com/s/files/1/0566/6779/9603/products/bio-balance-argan-oil-cracked-heelfoot-balm-60ml-8253234.webp?v=1762440198,skin-care
418.0,EGP,Seba Med,Home > العناية بالبشرة > بلسم بيو بالانس بزيت الأرغان للكعب والقدم المتشققة 60 مل > Back to العناية بالبشرة > كريم تبييض البشرة الفاخر للبشرة الحساسة 100 مل,sold out,https://aldawaaegy.com/ar/collections/skin-care/products/seba-med-sun-cream-spf50-75ml-perfume,https://cdn.shopify.com/s/files/1/0566/6779/9603/products/seba-med-sun-cream-spf50-75ml-perfume-4257102.jpg?v=1762440101,https://cdn.shopify.com/s/files/1/0566/6779/9603/products/seba-med-sun-cream-spf50-75ml-perfume-4257102.jpg?v=1762440101,skin-care
280.0,EGP,Luxury,Home > العناية بالبشرة > سيبا ميد كريم الشمس بعامل حماية من الشمس 50+ عطر 75 مل > Back to العناية بالبشرة > فلوسلك تونر مجاني 150 مل,sold out,https://aldawaaegy.com/ar/collections/skin-care/products/luxury-beauty-whitening-cream-sensitive-100ml,https://cdn.shopify.com/s/files/1/0566/6779/9603/products/luxury-beauty-whitening-cream-sensitive-100ml-5462913.webp?v=1762440644,https://cdn.shopify.com/s/files/1/0566/6779/9603/products/luxury-beauty-whitening-cream-sensitive-100ml-5462913.webp?v=1762440644,skin-care
300.0,EGP,Floslek,Home > العناية بالبشرة > كريم تبييض البشرة الفاخر للبشرة الحساسة 100 مل > Back to العناية بالبشرة > قناع فلوسلك المضاد للشيخوخة,sold out,https://aldawaaegy.com/ar/collections/skin-care/products/floslek-free-toner-150ml,https://cdn.shopify.com/s/files/1/0566/6779/9603/products/floslek-free-toner-150ml-8242159.jpg?v=1762440972,https://cdn.shopify.com/s/files/1/0566/6779/9603/products/floslek-free-toner-150ml-8242159.jpg?v=1762440972,skin-care
550.0,EGP,Floslek,Home > العناية بالبشرة > فلوسلك تونر مجاني 150 مل > Back to العناية بالبشرة > فلوسلك جل الصبار 200 مل,sold out,https://aldawaaegy.com/ar/collections/skin-care/products/floslek-anti-aging-mask,https://cdn.shopify.com/s/files/1/0566/6779/9603/products/floslek-anti-aging-mask-1486359.jpg?v=1762440374,https://cdn.shopify.com/s/files/1/0566/6779/9603/products/floslek-anti-aging-mask-1486359.jpg?v=1762440374,skin-care
350.0,EGP,Floslek,Home > العناية بالبشرة > قناع فلوسلك المضاد للشيخوخة > Back to العناية بالبشرة > مصل فلوسلك بالكولاجين,sold out,https://aldawaaegy.com/ar/collections/skin-care/products/floslek-aloe-gel-200ml,https://cdn.shopify.com/s/files/1/0566/6779/9603/products/floslek-aloe-gel-200ml-1787869.jpg?v=1762440993,https://cdn.shopify.com/s/files/1/0566/6779/9603/products/floslek-aloe-gel-200ml-1787869.jpg?v=1762440993,skin-care
600.0,EGP,Floslek,Home > العناية بالبشرة > فلوسلك جل الصبار 200 مل > Back to العناية بالبشرة > قناع ماتريسكين HP/R 50 مل,sold out,https://aldawaaegy.com/ar/collections/skin-care/products/floslek-collagen-up-serum,https://cdn.shopify.com/s/files/1/0566/6779/9603/products/floslek-collagen-up-serum-3229487.jpg?v=1762441468,https://cdn.shopify.com/s/files/1/0566/6779/9603/products/floslek-collagen-up-serum-3229487.jpg?v=1762441468,skin-care
599.0,EGP,Matriskin,Home > العناية بالبشرة > مصل فلوسلك بالكولاجين > Back to العناية بالبشرة > بيزلين ملمع لؤلؤي للجسم,in stock,https://aldawaaegy.com/ar/collections/skin-care/products/matriskin-hp-r-mask-50ml,https://cdn.shopify.com/s/files/1/0566/6779/9603/products/matriskin-hpr-mask-50ml-4002382.webp?v=1762440202,https://cdn.shopify.com/s/files/1/0566/6779/9603/products/matriskin-hpr-mask-50ml-4002382.webp?v=1762440202,skin-care
35.0,EGP,Beesline,Home > العناية بالبشرة > قناع ماتريسكين HP/R 50 مل > Back to العناية بالبشرة > فلوسلك جل كريم للحماية من الشمس 30 مل,sold out,https://aldawaaegy.com/ar/collections/skin-care/products/beesline-body-pearl-polish,https://cdn.shopify.com/s/files/1/0566/6779/9603/products/beesline-body-pearl-polish-8389438.jpg?v=1762440631,https://cdn.shopify.com/s/files/1/0566/6779/9603/products/beesline-body-pearl-polish-8389438.jpg?v=1762440631,skin-care
400.0,EGP,Floslek,Home > العناية بالبشرة > بيزلين ملمع لؤلؤي للجسم > Back to العناية بالبشرة > ديرماتيك سيروم فيتامين سي للوجه والرقبة 30 مل,sold out,https://aldawaaegy.com/ar/collections/skin-care/products/floslek-sun-care-spot-cream-gel-30ml,https://cdn.shopify.com/s/files/1/0566/6779/9603/products/floslek-sun-care-spot-cream-gel-30ml-6452967.png?v=1762440451,https://cdn.shopify.com/s/files/1/0566/6779/9603/products/floslek-sun-care-spot-cream-gel-30ml-6452967.png?v=1762440451,skin-care
440.0,EGP,Dermatique,Home > العناية بالبشرة > فلوسلك جل كريم للحماية من الشمس 30 مل > Back to العناية بالبشرة > يوسيرين ديرموبوريفتر فلويدو عامل حماية من الشمس 30 50 مل,sold out,https://aldawaaegy.com/ar/collections/skin-care/products/dermatique-vit-c-serum-face-neck-30ml,https://cdn.shopify.com/s/files/1/0566/6779/9603/products/dermatique-vitc-serum-faceneck-30ml-5901291.webp?v=1762441142,https://cdn.shopify.com/s/files/1/0566/6779/9603/products/dermatique-vitc-serum-faceneck-30ml-5901291.webp?v=1762441142,skin-care
941.0,EGP,Eucerin,Home > العناية بالبشرة > ديرماتيك سيروم فيتامين سي للوجه والرقبة 30 مل > Back to العناية بالبشرة > بيوديرما سيكابيو أرنيكا + كريم 40 مل,sold out,https://aldawaaegy.com/ar/collections/skin-care/products/eucerin-dermopurifter-fluido-spf-30-50ml,https://cdn.shopify.com/s/files/1/0566/6779/9603/products/eucerin-dermopurifter-fluido-spf-30-50ml-2760001.jpg?v=1762440077,https://cdn.shopify.com/s/files/1/0566/6779/9603/products/eucerin-dermopurifter-fluido-spf-30-50ml-2760001.jpg?v=1762440077,skin-care
799.0,EGP,Bioderma,Home > العناية بالبشرة > يوسيرين ديرموبوريفتر فلويدو عامل حماية من الشمس 30 50 مل > Back to العناية بالبشرة > لوشن متعدد للعناية بالشمس من سيبا ميد 50 درجة عالية جدًا 150 مل خالي من العطور,sold out,https://aldawaaegy.com/ar/collections/skin-care/products/bioderma-cicabio-arnica-cream-40ml,https://cdn.shopify.com/s/files/1/0566/6779/9603/products/bioderma-cicabio-arnica-cream-40ml-6676260.jpg?v=1762440204,https://cdn.shopify.com/s/files/1/0566/6779/9603/products/bioderma-cicabio-arnica-cream-40ml-6676260.jpg?v=1762440204,skin-care
478.0,EGP,Seba Med,Home > العناية بالبشرة > بيوديرما سيكابيو أرنيكا + كريم 40 مل > Back to العناية بالبشرة > سيبا ميد كريم النهار المضاد للجفاف 50 مل,sold out,https://aldawaaegy.com/ar/collections/skin-care/products/seba-med-sun-care-multi-lotion-50very-high-150ml-perfume-free,https://cdn.shopify.com/s/files/1/0566/6779/9603/products/seba-med-sun-care-multi-lotion-50very-high-150ml-perfume-free-1299308.jpg?v=1762439846,https://cdn.shopify.com/s/files/1/0566/6779/9603/products/seba-med-sun-care-multi-lotion-50very-high-150ml-perfume-free-1299308.jpg?v=1762439846,skin-care
340.0,EGP,Seba Med,Home > العناية بالبشرة > لوشن متعدد للعناية بالشمس من سيبا ميد 50 درجة عالية جدًا 150 مل خالي من العطور > Back to العناية بالبشرة > كريم سيبا ميد للأطفال فائق النعومة 200 مل,sold out,https://aldawaaegy.com/ar/collections/skin-care/products/seba-med-anti-dry-day-defence-cream-50-ml,https://cdn.shopify.com/s/files/1/0566/6779/9603/products/seba-med-anti-dry-day-defence-cream-50-ml-6969326.jpg?v=1762441491,https://cdn.shopify.com/s/files/1/0566/6779/9603/products/seba-med-anti-dry-day-defence-cream-50-ml-6969326.jpg?v=1762441491,skin-care
299.0,EGP,Seba Med,Home > العناية بالبشرة > سيبا ميد كريم النهار المضاد للجفاف 50 مل > Back to العناية بالبشرة > لوشن الجسم المرطب المضاد للجفاف من سيبا ميد 200 مل,sold out,https://aldawaaegy.com/ar/collections/skin-care/products/seba-med-baby-cream-extra-soft-200ml,https://cdn.shopify.com/s/files/1/0566/6779/9603/products/seba-med-baby-cream-extra-soft-200ml-2073453.jpg?v=1762440072,https://cdn.shopify.com/s/files/1/0566/6779/9603/products/seba-med-baby-cream-extra-soft-200ml-2073453.jpg?v=1762440072,skin-care
340.0,EGP,Seba Med,Home > العناية بالبشرة > كريم سيبا ميد للأطفال فائق النعومة 200 مل > Back to العناية بالبشرة > لوشن متعدد للعناية بالشمس للأطفال من سيبا ميد 50 درجة عالية جدًا 200 مل,sold out,https://aldawaaegy.com/ar/collections/skin-care/products/seba-med-anti-dry-hydrating-body-lotion-200ml,https://cdn.shopify.com/s/files/1/0566/6779/9603/products/seba-med-anti-dry-hydrating-body-lotion-200ml-4385461.jpg?v=1762441073,https://cdn.shopify.com/s/files/1/0566/6779/9603/products/seba-med-anti-dry-hydrating-body-lotion-200ml-4385461.jpg?v=1762441073,skin-care
539.0,EGP,Seba Med,Home > العناية بالبشرة > لوشن الجسم المرطب المضاد للجفاف من سيبا ميد 200 مل > Back to العناية بالبشرة > لاروش بوزيه ليبيكار بوم AP 75 مل,sold out,https://aldawaaegy.com/ar/collections/skin-care/products/seba-med-kids-sun-care-multi-lotion-50very-high-200ml,https://cdn.shopify.com/s/files/1/0566/6779/9603/products/seba-med-kids-sun-care-multi-lotion-50very-high-200ml-6179472.webp?v=1762441175,https://cdn.shopify.com/s/files/1/0566/6779/9603/products/seba-med-kids-sun-care-multi-lotion-50very-high-200ml-6179472.webp?v=1762441175,skin-care
640.0,EGP,La Roche-Posay,Home > العناية بالبشرة > لوشن متعدد للعناية بالشمس للأطفال من سيبا ميد 50 درجة عالية جدًا 200 مل > Back to العناية بالبشرة > كريم لاروش بوزيه توليريان الحساس,in stock,https://aldawaaegy.com/ar/collections/skin-care/products/la-roche-posay-lipikar-baume-ap-75ml,https://cdn.shopify.com/s/files/1/0566/6779/9603/products/la-roche-posay-lipikar-baume-ap-75ml-7019587.webp?v=1762440687,https://cdn.shopify.com/s/files/1/0566/6779/9603/products/la-roche-posay-lipikar-baume-ap-75ml-7019587.webp?v=1762440687,skin-care
970.0,EGP,La Roche-Posay,Home > العناية بالبشرة > لاروش بوزيه ليبيكار بوم AP 75 مل > Back to العناية بالبشرة > لاروش بوزيه ثيرمال سينس مياه الينابيع 150 جرام,in stock,https://aldawaaegy.com/ar/collections/skin-care/products/la-roche-posay-toleriane-sensitive-cream,https://cdn.shopify.com/s/files/1/0566/6779/9603/products/la-roche-toleriane-sensitive-cream-4661535.jpg?v=1762440463,https://cdn.shopify.com/s/files/1/0566/6779/9603/products/la-roche-toleriane-sensitive-cream-4661535.jpg?v=1762440463,skin-care
579.0,EGP,La Roche-Posay,Home > العناية بالبشرة > كريم لاروش بوزيه توليريان الحساس > Back to العناية بالبشرة > لاروش بوزيه كريم تصحيح علامات تقدم السن ملون بعامل حماية من الشمس +50 50 مل,in stock,https://aldawaaegy.com/ar/collections/skin-care/products/la-roche-posay-thermale-sens-spring-water-150g,https://cdn.shopify.com/s/files/1/0566/6779/9603/products/la-roche-thermale-sensspring-water-150g-3472262.jpg?v=1762441303,https://cdn.shopify.com/s/files/1/0566/6779/9603/products/la-roche-thermale-sensspring-water-150g-3472262.jpg?v=1762441303,skin-care
1230.0,EGP,La Roche-Posay,Home > العناية بالبشرة > لاروش بوزيه ثيرمال سينس مياه الينابيع 150 جرام > Back to العناية بالبشرة > مقشر بيل كلينيك بيرفيكتلي جوماج 200 مل,in stock,https://aldawaaegy.com/ar/collections/skin-care/products/la-roche-posay-age-correct-tinted-spf-50-50ml,https://cdn.shopify.com/s/files/1/0566/6779/9603/products/la-roche-posay-age-correct-tinted-spf50-50ml-5604578.webp?v=1762440271,https://cdn.shopify.com/s/files/1/0566/6779/9603/products/la-roche-posay-age-correct-tinted-spf50-50ml-5604578.webp?v=1762440271,skin-care
375.0,EGP,Bel Clinic,Home > العناية بالبشرة > لاروش بوزيه كريم تصحيح علامات تقدم السن ملون بعامل حماية من الشمس +50 50 مل > Back to العناية بالبشرة > لاروش بوزيه ليبيكار لايت/لوشن 200 مل,sold out,https://aldawaaegy.com/ar/collections/skin-care/products/bel-clinic-peeling-scrub-perfectly-gommage-200-ml,https://cdn.shopify.com/s/files/1/0566/6779/9603/products/bel-clinic-peeling-scrub-perfectly-gommage-200-ml-7019155.jpg?v=1762439939,https://cdn.shopify.com/s/files/1/0566/6779/9603/products/bel-clinic-peeling-scrub-perfectly-gommage-200-ml-7019155.jpg?v=1762439939,skin-care
72.0,EGP,La Roche-Posay,Home > العناية بالبشرة > مقشر بيل كلينيك بيرفيكتلي جوماج 200 مل > Back to العناية بالبشرة > جل لاروش بوساي بوستهيليوس للوجه والجسم 200 مل,in stock,https://aldawaaegy.com/ar/collections/skin-care/products/la-roche-posay-lipikar-lait-lotion-200-ml,https://cdn.shopify.com/s/files/1/0566/6779/9603/products/la-roche-lipikar-laitlotion-200-ml-3619171.webp?v=1762439852,https://cdn.shopify.com/s/files/1/0566/6779/9603/products/la-roche-lipikar-laitlotion-200-ml-3619171.webp?v=1762439852,skin-care
599.0,EGP,La Roche-Posay,Home > العناية بالبشرة > لاروش بوزيه ليبيكار لايت/لوشن 200 مل > Back to العناية بالبشرة > غسول الوجه للبشرة الحساسة من آبي 175 مل,sold out,https://aldawaaegy.com/ar/collections/skin-care/products/la-roche-posay-posthelios-face-body-gel-200ml,https://cdn.shopify.com/s/files/1/0566/6779/9603/products/la-roche-posthelios-facebody-gel-200ml-2964213.jpg?v=1762440198,https://cdn.shopify.com/s/files/1/0566/6779/9603/products/la-roche-posthelios-facebody-gel-200ml-2964213.jpg?v=1762440198,skin-care
250.0,EGP,Appe,Home > العناية بالبشرة > جل لاروش بوساي بوستهيليوس للوجه والجسم 200 مل > Back to العناية بالبشرة > قناع تبييض آبي 60 مل,sold out,https://aldawaaegy.com/ar/collections/skin-care/products/appe-sensitive-facial-wash-175ml,https://cdn.shopify.com/s/files/1/0566/6779/9603/products/appe-sensitive-facial-wash-175ml-8627490.jpg?v=1762440964,https://cdn.shopify.com/s/files/1/0566/6779/9603/products/appe-sensitive-facial-wash-175ml-8627490.jpg?v=1762440964,skin-care
200.0,EGP,Appe,Home > العناية بالبشرة > غسول الوجه للبشرة الحساسة من آبي 175 مل > Back to العناية بالبشرة > نانو تريت سيروم حمض الهيالورونيك 30 مل,sold out,https://aldawaaegy.com/ar/collections/skin-care/products/appe-whitening-mask-60ml,https://cdn.shopify.com/s/files/1/0566/6779/9603/products/appe-whitening-mask-60ml-1030784.webp?v=1762440992,https://cdn.shopify.com/s/files/1/0566/6779/9603/products/appe-whitening-mask-60ml-1030784.webp?v=1762440992,skin-care
499.0,EGP,Nano Treat,Home > العناية بالبشرة > قناع تبييض آبي 60 مل > Back to العناية بالبشرة > كريم نانو تريت الليلي 50 جم,in stock,https://aldawaaegy.com/ar/collections/skin-care/products/nano-treat-hyaluronic-acid-serum-30ml,https://cdn.shopify.com/s/files/1/0566/6779/9603/products/nano-treat-hyaluronic-acid-serum-30ml-5060098.webp?v=1762439845,https://cdn.shopify.com/s/files/1/0566/6779/9603/products/nano-treat-hyaluronic-acid-serum-30ml-5060098.webp?v=1762439845,skin-care
609.0,EGP,Nano Treat,Home > العناية بالبشرة > نانو تريت سيروم حمض الهيالورونيك 30 مل > Back to العناية بالبشرة > كريم نانو تريت للقدم والكعب 50 مل,in stock,https://aldawaaegy.com/ar/collections/skin-care/products/nano-treat-night-cream-50gm,https://cdn.shopify.com/s/files/1/0566/6779/9603/products/nano-treat-night-cream-50gm-1736644.jpg?v=1762440084,https://cdn.shopify.com/s/files/1/0566/6779/9603/products/nano-treat-night-cream-50gm-1736644.jpg?v=1762440084,skin-care
189.0,EGP,Nano Treat,Home > العناية بالبشرة > كريم نانو تريت الليلي 50 جم > Back to العناية بالبشرة > نانو تريت سيروم فيتامين سي 30 مل,in stock,https://aldawaaegy.com/ar/collections/skin-care/products/nano-treat-foot-heel-cream-50ml,https://cdn.shopify.com/s/files/1/0566/6779/9603/products/nano-treat-footheel-cream-50ml-8942463.webp?v=1762440450,https://cdn.shopify.com/s/files/1/0566/6779/9603/products/nano-treat-footheel-cream-50ml-8942463.webp?v=1762440450,skin-care
529.0,EGP,Nano Treat,Home > العناية بالبشرة > كريم نانو تريت للقدم والكعب 50 مل > Back to العناية بالبشرة > كريم فيتشي إيديال سوليل بعامل حماية من الشمس 50، 50 مل,in stock,https://aldawaaegy.com/ar/collections/skin-care/products/nano-treat-vitamin-c-serum-30ml,https://cdn.shopify.com/s/files/1/0566/6779/9603/products/nano-treat-vitamin-c-serum-30ml-9302679.webp?v=1762440078,https://cdn.shopify.com/s/files/1/0566/6779/9603/products/nano-treat-vitamin-c-serum-30ml-9302679.webp?v=1762440078,skin-care
999.0,EGP,Vichy,Home > العناية بالبشرة > نانو تريت سيروم فيتامين سي 30 مل > Back to العناية بالبشرة > سيروم حماية البشرة من يورياج 30 مل,sold out,https://aldawaaegy.com/ar/collections/skin-care/products/vichy-ideal-soleil-spf50-cream-50ml,https://cdn.shopify.com/s/files/1/0566/6779/9603/products/vichy-ideal-soleil-spf50-cream-50ml-2130848.jpg?v=1762439951,https://cdn.shopify.com/s/files/1/0566/6779/9603/products/vichy-ideal-soleil-spf50-cream-50ml-2130848.jpg?v=1762439951,skin-care
999.0,EGP,Uriage,Home > العناية بالبشرة > كريم فيتشي إيديال سوليل بعامل حماية من الشمس 50، 50 مل > Back to العناية بالبشرة > سيروم تصحيحي يورياج ديبيديرم 30 مل,sold out,https://aldawaaegy.com/ar/collections/skin-care/products/uriage-age-protect-serum-intensif-30ml,https://cdn.shopify.com/s/files/1/0566/6779/9603/products/uriage-age-protect-serum-intensif-30ml-9275155.jpg?v=1762440463,https://cdn.shopify.com/s/files/1/0566/6779/9603/products/uriage-age-protect-serum-intensif-30ml-9275155.jpg?v=1762440463,skin-care
1745.0,EGP,Uriage,Home > العناية بالبشرة > سيروم حماية البشرة من يورياج 30 مل > Back to العناية بالبشرة > بخاخ الحماية من أشعة الشمس UVEBLOCK SPF50+ من ISIS بحجم 200 مل,in stock,https://aldawaaegy.com/ar/collections/skin-care/products/uriage-depiderm-corrective-serum-30ml,https://cdn.shopify.com/s/files/1/0566/6779/9603/products/uriage-depiderm-corrective-serum-30ml-7834050.jpg?v=1762439743,https://cdn.shopify.com/s/files/1/0566/6779/9603/products/uriage-depiderm-corrective-serum-30ml-7834050.jpg?v=1762439743,skin-care
1399.0,EGP,ISISPHARMA,Home > العناية بالبشرة > سيروم تصحيحي يورياج ديبيديرم 30 مل > Back to العناية بالبشرة > تونر للوجه للبشرة الدهنية من آب، 250 مل,in stock,https://aldawaaegy.com/ar/collections/skin-care/products/isis-uv-spray-spf-50-high-protection-200ml,https://cdn.shopify.com/s/files/1/0566/6779/9603/files/isis-uv-spray-spf50-high-protection-200ml-9616936.jpg?v=1762441078,https://cdn.shopify.com/s/files/1/0566/6779/9603/files/isis-uv-spray-spf50-high-protection-200ml-9616936.jpg?v=1762441078,skin-care
195.0,EGP,Appe,Home > العناية بالبشرة > بخاخ الحماية من أشعة الشمس UVEBLOCK SPF50+ من ISIS بحجم 200 مل > Back to العناية بالبشرة > تونر للوجه لجميع أنواع البشرة من آبي، 250 مل,in stock,https://aldawaaegy.com/ar/collections/skin-care/products/appe-oily-skin-face-toner-250ml,https://cdn.shopify.com/s/files/1/0566/6779/9603/products/appe-oily-skin-face-toner-250ml-7954484.jpg?v=1762441136,https://cdn.shopify.com/s/files/1/0566/6779/9603/products/appe-oily-skin-face-toner-250ml-7954484.jpg?v=1762441136,skin-care
250.0,EGP,Appe,Home > العناية بالبشرة > تونر للوجه للبشرة الدهنية من آب، 250 مل > Back to العناية بالبشرة > قالب تنظيف كريم بارد من أفين 100 جم,sold out,https://aldawaaegy.com/ar/collections/skin-care/products/appe-all-skin-face-toner-250ml,https://cdn.shopify.com/s/files/1/0566/6779/9603/products/appe-all-skin-face-toner-250ml-7620558.jpg?v=1762439742,https://cdn.shopify.com/s/files/1/0566/6779/9603/products/appe-all-skin-face-toner-250ml-7620558.jpg?v=1762439742,skin-care
1185.0,EGP,Avene,Home > العناية بالبشرة > تونر للوجه لجميع أنواع البشرة من آبي، 250 مل > Back to العناية بالبشرة > أفين كيدز 50+ بخاخ 200 مل,sold out,https://aldawaaegy.com/ar/collections/skin-care/products/avene-cold-cream-cleansing-bar-100g,https://cdn.shopify.com/s/files/1/0566/6779/9603/products/avene-cold-cream-cleansing-bar-100g-5351033.jpg?v=1762441348,https://cdn.shopify.com/s/files/1/0566/6779/9603/products/avene-cold-cream-cleansing-bar-100g-5351033.jpg?v=1762441348,skin-care
50.0,EGP,Avene,Home > العناية بالبشرة > قالب تنظيف كريم بارد من أفين 100 جم > Back to العناية بالبشرة > بيوديرما سيبيوم جلوبال 30 مل,sold out,https://aldawaaegy.com/ar/collections/skin-care/products/avene-kids-50-spray-200ml,https://cdn.shopify.com/s/files/1/0566/6779/9603/products/avene-kids-50-spray-200ml-9940259.jpg?v=1762440821,https://cdn.shopify.com/s/files/1/0566/6779/9603/products/avene-kids-50-spray-200ml-9940259.jpg?v=1762440821,skin-care
1045.0,EGP,Bioderma,Home > العناية بالبشرة > أفين كيدز 50+ بخاخ 200 مل > Back to العناية بالبشرة > افين كولد كريم 100 م,sold out,https://aldawaaegy.com/ar/collections/skin-care/products/bioderma-sebium-global-30ml,https://cdn.shopify.com/s/files/1/0566/6779/9603/products/bioderma-sebium-global-30ml-6855138.webp?v=1762439922,https://cdn.shopify.com/s/files/1/0566/6779/9603/products/bioderma-sebium-global-30ml-6855138.webp?v=1762439922,skin-care
1179.0,EGP,Avene,Home > العناية بالبشرة > بيوديرما سيبيوم جلوبال 30 مل > Back to العناية بالبشرة > أفين كلينانس ماء ميسيلار 400 مل,in stock,https://aldawaaegy.com/ar/collections/skin-care/products/avene-cold-cream-100m,https://cdn.shopify.com/s/files/1/0566/6779/9603/products/avene-cold-cream-100m-3864606.jpg?v=1762441469,https://cdn.shopify.com/s/files/1/0566/6779/9603/products/avene-cold-cream-100m-3864606.jpg?v=1762441469,skin-care
695.0,EGP,Avene,Home > العناية بالبشرة > افين كولد كريم 100 م > Back to العناية بالبشرة > ماتريسكين سيروم فيتامين سي 30 مل,sold out,https://aldawaaegy.com/ar/collections/skin-care/products/avene-cleanance-micellar-water-400ml,https://cdn.shopify.com/s/files/1/0566/6779/9603/products/avene-cleanance-micellar-water-400ml-6417377.jpg?v=1762441678,https://cdn.shopify.com/s/files/1/0566/6779/9603/products/avene-cleanance-micellar-water-400ml-6417377.jpg?v=1762441678,skin-care
629.0,EGP,Matriskin,Home > العناية بالبشرة > أفين كلينانس ماء ميسيلار 400 مل > Back to العناية بالبشرة > توبيكريم ايه سي أكتيف كير 40 مل,sold out,https://aldawaaegy.com/ar/collections/skin-care/products/matriskin-vitamine-c-serum-30ml,https://cdn.shopify.com/s/files/1/0566/6779/9603/products/matriskin-vitamine-c-serum-30ml-4198214.jpg?v=1762440451,https://cdn.shopify.com/s/files/1/0566/6779/9603/products/matriskin-vitamine-c-serum-30ml-4198214.jpg?v=1762440451,skin-care
283.0,EGP,Topicrem,Home > العناية بالبشرة > ماتريسكين سيروم فيتامين سي 30 مل > Back to العناية بالبشرة > ماتريسكين تي آر/5 كريم 50 مل,sold out,https://aldawaaegy.com/ar/collections/skin-care/products/topicrem-ac-active-care-40ml,https://cdn.shopify.com/s/files/1/0566/6779/9603/products/topicrem-ac-active-care-40ml-2012226.webp?v=1762440578,https://cdn.shopify.com/s/files/1/0566/6779/9603/products/topicrem-ac-active-care-40ml-2012226.webp?v=1762440578,skin-care
599.0,EGP,Matriskin,Home > العناية بالبشرة > توبيكريم ايه سي أكتيف كير 40 مل > Back to العناية بالبشرة > جل غسول الوجه النقي من آبي 250 مل,sold out,https://aldawaaegy.com/ar/collections/skin-care/products/matriskin-tr-5-cream-50ml,https://cdn.shopify.com/s/files/1/0566/6779/9603/products/matriskin-tr5-cream-50ml-4915973.jpg?v=1762440108,https://cdn.shopify.com/s/files/1/0566/6779/9603/products/matriskin-tr5-cream-50ml-4915973.jpg?v=1762440108,skin-care
295.0,EGP,Appe,Home > العناية بالبشرة > ماتريسكين تي آر/5 كريم 50 مل > Back to العناية بالبشرة > ماتريسكين منظف رغوي فوري 150 مل,sold out,https://aldawaaegy.com/ar/collections/skin-care/products/appe-pure-facial-wash-gel-250ml,https://cdn.shopify.com/s/files/1/0566/6779/9603/products/appe-pure-facial-wash-gel-250ml-7123965.png?v=1762441739,https://cdn.shopify.com/s/files/1/0566/6779/9603/products/appe-pure-facial-wash-gel-250ml-7123965.png?v=1762441739,skin-care
450.0,EGP,Matriskin,Home > العناية بالبشرة > جل غسول الوجه النقي من آبي 250 مل > Back to العناية بالبشرة > CARE SOFT COLLAR XL,sold out,https://aldawaaegy.com/ar/collections/skin-care/products/matriskin-instant-foaming-cleanser-150ml,https://cdn.shopify.com/s/files/1/0566/6779/9603/products/matriskin-instant-foaming-cleanser-150ml-1117907.webp?v=1762439663,https://cdn.shopify.com/s/files/1/0566/6779/9603/products/matriskin-instant-foaming-cleanser-150ml-1117907.webp?v=1762439663,skin-care
90.0,EGP,Pharmaceris,Home > العناية بالبشرة > ماتريسكين منظف رغوي فوري 150 مل > Back to العناية بالبشرة > يورياج ماء ميسيلار للبشرة الحساسة 250 مل,in stock,https://aldawaaegy.com/ar/collections/skin-care/products/pharmaceris-f-fluid-found-spf25-02-30m,https://cdn.shopify.com/s/files/1/0566/6779/9603/products/pharmaceris-f-fluid-foundspf25-02-30m-4612645.jpg?v=1762440277,https://cdn.shopify.com/s/files/1/0566/6779/9603/products/pharmaceris-f-fluid-foundspf25-02-30m-4612645.jpg?v=1762440277,skin-care
695.0,EGP,Uriage,Home > العناية بالبشرة > CARE SOFT COLLAR XL > Back to العناية بالبشرة > بيوديرما سينسيبيو جل محيط العين 15 مل,sold out,https://aldawaaegy.com/ar/collections/skin-care/products/uriage-micellar-water-sensitive-skin-250ml,https://cdn.shopify.com/s/files/1/0566/6779/9603/products/uriage-micellar-water-sensitive-skin-250ml-7062377.jpg?v=1762440071,https://cdn.shopify.com/s/files/1/0566/6779/9603/products/uriage-micellar-water-sensitive-skin-250ml-7062377.jpg?v=1762440071,skin-care
1049.0,EGP,Bioderma,Home > العناية بالبشرة > يورياج ماء ميسيلار للبشرة الحساسة 250 مل > Back to العناية بالبشرة > بيوديرما سيبيوم جل مقشر 100 مل,in stock,https://aldawaaegy.com/ar/collections/skin-care/products/bioderma-sensibio-eye-contour-gel-15ml,https://cdn.shopify.com/s/files/1/0566/6779/9603/products/bioderma-sensibio-eye-contour-gel-15ml-3797943.webp?v=1762441110,https://cdn.shopify.com/s/files/1/0566/6779/9603/products/bioderma-sensibio-eye-contour-gel-15ml-3797943.webp?v=1762441110,skin-care
779.0,EGP,Bioderma,Home > العناية بالبشرة > بيوديرما سينسيبيو جل محيط العين 15 مل > Back to العناية بالبشرة > كريم أفين لليدين البارد 50 مل,in stock,https://aldawaaegy.com/ar/collections/skin-care/products/bioderma-sebium-gel-exfolianting-100ml,https://cdn.shopify.com/s/files/1/0566/6779/9603/products/bioderma-sebium-gel-exfolianting-100ml-9391601.jpg?v=1762439657,https://cdn.shopify.com/s/files/1/0566/6779/9603/products/bioderma-sebium-gel-exfolianting-100ml-9391601.jpg?v=1762439657,skin-care
599.0,EGP,Avene,Home > العناية بالبشرة > بيوديرما سيبيوم جل مقشر 100 مل > Back to العناية بالبشرة > بيوديرما اتوديرم انتينسيف بوم الترا بلسم 75 مل,sold out,https://aldawaaegy.com/ar/collections/skin-care/products/avene-cold-hand-cream-50ml,https://cdn.shopify.com/s/files/1/0566/6779/9603/products/avene-cold-hand-cream-50ml-3119757.jpg?v=1762439748,https://cdn.shopify.com/s/files/1/0566/6779/9603/products/avene-cold-hand-cream-50ml-3119757.jpg?v=1762439748,skin-care
689.0,EGP,Bioderma,Home > العناية بالبشرة > كريم أفين لليدين البارد 50 مل > Back to العناية بالبشرة > أفين فيزيوليفت نايت سوث. بلسم 30 م,sold out,https://aldawaaegy.com/ar/collections/skin-care/products/bioderma-atoderm-intensive-baume-ultra-balm-75-ml,https://cdn.shopify.com/s/files/1/0566/6779/9603/products/bioderma-atoderm-intensive-baume-ultra-balm-75-ml-5892777.webp?v=1762440198,https://cdn.shopify.com/s/files/1/0566/6779/9603/products/bioderma-atoderm-intensive-baume-ultra-balm-75-ml-5892777.webp?v=1762440198,skin-care
775.0,EGP,Avene,Home > العناية بالبشرة > بيوديرما اتوديرم انتينسيف بوم الترا بلسم 75 مل > Back to العناية بالبشرة > تونر فويلا سيدمول للوجه 220 مل,sold out,https://aldawaaegy.com/ar/collections/skin-care/products/avene-physiolift-night-sooth-balm-30m,https://cdn.shopify.com/s/files/1/0566/6779/9603/products/avene-physiolift-night-sooth-balm-30m-8028208.jpg?v=1762441458,https://cdn.shopify.com/s/files/1/0566/6779/9603/products/avene-physiolift-night-sooth-balm-30m-8028208.jpg?v=1762441458,skin-care
290.0,EGP,Voila,Home > العناية بالبشرة > أفين فيزيوليفت نايت سوث. بلسم 30 م > Back to العناية بالبشرة > فويلا رغوة منظفة لطيفة 150 مل,in stock,https://aldawaaegy.com/ar/collections/skin-care/products/voila-sidmool-face-toner-220ml,https://cdn.shopify.com/s/files/1/0566/6779/9603/products/voila-sidmool-face-toner-220ml-3171852.webp?v=1762439851,https://cdn.shopify.com/s/files/1/0566/6779/9603/products/voila-sidmool-face-toner-220ml-3171852.webp?v=1762439851,skin-care
220.0,EGP,Voila,Home > العناية بالبشرة > تونر فويلا سيدمول للوجه 220 مل > Back to العناية بالبشرة > سيروم الوجه المضاد للشيخوخة من فويلا 50 مل,in stock,https://aldawaaegy.com/ar/collections/skin-care/products/voila-gentle-cleanser-foam-150ml,https://cdn.shopify.com/s/files/1/0566/6779/9603/files/voila-gentle-cleanser-foam-150ml-5744626.webp?v=1762439843,https://cdn.shopify.com/s/files/1/0566/6779/9603/files/voila-gentle-cleanser-foam-150ml-5744626.webp?v=1762439843,skin-care
210.0,EGP,Voila,Home > العناية بالبشرة > فويلا رغوة منظفة لطيفة 150 مل > Back to العناية بالبشرة > كريم تبييض فويلا 50 مل,in stock,https://aldawaaegy.com/ar/collections/skin-care/products/voila-anti-aging-face-serum-50ml,https://cdn.shopify.com/s/files/1/0566/6779/9603/products/voila-anti-aging-face-serum-50ml-7666051.jpg?v=1762440450,https://cdn.shopify.com/s/files/1/0566/6779/9603/products/voila-anti-aging-face-serum-50ml-7666051.jpg?v=1762440450,skin-care
230.0,EGP,Voila,Home > العناية بالبشرة > سيروم الوجه المضاد للشيخوخة من فويلا 50 مل > Back to العناية بالبشرة > غسول الجسم تيلوفيل بالياسمين 500 مل,in stock,https://aldawaaegy.com/ar/collections/skin-care/products/voila-whitening-cream-50ml,https://cdn.shopify.com/s/files/1/0566/6779/9603/products/voila-whitening-cream-50ml-4823169.jpg?v=1762439573,https://cdn.shopify.com/s/files/1/0566/6779/9603/products/voila-whitening-cream-50ml-4823169.jpg?v=1762439573,skin-care
190.0,EGP,Telofill,Home > العناية بالبشرة > كريم تبييض فويلا 50 مل > Back to العناية بالبشرة > غسول الجسم تيلوفيل بالفانيليا 500 مل,sold out,https://aldawaaegy.com/ar/collections/skin-care/products/telofill-jasmine-body-wash-500ml,https://cdn.shopify.com/s/files/1/0566/6779/9603/products/telofill-jasmine-body-wash-500ml-1868337.jpg?v=1762440275,https://cdn.shopify.com/s/files/1/0566/6779/9603/products/telofill-jasmine-body-wash-500ml-1868337.jpg?v=1762440275,skin-care
190.0,EGP,Telofill,Home > العناية بالبشرة > غسول الجسم تيلوفيل بالياسمين 500 مل > Back to العناية بالبشرة > سيروم الوجه الفاخر للتجميل 50 مل,sold out,https://aldawaaegy.com/ar/collections/skin-care/products/telofill-vanilla-body-wash-500ml,https://cdn.shopify.com/s/files/1/0566/6779/9603/products/telofill-vanilla-body-wash-500ml-9776772.webp?v=1762439745,https://cdn.shopify.com/s/files/1/0566/6779/9603/products/telofill-vanilla-body-wash-500ml-9776772.webp?v=1762439745,skin-care
287.0,EGP,Luxury,Home > العناية بالبشرة > غسول الجسم تيلوفيل بالفانيليا 500 مل > Back to العناية بالبشرة > كريم الجمال الفاخر للبشرة الجافة المتقدمة 100 مل,sold out,https://aldawaaegy.com/ar/collections/skin-care/products/luxury-beauty-face-serum-50ml,https://cdn.shopify.com/s/files/1/0566/6779/9603/products/luxury-beauty-face-serum-50ml-9602068.jpg?v=1762439573,https://cdn.shopify.com/s/files/1/0566/6779/9603/products/luxury-beauty-face-serum-50ml-9602068.jpg?v=1762439573,skin-care
210.0,EGP,Luxury,Home > العناية بالبشرة > سيروم الوجه الفاخر للتجميل 50 مل > Back to العناية بالبشرة > يوسيرين كريم الشمس الحساس 50 مل,sold out,https://aldawaaegy.com/ar/collections/skin-care/products/luxury-beauty-cream-advanced-dry-skin-100ml,https://cdn.shopify.com/s/files/1/0566/6779/9603/products/luxury-beauty-cream-advanced-dry-skin-100ml-4396199.jpg?v=1762440991,https://cdn.shopify.com/s/files/1/0566/6779/9603/products/luxury-beauty-cream-advanced-dry-skin-100ml-4396199.jpg?v=1762440991,skin-care
999.0,EGP,Eucerin,Home > العناية بالبشرة > كريم الجمال الفاخر للبشرة الجافة المتقدمة 100 مل > Back to العناية بالبشرة > بيزلين العناية بالشفاه بالفراولة اللامعة 4 جرام,in stock,https://aldawaaegy.com/ar/collections/skin-care/products/eucerin-sensitive-sun-cream-50ml,https://cdn.shopify.com/s/files/1/0566/6779/9603/products/eucerin-sensitive-sun-cream-50ml-3314050.webp?v=1762439916,https://cdn.shopify.com/s/files/1/0566/6779/9603/products/eucerin-sensitive-sun-cream-50ml-3314050.webp?v=1762439916,skin-care
150.0,EGP,Beesline,Home > العناية بالبشرة > يوسيرين كريم الشمس الحساس 50 مل > Back to العناية بالبشرة > بيزلين العناية بالشفاه بزبدة الشيا والأفوكادو 4 جرام,in stock,https://aldawaaegy.com/ar/collections/skin-care/products/beesline-lip-care-shimmery-strawberry-4g,https://cdn.shopify.com/s/files/1/0566/6779/9603/products/beesline-lip-care-shimmery-strawberry-4g-3070934.jpg?v=1762440084,https://cdn.shopify.com/s/files/1/0566/6779/9603/products/beesline-lip-care-shimmery-strawberry-4g-3070934.jpg?v=1762440084,skin-care
175.0,EGP,Beesline,Home > العناية بالبشرة > بيزلين العناية بالشفاه بالفراولة اللامعة 4 جرام > Back to العناية بالبشرة > لوشن أفين تريكسيرا نيوتري فلويد للوجه والجسم 400 مل,in stock,https://aldawaaegy.com/ar/collections/skin-care/products/beesline-lip-care-shea-butter-avocado-4g,https://cdn.shopify.com/s/files/1/0566/6779/9603/products/beesline-lip-care-shea-butteravocado-4g-9722820.jpg?v=1762439716,https://cdn.shopify.com/s/files/1/0566/6779/9603/products/beesline-lip-care-shea-butteravocado-4g-9722820.jpg?v=1762439716,skin-care
20.0,EGP,Avene,Home > العناية بالبشرة > بيزلين العناية بالشفاه بزبدة الشيا والأفوكادو 4 جرام > Back to العناية بالبشرة > أفين تريس هوت بروتكشن 50+ بخاخ 200 مل,sold out,https://aldawaaegy.com/ar/collections/skin-care/products/avene-trixera-nutri-fluid-lotion-face-body-400ml,https://cdn.shopify.com/s/files/1/0566/6779/9603/products/avene-trixera-nutri-fluid-lotion-facebody-400ml-3455965.jpg?v=1762439306,https://cdn.shopify.com/s/files/1/0566/6779/9603/products/avene-trixera-nutri-fluid-lotion-facebody-400ml-3455965.jpg?v=1762439306,skin-care
850.0,EGP,Avene,Home > العناية بالبشرة > لوشن أفين تريكسيرا نيوتري فلويد للوجه والجسم 400 مل > Back to العناية بالبشرة > كريم الشفاه أفين سيكالفات لإصلاح الشفاه، 10 مل,sold out,https://aldawaaegy.com/ar/collections/skin-care/products/avene-tres-haute-protection-50-spray-200ml,https://cdn.shopify.com/s/files/1/0566/6779/9603/products/avene-tres-haute-protection-50-spray-200ml-4945922.jpg?v=1762439299,https://cdn.shopify.com/s/files/1/0566/6779/9603/products/avene-tres-haute-protection-50-spray-200ml-4945922.jpg?v=1762439299,skin-care
599.0,EGP,Avene,Home > العناية بالبشرة > أفين تريس هوت بروتكشن 50+ بخاخ 200 مل > Back to العناية بالبشرة > لوشن آبي شيمر برونزي 60 مل,in stock,https://aldawaaegy.com/ar/collections/skin-care/products/avene-cicalfate-repair-lip-cream-10ml,https://cdn.shopify.com/s/files/1/0566/6779/9603/products/avene-cicalfate-repair-lip-cream-10ml-7047271.jpg?v=1762441732,https://cdn.shopify.com/s/files/1/0566/6779/9603/products/avene-cicalfate-repair-lip-cream-10ml-7047271.jpg?v=1762441732,skin-care
250.0,EGP,Appe,Home > العناية بالبشرة > كريم الشفاه أفين سيكالفات لإصلاح الشفاه، 10 مل > Back to العناية بالبشرة > آبي سوفت موس بيج 60 مل,sold out,https://aldawaaegy.com/ar/collections/skin-care/products/appe-shimmer-lotion-bronze-60ml,https://cdn.shopify.com/s/files/1/0566/6779/9603/products/appe-shimmer-lotion-bronze-60ml-1553138.jpg?v=1762439749,https://cdn.shopify.com/s/files/1/0566/6779/9603/products/appe-shimmer-lotion-bronze-60ml-1553138.jpg?v=1762439749,skin-care
250.0,EGP,Appe,Home > العناية بالبشرة > لوشن آبي شيمر برونزي 60 مل > Back to العناية بالبشرة > فلوسلك جل منظف للوجه 200 مل,sold out,https://aldawaaegy.com/ar/collections/skin-care/products/appe-soft-mousse-beige-60ml,https://cdn.shopify.com/s/files/1/0566/6779/9603/products/appe-soft-mousse-beige-60ml-2758999.jpg?v=1762440631,https://cdn.shopify.com/s/files/1/0566/6779/9603/products/appe-soft-mousse-beige-60ml-2758999.jpg?v=1762440631,skin-care
62.5,EGP,Floslek,Home > العناية بالبشرة > آبي سوفت موس بيج 60 مل > Back to العناية بالبشرة > كريم فلوكسيا ستريكس لعلامات التمدد 125 مل,in stock,https://aldawaaegy.com/ar/collections/skin-care/products/floslek-face-cleansing-gel-200-ml,https://cdn.shopify.com/s/files/1/0566/6779/9603/products/floslek-face-cleansing-gel-200-ml-9156530.jpg?v=1762441456,https://cdn.shopify.com/s/files/1/0566/6779/9603/products/floslek-face-cleansing-gel-200-ml-9156530.jpg?v=1762441456,skin-care
499.0,EGP,Floxia,Home > العناية بالبشرة > فلوسلك جل منظف للوجه 200 مل > Back to العناية بالبشرة > بيزلين كريم ترميم القدمين والكعبين 150 مل,sold out,https://aldawaaegy.com/ar/collections/skin-care/products/floxia-streix-stretch-mark-cream-125ml,https://cdn.shopify.com/s/files/1/0566/6779/9603/products/floxia-streix-stretch-mark-cream-125ml-4815006.png?v=1762440765,https://cdn.shopify.com/s/files/1/0566/6779/9603/products/floxia-streix-stretch-mark-cream-125ml-4815006.png?v=1762440765,skin-care
65.0,EGP,Beesline,Home > العناية بالبشرة > كريم فلوكسيا ستريكس لعلامات التمدد 125 مل > Back to العناية بالبشرة > كريم جل مركز من إيزيس تين ديرم كيه، 30 مل,in stock,https://aldawaaegy.com/ar/collections/skin-care/products/beesline-feet-heels-repair-cream-150-ml,https://cdn.shopify.com/s/files/1/0566/6779/9603/products/beesline-feetheels-repair-cream-150-ml-3983517.jpg?v=1762439957,https://cdn.shopify.com/s/files/1/0566/6779/9603/products/beesline-feetheels-repair-cream-150-ml-3983517.jpg?v=1762439957,skin-care
699.0,EGP,ISISPHARMA,Home > العناية بالبشرة > بيزلين كريم ترميم القدمين والكعبين 150 مل > Back to العناية بالبشرة > مستحلب فلوكسيا ديسكو مايكرو 40 مل,in stock,https://aldawaaegy.com/ar/collections/skin-care/products/isis-teen-derm-k-concentrate-gel-cream-30m,https://cdn.shopify.com/s/files/1/0566/6779/9603/files/isis-teen-derm-k-concentrate-gel-cream-30m-5175964.jpg?v=1762441682,https://cdn.shopify.com/s/files/1/0566/6779/9603/files/isis-teen-derm-k-concentrate-gel-cream-30m-5175964.jpg?v=1762441682,skin-care
399.0,EGP,Floxia,Home > العناية بالبشرة > كريم جل مركز من إيزيس تين ديرم كيه، 30 مل > Back to العناية بالبشرة > كريم يورياج الليلي لحماية علامات تقدم السن 40 مل,sold out,https://aldawaaegy.com/ar/collections/skin-care/products/floxia-disco-micro-emulsion-40-ml,https://cdn.shopify.com/s/files/1/0566/6779/9603/products/floxia-disco-micro-emulsion-40-ml-2304295.jpg?v=1762440078,https://cdn.shopify.com/s/files/1/0566/6779/9603/products/floxia-disco-micro-emulsion-40-ml-2304295.jpg?v=1762440078,skin-care
1145.0,EGP,Uriage,Home > العناية بالبشرة > مستحلب فلوكسيا ديسكو مايكرو 40 مل > Back to العناية بالبشرة > بخاخ حماية من أشعة الشمس UVEBLOCK SPF50+ للأطفال 200 مل,sold out,https://aldawaaegy.com/ar/collections/skin-care/products/uriage-age-protect-night-cream-40ml,https://cdn.shopify.com/s/files/1/0566/6779/9603/products/uriage-age-protect-night-cream-40ml-6672324.webp?v=1762439662,https://cdn.shopify.com/s/files/1/0566/6779/9603/products/uriage-age-protect-night-cream-40ml-6672324.webp?v=1762439662,skin-care
1399.0,EGP,ISISPHARMA,Home > العناية بالبشرة > كريم يورياج الليلي لحماية علامات تقدم السن 40 مل > Back to العناية بالبشرة > ديرميديك مرطب تحت العين 15 مل,sold out,https://aldawaaegy.com/ar/collections/skin-care/products/isis-uv-spray-spf-50-high-protection-infants-200ml,https://cdn.shopify.com/s/files/1/0566/6779/9603/files/isis-uv-spray-spf50-high-protection-infants-200ml-4607831.jpg?v=1762440089,https://cdn.shopify.com/s/files/1/0566/6779/9603/files/isis-uv-spray-spf50-high-protection-infants-200ml-4607831.jpg?v=1762440089,skin-care
250.0,EGP,Dermedic,Home > العناية بالبشرة > بخاخ حماية من أشعة الشمس UVEBLOCK SPF50+ للأطفال 200 مل > Back to العناية بالبشرة > كريم أساس فارماسيرز إف 2 ساند فلويد 50+ 30 مل,sold out,https://aldawaaegy.com/ar/collections/skin-care/products/dermedic-under-eye-hydran-15ml,https://cdn.shopify.com/s/files/1/0566/6779/9603/products/dermedic-under-eye-hydran-15ml-9506271.webp?v=1762439355,https://cdn.shopify.com/s/files/1/0566/6779/9603/products/dermedic-under-eye-hydran-15ml-9506271.webp?v=1762439355,skin-care
90.0,EGP,Pharmaceris,Home > العناية بالبشرة > ديرميديك مرطب تحت العين 15 مل > Back to العناية بالبشرة > قناع الترطيب الفائق للوجه من بيزلين,sold out,https://aldawaaegy.com/ar/collections/skin-care/products/pharmaceris-f-foundation-2-sand-fluide-50-30ml,https://cdn.shopify.com/s/files/1/0566/6779/9603/products/pharmaceris-f-foundation-02-sand-fluide-50-30ml-2459916.jpg?v=1762439639,https://cdn.shopify.com/s/files/1/0566/6779/9603/products/pharmaceris-f-foundation-02-sand-fluide-50-30ml-2459916.jpg?v=1762439639,skin-care
35.0,EGP,Beesline,Home > العناية بالبشرة > كريم أساس فارماسيرز إف 2 ساند فلويد 50+ 30 مل > Back to العناية بالبشرة > جل التنظيف فلوكسيا ريجينيا 200 مل,sold out,https://aldawaaegy.com/ar/collections/skin-care/products/beesline-facial-super-moisture-mask,https://cdn.shopify.com/s/files/1/0566/6779/9603/products/beesline-facial-super-moisture-mask-3972345.jpg?v=1762439905,https://cdn.shopify.com/s/files/1/0566/6779/9603/products/beesline-facial-super-moisture-mask-3972345.jpg?v=1762439905,skin-care
304.0,EGP,Floxia,Home > العناية بالبشرة > قناع الترطيب الفائق للوجه من بيزلين > Back to العناية بالبشرة > ديرميديك ميلومين كريم تفتيح البشرة 55 مل,sold out,https://aldawaaegy.com/ar/collections/skin-care/products/floxia-regenia-cleansing-gel-200ml,https://cdn.shopify.com/s/files/1/0566/6779/9603/products/floxia-regenia-cleansing-gel-200ml-4255782.png?v=1762439581,https://cdn.shopify.com/s/files/1/0566/6779/9603/products/floxia-regenia-cleansing-gel-200ml-4255782.png?v=1762439581,skin-care
690.0,EGP,Dermedic,Home > العناية بالبشرة > جل التنظيف فلوكسيا ريجينيا 200 مل > Back to العناية بالبشرة > ISIS UVEBLOCK SPF50+ Dry Touch Invisible 40 مل,sold out,https://aldawaaegy.com/ar/collections/skin-care/products/dermedic-melumin-brightening-protective-55ml,https://cdn.shopify.com/s/files/1/0566/6779/9603/products/dermedic-melumin-brightening-protective-55ml-2569043.jpg?v=1762439838,https://cdn.shopify.com/s/files/1/0566/6779/9603/products/dermedic-melumin-brightening-protective-55ml-2569043.jpg?v=1762439838,skin-care
999.0,EGP,ISISPHARMA,Home > العناية بالبشرة > ديرميديك ميلومين كريم تفتيح البشرة 55 مل > Back to العناية بالبشرة > ديرميديك ميلومين مضاد للبقع الداكنة 55 مل,sold out,https://aldawaaegy.com/ar/collections/skin-care/products/isis-uveblock-50-dry-touch-40ml,https://cdn.shopify.com/s/files/1/0566/6779/9603/files/isis-uveblock-50-dry-touch-40ml-7763234.jpg?v=1762441725,https://cdn.shopify.com/s/files/1/0566/6779/9603/files/isis-uveblock-50-dry-touch-40ml-7763234.jpg?v=1762441725,skin-care
510.0,EGP,Dermedic,Home > العناية بالبشرة > ISIS UVEBLOCK SPF50+ Dry Touch Invisible 40 مل > Back to العناية بالبشرة > جل إيزيس تين ديرم للبشرة الحساسة 400 مل,sold out,https://aldawaaegy.com/ar/collections/skin-care/products/dermedic-melumin-anti-dark-spots-55ml,https://cdn.shopify.com/s/files/1/0566/6779/9603/products/dermedic-melumin-anti-dark-spots-55ml-3961838.jpg?v=1762439715,https://cdn.shopify.com/s/files/1/0566/6779/9603/products/dermedic-melumin-anti-dark-spots-55ml-3961838.jpg?v=1762439715,skin-care
975.0,EGP,ISISPHARMA,Home > العناية بالبشرة > ديرميديك ميلومين مضاد للبقع الداكنة 55 مل > Back to العناية بالبشرة > جل التنظيف سيباكلار 200 مل,sold out,https://aldawaaegy.com/ar/collections/skin-care/products/isis-teen-derm-gel-sensitive-400-ml,https://cdn.shopify.com/s/files/1/0566/6779/9603/files/isis-teen-derm-gel-sensitive-400-ml-6076493.jpg?v=1762439952,https://cdn.shopify.com/s/files/1/0566/6779/9603/files/isis-teen-derm-gel-sensitive-400-ml-6076493.jpg?v=1762439952,skin-care
286.0,EGP,Sebaclar,Home > العناية بالبشرة > جل إيزيس تين ديرم للبشرة الحساسة 400 مل > Back to العناية بالبشرة > بيزلين حليب ما بعد الشمس 200 مل,in stock,https://aldawaaegy.com/ar/collections/skin-care/products/sebaclar-cleansing-gel-200ml,https://cdn.shopify.com/s/files/1/0566/6779/9603/files/sebaclar-cleansing-gel-200ml-4873518.webp?v=1762440684,https://cdn.shopify.com/s/files/1/0566/6779/9603/files/sebaclar-cleansing-gel-200ml-4873518.webp?v=1762440684,skin-care
600.0,EGP,Beesline,Home > العناية بالبشرة > جل التنظيف سيباكلار 200 مل > Back to العناية بالبشرة > فلوكسيا أوسموسيا جل مرطب عميق 125 مل,sold out,https://aldawaaegy.com/ar/collections/skin-care/products/beesline-after-sun-milk-200ml,https://cdn.shopify.com/s/files/1/0566/6779/9603/products/beesline-after-sun-milk-200ml-7125255.webp?v=1762440374,https://cdn.shopify.com/s/files/1/0566/6779/9603/products/beesline-after-sun-milk-200ml-7125255.webp?v=1762440374,skin-care
299.0,EGP,Floxia,Home > العناية بالبشرة > بيزلين حليب ما بعد الشمس 200 مل > Back to العناية بالبشرة > إيزيس يورليا 10 كريم 150 مل,sold out,https://aldawaaegy.com/ar/collections/skin-care/products/floxia-osmosia-deep-moist-gel-125-ml,https://cdn.shopify.com/s/files/1/0566/6779/9603/products/floxia-osmosia-deep-moist-gel-125-ml-1406271.png?v=1762441481,https://cdn.shopify.com/s/files/1/0566/6779/9603/products/floxia-osmosia-deep-moist-gel-125-ml-1406271.png?v=1762441481,skin-care
1219.0,EGP,ISISPHARMA,Home > العناية بالبشرة > فلوكسيا أوسموسيا جل مرطب عميق 125 مل > Back to العناية بالبشرة > آبي صن سكرين لايت ملون +50، 60 مل,sold out,https://aldawaaegy.com/ar/collections/skin-care/products/isis-urelia-10-cream-150ml,https://cdn.shopify.com/s/files/1/0566/6779/9603/files/isis-urelia-10-cream-150ml-5492387.jpg?v=1762440645,https://cdn.shopify.com/s/files/1/0566/6779/9603/files/isis-urelia-10-cream-150ml-5492387.jpg?v=1762440645,skin-care
250.0,EGP,Appe,Home > العناية بالبشرة > إيزيس يورليا 10 كريم 150 مل > Back to العناية بالبشرة > آبي واقي الشمس داكن اللون+50، 60 مل,sold out,https://aldawaaegy.com/ar/collections/skin-care/products/appe-sun-screen-light-tinted-50-60ml,https://cdn.shopify.com/s/files/1/0566/6779/9603/products/appe-sun-screen-light-tinted50-60ml-5032743.webp?v=1762439301,https://cdn.shopify.com/s/files/1/0566/6779/9603/products/appe-sun-screen-light-tinted50-60ml-5032743.webp?v=1762439301,skin-care
250.0,EGP,Appe,Home > العناية بالبشرة > آبي صن سكرين لايت ملون +50، 60 مل > Back to العناية بالبشرة > فارماسيريس تي تونر للوجه 200 مل,sold out,https://aldawaaegy.com/ar/collections/skin-care/products/appe-sun-screen-dark-tinted-50-60ml,https://cdn.shopify.com/s/files/1/0566/6779/9603/products/appe-sun-screen-dark-tinted50-60ml-8036052.webp?v=1762441737,https://cdn.shopify.com/s/files/1/0566/6779/9603/products/appe-sun-screen-dark-tinted50-60ml-8036052.webp?v=1762441737,skin-care
209.0,EGP,Pharmaceris,Home > العناية بالبشرة > آبي واقي الشمس داكن اللون+50، 60 مل > Back to العناية بالبشرة > مصل ألفاساينس ها الداعم 30 مل,sold out,https://aldawaaegy.com/ar/collections/skin-care/products/pharmaceris-t-face-toner-200ml,https://cdn.shopify.com/s/files/1/0566/6779/9603/products/pharmaceris-t-face-toner-200ml-5406418.jpg?v=1762439711,https://cdn.shopify.com/s/files/1/0566/6779/9603/products/pharmaceris-t-face-toner-200ml-5406418.jpg?v=1762439711,skin-care
49.0,EGP,Alphascience,Home > العناية بالبشرة > فارماسيريس تي تونر للوجه 200 مل > Back to العناية بالبشرة > نوكس نكسوريانس الترا نايت 50 مل,sold out,https://aldawaaegy.com/ar/collections/skin-care/products/alphascience-ha-booster-serum-30ml,https://cdn.shopify.com/s/files/1/0566/6779/9603/products/prima-growth-chocolate-childern-8-sachets-7485476.webp?v=1762439120,https://cdn.shopify.com/s/files/1/0566/6779/9603/products/prima-growth-chocolate-childern-8-sachets-7485476.webp?v=1762439120,skin-care
99.9,EGP,Nuxe,Home > العناية بالبشرة > مصل ألفاساينس ها الداعم 30 مل > Back to العناية بالبشرة > ايزيس سيكاليا بلسم 200 مل,sold out,https://aldawaaegy.com/ar/collections/skin-care/products/nuxe-nuxuriance-ultra-night-50-ml,https://cdn.shopify.com/s/files/1/0566/6779/9603/products/nuxe-nuxuriance-ultra-night-50-ml-3501660.jpg?v=1762441118,https://cdn.shopify.com/s/files/1/0566/6779/9603/products/nuxe-nuxuriance-ultra-night-50-ml-3501660.jpg?v=1762441118,skin-care
929.0,EGP,ISISPHARMA,Home > العناية بالبشرة > نوكس نكسوريانس الترا نايت 50 مل > Back to العناية بالبشرة > مقشر الجسم نوكس ريف دي ميل 175 مل,sold out,https://aldawaaegy.com/ar/collections/skin-care/products/isis-secalia-balm-200-ml,https://cdn.shopify.com/s/files/1/0566/6779/9603/files/isis-secalia-balm-200-ml-6754832.jpg?v=1762440512,https://cdn.shopify.com/s/files/1/0566/6779/9603/files/isis-secalia-balm-200-ml-6754832.jpg?v=1762440512,skin-care
23.5,EGP,Nuxe,Home > العناية بالبشرة > ايزيس سيكاليا بلسم 200 مل > Back to العناية بالبشرة > ديرميديك كريم جل الترا هيدراين 50 مل,sold out,https://aldawaaegy.com/ar/collections/skin-care/products/nuxe-reve-de-miel-body-scrub-175ml,https://cdn.shopify.com/s/files/1/0566/6779/9603/products/nuxe-reve-de-miel-body-scrub-175ml-4662785.jpg?v=1762440205,https://cdn.shopify.com/s/files/1/0566/6779/9603/products/nuxe-reve-de-miel-body-scrub-175ml-4662785.jpg?v=1762440205,skin-care
850.0,EGP,Dermedic,Home > العناية بالبشرة > مقشر الجسم نوكس ريف دي ميل 175 مل > Back to العناية بالبشرة > إيزيس تين ديرم مقشر ومنظف جل 150 مل,sold out,https://aldawaaegy.com/ar/collections/skin-care/products/dermedic-crem-gel-ultra-hydrain-50ml,https://cdn.shopify.com/s/files/1/0566/6779/9603/products/dermedic-crem-gel-ultra-hydrain-50ml-4790504.jpg?v=1762439299,https://cdn.shopify.com/s/files/1/0566/6779/9603/products/dermedic-crem-gel-ultra-hydrain-50ml-4790504.jpg?v=1762439299,skin-care
589.0,EGP,ISISPHARMA,Home > العناية بالبشرة > ديرميديك كريم جل الترا هيدراين 50 مل > Back to العناية بالبشرة > توبيكريم ميلا لايت حليب رطب 200 مل,sold out,https://aldawaaegy.com/ar/collections/skin-care/products/isis-teen-derm-exfoliat-cleans-gel-150m,https://cdn.shopify.com/s/files/1/0566/6779/9603/files/isis-teen-derm-exfoliatcleansgel-150m-8895919.jpg?v=1762441067,https://cdn.shopify.com/s/files/1/0566/6779/9603/files/isis-teen-derm-exfoliatcleansgel-150m-8895919.jpg?v=1762441067,skin-care
482.0,EGP,Topicrem,Home > العناية بالبشرة > إيزيس تين ديرم مقشر ومنظف جل 150 مل > Back to العناية بالبشرة > فارماسيرز تي 0.03 محلول اللوز كلاريس 190 مل,sold out,https://aldawaaegy.com/ar/collections/skin-care/products/topicrem-mela-light-moist-milk-200ml,https://cdn.shopify.com/s/files/1/0566/6779/9603/products/topicrem-mela-light-moist-milk-200ml-3564006.jpg?v=1762440686,https://cdn.shopify.com/s/files/1/0566/6779/9603/products/topicrem-mela-light-moist-milk-200ml-3564006.jpg?v=1762440686,skin-care
320.0,EGP,Pharmaceris,Home > العناية بالبشرة > توبيكريم ميلا لايت حليب رطب 200 مل > Back to العناية بالبشرة > أنيفاجين سيروم الرموش 10 مل,sold out,https://aldawaaegy.com/ar/collections/skin-care/products/pharmaceris-t-0-03-almond-claris-solution-190ml,https://cdn.shopify.com/s/files/1/0566/6779/9603/products/pharmaceris-t-3-almond-claris-solution-190ml-9029103.jpg?v=1762439301,https://cdn.shopify.com/s/files/1/0566/6779/9603/products/pharmaceris-t-3-almond-claris-solution-190ml-9029103.jpg?v=1762439301,skin-care
749.0,EGP,Anivagene,Home > العناية بالبشرة > فارماسيرز تي 0.03 محلول اللوز كلاريس 190 مل > Back to العناية بالبشرة > نوكس هويل بروديجيوس 100 مل,in stock,https://aldawaaegy.com/ar/collections/skin-care/products/anivagene-eyelash-serum-10-ml,https://cdn.shopify.com/s/files/1/0566/6779/9603/products/anivagene-eyelash-serum-10-ml-4387481.jpg?v=1762439170,https://cdn.shopify.com/s/files/1/0566/6779/9603/products/anivagene-eyelash-serum-10-ml-4387481.jpg?v=1762439170,skin-care
595.0,EGP,Nuxe,Home > العناية بالبشرة > أنيفاجين سيروم الرموش 10 مل > Back to العناية بالبشرة > لوشن تبييض الجسم من بيزلين 200 مل,sold out,https://aldawaaegy.com/ar/collections/skin-care/products/nuxe-huile-prodigieuse-100ml,https://cdn.shopify.com/s/files/1/0566/6779/9603/products/nuxe-huile-prodigieuse-100ml-3551494.jpg?v=1762441828,https://cdn.shopify.com/s/files/1/0566/6779/9603/products/nuxe-huile-prodigieuse-100ml-3551494.jpg?v=1762441828,skin-care
215.0,EGP,Beesline,Home > العناية بالبشرة > نوكس هويل بروديجيوس 100 مل > Back to العناية بالبشرة > لوشن تبييض الجسم بالتوت البري من بيزلين,sold out,https://aldawaaegy.com/ar/collections/skin-care/products/beesline-whitening-body-lotion-200ml,https://cdn.shopify.com/s/files/1/0566/6779/9603/products/beesline-whitening-body-lotion-200ml-9433684.webp?v=1762439120,https://cdn.shopify.com/s/files/1/0566/6779/9603/products/beesline-whitening-body-lotion-200ml-9433684.webp?v=1762439120,skin-care
275.0,EGP,Beesline,Home > العناية بالبشرة > لوشن تبييض الجسم من بيزلين 200 مل > Back to العناية بالبشرة > ميديتوبيك أكنيمد منظف لحب الشباب والإباحية، 200 مل,sold out,https://aldawaaegy.com/ar/collections/skin-care/products/beesline-whitening-body-lotion-wild-berries,https://cdn.shopify.com/s/files/1/0566/6779/9603/products/beesline-whitening-body-lotion-wild-berries-9998705.jpg?v=1762439437,https://cdn.shopify.com/s/files/1/0566/6779/9603/products/beesline-whitening-body-lotion-wild-berries-9998705.jpg?v=1762439437,skin-care
698.0,EGP,Meditopic,Home > العناية بالبشرة > لوشن تبييض الجسم بالتوت البري من بيزلين > Back to العناية بالبشرة > دكتور راشيل سيروم التبييض 50 مل,sold out,https://aldawaaegy.com/ar/collections/skin-care/products/meditopic-acnimed-acne-porne-cleanser-200ml,https://cdn.shopify.com/s/files/1/0566/6779/9603/products/meditopic-acnimed-acne-porne-cleanser-200ml-6493783.jpg?v=1762439569,https://cdn.shopify.com/s/files/1/0566/6779/9603/products/meditopic-acnimed-acne-porne-cleanser-200ml-6493783.jpg?v=1762439569,skin-care
194.0,EGP,Dr.Rashel,Home > العناية بالبشرة > ميديتوبيك أكنيمد منظف لحب الشباب والإباحية، 200 مل > Back to العناية بالبشرة > إيزيس نيوتون سيروم 30 مل,sold out,https://aldawaaegy.com/ar/collections/skin-care/products/dr-rashel-whitening-serum-50ml,https://cdn.shopify.com/s/files/1/0566/6779/9603/files/drrashel-whitening-serum-50ml-6218789.png?v=1762439472,https://cdn.shopify.com/s/files/1/0566/6779/9603/files/drrashel-whitening-serum-50ml-6218789.png?v=1762439472,skin-care
1179.0,EGP,ISISPHARMA,Home > العناية بالبشرة > دكتور راشيل سيروم التبييض 50 مل > Back to العناية بالبشرة > إيزيس نيوتون SPF50+ Radiance 30 مل,in stock,https://aldawaaegy.com/ar/collections/skin-care/products/isis-neotone-serum-30ml,https://cdn.shopify.com/s/files/1/0566/6779/9603/files/isis-neotone-serum-30ml-2333803.jpg?v=1762439242,https://cdn.shopify.com/s/files/1/0566/6779/9603/files/isis-neotone-serum-30ml-2333803.jpg?v=1762439242,skin-care
1249.0,EGP,ISISPHARMA,Home > العناية بالبشرة > إيزيس نيوتون سيروم 30 مل > Back to العناية بالبشرة > إيزيس تين ديرم ألفا بيور 30 ​​مل,in stock,https://aldawaaegy.com/ar/collections/skin-care/products/isis-neotone-radiance-spf-50-30ml,https://cdn.shopify.com/s/files/1/0566/6779/9603/files/isis-neotone-radiance-spf50-30ml-7982608.jpg?v=1762439661,https://cdn.shopify.com/s/files/1/0566/6779/9603/files/isis-neotone-radiance-spf50-30ml-7982608.jpg?v=1762439661,skin-care
639.0,EGP,ISISPHARMA,Home > العناية بالبشرة > إيزيس نيوتون SPF50+ Radiance 30 مل > Back to العناية بالبشرة > كريم جل واقي الشمس من آبي بروشيلد بعامل حماية من الشمس 50+,in stock,https://aldawaaegy.com/ar/collections/skin-care/products/isis-teen-derm-alpha-pure-30ml,https://cdn.shopify.com/s/files/1/0566/6779/9603/files/isis-teen-derm-alpha-pure-30ml-9644357.jpg?v=1762440985,https://cdn.shopify.com/s/files/1/0566/6779/9603/files/isis-teen-derm-alpha-pure-30ml-9644357.jpg?v=1762440985,skin-care
450.0,EGP,Appe,Home > العناية بالبشرة > إيزيس تين ديرم ألفا بيور 30 ​​مل > Back to العناية بالبشرة > جل غسول الوجه للبشرة الدهنية من آبي، 250 مل,sold out,https://aldawaaegy.com/ar/collections/skin-care/products/appe-proshield-sun-screen-gel-cream-spf-50,https://cdn.shopify.com/s/files/1/0566/6779/9603/files/appe-proshield-sun-screen-gel-cream-spf-50-5664720.jpg?v=1762441143,https://cdn.shopify.com/s/files/1/0566/6779/9603/files/appe-proshield-sun-screen-gel-cream-spf-50-5664720.jpg?v=1762441143,skin-care
295.0,EGP,Appe,Home > العناية بالبشرة > كريم جل واقي الشمس من آبي بروشيلد بعامل حماية من الشمس 50+ > Back to العناية بالبشرة > كريم ايه سي ام سيكاستم للوجه والجسم 20 مل,sold out,https://aldawaaegy.com/ar/collections/skin-care/products/appe-oily-skin-facial-wash-gel-250ml,https://cdn.shopify.com/s/files/1/0566/6779/9603/products/appe-oily-skin-facial-wash-gel-250ml-5194797.jpg?v=1762439027,https://cdn.shopify.com/s/files/1/0566/6779/9603/products/appe-oily-skin-facial-wash-gel-250ml-5194797.jpg?v=1762439027,skin-care
259.0,EGP,ACM,Home > العناية بالبشرة > جل غسول الوجه للبشرة الدهنية من آبي، 250 مل > Back to العناية بالبشرة > جل منعش يورياج جين فاي 200 مل,in stock,https://aldawaaegy.com/ar/collections/skin-care/products/acm-cicastim-cream-face-body-20ml,https://cdn.shopify.com/s/files/1/0566/6779/9603/products/acm-cicastim-cream-face-body-20ml-9197422.webp?v=1762439232,https://cdn.shopify.com/s/files/1/0566/6779/9603/products/acm-cicastim-cream-face-body-20ml-9197422.webp?v=1762439232,skin-care
549.0,EGP,Uriage,Home > العناية بالبشرة > كريم ايه سي ام سيكاستم للوجه والجسم 20 مل > Back to العناية بالبشرة > يورياج باريسون Spf50+ زيت جاف 200 مل,sold out,https://aldawaaegy.com/ar/collections/skin-care/products/uriage-gyn-phy-refreshing-gel-200ml,https://cdn.shopify.com/s/files/1/0566/6779/9603/products/uriage-gyn-phy-refreshing-gel-200ml-1120829.webp?v=1762439352,https://cdn.shopify.com/s/files/1/0566/6779/9603/products/uriage-gyn-phy-refreshing-gel-200ml-1120829.webp?v=1762439352,skin-care
1569.0,EGP,Uriage,Home > العناية بالبشرة > جل منعش يورياج جين فاي 200 مل > Back to العناية بالبشرة > ديرماتيك ماكويلاج رملي متوسط ​​30 مل,sold out,https://aldawaaegy.com/ar/collections/skin-care/products/uriage-bariesun-spf50-dry-oil-200ml,https://cdn.shopify.com/s/files/1/0566/6779/9603/products/uriage-bariesun-spf50-dry-oil-200ml-6915315.png?v=1762439958,https://cdn.shopify.com/s/files/1/0566/6779/9603/products/uriage-bariesun-spf50-dry-oil-200ml-6915315.png?v=1762439958,skin-care
560.0,EGP,Dermatique,Home > العناية بالبشرة > يورياج باريسون Spf50+ زيت جاف 200 مل > Back to العناية بالبشرة > ديرماتيك ماكويلاج محايد متوسط ​​8 مل,in stock,https://aldawaaegy.com/ar/collections/skin-care/products/dermatique-maquillage-medium-sand-30ml,https://cdn.shopify.com/s/files/1/0566/6779/9603/products/dermatique-maquillage-medium-sand-30ml-7091094.jpg?v=1762440752,https://cdn.shopify.com/s/files/1/0566/6779/9603/products/dermatique-maquillage-medium-sand-30ml-7091094.jpg?v=1762440752,skin-care
500.0,EGP,Dermatique,Home > العناية بالبشرة > ديرماتيك ماكويلاج رملي متوسط ​​30 مل > Back to العناية بالبشرة > ديرماتيك مرطب يومي Uiltra Rich 150 مل,sold out,https://aldawaaegy.com/ar/collections/skin-care/products/dermatique-maquillage-neutral-medium-8ml,https://cdn.shopify.com/s/files/1/0566/6779/9603/products/dermatique-maquillage-neutral-medium-8ml-1396304.jpg?v=1762441294,https://cdn.shopify.com/s/files/1/0566/6779/9603/products/dermatique-maquillage-neutral-medium-8ml-1396304.jpg?v=1762441294,skin-care
360.0,EGP,Dermatique,Home > العناية بالبشرة > ديرماتيك ماكويلاج محايد متوسط ​​8 مل > Back to العناية بالبشرة > ديرماتيك سيروم التوهج المتطور 30 ​​مل,in stock,https://aldawaaegy.com/ar/collections/skin-care/products/dermatique-daily-moisture-uiltra-rich-150ml,https://cdn.shopify.com/s/files/1/0566/6779/9603/products/dermatique-daily-moisture-uiltra-rich-150ml-5880323.png?v=1762438998,https://cdn.shopify.com/s/files/1/0566/6779/9603/products/dermatique-daily-moisture-uiltra-rich-150ml-5880323.png?v=1762438998,skin-care
520.0,EGP,Dermatique,Home > العناية بالبشرة > ديرماتيك مرطب يومي Uiltra Rich 150 مل > Back to العناية بالبشرة > بوباي بخاخ المياه الحرارية 120 مل,sold out,https://aldawaaegy.com/ar/collections/skin-care/products/dermatique-advanced-glow-serum-30ml,https://cdn.shopify.com/s/files/1/0566/6779/9603/products/dermatique-advanced-glow-serum-30ml-5198090.jpg?v=1762439352,https://cdn.shopify.com/s/files/1/0566/6779/9603/products/dermatique-advanced-glow-serum-30ml-5198090.jpg?v=1762439352,skin-care
250.0,EGP,Bobai,Home > العناية بالبشرة > ديرماتيك سيروم التوهج المتطور 30 ​​مل > Back to العناية بالبشرة > ديرماتيك ماكويلاج ضوء دافئ 8 مل,in stock,https://aldawaaegy.com/ar/collections/skin-care/products/bobai-thermal-water-spray-120ml,https://cdn.shopify.com/s/files/1/0566/6779/9603/products/bobai-thermal-water-spray-120ml-1424131.jpg?v=1762438983,https://cdn.shopify.com/s/files/1/0566/6779/9603/products/bobai-thermal-water-spray-120ml-1424131.jpg?v=1762438983,skin-care
520.0,EGP,Dermatique,Home > العناية بالبشرة > بوباي بخاخ المياه الحرارية 120 مل > Back to العناية بالبشرة > كريم العين إنفينيتي ريتينول 30 جم,in stock,https://aldawaaegy.com/ar/collections/skin-care/products/dermatique-maquillage-warm-light-8ml,https://cdn.shopify.com/s/files/1/0566/6779/9603/products/dermatique-maquillage-warm-light-8ml-6009218.jpg?v=1762440914,https://cdn.shopify.com/s/files/1/0566/6779/9603/products/dermatique-maquillage-warm-light-8ml-6009218.jpg?v=1762440914,skin-care
410.0,EGP,Infinity,Home > العناية بالبشرة > ديرماتيك ماكويلاج ضوء دافئ 8 مل > Back to العناية بالبشرة > كريم إنفينيتي ريتينول B3 50 جم,in stock,https://aldawaaegy.com/ar/collections/skin-care/products/infinity-retinol-eye-cream-30gm,https://cdn.shopify.com/s/files/1/0566/6779/9603/products/infinity-retinol-eye-cream-30gm-6822906.webp?v=1762439625,https://cdn.shopify.com/s/files/1/0566/6779/9603/products/infinity-retinol-eye-cream-30gm-6822906.webp?v=1762439625,skin-care
350.0,EGP,Infinity,Home > العناية بالبشرة > كريم العين إنفينيتي ريتينول 30 جم > Back to العناية بالبشرة > BOBAI HYDRO GEL+STAR WHITENING NIGHT GEL,in stock,https://aldawaaegy.com/ar/collections/skin-care/products/infinity-retinol-cream-b3-50gm,https://cdn.shopify.com/s/files/1/0566/6779/9603/products/infinity-retinol-cream-b3-50gm-5643579.jpg?v=1762441456,https://cdn.shopify.com/s/files/1/0566/6779/9603/products/infinity-retinol-cream-b3-50gm-5643579.jpg?v=1762441456,skin-care
270.0,EGP,Bobai,Home > العناية بالبشرة > كريم إنفينيتي ريتينول B3 50 جم > Back to العناية بالبشرة > لوشن واقي من الشمس للعطلات 120 مل,sold out,https://aldawaaegy.com/ar/collections/skin-care/products/bobai-hydro-gel-star-whitening-night-gel,https://cdn.shopify.com/s/files/1/0566/6779/9603/products/bobai-hydro-gelstar-whitening-night-gel-8843170.webp?v=1762439618,https://cdn.shopify.com/s/files/1/0566/6779/9603/products/bobai-hydro-gelstar-whitening-night-gel-8843170.webp?v=1762439618,skin-care
450.0,EGP,Vacation,Home > العناية بالبشرة > BOBAI HYDRO GEL+STAR WHITENING NIGHT GEL > Back to العناية بالبشرة > جل كريم فويلا للوقاية من الشمس 50 مل,in stock,https://aldawaaegy.com/ar/collections/skin-care/products/vacation-sun-screen-lotion-120ml,https://cdn.shopify.com/s/files/1/0566/6779/9603/files/vacation-sun-screen-lotion-120ml-2339367.jpg?v=1762440943,https://cdn.shopify.com/s/files/1/0566/6779/9603/files/vacation-sun-screen-lotion-120ml-2339367.jpg?v=1762440943,skin-care
240.0,EGP,Voila,Home > العناية بالبشرة > لوشن واقي من الشمس للعطلات 120 مل > Back to العناية بالبشرة > ديرمينوم كريم العناية بالرموش 11 مل,in stock,https://aldawaaegy.com/ar/collections/skin-care/products/voila-sun-block-cream-gel-50ml,https://cdn.shopify.com/s/files/1/0566/6779/9603/products/voila-sun-block-cream-gel-50ml-8257903.png?v=1762439236,https://cdn.shopify.com/s/files/1/0566/6779/9603/products/voila-sun-block-cream-gel-50ml-8257903.png?v=1762439236,skin-care
550.0,EGP,Dermenum,Home > العناية بالبشرة > جل كريم فويلا للوقاية من الشمس 50 مل > Back to العناية بالبشرة > يورياج أوو ثيرمال بخاخ ماء 150 مل,sold out,https://aldawaaegy.com/ar/collections/skin-care/products/dermenum-lash-care-cond-11ml,https://cdn.shopify.com/s/files/1/0566/6779/9603/products/dermenum-lash-care-cond-11ml-7001267.jpg?v=1762439467,https://cdn.shopify.com/s/files/1/0566/6779/9603/products/dermenum-lash-care-cond-11ml-7001267.jpg?v=1762439467,skin-care
579.0,EGP,Uriage,Home > العناية بالبشرة > ديرمينوم كريم العناية بالرموش 11 مل > Back to العناية بالبشرة > يورياج باريسون لوشن حريري بعامل حماية من الشمس 50 100 مل,sold out,https://aldawaaegy.com/ar/collections/skin-care/products/uriage-eau-thermale-water-spray-150ml,https://cdn.shopify.com/s/files/1/0566/6779/9603/products/uriage-eau-thermale-water-spray-150ml-2360939.jpg?v=1762439456,https://cdn.shopify.com/s/files/1/0566/6779/9603/products/uriage-eau-thermale-water-spray-150ml-2360939.jpg?v=1762439456,skin-care
1345.0,EGP,Uriage,Home > العناية بالبشرة > يورياج أوو ثيرمال بخاخ ماء 150 مل > Back to العناية بالبشرة > بوباي بخاخ رياضي واقي من الشمس,sold out,https://aldawaaegy.com/ar/collections/skin-care/products/uriage-bariesun-silky-lotion-spf50-100ml,https://cdn.shopify.com/s/files/1/0566/6779/9603/products/uriage-bariesun-silky-lotion-spf50-100ml-8715240.jpg?v=1762440108,https://cdn.shopify.com/s/files/1/0566/6779/9603/products/uriage-bariesun-silky-lotion-spf50-100ml-8715240.jpg?v=1762440108,skin-care
385.0,EGP,Bobai,Home > العناية بالبشرة > يورياج باريسون لوشن حريري بعامل حماية من الشمس 50 100 مل > Back to العناية بالبشرة > بيزلين كوليبس للعناية بالشفاه,in stock,https://aldawaaegy.com/ar/collections/skin-care/products/bobai-sunscreen-sport-spray,https://cdn.shopify.com/s/files/1/0566/6779/9603/products/bobai-sunscreen-sport-spray-5164602.jpg?v=1762439468,https://cdn.shopify.com/s/files/1/0566/6779/9603/products/bobai-sunscreen-sport-spray-5164602.jpg?v=1762439468,skin-care
175.0,EGP,Beesline,Home > العناية بالبشرة > بوباي بخاخ رياضي واقي من الشمس > Back to العناية بالبشرة > إيزيس روبوريل أكواروبوريل ميسيلير 250 مل,in stock,https://aldawaaegy.com/ar/collections/skin-care/products/beesline-lip-care-coolips,https://cdn.shopify.com/s/files/1/0566/6779/9603/products/beesline-lip-care-coolips-7827142.jpg?v=1762439231,https://cdn.shopify.com/s/files/1/0566/6779/9603/products/beesline-lip-care-coolips-7827142.jpg?v=1762439231,skin-care
599.0,EGP,ISISPHARMA,Home > العناية بالبشرة > بيزلين كوليبس للعناية بالشفاه > Back to العناية بالبشرة > يورياج كيدز باري صن عامل حماية من الشمس 50 + حليب 100 مل,in stock,https://aldawaaegy.com/ar/collections/skin-care/products/isis-aquapuboril-micellaire-250ml,https://cdn.shopify.com/s/files/1/0566/6779/9603/files/isis-aquapuboril-micellaire-250ml-5702365.jpg?v=1762438874,https://cdn.shopify.com/s/files/1/0566/6779/9603/files/isis-aquapuboril-micellaire-250ml-5702365.jpg?v=1762438874,skin-care
1345.0,EGP,Uriage,Home > العناية بالبشرة > إيزيس روبوريل أكواروبوريل ميسيلير 250 مل > Back to العناية بالبشرة > إيزيس تين ديرم أكوا ميسيلير 250 مل,sold out,https://aldawaaegy.com/ar/collections/skin-care/products/uriage-kids-bariesun-spf50-milk100ml,https://cdn.shopify.com/s/files/1/0566/6779/9603/products/uriage-kids-bariesun-spf50milk100ml-9348565.jpg?v=1762439026,https://cdn.shopify.com/s/files/1/0566/6779/9603/products/uriage-kids-bariesun-spf50milk100ml-9348565.jpg?v=1762439026,skin-care
525.0,EGP,ISISPHARMA,Home > العناية بالبشرة > يورياج كيدز باري صن عامل حماية من الشمس 50 + حليب 100 مل > Back to العناية بالبشرة > لوشن الحماية من أشعة الشمس UVEBLOCK SPF50+ من ISIS سعة 100 مل,in stock,https://aldawaaegy.com/ar/collections/skin-care/products/isis-teen-derm-aqua-micellaire-250ml,https://cdn.shopify.com/s/files/1/0566/6779/9603/files/isis-teen-derm-aqua-micellaire-250ml-1181467.jpg?v=1762439435,https://cdn.shopify.com/s/files/1/0566/6779/9603/files/isis-teen-derm-aqua-micellaire-250ml-1181467.jpg?v=1762439435,skin-care
1250.0,EGP,ISISPHARMA,Home > العناية بالبشرة > إيزيس تين ديرم أكوا ميسيلير 250 مل > Back to العناية بالبشرة > ماتريسكين سيروم الهيالورونيك 30 مل,in stock,https://aldawaaegy.com/ar/collections/skin-care/products/isis-uveblock-50-sensitive-lotion-100ml,https://cdn.shopify.com/s/files/1/0566/6779/9603/files/isis-uveblock-50-sensitive-lotion-100ml-3022657.jpg?v=1762438881,https://cdn.shopify.com/s/files/1/0566/6779/9603/files/isis-uveblock-50-sensitive-lotion-100ml-3022657.jpg?v=1762438881,skin-care
799.0,EGP,Matriskin,Home > العناية بالبشرة > لوشن الحماية من أشعة الشمس UVEBLOCK SPF50+ من ISIS سعة 100 مل > Back to العناية بالبشرة > ماتريسكين سيروم محيط العين 15 مل,in stock,https://aldawaaegy.com/ar/collections/skin-care/products/matriskin-hyaluronic-serum-30ml,https://cdn.shopify.com/s/files/1/0566/6779/9603/products/matriskin-hyaluronic-serum-30ml-8847282.webp?v=1762439171,https://cdn.shopify.com/s/files/1/0566/6779/9603/products/matriskin-hyaluronic-serum-30ml-8847282.webp?v=1762439171,skin-care
599.0,EGP,Matriskin,Home > العناية بالبشرة > ماتريسكين سيروم الهيالورونيك 30 مل > Back to العناية بالبشرة > ماتريسكين Cr/7 كريم 75 مل,in stock,https://aldawaaegy.com/ar/collections/skin-care/products/matriskin-eye-perimeter-serum-15ml,https://cdn.shopify.com/s/files/1/0566/6779/9603/products/matriskin-eye-perimeter-serum-15ml-7488028.jpg?v=1762439359,https://cdn.shopify.com/s/files/1/0566/6779/9603/products/matriskin-eye-perimeter-serum-15ml-7488028.jpg?v=1762439359,skin-care
699.0,EGP,Matriskin,Home > العناية بالبشرة > ماتريسكين سيروم محيط العين 15 مل > Back to العناية بالبشرة > ماتريسكين سيروم الكولاجين 30 مل,in stock,https://aldawaaegy.com/ar/collections/skin-care/products/matriskin-cr-7cream-75ml,https://cdn.shopify.com/s/files/1/0566/6779/9603/products/matriskin-cr7cream-75ml-4915031.webp?v=1762438878,https://cdn.shopify.com/s/files/1/0566/6779/9603/products/matriskin-cr7cream-75ml-4915031.webp?v=1762438878,skin-care
999.0,EGP,Matriskin,Home > العناية بالبشرة > ماتريسكين Cr/7 كريم 75 مل > Back to العناية بالبشرة > كريم البشرة الحساسة بيوديرما فوتوديرم ماكس بعامل حماية من الشمس 50، 40 مل,in stock,https://aldawaaegy.com/ar/collections/skin-care/products/matriskin-collagen-serum-30ml,https://cdn.shopify.com/s/files/1/0566/6779/9603/products/matriskin-collagen-serum-30ml-4780688.jpg?v=1762439129,https://cdn.shopify.com/s/files/1/0566/6779/9603/products/matriskin-collagen-serum-30ml-4780688.jpg?v=1762439129,skin-care
1399.0,EGP,Bioderma,Home > العناية بالبشرة > ماتريسكين سيروم الكولاجين 30 مل > Back to العناية بالبشرة > يورياج أو ثيرمال جلو أب واتر 100 مل,sold out,https://aldawaaegy.com/ar/collections/skin-care/products/bioderma-photoderm-max-spf50-sensitive-skin-cream-40ml,https://cdn.shopify.com/s/files/1/0566/6779/9603/products/bioderma-photoderm-max-spf50-sensitive-skin-cream-40ml-9883030.png?v=1762440676,https://cdn.shopify.com/s/files/1/0566/6779/9603/products/bioderma-photoderm-max-spf50-sensitive-skin-cream-40ml-9883030.png?v=1762440676,skin-care
999.0,EGP,Uriage,Home > العناية بالبشرة > كريم البشرة الحساسة بيوديرما فوتوديرم ماكس بعامل حماية من الشمس 50، 40 مل > Back to العناية بالبشرة > كريم نوكس ريف دي ميل لليدين والأظافر 50 مل,sold out,https://aldawaaegy.com/ar/collections/skin-care/products/uriage-eau-thermale-glow-up-water-100ml,https://cdn.shopify.com/s/files/1/0566/6779/9603/products/uriage-eau-thermale-glow-up-water-100ml-6019495.png?v=1762438643,https://cdn.shopify.com/s/files/1/0566/6779/9603/products/uriage-eau-thermale-glow-up-water-100ml-6019495.png?v=1762438643,skin-care
108.0,EGP,Nuxe,Home > العناية بالبشرة > يورياج أو ثيرمال جلو أب واتر 100 مل > Back to العناية بالبشرة > بيوديرما فوتوديرم سبوت إيج بعامل حماية 50 40 مل,in stock,https://aldawaaegy.com/ar/collections/skin-care/products/nuxe-reve-de-miel-hand-and-nail-cream-50ml,https://cdn.shopify.com/s/files/1/0566/6779/9603/products/nuxe-reve-de-miel-hand-and-nail-cream-50ml-8153833.jpg?v=1762439349,https://cdn.shopify.com/s/files/1/0566/6779/9603/products/nuxe-reve-de-miel-hand-and-nail-cream-50ml-8153833.jpg?v=1762439349,skin-care
1449.0,EGP,Bioderma,Home > العناية بالبشرة > كريم نوكس ريف دي ميل لليدين والأظافر 50 مل > Back to العناية بالبشرة > يوسيرين ديرمو منقي ومجدد للبشرة 40 مل,sold out,https://aldawaaegy.com/ar/collections/skin-care/products/bioderma-photoderm-spot-age-spf50-40ml,https://cdn.shopify.com/s/files/1/0566/6779/9603/products/bioderma-photoderm-spot-age-spf50-40ml-8112371.webp?v=1762439162,https://cdn.shopify.com/s/files/1/0566/6779/9603/products/bioderma-photoderm-spot-age-spf50-40ml-8112371.webp?v=1762439162,skin-care
775.0,EGP,Eucerin,Home > العناية بالبشرة > بيوديرما فوتوديرم سبوت إيج بعامل حماية 50 40 مل > Back to العناية بالبشرة > قلم بيونيك أكتين السريع 10 مل,sold out,https://aldawaaegy.com/ar/collections/skin-care/products/eucerin-dermo-purifyer-skin-renewal-40ml,https://cdn.shopify.com/s/files/1/0566/6779/9603/products/eucerin-dermo-purifyer-skin-renewal-40ml-4277018.jpg?v=1762438780,https://cdn.shopify.com/s/files/1/0566/6779/9603/products/eucerin-dermo-purifyer-skin-renewal-40ml-4277018.jpg?v=1762438780,skin-care
350.0,EGP,Bionike,Home > العناية بالبشرة > يوسيرين ديرمو منقي ومجدد للبشرة 40 مل > Back to العناية بالبشرة > كريم بيوديرما اتوديرم لليدين الترا 50 مل,sold out,https://aldawaaegy.com/ar/collections/skin-care/products/bionike-acteen-quick-pen-10ml,https://cdn.shopify.com/s/files/1/0566/6779/9603/products/bionike-acteen-quick-pen-10ml-7017944.jpg?v=1762439123,https://cdn.shopify.com/s/files/1/0566/6779/9603/products/bionike-acteen-quick-pen-10ml-7017944.jpg?v=1762439123,skin-care
459.0,EGP,Bioderma,Home > العناية بالبشرة > قلم بيونيك أكتين السريع 10 مل > Back to العناية بالبشرة > يورياج مكياج عيون مقاوم للماء 100 مل,sold out,https://aldawaaegy.com/ar/collections/skin-care/products/bioderma-atoderm-hand-ultra-cream-50ml,https://cdn.shopify.com/s/files/1/0566/6779/9603/products/bioderma-atoderm-hand-ultra-cream-50ml-4366056.webp?v=1762440755,https://cdn.shopify.com/s/files/1/0566/6779/9603/products/bioderma-atoderm-hand-ultra-cream-50ml-4366056.webp?v=1762440755,skin-care
789.0,EGP,Uriage,Home > العناية بالبشرة > كريم بيوديرما اتوديرم لليدين الترا 50 مل > Back to العناية بالبشرة > بيوديرما سينسيبيو H2O ميسيلير 100 مل,in stock,https://aldawaaegy.com/ar/collections/skin-care/products/uriage-water-proof-eye-make-up-100ml,https://cdn.shopify.com/s/files/1/0566/6779/9603/products/uriage-water-proof-eye-make-up-100ml-3583376.jpg?v=1762439640,https://cdn.shopify.com/s/files/1/0566/6779/9603/products/uriage-water-proof-eye-make-up-100ml-3583376.jpg?v=1762439640,skin-care
349.0,EGP,Bioderma,Home > العناية بالبشرة > يورياج مكياج عيون مقاوم للماء 100 مل > Back to العناية بالبشرة > سيروم تجديد البشرة نهارًا وليلًا 30 مل,sold out,https://aldawaaegy.com/ar/collections/skin-care/products/bioderma-sensibio-h2o-micellair-100-ml,https://cdn.shopify.com/s/files/1/0566/6779/9603/products/bioderma-sensibio-h2o-micellair-100-ml-4421727.webp?v=1762439958,https://cdn.shopify.com/s/files/1/0566/6779/9603/products/bioderma-sensibio-h2o-micellair-100-ml-4421727.webp?v=1762439958,skin-care
390.0,EGP,Appe,Home > العناية بالبشرة > بيوديرما سينسيبيو H2O ميسيلير 100 مل > Back to العناية بالبشرة > SVR Sun Secure Blur SPF 50 مل,sold out,https://aldawaaegy.com/ar/collections/skin-care/products/appe-renewal-serum-day-night-30ml,https://cdn.shopify.com/s/files/1/0566/6779/9603/files/appe-renewal-serum-daynight-30ml-2504890.jpg?v=1762440077,https://cdn.shopify.com/s/files/1/0566/6779/9603/files/appe-renewal-serum-daynight-30ml-2504890.jpg?v=1762440077,skin-care
60.0,EGP,SVR,Home > العناية بالبشرة > سيروم تجديد البشرة نهارًا وليلًا 30 مل > Back to العناية بالبشرة > كريم لوريال ريفيتاليفت للعيون 15 مل,sold out,https://aldawaaegy.com/ar/collections/skin-care/products/svr-sun-secure-blur-spf-50-ml,https://cdn.shopify.com/s/files/1/0566/6779/9603/files/svr-sun-secure-blur-spf-50-ml-2831610.jpg?v=1762438620,https://cdn.shopify.com/s/files/1/0566/6779/9603/files/svr-sun-secure-blur-spf-50-ml-2831610.jpg?v=1762438620,skin-care
295.0,EGP,Loreal,Home > العناية بالبشرة > SVR Sun Secure Blur SPF 50 مل > Back to العناية بالبشرة > كريم لوريال جليكوليك برايت الليلي 50 مل,sold out,https://aldawaaegy.com/ar/collections/skin-care/products/loreal-revitalift-eyes-cream-15-ml,https://cdn.shopify.com/s/files/1/0566/6779/9603/products/loreal-revitalift-eyes-cream-15-ml-5483022.jpg?v=1762439359,https://cdn.shopify.com/s/files/1/0566/6779/9603/products/loreal-revitalift-eyes-cream-15-ml-5483022.jpg?v=1762439359,skin-care
607.0,EGP,Loreal,Home > العناية بالبشرة > كريم لوريال ريفيتاليفت للعيون 15 مل > Back to العناية بالبشرة > لوريال سيروم الجليكوليك للبقع الداكنة 15 مل,in stock,https://aldawaaegy.com/ar/collections/skin-care/products/loreal-glycolic-bright-cream-night-50ml,https://cdn.shopify.com/s/files/1/0566/6779/9603/products/loreal-glycolic-bright-cream-night-50ml-3886198.webp?v=1762440374,https://cdn.shopify.com/s/files/1/0566/6779/9603/products/loreal-glycolic-bright-cream-night-50ml-3886198.webp?v=1762440374,skin-care
493.0,EGP,Loreal,Home > العناية بالبشرة > كريم لوريال جليكوليك برايت الليلي 50 مل > Back to العناية بالبشرة > لوريال +ها سيروم 1.5% 30 مل,in stock,https://aldawaaegy.com/ar/collections/skin-care/products/loreal-glycolic-dark-spots-serum-15ml,https://cdn.shopify.com/s/files/1/0566/6779/9603/products/loreal-glycolic-dark-spots-serum-15ml-6170788.jpg?v=1762438663,https://cdn.shopify.com/s/files/1/0566/6779/9603/products/loreal-glycolic-dark-spots-serum-15ml-6170788.jpg?v=1762438663,skin-care
640.0,EGP,Loreal,Home > العناية بالبشرة > لوريال سيروم الجليكوليك للبقع الداكنة 15 مل > Back to العناية بالبشرة > سيروم لوريال هيالورون اكسبرت 15 مل,in stock,https://aldawaaegy.com/ar/collections/skin-care/products/loreal-ha-serum1-5-30ml,https://cdn.shopify.com/s/files/1/0566/6779/9603/files/loreal-ha-serum15-30ml-9534799.webp?v=1762440973,https://cdn.shopify.com/s/files/1/0566/6779/9603/files/loreal-ha-serum15-30ml-9534799.webp?v=1762440973,skin-care
443.0,EGP,Loreal,Home > العناية بالبشرة > لوريال +ها سيروم 1.5% 30 مل > Back to العناية بالبشرة > لوريال جليكوليك برايت سيروم 30 مل,in stock,https://aldawaaegy.com/ar/collections/skin-care/products/loreal-hyaluron-expert-serum-15ml,https://cdn.shopify.com/s/files/1/0566/6779/9603/products/loreal-hyaluron-expert-serum-15ml-5762975.jpg?v=1762438768,https://cdn.shopify.com/s/files/1/0566/6779/9603/products/loreal-hyaluron-expert-serum-15ml-5762975.jpg?v=1762438768,skin-care
705.0,EGP,Loreal,Home > العناية بالبشرة > سيروم لوريال هيالورون اكسبرت 15 مل > Back to العناية بالبشرة > غسول جل منقي ومنظف بالطين النقي من لوريال، 150 مل,in stock,https://aldawaaegy.com/ar/collections/skin-care/products/loreal-glycolic-bright-serum-30ml,https://cdn.shopify.com/s/files/1/0566/6779/9603/products/loreal-glycolic-bright-serum-30ml-2792196.jpg?v=1762441449,https://cdn.shopify.com/s/files/1/0566/6779/9603/products/loreal-glycolic-bright-serum-30ml-2792196.jpg?v=1762441449,skin-care
365.0,EGP,Loreal,Home > العناية بالبشرة > لوريال جليكوليك برايت سيروم 30 مل > Back to العناية بالبشرة > قناع لوريال ليس غير محدود 250 مل,sold out,https://aldawaaegy.com/ar/collections/skin-care/products/loreal-pure-clay-cleans-purifying-gel-wash-150ml,https://cdn.shopify.com/s/files/1/0566/6779/9603/products/loreal-pure-clay-cleans-purifying-gel-wash-150ml-2818773.webp?v=1762438495,https://cdn.shopify.com/s/files/1/0566/6779/9603/products/loreal-pure-clay-cleans-purifying-gel-wash-150ml-2818773.webp?v=1762438495,skin-care
1396.0,EGP,Loreal,Home > العناية بالبشرة > غسول جل منقي ومنظف بالطين النقي من لوريال، 150 مل > Back to العناية بالبشرة > سيروم لوريال جليكوليك للهالات السوداء حول العين 20 مل,in stock,https://aldawaaegy.com/ar/collections/skin-care/products/loreal-liss-unlimited-mask-250ml,https://cdn.shopify.com/s/files/1/0566/6779/9603/products/loreal-liss-unlimited-mask-250ml-2912691.jpg?v=1762441456,https://cdn.shopify.com/s/files/1/0566/6779/9603/products/loreal-liss-unlimited-mask-250ml-2912691.jpg?v=1762441456,skin-care
547.0,EGP,Loreal,Home > العناية بالبشرة > قناع لوريال ليس غير محدود 250 مل > Back to العناية بالبشرة > كريم لوريال جليكوليك برايت داي 50 مل,in stock,https://aldawaaegy.com/ar/collections/skin-care/products/loreal-glycolic-dark-circles-eye-serum-20ml,https://cdn.shopify.com/s/files/1/0566/6779/9603/products/loreal-glycolic-dark-circles-eye-serum-20ml-8927573.webp?v=1762439020,https://cdn.shopify.com/s/files/1/0566/6779/9603/products/loreal-glycolic-dark-circles-eye-serum-20ml-8927573.webp?v=1762439020,skin-care
603.0,EGP,Loreal,Home > العناية بالبشرة > سيروم لوريال جليكوليك للهالات السوداء حول العين 20 مل > Back to العناية بالبشرة > لوريال بيور كلاي ينظف ديتوكسلفلز كلارفلز 150 مل,in stock,https://aldawaaegy.com/ar/collections/skin-care/products/loreal-glycolic-bright-cream-day-50ml,https://cdn.shopify.com/s/files/1/0566/6779/9603/products/loreal-glycolic-bright-cream-day-50ml-5990106.webp?v=1762438774,https://cdn.shopify.com/s/files/1/0566/6779/9603/products/loreal-glycolic-bright-cream-day-50ml-5990106.webp?v=1762438774,skin-care
185.0,EGP,Loreal,Home > العناية بالبشرة > كريم لوريال جليكوليك برايت داي 50 مل > Back to العناية بالبشرة > كريم جل لوريال هيالورون للتحكم في لمعان البشرة 50 مل,sold out,https://aldawaaegy.com/ar/collections/skin-care/products/loreal-pure-clay-cleans-detoxlfles-clarlfles-150ml,https://cdn.shopify.com/s/files/1/0566/6779/9603/products/loreal-pure-clay-cleans-detoxlfles-clarlfles-150ml-3860512.jpg?v=1762438977,https://cdn.shopify.com/s/files/1/0566/6779/9603/products/loreal-pure-clay-cleans-detoxlfles-clarlfles-150ml-3860512.jpg?v=1762438977,skin-care
533.0,EGP,Loreal,Home > العناية بالبشرة > لوريال بيور كلاي ينظف ديتوكسلفلز كلارفلز 150 مل > Back to العناية بالبشرة > لوريال هيالورون إكسبرت داي عامل حماية من الشمس SPF 20 50 مل,sold out,https://aldawaaegy.com/ar/collections/skin-care/products/loreal-hyaluron-shine-control-gel-cream-50ml,https://cdn.shopify.com/s/files/1/0566/6779/9603/products/loreal-hyaluron-shine-control-gel-cream-50ml-6113136.jpg?v=1762439727,https://cdn.shopify.com/s/files/1/0566/6779/9603/products/loreal-hyaluron-shine-control-gel-cream-50ml-6113136.jpg?v=1762439727,skin-care
534.0,EGP,Loreal,Home > العناية بالبشرة > كريم جل لوريال هيالورون للتحكم في لمعان البشرة 50 مل > Back to العناية بالبشرة > لوريال (ها) جل غسول 200 مل,in stock,https://aldawaaegy.com/ar/collections/skin-care/products/loreal-hyaluron-expert-day-spf-20-50ml,https://cdn.shopify.com/s/files/1/0566/6779/9603/products/loreal-hyaluron-expert-day-spf-20-50ml-1859563.webp?v=1762438855,https://cdn.shopify.com/s/files/1/0566/6779/9603/products/loreal-hyaluron-expert-day-spf-20-50ml-1859563.webp?v=1762438855,skin-care
347.0,EGP,Loreal,Home > العناية بالبشرة > لوريال هيالورون إكسبرت داي عامل حماية من الشمس SPF 20 50 مل > Back to العناية بالبشرة > سيروم لوريال هيالورون كافيين للعين 20 مل,in stock,https://aldawaaegy.com/ar/collections/skin-care/products/loreal-ha-gel-wash-200ml,https://cdn.shopify.com/s/files/1/0566/6779/9603/products/loreal-ha-gel-wash-200ml-2947579.webp?v=1762438416,https://cdn.shopify.com/s/files/1/0566/6779/9603/products/loreal-ha-gel-wash-200ml-2947579.webp?v=1762438416,skin-care
800.0,EGP,Loreal,Home > العناية بالبشرة > لوريال (ها) جل غسول 200 مل > Back to العناية بالبشرة > لوريال جليكوليك برايت منظف 100 مل,in stock,https://aldawaaegy.com/ar/collections/skin-care/products/loreal-hyaluron-caffeine-eye-serum-20ml,https://cdn.shopify.com/s/files/1/0566/6779/9603/products/loreal-hyaluron-caffeine-eye-serum-20ml-1750814.webp?v=1762440368,https://cdn.shopify.com/s/files/1/0566/6779/9603/products/loreal-hyaluron-caffeine-eye-serum-20ml-1750814.webp?v=1762440368,skin-care
162.0,EGP,Loreal,Home > العناية بالبشرة > سيروم لوريال هيالورون كافيين للعين 20 مل > Back to العناية بالبشرة > لوريال الطين النقي ينظف ويقشر ويفتح البشرة 150 مل,in stock,https://aldawaaegy.com/ar/collections/skin-care/products/loreal-glycolic-bright-cleanser-100ml,https://cdn.shopify.com/s/files/1/0566/6779/9603/products/loreal-glycolic-bright-cleanser-100ml-5413432.webp?v=1762438374,https://cdn.shopify.com/s/files/1/0566/6779/9603/products/loreal-glycolic-bright-cleanser-100ml-5413432.webp?v=1762438374,skin-care
185.0,EGP,Loreal,Home > العناية بالبشرة > لوريال جليكوليك برايت منظف 100 مل > Back to العناية بالبشرة > سيروم لوريال هيالورون (+ها) 50 مل,sold out,https://aldawaaegy.com/ar/collections/skin-care/products/loreal-pure-clay-cleans-exfoliates-brightens-150ml,https://cdn.shopify.com/s/files/1/0566/6779/9603/products/loreal-pure-clay-cleans-exfoliates-brightens-150ml-5943931.jpg?v=1762438417,https://cdn.shopify.com/s/files/1/0566/6779/9603/products/loreal-pure-clay-cleans-exfoliates-brightens-150ml-5943931.jpg?v=1762438417,skin-care
415.0,EGP,Loreal,Home > العناية بالبشرة > لوريال الطين النقي ينظف ويقشر ويفتح البشرة 150 مل > Back to العناية بالبشرة > جل التنظيف لوريال هيالورون للتحكم في الزيت 200 مل,sold out,https://aldawaaegy.com/ar/collections/skin-care/products/loreal-hyaluron-serum-ha50ml,https://cdn.shopify.com/s/files/1/0566/6779/9603/products/loreal-hyaluron-serum-ha50ml-6406984.webp?v=1762439579,https://cdn.shopify.com/s/files/1/0566/6779/9603/products/loreal-hyaluron-serum-ha50ml-6406984.webp?v=1762439579,skin-care
347.0,EGP,Loreal,Home > العناية بالبشرة > سيروم لوريال هيالورون (+ها) 50 مل > Back to العناية بالبشرة > قناع لوريال هيالورون تيسو,in stock,https://aldawaaegy.com/ar/collections/skin-care/products/loreal-hyaluron-oil-control-cleansing-gel-200ml,https://cdn.shopify.com/s/files/1/0566/6779/9603/products/loreal-hyaluron-oil-control-cleansing-gel-200ml-5760979.webp?v=1762439232,https://cdn.shopify.com/s/files/1/0566/6779/9603/products/loreal-hyaluron-oil-control-cleansing-gel-200ml-5760979.webp?v=1762439232,skin-care
100.0,EGP,Loreal,Home > العناية بالبشرة > جل التنظيف لوريال هيالورون للتحكم في الزيت 200 مل > Back to العناية بالبشرة > لوريال هيالوروم سيروم 150 مل,sold out,https://aldawaaegy.com/ar/collections/skin-care/products/loreal-hyaluron-tissu-mask,https://cdn.shopify.com/s/files/1/0566/6779/9603/products/loreal-hyaluron-tissu-mask-7546789.jpg?v=1762439239,https://cdn.shopify.com/s/files/1/0566/6779/9603/products/loreal-hyaluron-tissu-mask-7546789.jpg?v=1762439239,skin-care
506.0,EGP,Loreal,Home > العناية بالبشرة > قناع لوريال هيالورون تيسو > Back to العناية بالبشرة,in stock,https://aldawaaegy.com/ar/collections/skin-care/products/loreal-hyalurom-serum-150ml,https://cdn.shopify.com/s/files/1/0566/6779/9603/products/loreal-hyalurom-serum-150ml-6984847.jpg?v=1762439171,https://cdn.shopify.com/s/files/1/0566/6779/9603/products/loreal-hyalurom-serum-150ml-6984847.jpg?v=1762439171,skin-care
